Date,Open,High,Low,Close,Volume
2016-07-18,3.009999990463257,3.0399999618530273,3.009999990463257,3.0399999618530273,4000
2016-07-19,3.009999990463257,3.109999895095825,3.009999990463257,3.109999895095825,22600
2016-07-20,3.0799999237060547,3.130000114440918,3.0799999237060547,3.130000114440918,8200
2016-07-21,3.109999895095825,3.130000114440918,3.0999999046325684,3.130000114440918,3600
2016-07-22,3.130000114440918,3.140000104904175,3.130000114440918,3.130000114440918,5200
2016-07-25,3.0899999141693115,3.140000104904175,3.0799999237060547,3.109999895095825,5900
2016-07-26,3.1500000953674316,3.1500000953674316,3.0799999237060547,3.140000104904175,14500
2016-07-27,3.0999999046325684,3.1500000953674316,3.0999999046325684,3.109999895095825,6000
2016-07-28,3.0799999237060547,3.1500000953674316,3.0799999237060547,3.140000104904175,4300
2016-07-29,3.0999999046325684,3.1500000953674316,3.0999999046325684,3.109999895095825,2300
2016-08-01,3.0899999141693115,3.140000104904175,3.0899999141693115,3.0999999046325684,9500
2016-08-02,3.0999999046325684,3.1500000953674316,3.0899999141693115,3.0999999046325684,53300
2016-08-03,3.0999999046325684,3.140000104904175,3.0899999141693115,3.140000104904175,44100
2016-08-04,3.0999999046325684,3.140000104904175,3.0999999046325684,3.130000114440918,2200
2016-08-05,3.130000114440918,3.130000114440918,3.0999999046325684,3.0999999046325684,5400
2016-08-08,3.119999885559082,3.200000047683716,3.109999895095825,3.190000057220459,66400
2016-08-09,3.180000066757202,3.180000066757202,3.0999999046325684,3.1700000762939453,33500
2016-08-10,3.1500000953674316,3.200000047683716,3.1500000953674316,3.1600000858306885,14300
2016-08-11,3.200000047683716,3.2300000190734863,3.140000104904175,3.200000047683716,32700
2016-08-12,3.180000066757202,3.2300000190734863,3.1500000953674316,3.1500000953674316,57800
2016-08-15,3.1500000953674316,3.2100000381469727,3.119999885559082,3.1500000953674316,38900
2016-08-16,3.1600000858306885,3.2300000190734863,3.119999885559082,3.1700000762939453,9200
2016-08-17,3.240000009536743,3.240000009536743,3.130000114440918,3.180000066757202,10300
2016-08-18,3.1500000953674316,3.200000047683716,3.130000114440918,3.190000057220459,22300
2016-08-19,3.1500000953674316,3.200000047683716,3.140000104904175,3.1500000953674316,12900
2016-08-22,3.190000057220459,3.190000057220459,3.1500000953674316,3.1700000762939453,12300
2016-08-23,3.180000066757202,3.190000057220459,3.140000104904175,3.140000104904175,7800
2016-08-24,3.1500000953674316,3.190000057220459,3.1500000953674316,3.180000066757202,3700
2016-08-25,3.1500000953674316,3.190000057220459,3.1500000953674316,3.190000057220459,74300
2016-08-26,3.190000057220459,3.190000057220459,3.1500000953674316,3.1600000858306885,16500
2016-08-29,3.190000057220459,3.190000057220459,3.1600000858306885,3.180000066757202,12900
2016-08-30,3.180000066757202,3.200000047683716,3.1500000953674316,3.190000057220459,14900
2016-08-31,3.190000057220459,3.200000047683716,3.1500000953674316,3.1700000762939453,11100
2016-09-01,3.200000047683716,3.200000047683716,3.180000066757202,3.190000057220459,11500
2016-09-02,3.180000066757202,3.2100000381469727,3.180000066757202,3.180000066757202,32500
2016-09-06,3.2100000381469727,3.2799999713897705,3.200000047683716,3.2799999713897705,39500
2016-09-07,3.200000047683716,3.299999952316284,3.200000047683716,3.240000009536743,21300
2016-09-08,3.190000057220459,3.299999952316284,3.190000057220459,3.2699999809265137,28300
2016-09-09,3.240000009536743,3.2799999713897705,3.2200000286102295,3.240000009536743,38100
2016-09-12,3.2200000286102295,3.309999942779541,3.190000057220459,3.309999942779541,8900
2016-09-13,3.259999990463257,3.3299999237060547,3.25,3.309999942779541,5400
2016-09-14,3.259999990463257,3.319999933242798,3.259999990463257,3.319999933242798,3600
2016-09-15,3.3299999237060547,3.3299999237060547,3.2699999809265137,3.299999952316284,1600
2016-09-16,3.2799999713897705,3.3299999237060547,3.25,3.3299999237060547,9000
2016-09-19,3.319999933242798,3.3399999141693115,3.299999952316284,3.309999942779541,5500
2016-09-20,3.2899999618530273,3.3399999141693115,3.2899999618530273,3.3399999141693115,1900
2016-09-21,3.3399999141693115,3.3399999141693115,3.319999933242798,3.3299999237060547,2900
2016-09-22,3.2699999809265137,3.3399999141693115,3.25,3.25,13300
2016-09-23,3.2699999809265137,3.2899999618530273,3.2699999809265137,3.2899999618530273,2000
2016-09-26,3.259999990463257,3.309999942779541,3.200000047683716,3.2799999713897705,21300
2016-09-27,3.309999942779541,3.3299999237060547,3.309999942779541,3.3299999237060547,500
2016-09-28,3.2899999618530273,3.3299999237060547,3.240000009536743,3.240000009536743,2100
2016-09-29,3.2300000190734863,3.3299999237060547,3.2300000190734863,3.319999933242798,13000
2016-09-30,3.2699999809265137,3.319999933242798,3.259999990463257,3.319999933242798,2500
2016-10-03,3.319999933242798,3.319999933242798,3.2699999809265137,3.2699999809265137,1200
2016-10-04,3.319999933242798,3.319999933242798,3.259999990463257,3.259999990463257,900
2016-10-05,3.259999990463257,3.309999942779541,3.25,3.25,13400
2016-10-06,3.25,3.2799999713897705,3.25,3.2799999713897705,1700
2016-10-07,3.2899999618530273,3.2899999618530273,3.259999990463257,3.2699999809265137,10800
2016-10-10,3.2899999618530273,3.2899999618530273,3.2799999713897705,3.2799999713897705,500
2016-10-11,3.2899999618530273,3.2899999618530273,3.2899999618530273,3.2899999618530273,3300
2016-10-12,3.309999942779541,3.309999942779541,3.2899999618530273,3.309999942779541,6100
2016-10-13,3.2699999809265137,3.309999942779541,3.259999990463257,3.259999990463257,4400
2016-10-14,3.2899999618530273,3.319999933242798,3.2799999713897705,3.309999942779541,10500
2016-10-17,3.319999933242798,3.319999933242798,3.2300000190734863,3.299999952316284,6700
2016-10-18,3.190000057220459,3.3399999141693115,3.190000057220459,3.319999933242798,19200
2016-10-19,3.2899999618530273,3.319999933242798,3.2899999618530273,3.309999942779541,800
2016-10-20,3.309999942779541,3.309999942779541,3.309999942779541,3.309999942779541,0
2016-10-21,3.259999990463257,3.2699999809265137,3.259999990463257,3.259999990463257,16100
2016-10-24,3.2899999618530273,3.309999942779541,3.2200000286102295,3.309999942779541,1500
2016-10-25,3.25,3.309999942779541,3.25,3.299999952316284,1400
2016-10-26,3.240000009536743,3.299999952316284,3.240000009536743,3.299999952316284,1900
2016-10-27,3.299999952316284,3.299999952316284,3.2699999809265137,3.2899999618530273,600
2016-10-28,3.25,3.2799999713897705,3.25,3.2799999713897705,2100
2016-10-31,3.299999952316284,3.299999952316284,3.200000047683716,3.299999952316284,3400
2016-11-01,3.2100000381469727,3.299999952316284,3.2100000381469727,3.299999952316284,13300
2016-11-02,3.299999952316284,3.299999952316284,3.2899999618530273,3.299999952316284,5500
2016-11-03,3.2799999713897705,3.299999952316284,3.1500000953674316,3.200000047683716,29600
2016-11-04,3.25,3.25,3.1500000953674316,3.1500000953674316,2400
2016-11-07,3.25,3.25,3.1500000953674316,3.25,5200
2016-11-08,3.1500000953674316,3.25,3.1500000953674316,3.1500000953674316,4200
2016-11-09,3.1500000953674316,3.25,3.0999999046325684,3.25,3800
2016-11-10,3.1500000953674316,3.299999952316284,3.1500000953674316,3.299999952316284,24200
2016-11-11,3.2899999618530273,3.299999952316284,3.25,3.299999952316284,24800
2016-11-14,3.299999952316284,3.4000000953674316,3.2799999713897705,3.4000000953674316,15000
2016-11-15,3.4000000953674316,3.450000047683716,3.3499999046325684,3.450000047683716,13400
2016-11-16,3.4000000953674316,3.450000047683716,3.4000000953674316,3.450000047683716,6300
2016-11-17,3.450000047683716,3.5,3.430000066757202,3.5,15900
2016-11-18,3.5,3.5,3.3499999046325684,3.5,16700
2016-11-21,3.5,3.5,3.450000047683716,3.450000047683716,5900
2016-11-22,3.5,3.549999952316284,3.450000047683716,3.549999952316284,14800
2016-11-23,3.549999952316284,3.6500000953674316,3.5,3.6500000953674316,39200
2016-11-25,3.6500000953674316,3.6500000953674316,3.5999999046325684,3.6500000953674316,6400
2016-11-28,3.6500000953674316,3.6500000953674316,3.549999952316284,3.549999952316284,6000
2016-11-29,3.5999999046325684,3.6500000953674316,3.549999952316284,3.549999952316284,19600
2016-11-30,3.5999999046325684,3.5999999046325684,3.5,3.5,14500
2016-12-01,3.549999952316284,3.6500000953674316,3.549999952316284,3.549999952316284,15400
2016-12-02,3.5,3.5999999046325684,3.380000114440918,3.450000047683716,109600
2016-12-05,3.450000047683716,3.549999952316284,3.450000047683716,3.5,7200
2016-12-06,3.450000047683716,3.700000047683716,3.450000047683716,3.5999999046325684,64500
2016-12-07,3.6500000953674316,3.700000047683716,3.559999942779541,3.5999999046325684,19400
2016-12-08,3.5999999046325684,3.75,3.5999999046325684,3.700000047683716,77700
2016-12-09,3.75,3.799999952316284,3.690000057220459,3.799999952316284,92200
2016-12-12,3.75,3.8499999046325684,3.700000047683716,3.799999952316284,19300
2016-12-13,3.799999952316284,3.8499999046325684,3.700000047683716,3.799999952316284,86000
2016-12-14,3.799999952316284,3.799999952316284,3.759999990463257,3.799999952316284,32800
2016-12-15,3.700000047683716,3.799999952316284,3.700000047683716,3.75,24200
2016-12-16,3.75,3.799999952316284,3.700000047683716,3.700000047683716,23200
2016-12-19,3.759999990463257,3.759999990463257,3.700000047683716,3.75,24100
2016-12-20,3.75,3.799999952316284,3.700000047683716,3.700000047683716,20900
2016-12-21,3.700000047683716,3.75,3.700000047683716,3.75,12000
2016-12-22,3.75,3.799999952316284,3.6500000953674316,3.700000047683716,24200
2016-12-23,3.75,3.75,3.700000047683716,3.75,11200
2016-12-27,3.75,3.75,3.6500000953674316,3.700000047683716,22500
2016-12-28,3.700000047683716,3.75,3.6500000953674316,3.700000047683716,7300
2016-12-29,3.700000047683716,3.799999952316284,3.6500000953674316,3.6500000953674316,8700
2016-12-30,3.6500000953674316,3.700000047683716,3.359999895095825,3.700000047683716,34400
2017-01-03,3.700000047683716,3.799999952316284,3.5999999046325684,3.700000047683716,31000
2017-01-04,3.700000047683716,3.75,3.5999999046325684,3.6500000953674316,33500
2017-01-05,3.6500000953674316,3.75,3.5999999046325684,3.5999999046325684,11600
2017-01-06,3.6500000953674316,3.75,3.5999999046325684,3.680000066757202,46700
2017-01-09,3.5999999046325684,3.75,3.4800000190734863,3.6500000953674316,9800
2017-01-10,3.6500000953674316,3.6500000953674316,3.5999999046325684,3.5999999046325684,6400
2017-01-11,3.6500000953674316,3.700000047683716,3.609999895095825,3.6500000953674316,11400
2017-01-12,3.700000047683716,3.700000047683716,3.6500000953674316,3.6500000953674316,6100
2017-01-13,3.680000066757202,3.700000047683716,3.619999885559082,3.700000047683716,18300
2017-01-17,3.700000047683716,3.8499999046325684,3.700000047683716,3.75,32500
2017-01-18,3.799999952316284,3.8499999046325684,3.75,3.75,40800
2017-01-19,3.75,3.8499999046325684,3.5999999046325684,3.8499999046325684,51500
2017-01-20,3.6500000953674316,4.0,3.6500000953674316,4.0,109900
2017-01-23,4.0,4.0,3.799999952316284,3.799999952316284,30100
2017-01-24,3.8499999046325684,4.0,3.799999952316284,3.950000047683716,180500
2017-01-25,4.0,4.0,3.9000000953674316,3.9000000953674316,27400
2017-01-26,3.9000000953674316,3.950000047683716,3.8499999046325684,3.8499999046325684,24100
2017-01-27,3.8499999046325684,3.950000047683716,3.8499999046325684,3.950000047683716,91000
2017-01-30,3.950000047683716,3.950000047683716,3.9000000953674316,3.9000000953674316,30500
2017-01-31,3.9000000953674316,3.950000047683716,3.9000000953674316,3.950000047683716,44700
2017-02-01,3.950000047683716,4.0,3.8499999046325684,4.0,39100
2017-02-02,3.9100000858306885,3.950000047683716,3.8399999141693115,3.950000047683716,52600
2017-02-03,3.950000047683716,4.050000190734863,3.9000000953674316,3.9000000953674316,62200
2017-02-06,3.940000057220459,4.0,3.9000000953674316,3.9000000953674316,73100
2017-02-07,3.990000009536743,4.0,3.8499999046325684,3.9000000953674316,40000
2017-02-08,3.9000000953674316,4.0,3.8499999046325684,3.9000000953674316,36600
2017-02-09,3.9000000953674316,4.0,3.859999895095825,3.950000047683716,33400
2017-02-10,3.950000047683716,4.0,3.9000000953674316,3.950000047683716,17200
2017-02-13,3.950000047683716,3.9800000190734863,3.8499999046325684,3.8499999046325684,36300
2017-02-14,3.9000000953674316,3.950000047683716,3.8499999046325684,3.950000047683716,40900
2017-02-15,3.9200000762939453,4.0,3.8499999046325684,3.9000000953674316,79300
2017-02-16,3.9000000953674316,4.0,3.8499999046325684,3.8499999046325684,47100
2017-02-17,3.8499999046325684,4.0,3.8499999046325684,3.950000047683716,33800
2017-02-21,3.950000047683716,4.0,3.8499999046325684,3.8499999046325684,55200
2017-02-22,3.8499999046325684,3.950000047683716,3.75,3.75,54800
2017-02-23,3.8499999046325684,3.950000047683716,3.75,3.799999952316284,48600
2017-02-24,3.8499999046325684,3.8499999046325684,3.7799999713897705,3.8499999046325684,19300
2017-02-27,3.8499999046325684,3.9000000953674316,3.799999952316284,3.9000000953674316,56000
2017-02-28,3.819999933242798,3.9000000953674316,3.799999952316284,3.799999952316284,37700
2017-03-01,3.8499999046325684,3.890000104904175,3.75,3.75,51900
2017-03-02,3.799999952316284,3.8499999046325684,3.75,3.8499999046325684,36000
2017-03-03,3.799999952316284,3.8499999046325684,3.75,3.75,32000
2017-03-06,3.75,3.8499999046325684,3.75,3.799999952316284,15900
2017-03-07,3.759999990463257,3.8499999046325684,3.75,3.75,31800
2017-03-08,3.799999952316284,3.8499999046325684,3.799999952316284,3.8499999046325684,20000
2017-03-09,3.799999952316284,3.9000000953674316,3.799999952316284,3.9000000953674316,16900
2017-03-10,3.8499999046325684,3.950000047683716,3.75,3.75,28300
2017-03-13,3.75,3.9000000953674316,3.75,3.799999952316284,31300
2017-03-14,3.799999952316284,3.880000114440918,3.75,3.75,65500
2017-03-15,3.799999952316284,3.8499999046325684,3.75,3.75,17100
2017-03-16,3.799999952316284,3.8499999046325684,3.75,3.799999952316284,19500
2017-03-17,3.799999952316284,3.8499999046325684,3.700000047683716,3.799999952316284,36400
2017-03-20,3.8499999046325684,3.8499999046325684,3.6500000953674316,3.700000047683716,71900
2017-03-21,3.6500000953674316,3.75,3.6500000953674316,3.700000047683716,15300
2017-03-22,3.700000047683716,3.75,3.6500000953674316,3.6500000953674316,6000
2017-03-23,3.6500000953674316,3.75,3.6500000953674316,3.75,8900
2017-03-24,3.75,3.75,3.700000047683716,3.7300000190734863,3300
2017-03-27,3.700000047683716,3.75,3.700000047683716,3.75,11000
2017-03-28,3.700000047683716,3.799999952316284,3.700000047683716,3.75,16500
2017-03-29,3.75,3.799999952316284,3.700000047683716,3.700000047683716,37300
2017-03-30,3.7100000381469727,3.799999952316284,3.7100000381469727,3.799999952316284,6000
2017-03-31,3.799999952316284,3.9000000953674316,3.75,3.75,68000
2017-04-03,3.799999952316284,3.8499999046325684,3.700000047683716,3.700000047683716,32900
2017-04-04,3.700000047683716,3.799999952316284,3.700000047683716,3.75,18800
2017-04-05,3.75,3.799999952316284,3.75,3.75,14300
2017-04-06,3.700000047683716,3.799999952316284,3.700000047683716,3.75,3800
2017-04-07,3.75,3.8499999046325684,3.700000047683716,3.8499999046325684,37200
2017-04-10,3.8499999046325684,3.8499999046325684,3.799999952316284,3.8499999046325684,2200
2017-04-11,3.799999952316284,3.9000000953674316,3.799999952316284,3.8499999046325684,19700
2017-04-12,3.8499999046325684,3.8499999046325684,3.809999942779541,3.809999942779541,4500
2017-04-13,3.8299999237060547,3.9000000953674316,3.799999952316284,3.9000000953674316,2100
2017-04-17,3.9000000953674316,3.950000047683716,3.8499999046325684,3.950000047683716,16400
2017-04-18,3.950000047683716,4.0,3.9000000953674316,3.9000000953674316,101200
2017-04-19,3.9000000953674316,3.950000047683716,3.9000000953674316,3.950000047683716,15500
2017-04-20,3.950000047683716,4.0,3.950000047683716,3.950000047683716,10700
2017-04-21,3.9000000953674316,4.050000190734863,3.9000000953674316,4.050000190734863,141400
2017-04-24,4.050000190734863,4.099999904632568,3.950000047683716,3.950000047683716,83400
2017-04-25,4.0,4.099999904632568,4.0,4.03000020980835,66300
2017-04-26,4.0,4.050000190734863,4.0,4.050000190734863,21400
2017-04-27,4.050000190734863,4.050000190734863,4.0,4.0,21500
2017-04-28,4.050000190734863,4.050000190734863,3.950000047683716,4.050000190734863,21700
2017-05-01,4.050000190734863,4.050000190734863,3.9000000953674316,3.950000047683716,57900
2017-05-02,3.950000047683716,4.050000190734863,3.950000047683716,3.950000047683716,29300
2017-05-03,3.9000000953674316,4.050000190734863,3.9000000953674316,4.050000190734863,41100
2017-05-04,4.050000190734863,4.099999904632568,3.950000047683716,4.050000190734863,80400
2017-05-05,4.099999904632568,4.130000114440918,4.050000190734863,4.099999904632568,49300
2017-05-08,4.099999904632568,4.099999904632568,4.050000190734863,4.050000190734863,29600
2017-05-09,4.050000190734863,4.099999904632568,3.950000047683716,4.0,40000
2017-05-10,4.0,4.050000190734863,3.8499999046325684,4.0,40200
2017-05-11,3.9200000762939453,4.0,3.8499999046325684,4.0,46200
2017-05-12,3.950000047683716,4.050000190734863,3.950000047683716,4.050000190734863,34200
2017-05-15,4.050000190734863,4.050000190734863,3.950000047683716,4.0,26100
2017-05-16,4.0,4.0,3.9600000381469727,4.0,13200
2017-05-17,4.0,4.050000190734863,3.9000000953674316,3.950000047683716,26100
2017-05-18,3.9000000953674316,4.0,3.9000000953674316,4.0,11300
2017-05-19,4.0,4.0,3.950000047683716,4.0,12900
2017-05-22,4.0,4.050000190734863,3.950000047683716,4.0,39700
2017-05-23,3.950000047683716,4.050000190734863,3.950000047683716,4.0,61100
2017-05-24,4.0,4.099999904632568,3.950000047683716,4.050000190734863,85200
2017-05-25,4.0,4.099999904632568,4.0,4.079999923706055,59200
2017-05-26,4.050000190734863,4.110000133514404,4.050000190734863,4.099999904632568,40300
2017-05-30,4.099999904632568,4.150000095367432,4.050000190734863,4.150000095367432,35600
2017-05-31,4.150000095367432,4.199999809265137,4.099999904632568,4.199999809265137,63000
2017-06-01,4.199999809265137,4.199999809265137,4.099999904632568,4.099999904632568,43600
2017-06-02,4.099999904632568,4.199999809265137,4.099999904632568,4.199999809265137,26200
2017-06-05,4.199999809265137,4.199999809265137,4.150000095367432,4.150000095367432,21200
2017-06-06,4.099999904632568,4.150000095367432,4.099999904632568,4.099999904632568,28900
2017-06-07,4.099999904632568,4.150000095367432,4.050000190734863,4.050000190734863,28800
2017-06-08,4.099999904632568,4.199999809265137,4.090000152587891,4.199999809265137,11900
2017-06-09,4.199999809265137,4.25,4.150000095367432,4.199999809265137,52900
2017-06-12,4.199999809265137,4.199999809265137,4.099999904632568,4.199999809265137,25000
2017-06-13,4.199999809265137,4.199999809265137,4.099999904632568,4.150000095367432,6400
2017-06-14,4.130000114440918,4.199999809265137,3.9600000381469727,4.099999904632568,20100
2017-06-15,4.099999904632568,4.150000095367432,4.099999904632568,4.150000095367432,11600
2017-06-16,4.150000095367432,4.159999847412109,4.050000190734863,4.099999904632568,18100
2017-06-19,4.150000095367432,4.25,4.070000171661377,4.150000095367432,73200
2017-06-20,4.099999904632568,4.150000095367432,4.070000171661377,4.099999904632568,5500
2017-06-21,4.099999904632568,4.150000095367432,4.050000190734863,4.099999904632568,9400
2017-06-22,4.050000190734863,4.099999904632568,4.0,4.050000190734863,7700
2017-06-23,4.050000190734863,4.099999904632568,4.019999980926514,4.099999904632568,13100
2017-06-26,4.050000190734863,4.150000095367432,4.050000190734863,4.050000190734863,4700
2017-06-27,4.050000190734863,4.099999904632568,4.050000190734863,4.099999904632568,6200
2017-06-28,4.099999904632568,4.150000095367432,4.059999942779541,4.099999904632568,5300
2017-06-29,4.150000095367432,4.150000095367432,4.079999923706055,4.099999904632568,4500
2017-06-30,4.150000095367432,4.150000095367432,4.099999904632568,4.150000095367432,1500
2017-07-03,4.150000095367432,4.150000095367432,3.950000047683716,4.050000190734863,14600
2017-07-05,4.050000190734863,4.059999942779541,3.950000047683716,3.950000047683716,11300
2017-07-06,3.950000047683716,4.0,3.950000047683716,3.9800000190734863,6200
2017-07-07,3.9800000190734863,4.0,3.950000047683716,4.0,8500
2017-07-10,4.0,4.050000190734863,4.0,4.0,7000
2017-07-11,3.950000047683716,4.050000190734863,3.950000047683716,3.950000047683716,4600
2017-07-12,3.950000047683716,4.050000190734863,3.950000047683716,4.0,2600
2017-07-13,3.9800000190734863,4.0,3.950000047683716,3.950000047683716,8800
2017-07-14,3.9600000381469727,3.9600000381469727,3.9000000953674316,3.940000057220459,26000
2017-07-17,3.9000000953674316,3.950000047683716,3.8499999046325684,3.8499999046325684,66400
2017-07-18,3.8499999046325684,4.0,3.8499999046325684,4.0,65700
2017-07-19,3.950000047683716,4.0,3.880000114440918,3.950000047683716,115600
2017-07-20,3.9000000953674316,4.0,3.880000114440918,3.950000047683716,49600
2017-07-21,3.9000000953674316,4.0,3.8499999046325684,3.950000047683716,79200
2017-07-24,3.950000047683716,4.0,3.9000000953674316,3.950000047683716,16000
2017-07-25,3.950000047683716,4.0,3.950000047683716,3.950000047683716,31600
2017-07-26,3.950000047683716,4.0,3.9000000953674316,3.950000047683716,54800
2017-07-27,3.950000047683716,4.0,3.950000047683716,3.950000047683716,16700
2017-07-28,3.950000047683716,4.050000190734863,3.950000047683716,4.050000190734863,20000
2017-07-31,4.050000190734863,4.099999904632568,3.950000047683716,3.950000047683716,26000
2017-08-01,4.0,4.099999904632568,4.0,4.050000190734863,6400
2017-08-02,4.099999904632568,4.099999904632568,4.0,4.050000190734863,4700
2017-08-03,4.050000190734863,4.099999904632568,4.0,4.0,11300
2017-08-04,4.050000190734863,4.050000190734863,4.0,4.0,17400
2017-08-07,4.050000190734863,4.050000190734863,3.950000047683716,4.0,32400
2017-08-08,4.050000190734863,4.050000190734863,3.950000047683716,3.950000047683716,20400
2017-08-09,3.950000047683716,4.050000190734863,3.950000047683716,3.950000047683716,14500
2017-08-10,3.9800000190734863,4.050000190734863,3.950000047683716,4.050000190734863,16700
2017-08-11,4.0,4.050000190734863,3.9000000953674316,4.0,27700
2017-08-14,4.050000190734863,4.050000190734863,3.950000047683716,4.050000190734863,24800
2017-08-15,4.050000190734863,4.099999904632568,3.950000047683716,4.050000190734863,58100
2017-08-16,4.050000190734863,4.050000190734863,3.950000047683716,4.0,45100
2017-08-17,4.050000190734863,4.050000190734863,3.950000047683716,4.050000190734863,34400
2017-08-18,4.0,4.050000190734863,3.950000047683716,4.0,32700
2017-08-21,3.950000047683716,3.950000047683716,3.8499999046325684,3.8499999046325684,58900
2017-08-22,3.9600000381469727,3.9600000381469727,3.8499999046325684,3.880000114440918,23100
2017-08-23,3.9000000953674316,4.0,3.8499999046325684,3.9000000953674316,15900
2017-08-24,3.950000047683716,3.950000047683716,3.8499999046325684,3.9000000953674316,2800
2017-08-25,3.9000000953674316,3.950000047683716,3.8499999046325684,3.950000047683716,11600
2017-08-28,3.9000000953674316,3.950000047683716,3.8499999046325684,3.8499999046325684,22200
2017-08-29,3.8499999046325684,3.950000047683716,3.8499999046325684,3.8499999046325684,22800
2017-08-30,3.8499999046325684,3.9000000953674316,3.799999952316284,3.880000114440918,59100
2017-08-31,3.8499999046325684,4.0,3.8499999046325684,3.9000000953674316,15000
2017-09-01,3.950000047683716,4.0,3.9000000953674316,3.9000000953674316,13000
2017-09-05,3.950000047683716,3.950000047683716,3.8499999046325684,3.8499999046325684,21200
2017-09-06,3.8499999046325684,4.0,3.8499999046325684,3.9000000953674316,12100
2017-09-07,3.8499999046325684,4.0,3.8499999046325684,3.9000000953674316,13700
2017-09-08,3.8499999046325684,3.9000000953674316,3.799999952316284,3.799999952316284,33900
2017-09-11,3.799999952316284,4.0,3.799999952316284,3.9000000953674316,30000
2017-09-12,3.9000000953674316,4.0,3.9000000953674316,4.0,25000
2017-09-13,3.950000047683716,4.0,3.9000000953674316,3.950000047683716,31700
2017-09-14,3.950000047683716,3.9600000381469727,3.9000000953674316,3.9000000953674316,21500
2017-09-15,3.9000000953674316,4.0,3.9000000953674316,4.0,41700
2017-09-18,4.0,4.0,3.9000000953674316,3.950000047683716,18000
2017-09-19,3.950000047683716,3.950000047683716,3.9000000953674316,3.950000047683716,4300
2017-09-20,3.950000047683716,3.950000047683716,3.9000000953674316,3.9000000953674316,1800
2017-09-21,3.9000000953674316,4.0,3.9000000953674316,3.9000000953674316,14300
2017-09-22,3.9000000953674316,3.950000047683716,3.9000000953674316,3.950000047683716,6200
2017-09-25,3.950000047683716,3.950000047683716,3.9000000953674316,3.9000000953674316,1200
2017-09-26,3.9000000953674316,3.950000047683716,3.9000000953674316,3.9000000953674316,5100
2017-09-27,3.950000047683716,3.950000047683716,3.9000000953674316,3.950000047683716,19500
2017-09-28,3.950000047683716,4.050000190734863,3.950000047683716,4.050000190734863,51100
2017-09-29,4.0,4.050000190734863,4.0,4.0,9000
2017-10-02,4.0,4.050000190734863,3.950000047683716,3.950000047683716,11000
2017-10-03,3.9700000286102295,4.050000190734863,3.950000047683716,3.950000047683716,5200
2017-10-04,4.0,4.0,3.950000047683716,3.950000047683716,1300
2017-10-05,3.950000047683716,4.0,3.950000047683716,4.0,12700
2017-10-06,3.950000047683716,4.0,3.930000066757202,4.0,19500
2017-10-09,4.0,4.0,3.9000000953674316,3.950000047683716,34300
2017-10-10,4.0,4.0,3.9000000953674316,3.9000000953674316,10200
2017-10-11,3.9000000953674316,3.950000047683716,3.9000000953674316,3.9000000953674316,27500
2017-10-12,3.9000000953674316,3.950000047683716,3.8499999046325684,3.8499999046325684,13400
2017-10-13,3.9000000953674316,4.0,3.8499999046325684,4.0,12300
2017-10-16,3.950000047683716,3.950000047683716,3.9000000953674316,3.9000000953674316,4500
2017-10-17,3.950000047683716,4.099999904632568,3.950000047683716,4.050000190734863,14700
2017-10-18,4.099999904632568,4.099999904632568,4.050000190734863,4.050000190734863,5200
2017-10-19,4.050000190734863,4.099999904632568,3.930000066757202,4.0,105000
2017-10-20,4.0,4.050000190734863,3.930000066757202,4.0,21000
2017-10-23,4.0,4.099999904632568,4.0,4.099999904632568,7700
2017-10-24,4.099999904632568,4.150000095367432,4.050000190734863,4.099999904632568,7300
2017-10-25,4.099999904632568,4.150000095367432,4.070000171661377,4.099999904632568,8100
2017-10-26,4.150000095367432,4.150000095367432,4.110000133514404,4.150000095367432,1400
2017-10-27,4.099999904632568,4.150000095367432,4.050000190734863,4.099999904632568,18400
2017-10-30,4.050000190734863,4.050000190734863,4.0,4.03000020980835,8800
2017-10-31,4.0,4.150000095367432,4.0,4.099999904632568,8800
2017-11-01,4.150000095367432,4.150000095367432,4.050000190734863,4.150000095367432,10900
2017-11-02,4.050000190734863,4.199999809265137,4.050000190734863,4.150000095367432,12100
2017-11-03,4.199999809265137,4.25,4.199999809265137,4.25,600
2017-11-06,4.199999809265137,4.25,4.130000114440918,4.150000095367432,7800
2017-11-07,4.099999904632568,4.150000095367432,4.0,4.050000190734863,17700
2017-11-08,4.050000190734863,4.079999923706055,3.9000000953674316,3.950000047683716,179100
2017-11-09,3.9000000953674316,4.0,3.9000000953674316,3.9600000381469727,1000
2017-11-10,3.950000047683716,4.0,3.950000047683716,3.950000047683716,25500
2017-11-13,3.950000047683716,4.099999904632568,3.950000047683716,4.099999904632568,10400
2017-11-14,4.050000190734863,4.150000095367432,4.0,4.0,5100
2017-11-15,3.950000047683716,4.099999904632568,3.950000047683716,4.099999904632568,7200
2017-11-16,4.050000190734863,4.079999923706055,4.03000020980835,4.079999923706055,6800
2017-11-17,4.0,4.25,4.0,4.25,10400
2017-11-20,4.25,4.300000190734863,4.150000095367432,4.199999809265137,12700
2017-11-21,4.260000228881836,4.260000228881836,4.199999809265137,4.199999809265137,10900
2017-11-22,4.199999809265137,4.25,4.150000095367432,4.150000095367432,14000
2017-11-24,4.199999809265137,4.25,4.150000095367432,4.25,7600
2017-11-27,4.25,4.25,4.150000095367432,4.150000095367432,8100
2017-11-28,4.199999809265137,4.300000190734863,4.170000076293945,4.300000190734863,6800
2017-11-29,4.300000190734863,4.300000190734863,4.21999979019165,4.28000020980835,3300
2017-11-30,4.300000190734863,4.300000190734863,4.25,4.300000190734863,3500
2017-12-01,4.25,4.300000190734863,4.199999809265137,4.25,14100
2017-12-04,4.300000190734863,4.300000190734863,4.260000228881836,4.300000190734863,6200
2017-12-05,4.300000190734863,4.349999904632568,4.300000190734863,4.349999904632568,9500
2017-12-06,4.349999904632568,4.349999904632568,4.25,4.300000190734863,15800
2017-12-07,4.25,4.400000095367432,4.25,4.25,10400
2017-12-08,4.349999904632568,4.349999904632568,4.300000190734863,4.349999904632568,1300
2017-12-11,4.300000190734863,4.349999904632568,4.199999809265137,4.199999809265137,19100
2017-12-12,4.199999809265137,4.300000190734863,4.199999809265137,4.25,9700
2017-12-13,4.199999809265137,4.300000190734863,4.199999809265137,4.25,5900
2017-12-14,4.25,4.300000190734863,4.150000095367432,4.150000095367432,15400
2017-12-15,4.21999979019165,4.25,4.150000095367432,4.199999809265137,74600
2017-12-18,4.199999809265137,4.199999809265137,4.150000095367432,4.150000095367432,13300
2017-12-19,4.199999809265137,4.199999809265137,4.150000095367432,4.150000095367432,4300
2017-12-20,4.199999809265137,4.199999809265137,4.150000095367432,4.150000095367432,4900
2017-12-21,4.159999847412109,4.199999809265137,4.099999904632568,4.199999809265137,4500
2017-12-22,4.150000095367432,4.150000095367432,4.099999904632568,4.150000095367432,1000
2017-12-26,4.199999809265137,4.199999809265137,4.099999904632568,4.099999904632568,800
2017-12-27,4.150000095367432,4.199999809265137,4.099999904632568,4.099999904632568,14600
2017-12-28,4.190000057220459,4.199999809265137,4.099999904632568,4.099999904632568,2300
2017-12-29,4.150000095367432,4.150000095367432,4.110000133514404,4.150000095367432,4600
2018-01-02,4.130000114440918,4.199999809265137,4.050000190734863,4.050000190734863,10200
2018-01-03,4.050000190734863,4.099999904632568,4.03000020980835,4.099999904632568,44100
2018-01-04,4.099999904632568,4.099999904632568,4.050000190734863,4.050000190734863,7100
2018-01-05,4.050000190734863,4.150000095367432,4.03000020980835,4.050000190734863,44100
2018-01-08,4.0,4.099999904632568,4.0,4.050000190734863,13000
2018-01-09,4.050000190734863,4.099999904632568,4.0,4.0,23100
2018-01-10,4.0,4.099999904632568,4.0,4.050000190734863,16100
2018-01-11,4.099999904632568,4.150000095367432,4.050000190734863,4.099999904632568,27500
2018-01-12,4.150000095367432,4.199999809265137,4.050000190734863,4.050000190734863,33600
2018-01-16,4.099999904632568,4.139999866485596,4.0,4.099999904632568,57800
2018-01-17,4.150000095367432,4.150000095367432,4.050000190734863,4.050000190734863,27700
2018-01-18,4.050000190734863,4.099999904632568,4.050000190734863,4.050000190734863,16700
2018-01-19,4.079999923706055,4.099999904632568,4.050000190734863,4.050000190734863,19000
2018-01-22,4.050000190734863,4.099999904632568,4.050000190734863,4.050000190734863,21900
2018-01-23,4.0,4.199999809265137,4.0,4.050000190734863,34700
2018-01-24,4.050000190734863,4.099999904632568,4.050000190734863,4.099999904632568,71900
2018-01-25,4.099999904632568,4.199999809265137,4.050000190734863,4.099999904632568,71200
2018-01-26,4.150000095367432,4.199999809265137,4.050000190734863,4.199999809265137,11900
2018-01-29,4.150000095367432,4.199999809265137,4.119999885559082,4.150000095367432,29600
2018-01-30,4.150000095367432,4.199999809265137,4.150000095367432,4.150000095367432,26800
2018-01-31,4.199999809265137,4.199999809265137,4.099999904632568,4.099999904632568,31800
2018-02-01,4.150000095367432,4.199999809265137,4.150000095367432,4.150000095367432,17000
2018-02-02,4.099999904632568,4.199999809265137,4.099999904632568,4.099999904632568,15900
2018-02-05,4.050000190734863,4.150000095367432,4.050000190734863,4.150000095367432,17200
2018-02-06,4.099999904632568,4.25,4.070000171661377,4.099999904632568,14900
2018-02-07,4.150000095367432,4.25,4.150000095367432,4.190000057220459,14200
2018-02-08,4.199999809265137,4.199999809265137,4.0,4.0,29600
2018-02-09,4.079999923706055,4.099999904632568,4.0,4.0,16500
2018-02-12,4.0,4.050000190734863,4.0,4.0,18400
2018-02-13,4.0,4.150000095367432,4.0,4.150000095367432,10600
2018-02-14,4.050000190734863,4.170000076293945,4.050000190734863,4.099999904632568,12100
2018-02-15,4.150000095367432,4.179999828338623,4.099999904632568,4.099999904632568,12600
2018-02-16,4.150000095367432,4.199999809265137,4.050000190734863,4.170000076293945,19900
2018-02-20,4.150000095367432,4.199999809265137,4.099999904632568,4.099999904632568,10300
2018-02-21,4.159999847412109,4.199999809265137,4.110000133514404,4.199999809265137,4500
2018-02-22,4.199999809265137,4.199999809265137,4.119999885559082,4.150000095367432,7000
2018-02-23,4.199999809265137,4.199999809265137,4.159999847412109,4.199999809265137,8100
2018-02-26,4.199999809265137,4.199999809265137,4.150000095367432,4.150000095367432,4700
2018-02-27,4.199999809265137,4.199999809265137,4.170000076293945,4.199999809265137,6000
2018-02-28,4.199999809265137,4.199999809265137,4.050000190734863,4.050000190734863,8600
2018-03-01,4.099999904632568,4.099999904632568,4.050000190734863,4.050000190734863,10100
2018-03-02,4.050000190734863,4.150000095367432,4.050000190734863,4.150000095367432,3600
2018-03-05,4.050000190734863,4.099999904632568,4.0,4.050000190734863,35600
2018-03-06,4.090000152587891,4.099999904632568,4.010000228881836,4.050000190734863,12200
2018-03-07,4.099999904632568,4.099999904632568,4.0,4.0,13300
2018-03-08,4.099999904632568,4.099999904632568,4.0,4.099999904632568,19100
2018-03-09,4.099999904632568,4.150000095367432,4.070000171661377,4.099999904632568,25600
2018-03-12,4.139999866485596,4.150000095367432,4.050000190734863,4.150000095367432,13500
2018-03-13,4.150000095367432,4.150000095367432,4.079999923706055,4.099999904632568,17200
2018-03-14,4.099999904632568,4.150000095367432,4.099999904632568,4.099999904632568,8300
2018-03-15,4.099999904632568,4.150000095367432,4.099999904632568,4.150000095367432,9300
2018-03-16,4.099999904632568,4.150000095367432,4.099999904632568,4.150000095367432,7900
2018-03-19,4.150000095367432,4.150000095367432,4.050000190734863,4.099999904632568,45200
2018-03-20,4.099999904632568,4.099999904632568,4.050000190734863,4.050000190734863,14300
2018-03-21,4.050000190734863,4.150000095367432,4.050000190734863,4.130000114440918,25700
2018-03-22,4.099999904632568,4.199999809265137,4.050000190734863,4.050000190734863,52000
2018-03-23,4.070000171661377,4.099999904632568,4.0,4.0,13000
2018-03-26,4.050000190734863,4.099999904632568,4.019999980926514,4.099999904632568,45400
2018-03-27,4.079999923706055,4.099999904632568,4.0,4.099999904632568,58100
2018-03-28,4.050000190734863,4.099999904632568,3.9600000381469727,4.0,17600
2018-03-29,4.0,4.050000190734863,3.950000047683716,4.0,37400
2018-04-02,4.099999904632568,4.099999904632568,4.0,4.050000190734863,20200
2018-04-03,4.099999904632568,4.099999904632568,4.050000190734863,4.079999923706055,5900
2018-04-04,4.050000190734863,4.099999904632568,4.010000228881836,4.099999904632568,8800
2018-04-05,4.099999904632568,4.099999904632568,4.050000190734863,4.050000190734863,11700
2018-04-06,4.050000190734863,4.150000095367432,3.950000047683716,4.0,43700
2018-04-09,4.0,4.050000190734863,3.950000047683716,4.0,14800
2018-04-10,4.050000190734863,4.099999904632568,4.03000020980835,4.079999923706055,15900
2018-04-11,4.050000190734863,4.099999904632568,4.050000190734863,4.099999904632568,10800
2018-04-12,4.099999904632568,4.150000095367432,4.050000190734863,4.050000190734863,8400
2018-04-13,4.099999904632568,4.150000095367432,4.099999904632568,4.150000095367432,6000
2018-04-16,4.099999904632568,4.130000114440918,4.070000171661377,4.099999904632568,16300
2018-04-17,4.150000095367432,4.199999809265137,4.050000190734863,4.050000190734863,96100
2018-04-18,4.050000190734863,4.099999904632568,4.050000190734863,4.050000190734863,7900
2018-04-19,4.050000190734863,4.099999904632568,4.050000190734863,4.050000190734863,20800
2018-04-20,4.079999923706055,4.099999904632568,4.070000171661377,4.079999923706055,15400
2018-04-23,4.050000190734863,4.150000095367432,4.050000190734863,4.050000190734863,27900
2018-04-24,4.090000152587891,4.099999904632568,4.0,4.0,26700
2018-04-25,4.050000190734863,4.099999904632568,4.03000020980835,4.099999904632568,16300
2018-04-26,4.050000190734863,4.099999904632568,4.050000190734863,4.099999904632568,12700
2018-04-27,4.050000190734863,4.079999923706055,4.050000190734863,4.079999923706055,13600
2018-04-30,4.079999923706055,4.099999904632568,4.079999923706055,4.099999904632568,41300
2018-05-01,4.050000190734863,4.150000095367432,4.050000190734863,4.150000095367432,17200
2018-05-02,4.150000095367432,4.199999809265137,4.099999904632568,4.150000095367432,22900
2018-05-03,4.099999904632568,4.199999809265137,4.099999904632568,4.199999809265137,17600
2018-05-04,4.199999809265137,4.25,4.170000076293945,4.21999979019165,32000
2018-05-07,4.25,4.25,4.150000095367432,4.150000095367432,42700
2018-05-08,4.150000095367432,4.25,4.150000095367432,4.150000095367432,49500
2018-05-09,4.199999809265137,4.199999809265137,4.150000095367432,4.150000095367432,15600
2018-05-10,4.150000095367432,4.25,4.150000095367432,4.25,12600
2018-05-11,4.25,4.25,4.210000038146973,4.25,4700
2018-05-14,4.199999809265137,4.25,4.199999809265137,4.199999809265137,16200
2018-05-15,4.25,4.25,4.150000095367432,4.179999828338623,22600
2018-05-16,4.199999809265137,4.199999809265137,4.150000095367432,4.150000095367432,8700
2018-05-17,4.199999809265137,4.25,4.179999828338623,4.199999809265137,19200
2018-05-18,4.239999771118164,4.300000190734863,4.199999809265137,4.28000020980835,53800
2018-05-21,4.300000190734863,4.349999904632568,4.25,4.300000190734863,29400
2018-05-22,4.25,4.300000190734863,4.25,4.25,20900
2018-05-23,4.300000190734863,4.349999904632568,4.25,4.25,58400
2018-05-24,4.300000190734863,4.329999923706055,4.25,4.300000190734863,2000
2018-05-25,4.349999904632568,4.349999904632568,4.25,4.300000190734863,14700
2018-05-29,4.300000190734863,4.300000190734863,4.25,4.300000190734863,13000
2018-05-30,4.300000190734863,4.300000190734863,4.25,4.25,11700
2018-05-31,4.25,4.349999904632568,4.199999809265137,4.25,17800
2018-06-01,4.25,4.300000190734863,4.25,4.300000190734863,14400
2018-06-04,4.25,4.300000190734863,4.25,4.25,13400
2018-06-05,4.300000190734863,4.300000190734863,4.25,4.25,10900
2018-06-06,4.300000190734863,4.349999904632568,4.25,4.25,27000
2018-06-07,4.300000190734863,4.300000190734863,4.25,4.300000190734863,14500
2018-06-08,4.300000190734863,4.300000190734863,4.25,4.25,2700
2018-06-11,4.25,4.300000190734863,4.25,4.25,3300
2018-06-12,4.25,4.300000190734863,4.199999809265137,4.25,22000
2018-06-13,4.25,4.25,4.150000095367432,4.25,25200
2018-06-14,4.25,4.300000190734863,4.199999809265137,4.300000190734863,9700
2018-06-15,4.300000190734863,4.300000190734863,4.199999809265137,4.21999979019165,31000
2018-06-18,4.25,4.25,4.099999904632568,4.199999809265137,51200
2018-06-19,4.179999828338623,4.199999809265137,4.150000095367432,4.150000095367432,8800
2018-06-20,4.199999809265137,4.199999809265137,4.150000095367432,4.199999809265137,70000
2018-06-21,4.199999809265137,4.25,4.150000095367432,4.150000095367432,14100
2018-06-22,4.199999809265137,4.199999809265137,4.099999904632568,4.150000095367432,25200
2018-06-25,4.199999809265137,4.199999809265137,4.099999904632568,4.150000095367432,23700
2018-06-26,4.099999904632568,4.150000095367432,4.099999904632568,4.099999904632568,10600
2018-06-27,4.099999904632568,4.150000095367432,4.059999942779541,4.139999866485596,18500
2018-06-28,4.150000095367432,4.150000095367432,4.079999923706055,4.099999904632568,37700
2018-06-29,4.099999904632568,4.099999904632568,4.050000190734863,4.099999904632568,15500
2018-07-02,4.099999904632568,4.150000095367432,4.070000171661377,4.099999904632568,52100
2018-07-03,4.150000095367432,4.150000095367432,4.099999904632568,4.099999904632568,24200
2018-07-05,4.099999904632568,4.199999809265137,4.099999904632568,4.150000095367432,5800
2018-07-06,4.150000095367432,4.150000095367432,4.099999904632568,4.099999904632568,28800
2018-07-09,4.150000095367432,4.199999809265137,4.130000114440918,4.150000095367432,13300
2018-07-10,4.199999809265137,4.25,4.159999847412109,4.199999809265137,4600
2018-07-11,4.199999809265137,4.199999809265137,4.110000133514404,4.199999809265137,16700
2018-07-12,4.199999809265137,4.25,4.099999904632568,4.150000095367432,25400
2018-07-13,4.179999828338623,4.199999809265137,4.110000133514404,4.150000095367432,9100
2018-07-16,4.199999809265137,4.199999809265137,4.099999904632568,4.150000095367432,16800
2018-07-17,4.199999809265137,4.300000190734863,4.170000076293945,4.199999809265137,89400
2018-07-18,4.25,4.25,4.179999828338623,4.25,8300
2018-07-19,4.210000038146973,4.300000190734863,4.199999809265137,4.25,35300
2018-07-20,4.300000190734863,4.300000190734863,4.25,4.300000190734863,1300
2018-07-23,4.25,4.300000190734863,4.25,4.300000190734863,6500
2018-07-24,4.300000190734863,4.300000190734863,4.199999809265137,4.199999809265137,40900
2018-07-25,4.25,4.300000190734863,4.210000038146973,4.260000228881836,14300
2018-07-26,4.25,4.349999904632568,4.25,4.300000190734863,51500
2018-07-27,4.300000190734863,4.349999904632568,4.269999980926514,4.349999904632568,82800
2018-07-30,4.349999904632568,4.400000095367432,4.340000152587891,4.400000095367432,26200
2018-07-31,4.300000190734863,4.400000095367432,4.300000190734863,4.349999904632568,49000
2018-08-01,4.349999904632568,4.400000095367432,4.349999904632568,4.400000095367432,21700
2018-08-02,4.400000095367432,4.449999809265137,4.400000095367432,4.449999809265137,38700
2018-08-03,4.449999809265137,4.480000019073486,4.400000095367432,4.449999809265137,21600
2018-08-06,4.449999809265137,4.5,4.429999828338623,4.449999809265137,18400
2018-08-07,4.460000038146973,4.5,4.429999828338623,4.46999979019165,46200
2018-08-08,4.449999809265137,4.5,4.449999809265137,4.5,49500
2018-08-09,4.5,4.5,4.449999809265137,4.5,28600
2018-08-10,4.5,4.5,4.449999809265137,4.449999809265137,18500
2018-08-13,4.5,4.5,4.449999809265137,4.5,33400
2018-08-14,4.489999771118164,4.5,4.449999809265137,4.5,37600
2018-08-15,4.5,4.550000190734863,4.449999809265137,4.550000190734863,60000
2018-08-16,4.5,4.550000190734863,4.5,4.5,23100
2018-08-17,4.449999809265137,4.550000190734863,4.449999809265137,4.449999809265137,44800
2018-08-20,4.5,4.550000190734863,4.460000038146973,4.5,32200
2018-08-21,4.550000190734863,4.550000190734863,4.460000038146973,4.5,15900
2018-08-22,4.5,4.550000190734863,4.380000114440918,4.449999809265137,45200
2018-08-23,4.5,4.550000190734863,4.449999809265137,4.480000019073486,13400
2018-08-24,4.5,4.550000190734863,4.449999809265137,4.449999809265137,24700
2018-08-27,4.5,4.550000190734863,4.46999979019165,4.5,81100
2018-08-28,4.5,4.550000190734863,4.449999809265137,4.449999809265137,21000
2018-08-29,4.449999809265137,4.550000190734863,4.449999809265137,4.449999809265137,23800
2018-08-30,4.550000190734863,4.550000190734863,4.449999809265137,4.5,17800
2018-08-31,4.449999809265137,4.550000190734863,4.449999809265137,4.550000190734863,23600
2018-09-04,4.550000190734863,4.550000190734863,4.449999809265137,4.449999809265137,28500
2018-09-05,4.449999809265137,4.550000190734863,4.449999809265137,4.449999809265137,21000
2018-09-06,4.449999809265137,4.5,4.400000095367432,4.5,15100
2018-09-07,4.5,4.550000190734863,4.480000019073486,4.5,11300
2018-09-10,4.449999809265137,4.5,4.449999809265137,4.449999809265137,9500
2018-09-11,4.449999809265137,4.5,4.400000095367432,4.449999809265137,31600
2018-09-12,4.5,4.510000228881836,4.400000095367432,4.5,21600
2018-09-13,4.460000038146973,4.5,4.449999809265137,4.5,18800
2018-09-14,4.5,4.510000228881836,4.400000095367432,4.400000095367432,39700
2018-09-17,4.449999809265137,4.449999809265137,4.349999904632568,4.400000095367432,29200
2018-09-18,4.449999809265137,4.449999809265137,4.349999904632568,4.400000095367432,13000
2018-09-19,4.400000095367432,4.400000095367432,4.300000190734863,4.349999904632568,26100
2018-09-20,4.360000133514404,4.449999809265137,4.349999904632568,4.380000114440918,13200
2018-09-21,4.349999904632568,4.400000095367432,4.349999904632568,4.349999904632568,40900
2018-09-24,4.400000095367432,4.400000095367432,4.329999923706055,4.349999904632568,36000
2018-09-25,4.400000095367432,4.400000095367432,4.300000190734863,4.300000190734863,2600
2018-09-26,4.349999904632568,4.400000095367432,4.300000190734863,4.300000190734863,10000
2018-09-27,4.349999904632568,4.349999904632568,4.300000190734863,4.300000190734863,14600
2018-09-28,4.320000171661377,4.349999904632568,4.300000190734863,4.300000190734863,6300
2018-10-01,4.329999923706055,4.340000152587891,4.260000228881836,4.260000228881836,21200
2018-10-02,4.28000020980835,4.300000190734863,4.25,4.269999980926514,7000
2018-10-03,4.289999961853027,4.289999961853027,4.25,4.28000020980835,13300
2018-10-04,4.300000190734863,4.300000190734863,4.260000228881836,4.289999961853027,6000
2018-10-05,4.300000190734863,4.300000190734863,4.260000228881836,4.269999980926514,3400
2018-10-08,4.269999980926514,4.28000020980835,4.25,4.269999980926514,11700
2018-10-09,4.260000228881836,4.269999980926514,4.260000228881836,4.260000228881836,6100
2018-10-10,4.260000228881836,4.269999980926514,4.25,4.25,10600
2018-10-11,4.269999980926514,4.300000190734863,4.230000019073486,4.25,66800
2018-10-12,4.260000228881836,4.28000020980835,4.25,4.28000020980835,13200
2018-10-15,4.28000020980835,4.340000152587891,4.25,4.309999942779541,20000
2018-10-16,4.340000152587891,4.460000038146973,4.329999923706055,4.409999847412109,53300
2018-10-17,4.409999847412109,4.429999828338623,4.409999847412109,4.429999828338623,19100
2018-10-18,4.409999847412109,4.429999828338623,4.329999923706055,4.340000152587891,18700
2018-10-19,4.360000133514404,4.360000133514404,4.340000152587891,4.340000152587891,6800
2018-10-22,4.349999904632568,4.389999866485596,4.28000020980835,4.28000020980835,24900
2018-10-23,4.300000190734863,4.349999904632568,4.269999980926514,4.349999904632568,30200
2018-10-24,4.349999904632568,4.349999904632568,4.25,4.289999961853027,32000
2018-10-25,4.300000190734863,4.300000190734863,4.230000019073486,4.25,36600
2018-10-26,4.269999980926514,4.300000190734863,4.269999980926514,4.300000190734863,5300
2018-10-29,4.300000190734863,4.309999942779541,4.25,4.309999942779541,11500
2018-10-30,4.269999980926514,4.289999961853027,4.25,4.260000228881836,78800
2018-10-31,4.25,4.25,4.230000019073486,4.239999771118164,34200
2018-11-01,4.239999771118164,4.260000228881836,4.239999771118164,4.260000228881836,14400
2018-11-02,4.260000228881836,4.289999961853027,4.260000228881836,4.260000228881836,13900
2018-11-05,4.289999961853027,4.389999866485596,4.239999771118164,4.239999771118164,19400
2018-11-06,4.25,4.320000171661377,4.25,4.320000171661377,2600
2018-11-07,4.289999961853027,4.309999942779541,4.260000228881836,4.269999980926514,8900
2018-11-08,4.239999771118164,4.340000152587891,4.239999771118164,4.329999923706055,18500
2018-11-09,4.309999942779541,4.380000114440918,4.28000020980835,4.329999923706055,10700
2018-11-12,4.289999961853027,4.380000114440918,4.289999961853027,4.300000190734863,7500
2018-11-13,4.300000190734863,4.300000190734863,4.239999771118164,4.239999771118164,27700
2018-11-14,4.25,4.28000020980835,4.21999979019165,4.21999979019165,19900
2018-11-15,4.230000019073486,4.289999961853027,4.230000019073486,4.269999980926514,8600
2018-11-16,4.230000019073486,4.320000171661377,4.230000019073486,4.230000019073486,7700
2018-11-19,4.28000020980835,4.300000190734863,4.239999771118164,4.300000190734863,2800
2018-11-20,4.269999980926514,4.349999904632568,4.239999771118164,4.300000190734863,12300
2018-11-21,4.289999961853027,4.300000190734863,4.21999979019165,4.21999979019165,4300
2018-11-23,4.28000020980835,4.28000020980835,4.210000038146973,4.210000038146973,2500
2018-11-26,4.230000019073486,4.269999980926514,4.230000019073486,4.239999771118164,6300
2018-11-27,4.269999980926514,4.269999980926514,4.25,4.25,10000
2018-11-28,4.289999961853027,4.289999961853027,4.25,4.25,5500
2018-11-29,4.25,4.300000190734863,4.25,4.289999961853027,9900
2018-11-30,4.289999961853027,4.300000190734863,4.289999961853027,4.289999961853027,29500
2018-12-03,4.289999961853027,4.300000190734863,4.210000038146973,4.210000038146973,18100
2018-12-04,4.210000038146973,4.210000038146973,4.099999904632568,4.110000133514404,31300
2018-12-06,4.110000133514404,4.179999828338623,4.079999923706055,4.090000152587891,47000
2018-12-07,4.090000152587891,4.139999866485596,4.090000152587891,4.090000152587891,6300
2018-12-10,4.090000152587891,4.110000133514404,4.090000152587891,4.099999904632568,42500
2018-12-11,4.119999885559082,4.139999866485596,4.099999904632568,4.099999904632568,11900
2018-12-12,4.099999904632568,4.110000133514404,4.099999904632568,4.099999904632568,18800
2018-12-13,4.090000152587891,4.159999847412109,4.090000152587891,4.130000114440918,30300
2018-12-14,4.119999885559082,4.119999885559082,4.099999904632568,4.099999904632568,14400
2018-12-17,4.099999904632568,4.110000133514404,4.010000228881836,4.019999980926514,18900
2018-12-18,4.099999904632568,4.119999885559082,4.010000228881836,4.010000228881836,4900
2018-12-19,4.050000190734863,4.079999923706055,4.019999980926514,4.059999942779541,9500
2018-12-20,3.9800000190734863,4.019999980926514,3.9600000381469727,4.0,20000
2018-12-21,4.0,4.039999961853027,3.9600000381469727,4.039999961853027,9500
2018-12-24,4.03000020980835,4.039999961853027,3.9700000286102295,4.03000020980835,1900
2018-12-26,3.9700000286102295,4.010000228881836,3.930000066757202,3.9800000190734863,41000
2018-12-27,3.9700000286102295,4.179999828338623,3.9700000286102295,4.090000152587891,41500
2018-12-28,4.070000171661377,4.190000057220459,4.019999980926514,4.130000114440918,6300
2018-12-31,4.110000133514404,4.230000019073486,4.03000020980835,4.03000020980835,12800
2019-01-02,4.050000190734863,4.050000190734863,3.950000047683716,4.019999980926514,25200
2019-01-03,4.010000228881836,4.050000190734863,4.010000228881836,4.03000020980835,500
2019-01-04,4.039999961853027,4.099999904632568,4.039999961853027,4.099999904632568,11400
2019-01-07,4.059999942779541,4.059999942779541,4.039999961853027,4.059999942779541,1500
2019-01-08,4.070000171661377,4.079999923706055,4.059999942779541,4.070000171661377,15100
2019-01-09,4.059999942779541,4.099999904632568,4.059999942779541,4.099999904632568,3800
2019-01-10,4.059999942779541,4.139999866485596,4.059999942779541,4.070000171661377,6800
2019-01-11,4.099999904632568,4.099999904632568,4.099999904632568,4.099999904632568,300
2019-01-14,4.099999904632568,4.099999904632568,4.070000171661377,4.070000171661377,8500
2019-01-15,4.090000152587891,4.099999904632568,4.090000152587891,4.090000152587891,2000
2019-01-16,4.099999904632568,4.130000114440918,4.090000152587891,4.110000133514404,58200
2019-01-17,4.099999904632568,4.119999885559082,4.099999904632568,4.110000133514404,10300
2019-01-18,4.119999885559082,4.139999866485596,4.119999885559082,4.130000114440918,7200
2019-01-22,4.119999885559082,4.190000057220459,4.099999904632568,4.110000133514404,9500
2019-01-23,4.139999866485596,4.170000076293945,4.099999904632568,4.110000133514404,80400
2019-01-24,4.110000133514404,4.130000114440918,4.099999904632568,4.130000114440918,1800
2019-01-25,4.119999885559082,4.130000114440918,4.079999923706055,4.090000152587891,35500
2019-01-28,4.090000152587891,4.119999885559082,4.090000152587891,4.099999904632568,2900
2019-01-29,4.119999885559082,4.150000095367432,4.110000133514404,4.150000095367432,27100
2019-01-30,4.150000095367432,4.150000095367432,4.119999885559082,4.139999866485596,19200
2019-01-31,4.130000114440918,4.150000095367432,4.119999885559082,4.139999866485596,7700
2019-02-01,4.139999866485596,4.139999866485596,4.079999923706055,4.099999904632568,38800
2019-02-04,4.099999904632568,4.150000095367432,4.099999904632568,4.139999866485596,7200
2019-02-05,4.130000114440918,4.159999847412109,4.130000114440918,4.130000114440918,25900
2019-02-06,4.150000095367432,4.150000095367432,4.130000114440918,4.139999866485596,8200
2019-02-07,4.110000133514404,4.130000114440918,4.099999904632568,4.099999904632568,15600
2019-02-08,4.099999904632568,4.150000095367432,4.099999904632568,4.139999866485596,29300
2019-02-11,4.150000095367432,4.150000095367432,4.130000114440918,4.130000114440918,31200
2019-02-12,4.130000114440918,4.170000076293945,4.130000114440918,4.150000095367432,17900
2019-02-13,4.139999866485596,4.170000076293945,4.130000114440918,4.170000076293945,21700
2019-02-14,4.170000076293945,4.190000057220459,4.170000076293945,4.179999828338623,29000
2019-02-15,4.190000057220459,4.199999809265137,4.150000095367432,4.150000095367432,22000
2019-02-19,4.170000076293945,4.199999809265137,4.170000076293945,4.199999809265137,67800
2019-02-20,4.199999809265137,4.199999809265137,4.190000057220459,4.190000057220459,32100
2019-02-21,4.199999809265137,4.21999979019165,4.190000057220459,4.21999979019165,31600
2019-02-22,4.199999809265137,4.21999979019165,4.199999809265137,4.199999809265137,11400
2019-02-25,4.199999809265137,4.21999979019165,4.190000057220459,4.210000038146973,40700
2019-02-26,4.210000038146973,4.239999771118164,4.210000038146973,4.239999771118164,29200
2019-02-27,4.239999771118164,4.239999771118164,4.230000019073486,4.239999771118164,12900
2019-02-28,4.230000019073486,4.239999771118164,4.230000019073486,4.239999771118164,10700
2019-03-01,4.230000019073486,4.239999771118164,4.230000019073486,4.239999771118164,12100
2019-03-04,4.239999771118164,4.239999771118164,4.230000019073486,4.239999771118164,25300
2019-03-05,4.239999771118164,4.239999771118164,4.230000019073486,4.230000019073486,11000
2019-03-06,4.239999771118164,4.239999771118164,4.230000019073486,4.230000019073486,11300
2019-03-07,4.239999771118164,4.239999771118164,4.070000171661377,4.170000076293945,6600
2019-03-08,4.170000076293945,4.179999828338623,4.150000095367432,4.159999847412109,4300
2019-03-11,4.139999866485596,4.139999866485596,4.099999904632568,4.139999866485596,9200
2019-03-12,4.119999885559082,4.139999866485596,4.110000133514404,4.110000133514404,1500
2019-03-13,4.130000114440918,4.139999866485596,4.110000133514404,4.119999885559082,17200
2019-03-14,4.130000114440918,4.150000095367432,4.130000114440918,4.130000114440918,1700
2019-03-15,4.139999866485596,4.150000095367432,4.110000133514404,4.150000095367432,28500
2019-03-18,4.139999866485596,4.150000095367432,4.110000133514404,4.150000095367432,8900
2019-03-19,4.139999866485596,4.150000095367432,4.099999904632568,4.099999904632568,37600
2019-03-20,4.119999885559082,4.130000114440918,4.110000133514404,4.110000133514404,1800
2019-03-21,4.090000152587891,4.110000133514404,4.090000152587891,4.090000152587891,8500
2019-03-22,4.090000152587891,4.090000152587891,3.9800000190734863,4.019999980926514,34200
2019-03-25,3.9800000190734863,4.010000228881836,3.9200000762939453,4.0,14000
2019-03-26,3.9700000286102295,4.0,3.9600000381469727,3.9700000286102295,10800
2019-03-27,3.9700000286102295,4.039999961853027,3.9700000286102295,4.010000228881836,10800
2019-03-28,4.010000228881836,4.03000020980835,3.9800000190734863,4.010000228881836,2600
2019-03-29,4.03000020980835,4.03000020980835,4.0,4.019999980926514,6100
2019-04-01,4.03000020980835,4.039999961853027,4.019999980926514,4.03000020980835,11600
2019-04-02,4.039999961853027,4.039999961853027,4.019999980926514,4.03000020980835,3300
2019-04-03,4.03000020980835,4.039999961853027,4.03000020980835,4.039999961853027,1800
2019-04-04,4.03000020980835,4.050000190734863,4.03000020980835,4.03000020980835,15500
2019-04-05,4.019999980926514,4.039999961853027,4.019999980926514,4.039999961853027,2200
2019-04-08,4.03000020980835,4.050000190734863,4.03000020980835,4.050000190734863,2100
2019-04-09,4.039999961853027,4.050000190734863,4.03000020980835,4.039999961853027,2700
2019-04-10,4.039999961853027,4.070000171661377,4.03000020980835,4.03000020980835,3700
2019-04-11,4.019999980926514,4.039999961853027,4.019999980926514,4.039999961853027,3500
2019-04-12,4.079999923706055,4.079999923706055,4.03000020980835,4.03000020980835,6100
2019-04-15,4.039999961853027,4.070000171661377,4.03000020980835,4.070000171661377,11800
2019-04-16,4.070000171661377,4.130000114440918,4.050000190734863,4.050000190734863,73300
2019-04-17,4.099999904632568,4.099999904632568,4.039999961853027,4.050000190734863,5700
2019-04-18,4.050000190734863,4.070000171661377,4.03000020980835,4.059999942779541,7800
2019-04-22,4.059999942779541,4.059999942779541,4.039999961853027,4.039999961853027,4800
2019-04-23,4.059999942779541,4.070000171661377,4.039999961853027,4.059999942779541,22700
2019-04-24,4.059999942779541,4.079999923706055,4.059999942779541,4.059999942779541,4300
2019-04-25,4.070000171661377,4.090000152587891,4.059999942779541,4.079999923706055,28500
2019-04-26,4.079999923706055,4.099999904632568,4.079999923706055,4.090000152587891,26800
2019-04-29,4.099999904632568,4.130000114440918,4.099999904632568,4.130000114440918,30800
2019-04-30,4.090000152587891,4.130000114440918,4.090000152587891,4.119999885559082,10100
2019-05-01,4.130000114440918,4.139999866485596,4.110000133514404,4.130000114440918,13300
2019-05-02,4.130000114440918,4.199999809265137,4.130000114440918,4.199999809265137,14000
2019-05-03,4.199999809265137,4.199999809265137,4.179999828338623,4.190000057220459,21300
2019-05-06,4.190000057220459,4.210000038146973,4.079999923706055,4.079999923706055,85000
2019-05-07,4.090000152587891,4.199999809265137,4.090000152587891,4.190000057220459,15100
2019-05-08,4.170000076293945,4.190000057220459,4.150000095367432,4.190000057220459,15100
2019-05-09,4.150000095367432,4.170000076293945,4.150000095367432,4.159999847412109,13400
2019-05-10,4.190000057220459,4.210000038146973,4.139999866485596,4.170000076293945,10600
2019-05-13,4.159999847412109,4.230000019073486,4.150000095367432,4.170000076293945,32100
2019-05-14,4.190000057220459,4.199999809265137,4.159999847412109,4.179999828338623,11800
2019-05-15,4.190000057220459,4.199999809265137,4.179999828338623,4.199999809265137,11600
2019-05-16,4.179999828338623,4.199999809265137,4.170000076293945,4.199999809265137,7300
2019-05-17,4.150000095367432,4.230000019073486,4.150000095367432,4.230000019073486,8800
2019-05-20,4.170000076293945,4.230000019073486,4.170000076293945,4.179999828338623,14100
2019-05-21,4.190000057220459,4.210000038146973,4.139999866485596,4.199999809265137,11500
2019-05-22,4.159999847412109,4.179999828338623,4.110000133514404,4.179999828338623,11100
2019-05-23,4.130000114440918,4.170000076293945,4.130000114440918,4.170000076293945,5800
2019-05-24,4.119999885559082,4.190000057220459,4.119999885559082,4.179999828338623,13700
2019-05-28,4.150000095367432,4.199999809265137,4.150000095367432,4.199999809265137,1200
2019-05-29,4.139999866485596,4.159999847412109,4.139999866485596,4.139999866485596,19000
2019-05-30,4.179999828338623,4.199999809265137,4.179999828338623,4.199999809265137,9500
2019-05-31,4.130000114440918,4.170000076293945,4.119999885559082,4.119999885559082,9000
2019-06-03,4.159999847412109,4.300000190734863,4.110000133514404,4.300000190734863,22600
2019-06-04,4.289999961853027,4.289999961853027,4.130000114440918,4.130000114440918,8200
2019-06-05,4.190000057220459,4.190000057220459,4.190000057220459,4.190000057220459,5500
2019-06-06,4.170000076293945,4.199999809265137,4.150000095367432,4.150000095367432,6700
2019-06-07,4.190000057220459,4.190000057220459,4.179999828338623,4.179999828338623,2600
2019-06-10,4.190000057220459,4.230000019073486,4.170000076293945,4.170000076293945,68000
2019-06-11,4.179999828338623,4.21999979019165,4.170000076293945,4.21999979019165,3900
2019-06-12,4.21999979019165,4.230000019073486,4.099999904632568,4.190000057220459,24600
2019-06-13,4.179999828338623,4.179999828338623,4.179999828338623,4.179999828338623,1200
2019-06-14,4.159999847412109,4.170000076293945,4.150000095367432,4.150000095367432,4300
2019-06-17,4.139999866485596,4.159999847412109,4.139999866485596,4.159999847412109,1300
2019-06-18,4.159999847412109,4.179999828338623,4.139999866485596,4.179999828338623,2400
2019-06-19,4.190000057220459,4.199999809265137,4.159999847412109,4.190000057220459,6900
2019-06-20,4.110000133514404,4.179999828338623,4.110000133514404,4.150000095367432,5600
2019-06-21,4.110000133514404,4.170000076293945,4.099999904632568,4.150000095367432,23100
2019-06-24,4.159999847412109,4.159999847412109,4.059999942779541,4.099999904632568,8300
2019-06-25,4.099999904632568,4.099999904632568,4.070000171661377,4.070000171661377,6600
2019-06-26,4.090000152587891,4.119999885559082,4.079999923706055,4.099999904632568,4000
2019-06-27,4.110000133514404,4.139999866485596,4.099999904632568,4.099999904632568,3800
2019-06-28,4.130000114440918,4.150000095367432,4.130000114440918,4.150000095367432,17100
2019-07-01,4.139999866485596,4.159999847412109,4.079999923706055,4.099999904632568,9100
2019-07-02,4.099999904632568,4.119999885559082,4.099999904632568,4.110000133514404,4100
2019-07-03,4.099999904632568,4.110000133514404,4.099999904632568,4.110000133514404,600
2019-07-05,4.110000133514404,4.110000133514404,4.099999904632568,4.099999904632568,1800
2019-07-08,4.119999885559082,4.119999885559082,4.099999904632568,4.110000133514404,2600
2019-07-09,4.119999885559082,4.139999866485596,4.079999923706055,4.079999923706055,12500
2019-07-10,4.079999923706055,4.139999866485596,4.079999923706055,4.139999866485596,8000
2019-07-11,4.139999866485596,4.159999847412109,4.090000152587891,4.150000095367432,4800
2019-07-12,4.119999885559082,4.159999847412109,4.079999923706055,4.079999923706055,7000
2019-07-15,4.099999904632568,4.119999885559082,4.099999904632568,4.119999885559082,900
2019-07-16,4.130000114440918,4.150000095367432,4.119999885559082,4.130000114440918,6000
2019-07-17,4.119999885559082,4.159999847412109,4.110000133514404,4.110000133514404,3700
2019-07-18,4.110000133514404,4.119999885559082,4.110000133514404,4.119999885559082,400
2019-07-19,4.119999885559082,4.130000114440918,4.099999904632568,4.099999904632568,7400
2019-07-22,4.099999904632568,4.130000114440918,4.099999904632568,4.110000133514404,2400
2019-07-23,4.099999904632568,4.119999885559082,4.099999904632568,4.099999904632568,2900
2019-07-24,4.119999885559082,4.130000114440918,4.110000133514404,4.130000114440918,5100
2019-07-25,4.110000133514404,4.119999885559082,4.099999904632568,4.119999885559082,9500
2019-07-26,4.119999885559082,4.170000076293945,4.099999904632568,4.099999904632568,5900
2019-07-29,4.179999828338623,4.179999828338623,4.099999904632568,4.099999904632568,6700
2019-07-30,4.139999866485596,4.159999847412109,4.110000133514404,4.159999847412109,28800
2019-07-31,4.099999904632568,4.170000076293945,4.099999904632568,4.099999904632568,19600
2019-08-01,4.139999866485596,4.170000076293945,4.099999904632568,4.099999904632568,11500
2019-08-02,4.139999866485596,4.150000095367432,4.099999904632568,4.139999866485596,2100
2019-08-05,4.099999904632568,4.119999885559082,4.099999904632568,4.099999904632568,2000
2019-08-06,4.110000133514404,4.159999847412109,4.110000133514404,4.150000095367432,24400
2019-08-07,4.150000095367432,4.179999828338623,4.119999885559082,4.119999885559082,4600
2019-08-08,4.190000057220459,4.190000057220459,4.099999904632568,4.099999904632568,5600
2019-08-09,4.159999847412109,4.190000057220459,4.130000114440918,4.179999828338623,5500
2019-08-12,4.110000133514404,4.119999885559082,4.099999904632568,4.110000133514404,9900
2019-08-13,4.099999904632568,4.139999866485596,4.099999904632568,4.139999866485596,59900
2019-08-14,4.099999904632568,4.139999866485596,4.099999904632568,4.139999866485596,27900
2019-08-15,4.099999904632568,4.150000095367432,4.099999904632568,4.139999866485596,13900
2019-08-16,4.170000076293945,4.170000076293945,4.159999847412109,4.159999847412109,2800
2019-08-19,4.150000095367432,4.21999979019165,4.150000095367432,4.199999809265137,68700
2019-08-20,4.170000076293945,4.190000057220459,4.110000133514404,4.139999866485596,15400
2019-08-21,4.150000095367432,4.150000095367432,4.139999866485596,4.150000095367432,5500
2019-08-22,4.139999866485596,4.179999828338623,4.139999866485596,4.170000076293945,3100
2019-08-23,4.179999828338623,4.199999809265137,4.119999885559082,4.119999885559082,9400
2019-08-26,4.150000095367432,4.210000038146973,4.130000114440918,4.199999809265137,14900
2019-08-27,4.179999828338623,4.21999979019165,4.170000076293945,4.199999809265137,47100
2019-08-28,4.21999979019165,4.21999979019165,4.190000057220459,4.199999809265137,7800
2019-08-29,4.190000057220459,4.25,4.179999828338623,4.190000057220459,10900
2019-08-30,4.199999809265137,4.199999809265137,4.150000095367432,4.150000095367432,20900
2019-09-03,4.230000019073486,4.230000019073486,4.159999847412109,4.179999828338623,5800
2019-09-04,4.170000076293945,4.190000057220459,4.150000095367432,4.150000095367432,1400
2019-09-05,4.210000038146973,4.239999771118164,4.210000038146973,4.239999771118164,600
2019-09-06,4.239999771118164,4.239999771118164,4.119999885559082,4.119999885559082,29100
2019-09-09,4.239999771118164,4.239999771118164,4.159999847412109,4.170000076293945,11700
2019-09-10,4.170000076293945,4.170000076293945,4.130000114440918,4.170000076293945,7800
2019-09-11,4.170000076293945,4.199999809265137,4.159999847412109,4.199999809265137,5400
2019-09-12,4.150000095367432,4.199999809265137,4.150000095367432,4.190000057220459,8700
2019-09-13,4.159999847412109,4.199999809265137,4.159999847412109,4.179999828338623,7000
2019-09-16,4.199999809265137,4.199999809265137,4.159999847412109,4.159999847412109,2300
2019-09-17,4.159999847412109,4.170000076293945,4.110000133514404,4.119999885559082,21900
2019-09-18,4.119999885559082,4.170000076293945,4.110000133514404,4.110000133514404,3200
2019-09-19,4.119999885559082,4.139999866485596,4.119999885559082,4.119999885559082,12500
2019-09-20,4.119999885559082,4.199999809265137,4.119999885559082,4.199999809265137,14100
2019-09-23,4.159999847412109,4.199999809265137,4.119999885559082,4.150000095367432,8600
2019-09-24,4.130000114440918,4.190000057220459,4.119999885559082,4.170000076293945,13700
2019-09-25,4.130000114440918,4.199999809265137,4.130000114440918,4.159999847412109,5900
2019-09-26,4.199999809265137,4.199999809265137,4.119999885559082,4.150000095367432,3500
2019-09-27,4.170000076293945,4.190000057220459,4.119999885559082,4.119999885559082,8800
2019-09-30,4.150000095367432,4.179999828338623,4.110000133514404,4.139999866485596,43000
2019-10-01,4.150000095367432,4.150000095367432,4.119999885559082,4.150000095367432,2500
2019-10-02,4.130000114440918,4.150000095367432,4.119999885559082,4.119999885559082,6600
2019-10-03,4.159999847412109,4.159999847412109,4.119999885559082,4.119999885559082,7900
2019-10-04,4.139999866485596,4.150000095367432,4.119999885559082,4.150000095367432,19500
2019-10-07,4.179999828338623,4.190000057220459,4.119999885559082,4.119999885559082,1900
2019-10-08,4.179999828338623,4.179999828338623,4.130000114440918,4.150000095367432,2200
2019-10-09,4.119999885559082,4.119999885559082,4.119999885559082,4.119999885559082,600
2019-10-10,4.159999847412109,4.179999828338623,4.119999885559082,4.119999885559082,1200
2019-10-11,4.119999885559082,4.159999847412109,4.119999885559082,4.150000095367432,5300
2019-10-14,4.130000114440918,4.170000076293945,4.130000114440918,4.170000076293945,600
2019-10-15,4.119999885559082,4.159999847412109,4.119999885559082,4.159999847412109,27200
2019-10-16,4.159999847412109,4.159999847412109,4.119999885559082,4.150000095367432,9700
2019-10-17,4.130000114440918,4.139999866485596,4.110000133514404,4.119999885559082,22600
2019-10-18,4.130000114440918,4.139999866485596,4.130000114440918,4.139999866485596,5500
2019-10-21,4.119999885559082,4.159999847412109,4.119999885559082,4.119999885559082,21700
2019-10-22,4.190000057220459,4.190000057220459,4.119999885559082,4.139999866485596,9200
2019-10-23,4.190000057220459,4.190000057220459,4.130000114440918,4.170000076293945,3100
2019-10-24,4.130000114440918,4.139999866485596,4.130000114440918,4.139999866485596,4400
2019-10-25,4.150000095367432,4.190000057220459,4.150000095367432,4.190000057220459,4800
2019-10-28,4.170000076293945,4.170000076293945,4.130000114440918,4.130000114440918,14600
2019-10-29,4.139999866485596,4.159999847412109,4.130000114440918,4.130000114440918,3100
2019-10-30,4.130000114440918,4.179999828338623,4.119999885559082,4.179999828338623,19100
2019-10-31,4.170000076293945,4.199999809265137,4.130000114440918,4.159999847412109,11600
2019-11-01,4.150000095367432,4.170000076293945,4.150000095367432,4.170000076293945,1900
2019-11-04,4.170000076293945,4.170000076293945,4.170000076293945,4.170000076293945,2700
2019-11-05,4.170000076293945,4.199999809265137,4.170000076293945,4.199999809265137,9200
2019-11-06,4.190000057220459,4.190000057220459,4.190000057220459,4.190000057220459,2300
2019-11-07,4.179999828338623,4.179999828338623,4.179999828338623,4.179999828338623,4100
2019-11-08,4.150000095367432,4.159999847412109,4.150000095367432,4.159999847412109,1300
2019-11-11,4.159999847412109,4.190000057220459,4.159999847412109,4.190000057220459,1800
2019-11-12,4.170000076293945,4.170000076293945,4.170000076293945,4.170000076293945,3800
2019-11-13,4.170000076293945,4.179999828338623,4.130000114440918,4.170000076293945,11500
2019-11-14,4.170000076293945,4.190000057220459,4.159999847412109,4.170000076293945,3400
2019-11-15,4.190000057220459,4.199999809265137,4.150000095367432,4.159999847412109,5000
2019-11-18,4.170000076293945,4.199999809265137,4.119999885559082,4.139999866485596,14300
2019-11-19,4.150000095367432,4.170000076293945,4.130000114440918,4.150000095367432,15200
2019-11-20,4.130000114440918,4.199999809265137,4.110000133514404,4.110000133514404,21200
2019-11-21,4.150000095367432,4.170000076293945,4.110000133514404,4.130000114440918,26000
2019-11-22,4.170000076293945,4.170000076293945,4.150000095367432,4.150000095367432,1600
2019-11-25,4.170000076293945,4.199999809265137,4.170000076293945,4.179999828338623,3300
2019-11-26,4.190000057220459,4.190000057220459,4.159999847412109,4.159999847412109,24500
2019-11-27,4.199999809265137,4.199999809265137,4.150000095367432,4.150000095367432,7500
2019-11-29,4.170000076293945,4.190000057220459,4.170000076293945,4.190000057220459,1600
2019-12-02,4.190000057220459,4.190000057220459,4.190000057220459,4.190000057220459,400
2019-12-03,4.150000095367432,4.190000057220459,4.130000114440918,4.159999847412109,5700
2019-12-04,4.159999847412109,4.21999979019165,4.150000095367432,4.170000076293945,6900
2019-12-05,4.210000038146973,4.210000038146973,4.179999828338623,4.179999828338623,3900
2019-12-06,4.159999847412109,4.199999809265137,4.150000095367432,4.150000095367432,7800
2019-12-09,4.179999828338623,4.190000057220459,4.150000095367432,4.150000095367432,6800
2019-12-10,4.170000076293945,4.170000076293945,4.159999847412109,4.159999847412109,6500
2019-12-11,4.159999847412109,4.179999828338623,4.159999847412109,4.170000076293945,5700
2019-12-12,4.170000076293945,4.199999809265137,4.150000095367432,4.199999809265137,35500
2019-12-13,4.199999809265137,4.25,4.190000057220459,4.25,19800
2019-12-16,4.21999979019165,4.25,4.199999809265137,4.239999771118164,10000
2019-12-17,4.239999771118164,4.239999771118164,4.190000057220459,4.21999979019165,8000
2019-12-18,4.199999809265137,4.300000190734863,4.199999809265137,4.300000190734863,4300
2019-12-19,4.239999771118164,4.260000228881836,4.210000038146973,4.260000228881836,14100
2019-12-20,4.260000228881836,4.289999961853027,4.110000133514404,4.289999961853027,20800
2019-12-23,4.28000020980835,4.28000020980835,4.230000019073486,4.25,3100
2019-12-24,4.239999771118164,4.239999771118164,4.230000019073486,4.239999771118164,600
2019-12-26,4.239999771118164,4.289999961853027,4.230000019073486,4.289999961853027,3300
2019-12-27,4.239999771118164,4.260000228881836,4.239999771118164,4.239999771118164,11300
2019-12-30,4.239999771118164,4.239999771118164,4.190000057220459,4.21999979019165,7400
2019-12-31,4.239999771118164,4.260000228881836,4.199999809265137,4.199999809265137,9300
2020-01-02,4.199999809265137,4.260000228881836,4.199999809265137,4.239999771118164,22400
2020-01-03,4.239999771118164,4.25,4.150000095367432,4.150000095367432,15300
2020-01-06,4.239999771118164,4.239999771118164,4.179999828338623,4.179999828338623,4300
2020-01-07,4.199999809265137,4.239999771118164,4.199999809265137,4.21999979019165,2700
2020-01-08,4.190000057220459,4.21999979019165,4.150000095367432,4.190000057220459,10500
2020-01-09,4.190000057220459,4.199999809265137,4.170000076293945,4.179999828338623,5200
2020-01-10,4.179999828338623,4.21999979019165,4.170000076293945,4.199999809265137,18700
2020-01-13,4.21999979019165,4.28000020980835,4.170000076293945,4.179999828338623,13700
2020-01-14,4.179999828338623,4.199999809265137,4.179999828338623,4.179999828338623,11100
2020-01-15,4.179999828338623,4.179999828338623,4.130000114440918,4.130000114440918,17800
2020-01-16,4.150000095367432,4.179999828338623,4.150000095367432,4.170000076293945,27800
2020-01-17,4.179999828338623,4.179999828338623,4.159999847412109,4.179999828338623,3800
2020-01-21,4.179999828338623,4.21999979019165,4.150000095367432,4.21999979019165,5800
2020-01-22,4.21999979019165,4.21999979019165,4.159999847412109,4.190000057220459,15500
2020-01-23,4.170000076293945,4.210000038146973,4.159999847412109,4.159999847412109,6500
2020-01-24,4.179999828338623,4.190000057220459,4.139999866485596,4.139999866485596,26700
2020-01-27,4.139999866485596,4.179999828338623,4.130000114440918,4.130000114440918,25500
2020-01-28,4.150000095367432,4.190000057220459,4.139999866485596,4.150000095367432,34700
2020-01-29,4.150000095367432,4.159999847412109,4.139999866485596,4.139999866485596,18400
2020-01-30,4.139999866485596,4.150000095367432,4.119999885559082,4.119999885559082,21700
2020-01-31,4.119999885559082,4.150000095367432,4.099999904632568,4.099999904632568,12900
2020-02-03,4.099999904632568,4.150000095367432,4.099999904632568,4.099999904632568,8400
2020-02-04,4.099999904632568,4.150000095367432,4.099999904632568,4.119999885559082,9800
2020-02-05,4.130000114440918,4.150000095367432,4.110000133514404,4.110000133514404,9700
2020-02-06,4.150000095367432,4.159999847412109,4.119999885559082,4.130000114440918,22700
2020-02-07,4.139999866485596,4.150000095367432,4.130000114440918,4.130000114440918,9200
2020-02-10,4.130000114440918,4.150000095367432,4.119999885559082,4.139999866485596,10700
2020-02-11,4.139999866485596,4.159999847412109,4.130000114440918,4.159999847412109,3700
2020-02-12,4.139999866485596,4.159999847412109,4.139999866485596,4.150000095367432,8200
2020-02-13,4.139999866485596,4.150000095367432,4.130000114440918,4.130000114440918,8300
2020-02-14,4.150000095367432,4.150000095367432,4.119999885559082,4.139999866485596,4800
2020-02-18,4.159999847412109,4.159999847412109,4.099999904632568,4.130000114440918,24500
2020-02-19,4.110000133514404,4.130000114440918,4.099999904632568,4.099999904632568,4800
2020-02-20,4.119999885559082,4.130000114440918,4.119999885559082,4.119999885559082,1300
2020-02-21,4.130000114440918,4.130000114440918,4.119999885559082,4.119999885559082,2400
2020-02-24,4.110000133514404,4.110000133514404,4.090000152587891,4.099999904632568,26000
2020-02-25,4.090000152587891,4.099999904632568,4.079999923706055,4.090000152587891,16300
2020-02-26,4.090000152587891,4.090000152587891,4.079999923706055,4.079999923706055,26300
2020-02-27,4.079999923706055,4.079999923706055,4.039999961853027,4.039999961853027,67000
2020-02-28,4.070000171661377,4.079999923706055,4.03000020980835,4.03000020980835,42500
2020-03-02,4.010000228881836,4.010000228881836,3.990000009536743,3.990000009536743,29900
2020-03-03,3.9800000190734863,4.0,3.9600000381469727,3.9800000190734863,104500
2020-03-04,3.9800000190734863,4.0,3.9800000190734863,3.9800000190734863,9800
2020-03-05,3.990000009536743,4.0,3.9600000381469727,3.9700000286102295,33700
2020-03-06,3.9600000381469727,3.990000009536743,3.950000047683716,3.950000047683716,32500
2020-03-09,3.950000047683716,3.950000047683716,3.75,3.799999952316284,66300
2020-03-10,3.75,3.880000114440918,3.75,3.75,21400
2020-03-11,3.7899999618530273,3.8399999141693115,3.75,3.75,96300
2020-03-12,3.75,3.799999952316284,3.200000047683716,3.200000047683716,94100
2020-03-13,3.259999990463257,3.7699999809265137,3.259999990463257,3.700000047683716,11900
2020-03-16,3.6600000858306885,3.6600000858306885,3.4000000953674316,3.5299999713897705,85900
2020-03-17,3.5999999046325684,3.609999895095825,3.450000047683716,3.4600000381469727,14200
2020-03-18,3.450000047683716,3.4600000381469727,3.0199999809265137,3.0999999046325684,65200
2020-03-19,3.069999933242798,3.569999933242798,2.9600000381469727,3.009999990463257,32200
2020-03-20,3.2100000381469727,3.309999942779541,2.9800000190734863,3.0399999618530273,33400
2020-03-23,2.9700000286102295,2.9700000286102295,2.559999942779541,2.559999942779541,105700
2020-03-24,2.5999999046325684,2.6700000762939453,2.5399999618530273,2.559999942779541,27600
2020-03-25,2.569999933242798,2.8299999237060547,2.369999885559082,2.390000104904175,43600
2020-03-26,2.450000047683716,2.6500000953674316,2.359999895095825,2.6500000953674316,107900
2020-03-27,2.640000104904175,2.930000066757202,2.640000104904175,2.8399999141693115,34500
2020-03-30,2.640000104904175,2.700000047683716,2.609999895095825,2.6600000858306885,17200
2020-03-31,2.690000057220459,2.7899999618530273,2.619999885559082,2.619999885559082,28900
2020-04-01,2.619999885559082,2.799999952316284,2.569999933242798,2.7899999618530273,15300
2020-04-02,2.7899999618530273,2.799999952316284,2.559999942779541,2.5899999141693115,22400
2020-04-03,2.6700000762939453,2.740000009536743,2.559999942779541,2.740000009536743,23300
2020-04-06,2.8299999237060547,2.859999895095825,2.700000047683716,2.75,17000
2020-04-07,2.759999990463257,2.759999990463257,2.559999942779541,2.559999942779541,19200
2020-04-08,2.559999942779541,2.630000114440918,2.549999952316284,2.630000114440918,35200
2020-04-09,2.7300000190734863,3.049999952316284,2.7200000286102295,2.7899999618530273,35000
2020-04-13,2.7300000190734863,2.869999885559082,2.7300000190734863,2.8499999046325684,2900
2020-04-14,2.930000066757202,2.9600000381469727,2.700000047683716,2.7200000286102295,28200
2020-04-15,2.7699999809265137,2.7699999809265137,2.6500000953674316,2.690000057220459,13400
2020-04-16,2.6500000953674316,2.6500000953674316,2.5,2.509999990463257,39600
2020-04-17,2.6700000762939453,2.7799999713897705,2.6600000858306885,2.759999990463257,3800
2020-04-20,2.7899999618530273,2.7899999618530273,2.740000009536743,2.740000009536743,6100
2020-04-21,2.740000009536743,2.740000009536743,2.7100000381469727,2.7200000286102295,5800
2020-04-22,2.7200000286102295,2.7300000190734863,2.7100000381469727,2.7300000190734863,1800
2020-04-23,2.7100000381469727,2.7200000286102295,2.7100000381469727,2.7200000286102295,500
2020-04-24,2.7200000286102295,2.759999990463257,2.700000047683716,2.700000047683716,1200
2020-04-27,2.7899999618530273,3.109999895095825,2.75,2.940000057220459,32700
2020-04-28,3.0,3.4200000762939453,3.0,3.0,6900
2020-04-29,3.009999990463257,3.200000047683716,3.009999990463257,3.0399999618530273,8800
2020-04-30,3.0899999141693115,3.190000057220459,3.0799999237060547,3.190000057220459,4500
2020-05-01,3.1700000762939453,3.359999895095825,2.880000114440918,2.9000000953674316,54800
2020-05-04,2.950000047683716,3.140000104904175,2.880000114440918,2.9100000858306885,15800
2020-05-05,3.0399999618530273,3.0899999141693115,2.9100000858306885,2.9100000858306885,18100
2020-05-06,2.859999895095825,3.0,2.859999895095825,2.9000000953674316,18000
2020-05-07,2.8499999046325684,3.0999999046325684,2.8499999046325684,3.0799999237060547,24900
2020-05-08,3.130000114440918,3.3499999046325684,2.9700000286102295,3.069999933242798,27700
2020-05-11,2.950000047683716,3.140000104904175,2.9200000762939453,2.9200000762939453,28000
2020-05-12,2.930000066757202,3.0299999713897705,2.930000066757202,2.9800000190734863,9600
2020-05-13,2.990000009536743,3.0,2.880000114440918,3.0,8300
2020-05-14,3.0,3.140000104904175,2.880000114440918,3.140000104904175,12000
2020-05-15,3.0299999713897705,3.0399999618530273,2.930000066757202,2.940000057220459,6600
2020-05-18,3.0799999237060547,3.200000047683716,2.950000047683716,3.0,6200
2020-05-19,3.0199999809265137,3.0999999046325684,2.859999895095825,2.859999895095825,17500
2020-05-20,2.859999895095825,2.890000104904175,2.8499999046325684,2.869999885559082,15300
2020-05-21,2.890000104904175,2.9000000953674316,2.819999933242798,2.819999933242798,16500
2020-05-22,2.880000114440918,2.880000114440918,2.7699999809265137,2.880000114440918,9800
2020-05-26,2.9600000381469727,3.0199999809265137,2.9000000953674316,2.9700000286102295,12700
2020-05-27,2.7699999809265137,3.0299999713897705,2.7699999809265137,3.009999990463257,11400
2020-05-28,2.9600000381469727,2.9600000381469727,2.869999885559082,2.869999885559082,2800
2020-05-29,2.9700000286102295,2.9700000286102295,2.9000000953674316,2.930000066757202,7100
2020-06-01,2.990000009536743,3.0,2.859999895095825,3.0,12700
2020-06-02,2.9000000953674316,2.940000057220459,2.8399999141693115,2.8399999141693115,8500
2020-06-03,2.9600000381469727,3.0,2.890000104904175,2.940000057220459,10400
2020-06-04,2.950000047683716,2.9800000190734863,2.859999895095825,2.9700000286102295,20600
2020-06-05,3.0799999237060547,3.2699999809265137,3.009999990463257,3.2100000381469727,42100
2020-06-08,3.380000114440918,3.430000066757202,3.119999885559082,3.1500000953674316,6800
2020-06-09,3.140000104904175,3.140000104904175,3.049999952316284,3.0899999141693115,4600
2020-06-10,3.1500000953674316,3.1500000953674316,3.0299999713897705,3.0899999141693115,3900
2020-06-11,2.9800000190734863,3.119999885559082,2.809999942779541,2.8299999237060547,9400
2020-06-12,3.059999942779541,3.059999942779541,2.859999895095825,2.940000057220459,5700
2020-06-15,2.799999952316284,2.990000009536743,2.799999952316284,2.930000066757202,5800
2020-06-16,3.1500000953674316,3.1500000953674316,2.9800000190734863,3.0299999713897705,14600
2020-06-17,3.0299999713897705,3.0299999713897705,2.890000104904175,2.890000104904175,5900
2020-06-18,3.0899999141693115,3.119999885559082,3.0,3.0899999141693115,45000
2020-06-19,3.0299999713897705,3.1500000953674316,3.0299999713897705,3.1500000953674316,13800
2020-06-22,3.1500000953674316,3.1700000762939453,3.0999999046325684,3.130000114440918,3400
2020-06-23,3.0299999713897705,3.200000047683716,3.009999990463257,3.0999999046325684,11200
2020-06-24,3.0999999046325684,3.1500000953674316,2.9700000286102295,2.9700000286102295,21500
2020-06-25,2.9600000381469727,3.0999999046325684,2.9600000381469727,3.0399999618530273,3500
2020-06-26,3.0899999141693115,3.109999895095825,2.930000066757202,3.0,22100
2020-06-29,3.119999885559082,3.140000104904175,3.0399999618530273,3.140000104904175,16300
2020-06-30,3.0999999046325684,3.119999885559082,3.0299999713897705,3.0799999237060547,4500
2020-07-01,3.0399999618530273,3.069999933242798,2.950000047683716,2.950000047683716,2300
2020-07-02,3.119999885559082,3.119999885559082,2.990000009536743,3.0,2300
2020-07-06,3.0,3.0999999046325684,2.9800000190734863,3.059999942779541,19300
2020-07-07,3.0199999809265137,3.0199999809265137,2.950000047683716,2.950000047683716,1100
2020-07-08,3.009999990463257,3.009999990463257,2.809999942779541,2.8499999046325684,16200
2020-07-09,2.9000000953674316,2.930000066757202,2.9000000953674316,2.930000066757202,12200
2020-07-10,2.9100000858306885,2.9100000858306885,2.9100000858306885,2.9100000858306885,3200
2020-07-13,2.9000000953674316,2.9100000858306885,2.819999933242798,2.8499999046325684,8800
2020-07-14,2.9200000762939453,2.940000057220459,2.819999933242798,2.880000114440918,6900
2020-07-15,2.9200000762939453,2.940000057220459,2.8399999141693115,2.8399999141693115,14100
2020-07-16,2.890000104904175,2.890000104904175,2.819999933242798,2.869999885559082,8500
2020-07-17,2.8399999141693115,2.869999885559082,2.7200000286102295,2.869999885559082,25600
2020-07-20,2.8299999237060547,2.8299999237060547,2.799999952316284,2.8299999237060547,15000
2020-07-21,2.890000104904175,3.0,2.869999885559082,3.0,6300
2020-07-22,3.0,3.0,2.950000047683716,2.950000047683716,12700
2020-07-23,2.9800000190734863,2.990000009536743,2.930000066757202,2.930000066757202,2000
2020-07-24,2.9100000858306885,2.940000057220459,2.9100000858306885,2.940000057220459,1000
2020-07-27,2.9700000286102295,3.0,2.9000000953674316,2.950000047683716,8000
2020-07-28,2.930000066757202,2.9700000286102295,2.930000066757202,2.9700000286102295,6000
2020-07-29,2.9800000190734863,3.0,2.9700000286102295,3.0,15500
2020-07-30,3.0,3.0,2.950000047683716,2.9700000286102295,8200
2020-07-31,3.0,3.0,2.869999885559082,2.869999885559082,10500
2020-08-03,2.869999885559082,2.890000104904175,2.8399999141693115,2.890000104904175,5900
2020-08-04,2.890000104904175,2.9100000858306885,2.880000114440918,2.9100000858306885,3700
2020-08-05,2.9200000762939453,2.9600000381469727,2.9000000953674316,2.940000057220459,12400
2020-08-06,2.9100000858306885,2.940000057220459,2.9100000858306885,2.9200000762939453,2300
2020-08-07,2.930000066757202,2.930000066757202,2.880000114440918,2.9200000762939453,2000
2020-08-10,2.940000057220459,2.990000009536743,2.890000104904175,2.990000009536743,5600
2020-08-11,2.9800000190734863,2.9800000190734863,2.890000104904175,2.9100000858306885,19800
2020-08-12,2.9000000953674316,2.930000066757202,2.9000000953674316,2.9100000858306885,1600
2020-08-13,2.930000066757202,2.930000066757202,2.890000104904175,2.9000000953674316,3900
2020-08-14,2.9000000953674316,2.940000057220459,2.9000000953674316,2.930000066757202,3700
2020-08-17,2.950000047683716,2.950000047683716,2.9100000858306885,2.940000057220459,3900
2020-08-18,2.9000000953674316,2.940000057220459,2.880000114440918,2.930000066757202,22400
2020-08-19,2.940000057220459,2.940000057220459,2.8499999046325684,2.9100000858306885,17000
2020-08-20,2.9200000762939453,2.950000047683716,2.9000000953674316,2.9000000953674316,25400
2020-08-21,2.9000000953674316,2.930000066757202,2.9000000953674316,2.930000066757202,9600
2020-08-24,2.8399999141693115,2.9100000858306885,2.8399999141693115,2.9000000953674316,8200
2020-08-25,2.9100000858306885,2.9200000762939453,2.859999895095825,2.880000114440918,6900
2020-08-26,2.8499999046325684,2.9000000953674316,2.8499999046325684,2.9000000953674316,9800
2020-08-27,2.9200000762939453,2.9200000762939453,2.8499999046325684,2.8499999046325684,4600
2020-08-28,2.8499999046325684,2.880000114440918,2.7899999618530273,2.8299999237060547,14400
2020-08-31,2.799999952316284,2.809999942779541,2.7699999809265137,2.7899999618530273,15000
2020-09-01,2.799999952316284,2.799999952316284,2.7799999713897705,2.799999952316284,8500
2020-09-02,2.8299999237060547,2.8299999237060547,2.7799999713897705,2.819999933242798,900
2020-09-03,2.7899999618530273,2.819999933242798,2.7799999713897705,2.7799999713897705,7900
2020-09-04,2.8399999141693115,2.8399999141693115,2.740000009536743,2.7699999809265137,13900
2020-09-08,2.759999990463257,2.759999990463257,2.740000009536743,2.740000009536743,6200
2020-09-09,2.740000009536743,2.75,2.7200000286102295,2.7200000286102295,14800
2020-09-10,2.7200000286102295,2.7300000190734863,2.6700000762939453,2.690000057220459,10300
2020-09-11,2.7100000381469727,2.75,2.6700000762939453,2.6700000762939453,8000
2020-09-14,2.680000066757202,2.690000057220459,2.6600000858306885,2.6600000858306885,19200
2020-09-15,2.6500000953674316,2.690000057220459,2.6500000953674316,2.6600000858306885,12100
2020-09-16,2.6600000858306885,2.680000066757202,2.6500000953674316,2.6700000762939453,17300
2020-09-17,2.700000047683716,2.740000009536743,2.680000066757202,2.690000057220459,7800
2020-09-18,2.6700000762939453,2.7699999809265137,2.6500000953674316,2.7699999809265137,24300
2020-09-21,2.7200000286102295,2.759999990463257,2.6600000858306885,2.6600000858306885,7400
2020-09-22,2.6700000762939453,2.799999952316284,2.6600000858306885,2.6600000858306885,12000
2020-09-23,2.819999933242798,2.819999933242798,2.6600000858306885,2.6600000858306885,4500
2020-09-24,2.6600000858306885,2.680000066757202,2.6500000953674316,2.680000066757202,25500
2020-09-25,2.7300000190734863,2.75,2.6600000858306885,2.7200000286102295,9900
2020-09-28,2.7100000381469727,2.7699999809265137,2.700000047683716,2.740000009536743,6500
2020-09-29,2.7699999809265137,2.819999933242798,2.7200000286102295,2.819999933242798,12100
2020-09-30,2.819999933242798,2.8299999237060547,2.7799999713897705,2.809999942779541,9800
2020-10-01,2.7300000190734863,2.7899999618530273,2.700000047683716,2.7899999618530273,2700
2020-10-02,2.680000066757202,2.7300000190734863,2.680000066757202,2.690000057220459,7400
2020-10-05,2.690000057220459,2.799999952316284,2.6700000762939453,2.7699999809265137,14400
2020-10-06,2.7899999618530273,2.9200000762939453,2.7799999713897705,2.799999952316284,11900
2020-10-07,2.690000057220459,2.9000000953674316,2.690000057220459,2.880000114440918,3000
2020-10-08,2.880000114440918,2.880000114440918,2.8499999046325684,2.880000114440918,3500
2020-10-09,2.869999885559082,2.950000047683716,2.859999895095825,2.880000114440918,3700
2020-10-12,2.9100000858306885,2.950000047683716,2.890000104904175,2.9100000858306885,2900
2020-10-13,2.869999885559082,2.869999885559082,2.869999885559082,2.869999885559082,2300
2020-10-14,2.880000114440918,2.9000000953674316,2.880000114440918,2.9000000953674316,2300
2020-10-15,2.9200000762939453,2.950000047683716,2.9200000762939453,2.950000047683716,5200
2020-10-16,2.990000009536743,3.049999952316284,2.990000009536743,3.0199999809265137,47500
2020-10-19,2.880000114440918,2.950000047683716,2.8499999046325684,2.9000000953674316,7600
2020-10-20,2.990000009536743,3.0199999809265137,2.990000009536743,3.009999990463257,12900
2020-10-21,2.9700000286102295,2.9700000286102295,2.809999942779541,2.869999885559082,33400
2020-10-22,2.859999895095825,2.9800000190734863,2.859999895095825,2.9200000762939453,18200
2020-10-23,2.9100000858306885,2.9800000190734863,2.759999990463257,2.930000066757202,18500
2020-10-26,2.930000066757202,3.0,2.809999942779541,2.9000000953674316,5600
2020-10-27,2.880000114440918,2.880000114440918,2.7899999618530273,2.7899999618530273,900
2020-10-28,2.819999933242798,2.819999933242798,2.7300000190734863,2.75,9000
2020-10-29,2.75,2.809999942779541,2.75,2.7799999713897705,6200
2020-10-30,2.819999933242798,2.819999933242798,2.740000009536743,2.759999990463257,9800
2020-11-02,2.759999990463257,2.7899999618530273,2.700000047683716,2.7899999618530273,8000
2020-11-03,2.700000047683716,2.859999895095825,2.6500000953674316,2.819999933242798,8100
2020-11-04,2.8299999237060547,2.890000104904175,2.690000057220459,2.8299999237060547,12300
2020-11-05,2.8399999141693115,2.880000114440918,2.759999990463257,2.819999933242798,6800
2020-11-06,2.7799999713897705,2.8499999046325684,2.759999990463257,2.759999990463257,10400
2020-11-09,2.8499999046325684,3.0799999237060547,2.8499999046325684,3.0399999618530273,38200
2020-11-10,3.049999952316284,3.1500000953674316,2.9800000190734863,3.049999952316284,28000
2020-11-11,3.0399999618530273,3.069999933242798,2.9700000286102295,2.9700000286102295,5300
2020-11-12,3.0199999809265137,3.059999942779541,2.990000009536743,3.0199999809265137,10800
2020-11-13,3.0,3.119999885559082,3.0,3.119999885559082,3600
2020-11-16,3.0299999713897705,3.240000009536743,3.0199999809265137,3.180000066757202,10300
2020-11-17,3.0899999141693115,3.0999999046325684,2.9100000858306885,3.0,24000
2020-11-18,3.049999952316284,3.059999942779541,3.0,3.009999990463257,9700
2020-11-19,3.0199999809265137,3.25,3.0,3.1700000762939453,19900
2020-11-20,3.069999933242798,3.1500000953674316,3.0,3.009999990463257,12500
2020-11-23,3.009999990463257,3.240000009536743,3.0,3.0799999237060547,6300
2020-11-24,3.109999895095825,3.200000047683716,3.0999999046325684,3.1700000762939453,21300
2020-11-25,3.240000009536743,3.240000009536743,3.069999933242798,3.0899999141693115,17800
2020-11-27,3.109999895095825,3.25,3.0799999237060547,3.180000066757202,5500
2020-11-30,3.2200000286102295,3.299999952316284,3.119999885559082,3.2799999713897705,20100
2020-12-01,3.3499999046325684,3.380000114440918,3.2899999618530273,3.299999952316284,8600
2020-12-02,3.1600000858306885,3.3399999141693115,3.1600000858306885,3.3399999141693115,1800
2020-12-03,3.3399999141693115,3.3399999141693115,3.259999990463257,3.3299999237060547,2400
2020-12-04,3.390000104904175,3.390000104904175,3.240000009536743,3.240000009536743,3200
2020-12-07,3.25,3.25,3.200000047683716,3.240000009536743,1900
2020-12-08,3.240000009536743,3.309999942779541,3.240000009536743,3.25,1700
2020-12-09,3.2200000286102295,3.2799999713897705,3.2200000286102295,3.2300000190734863,21700
2020-12-10,3.259999990463257,3.2899999618530273,3.2300000190734863,3.2300000190734863,6200
2020-12-11,3.2200000286102295,3.299999952316284,3.2200000286102295,3.2699999809265137,4900
2020-12-14,3.299999952316284,3.4000000953674316,3.299999952316284,3.3499999046325684,7500
2020-12-15,3.369999885559082,3.369999885559082,3.2899999618530273,3.299999952316284,11600
2020-12-16,3.359999895095825,3.359999895095825,3.309999942779541,3.309999942779541,2500
2020-12-17,3.299999952316284,3.4000000953674316,3.299999952316284,3.4000000953674316,8300
2020-12-18,3.3499999046325684,3.4000000953674316,3.1500000953674316,3.1500000953674316,22600
2020-12-21,3.0899999141693115,3.299999952316284,3.0899999141693115,3.109999895095825,25200
2020-12-22,3.109999895095825,3.190000057220459,3.109999895095825,3.190000057220459,12200
2020-12-23,3.2699999809265137,3.3399999141693115,3.200000047683716,3.25,13400
2020-12-24,3.2200000286102295,3.299999952316284,3.2200000286102295,3.299999952316284,7300
2020-12-28,3.3399999141693115,3.3399999141693115,3.200000047683716,3.240000009536743,27100
2020-12-29,3.240000009536743,3.240000009536743,3.190000057220459,3.2100000381469727,4700
2020-12-30,3.2200000286102295,3.2200000286102295,3.0999999046325684,3.180000066757202,12100
2020-12-31,3.190000057220459,3.190000057220459,3.130000114440918,3.130000114440918,1000
2021-01-04,3.140000104904175,3.240000009536743,3.0999999046325684,3.0999999046325684,3500
2021-01-05,3.119999885559082,3.119999885559082,3.049999952316284,3.0899999141693115,5600
2021-01-06,3.130000114440918,3.2799999713897705,3.0999999046325684,3.180000066757202,20100
2021-01-07,3.1600000858306885,3.2699999809265137,3.1600000858306885,3.2699999809265137,4400
2021-01-08,3.2799999713897705,3.2899999618530273,3.2799999713897705,3.2799999713897705,13700
2021-01-11,3.2200000286102295,3.2699999809265137,3.200000047683716,3.259999990463257,12400
2021-01-12,3.2699999809265137,3.3299999237060547,3.240000009536743,3.299999952316284,8800
2021-01-13,3.309999942779541,3.3299999237060547,3.259999990463257,3.299999952316284,10600
2021-01-14,3.299999952316284,3.430000066757202,3.299999952316284,3.4000000953674316,13000
2021-01-15,3.309999942779541,3.799999952316284,3.309999942779541,3.609999895095825,26100
2021-01-19,3.5799999237060547,3.5799999237060547,3.4200000762939453,3.5,8900
2021-01-20,3.4800000190734863,3.5799999237060547,3.4700000286102295,3.4800000190734863,8500
2021-01-21,3.490000009536743,3.490000009536743,3.4700000286102295,3.4700000286102295,2200
2021-01-22,3.450000047683716,3.5799999237060547,3.4000000953674316,3.5799999237060547,4600
2021-01-25,3.5199999809265137,3.569999933242798,3.380000114440918,3.509999990463257,18000
2021-01-26,3.490000009536743,3.490000009536743,3.4700000286102295,3.4700000286102295,6800
2021-01-27,3.4700000286102295,3.4700000286102295,3.3499999046325684,3.359999895095825,8200
2021-01-28,3.3499999046325684,3.440000057220459,3.3499999046325684,3.4100000858306885,7500
2021-01-29,3.440000057220459,3.4700000286102295,3.390000104904175,3.4000000953674316,22600
2021-02-01,3.4000000953674316,3.4600000381469727,3.390000104904175,3.4200000762939453,4700
2021-02-02,3.4600000381469727,3.4600000381469727,3.4100000858306885,3.4100000858306885,2000
2021-02-03,3.4600000381469727,3.5,3.4100000858306885,3.4100000858306885,6500
2021-02-04,3.4700000286102295,3.700000047683716,3.4100000858306885,3.6600000858306885,24900
2021-02-05,3.690000057220459,4.079999923706055,3.6500000953674316,3.890000104904175,177300
2021-02-08,3.859999895095825,3.890000104904175,3.6700000762939453,3.7699999809265137,43800
2021-02-09,3.7100000381469727,3.9100000858306885,3.619999885559082,3.859999895095825,35000
2021-02-10,3.809999942779541,3.9200000762939453,3.690000057220459,3.880000114440918,63000
2021-02-11,3.869999885559082,3.950000047683716,3.7899999618530273,3.9100000858306885,48800
2021-02-12,3.940000057220459,3.950000047683716,3.880000114440918,3.930000066757202,4500
2021-02-16,4.0,4.0,3.950000047683716,3.9600000381469727,16400
2021-02-17,3.990000009536743,4.0,3.8399999141693115,3.8399999141693115,10200
2021-02-18,3.799999952316284,3.8299999237060547,3.759999990463257,3.759999990463257,12200
2021-02-19,3.7300000190734863,3.930000066757202,3.7300000190734863,3.9200000762939453,22100
2021-02-22,3.950000047683716,4.099999904632568,3.9100000858306885,4.059999942779541,43100
2021-02-23,4.039999961853027,4.099999904632568,3.880000114440918,4.03000020980835,29800
2021-02-24,4.059999942779541,4.150000095367432,4.050000190734863,4.110000133514404,37400
2021-02-25,4.800000190734863,5.340000152587891,4.010000228881836,4.349999904632568,5805000
2021-02-26,4.039999961853027,4.150000095367432,3.75,3.9000000953674316,400800
2021-03-01,3.75,3.9200000762939453,3.690000057220459,3.8299999237060547,204400
2021-03-02,3.7899999618530273,3.8299999237060547,3.700000047683716,3.740000009536743,62200
2021-03-03,3.75,3.9000000953674316,3.6700000762939453,3.7200000286102295,85500
2021-03-04,3.759999990463257,3.759999990463257,3.549999952316284,3.680000066757202,106300
2021-03-05,3.6700000762939453,3.680000066757202,3.569999933242798,3.6500000953674316,67100
2021-03-08,3.5899999141693115,3.930000066757202,3.5899999141693115,3.930000066757202,71400
2021-03-09,3.799999952316284,3.930000066757202,3.7799999713897705,3.7899999618530273,27900
2021-03-10,3.7200000286102295,3.8499999046325684,3.7200000286102295,3.7699999809265137,53600
2021-03-11,3.8299999237060547,3.8299999237060547,3.7200000286102295,3.75,23200
2021-03-12,3.7699999809265137,3.9800000190734863,3.740000009536743,3.9100000858306885,84800
2021-03-15,3.9600000381469727,4.25,3.869999885559082,4.170000076293945,119900
2021-03-16,4.159999847412109,4.25,3.9100000858306885,4.230000019073486,56200
2021-03-17,4.070000171661377,4.300000190734863,3.9600000381469727,4.260000228881836,99700
2021-03-18,4.28000020980835,4.429999828338623,4.090000152587891,4.389999866485596,66100
2021-03-19,4.300000190734863,4.329999923706055,4.150000095367432,4.150000095367432,46900
2021-03-22,4.210000038146973,4.28000020980835,3.990000009536743,4.239999771118164,48300
2021-03-23,4.230000019073486,4.230000019073486,3.950000047683716,3.9700000286102295,19500
2021-03-24,4.070000171661377,4.179999828338623,4.0,4.130000114440918,43500
2021-03-25,4.150000095367432,4.150000095367432,4.010000228881836,4.119999885559082,82400
2021-03-26,4.079999923706055,4.150000095367432,4.03000020980835,4.150000095367432,22100
2021-03-29,4.150000095367432,4.21999979019165,4.119999885559082,4.139999866485596,15500
2021-03-30,4.170000076293945,4.170000076293945,4.0,4.059999942779541,11400
2021-03-31,4.019999980926514,4.119999885559082,3.950000047683716,4.059999942779541,36000
2021-04-01,4.110000133514404,4.110000133514404,3.9000000953674316,4.010000228881836,65000
2021-04-05,4.0,4.039999961853027,3.9100000858306885,4.0,12800
2021-04-06,4.010000228881836,4.010000228881836,3.9100000858306885,4.010000228881836,8700
2021-04-07,4.019999980926514,4.019999980926514,3.9100000858306885,3.9200000762939453,10800
2021-04-08,3.9100000858306885,3.9800000190734863,3.7799999713897705,3.799999952316284,223600
2021-04-09,3.819999933242798,3.8499999046325684,3.6700000762939453,3.799999952316284,81400
2021-04-12,3.799999952316284,3.869999885559082,3.759999990463257,3.869999885559082,72500
2021-04-13,3.9100000858306885,4.03000020980835,3.809999942779541,4.010000228881836,46500
2021-04-14,4.039999961853027,4.039999961853027,3.9200000762939453,4.0,7600
2021-04-15,4.010000228881836,4.03000020980835,3.9700000286102295,4.010000228881836,22900
2021-04-16,4.0,4.070000171661377,4.0,4.0,58100
2021-04-19,4.0,4.050000190734863,4.0,4.0,14700
2021-04-20,4.0,4.0,3.9000000953674316,3.930000066757202,12000
2021-04-21,3.940000057220459,3.9800000190734863,3.8299999237060547,3.9000000953674316,32600
2021-04-22,3.930000066757202,4.090000152587891,3.930000066757202,4.090000152587891,21800
2021-04-23,4.110000133514404,4.190000057220459,4.070000171661377,4.179999828338623,51300
2021-04-26,4.199999809265137,4.199999809265137,4.150000095367432,4.190000057220459,14700
2021-04-27,4.190000057220459,4.28000020980835,4.179999828338623,4.25,75800
2021-04-28,4.25,4.269999980926514,4.25,4.25,14100
2021-04-29,4.300000190734863,4.300000190734863,4.190000057220459,4.210000038146973,41900
2021-04-30,4.21999979019165,4.21999979019165,4.099999904632568,4.199999809265137,25000
2021-05-03,4.199999809265137,4.230000019073486,4.110000133514404,4.230000019073486,7100
2021-05-04,4.190000057220459,4.230000019073486,4.150000095367432,4.210000038146973,8600
2021-05-05,4.199999809265137,4.289999961853027,4.110000133514404,4.25,23900
2021-05-06,4.190000057220459,4.300000190734863,4.190000057220459,4.28000020980835,22200
2021-05-07,4.300000190734863,4.300000190734863,4.25,4.289999961853027,9400
2021-05-10,4.210000038146973,4.300000190734863,4.179999828338623,4.260000228881836,5700
2021-05-11,4.239999771118164,4.349999904632568,4.239999771118164,4.28000020980835,24900
2021-05-12,4.300000190734863,4.300000190734863,4.199999809265137,4.199999809265137,19100
2021-05-13,4.230000019073486,4.289999961853027,4.21999979019165,4.25,17800
2021-05-14,4.28000020980835,4.340000152587891,4.21999979019165,4.260000228881836,13700
2021-05-17,4.289999961853027,4.340000152587891,4.260000228881836,4.309999942779541,12800
2021-05-18,4.320000171661377,4.349999904632568,4.300000190734863,4.300000190734863,11500
2021-05-19,4.349999904632568,4.349999904632568,4.25,4.260000228881836,5200
2021-05-20,4.25,4.309999942779541,4.230000019073486,4.25,12000
2021-05-21,4.230000019073486,4.260000228881836,4.210000038146973,4.230000019073486,12900
2021-05-24,4.21999979019165,4.289999961853027,4.21999979019165,4.230000019073486,12400
2021-05-25,4.230000019073486,4.28000020980835,4.179999828338623,4.179999828338623,4700
2021-05-26,4.159999847412109,4.210000038146973,4.119999885559082,4.130000114440918,7800
2021-05-27,4.099999904632568,4.179999828338623,4.070000171661377,4.119999885559082,20600
2021-05-28,4.119999885559082,4.179999828338623,4.099999904632568,4.179999828338623,2100
2021-06-01,4.190000057220459,4.190000057220459,4.119999885559082,4.130000114440918,5200
2021-06-02,4.130000114440918,4.179999828338623,4.130000114440918,4.130000114440918,5900
2021-06-03,4.130000114440918,4.170000076293945,4.130000114440918,4.170000076293945,8600
2021-06-04,4.170000076293945,4.179999828338623,4.130000114440918,4.150000095367432,5400
2021-06-07,4.130000114440918,4.130000114440918,4.050000190734863,4.079999923706055,7700
2021-06-08,4.050000190734863,4.170000076293945,4.050000190734863,4.110000133514404,4400
2021-06-09,4.150000095367432,4.150000095367432,4.070000171661377,4.099999904632568,5500
2021-06-10,4.110000133514404,4.110000133514404,4.050000190734863,4.059999942779541,6600
2021-06-11,4.019999980926514,4.059999942779541,4.019999980926514,4.050000190734863,17000
2021-06-14,4.070000171661377,4.099999904632568,4.019999980926514,4.019999980926514,6200
2021-06-15,4.099999904632568,4.099999904632568,4.010000228881836,4.010000228881836,7500
2021-06-16,4.059999942779541,4.070000171661377,3.9600000381469727,3.9600000381469727,6500
2021-06-17,3.9600000381469727,4.050000190734863,3.9600000381469727,3.990000009536743,16400
2021-06-18,3.950000047683716,3.990000009536743,3.950000047683716,3.9800000190734863,25500
2021-06-21,4.0,4.0,3.950000047683716,3.9600000381469727,9400
2021-06-22,3.9800000190734863,3.990000009536743,3.9000000953674316,3.950000047683716,9000
2021-06-23,3.9100000858306885,3.9700000286102295,3.9000000953674316,3.9200000762939453,4600
2021-06-24,3.950000047683716,3.950000047683716,3.9000000953674316,3.9000000953674316,10300
2021-06-25,3.9000000953674316,3.9600000381469727,3.75,3.7699999809265137,98200
2021-06-28,3.9000000953674316,4.010000228881836,3.9000000953674316,3.950000047683716,41000
2021-06-29,3.940000057220459,3.990000009536743,3.880000114440918,3.880000114440918,13700
2021-06-30,3.880000114440918,3.940000057220459,3.799999952316284,3.930000066757202,16700
2021-07-01,3.940000057220459,3.940000057220459,3.859999895095825,3.859999895095825,4800
2021-07-02,3.9200000762939453,3.990000009536743,3.890000104904175,3.9600000381469727,21500
2021-07-06,3.9700000286102295,3.990000009536743,3.8499999046325684,3.8499999046325684,6300
2021-07-07,3.890000104904175,3.890000104904175,3.890000104904175,3.890000104904175,1800
2021-07-08,3.9100000858306885,3.9100000858306885,3.809999942779541,3.8399999141693115,3800
2021-07-09,3.819999933242798,3.8299999237060547,3.799999952316284,3.799999952316284,12700
2021-07-12,3.799999952316284,3.819999933242798,3.7899999618530273,3.809999942779541,12900
2021-07-13,3.7699999809265137,3.7899999618530273,3.7100000381469727,3.7200000286102295,88800
2021-07-14,3.7100000381469727,3.799999952316284,3.7100000381469727,3.75,10400
2021-07-15,3.7699999809265137,3.809999942779541,3.7699999809265137,3.7899999618530273,7600
2021-07-16,3.809999942779541,3.809999942779541,3.7300000190734863,3.7300000190734863,10400
2021-07-19,3.7699999809265137,3.809999942779541,3.700000047683716,3.7300000190734863,30200
2021-07-20,3.7200000286102295,3.9800000190734863,3.7200000286102295,3.809999942779541,29200
2021-07-21,3.8499999046325684,4.0,3.8499999046325684,3.940000057220459,11100
2021-07-22,3.9700000286102295,4.0,3.859999895095825,3.9100000858306885,8900
2021-07-23,3.9100000858306885,3.9100000858306885,3.809999942779541,3.8499999046325684,42800
2021-07-26,3.880000114440918,3.930000066757202,3.809999942779541,3.9000000953674316,18500
2021-07-27,3.9000000953674316,3.940000057220459,3.7300000190734863,3.740000009536743,55900
2021-07-28,3.7100000381469727,3.799999952316284,3.700000047683716,3.7300000190734863,24600
2021-07-29,3.690000057220459,3.9200000762939453,3.690000057220459,3.9000000953674316,74500
2021-07-30,3.7699999809265137,3.8499999046325684,3.759999990463257,3.7899999618530273,16300
2021-08-02,3.8299999237060547,3.8499999046325684,3.7699999809265137,3.8499999046325684,9400
2021-08-03,3.799999952316284,3.799999952316284,3.7200000286102295,3.759999990463257,3000
2021-08-04,3.75,3.880000114440918,3.7300000190734863,3.880000114440918,85400
2021-08-05,3.8499999046325684,3.8499999046325684,3.7699999809265137,3.8499999046325684,24900
2021-08-06,3.799999952316284,3.9700000286102295,3.799999952316284,3.930000066757202,17900
2021-08-09,3.930000066757202,3.9700000286102295,3.9000000953674316,3.940000057220459,3700
2021-08-10,3.9200000762939453,3.940000057220459,3.880000114440918,3.9200000762939453,3800
2021-08-11,3.9100000858306885,3.9700000286102295,3.9100000858306885,3.9700000286102295,9600
2021-08-12,3.930000066757202,3.9700000286102295,3.8499999046325684,3.940000057220459,4700
2021-08-13,3.940000057220459,3.940000057220459,3.9100000858306885,3.9200000762939453,1200
2021-08-16,3.9100000858306885,3.940000057220459,3.8299999237060547,3.8299999237060547,9300
2021-08-17,3.819999933242798,3.890000104904175,3.75,3.7799999713897705,4900
2021-08-18,3.869999885559082,3.880000114440918,3.799999952316284,3.799999952316284,3100
2021-08-19,3.7699999809265137,3.8299999237060547,3.7699999809265137,3.7799999713897705,4000
2021-08-20,3.740000009536743,3.759999990463257,3.7300000190734863,3.759999990463257,5600
2021-08-23,3.7899999618530273,3.7899999618530273,3.7100000381469727,3.75,13100
2021-08-24,3.75,3.9000000953674316,3.75,3.9000000953674316,12400
2021-08-25,3.819999933242798,3.819999933242798,3.799999952316284,3.799999952316284,2400
2021-08-26,3.8299999237060547,3.9600000381469727,3.8299999237060547,3.940000057220459,4500
2021-08-27,3.940000057220459,3.9700000286102295,3.880000114440918,3.9200000762939453,7900
2021-08-30,3.9100000858306885,3.940000057220459,3.880000114440918,3.880000114440918,3800
2021-08-31,3.9000000953674316,3.950000047683716,3.9000000953674316,3.9000000953674316,4600
2021-09-01,3.940000057220459,3.940000057220459,3.7899999618530273,3.8499999046325684,13400
2021-09-02,3.7899999618530273,3.880000114440918,3.7300000190734863,3.75,32700
2021-09-03,3.7300000190734863,3.7699999809265137,3.7300000190734863,3.7300000190734863,9100
2021-09-07,3.7200000286102295,3.7799999713897705,3.700000047683716,3.700000047683716,21300
2021-09-08,3.799999952316284,3.809999942779541,3.7200000286102295,3.809999942779541,10200
2021-09-09,3.809999942779541,3.819999933242798,3.759999990463257,3.799999952316284,2900
2021-09-10,3.759999990463257,3.819999933242798,3.7300000190734863,3.7300000190734863,2100
2021-09-13,3.7300000190734863,3.799999952316284,3.7100000381469727,3.7200000286102295,3800
2021-09-14,3.7300000190734863,3.75,3.7200000286102295,3.740000009536743,4300
2021-09-15,3.7200000286102295,3.880000114440918,3.7200000286102295,3.8499999046325684,19800
2021-09-16,3.809999942779541,3.9200000762939453,3.759999990463257,3.880000114440918,7800
2021-09-17,3.819999933242798,4.0,3.759999990463257,4.0,42700
2021-09-20,4.0,4.0,3.880000114440918,3.9200000762939453,4900
2021-09-21,3.930000066757202,4.0,3.8399999141693115,3.9000000953674316,5300
2021-09-22,3.9700000286102295,3.9700000286102295,3.880000114440918,3.9000000953674316,5000
2021-09-23,3.880000114440918,3.930000066757202,3.880000114440918,3.930000066757202,12100
2021-09-24,3.930000066757202,3.930000066757202,3.859999895095825,3.880000114440918,2100
2021-09-27,3.9000000953674316,3.9000000953674316,3.8299999237060547,3.869999885559082,2400
2021-09-28,3.869999885559082,3.9000000953674316,3.859999895095825,3.869999885559082,252800
2021-09-29,3.9000000953674316,3.9000000953674316,3.859999895095825,3.869999885559082,8000
2021-09-30,3.890000104904175,3.9100000858306885,3.859999895095825,3.880000114440918,6500
2021-10-01,3.890000104904175,4.0,3.880000114440918,3.890000104904175,7000
2021-10-04,3.890000104904175,3.950000047683716,3.869999885559082,3.9100000858306885,6800
2021-10-05,3.9100000858306885,4.0,3.9100000858306885,3.990000009536743,1300
2021-10-06,3.950000047683716,3.9700000286102295,3.880000114440918,3.880000114440918,2300
2021-10-07,3.890000104904175,3.9200000762939453,3.880000114440918,3.880000114440918,5800
2021-10-08,3.890000104904175,3.890000104904175,3.890000104904175,3.890000104904175,600
2021-10-11,3.930000066757202,3.930000066757202,3.859999895095825,3.859999895095825,3500
2021-10-12,3.8499999046325684,3.8499999046325684,3.8299999237060547,3.8399999141693115,3600
2021-10-13,3.890000104904175,3.890000104904175,3.799999952316284,3.799999952316284,4300
2021-10-14,3.890000104904175,3.890000104904175,3.7899999618530273,3.809999942779541,2400
2021-10-15,3.819999933242798,3.869999885559082,3.799999952316284,3.819999933242798,10600
2021-10-18,3.8299999237060547,3.940000057220459,3.8299999237060547,3.880000114440918,12200
2021-10-19,3.940000057220459,3.940000057220459,3.9000000953674316,3.930000066757202,13300
2021-10-20,3.880000114440918,4.0,3.880000114440918,3.890000104904175,3800
2021-10-21,3.8499999046325684,3.940000057220459,3.8499999046325684,3.9200000762939453,3400
2021-10-22,4.0,4.0,3.890000104904175,3.890000104904175,5900
2021-10-25,3.8499999046325684,3.9800000190734863,3.8499999046325684,3.930000066757202,185500
2021-10-26,3.819999933242798,3.940000057220459,3.819999933242798,3.9200000762939453,38500
2021-10-27,3.859999895095825,3.869999885559082,3.8299999237060547,3.8399999141693115,5800
2021-10-28,3.890000104904175,3.890000104904175,3.8299999237060547,3.8399999141693115,5200
2021-10-29,3.8399999141693115,4.059999942779541,3.8299999237060547,3.990000009536743,24400
2021-11-01,3.940000057220459,4.03000020980835,3.940000057220459,3.950000047683716,3900
2021-11-02,3.950000047683716,4.019999980926514,3.950000047683716,4.010000228881836,10800
2021-11-03,3.9700000286102295,3.9700000286102295,3.940000057220459,3.950000047683716,3500
2021-11-04,3.9700000286102295,3.9700000286102295,3.9200000762939453,3.950000047683716,1600
2021-11-05,3.930000066757202,3.940000057220459,3.9000000953674316,3.9000000953674316,23600
2021-11-08,3.9100000858306885,3.9800000190734863,3.9100000858306885,3.9600000381469727,4200
2021-11-09,3.9700000286102295,3.9700000286102295,3.799999952316284,3.8399999141693115,12800
2021-11-10,3.8399999141693115,3.9000000953674316,3.809999942779541,3.8399999141693115,10100
2021-11-11,3.8299999237060547,3.869999885559082,3.799999952316284,3.809999942779541,14300
2021-11-12,3.950000047683716,3.950000047683716,3.7899999618530273,3.809999942779541,16100
2021-11-15,3.819999933242798,3.819999933242798,3.7799999713897705,3.7799999713897705,14900
2021-11-16,3.7799999713897705,3.799999952316284,3.7200000286102295,3.799999952316284,12500
2021-11-17,3.819999933242798,3.819999933242798,3.7300000190734863,3.740000009536743,11200
2021-11-18,3.759999990463257,3.8399999141693115,3.700000047683716,3.75,23800
2021-11-19,3.700000047683716,3.809999942779541,3.680000066757202,3.75,42600
2021-11-22,3.7899999618530273,3.819999933242798,3.7200000286102295,3.759999990463257,19400
2021-11-23,3.819999933242798,3.9600000381469727,3.809999942779541,3.950000047683716,24900
2021-11-24,3.950000047683716,3.9800000190734863,3.950000047683716,3.9600000381469727,10700
2021-11-26,3.9800000190734863,3.9800000190734863,3.950000047683716,3.950000047683716,3400
2021-11-29,3.950000047683716,3.950000047683716,3.819999933242798,3.819999933242798,5800
2021-11-30,3.819999933242798,3.8299999237060547,3.759999990463257,3.8299999237060547,15800
2021-12-01,3.869999885559082,3.869999885559082,3.799999952316284,3.799999952316284,4400
2021-12-02,3.8499999046325684,3.890000104904175,3.8499999046325684,3.890000104904175,2800
2021-12-03,3.9000000953674316,3.9000000953674316,3.819999933242798,3.890000104904175,5200
2021-12-06,3.869999885559082,3.869999885559082,3.7899999618530273,3.819999933242798,9800
2021-12-07,3.8299999237060547,3.8399999141693115,3.75,3.799999952316284,30100
2021-12-08,3.8499999046325684,3.859999895095825,3.8399999141693115,3.8499999046325684,2800
2021-12-09,3.9000000953674316,3.9000000953674316,3.8499999046325684,3.8499999046325684,5200
2021-12-10,3.9000000953674316,3.9200000762939453,3.8499999046325684,3.890000104904175,8800
2021-12-13,3.869999885559082,3.950000047683716,3.869999885559082,3.9000000953674316,15300
2021-12-14,3.869999885559082,3.9000000953674316,3.8499999046325684,3.8499999046325684,3100
2021-12-15,3.8499999046325684,3.9000000953674316,3.8499999046325684,3.8499999046325684,7400
2021-12-16,3.859999895095825,3.869999885559082,3.8499999046325684,3.859999895095825,2400
2021-12-17,3.8499999046325684,3.869999885559082,3.8499999046325684,3.859999895095825,4100
2021-12-20,3.8499999046325684,3.869999885559082,3.8499999046325684,3.859999895095825,8400
2021-12-21,3.8499999046325684,3.859999895095825,3.8499999046325684,3.859999895095825,1400
2021-12-22,3.8499999046325684,3.8499999046325684,3.8499999046325684,3.8499999046325684,7700
2021-12-23,3.859999895095825,3.859999895095825,3.8499999046325684,3.8499999046325684,3300
2021-12-27,3.880000114440918,3.880000114440918,3.809999942779541,3.8499999046325684,3400
2021-12-28,3.8499999046325684,3.8499999046325684,3.819999933242798,3.8499999046325684,5600
2021-12-29,3.8499999046325684,3.8499999046325684,3.8499999046325684,3.8499999046325684,300
2021-12-30,3.869999885559082,3.869999885559082,3.8499999046325684,3.8499999046325684,5900
2021-12-31,3.8499999046325684,3.859999895095825,3.8499999046325684,3.859999895095825,1200
2022-01-03,3.880000114440918,3.9000000953674316,3.859999895095825,3.869999885559082,3600
2022-01-04,3.890000104904175,3.890000104904175,3.8499999046325684,3.8499999046325684,17300
2022-01-05,3.9000000953674316,3.9800000190734863,3.880000114440918,3.950000047683716,19600
2022-01-06,3.940000057220459,3.9600000381469727,3.9000000953674316,3.9000000953674316,21400
2022-01-07,3.9100000858306885,3.9800000190734863,3.9100000858306885,3.9800000190734863,1900
2022-01-10,3.9700000286102295,3.9800000190734863,3.9700000286102295,3.9700000286102295,5600
2022-01-11,3.9700000286102295,3.9700000286102295,3.809999942779541,3.950000047683716,25800
2022-01-12,3.950000047683716,4.019999980926514,3.950000047683716,4.0,16400
2022-01-13,4.019999980926514,4.150000095367432,4.019999980926514,4.059999942779541,54800
2022-01-14,4.0,4.039999961853027,3.950000047683716,4.010000228881836,11200
2022-01-18,4.03000020980835,4.03000020980835,3.9600000381469727,3.9800000190734863,1600
2022-01-19,3.9800000190734863,4.010000228881836,3.950000047683716,4.010000228881836,3800
2022-01-20,4.019999980926514,4.019999980926514,3.9800000190734863,3.9800000190734863,1100
2022-01-21,3.9000000953674316,3.930000066757202,3.8499999046325684,3.9200000762939453,4100
2022-01-24,3.8399999141693115,3.940000057220459,3.8399999141693115,3.930000066757202,7300
2022-01-25,3.990000009536743,4.119999885559082,3.940000057220459,4.03000020980835,24700
2022-01-26,4.059999942779541,4.300000190734863,4.050000190734863,4.199999809265137,36700
2022-01-27,4.269999980926514,4.320000171661377,4.21999979019165,4.25,48300
2022-01-28,4.25,4.300000190734863,4.25,4.300000190734863,22000
2022-01-31,4.300000190734863,4.400000095367432,4.25,4.289999961853027,48000
2022-02-01,4.260000228881836,4.260000228881836,4.150000095367432,4.230000019073486,3200
2022-02-02,4.300000190734863,4.480000019073486,4.179999828338623,4.179999828338623,32700
2022-02-03,4.199999809265137,4.5,4.199999809265137,4.5,52700
2022-02-04,4.5,4.5,4.340000152587891,4.349999904632568,27800
2022-02-07,4.440000057220459,4.5,4.309999942779541,4.480000019073486,54700
2022-02-08,4.46999979019165,4.46999979019165,4.400000095367432,4.440000057220459,14800
2022-02-09,4.400000095367432,4.460000038146973,4.400000095367432,4.409999847412109,4100
2022-02-10,4.159999847412109,4.409999847412109,4.159999847412109,4.400000095367432,11800
2022-02-11,4.400000095367432,4.420000076293945,4.369999885559082,4.369999885559082,23000
2022-02-14,4.300000190734863,4.349999904632568,4.300000190734863,4.300000190734863,24700
2022-02-15,4.300000190734863,4.349999904632568,4.300000190734863,4.329999923706055,20700
2022-02-16,4.349999904632568,4.369999885559082,4.349999904632568,4.349999904632568,26800
2022-02-17,4.360000133514404,4.460000038146973,4.349999904632568,4.409999847412109,14400
2022-02-18,4.389999866485596,4.460000038146973,4.369999885559082,4.369999885559082,31900
2022-02-22,4.440000057220459,4.510000228881836,4.389999866485596,4.480000019073486,24200
2022-02-23,4.510000228881836,4.519999980926514,4.409999847412109,4.5,24500
2022-02-24,4.510000228881836,4.510000228881836,4.199999809265137,4.25,32600
2022-02-25,4.309999942779541,4.309999942779541,4.199999809265137,4.199999809265137,2100
2022-02-28,4.239999771118164,4.320000171661377,4.210000038146973,4.239999771118164,3600
2022-03-01,4.260000228881836,4.260000228881836,4.150000095367432,4.150000095367432,6900
2022-03-02,4.300000190734863,4.300000190734863,4.150000095367432,4.150000095367432,9200
2022-03-03,4.150000095367432,4.179999828338623,4.150000095367432,4.170000076293945,6200
2022-03-04,4.150000095367432,4.179999828338623,4.099999904632568,4.130000114440918,13600
2022-03-07,4.210000038146973,4.210000038146973,4.0,4.010000228881836,29500
2022-03-08,4.099999904632568,4.150000095367432,4.0,4.0,12900
2022-03-09,4.099999904632568,4.179999828338623,4.019999980926514,4.050000190734863,16800
2022-03-10,4.039999961853027,4.059999942779541,3.950000047683716,4.059999942779541,18800
2022-03-11,4.059999942779541,4.079999923706055,4.0,4.039999961853027,5600
2022-03-14,4.010000228881836,4.099999904632568,4.0,4.0,4700
2022-03-15,4.03000020980835,4.050000190734863,3.9600000381469727,3.990000009536743,7200
2022-03-16,4.0,4.119999885559082,3.990000009536743,4.010000228881836,2800
2022-03-17,4.159999847412109,4.159999847412109,4.010000228881836,4.090000152587891,3000
2022-03-18,4.050000190734863,4.110000133514404,4.019999980926514,4.090000152587891,12300
2022-03-21,4.079999923706055,4.150000095367432,4.059999942779541,4.150000095367432,8000
2022-03-22,4.139999866485596,4.150000095367432,4.03000020980835,4.130000114440918,5300
2022-03-23,4.079999923706055,4.139999866485596,4.079999923706055,4.079999923706055,1300
2022-03-24,4.110000133514404,4.110000133514404,4.110000133514404,4.110000133514404,200
2022-03-25,4.079999923706055,4.099999904632568,4.079999923706055,4.099999904632568,1800
2022-03-28,4.070000171661377,4.099999904632568,4.070000171661377,4.099999904632568,2400
2022-03-29,4.070000171661377,4.150000095367432,4.070000171661377,4.079999923706055,3600
2022-03-30,4.110000133514404,4.130000114440918,4.090000152587891,4.119999885559082,2500
2022-03-31,4.079999923706055,4.150000095367432,4.039999961853027,4.039999961853027,12200
2022-04-01,4.139999866485596,4.150000095367432,4.03000020980835,4.059999942779541,9200
2022-04-04,4.03000020980835,4.090000152587891,4.019999980926514,4.050000190734863,3900
2022-04-05,4.070000171661377,4.070000171661377,3.990000009536743,3.990000009536743,3000
2022-04-06,4.050000190734863,4.050000190734863,3.990000009536743,3.990000009536743,2300
2022-04-07,4.0,4.010000228881836,3.990000009536743,4.0,4900
2022-04-08,4.0,4.039999961853027,4.0,4.039999961853027,3100
2022-04-11,4.010000228881836,4.010000228881836,4.0,4.010000228881836,4000
2022-04-12,4.0,4.010000228881836,3.950000047683716,3.990000009536743,9800
2022-04-13,3.9600000381469727,4.039999961853027,3.9600000381469727,3.990000009536743,6900
2022-04-14,3.9600000381469727,3.9700000286102295,3.940000057220459,3.9700000286102295,6800
2022-04-18,4.039999961853027,4.050000190734863,3.9200000762939453,3.9200000762939453,2000
2022-04-19,4.099999904632568,4.139999866485596,4.039999961853027,4.079999923706055,55400
2022-04-20,4.139999866485596,4.139999866485596,4.079999923706055,4.079999923706055,9300
2022-04-21,4.099999904632568,4.099999904632568,4.070000171661377,4.079999923706055,4100
2022-04-22,4.079999923706055,4.079999923706055,4.039999961853027,4.039999961853027,3100
2022-04-25,4.099999904632568,4.099999904632568,3.930000066757202,4.0,7000
2022-04-26,3.9600000381469727,4.0,3.9600000381469727,3.9600000381469727,1900
2022-04-27,3.940000057220459,3.9800000190734863,3.930000066757202,3.9700000286102295,4000
2022-04-28,3.940000057220459,4.03000020980835,3.940000057220459,4.010000228881836,1600
2022-04-29,4.019999980926514,4.019999980926514,3.940000057220459,3.9700000286102295,2400
2022-05-02,3.950000047683716,3.990000009536743,3.950000047683716,3.950000047683716,3800
2022-05-03,3.950000047683716,4.099999904632568,3.930000066757202,4.010000228881836,23800
2022-05-04,4.010000228881836,4.070000171661377,3.950000047683716,4.070000171661377,5600
2022-05-05,4.099999904632568,4.099999904632568,4.010000228881836,4.050000190734863,10900
2022-05-06,4.050000190734863,4.050000190734863,4.0,4.0,19700
2022-05-09,4.03000020980835,4.03000020980835,3.9800000190734863,3.990000009536743,26600
2022-05-10,3.9800000190734863,4.019999980926514,3.9800000190734863,3.990000009536743,17500
2022-05-11,4.0,4.010000228881836,3.9800000190734863,3.9800000190734863,16100
2022-05-12,3.9800000190734863,4.019999980926514,3.9600000381469727,3.9800000190734863,26900
2022-05-13,3.9800000190734863,4.050000190734863,3.950000047683716,3.9800000190734863,6300
2022-05-16,3.950000047683716,4.0,3.950000047683716,3.9800000190734863,11000
2022-05-17,3.9800000190734863,3.9800000190734863,3.9600000381469727,3.9600000381469727,4000
2022-05-18,3.9800000190734863,4.050000190734863,3.9800000190734863,3.990000009536743,6200
2022-05-19,3.990000009536743,4.010000228881836,3.930000066757202,4.0,20500
2022-05-20,4.010000228881836,4.019999980926514,3.9600000381469727,3.9800000190734863,13700
2022-05-23,4.050000190734863,4.079999923706055,3.950000047683716,3.990000009536743,6300
2022-05-24,4.070000171661377,4.070000171661377,4.010000228881836,4.010000228881836,13000
2022-05-25,3.9700000286102295,4.050000190734863,3.9700000286102295,3.9700000286102295,1400
2022-05-26,4.010000228881836,4.039999961853027,3.9700000286102295,3.990000009536743,3900
2022-05-27,4.079999923706055,4.079999923706055,3.9800000190734863,4.010000228881836,2800
2022-05-31,4.010000228881836,4.010000228881836,3.9800000190734863,3.9800000190734863,2200
2022-06-01,3.9600000381469727,4.059999942779541,3.9600000381469727,3.9800000190734863,900
2022-06-02,3.950000047683716,4.050000190734863,3.930000066757202,3.9600000381469727,28600
2022-06-03,3.940000057220459,4.039999961853027,3.940000057220459,3.990000009536743,6800
2022-06-06,4.059999942779541,4.070000171661377,3.990000009536743,3.990000009536743,3300
2022-06-07,4.070000171661377,4.079999923706055,4.010000228881836,4.039999961853027,8200
2022-06-08,3.9800000190734863,4.070000171661377,3.9800000190734863,4.039999961853027,6100
2022-06-09,4.010000228881836,4.050000190734863,3.950000047683716,3.990000009536743,14200
2022-06-10,3.940000057220459,4.039999961853027,3.930000066757202,3.9800000190734863,111500
2022-06-13,3.950000047683716,3.990000009536743,3.940000057220459,3.950000047683716,2900
2022-06-14,3.950000047683716,4.03000020980835,3.930000066757202,3.930000066757202,85600
2022-06-15,3.930000066757202,3.990000009536743,3.930000066757202,3.950000047683716,18000
2022-06-16,4.090000152587891,4.090000152587891,3.930000066757202,3.950000047683716,52700
2022-06-17,3.9600000381469727,3.9700000286102295,3.930000066757202,3.930000066757202,7100
2022-06-21,3.930000066757202,3.9700000286102295,3.9000000953674316,3.9700000286102295,23100
2022-06-22,3.9700000286102295,4.03000020980835,3.9700000286102295,3.9700000286102295,5500
2022-06-23,3.950000047683716,4.019999980926514,3.9200000762939453,3.930000066757202,30600
2022-06-24,3.9700000286102295,3.9700000286102295,3.930000066757202,3.9700000286102295,3600
2022-06-27,3.9700000286102295,3.9700000286102295,3.940000057220459,3.940000057220459,30000
2022-06-28,3.9700000286102295,3.9700000286102295,3.940000057220459,3.940000057220459,17000
2022-06-29,3.9700000286102295,3.9700000286102295,3.930000066757202,3.940000057220459,2300
2022-06-30,3.9200000762939453,3.9600000381469727,3.9200000762939453,3.940000057220459,41700
2022-07-01,3.940000057220459,3.9700000286102295,3.9000000953674316,3.9200000762939453,6100
2022-07-05,3.950000047683716,3.9700000286102295,3.9000000953674316,3.940000057220459,2100
2022-07-06,3.990000009536743,3.990000009536743,3.9000000953674316,3.930000066757202,1100
2022-07-07,3.9700000286102295,3.990000009536743,3.930000066757202,3.950000047683716,12000
2022-07-08,3.9000000953674316,3.990000009536743,3.9000000953674316,3.990000009536743,1100
2022-07-11,3.880000114440918,4.0,3.880000114440918,3.9000000953674316,34800
2022-07-12,3.9200000762939453,3.940000057220459,3.9000000953674316,3.9200000762939453,2200
2022-07-13,3.950000047683716,4.0,3.950000047683716,4.0,1300
2022-07-14,4.0,4.0,3.890000104904175,3.9200000762939453,28100
2022-07-15,3.890000104904175,3.940000057220459,3.890000104904175,3.9200000762939453,1800
2022-07-18,3.930000066757202,3.950000047683716,3.9200000762939453,3.9200000762939453,1100
2022-07-19,3.9200000762939453,3.9600000381469727,3.799999952316284,3.8499999046325684,51800
2022-07-20,3.8299999237060547,3.9700000286102295,3.8299999237060547,3.9000000953674316,1500
2022-07-21,3.9100000858306885,3.9100000858306885,3.9000000953674316,3.9000000953674316,5500
2022-07-22,3.859999895095825,3.9200000762939453,3.859999895095825,3.9200000762939453,900
2022-07-25,3.9000000953674316,3.990000009536743,3.869999885559082,3.880000114440918,6500
2022-07-26,3.8299999237060547,3.940000057220459,3.8299999237060547,3.9100000858306885,2200
2022-07-27,3.9200000762939453,4.0,3.9200000762939453,4.0,8200
2022-07-28,3.9800000190734863,4.0,3.9200000762939453,3.930000066757202,6300
2022-07-29,3.9600000381469727,4.0,3.930000066757202,3.940000057220459,3200
2022-08-01,3.9600000381469727,4.0,3.9600000381469727,4.0,2700
2022-08-02,4.019999980926514,4.019999980926514,3.930000066757202,4.0,4100
2022-08-03,4.0,4.010000228881836,3.9800000190734863,3.990000009536743,3900
2022-08-04,3.990000009536743,4.019999980926514,3.930000066757202,3.950000047683716,10200
2022-08-05,3.9000000953674316,4.019999980926514,3.9000000953674316,3.940000057220459,5500
2022-08-08,3.9200000762939453,3.9800000190734863,3.9000000953674316,3.9200000762939453,6800
2022-08-09,3.9000000953674316,3.9600000381469727,3.9000000953674316,3.9000000953674316,3700
2022-08-10,3.9200000762939453,3.990000009536743,3.9200000762939453,3.990000009536743,3200
2022-08-11,4.019999980926514,4.050000190734863,3.9200000762939453,4.03000020980835,52400
2022-08-12,3.9600000381469727,4.010000228881836,3.950000047683716,3.9800000190734863,1300
2022-08-15,3.9800000190734863,4.019999980926514,3.940000057220459,3.9600000381469727,6300
2022-08-16,3.9600000381469727,4.0,3.9000000953674316,3.930000066757202,9000
2022-08-17,3.950000047683716,3.9600000381469727,3.9000000953674316,3.9100000858306885,11500
2022-08-18,3.940000057220459,4.03000020980835,3.9200000762939453,3.9800000190734863,2100
2022-08-19,3.9800000190734863,4.039999961853027,3.950000047683716,3.950000047683716,6200
2022-08-22,3.990000009536743,4.0,3.9000000953674316,3.950000047683716,12900
2022-08-23,3.990000009536743,3.990000009536743,3.930000066757202,3.950000047683716,6300
2022-08-24,3.950000047683716,4.019999980926514,3.950000047683716,3.9800000190734863,5900
2022-08-25,3.950000047683716,3.950000047683716,3.950000047683716,3.950000047683716,600
2022-08-26,3.950000047683716,3.9700000286102295,3.930000066757202,3.930000066757202,2300
2022-08-29,3.9000000953674316,3.9200000762939453,3.809999942779541,3.809999942779541,16200
2022-08-30,3.890000104904175,3.890000104904175,3.799999952316284,3.809999942779541,7800
2022-08-31,3.809999942779541,3.859999895095825,3.799999952316284,3.799999952316284,7600
2022-09-01,3.809999942779541,3.8299999237060547,3.809999942779541,3.809999942779541,9100
2022-09-02,3.8299999237060547,3.8399999141693115,3.8299999237060547,3.8399999141693115,3700
2022-09-06,3.880000114440918,3.9000000953674316,3.809999942779541,3.9000000953674316,7300
2022-09-07,3.819999933242798,3.9200000762939453,3.819999933242798,3.869999885559082,3000
2022-09-08,3.950000047683716,3.950000047683716,3.8299999237060547,3.8499999046325684,1100
2022-09-09,3.859999895095825,3.880000114440918,3.859999895095825,3.880000114440918,1800
2022-09-12,3.940000057220459,3.940000057220459,3.9000000953674316,3.9200000762939453,3000
2022-09-13,3.9200000762939453,3.9200000762939453,3.869999885559082,3.869999885559082,1100
2022-09-14,3.880000114440918,3.9200000762939453,3.869999885559082,3.869999885559082,23500
2022-09-15,3.9000000953674316,3.9200000762939453,3.9000000953674316,3.9200000762939453,9500
2022-09-16,3.9100000858306885,3.9100000858306885,3.809999942779541,3.809999942779541,26300
2022-09-19,3.8499999046325684,3.880000114440918,3.8499999046325684,3.869999885559082,3900
2022-09-20,3.809999942779541,3.869999885559082,3.809999942779541,3.859999895095825,5100
2022-09-21,3.809999942779541,3.8499999046325684,3.809999942779541,3.8499999046325684,4300
2022-09-22,3.8499999046325684,3.8499999046325684,3.809999942779541,3.8399999141693115,3200
2022-09-23,3.809999942779541,3.809999942779541,3.809999942779541,3.809999942779541,900
2022-09-26,3.809999942779541,3.8399999141693115,3.799999952316284,3.799999952316284,34200
2022-09-27,3.8499999046325684,3.8499999046325684,3.799999952316284,3.809999942779541,700
2022-09-28,3.799999952316284,3.809999942779541,3.799999952316284,3.799999952316284,3000
2022-09-29,3.799999952316284,3.819999933242798,3.799999952316284,3.819999933242798,3000
2022-09-30,3.799999952316284,3.799999952316284,3.799999952316284,3.799999952316284,6200
2022-10-03,3.859999895095825,3.859999895095825,3.799999952316284,3.799999952316284,4500
2022-10-04,3.7799999713897705,3.859999895095825,3.7699999809265137,3.7699999809265137,4200
2022-10-05,3.859999895095825,3.859999895095825,3.7699999809265137,3.7699999809265137,1900
2022-10-06,3.809999942779541,3.809999942779541,3.7100000381469727,3.759999990463257,53200
2022-10-07,3.7200000286102295,3.740000009536743,3.7100000381469727,3.7100000381469727,2800
2022-10-10,3.7200000286102295,3.7200000286102295,3.7100000381469727,3.7100000381469727,2200
2022-10-11,3.7100000381469727,3.7300000190734863,3.700000047683716,3.700000047683716,7200
2022-10-12,3.799999952316284,3.799999952316284,3.700000047683716,3.7100000381469727,2100
2022-10-13,3.700000047683716,3.799999952316284,3.6600000858306885,3.7200000286102295,2400
2022-10-14,3.75,3.75,3.6600000858306885,3.7100000381469727,2400
2022-10-17,3.740000009536743,3.740000009536743,3.680000066757202,3.7100000381469727,4900
2022-10-18,3.7899999618530273,3.809999942779541,3.75,3.7899999618530273,15900
2022-10-19,3.7899999618530273,3.859999895095825,3.75,3.75,5300
2022-10-20,3.759999990463257,3.8399999141693115,3.759999990463257,3.8399999141693115,29800
2022-10-21,3.9000000953674316,4.0,3.869999885559082,4.0,38600
2022-10-24,3.950000047683716,4.090000152587891,3.9200000762939453,4.059999942779541,17400
2022-10-25,4.079999923706055,4.079999923706055,4.0,4.010000228881836,6400
2022-10-26,4.079999923706055,4.090000152587891,3.9800000190734863,4.019999980926514,5500
2022-10-27,3.9800000190734863,4.090000152587891,3.9800000190734863,4.090000152587891,1200
2022-10-28,4.019999980926514,4.079999923706055,3.9800000190734863,4.079999923706055,2400
2022-10-31,4.059999942779541,4.079999923706055,4.03000020980835,4.03000020980835,12700
2022-11-01,3.9800000190734863,4.03000020980835,3.950000047683716,4.0,2700
2022-11-02,4.0,4.079999923706055,3.9100000858306885,3.990000009536743,12200
2022-11-03,3.9200000762939453,3.930000066757202,3.9100000858306885,3.930000066757202,1000
2022-11-04,3.930000066757202,3.940000057220459,3.9200000762939453,3.940000057220459,1200
2022-11-07,3.9200000762939453,3.9800000190734863,3.869999885559082,3.9100000858306885,12200
2022-11-08,3.930000066757202,3.990000009536743,3.9100000858306885,3.9100000858306885,264200
2022-11-09,3.9100000858306885,3.9700000286102295,3.9000000953674316,3.9700000286102295,8300
2022-11-10,3.9800000190734863,3.9800000190734863,3.9100000858306885,3.9200000762939453,10500
2022-11-11,3.9600000381469727,3.9800000190734863,3.869999885559082,3.9000000953674316,20900
2022-11-14,3.9000000953674316,3.9800000190734863,3.9000000953674316,3.950000047683716,16000
2022-11-15,3.9800000190734863,3.9800000190734863,3.9700000286102295,3.9700000286102295,52800
2022-11-16,3.9800000190734863,3.9800000190734863,3.9700000286102295,3.9800000190734863,4500
2022-11-17,3.9700000286102295,4.050000190734863,3.9700000286102295,4.03000020980835,11600
2022-11-18,4.03000020980835,4.059999942779541,4.010000228881836,4.039999961853027,4400
2022-11-21,4.019999980926514,4.050000190734863,4.0,4.03000020980835,15700
2022-11-22,4.050000190734863,4.079999923706055,4.03000020980835,4.039999961853027,10700
2022-11-23,4.019999980926514,4.019999980926514,4.010000228881836,4.010000228881836,800
2022-11-25,4.0,4.03000020980835,4.0,4.0,800
2022-11-28,4.0,4.050000190734863,4.0,4.0,8100
2022-11-29,4.03000020980835,4.03000020980835,4.010000228881836,4.019999980926514,2700
2022-11-30,4.099999904632568,4.099999904632568,4.0,4.090000152587891,3800
2022-12-01,4.0,4.059999942779541,4.0,4.03000020980835,1700
2022-12-02,4.070000171661377,4.079999923706055,4.03000020980835,4.03000020980835,4100
2022-12-05,4.0,4.019999980926514,3.940000057220459,3.9700000286102295,15600
2022-12-06,3.890000104904175,4.010000228881836,3.890000104904175,4.0,11600
2022-12-07,4.0,4.010000228881836,4.0,4.0,5300
2022-12-08,4.010000228881836,4.039999961853027,4.0,4.0,2900
2022-12-09,4.0,4.019999980926514,4.0,4.0,3600
2022-12-12,4.0,4.019999980926514,4.0,4.0,10900
2022-12-13,4.0,4.010000228881836,4.0,4.0,19200
2022-12-14,4.0,4.010000228881836,3.9800000190734863,4.010000228881836,19800
2022-12-15,3.9800000190734863,4.0,3.950000047683716,4.0,4000
2022-12-16,3.9700000286102295,4.099999904632568,3.950000047683716,4.099999904632568,36700
2022-12-19,4.099999904632568,4.099999904632568,3.9800000190734863,3.9800000190734863,3500
2022-12-20,3.950000047683716,4.090000152587891,3.950000047683716,3.9800000190734863,1700
2022-12-21,4.019999980926514,4.019999980926514,4.010000228881836,4.019999980926514,1800
2022-12-22,4.0,4.039999961853027,3.930000066757202,4.039999961853027,5200
2022-12-23,3.940000057220459,4.010000228881836,3.940000057220459,3.990000009536743,1400
2022-12-27,3.990000009536743,3.990000009536743,3.930000066757202,3.950000047683716,12700
2022-12-28,3.930000066757202,3.9600000381469727,3.930000066757202,3.940000057220459,2200
2022-12-29,3.950000047683716,3.9800000190734863,3.940000057220459,3.9800000190734863,151100
2022-12-30,3.930000066757202,3.940000057220459,3.930000066757202,3.940000057220459,600
2023-01-03,3.9800000190734863,3.990000009536743,3.930000066757202,3.930000066757202,2800
2023-01-04,3.990000009536743,3.990000009536743,3.859999895095825,3.950000047683716,27500
2023-01-05,3.859999895095825,3.990000009536743,3.859999895095825,3.9800000190734863,13600
2023-01-06,3.9600000381469727,3.990000009536743,3.940000057220459,3.9600000381469727,8900
2023-01-09,3.9800000190734863,3.9800000190734863,3.880000114440918,3.880000114440918,20200
2023-01-10,3.890000104904175,3.950000047683716,3.890000104904175,3.890000104904175,102900
2023-01-11,3.890000104904175,3.940000057220459,3.890000104904175,3.890000104904175,1400
2023-01-12,3.890000104904175,3.930000066757202,3.890000104904175,3.930000066757202,6500
2023-01-13,3.890000104904175,3.9800000190734863,3.890000104904175,3.9800000190734863,290100
2023-01-17,3.990000009536743,4.0,3.950000047683716,3.990000009536743,155400
2023-01-18,3.990000009536743,4.0,3.950000047683716,3.9600000381469727,30800
2023-01-19,3.9100000858306885,4.0,3.9100000858306885,3.990000009536743,30700
2023-01-20,3.950000047683716,4.0,3.950000047683716,4.0,2100
2023-01-23,3.990000009536743,4.03000020980835,3.950000047683716,4.0,20600
2023-01-24,4.039999961853027,4.039999961853027,4.0,4.0,8400
2023-01-25,3.9800000190734863,4.019999980926514,3.9600000381469727,3.990000009536743,78500
2023-01-26,4.0,4.0,3.9800000190734863,4.0,3700
2023-01-27,3.9700000286102295,4.019999980926514,3.9700000286102295,3.9800000190734863,1300
2023-01-30,4.010000228881836,4.039999961853027,4.010000228881836,4.010000228881836,7400
2023-01-31,4.019999980926514,4.090000152587891,3.9700000286102295,4.03000020980835,17700
2023-02-01,4.010000228881836,4.099999904632568,4.0,4.0,3800
2023-02-02,4.019999980926514,4.090000152587891,4.0,4.090000152587891,5600
2023-02-03,4.059999942779541,4.110000133514404,4.050000190734863,4.059999942779541,14800
2023-02-06,4.0,4.119999885559082,4.0,4.0,71300
2023-02-07,4.059999942779541,4.090000152587891,4.0,4.0,8600
2023-02-08,4.019999980926514,4.03000020980835,4.0,4.010000228881836,4200
2023-02-09,3.990000009536743,4.010000228881836,3.950000047683716,4.010000228881836,8200
2023-02-10,4.0,4.0,3.9800000190734863,3.9800000190734863,11200
2023-02-13,3.9800000190734863,4.03000020980835,3.9800000190734863,4.0,3500
2023-02-14,3.9800000190734863,4.0,3.9800000190734863,4.0,2400
2023-02-15,3.9700000286102295,4.03000020980835,3.9700000286102295,3.9800000190734863,5300
2023-02-16,3.940000057220459,4.050000190734863,3.940000057220459,4.050000190734863,20400
2023-02-17,4.070000171661377,4.070000171661377,3.9600000381469727,4.019999980926514,2000
2023-02-21,4.070000171661377,4.079999923706055,3.9700000286102295,3.9700000286102295,8200
2023-02-22,3.990000009536743,4.010000228881836,3.9700000286102295,3.9700000286102295,5800
2023-02-23,3.9700000286102295,4.039999961853027,3.9700000286102295,4.010000228881836,8700
2023-02-24,4.050000190734863,4.050000190734863,3.9700000286102295,4.019999980926514,3400
2023-02-27,3.9800000190734863,4.0,3.9800000190734863,3.9800000190734863,7600
2023-02-28,3.9600000381469727,4.0,3.9600000381469727,3.9800000190734863,1800
2023-03-01,3.9600000381469727,3.9800000190734863,3.9600000381469727,3.9600000381469727,11900
2023-03-02,3.9700000286102295,3.9800000190734863,3.9700000286102295,3.9800000190734863,2100
2023-03-03,3.9700000286102295,3.9800000190734863,3.950000047683716,3.950000047683716,15100
2023-03-06,3.9700000286102295,3.990000009536743,3.9700000286102295,3.9700000286102295,2600
2023-03-07,4.0,4.0,3.950000047683716,3.950000047683716,1700
2023-03-08,3.990000009536743,3.990000009536743,3.9700000286102295,3.990000009536743,3800
2023-03-09,3.9700000286102295,3.990000009536743,3.940000057220459,3.990000009536743,10300
2023-03-10,3.950000047683716,3.950000047683716,3.8399999141693115,3.869999885559082,26000
2023-03-13,3.5,3.7799999713897705,2.950000047683716,3.700000047683716,31500
2023-03-14,3.549999952316284,3.7699999809265137,3.549999952316284,3.6500000953674316,13900
2023-03-15,3.7100000381469727,3.7699999809265137,3.559999942779541,3.5899999141693115,11800
2023-03-16,3.5999999046325684,3.740000009536743,3.5899999141693115,3.7300000190734863,4600
2023-03-17,3.6500000953674316,3.6500000953674316,3.450000047683716,3.450000047683716,18200
2023-03-20,3.5299999713897705,3.7300000190734863,3.450000047683716,3.4600000381469727,14700
2023-03-21,3.5999999046325684,3.7699999809265137,3.450000047683716,3.5,35200
2023-03-22,3.509999990463257,3.700000047683716,3.4000000953674316,3.680000066757202,27200
2023-03-23,3.440000057220459,3.5,3.430000066757202,3.5,7100
2023-03-24,3.559999942779541,3.559999942779541,3.2200000286102295,3.2899999618530273,49600
2023-03-27,3.440000057220459,3.509999990463257,3.380000114440918,3.4100000858306885,10300
2023-03-28,3.359999895095825,3.380000114440918,3.319999933242798,3.319999933242798,4400
2023-03-29,3.309999942779541,3.3499999046325684,3.259999990463257,3.3499999046325684,4700
2023-03-30,3.319999933242798,3.5299999713897705,3.259999990463257,3.259999990463257,2100
2023-03-31,3.2699999809265137,3.2799999713897705,3.049999952316284,3.049999952316284,23300
2023-04-03,3.130000114440918,3.130000114440918,3.049999952316284,3.059999942779541,39900
2023-04-04,3.200000047683716,3.200000047683716,3.0799999237060547,3.0799999237060547,6500
2023-04-05,3.069999933242798,3.200000047683716,3.059999942779541,3.200000047683716,2000
2023-04-06,3.2200000286102295,3.2200000286102295,3.069999933242798,3.190000057220459,2800
2023-04-10,3.2300000190734863,3.309999942779541,3.140000104904175,3.1600000858306885,19300
2023-04-11,3.1600000858306885,3.359999895095825,3.1600000858306885,3.1600000858306885,16600
2023-04-12,3.200000047683716,3.2799999713897705,3.0999999046325684,3.2799999713897705,11700
2023-04-13,3.25,3.25,3.109999895095825,3.190000057220459,3800
2023-04-14,3.140000104904175,3.3399999141693115,3.119999885559082,3.119999885559082,2600
2023-04-17,3.109999895095825,3.109999895095825,3.0999999046325684,3.0999999046325684,2200
2023-04-18,3.0999999046325684,3.0999999046325684,3.059999942779541,3.069999933242798,3500
2023-04-19,3.0799999237060547,3.180000066757202,3.0799999237060547,3.1700000762939453,8400
2023-04-20,3.130000114440918,3.130000114440918,3.130000114440918,3.130000114440918,1200
2023-04-21,3.069999933242798,3.069999933242798,3.0,3.0,3300
2023-04-24,3.0,3.009999990463257,2.950000047683716,2.950000047683716,69000
2023-04-25,2.9800000190734863,3.1500000953674316,2.930000066757202,2.930000066757202,41400
2023-04-26,2.930000066757202,3.0,2.8499999046325684,2.8499999046325684,16100
2023-04-27,2.9700000286102295,3.0,2.9700000286102295,2.990000009536743,18400
2023-04-28,3.0,3.0,2.9200000762939453,2.9800000190734863,12000
2023-05-01,2.990000009536743,3.0,2.950000047683716,2.950000047683716,17900
2023-05-02,2.950000047683716,3.0,2.880000114440918,2.9100000858306885,19900
2023-05-03,2.950000047683716,3.0,2.869999885559082,2.869999885559082,32300
2023-05-04,2.950000047683716,2.990000009536743,2.880000114440918,2.9000000953674316,13200
2023-05-05,2.940000057220459,2.940000057220459,2.869999885559082,2.890000104904175,3800
2023-05-08,2.890000104904175,2.9000000953674316,2.8399999141693115,2.8399999141693115,16500
2023-05-09,2.8499999046325684,2.9000000953674316,2.7799999713897705,2.7799999713897705,24000
2023-05-10,2.869999885559082,2.880000114440918,2.819999933242798,2.880000114440918,17800
2023-05-11,2.8499999046325684,2.9000000953674316,2.8399999141693115,2.890000104904175,11800
2023-05-12,2.8499999046325684,2.890000104904175,2.799999952316284,2.869999885559082,19700
2023-05-15,2.880000114440918,2.890000104904175,2.8399999141693115,2.8399999141693115,26700
2023-05-16,2.890000104904175,2.9000000953674316,2.8399999141693115,2.8399999141693115,10600
2023-05-17,2.8399999141693115,2.890000104904175,2.809999942779541,2.8499999046325684,10200
2023-05-18,2.8499999046325684,2.890000104904175,2.8399999141693115,2.8499999046325684,15300
2023-05-19,2.8399999141693115,2.880000114440918,2.8299999237060547,2.880000114440918,2800
2023-05-22,2.9000000953674316,2.9000000953674316,2.8299999237060547,2.8499999046325684,7400
2023-05-23,2.8399999141693115,2.869999885559082,2.8299999237060547,2.8299999237060547,10600
2023-05-24,2.819999933242798,2.880000114440918,2.819999933242798,2.880000114440918,13600
2023-05-25,2.880000114440918,2.880000114440918,2.819999933242798,2.8399999141693115,5600
2023-05-26,2.819999933242798,2.8399999141693115,2.75,2.75,6500
2023-05-30,2.819999933242798,2.880000114440918,2.7699999809265137,2.8299999237060547,17300
2023-05-31,2.819999933242798,2.8499999046325684,2.7799999713897705,2.809999942779541,4900
2023-06-01,2.809999942779541,2.819999933242798,2.7899999618530273,2.7899999618530273,4300
2023-06-02,2.819999933242798,2.819999933242798,2.7699999809265137,2.7699999809265137,2200
2023-06-05,2.700000047683716,2.8299999237060547,2.700000047683716,2.7699999809265137,12400
2023-06-06,2.819999933242798,2.869999885559082,2.7799999713897705,2.7799999713897705,7200
2023-06-07,2.809999942779541,2.859999895095825,2.809999942779541,2.809999942779541,3400
2023-06-08,2.8299999237060547,2.8399999141693115,2.7899999618530273,2.7899999618530273,3100
2023-06-09,2.8399999141693115,2.8399999141693115,2.7799999713897705,2.7799999713897705,2000
2023-06-12,2.7699999809265137,2.809999942779541,2.75,2.809999942779541,7200
2023-06-13,2.799999952316284,2.799999952316284,2.740000009536743,2.75,12400
2023-06-14,2.799999952316284,2.799999952316284,2.7100000381469727,2.759999990463257,2000
2023-06-15,2.7799999713897705,2.7799999713897705,2.700000047683716,2.759999990463257,2100
2023-06-16,2.75,2.7799999713897705,2.6700000762939453,2.7200000286102295,11700
2023-06-20,2.6500000953674316,2.7300000190734863,2.640000104904175,2.6600000858306885,4300
2023-06-21,2.630000114440918,2.690000057220459,2.5999999046325684,2.6500000953674316,2800
2023-06-22,2.609999895095825,2.640000104904175,2.5799999237060547,2.5799999237060547,4600
2023-06-23,2.549999952316284,2.609999895095825,2.4800000190734863,2.509999990463257,12200
2023-06-26,2.5299999713897705,2.5299999713897705,2.4800000190734863,2.509999990463257,5000
2023-06-27,2.509999990463257,2.5299999713897705,2.4800000190734863,2.490000009536743,5200
2023-06-28,2.4600000381469727,2.569999933242798,2.4600000381469727,2.4600000381469727,9600
2023-06-29,2.5,2.549999952316284,2.4800000190734863,2.5199999809265137,2400
2023-06-30,2.5999999046325684,2.5999999046325684,2.5199999809265137,2.5399999618530273,42500
2023-07-03,2.5199999809265137,2.6500000953674316,2.509999990463257,2.509999990463257,12600
2023-07-05,2.630000114440918,2.630000114440918,2.5199999809265137,2.5199999809265137,9800
2023-07-06,2.5199999809265137,2.609999895095825,2.5199999809265137,2.549999952316284,2000
2023-07-07,2.559999942779541,2.5899999141693115,2.5299999713897705,2.5899999141693115,10900
2023-07-10,2.569999933242798,2.5999999046325684,2.549999952316284,2.549999952316284,10500
2023-07-11,2.549999952316284,2.559999942779541,2.5,2.549999952316284,3400
2023-07-12,2.5799999237060547,2.630000114440918,2.559999942779541,2.5999999046325684,41200
2023-07-13,2.619999885559082,2.619999885559082,2.5,2.569999933242798,36700
2023-07-14,2.5,2.559999942779541,2.4700000286102295,2.4800000190734863,28800
2023-07-17,2.5,2.5,2.4100000858306885,2.4100000858306885,18700
2023-07-18,2.5199999809265137,2.5199999809265137,2.450000047683716,2.5199999809265137,26500
2023-07-19,2.5299999713897705,2.6700000762939453,2.5299999713897705,2.630000114440918,26200
2023-07-20,2.559999942779541,2.7699999809265137,2.559999942779541,2.75,130600
2023-07-21,2.7899999618530273,2.890000104904175,2.7899999618530273,2.880000114440918,27400
2023-07-24,2.890000104904175,2.9100000858306885,2.859999895095825,2.9100000858306885,32600
2023-07-25,2.9000000953674316,3.119999885559082,2.880000114440918,3.0999999046325684,89000
2023-07-26,3.200000047683716,3.299999952316284,3.140000104904175,3.299999952316284,34100
2023-07-27,3.309999942779541,3.4000000953674316,3.25,3.3299999237060547,30900
2023-07-28,3.299999952316284,3.3299999237060547,3.299999952316284,3.319999933242798,6700
2023-07-31,3.319999933242798,3.359999895095825,3.259999990463257,3.299999952316284,21800
2023-08-01,3.2899999618530273,3.319999933242798,3.2799999713897705,3.299999952316284,20100
2023-08-02,3.2899999618530273,3.319999933242798,3.240000009536743,3.319999933242798,8900
2023-08-03,3.25,3.359999895095825,3.25,3.299999952316284,57200
2023-08-04,3.299999952316284,3.299999952316284,3.2699999809265137,3.2799999713897705,8000
2023-08-07,3.259999990463257,3.299999952316284,3.259999990463257,3.2799999713897705,45700
2023-08-08,3.2200000286102295,3.2899999618530273,3.190000057220459,3.2899999618530273,18400
2023-08-09,3.200000047683716,3.299999952316284,3.0,3.2200000286102295,36900
2023-08-10,3.2100000381469727,3.3399999141693115,3.0,3.25,16000
2023-08-11,3.240000009536743,3.2799999713897705,3.130000114440918,3.2799999713897705,5000
2023-08-14,3.2699999809265137,3.2799999713897705,3.200000047683716,3.2200000286102295,3500
2023-08-15,3.1600000858306885,3.2899999618530273,3.0199999809265137,3.1500000953674316,19200
2023-08-16,3.180000066757202,3.180000066757202,3.180000066757202,3.180000066757202,700
2023-08-17,3.180000066757202,3.200000047683716,3.049999952316284,3.200000047683716,5100
2023-08-18,3.2200000286102295,3.2200000286102295,3.0199999809265137,3.1700000762939453,56400
2023-08-21,3.180000066757202,3.190000057220459,3.0299999713897705,3.140000104904175,7200
2023-08-22,3.049999952316284,3.180000066757202,3.0,3.009999990463257,14700
2023-08-23,3.049999952316284,3.059999942779541,2.990000009536743,3.059999942779541,6500
2023-08-24,3.0899999141693115,3.130000114440918,3.0299999713897705,3.130000114440918,17200
2023-08-25,3.0399999618530273,3.1700000762939453,3.0399999618530273,3.140000104904175,15600
2023-08-28,3.0,3.1700000762939453,3.0,3.0399999618530273,6800
2023-08-29,2.9100000858306885,3.140000104904175,2.9100000858306885,3.049999952316284,3800
2023-08-30,3.069999933242798,3.069999933242798,2.950000047683716,3.0,16800
2023-08-31,2.9600000381469727,3.1600000858306885,2.9600000381469727,3.0199999809265137,8000
2023-09-01,3.0199999809265137,3.190000057220459,3.0,3.0299999713897705,13100
2023-09-05,3.0299999713897705,3.1700000762939453,2.9600000381469727,2.9700000286102295,7300
2023-09-06,2.9600000381469727,3.140000104904175,2.9000000953674316,3.0999999046325684,4800
2023-09-07,3.0899999141693115,3.0899999141693115,2.9100000858306885,3.049999952316284,13500
2023-09-08,2.950000047683716,3.059999942779541,2.950000047683716,3.009999990463257,1800
2023-09-11,2.940000057220459,3.0999999046325684,2.940000057220459,2.990000009536743,5800
2023-09-12,3.0,3.0,2.950000047683716,2.950000047683716,3400
2023-09-13,2.9700000286102295,2.990000009536743,2.799999952316284,2.9100000858306885,25100
2023-09-14,2.950000047683716,2.9600000381469727,2.8299999237060547,2.9000000953674316,57300
2023-09-15,2.9000000953674316,2.990000009536743,2.75,2.75,28900
2023-09-18,2.8399999141693115,2.890000104904175,2.5999999046325684,2.890000104904175,52800
2023-09-19,2.809999942779541,2.9000000953674316,2.740000009536743,2.809999942779541,11700
2023-09-20,2.859999895095825,2.940000057220459,2.75,2.75,3400
2023-09-21,2.6600000858306885,2.8499999046325684,2.490000009536743,2.690000057220459,68100
2023-09-22,2.700000047683716,2.740000009536743,2.619999885559082,2.680000066757202,9700
2023-09-25,2.6500000953674316,2.7200000286102295,2.5199999809265137,2.6600000858306885,31400
2023-09-26,2.5899999141693115,2.7200000286102295,2.569999933242798,2.5799999237060547,5800
2023-09-27,2.5999999046325684,2.7100000381469727,2.549999952316284,2.5899999141693115,8400
2023-09-28,2.5999999046325684,2.680000066757202,2.559999942779541,2.5899999141693115,7800
2023-09-29,2.619999885559082,2.700000047683716,2.619999885559082,2.6500000953674316,3600
2023-10-02,2.5999999046325684,2.630000114440918,2.5299999713897705,2.569999933242798,11700
2023-10-03,2.5999999046325684,2.5999999046325684,2.509999990463257,2.509999990463257,17400
2023-10-04,2.569999933242798,2.609999895095825,2.5399999618530273,2.5999999046325684,10900
2023-10-05,2.630000114440918,2.630000114440918,2.5399999618530273,2.5899999141693115,12800
2023-10-06,2.509999990463257,2.619999885559082,2.509999990463257,2.5799999237060547,2900
2023-10-09,2.5999999046325684,2.6600000858306885,2.559999942779541,2.569999933242798,11900
2023-10-10,2.640000104904175,2.6500000953674316,2.549999952316284,2.569999933242798,7200
2023-10-11,2.6500000953674316,2.6500000953674316,2.5299999713897705,2.559999942779541,3500
2023-10-12,2.5299999713897705,2.619999885559082,2.5299999713897705,2.619999885559082,1700
2023-10-13,2.5899999141693115,2.630000114440918,2.559999942779541,2.5999999046325684,2900
2023-10-16,2.549999952316284,2.700000047683716,2.549999952316284,2.569999933242798,19400
2023-10-17,2.5999999046325684,2.690000057220459,2.559999942779541,2.559999942779541,17500
2023-10-18,2.609999895095825,2.6500000953674316,2.549999952316284,2.549999952316284,9200
2023-10-19,2.559999942779541,2.559999942779541,2.549999952316284,2.549999952316284,2100
2023-10-20,2.549999952316284,2.609999895095825,2.549999952316284,2.5999999046325684,7600
2023-10-23,2.559999942779541,2.619999885559082,2.4600000381469727,2.549999952316284,13700
2023-10-24,2.549999952316284,2.6500000953674316,2.509999990463257,2.509999990463257,6900
2023-10-25,2.509999990463257,2.5899999141693115,2.509999990463257,2.569999933242798,6300
2023-10-26,2.5199999809265137,2.5799999237060547,2.490000009536743,2.5799999237060547,1000
2023-10-27,2.549999952316284,2.5799999237060547,2.549999952316284,2.549999952316284,6100
2023-10-30,2.5,2.5999999046325684,2.5,2.5999999046325684,9000
2023-10-31,2.549999952316284,2.5899999141693115,2.4800000190734863,2.549999952316284,4200
2023-11-01,2.569999933242798,2.5899999141693115,2.549999952316284,2.569999933242798,4400
2023-11-02,2.5999999046325684,2.619999885559082,2.569999933242798,2.5999999046325684,7000
2023-11-03,2.5999999046325684,2.619999885559082,2.5999999046325684,2.609999895095825,4200
2023-11-06,2.5799999237060547,2.640000104904175,2.5799999237060547,2.5999999046325684,4900
2023-11-07,2.609999895095825,2.640000104904175,2.5899999141693115,2.5899999141693115,8100
2023-11-08,2.609999895095825,2.609999895095825,2.5299999713897705,2.5899999141693115,9400
2023-11-09,2.640000104904175,2.640000104904175,2.5999999046325684,2.640000104904175,9000
2023-11-10,2.5199999809265137,2.630000114440918,2.5199999809265137,2.630000114440918,5300
2023-11-13,2.6500000953674316,2.6500000953674316,2.549999952316284,2.5999999046325684,2300
2023-11-14,2.609999895095825,2.640000104904175,2.5999999046325684,2.630000114440918,2100
2023-11-15,2.6500000953674316,2.6600000858306885,2.5999999046325684,2.5999999046325684,5800
2023-11-16,2.5999999046325684,2.6600000858306885,2.5999999046325684,2.6600000858306885,7300
2023-11-17,2.630000114440918,2.680000066757202,2.630000114440918,2.680000066757202,3600
2023-11-20,2.7100000381469727,2.7799999713897705,2.680000066757202,2.7799999713897705,8800
2023-11-21,2.7699999809265137,2.8499999046325684,2.75,2.809999942779541,9000
2023-11-22,2.809999942779541,2.930000066757202,2.799999952316284,2.930000066757202,7300
2023-11-24,2.950000047683716,3.0,2.950000047683716,3.0,6900
2023-11-27,2.9700000286102295,3.049999952316284,2.9700000286102295,2.990000009536743,14600
2023-11-28,2.950000047683716,3.0399999618530273,2.890000104904175,3.0399999618530273,2600
2023-11-29,2.9000000953674316,3.049999952316284,2.9000000953674316,3.0,20300
2023-11-30,2.8399999141693115,2.9700000286102295,2.8399999141693115,2.9700000286102295,1900
2023-12-01,2.9000000953674316,3.0899999141693115,2.9000000953674316,3.009999990463257,2600
2023-12-04,2.9200000762939453,3.0199999809265137,2.9200000762939453,3.009999990463257,2100
2023-12-05,2.9600000381469727,3.0299999713897705,2.9600000381469727,3.0,8200
2023-12-06,3.0,3.049999952316284,3.0,3.049999952316284,4300
2023-12-07,3.009999990463257,3.049999952316284,3.009999990463257,3.009999990463257,1100
2023-12-08,3.009999990463257,3.0299999713897705,2.930000066757202,3.0,10000
2023-12-11,3.0,3.0399999618530273,2.950000047683716,2.950000047683716,11700
2023-12-12,2.9200000762939453,2.9200000762939453,2.9000000953674316,2.9100000858306885,2600
2023-12-13,2.9100000858306885,3.0,2.9100000858306885,2.990000009536743,7300
2023-12-14,2.9100000858306885,3.0199999809265137,2.9100000858306885,2.950000047683716,24800
2023-12-15,2.8399999141693115,3.0199999809265137,2.8399999141693115,2.950000047683716,4900
2023-12-18,3.0,3.009999990463257,2.809999942779541,2.809999942779541,8400
2023-12-19,2.9600000381469727,3.0199999809265137,2.9600000381469727,2.9800000190734863,12500
2023-12-20,2.9100000858306885,3.069999933242798,2.9100000858306885,3.0399999618530273,5400
2023-12-21,3.0199999809265137,3.0199999809265137,3.0,3.0199999809265137,13300
2023-12-22,3.009999990463257,3.009999990463257,2.990000009536743,3.009999990463257,1500
2023-12-26,2.869999885559082,3.0899999141693115,2.869999885559082,3.0899999141693115,3200
2023-12-27,3.130000114440918,3.180000066757202,3.0899999141693115,3.119999885559082,20900
2023-12-28,3.1500000953674316,3.2799999713897705,3.1500000953674316,3.2799999713897705,21800
2023-12-29,3.4000000953674316,3.4000000953674316,3.130000114440918,3.240000009536743,13000
2024-01-02,3.259999990463257,3.4000000953674316,3.1500000953674316,3.240000009536743,2200
2024-01-03,3.299999952316284,3.299999952316284,3.200000047683716,3.2699999809265137,5100
2024-01-04,3.119999885559082,3.2799999713897705,3.119999885559082,3.259999990463257,10200
2024-01-05,3.109999895095825,3.25,3.109999895095825,3.2200000286102295,12900
2024-01-08,3.119999885559082,3.259999990463257,3.119999885559082,3.2200000286102295,1600
2024-01-09,3.1700000762939453,3.190000057220459,3.119999885559082,3.119999885559082,2900
2024-01-10,3.119999885559082,3.119999885559082,3.119999885559082,3.119999885559082,1400
2024-01-11,3.0799999237060547,3.190000057220459,3.0799999237060547,3.180000066757202,2600
2024-01-12,3.190000057220459,3.190000057220459,3.109999895095825,3.1500000953674316,1700
2024-01-16,3.109999895095825,3.130000114440918,3.109999895095825,3.109999895095825,500
2024-01-17,3.109999895095825,3.130000114440918,3.0999999046325684,3.0999999046325684,2800
2024-01-18,3.1700000762939453,3.1700000762939453,3.0899999141693115,3.119999885559082,1100
2024-01-19,3.119999885559082,3.140000104904175,3.119999885559082,3.140000104904175,1400
2024-01-22,3.1500000953674316,3.2699999809265137,3.069999933242798,3.069999933242798,5500
2024-01-23,3.059999942779541,3.2200000286102295,3.0,3.009999990463257,19500
2024-01-24,3.0199999809265137,3.0299999713897705,2.9200000762939453,3.0299999713897705,2900
2024-01-25,2.9600000381469727,3.2100000381469727,2.9600000381469727,3.2100000381469727,12600
2024-01-26,3.0199999809265137,3.1600000858306885,3.0,3.1600000858306885,4100
2024-01-29,3.200000047683716,3.200000047683716,3.200000047683716,3.200000047683716,600
2024-01-30,3.200000047683716,3.200000047683716,3.1600000858306885,3.1600000858306885,5700
2024-01-31,2.9600000381469727,3.180000066757202,2.930000066757202,2.9700000286102295,15400
2024-02-01,3.1600000858306885,3.180000066757202,3.049999952316284,3.0999999046325684,61900
2024-02-02,2.990000009536743,3.140000104904175,2.990000009536743,3.130000114440918,12200
2024-02-05,2.990000009536743,3.130000114440918,2.990000009536743,3.009999990463257,2600
2024-02-06,3.0,3.059999942779541,3.0,3.009999990463257,68200
2024-02-07,2.990000009536743,3.059999942779541,2.8499999046325684,2.9800000190734863,59800
2024-02-08,2.9000000953674316,3.0299999713897705,2.8399999141693115,2.9100000858306885,13600
2024-02-09,2.880000114440918,2.940000057220459,2.7899999618530273,2.940000057220459,59300
2024-02-12,2.950000047683716,2.9700000286102295,2.809999942779541,2.809999942779541,9400
2024-02-13,2.8299999237060547,2.8299999237060547,2.700000047683716,2.700000047683716,18500
2024-02-14,2.799999952316284,2.9000000953674316,2.799999952316284,2.859999895095825,34200
2024-02-15,2.859999895095825,2.930000066757202,2.8499999046325684,2.9200000762939453,21500
2024-02-16,2.9200000762939453,2.950000047683716,2.9000000953674316,2.9100000858306885,168400
2024-02-20,2.9600000381469727,2.9700000286102295,2.9200000762939453,2.9200000762939453,12700
2024-02-21,2.9100000858306885,2.940000057220459,2.859999895095825,2.9000000953674316,27500
2024-02-22,2.859999895095825,2.869999885559082,2.7899999618530273,2.869999885559082,17500
2024-02-23,2.890000104904175,2.9200000762939453,2.75,2.859999895095825,26600
2024-02-26,2.8399999141693115,2.8399999141693115,2.6500000953674316,2.700000047683716,22700
2024-02-27,2.630000114440918,2.740000009536743,2.630000114440918,2.6500000953674316,9600
2024-02-28,2.7200000286102295,2.759999990463257,2.7200000286102295,2.75,7300
2024-02-29,2.7100000381469727,2.8299999237060547,2.7100000381469727,2.7200000286102295,5200
2024-03-01,2.6700000762939453,2.7300000190734863,2.6600000858306885,2.6600000858306885,5200
2024-03-04,2.6600000858306885,2.6600000858306885,2.549999952316284,2.549999952316284,4000
2024-03-05,2.569999933242798,2.7200000286102295,2.549999952316284,2.559999942779541,31000
2024-03-06,2.609999895095825,2.7300000190734863,2.559999942779541,2.569999933242798,14800
2024-03-07,2.5899999141693115,2.6600000858306885,2.509999990463257,2.569999933242798,21000
2024-03-08,2.609999895095825,2.6500000953674316,2.5999999046325684,2.619999885559082,16300
2024-03-11,2.6700000762939453,2.6700000762939453,2.549999952316284,2.609999895095825,32800
2024-03-12,2.549999952316284,2.680000066757202,2.5,2.5,20000
2024-03-13,2.569999933242798,2.569999933242798,2.4700000286102295,2.5,12100
2024-03-14,2.5,2.619999885559082,2.5,2.619999885559082,11600
2024-03-15,2.5799999237060547,2.640000104904175,2.549999952316284,2.609999895095825,11600
2024-03-18,2.630000114440918,2.630000114440918,2.559999942779541,2.559999942779541,6400
2024-03-19,2.5899999141693115,2.5999999046325684,2.390000104904175,2.390000104904175,34200
2024-03-20,2.369999885559082,2.630000114440918,2.369999885559082,2.630000114440918,17100
2024-03-21,2.640000104904175,2.75,2.640000104904175,2.7200000286102295,13700
2024-03-22,2.759999990463257,2.7799999713897705,2.7200000286102295,2.7300000190734863,4500
2024-03-25,2.7300000190734863,2.7300000190734863,2.700000047683716,2.700000047683716,3900
2024-03-26,2.6700000762939453,2.7799999713897705,2.6700000762939453,2.75,6000
2024-03-27,2.75,2.7899999618530273,2.680000066757202,2.7100000381469727,2000
2024-03-28,2.700000047683716,2.7200000286102295,2.5999999046325684,2.5999999046325684,3600
2024-04-01,2.5999999046325684,2.6500000953674316,2.309999942779541,2.3299999237060547,33400
2024-04-02,2.2699999809265137,2.390000104904175,2.2699999809265137,2.390000104904175,6700
2024-04-03,2.440000057220459,2.5,2.440000057220459,2.490000009536743,12100
2024-04-04,2.5399999618530273,2.569999933242798,2.490000009536743,2.5299999713897705,4600
2024-04-05,2.4800000190734863,2.4800000190734863,2.4000000953674316,2.4800000190734863,1900
2024-04-08,2.430000066757202,2.5299999713897705,2.309999942779541,2.309999942779541,31700
2024-04-09,2.299999952316284,2.440000057220459,2.299999952316284,2.319999933242798,7000
2024-04-10,2.309999942779541,2.380000114440918,2.25,2.3399999141693115,44700
2024-04-11,2.309999942779541,2.4100000858306885,2.309999942779541,2.4100000858306885,1000
2024-04-12,2.2899999618530273,2.390000104904175,2.2899999618530273,2.390000104904175,5000
2024-04-15,2.390000104904175,2.390000104904175,2.2899999618530273,2.299999952316284,23800
2024-04-16,2.380000114440918,2.430000066757202,2.380000114440918,2.430000066757202,12200
2024-04-17,2.430000066757202,2.640000104904175,2.430000066757202,2.569999933242798,43700
2024-04-18,2.5999999046325684,2.700000047683716,2.5899999141693115,2.690000057220459,8700
2024-04-19,2.690000057220459,2.740000009536743,2.559999942779541,2.740000009536743,4200
2024-04-22,2.75,2.75,2.5899999141693115,2.5899999141693115,7300
2024-04-23,2.6600000858306885,2.700000047683716,2.450000047683716,2.630000114440918,3900
2024-04-24,2.630000114440918,2.759999990463257,2.630000114440918,2.759999990463257,5900
2024-04-25,2.7200000286102295,2.799999952316284,2.6500000953674316,2.7899999618530273,7300
2024-04-26,2.6700000762939453,2.75,2.509999990463257,2.509999990463257,34200
2024-04-29,2.549999952316284,2.630000114440918,2.450000047683716,2.450000047683716,27600
2024-04-30,2.4200000762939453,2.450000047683716,2.259999990463257,2.4200000762939453,33100
2024-05-01,2.450000047683716,2.4600000381469727,2.3499999046325684,2.440000057220459,15800
2024-05-02,2.450000047683716,2.4600000381469727,2.369999885559082,2.450000047683716,50300
2024-05-03,2.3499999046325684,2.4700000286102295,2.3499999046325684,2.4000000953674316,14900
2024-05-06,2.369999885559082,2.4700000286102295,2.369999885559082,2.390000104904175,43300
2024-05-07,2.369999885559082,2.4700000286102295,2.3499999046325684,2.3499999046325684,28800
2024-05-08,2.440000057220459,2.490000009536743,2.430000066757202,2.490000009536743,15300
2024-05-09,2.450000047683716,2.5999999046325684,2.450000047683716,2.5999999046325684,9100
2024-05-10,2.5299999713897705,2.700000047683716,2.5199999809265137,2.700000047683716,4300
2024-05-13,2.6500000953674316,2.700000047683716,2.5299999713897705,2.6700000762939453,18200
2024-05-14,2.5,2.690000057220459,2.4800000190734863,2.690000057220459,22500
2024-05-15,2.6600000858306885,2.740000009536743,2.6600000858306885,2.740000009536743,10800
2024-05-16,2.700000047683716,2.75,2.6700000762939453,2.75,8700
2024-05-17,2.7799999713897705,2.799999952316284,2.7100000381469727,2.799999952316284,6400
2024-05-20,2.8499999046325684,2.9000000953674316,2.809999942779541,2.859999895095825,16000
2024-05-21,2.809999942779541,2.9000000953674316,2.5,2.5,50000
2024-05-22,2.450000047683716,2.740000009536743,2.450000047683716,2.740000009536743,24100
2024-05-23,2.7799999713897705,2.819999933242798,2.559999942779541,2.619999885559082,3200
2024-05-24,2.8399999141693115,2.8399999141693115,2.6700000762939453,2.680000066757202,1700
2024-05-28,2.680000066757202,2.75,2.549999952316284,2.549999952316284,9200
2024-05-29,2.559999942779541,2.8299999237060547,2.559999942779541,2.5999999046325684,5800
2024-05-30,2.6500000953674316,2.809999942779541,2.380000114440918,2.440000057220459,62100
2024-05-31,2.5,2.619999885559082,2.369999885559082,2.380000114440918,17300
2024-06-03,2.4100000858306885,2.5199999809265137,2.380000114440918,2.509999990463257,2900
2024-06-04,2.440000057220459,2.5,2.380000114440918,2.380000114440918,3500
2024-06-05,2.390000104904175,2.450000047683716,2.390000104904175,2.4000000953674316,1900
2024-06-06,2.4100000858306885,2.430000066757202,2.369999885559082,2.4000000953674316,2000
2024-06-07,2.380000114440918,2.4200000762939453,2.3499999046325684,2.4100000858306885,37400
2024-06-10,2.359999895095825,2.359999895095825,2.299999952316284,2.309999942779541,20300
2024-06-11,2.359999895095825,2.390000104904175,2.309999942779541,2.390000104904175,6100
2024-06-12,2.4000000953674316,2.4200000762939453,2.390000104904175,2.390000104904175,4400
2024-06-13,2.390000104904175,2.4700000286102295,2.319999933242798,2.3499999046325684,635100
2024-06-14,2.4000000953674316,2.5199999809265137,2.4000000953674316,2.5,21500
2024-06-17,2.450000047683716,2.450000047683716,2.380000114440918,2.430000066757202,2200
2024-06-18,2.4200000762939453,2.4800000190734863,2.319999933242798,2.3299999237060547,77000
2024-06-20,2.309999942779541,2.430000066757202,2.309999942779541,2.359999895095825,3600
2024-06-21,2.369999885559082,2.4800000190734863,2.369999885559082,2.4800000190734863,33800
2024-06-24,2.4100000858306885,2.440000057220459,2.359999895095825,2.380000114440918,2000
2024-06-25,2.369999885559082,2.369999885559082,2.369999885559082,2.369999885559082,1500
2024-06-26,2.4200000762939453,2.4200000762939453,2.359999895095825,2.359999895095825,1800
2024-06-27,2.4600000381469727,2.4600000381469727,2.359999895095825,2.4000000953674316,2300
2024-06-28,2.450000047683716,2.450000047683716,2.2300000190734863,2.259999990463257,117600
2024-07-01,2.2899999618530273,2.3499999046325684,2.2699999809265137,2.3499999046325684,12300
2024-07-02,2.390000104904175,2.390000104904175,2.2799999713897705,2.2899999618530273,3600
2024-07-03,2.4000000953674316,2.4000000953674316,2.4000000953674316,2.4000000953674316,700
2024-07-05,2.390000104904175,2.4200000762939453,2.359999895095825,2.4100000858306885,1400
2024-07-08,2.380000114440918,2.4200000762939453,2.2899999618530273,2.2899999618530273,10600
2024-07-09,2.25,2.319999933242798,2.25,2.319999933242798,1600
2024-07-10,2.2799999713897705,2.369999885559082,2.2699999809265137,2.2699999809265137,13100
2024-07-11,2.2200000286102295,2.3299999237060547,2.2200000286102295,2.309999942779541,7600
2024-07-12,2.25,2.440000057220459,2.25,2.369999885559082,36200
2024-07-15,2.369999885559082,2.430000066757202,2.299999952316284,2.319999933242798,14900
2024-07-16,2.430000066757202,2.559999942779541,2.430000066757202,2.440000057220459,68800
2024-07-17,2.450000047683716,2.5799999237060547,2.3499999046325684,2.5799999237060547,44700
2024-07-18,2.559999942779541,2.5999999046325684,2.5,2.549999952316284,29400
2024-07-19,2.509999990463257,2.5899999141693115,2.509999990463257,2.569999933242798,17500
2024-07-22,2.5299999713897705,2.569999933242798,2.490000009536743,2.569999933242798,3000
2024-07-23,2.559999942779541,2.6500000953674316,2.559999942779541,2.619999885559082,40300
2024-07-24,2.559999942779541,2.619999885559082,2.549999952316284,2.619999885559082,1900
2024-07-25,2.5999999046325684,2.690000057220459,2.5199999809265137,2.5199999809265137,27800
2024-07-26,2.559999942779541,2.5799999237060547,2.559999942779541,2.5799999237060547,1400
2024-07-29,2.559999942779541,2.559999942779541,2.549999952316284,2.559999942779541,1700
2024-07-30,2.5799999237060547,2.5799999237060547,2.549999952316284,2.549999952316284,2000
2024-07-31,2.569999933242798,2.569999933242798,2.509999990463257,2.509999990463257,8100
2024-08-01,2.4800000190734863,2.549999952316284,2.4800000190734863,2.5399999618530273,105500
2024-08-02,2.549999952316284,2.569999933242798,2.359999895095825,2.390000104904175,112400
2024-08-05,2.200000047683716,2.3499999046325684,2.200000047683716,2.299999952316284,12500
2024-08-06,2.319999933242798,2.3499999046325684,2.2899999618530273,2.2899999618530273,9300
2024-08-07,2.309999942779541,2.309999942779541,2.299999952316284,2.299999952316284,2600
2024-08-08,2.299999952316284,2.4100000858306885,2.25,2.2699999809265137,19400
2024-08-09,2.369999885559082,2.490000009536743,2.299999952316284,2.359999895095825,16300
2024-08-12,2.359999895095825,2.359999895095825,2.309999942779541,2.309999942779541,1300
2024-08-13,2.380000114440918,2.380000114440918,2.2799999713897705,2.2899999618530273,52000
2024-08-14,2.2899999618530273,2.3499999046325684,2.2899999618530273,2.309999942779541,2500
2024-08-15,2.2799999713897705,2.359999895095825,2.2799999713897705,2.2799999713897705,3300
2024-08-16,2.2799999713897705,2.4000000953674316,2.2799999713897705,2.3399999141693115,6100
2024-08-19,2.3399999141693115,2.4800000190734863,2.319999933242798,2.450000047683716,68100
2024-08-20,2.4800000190734863,2.4800000190734863,2.309999942779541,2.450000047683716,25200
2024-08-21,2.4700000286102295,2.5399999618530273,2.4600000381469727,2.4800000190734863,8600
2024-08-22,2.4800000190734863,2.5399999618530273,2.4800000190734863,2.5399999618530273,2300
2024-08-23,2.5799999237060547,2.6700000762939453,2.559999942779541,2.6500000953674316,16900
2024-08-26,2.680000066757202,2.7200000286102295,2.640000104904175,2.700000047683716,26600
2024-08-27,2.6600000858306885,2.7300000190734863,2.6600000858306885,2.6700000762939453,28800
2024-08-28,2.700000047683716,2.7100000381469727,2.680000066757202,2.700000047683716,109200
2024-08-29,2.7100000381469727,2.7100000381469727,2.700000047683716,2.7100000381469727,28300
2024-08-30,2.75,2.7899999618530273,2.7100000381469727,2.7899999618530273,25600
2024-09-03,2.799999952316284,2.799999952316284,2.700000047683716,2.700000047683716,6400
2024-09-04,2.700000047683716,2.7100000381469727,2.690000057220459,2.700000047683716,8600
2024-09-05,2.7300000190734863,2.7300000190734863,2.630000114440918,2.680000066757202,3100
2024-09-06,2.700000047683716,2.7300000190734863,2.700000047683716,2.7300000190734863,2400
2024-09-09,2.759999990463257,2.759999990463257,2.5899999141693115,2.630000114440918,7700
2024-09-10,2.6700000762939453,2.690000057220459,2.5899999141693115,2.6600000858306885,6200
2024-09-11,2.630000114440918,2.690000057220459,2.5799999237060547,2.690000057220459,10300
2024-09-12,2.680000066757202,2.7200000286102295,2.630000114440918,2.640000104904175,4100
2024-09-13,2.6500000953674316,2.7300000190734863,2.630000114440918,2.640000104904175,13500
2024-09-16,2.630000114440918,2.640000104904175,2.630000114440918,2.640000104904175,1100
2024-09-17,2.609999895095825,2.609999895095825,2.4200000762939453,2.5799999237060547,9700
2024-09-18,2.75,2.75,2.5299999713897705,2.549999952316284,11400
2024-09-19,2.5299999713897705,2.7100000381469727,2.5299999713897705,2.7100000381469727,7300
2024-09-20,2.7100000381469727,2.75,2.5199999809265137,2.700000047683716,55200
2024-09-23,2.6700000762939453,2.700000047683716,2.549999952316284,2.700000047683716,6300
2024-09-24,2.609999895095825,2.680000066757202,2.5999999046325684,2.680000066757202,7300
2024-09-25,2.609999895095825,2.700000047683716,2.5999999046325684,2.6600000858306885,5300
2024-09-26,2.6500000953674316,2.700000047683716,2.6500000953674316,2.700000047683716,5200
2024-09-27,2.700000047683716,2.740000009536743,2.609999895095825,2.6500000953674316,17600
2024-09-30,2.6500000953674316,2.6500000953674316,2.5999999046325684,2.609999895095825,3600
2024-10-01,2.5999999046325684,2.690000057220459,2.5999999046325684,2.619999885559082,3000
2024-10-02,2.609999895095825,2.630000114440918,2.5999999046325684,2.619999885559082,1100
2024-10-03,2.5999999046325684,2.619999885559082,2.5999999046325684,2.5999999046325684,3400
2024-10-04,2.5999999046325684,2.630000114440918,2.5999999046325684,2.5999999046325684,1200
2024-10-07,2.609999895095825,2.609999895095825,2.609999895095825,2.609999895095825,1400
2024-10-08,2.700000047683716,2.700000047683716,2.609999895095825,2.609999895095825,15900
2024-10-09,2.609999895095825,2.7100000381469727,2.609999895095825,2.7100000381469727,18600
2024-10-10,2.6700000762939453,2.7100000381469727,2.6700000762939453,2.7100000381469727,4400
2024-10-11,2.680000066757202,2.680000066757202,2.680000066757202,2.680000066757202,1100
2024-10-14,2.6700000762939453,2.700000047683716,2.630000114440918,2.630000114440918,4800
2024-10-15,2.619999885559082,2.799999952316284,2.619999885559082,2.799999952316284,21900
2024-10-16,2.799999952316284,2.9200000762939453,2.7699999809265137,2.9200000762939453,15300
2024-10-17,2.8499999046325684,2.990000009536743,2.8499999046325684,2.990000009536743,11900
2024-10-18,2.9100000858306885,2.990000009536743,2.9100000858306885,2.990000009536743,2900
2024-10-21,3.0,3.0199999809265137,3.0,3.0199999809265137,6000
2024-10-22,3.059999942779541,3.059999942779541,2.799999952316284,2.930000066757202,3400
2024-10-23,2.8299999237060547,3.009999990463257,2.799999952316284,2.809999942779541,18200
2024-10-24,2.799999952316284,2.809999942779541,2.7100000381469727,2.7899999618530273,9400
2024-10-25,2.75,2.7699999809265137,2.75,2.7699999809265137,900
2024-10-28,2.7100000381469727,2.7100000381469727,2.7100000381469727,2.7100000381469727,700
2024-10-29,2.700000047683716,2.7200000286102295,2.700000047683716,2.7200000286102295,800
2024-10-30,2.7300000190734863,2.809999942779541,2.7100000381469727,2.7100000381469727,6700
2024-10-31,2.7100000381469727,2.7899999618530273,2.7100000381469727,2.7899999618530273,9900
2024-11-01,2.7699999809265137,2.7799999713897705,2.7100000381469727,2.7100000381469727,6100
2024-11-04,2.7200000286102295,2.7200000286102295,2.700000047683716,2.7200000286102295,4900
2024-11-05,2.759999990463257,2.9700000286102295,2.700000047683716,2.7100000381469727,15700
2024-11-06,2.7100000381469727,2.9200000762939453,2.7100000381469727,2.7300000190734863,15200
2024-11-07,2.859999895095825,2.880000114440918,2.700000047683716,2.700000047683716,6500
2024-11-08,2.700000047683716,2.890000104904175,2.700000047683716,2.880000114440918,2000
2024-11-11,2.7899999618530273,2.8499999046325684,2.7899999618530273,2.799999952316284,5800
2024-11-12,2.7200000286102295,2.8399999141693115,2.7100000381469727,2.7100000381469727,7300
2024-11-13,2.7200000286102295,2.7799999713897705,2.7100000381469727,2.7300000190734863,48900
2024-11-14,2.740000009536743,2.8299999237060547,2.7300000190734863,2.8299999237060547,6600
2024-11-15,2.8499999046325684,3.0,2.8499999046325684,2.9600000381469727,3400
2024-11-18,2.990000009536743,3.0399999618530273,2.7699999809265137,2.9100000858306885,32700
2024-11-19,3.0199999809265137,3.059999942779541,2.799999952316284,2.869999885559082,22200
2024-11-20,2.759999990463257,3.0399999618530273,2.740000009536743,2.9700000286102295,6700
2024-11-21,2.869999885559082,3.049999952316284,2.8299999237060547,3.0399999618530273,4000
2024-11-22,2.9600000381469727,3.0199999809265137,2.8499999046325684,2.880000114440918,7600
2024-11-25,2.859999895095825,2.990000009536743,2.859999895095825,2.859999895095825,17400
2024-11-26,2.9000000953674316,2.940000057220459,2.809999942779541,2.880000114440918,16400
2024-11-27,2.8299999237060547,2.890000104904175,2.819999933242798,2.869999885559082,3400
2024-11-29,2.859999895095825,2.890000104904175,2.7899999618530273,2.869999885559082,1600
2024-12-02,2.869999885559082,2.890000104904175,2.7699999809265137,2.799999952316284,16500
2024-12-03,2.880000114440918,2.9200000762939453,2.799999952316284,2.809999942779541,2400
2024-12-04,2.8499999046325684,2.990000009536743,2.759999990463257,2.8399999141693115,13300
2024-12-05,2.7699999809265137,2.950000047683716,2.7699999809265137,2.809999942779541,3700
2024-12-06,2.809999942779541,2.930000066757202,2.809999942779541,2.9200000762939453,3500
2024-12-09,2.9200000762939453,3.0,2.819999933242798,2.880000114440918,43300
2024-12-10,2.880000114440918,2.9100000858306885,2.809999942779541,2.809999942779541,6300
2024-12-11,2.9200000762939453,2.9200000762939453,2.8299999237060547,2.8299999237060547,8100
2024-12-12,2.8299999237060547,2.859999895095825,2.8299999237060547,2.859999895095825,6300
2024-12-13,2.8399999141693115,2.890000104904175,2.8299999237060547,2.880000114440918,1700
2024-12-16,2.859999895095825,2.890000104904175,2.8399999141693115,2.8399999141693115,14000
2024-12-17,2.8399999141693115,2.890000104904175,2.8299999237060547,2.8499999046325684,2800
2024-12-18,2.9100000858306885,2.9100000858306885,2.7899999618530273,2.819999933242798,17600
2024-12-19,2.809999942779541,2.809999942779541,2.700000047683716,2.700000047683716,6300
2024-12-20,2.7100000381469727,2.7300000190734863,2.6700000762939453,2.7300000190734863,11200
2024-12-23,2.630000114440918,2.690000057220459,2.569999933242798,2.5799999237060547,14300
2024-12-24,2.640000104904175,2.6700000762939453,2.569999933242798,2.630000114440918,6000
2024-12-26,2.569999933242798,2.619999885559082,2.559999942779541,2.5899999141693115,5000
2024-12-27,2.609999895095825,2.609999895095825,2.509999990463257,2.5799999237060547,14300
2024-12-30,2.5299999713897705,2.9600000381469727,2.5299999713897705,2.619999885559082,44900
2024-12-31,2.6700000762939453,2.799999952316284,2.5999999046325684,2.680000066757202,38800
2025-01-02,2.6700000762939453,2.700000047683716,2.6600000858306885,2.6600000858306885,4600
2025-01-03,2.809999942779541,2.809999942779541,2.6600000858306885,2.700000047683716,2500
2025-01-06,2.7200000286102295,2.9600000381469727,2.6700000762939453,2.7300000190734863,24100
2025-01-07,2.7899999618530273,2.799999952316284,2.7100000381469727,2.7699999809265137,17000
2025-01-08,2.759999990463257,2.7799999713897705,2.75,2.7799999713897705,4400
2025-01-10,2.799999952316284,2.799999952316284,2.619999885559082,2.700000047683716,7900
2025-01-13,2.6600000858306885,2.7300000190734863,2.6600000858306885,2.6600000858306885,3100
2025-01-14,2.759999990463257,2.759999990463257,2.680000066757202,2.680000066757202,3300
2025-01-15,2.740000009536743,2.7799999713897705,2.6600000858306885,2.7300000190734863,6700
2025-01-16,2.759999990463257,2.7699999809265137,2.740000009536743,2.759999990463257,2400
2025-01-17,2.75,2.759999990463257,2.75,2.75,3700
2025-01-21,2.7200000286102295,2.799999952316284,2.700000047683716,2.700000047683716,9000
2025-01-22,2.7699999809265137,2.7899999618530273,2.619999885559082,2.630000114440918,5100
2025-01-23,2.630000114440918,2.700000047683716,2.609999895095825,2.700000047683716,2000
2025-01-24,2.7100000381469727,2.7100000381469727,2.640000104904175,2.7100000381469727,1400
2025-01-27,2.700000047683716,2.799999952316284,2.700000047683716,2.7100000381469727,3300
2025-01-28,2.7200000286102295,2.7200000286102295,2.7200000286102295,2.7200000286102295,300
2025-01-29,2.7100000381469727,2.809999942779541,2.7100000381469727,2.7200000286102295,2800
2025-01-30,2.7699999809265137,2.799999952316284,2.700000047683716,2.700000047683716,1600
2025-01-31,2.7100000381469727,2.869999885559082,2.700000047683716,2.7100000381469727,10100
2025-02-03,2.700000047683716,2.8499999046325684,2.569999933242798,2.6600000858306885,14900
2025-02-04,2.690000057220459,2.799999952316284,2.6600000858306885,2.6600000858306885,2700
2025-02-05,2.6700000762939453,2.8299999237060547,2.6700000762939453,2.75,3600
2025-02-06,2.759999990463257,2.819999933242798,2.700000047683716,2.799999952316284,2000
2025-02-07,2.799999952316284,2.809999942779541,2.700000047683716,2.7100000381469727,1400
2025-02-10,2.700000047683716,2.700000047683716,2.6600000858306885,2.700000047683716,1000
2025-02-11,2.7899999618530273,2.7899999618530273,2.6600000858306885,2.6600000858306885,2700
2025-02-12,2.6500000953674316,2.7799999713897705,2.5399999618530273,2.5399999618530273,8100
2025-02-13,2.700000047683716,2.700000047683716,2.549999952316284,2.630000114440918,9700
2025-02-14,2.640000104904175,2.7100000381469727,2.5899999141693115,2.5999999046325684,66400
2025-02-18,2.7200000286102295,2.740000009536743,2.5899999141693115,2.5899999141693115,33300
2025-02-19,2.619999885559082,2.680000066757202,2.5899999141693115,2.630000114440918,17600
2025-02-20,2.640000104904175,2.6600000858306885,2.5899999141693115,2.630000114440918,16700
2025-02-21,2.6700000762939453,2.6700000762939453,2.569999933242798,2.569999933242798,4900
2025-02-24,2.5999999046325684,2.5999999046325684,2.509999990463257,2.569999933242798,12500
2025-02-25,2.609999895095825,2.619999885559082,2.5899999141693115,2.5899999141693115,9900
2025-02-26,2.5899999141693115,2.5999999046325684,2.5,2.549999952316284,43200
2025-02-27,2.5199999809265137,2.5799999237060547,2.5,2.569999933242798,22200
2025-02-28,2.559999942779541,2.5999999046325684,2.5199999809265137,2.5999999046325684,3000
2025-03-03,2.559999942779541,2.619999885559082,2.5199999809265137,2.5199999809265137,3600
2025-03-04,2.5199999809265137,2.5199999809265137,2.440000057220459,2.440000057220459,9900
2025-03-05,2.4600000381469727,2.509999990463257,2.4600000381469727,2.490000009536743,4200
2025-03-06,2.4000000953674316,2.5999999046325684,2.4000000953674316,2.5899999141693115,14700
2025-03-07,2.559999942779541,2.569999933242798,2.549999952316284,2.559999942779541,5200
2025-03-10,2.559999942779541,2.5999999046325684,2.509999990463257,2.569999933242798,19900
2025-03-11,2.5399999618530273,2.5399999618530273,2.4200000762939453,2.4200000762939453,27200
2025-03-12,2.450000047683716,2.490000009536743,2.440000057220459,2.450000047683716,56500
2025-03-13,2.4600000381469727,2.4600000381469727,2.3499999046325684,2.380000114440918,18500
2025-03-14,2.4000000953674316,2.5,2.369999885559082,2.450000047683716,14700
2025-03-17,2.4200000762939453,2.5299999713897705,2.369999885559082,2.430000066757202,64000
2025-03-18,2.430000066757202,2.490000009536743,2.4000000953674316,2.4600000381469727,7500
2025-03-19,2.430000066757202,2.5,2.390000104904175,2.490000009536743,10100
2025-03-20,2.4100000858306885,2.490000009536743,2.4000000953674316,2.450000047683716,1700
2025-03-21,2.430000066757202,2.4600000381469727,2.3499999046325684,2.4000000953674316,28700
2025-03-24,2.4000000953674316,2.5199999809265137,2.380000114440918,2.4200000762939453,21100
2025-03-25,2.369999885559082,2.549999952316284,2.3499999046325684,2.3499999046325684,34200
2025-03-26,2.359999895095825,2.4200000762939453,2.359999895095825,2.4100000858306885,3000
2025-03-27,2.430000066757202,2.5199999809265137,2.3299999237060547,2.5199999809265137,36900
2025-03-28,2.450000047683716,2.5,2.430000066757202,2.440000057220459,5600
2025-03-31,2.4200000762939453,2.5,2.4200000762939453,2.430000066757202,7700
2025-04-01,2.430000066757202,2.4800000190734863,2.4200000762939453,2.440000057220459,32900
2025-04-02,2.4200000762939453,2.4700000286102295,2.4200000762939453,2.450000047683716,4400
2025-04-03,2.4200000762939453,2.450000047683716,2.3299999237060547,2.369999885559082,32500
2025-04-04,2.299999952316284,2.380000114440918,2.299999952316284,2.309999942779541,20700
2025-04-07,2.2699999809265137,2.369999885559082,2.25,2.2699999809265137,28600
2025-04-08,2.2899999618530273,2.319999933242798,2.0899999141693115,2.140000104904175,75300
2025-04-09,2.1600000858306885,2.2699999809265137,2.0299999713897705,2.0799999237060547,96000
2025-04-10,2.0899999141693115,2.190000057220459,2.0799999237060547,2.0999999046325684,45600
2025-04-11,2.119999885559082,2.1700000762939453,2.069999933242798,2.140000104904175,15400
2025-04-14,2.2100000381469727,2.2100000381469727,2.0799999237060547,2.1700000762939453,20900
2025-04-15,2.200000047683716,2.25,2.0899999141693115,2.0899999141693115,22400
2025-04-16,2.1500000953674316,2.25,2.109999895095825,2.1600000858306885,28300
2025-04-17,2.130000114440918,2.369999885559082,2.130000114440918,2.3499999046325684,27200
2025-04-21,2.4800000190734863,2.4800000190734863,2.2699999809265137,2.2699999809265137,72300
2025-04-22,2.2799999713897705,2.390000104904175,2.2300000190734863,2.3299999237060547,55500
2025-04-23,2.3499999046325684,2.430000066757202,2.259999990463257,2.369999885559082,28900
2025-04-24,2.2699999809265137,2.3399999141693115,2.240000009536743,2.3399999141693115,28200
2025-04-25,2.3299999237060547,2.430000066757202,2.299999952316284,2.4200000762939453,17500
2025-04-28,2.4200000762939453,2.4200000762939453,2.3299999237060547,2.380000114440918,12700
2025-04-29,2.369999885559082,2.440000057220459,2.3299999237060547,2.4000000953674316,18900
2025-04-30,2.3499999046325684,2.4800000190734863,2.3399999141693115,2.4100000858306885,9200
2025-05-01,2.4600000381469727,2.4700000286102295,2.4100000858306885,2.430000066757202,11500
2025-05-02,2.4700000286102295,2.509999990463257,2.4200000762939453,2.440000057220459,20300
2025-05-05,2.450000047683716,2.4700000286102295,2.4100000858306885,2.430000066757202,9700
2025-05-06,2.4000000953674316,2.440000057220459,2.3499999046325684,2.4100000858306885,2600
2025-05-07,2.4000000953674316,2.440000057220459,2.4000000953674316,2.430000066757202,2000
2025-05-08,2.4000000953674316,2.4600000381469727,2.4000000953674316,2.4200000762939453,4400
2025-05-09,2.450000047683716,2.450000047683716,2.4000000953674316,2.4100000858306885,2900
2025-05-12,2.5,2.509999990463257,2.430000066757202,2.440000057220459,21400
2025-05-13,2.440000057220459,2.509999990463257,2.440000057220459,2.509999990463257,15700
2025-05-14,2.5399999618530273,2.5399999618530273,2.5,2.5,12500
2025-05-15,2.549999952316284,2.549999952316284,2.4600000381469727,2.5299999713897705,48000
2025-05-16,2.569999933242798,2.5999999046325684,2.5,2.5,53300
2025-05-19,2.5,2.6700000762939453,2.5,2.509999990463257,47000
2025-05-20,2.549999952316284,2.630000114440918,2.5,2.509999990463257,14300
2025-05-21,2.549999952316284,2.559999942779541,2.5399999618530273,2.549999952316284,15100
2025-05-22,2.630000114440918,2.630000114440918,2.559999942779541,2.5999999046325684,24600
2025-05-23,2.4800000190734863,2.630000114440918,2.4800000190734863,2.619999885559082,34300
2025-05-27,2.6700000762939453,2.7200000286102295,2.5899999141693115,2.700000047683716,49400
2025-05-28,2.700000047683716,2.7300000190734863,2.690000057220459,2.7200000286102295,11900
2025-05-29,2.640000104904175,2.799999952316284,2.640000104904175,2.799999952316284,19000
2025-05-30,2.7200000286102295,2.819999933242798,2.7200000286102295,2.809999942779541,26200
2025-06-02,2.7799999713897705,2.950000047683716,2.7799999713897705,2.9200000762939453,22200
2025-06-03,2.940000057220459,3.0,2.940000057220459,2.9600000381469727,27800
2025-06-04,2.9600000381469727,3.0299999713897705,2.809999942779541,2.9000000953674316,28300
2025-06-05,2.8299999237060547,2.9200000762939453,2.8299999237060547,2.9100000858306885,9600
2025-06-06,2.869999885559082,3.0,2.869999885559082,2.990000009536743,12800
2025-06-09,3.0,3.0,2.890000104904175,2.9000000953674316,8500
2025-06-10,2.990000009536743,2.990000009536743,2.819999933242798,2.869999885559082,28500
2025-06-11,2.9000000953674316,2.9800000190734863,2.869999885559082,2.930000066757202,89500
2025-06-12,2.9800000190734863,2.9800000190734863,2.890000104904175,2.9000000953674316,11300
2025-06-13,2.9000000953674316,2.9100000858306885,2.7100000381469727,2.7100000381469727,36100
2025-06-16,2.700000047683716,2.819999933242798,2.700000047683716,2.799999952316284,26000
2025-06-17,2.859999895095825,2.930000066757202,2.7699999809265137,2.930000066757202,52300
2025-06-18,2.8499999046325684,2.9200000762939453,2.8399999141693115,2.9200000762939453,27000
2025-06-20,2.9000000953674316,2.940000057220459,2.9000000953674316,2.940000057220459,29300
2025-06-23,2.9100000858306885,2.990000009536743,2.8499999046325684,2.990000009536743,33100
2025-06-24,2.9200000762939453,2.990000009536743,2.9200000762939453,2.990000009536743,52100
2025-06-25,2.9800000190734863,2.9800000190734863,2.8299999237060547,2.9600000381469727,20900
2025-06-26,2.940000057220459,2.9700000286102295,2.9000000953674316,2.9700000286102295,6600
2025-06-27,3.0,3.0,2.940000057220459,2.9700000286102295,21200
2025-06-30,2.990000009536743,3.0399999618530273,2.9700000286102295,3.0399999618530273,82400
2025-07-01,3.0399999618530273,3.0799999237060547,3.0199999809265137,3.0399999618530273,14200
2025-07-02,2.940000057220459,3.0799999237060547,2.940000057220459,3.0199999809265137,68700
2025-07-03,3.0399999618530273,3.0899999141693115,3.0399999618530273,3.069999933242798,37400
2025-07-07,3.0899999141693115,3.2799999713897705,3.059999942779541,3.2200000286102295,79500
2025-07-08,3.2799999713897705,3.4200000762939453,3.25,3.25,40400
2025-07-09,3.2699999809265137,3.3299999237060547,3.2699999809265137,3.299999952316284,17000
2025-07-10,3.319999933242798,3.3299999237060547,3.2100000381469727,3.2899999618530273,38900
2025-07-11,3.2300000190734863,3.25,3.109999895095825,3.140000104904175,6300
2025-07-14,3.0899999141693115,3.2100000381469727,3.0899999141693115,3.200000047683716,22700
2025-07-15,3.119999885559082,3.319999933242798,3.119999885559082,3.1500000953674316,10300
2025-07-16,3.130000114440918,3.190000057220459,3.0899999141693115,3.1700000762939453,65600
2025-07-17,3.200000047683716,3.240000009536743,3.0999999046325684,3.0999999046325684,20800
2025-07-18,3.25,3.25,3.049999952316284,3.0799999237060547,12000
2025-07-21,3.0999999046325684,3.2799999713897705,3.0999999046325684,3.119999885559082,68600
2025-07-22,3.1700000762939453,3.200000047683716,3.069999933242798,3.069999933242798,22400
2025-07-23,3.130000114440918,3.130000114440918,3.0399999618530273,3.0899999141693115,6100
2025-07-24,3.140000104904175,3.140000104904175,2.930000066757202,2.9600000381469727,16700
2025-07-25,2.950000047683716,2.950000047683716,2.869999885559082,2.880000114440918,7000
2025-07-28,2.950000047683716,2.990000009536743,2.7300000190734863,2.799999952316284,28300
2025-07-29,2.7699999809265137,2.9200000762939453,2.7699999809265137,2.8399999141693115,10800
2025-07-30,2.890000104904175,2.890000104904175,2.799999952316284,2.799999952316284,3100
2025-07-31,2.799999952316284,2.809999942779541,2.640000104904175,2.809999942779541,32400
2025-08-01,2.700000047683716,2.930000066757202,2.700000047683716,2.930000066757202,61300
2025-08-04,2.9000000953674316,2.9200000762939453,2.8499999046325684,2.9100000858306885,17300
2025-08-05,2.8299999237060547,2.9100000858306885,2.819999933242798,2.9100000858306885,18100
2025-08-06,2.880000114440918,2.9100000858306885,2.880000114440918,2.9000000953674316,22600
2025-08-07,2.8499999046325684,2.9200000762939453,2.809999942779541,2.9200000762939453,5400
2025-08-08,2.9000000953674316,2.9000000953674316,2.9000000953674316,2.9000000953674316,700
2025-08-11,2.9000000953674316,2.930000066757202,2.9000000953674316,2.930000066757202,3300
2025-08-12,2.9000000953674316,3.1500000953674316,2.9000000953674316,2.9100000858306885,11800
2025-08-13,2.9100000858306885,2.940000057220459,2.9100000858306885,2.9100000858306885,7900
2025-08-14,2.9000000953674316,2.940000057220459,2.9000000953674316,2.940000057220459,2300
2025-08-15,3.0299999713897705,3.0299999713897705,2.9100000858306885,2.9700000286102295,7100
2025-08-18,3.0199999809265137,3.140000104904175,2.9600000381469727,3.0199999809265137,12700
2025-08-19,3.059999942779541,3.059999942779541,2.9600000381469727,2.990000009536743,4400
2025-08-20,2.9700000286102295,3.0399999618530273,2.9100000858306885,3.0399999618530273,9900
2025-08-21,2.9100000858306885,2.9800000190734863,2.9000000953674316,2.950000047683716,4200
2025-08-22,2.9600000381469727,3.049999952316284,2.9600000381469727,3.0,2000
2025-08-25,3.0,3.069999933242798,3.0,3.049999952316284,10700
2025-08-26,3.059999942779541,3.0899999141693115,3.049999952316284,3.049999952316284,3700
2025-08-27,3.0,3.0899999141693115,3.0,3.069999933242798,8800
2025-08-28,3.0199999809265137,3.0899999141693115,2.950000047683716,3.059999942779541,3100
2025-08-29,2.950000047683716,2.9800000190734863,2.930000066757202,2.9800000190734863,16400
2025-09-02,3.0399999618530273,3.0399999618530273,2.9000000953674316,3.0299999713897705,8100
2025-09-03,2.930000066757202,3.0999999046325684,2.930000066757202,2.9800000190734863,9400
2025-09-04,3.0799999237060547,3.0799999237060547,2.950000047683716,3.049999952316284,6800
2025-09-05,2.9600000381469727,2.9600000381469727,2.8499999046325684,2.869999885559082,12700
2025-09-08,2.859999895095825,2.930000066757202,2.859999895095825,2.859999895095825,6400
2025-09-09,2.859999895095825,2.9200000762939453,2.8299999237060547,2.9200000762939453,5000
2025-09-10,2.8399999141693115,2.859999895095825,2.8299999237060547,2.8299999237060547,3000
2025-09-11,2.819999933242798,2.930000066757202,2.809999942779541,2.8499999046325684,11500
2025-09-12,2.799999952316284,2.9100000858306885,2.799999952316284,2.869999885559082,5000
2025-09-15,2.880000114440918,2.9700000286102295,2.8399999141693115,2.9600000381469727,15200
2025-09-16,2.930000066757202,3.0399999618530273,2.930000066757202,3.0399999618530273,6900
2025-09-17,2.930000066757202,3.069999933242798,2.930000066757202,3.009999990463257,8200
2025-09-18,2.9700000286102295,2.9700000286102295,2.859999895095825,2.859999895095825,37100
2025-09-19,2.9200000762939453,2.950000047683716,2.8299999237060547,2.880000114440918,18300
2025-09-22,2.9100000858306885,2.950000047683716,2.8499999046325684,2.859999895095825,28800
2025-09-23,2.940000057220459,2.950000047683716,2.8499999046325684,2.8499999046325684,43400
2025-09-24,2.8499999046325684,2.9200000762939453,2.8499999046325684,2.9100000858306885,7500
2025-09-25,2.9200000762939453,2.9200000762939453,2.859999895095825,2.859999895095825,7700
2025-09-26,2.859999895095825,2.940000057220459,2.8499999046325684,2.930000066757202,11800
2025-09-29,2.930000066757202,3.009999990463257,2.880000114440918,2.9800000190734863,26500
2025-09-30,3.009999990463257,3.0199999809265137,2.9000000953674316,2.9000000953674316,6600
2025-10-01,2.890000104904175,2.890000104904175,2.890000104904175,2.890000104904175,600
2025-10-02,2.869999885559082,2.890000104904175,2.869999885559082,2.869999885559082,5400
2025-10-03,2.869999885559082,2.930000066757202,2.869999885559082,2.930000066757202,3000
2025-10-06,2.880000114440918,3.0199999809265137,2.880000114440918,3.0,20100
2025-10-07,3.009999990463257,3.0399999618530273,2.940000057220459,3.0199999809265137,16300
2025-10-08,3.0199999809265137,3.0199999809265137,2.950000047683716,3.0,3600
2025-10-09,2.9600000381469727,3.049999952316284,2.950000047683716,3.049999952316284,47100
2025-10-10,3.0299999713897705,3.0299999713897705,2.930000066757202,2.930000066757202,4300
2025-10-13,2.9700000286102295,2.9700000286102295,2.9100000858306885,2.9100000858306885,4500
2025-10-14,2.9000000953674316,3.0999999046325684,2.859999895095825,2.990000009536743,8600
2025-10-15,2.990000009536743,3.0,2.9000000953674316,3.0,5100
2025-10-16,3.3399999141693115,3.3399999141693115,2.9100000858306885,3.049999952316284,217500
2025-10-17,3.009999990463257,3.309999942779541,2.9600000381469727,3.009999990463257,36200
2025-10-20,2.990000009536743,3.1600000858306885,2.990000009536743,3.049999952316284,1500
2025-10-21,3.1700000762939453,3.2699999809265137,2.990000009536743,3.0999999046325684,75900
2025-10-22,3.119999885559082,3.299999952316284,3.0799999237060547,3.190000057220459,48400
2025-10-23,3.299999952316284,3.299999952316284,3.119999885559082,3.1600000858306885,31300
2025-10-24,3.259999990463257,3.299999952316284,3.200000047683716,3.2200000286102295,61900
2025-10-27,3.2899999618530273,3.299999952316284,3.0999999046325684,3.119999885559082,74200
2025-10-28,3.1600000858306885,3.240000009536743,3.049999952316284,3.140000104904175,42300
2025-10-29,3.119999885559082,3.140000104904175,3.009999990463257,3.0799999237060547,17100
2025-10-30,3.0999999046325684,3.190000057220459,3.059999942779541,3.130000114440918,4400
2025-10-31,3.119999885559082,3.130000114440918,3.009999990463257,3.049999952316284,19200
2025-11-03,3.0399999618530273,3.180000066757202,3.0199999809265137,3.0999999046325684,45400
2025-11-04,3.109999895095825,3.200000047683716,3.059999942779541,3.0999999046325684,24400
2025-11-05,3.0999999046325684,3.130000114440918,3.0399999618530273,3.109999895095825,10800
2025-11-06,3.180000066757202,3.180000066757202,3.069999933242798,3.0799999237060547,23600
2025-11-07,3.1600000858306885,3.1600000858306885,3.0299999713897705,3.0399999618530273,15800
2025-11-10,3.0399999618530273,3.109999895095825,3.0299999713897705,3.059999942779541,28000
2025-11-11,3.0799999237060547,3.109999895095825,3.0399999618530273,3.109999895095825,22700
2025-11-12,3.130000114440918,3.200000047683716,3.0999999046325684,3.130000114440918,19900
2025-11-13,3.109999895095825,3.140000104904175,3.049999952316284,3.0899999141693115,7300
2025-11-14,3.049999952316284,3.109999895095825,2.9600000381469727,3.0299999713897705,39900
2025-11-17,3.0399999618530273,3.3499999046325684,3.0299999713897705,3.0299999713897705,85700
2025-11-18,3.049999952316284,3.1700000762939453,2.9700000286102295,3.059999942779541,31900
2025-11-19,3.059999942779541,3.0999999046325684,3.059999942779541,3.0899999141693115,7400
2025-11-20,3.130000114440918,3.130000114440918,3.0799999237060547,3.0999999046325684,6400
2025-11-21,3.0899999141693115,3.140000104904175,3.0899999141693115,3.109999895095825,14700
2025-11-24,3.140000104904175,3.25,3.140000104904175,3.200000047683716,41400
2025-11-25,3.140000104904175,3.240000009536743,3.140000104904175,3.190000057220459,12700
2025-11-26,3.109999895095825,3.2200000286102295,3.0899999141693115,3.0899999141693115,33600
2025-11-28,3.2699999809265137,3.2899999618530273,3.109999895095825,3.109999895095825,1100
2025-12-01,3.140000104904175,3.190000057220459,3.0999999046325684,3.109999895095825,26500
2025-12-02,3.1500000953674316,3.1500000953674316,3.049999952316284,3.059999942779541,8400
2025-12-03,3.2200000286102295,3.2200000286102295,3.059999942779541,3.1600000858306885,4800
2025-12-04,3.109999895095825,3.140000104904175,3.069999933242798,3.0799999237060547,2300
2025-12-05,3.0799999237060547,3.180000066757202,3.0799999237060547,3.1700000762939453,2500
2025-12-08,3.0999999046325684,3.1500000953674316,3.0,3.0,34200
2025-12-09,3.0,3.0999999046325684,3.0,3.0299999713897705,15700
2025-12-10,3.0799999237060547,3.140000104904175,2.990000009536743,3.109999895095825,23800
2025-12-11,3.0999999046325684,3.130000114440918,3.0799999237060547,3.109999895095825,13500
2025-12-12,3.0399999618530273,3.1700000762939453,3.0399999618530273,3.0799999237060547,8100
2025-12-15,3.069999933242798,3.1600000858306885,3.069999933242798,3.1600000858306885,3000
2025-12-16,3.140000104904175,3.190000057220459,3.0999999046325684,3.0999999046325684,5700
2025-12-17,3.130000114440918,3.1600000858306885,3.0999999046325684,3.0999999046325684,26500
2025-12-18,3.1500000953674316,3.1500000953674316,3.0999999046325684,3.0999999046325684,6100
2025-12-19,3.0999999046325684,3.1500000953674316,3.0,3.0199999809265137,26700
2025-12-22,3.009999990463257,3.1600000858306885,3.009999990463257,3.009999990463257,41200
2025-12-23,3.0199999809265137,3.140000104904175,3.009999990463257,3.0999999046325684,15300
2025-12-24,3.140000104904175,3.1700000762939453,3.0999999046325684,3.0999999046325684,3800
2025-12-26,3.119999885559082,3.190000057220459,3.109999895095825,3.1700000762939453,14400
2025-12-29,3.119999885559082,3.2300000190734863,3.059999942779541,3.190000057220459,26500
2025-12-30,3.1600000858306885,3.200000047683716,3.130000114440918,3.130000114440918,7600
2025-12-31,3.119999885559082,3.200000047683716,3.119999885559082,3.190000057220459,22100
2026-01-02,3.119999885559082,3.3399999141693115,3.119999885559082,3.2799999713897705,6100
2026-01-05,3.2799999713897705,3.3299999237060547,3.1500000953674316,3.2799999713897705,11500
2026-01-06,3.259999990463257,3.2699999809265137,3.1600000858306885,3.1600000858306885,7200
2026-01-07,3.1500000953674316,3.299999952316284,3.1500000953674316,3.1500000953674316,28000
2026-01-08,3.0999999046325684,3.299999952316284,3.0999999046325684,3.2300000190734863,5000
2026-01-09,3.2300000190734863,3.2699999809265137,3.130000114440918,3.2699999809265137,8100
2026-01-12,3.200000047683716,3.2699999809265137,3.1600000858306885,3.1600000858306885,9800
2026-01-13,3.1500000953674316,3.2200000286102295,3.1500000953674316,3.200000047683716,5700
2026-01-14,3.1500000953674316,3.2300000190734863,3.140000104904175,3.2300000190734863,13600
2026-01-15,3.1600000858306885,3.299999952316284,3.1600000858306885,3.2200000286102295,22500
2026-01-16,3.259999990463257,3.299999952316284,3.2100000381469727,3.2200000286102295,9200
2026-01-20,3.299999952316284,3.299999952316284,3.2200000286102295,3.2200000286102295,43200
2026-01-21,3.2300000190734863,3.299999952316284,3.2200000286102295,3.2699999809265137,22700
2026-01-22,3.2699999809265137,3.299999952316284,3.2699999809265137,3.2899999618530273,29900
2026-01-23,3.299999952316284,3.299999952316284,3.2300000190734863,3.2899999618530273,11500
2026-01-26,3.259999990463257,3.2899999618530273,3.2300000190734863,3.2300000190734863,20400
2026-01-27,3.2200000286102295,3.299999952316284,3.2100000381469727,3.25,18900
2026-01-28,3.2799999713897705,3.299999952316284,3.200000047683716,3.299999952316284,37800
2026-01-29,3.2799999713897705,3.299999952316284,3.2799999713897705,3.299999952316284,14800
2026-01-30,3.2899999618530273,3.299999952316284,3.2899999618530273,3.299999952316284,20700
2026-02-02,3.299999952316284,3.5999999046325684,3.2899999618530273,3.549999952316284,83000
2026-02-03,3.5,3.7300000190734863,3.5,3.559999942779541,25000
2026-02-04,3.6500000953674316,3.75,3.559999942779541,3.680000066757202,13800
2026-02-05,3.690000057220459,3.7200000286102295,3.549999952316284,3.559999942779541,13500
2026-02-06,3.619999885559082,3.880000114440918,3.619999885559082,3.819999933242798,27400
2026-02-09,3.8399999141693115,3.8399999141693115,3.5399999618530273,3.5899999141693115,23000
2026-02-10,3.559999942779541,3.690000057220459,3.5199999809265137,3.5199999809265137,31600
2026-02-11,3.5799999237060547,3.7100000381469727,3.4000000953674316,3.549999952316284,35000
2026-02-12,3.5,3.5199999809265137,3.5,3.5199999809265137,4300
2026-02-13,3.4800000190734863,3.619999885559082,3.4000000953674316,3.509999990463257,6300
2026-02-17,3.8299999237060547,3.890000104904175,3.7100000381469727,3.7200000286102295,41200
2026-02-18,3.809999942779541,3.890000104904175,3.809999942779541,3.859999895095825,13500
2026-02-19,3.859999895095825,3.930000066757202,3.75,3.930000066757202,33500
2026-02-20,3.9200000762939453,3.930000066757202,3.8399999141693115,3.8499999046325684,5700
2026-02-23,3.880000114440918,3.880000114440918,3.7200000286102295,3.740000009536743,14500
2026-02-24,3.759999990463257,3.7699999809265137,3.7200000286102295,3.7200000286102295,6500
2026-02-25,3.75,3.7699999809265137,3.700000047683716,3.7699999809265137,8500
2026-02-26,3.819999933242798,3.819999933242798,3.7200000286102295,3.759999990463257,13000
2026-02-27,3.8399999141693115,3.8399999141693115,3.75,3.799999952316284,5900
2026-03-02,3.799999952316284,3.880000114440918,3.7799999713897705,3.819999933242798,18000
2026-03-03,3.819999933242798,3.8399999141693115,3.799999952316284,3.799999952316284,9100
2026-03-04,3.7799999713897705,3.8499999046325684,3.75,3.8499999046325684,8200
2026-03-05,3.809999942779541,3.809999942779541,3.759999990463257,3.759999990463257,4800
2026-03-06,3.7699999809265137,3.799999952316284,3.6700000762939453,3.740000009536743,26800
2026-03-09,3.680000066757202,3.799999952316284,3.619999885559082,3.6500000953674316,10800
2026-03-10,3.630000114440918,3.8399999141693115,3.5899999141693115,3.5899999141693115,17900
2026-03-11,3.619999885559082,3.7300000190734863,3.619999885559082,3.680000066757202,3800
2026-03-12,3.6600000858306885,3.8299999237060547,3.6600000858306885,3.819999933242798,6300
2026-03-13,3.75,3.8399999141693115,3.680000066757202,3.819999933242798,8300
2026-03-16,3.819999933242798,3.819999933242798,3.680000066757202,3.7200000286102295,7900
2026-03-17,3.7699999809265137,3.7799999713897705,3.680000066757202,3.680000066757202,13400
2026-03-18,3.6600000858306885,3.8299999237060547,3.6600000858306885,3.759999990463257,10400
2026-03-19,3.690000057220459,3.809999942779541,3.680000066757202,3.809999942779541,2400
2026-03-20,3.7100000381469727,3.7300000190734863,3.6600000858306885,3.6600000858306885,13000
2026-03-23,3.640000104904175,3.6600000858306885,3.5799999237060547,3.6600000858306885,17500
2026-03-24,3.6600000858306885,3.6600000858306885,3.559999942779541,3.559999942779541,15400
2026-03-25,3.559999942779541,3.630000114440918,3.559999942779541,3.609999895095825,6600
2026-03-26,3.609999895095825,3.6600000858306885,3.5899999141693115,3.630000114440918,14400
2026-03-27,3.549999952316284,3.619999885559082,3.5399999618530273,3.619999885559082,6300
2026-03-30,3.6600000858306885,3.700000047683716,3.559999942779541,3.619999885559082,12200
2026-03-31,3.630000114440918,3.6600000858306885,3.5899999141693115,3.619999885559082,19900
2026-04-01,3.6600000858306885,3.6600000858306885,3.5899999141693115,3.609999895095825,6800
2026-04-02,3.640000104904175,3.7100000381469727,3.569999933242798,3.7100000381469727,9800
2026-04-06,3.640000104904175,3.7200000286102295,3.609999895095825,3.630000114440918,8300
2026-04-07,3.7200000286102295,3.7200000286102295,3.6500000953674316,3.700000047683716,12500
2026-04-08,3.6600000858306885,3.819999933242798,3.6600000858306885,3.7300000190734863,24700
2026-04-09,3.799999952316284,3.799999952316284,3.5999999046325684,3.690000057220459,8200
2026-04-10,3.6600000858306885,3.819999933242798,3.6600000858306885,3.7100000381469727,6800
2026-04-13,3.819999933242798,3.819999933242798,3.700000047683716,3.7699999809265137,13600
2026-04-14,3.75,3.8399999141693115,3.6500000953674316,3.8399999141693115,18700
2026-04-15,3.799999952316284,3.890000104904175,3.799999952316284,3.890000104904175,12100
2026-04-16,3.9100000858306885,4.039999961853027,3.8299999237060547,4.039999961853027,19500
2026-04-17,4.0,4.0,3.859999895095825,3.940000057220459,24100
2026-04-20,3.990000009536743,4.0,3.890000104904175,3.890000104904175,14500
2026-04-21,3.9000000953674316,4.0,3.819999933242798,3.9200000762939453,26000
2026-04-22,3.9100000858306885,3.9600000381469727,3.819999933242798,3.9600000381469727,5700
2026-04-23,3.9000000953674316,3.9600000381469727,3.8299999237060547,3.930000066757202,4500
2026-04-24,3.809999942779541,3.890000104904175,3.799999952316284,3.890000104904175,2000
2026-04-27,3.7899999618530273,3.8399999141693115,3.6500000953674316,3.7100000381469727,16800
2026-04-28,3.75,3.8299999237060547,3.75,3.7899999618530273,4000
2026-04-29,3.759999990463257,3.869999885559082,3.759999990463257,3.799999952316284,5600
2026-04-30,3.759999990463257,3.9700000286102295,3.6700000762939453,3.9600000381469727,18800
2026-05-01,3.9800000190734863,3.9800000190734863,3.740000009536743,3.9700000286102295,4400
2026-05-04,3.9600000381469727,3.9600000381469727,3.890000104904175,3.9000000953674316,7500
2026-05-05,3.930000066757202,3.9600000381469727,3.759999990463257,3.759999990463257,6800
2026-05-06,3.8399999141693115,3.8399999141693115,3.7899999618530273,3.7899999618530273,10900
2026-05-07,3.740000009536743,3.869999885559082,3.619999885559082,3.7799999713897705,23100
2026-05-08,3.819999933242798,3.819999933242798,3.6500000953674316,3.6500000953674316,20700
2026-05-11,3.6500000953674316,3.75,3.5999999046325684,3.690000057220459,10200
2026-05-12,3.740000009536743,3.7799999713897705,3.7200000286102295,3.75,8300
2026-05-13,3.700000047683716,3.819999933242798,3.700000047683716,3.75,18700
2026-05-14,3.799999952316284,3.869999885559082,3.799999952316284,3.869999885559082,9800
2026-05-15,3.880000114440918,3.9700000286102295,3.809999942779541,3.8299999237060547,4300
2026-05-18,3.880000114440918,3.9700000286102295,3.859999895095825,3.859999895095825,15900
2026-05-19,3.8499999046325684,3.9000000953674316,3.8499999046325684,3.8499999046325684,26800
2026-05-20,3.859999895095825,3.950000047683716,3.8499999046325684,3.950000047683716,6100
2026-05-21,3.759999990463257,3.9100000858306885,3.759999990463257,3.9100000858306885,4400
2026-05-22,3.9100000858306885,3.930000066757202,3.799999952316284,3.930000066757202,3100
2026-05-26,3.8499999046325684,3.9000000953674316,3.799999952316284,3.799999952316284,20100
2026-05-27,3.759999990463257,3.8299999237060547,3.5899999141693115,3.8299999237060547,19000
2026-05-28,3.799999952316284,3.809999942779541,3.5999999046325684,3.809999942779541,6700
2026-05-29,3.7100000381469727,3.809999942779541,3.680000066757202,3.700000047683716,2900
2026-06-01,3.75,3.809999942779541,3.7100000381469727,3.809999942779541,4700
2026-06-02,3.799999952316284,3.799999952316284,3.7200000286102295,3.7200000286102295,9200
2026-06-03,3.759999990463257,3.759999990463257,3.7200000286102295,3.75,4200
2026-06-04,3.7699999809265137,3.799999952316284,3.7699999809265137,3.7799999713897705,2100
2026-06-05,3.75,3.759999990463257,3.680000066757202,3.740000009536743,8700
2026-06-08,3.7200000286102295,3.740000009536743,3.680000066757202,3.680000066757202,6900
2026-06-09,3.75,3.819999933242798,3.7300000190734863,3.759999990463257,27700
2026-06-10,3.7699999809265137,3.809999942779541,3.740000009536743,3.7699999809265137,9000
2026-06-11,3.799999952316284,3.809999942779541,3.7799999713897705,3.809999942779541,1900
2026-06-12,3.7699999809265137,3.880000114440918,3.7300000190734863,3.809999942779541,4600
2026-06-15,3.75,3.9000000953674316,3.75,3.809999942779541,18700
2026-06-16,3.7699999809265137,3.819999933242798,3.75,3.75,5100
2026-06-17,3.75,3.8499999046325684,3.75,3.8399999141693115,14500
2026-06-18,3.809999942779541,3.9000000953674316,3.75,3.890000104904175,38200
2026-06-22,3.799999952316284,3.859999895095825,3.759999990463257,3.759999990463257,4000
2026-06-23,3.799999952316284,3.819999933242798,3.75,3.819999933242798,24800
2026-06-24,3.7699999809265137,3.8299999237060547,3.75,3.7799999713897705,8600
2026-06-25,3.8399999141693115,3.8399999141693115,3.7799999713897705,3.819999933242798,14500
2026-06-26,3.809999942779541,3.9000000953674316,3.7699999809265137,3.9000000953674316,31000
2026-06-29,3.9200000762939453,3.950000047683716,3.7899999618530273,3.859999895095825,5300
2026-06-30,3.8399999141693115,3.9600000381469727,3.7799999713897705,3.880000114440918,10000
2026-07-01,3.930000066757202,3.930000066757202,3.799999952316284,3.799999952316284,7400
2026-07-02,3.7799999713897705,3.880000114440918,3.7799999713897705,3.880000114440918,4000
2026-07-06,3.9000000953674316,3.9200000762939453,3.809999942779541,3.8399999141693115,9600
2026-07-07,3.799999952316284,3.880000114440918,3.7799999713897705,3.7799999713897705,12900
2026-07-08,3.799999952316284,3.809999942779541,3.759999990463257,3.799999952316284,6900
2026-07-09,3.799999952316284,3.819999933242798,3.759999990463257,3.819999933242798,7000
2026-07-10,3.759999990463257,3.8299999237060547,3.759999990463257,3.8299999237060547,2100
2026-07-13,3.8299999237060547,3.9000000953674316,3.7699999809265137,3.819999933242798,7300
2026-07-14,3.809999942779541,3.8399999141693115,3.809999942779541,3.8299999237060547,10500
2026-07-15,3.809999942779541,3.859999895095825,3.809999942779541,3.819999933242798,3700
2026-07-16,3.799999952316284,3.9100000858306885,3.799999952316284,3.890000104904175,14200
2026-07-17,3.9200000762939453,3.9200000762939453,3.7899999618530273,3.9000000953674316,4200
