Date,Open,High,Low,Close,Volume
2016-07-18,259.5,273.0,256.5,270.0,182
2016-07-19,270.0,276.0,258.0,259.5,230
2016-07-20,258.0,274.5,258.0,274.5,152
2016-07-21,270.0,312.0,258.0,276.0,1009
2016-07-22,276.0,276.0,265.5,274.5,26
2016-07-25,270.0,276.0,255.0,268.5,129
2016-07-26,267.0,273.0,259.5,273.0,73
2016-07-27,280.5,280.5,261.0,268.5,207
2016-07-28,265.5,265.5,259.5,265.5,165
2016-07-29,259.5,268.5,256.5,267.0,211
2016-08-01,261.0,270.0,253.5,265.5,189
2016-08-02,262.5,262.5,229.5,256.5,457
2016-08-03,255.0,255.0,235.5,253.5,133
2016-08-04,255.0,259.5,243.0,250.5,41
2016-08-05,247.5,256.5,241.5,249.0,218
2016-08-08,243.0,249.0,240.0,246.0,204
2016-08-09,243.0,252.0,243.0,250.5,177
2016-08-10,243.0,271.5,243.0,250.5,642
2016-08-11,259.5,261.0,238.5,246.0,729
2016-08-12,241.5,252.0,238.5,240.0,410
2016-08-15,238.5,252.0,238.5,246.0,341
2016-08-16,240.0,249.0,229.5,229.5,364
2016-08-17,228.0,237.0,220.5,223.5,546
2016-08-18,219.0,234.0,211.5,217.5,282
2016-08-19,217.5,229.5,210.0,211.5,247
2016-08-22,217.5,229.5,216.0,223.5,154
2016-08-23,286.5,298.5,256.5,265.5,5081
2016-08-24,270.0,285.0,255.0,258.0,1060
2016-08-25,259.5,264.0,255.0,262.5,249
2016-08-26,262.5,271.5,255.0,261.0,313
2016-08-29,267.0,268.5,258.0,262.5,250
2016-08-30,264.0,271.5,255.0,256.5,146
2016-08-31,265.5,270.0,259.5,264.0,243
2016-09-01,264.0,273.0,255.0,271.5,365
2016-09-02,261.0,283.5,261.0,277.5,228
2016-09-06,283.5,333.0,280.5,315.0,2637
2016-09-07,327.0,334.5,300.0,301.5,863
2016-09-08,297.0,318.0,295.5,295.5,97
2016-09-09,294.0,304.5,274.5,276.0,444
2016-09-12,277.5,304.5,277.5,295.5,186
2016-09-13,292.5,297.0,276.0,277.5,359
2016-09-14,271.5,285.0,271.5,279.0,69
2016-09-15,289.5,298.5,280.5,280.5,113
2016-09-16,288.0,288.0,262.5,282.0,483
2016-09-19,279.0,282.0,270.0,271.5,175
2016-09-20,268.5,283.5,268.5,271.5,113
2016-09-21,283.5,283.5,261.0,261.0,205
2016-09-22,280.5,280.5,259.5,262.5,201
2016-09-23,277.5,277.5,256.5,273.0,177
2016-09-26,279.0,282.0,247.5,255.0,494
2016-09-27,264.0,264.0,250.5,262.5,105
2016-09-28,258.0,262.5,252.0,261.0,91
2016-09-29,262.5,262.5,252.0,252.0,73
2016-09-30,250.5,259.5,247.5,247.5,133
2016-10-03,247.5,261.0,247.5,258.0,168
2016-10-04,250.5,256.5,247.5,247.5,265
2016-10-05,249.0,256.5,247.5,253.5,68
2016-10-06,252.0,256.5,252.0,253.5,62
2016-10-07,252.0,259.5,247.5,259.5,143
2016-10-10,256.5,271.5,256.5,261.0,143
2016-10-11,258.0,265.5,241.5,247.5,177
2016-10-12,250.5,261.0,247.5,247.5,225
2016-10-13,243.0,261.0,243.0,259.5,240
2016-10-14,259.5,261.0,249.0,256.5,59
2016-10-17,253.5,259.5,250.5,250.5,36
2016-10-18,249.0,253.5,246.0,247.5,97
2016-10-19,246.0,255.0,243.0,244.5,205
2016-10-20,246.0,253.5,244.5,252.0,18
2016-10-21,255.0,255.0,246.0,249.0,72
2016-10-24,249.0,253.5,244.5,250.5,74
2016-10-25,255.0,255.0,247.5,247.5,20
2016-10-26,244.5,253.5,244.5,253.5,51
2016-10-27,246.0,261.0,246.0,255.0,110
2016-10-28,264.0,285.0,261.0,267.0,319
2016-10-31,270.0,285.0,264.0,273.0,118
2016-11-01,273.0,273.0,259.5,259.5,177
2016-11-02,258.0,261.0,247.5,249.0,123
2016-11-03,249.0,259.5,244.5,249.0,201
2016-11-04,247.5,252.0,234.0,234.0,219
2016-11-07,238.5,252.0,238.5,241.5,139
2016-11-08,240.0,252.0,238.5,244.5,175
2016-11-09,241.5,244.5,235.5,237.0,177
2016-11-10,232.5,246.0,232.5,244.5,123
2016-11-11,246.0,246.0,232.5,232.5,206
2016-11-14,232.5,243.0,232.5,243.0,113
2016-11-15,241.5,246.0,238.5,246.0,69
2016-11-16,246.0,247.5,237.0,243.0,163
2016-11-17,237.0,246.0,235.5,241.5,192
2016-11-18,238.5,276.0,238.5,252.0,176
2016-11-21,255.0,255.0,240.0,250.5,104
2016-11-22,246.0,253.5,240.0,244.5,297
2016-11-23,243.0,249.0,241.5,247.5,81
2016-11-25,250.5,258.0,249.0,258.0,29
2016-11-28,258.0,258.0,241.5,244.5,218
2016-11-29,250.5,255.0,237.0,246.0,95
2016-11-30,247.5,255.0,241.5,246.0,82
2016-12-01,246.0,247.5,235.5,237.0,343
2016-12-02,241.5,246.0,237.0,246.0,33
2016-12-05,241.5,244.5,234.0,234.0,179
2016-12-06,244.5,244.5,235.5,237.0,211
2016-12-07,241.5,241.5,235.5,238.5,441
2016-12-08,238.5,240.0,235.5,235.5,203
2016-12-09,241.5,241.5,225.0,240.0,349
2016-12-12,235.5,246.0,234.0,237.0,199
2016-12-13,232.5,240.0,226.5,228.0,277
2016-12-14,223.5,240.0,223.5,232.5,363
2016-12-15,240.0,241.5,228.0,235.5,230
2016-12-16,231.0,237.0,225.0,225.0,190
2016-12-19,229.5,231.0,225.0,228.0,57
2016-12-20,225.0,232.5,223.5,226.5,137
2016-12-21,225.0,225.0,222.0,222.0,148
2016-12-22,222.0,223.5,219.0,219.0,35
2016-12-23,223.5,225.0,219.0,225.0,39
2016-12-27,228.0,228.0,210.0,223.5,571
2016-12-28,225.0,229.5,220.5,228.0,462
2016-12-29,226.5,235.5,226.5,231.0,61
2016-12-30,231.0,234.0,213.0,225.0,133
2017-01-03,222.0,226.5,216.0,217.5,201
2017-01-04,214.5,225.0,202.5,204.0,415
2017-01-05,219.0,219.0,205.5,213.0,131
2017-01-06,213.0,217.5,208.5,210.0,196
2017-01-09,213.0,216.0,192.0,208.5,484
2017-01-10,211.5,222.0,205.5,208.5,1257
2017-01-11,211.5,214.5,211.5,213.0,99
2017-01-12,213.0,217.5,202.5,211.5,283
2017-01-13,223.5,223.5,202.5,216.0,144
2017-01-17,219.0,223.5,207.0,223.5,83
2017-01-18,220.5,222.0,202.5,220.5,434
2017-01-19,211.5,244.5,208.5,222.0,910
2017-01-20,220.5,238.5,207.0,225.0,821
2017-01-23,228.0,243.0,228.0,231.0,93
2017-01-24,232.5,237.0,210.0,237.0,588
2017-01-25,234.0,249.0,217.5,240.0,588
2017-01-26,232.5,246.0,225.0,225.0,620
2017-01-27,223.5,240.0,222.0,229.5,261
2017-01-30,226.5,228.0,219.0,223.5,116
2017-01-31,220.5,228.0,210.0,214.5,275
2017-02-01,213.0,244.5,208.5,231.0,555
2017-02-02,216.0,235.5,216.0,229.5,67
2017-02-03,232.5,235.5,222.0,235.5,71
2017-02-06,232.5,246.0,213.0,225.0,461
2017-02-07,216.0,246.0,216.0,222.0,517
2017-02-08,228.0,270.0,228.0,238.5,1465
2017-02-09,240.0,252.0,220.5,225.0,623
2017-02-10,210.0,231.0,210.0,229.5,571
2017-02-13,228.0,229.5,220.5,229.5,91
2017-02-14,228.0,232.5,217.5,220.5,605
2017-02-15,217.5,229.5,213.0,228.0,174
2017-02-16,229.5,259.5,228.0,238.5,1395
2017-02-17,228.0,241.5,226.5,232.5,221
2017-02-21,231.0,246.0,231.0,238.5,701
2017-02-22,240.0,244.5,237.0,240.0,49
2017-02-23,238.5,241.5,225.0,225.0,142
2017-02-24,226.5,241.5,226.5,228.0,89
2017-02-27,231.0,241.5,229.5,241.5,101
2017-02-28,240.0,244.5,229.5,238.5,115
2017-03-01,241.5,244.5,235.5,235.5,98
2017-03-02,237.0,237.0,220.5,225.0,403
2017-03-03,228.0,231.0,214.5,229.5,277
2017-03-06,243.0,243.0,214.5,228.0,573
2017-03-07,222.0,225.0,210.0,219.0,385
2017-03-08,216.0,226.5,208.5,210.0,689
2017-03-09,210.0,211.5,195.0,210.0,464
2017-03-10,204.0,225.0,204.0,205.5,1343
2017-03-13,202.5,204.0,195.0,196.5,407
2017-03-14,195.0,202.5,180.0,195.0,446
2017-03-15,190.5,208.5,180.0,204.0,424
2017-03-16,202.5,207.0,193.5,205.5,65
2017-03-17,205.5,205.5,190.5,204.0,236
2017-03-20,204.0,216.0,195.0,205.5,427
2017-03-21,210.0,210.0,192.0,198.0,237
2017-03-22,198.0,199.5,187.5,190.5,735
2017-03-23,187.5,198.0,187.5,189.0,117
2017-03-24,193.5,195.0,193.5,193.5,17
2017-03-27,193.5,198.0,193.5,196.5,98
2017-03-28,198.0,202.5,193.5,193.5,44
2017-03-29,198.0,199.5,193.5,196.5,67
2017-03-30,202.5,202.5,193.5,199.5,143
2017-03-31,198.0,204.0,195.0,196.5,116
2017-04-03,198.0,198.0,183.0,192.0,355
2017-04-04,189.0,192.0,184.5,187.5,177
2017-04-05,184.5,196.5,178.5,190.5,294
2017-04-06,187.5,192.0,181.5,184.5,63
2017-04-07,184.5,214.5,178.5,178.5,757
2017-04-10,180.0,195.0,178.5,192.0,405
2017-04-11,190.5,201.0,186.0,189.0,365
2017-04-12,183.0,199.5,183.0,189.0,186
2017-04-13,189.0,213.0,187.5,198.0,419
2017-04-17,193.5,207.0,193.5,199.5,283
2017-04-18,204.0,207.0,189.0,192.0,259
2017-04-19,196.5,201.0,187.5,192.0,107
2017-04-20,196.5,198.0,186.0,187.5,130
2017-04-21,184.5,193.5,184.5,190.5,20
2017-04-24,187.5,189.0,180.0,181.5,621
2017-04-25,183.0,186.0,181.5,181.5,133
2017-04-26,183.0,187.5,178.5,181.5,186
2017-04-27,183.0,187.5,172.5,174.0,209
2017-04-28,174.0,181.5,174.0,177.0,127
2017-05-01,180.0,181.5,172.5,175.5,88
2017-05-02,172.5,172.5,162.0,165.0,402
2017-05-03,160.5,165.0,154.5,159.0,473
2017-05-04,160.5,165.0,157.5,157.5,122
2017-05-05,154.5,165.0,153.0,163.5,1100
2017-05-08,166.5,166.5,160.5,165.0,183
2017-05-09,160.5,168.0,157.5,159.0,765
2017-05-10,163.5,166.5,159.0,165.0,294
2017-05-11,172.5,180.0,150.0,172.5,415
2017-05-12,171.0,171.0,166.5,169.5,54
2017-05-15,163.5,168.0,159.0,163.5,310
2017-05-16,166.5,171.0,150.0,168.0,623
2017-05-17,166.5,166.5,156.0,160.5,122
2017-05-18,157.5,163.5,157.5,159.0,47
2017-05-19,157.5,165.0,156.0,165.0,109
2017-05-22,165.0,187.5,165.0,174.0,512
2017-05-23,174.0,178.5,171.0,172.5,171
2017-05-24,171.0,181.5,168.0,175.5,1018
2017-05-25,172.5,190.5,163.5,174.0,995
2017-05-26,175.5,175.5,165.0,171.0,178
2017-05-30,169.5,172.5,165.0,166.5,41
2017-05-31,171.0,171.0,159.0,162.0,453
2017-06-01,160.5,165.0,159.0,160.5,103
2017-06-02,159.0,166.5,159.0,159.0,178
2017-06-05,165.0,168.0,159.0,168.0,152
2017-06-06,159.0,162.0,154.5,156.0,387
2017-06-07,154.5,172.5,145.5,145.5,1332
2017-06-08,145.5,157.5,145.5,154.5,316
2017-06-09,157.5,157.5,147.0,150.0,91
2017-06-12,150.0,157.5,150.0,151.5,132
2017-06-13,156.0,156.0,150.0,151.5,299
2017-06-14,154.5,159.0,150.0,157.5,311
2017-06-15,157.5,171.0,150.0,153.0,906
2017-06-16,154.5,157.5,150.0,154.5,147
2017-06-19,153.0,154.5,150.0,150.0,405
2017-06-20,153.0,154.5,150.0,151.5,449
2017-06-21,153.0,153.0,141.0,148.5,271
2017-06-22,145.5,150.0,139.5,150.0,371
2017-06-23,139.5,153.0,139.5,141.0,461
2017-06-26,148.5,150.0,139.5,142.5,97
2017-06-27,150.0,150.0,138.0,145.5,313
2017-06-28,148.5,148.5,142.5,145.5,162
2017-06-29,147.0,147.0,138.0,147.0,277
2017-06-30,141.0,147.0,132.0,136.5,857
2017-07-03,132.0,142.5,132.0,141.0,109
2017-07-05,136.5,139.5,129.0,138.0,305
2017-07-06,132.0,142.5,132.0,141.0,206
2017-07-07,142.5,153.0,142.5,151.5,529
2017-07-10,156.0,156.0,145.5,153.0,170
2017-07-11,151.5,151.5,147.0,147.0,77
2017-07-12,150.0,156.0,150.0,150.0,101
2017-07-13,147.0,153.0,142.5,142.5,129
2017-07-14,148.5,150.0,141.0,145.5,214
2017-07-17,141.0,145.5,130.5,139.5,444
2017-07-18,135.0,139.5,132.0,139.5,120
2017-07-19,135.0,142.5,132.0,136.5,272
2017-07-20,141.0,148.5,135.0,136.5,190
2017-07-21,135.0,144.0,132.0,141.0,279
2017-07-24,138.0,141.0,135.0,136.5,127
2017-07-25,135.0,142.5,133.5,136.5,158
2017-07-26,133.5,141.0,130.5,138.0,231
2017-07-27,136.5,136.5,133.5,136.5,110
2017-07-28,136.5,136.5,129.0,133.5,279
2017-07-31,132.0,139.5,129.0,132.0,169
2017-08-01,130.5,132.0,120.0,123.0,781
2017-08-02,124.5,135.0,124.5,129.0,269
2017-08-03,129.0,129.0,123.0,123.0,182
2017-08-04,121.5,124.5,102.0,109.5,1514
2017-08-07,106.5,117.0,106.5,108.0,725
2017-08-08,109.5,120.0,109.5,118.5,357
2017-08-09,118.5,126.0,118.5,121.5,99
2017-08-10,123.0,129.0,120.0,121.5,380
2017-08-11,120.0,123.0,117.0,121.5,183
2017-08-14,117.0,121.5,105.0,121.5,433
2017-08-15,118.5,120.0,102.0,108.0,113
2017-08-16,103.5,114.0,103.5,114.0,353
2017-08-17,112.5,120.0,108.0,112.5,225
2017-08-18,105.0,120.0,105.0,118.5,126
2017-08-21,118.5,121.5,106.5,112.5,130
2017-08-22,111.0,121.5,111.0,115.5,43
2017-08-23,121.5,121.5,112.5,118.5,48
2017-08-24,114.0,117.0,105.0,117.0,414
2017-08-25,114.0,118.5,105.0,114.0,43
2017-08-28,112.5,115.5,106.5,109.5,73
2017-08-29,109.5,114.0,109.5,111.0,21
2017-08-30,111.0,115.5,97.5,111.0,241
2017-08-31,112.5,118.5,100.5,108.0,915
2017-09-01,115.5,115.5,105.0,106.5,134
2017-09-05,111.0,111.0,99.0,106.5,179
2017-09-06,102.0,106.5,99.0,105.0,201
2017-09-07,103.5,114.0,99.0,105.0,405
2017-09-08,105.0,105.0,93.0,103.5,446
2017-09-11,105.0,105.0,97.5,99.0,213
2017-09-12,99.0,115.5,97.5,105.0,837
2017-09-13,105.0,106.5,93.0,100.5,453
2017-09-14,102.0,108.0,99.0,102.0,595
2017-09-15,102.0,132.0,102.0,132.0,2637
2017-09-18,120.0,127.5,105.0,112.5,1769
2017-09-19,117.0,117.0,106.5,109.5,369
2017-09-20,109.5,111.0,99.0,109.5,688
2017-09-21,109.5,112.5,103.5,105.0,152
2017-09-22,109.5,111.0,105.0,111.0,151
2017-09-25,111.0,111.0,105.0,109.5,127
2017-09-26,105.0,145.5,105.0,141.0,2743
2017-09-27,175.5,198.0,150.0,163.5,6189
2017-09-28,157.5,178.5,136.5,142.5,1642
2017-09-29,136.5,162.0,136.5,148.5,426
2017-10-02,150.0,150.0,142.5,147.0,308
2017-10-03,150.0,150.0,144.0,148.5,361
2017-10-04,144.0,154.5,141.0,142.5,495
2017-10-05,144.0,151.5,142.5,150.0,235
2017-10-06,156.0,157.5,129.0,129.0,296
2017-10-09,135.0,144.0,135.0,136.5,159
2017-10-10,135.0,150.0,126.0,144.0,557
2017-10-11,145.5,150.0,136.5,141.0,303
2017-10-12,141.0,154.5,136.5,138.0,553
2017-10-13,138.0,145.5,129.0,132.0,295
2017-10-16,132.0,132.0,132.0,132.0,0
2017-10-17,127.5,127.5,105.0,108.9000015258789,2093
2017-10-18,105.9000015258789,107.69999694824219,105.0,105.0,603
2017-10-19,105.0,122.4000015258789,99.30000305175781,117.5999984741211,2097
2017-10-20,116.69999694824219,121.19999694824219,106.80000305175781,107.0999984741211,743
2017-10-23,107.4000015258789,115.80000305175781,101.4000015258789,104.0999984741211,487
2017-10-24,99.5999984741211,109.80000305175781,99.5999984741211,102.5999984741211,707
2017-10-25,102.5999984741211,103.5,91.80000305175781,96.9000015258789,1497
2017-10-26,97.5,97.80000305175781,81.0,97.19999694824219,1667
2017-10-27,95.69999694824219,105.0,89.69999694824219,102.30000305175781,2757
2017-10-30,99.0,104.4000015258789,90.0,95.69999694824219,2047
2017-10-31,95.69999694824219,98.69999694824219,90.0,90.30000305175781,1980
2017-11-01,90.30000305175781,90.30000305175781,79.80000305175781,84.30000305175781,2720
2017-11-02,83.0999984741211,87.30000305175781,82.5,85.80000305175781,490
2017-11-03,84.9000015258789,87.5999984741211,84.0,85.19999694824219,520
2017-11-06,85.5,85.80000305175781,74.4000015258789,80.69999694824219,2003
2017-11-07,77.4000015258789,84.9000015258789,77.4000015258789,82.19999694824219,1583
2017-11-08,77.0999984741211,80.69999694824219,70.5,75.0,897
2017-11-09,70.19999694824219,75.0,67.19999694824219,71.4000015258789,533
2017-11-10,71.0999984741211,94.19999694824219,71.0999984741211,85.19999694824219,8243
2017-11-13,85.80000305175781,88.80000305175781,78.0,84.0,3447
2017-11-14,81.0,83.4000015258789,79.19999694824219,81.0,333
2017-11-15,79.80000305175781,88.19999694824219,78.9000015258789,83.4000015258789,5917
2017-11-16,85.5,85.5,80.0999984741211,85.5,1853
2017-11-17,84.30000305175781,84.9000015258789,81.0,81.0,540
2017-11-20,80.0999984741211,86.0999984741211,78.9000015258789,80.69999694824219,2260
2017-11-21,83.69999694824219,86.69999694824219,79.80000305175781,81.30000305175781,1573
2017-11-22,83.0999984741211,88.80000305175781,81.30000305175781,84.0,3117
2017-11-24,84.9000015258789,87.30000305175781,81.0,82.5,1600
2017-11-27,82.5,94.19999694824219,81.0,86.4000015258789,8733
2017-11-28,86.69999694824219,87.9000015258789,81.9000015258789,84.0,2233
2017-11-29,84.0,86.0999984741211,79.5,83.4000015258789,1760
2017-11-30,81.9000015258789,91.19999694824219,80.4000015258789,83.0999984741211,1530
2017-12-01,86.4000015258789,86.4000015258789,82.19999694824219,82.19999694824219,400
2017-12-04,90.9000015258789,161.10000610351562,90.30000305175781,139.1999969482422,476233
2017-12-05,124.19999694824219,134.10000610351562,110.0999984741211,114.9000015258789,45460
2017-12-06,114.0,151.1999969482422,114.0,146.6999969482422,67373
2017-12-07,138.0,141.60000610351562,116.0999984741211,118.19999694824219,18167
2017-12-08,120.5999984741211,127.80000305175781,118.19999694824219,126.30000305175781,6170
2017-12-11,127.19999694824219,130.5,117.9000015258789,122.0999984741211,5517
2017-12-12,120.9000015258789,121.5,114.5999984741211,117.30000305175781,3647
2017-12-13,118.19999694824219,118.19999694824219,102.9000015258789,109.80000305175781,3110
2017-12-14,108.9000015258789,112.5,101.4000015258789,105.9000015258789,2943
2017-12-15,105.0,115.80000305175781,105.0,111.0,1247
2017-12-18,110.4000015258789,113.4000015258789,106.80000305175781,109.19999694824219,1237
2017-12-19,110.0999984741211,113.4000015258789,107.0999984741211,108.5999984741211,667
2017-12-20,108.30000305175781,111.30000305175781,102.9000015258789,105.30000305175781,1040
2017-12-21,102.5999984741211,107.69999694824219,100.19999694824219,100.19999694824219,1083
2017-12-22,99.9000015258789,102.9000015258789,94.5,96.0,1277
2017-12-26,95.0999984741211,103.80000305175781,95.0999984741211,96.0,587
2017-12-27,96.30000305175781,100.80000305175781,91.19999694824219,92.4000015258789,1737
2017-12-28,92.69999694824219,98.4000015258789,91.19999694824219,98.4000015258789,1783
2017-12-29,99.5999984741211,102.0,96.5999984741211,100.5,1590
2018-01-02,99.9000015258789,110.69999694824219,99.9000015258789,102.9000015258789,2393
2018-01-03,103.5,111.0,102.5999984741211,107.69999694824219,750
2018-01-04,108.9000015258789,111.30000305175781,106.5,106.80000305175781,760
2018-01-05,105.5999984741211,108.30000305175781,99.0,103.5,3197
2018-01-08,102.5999984741211,103.5,100.19999694824219,100.19999694824219,310
2018-01-09,101.69999694824219,101.69999694824219,95.0999984741211,96.30000305175781,830
2018-01-10,97.5,104.69999694824219,96.9000015258789,101.0999984741211,1683
2018-01-11,102.0,108.30000305175781,99.5999984741211,103.5,1930
2018-01-12,107.0999984741211,107.0999984741211,100.80000305175781,102.0,207
2018-01-16,100.80000305175781,108.30000305175781,97.5,98.0999984741211,1270
2018-01-17,95.4000015258789,98.69999694824219,94.5,94.5,737
2018-01-18,94.5,104.4000015258789,92.0999984741211,93.9000015258789,1923
2018-01-19,92.4000015258789,96.30000305175781,90.0,93.5999984741211,433
2018-01-22,95.4000015258789,100.19999694824219,92.4000015258789,93.9000015258789,523
2018-01-23,94.80000305175781,96.0,90.9000015258789,95.4000015258789,1083
2018-01-24,96.0,98.69999694824219,92.0999984741211,92.69999694824219,1037
2018-01-25,92.4000015258789,94.19999694824219,91.19999694824219,94.19999694824219,707
2018-01-26,94.19999694824219,103.5,93.9000015258789,96.5999984741211,457
2018-01-29,102.5999984741211,106.80000305175781,97.19999694824219,99.9000015258789,1183
2018-01-30,102.0,107.0999984741211,93.9000015258789,97.5,2303
2018-01-31,100.5,102.30000305175781,95.69999694824219,100.80000305175781,793
2018-02-01,99.5999984741211,99.5999984741211,92.69999694824219,93.0,473
2018-02-02,93.5999984741211,98.0999984741211,90.30000305175781,91.5,490
2018-02-05,94.19999694824219,94.19999694824219,86.0999984741211,86.4000015258789,1367
2018-02-06,91.19999694824219,94.5,83.4000015258789,91.80000305175781,1743
2018-02-07,93.30000305175781,93.5999984741211,87.0,91.19999694824219,970
2018-02-08,89.69999694824219,90.30000305175781,84.30000305175781,84.9000015258789,643
2018-02-09,86.4000015258789,87.0,81.30000305175781,82.19999694824219,697
2018-02-12,83.0999984741211,88.19999694824219,81.30000305175781,84.9000015258789,893
2018-02-13,86.69999694824219,91.80000305175781,82.80000305175781,89.4000015258789,1167
2018-02-14,90.5999984741211,92.0999984741211,82.5,90.9000015258789,1590
2018-02-15,88.5,94.19999694824219,84.5999984741211,88.5,1240
2018-02-16,88.80000305175781,103.5,85.80000305175781,97.19999694824219,3367
2018-02-20,97.5,99.30000305175781,93.5999984741211,94.19999694824219,460
2018-02-21,94.80000305175781,100.5,85.5,87.9000015258789,2110
2018-02-22,91.19999694824219,92.69999694824219,88.19999694824219,90.30000305175781,117
2018-02-23,91.19999694824219,98.4000015258789,87.30000305175781,93.30000305175781,273
2018-02-26,93.5999984741211,94.19999694824219,89.4000015258789,90.30000305175781,407
2018-02-27,88.5,93.0,88.5,92.4000015258789,537
2018-02-28,91.80000305175781,91.80000305175781,86.0999984741211,86.0999984741211,343
2018-03-01,86.69999694824219,92.4000015258789,85.80000305175781,90.5999984741211,2580
2018-03-02,90.5999984741211,96.9000015258789,83.69999694824219,86.0999984741211,2363
2018-03-05,87.5999984741211,90.0,82.80000305175781,85.80000305175781,230
2018-03-06,88.19999694824219,92.0999984741211,84.30000305175781,87.9000015258789,1543
2018-03-07,87.0,88.80000305175781,83.4000015258789,85.5,1123
2018-03-08,84.9000015258789,84.9000015258789,78.0,82.5,710
2018-03-09,82.19999694824219,83.0999984741211,76.80000305175781,79.19999694824219,1010
2018-03-12,79.80000305175781,83.0999984741211,78.0,82.80000305175781,733
2018-03-13,84.5999984741211,85.5,76.5,78.9000015258789,477
2018-03-14,79.80000305175781,87.0,77.4000015258789,86.69999694824219,607
2018-03-15,86.0999984741211,89.0999984741211,78.30000305175781,88.80000305175781,1390
2018-03-16,85.80000305175781,87.5999984741211,76.19999694824219,78.30000305175781,1540
2018-03-19,78.5999984741211,82.5,75.30000305175781,81.30000305175781,513
2018-03-20,82.19999694824219,82.80000305175781,75.9000015258789,81.9000015258789,1023
2018-03-21,82.19999694824219,82.19999694824219,75.30000305175781,76.5,1103
2018-03-22,76.5,78.9000015258789,75.0,75.30000305175781,493
2018-03-23,75.9000015258789,75.9000015258789,71.0999984741211,74.69999694824219,920
2018-03-26,65.4000015258789,74.4000015258789,60.29999923706055,60.599998474121094,3730
2018-03-27,75.0,102.0,72.9000015258789,78.9000015258789,142990
2018-03-28,80.0999984741211,81.0,72.30000305175781,77.0999984741211,9537
2018-03-29,80.69999694824219,80.69999694824219,75.5999984741211,79.5,2767
2018-04-02,80.4000015258789,80.69999694824219,67.80000305175781,74.69999694824219,3317
2018-04-03,72.5999984741211,74.0999984741211,69.30000305175781,69.30000305175781,1727
2018-04-04,88.80000305175781,91.19999694824219,74.0999984741211,77.0999984741211,63273
2018-04-05,75.5999984741211,77.4000015258789,72.9000015258789,76.5,3223
2018-04-06,76.19999694824219,76.80000305175781,71.69999694824219,75.9000015258789,3587
2018-04-09,76.19999694824219,77.4000015258789,70.80000305175781,77.0999984741211,1297
2018-04-10,75.30000305175781,76.80000305175781,72.0,75.0,1770
2018-04-11,73.80000305175781,75.9000015258789,73.5,74.69999694824219,747
2018-04-12,74.0999984741211,76.5,73.5,75.9000015258789,923
2018-04-13,75.9000015258789,75.9000015258789,72.0,72.30000305175781,493
2018-04-16,71.69999694824219,73.5,71.0999984741211,72.30000305175781,760
2018-04-17,72.30000305175781,73.5,63.900001525878906,67.5,1500
2018-04-18,68.0999984741211,71.0999984741211,67.5,69.0,540
2018-04-19,68.69999694824219,69.30000305175781,66.30000305175781,69.30000305175781,213
2018-04-20,69.5999984741211,69.5999984741211,66.30000305175781,68.0999984741211,493
2018-04-23,66.30000305175781,66.9000015258789,64.5,66.9000015258789,770
2018-04-24,67.80000305175781,68.0999984741211,65.69999694824219,68.0999984741211,277
2018-04-25,67.5,69.0,66.0,68.69999694824219,473
2018-04-26,68.0999984741211,68.0999984741211,64.5,65.4000015258789,720
2018-04-27,64.80000305175781,65.4000015258789,64.19999694824219,65.0999984741211,540
2018-04-30,66.30000305175781,68.4000015258789,65.4000015258789,66.0,327
2018-05-01,66.30000305175781,66.5999984741211,65.4000015258789,66.5999984741211,267
2018-05-02,65.0999984741211,66.5999984741211,61.79999923706055,62.400001525878906,373
2018-05-03,62.099998474121094,62.400001525878906,60.599998474121094,60.599998474121094,237
2018-05-04,60.29999923706055,65.0999984741211,56.099998474121094,60.29999923706055,1437
2018-05-07,62.099998474121094,64.80000305175781,62.099998474121094,62.099998474121094,1060
2018-05-08,62.400001525878906,63.900001525878906,60.29999923706055,61.79999923706055,527
2018-05-09,62.400001525878906,63.599998474121094,61.20000076293945,62.400001525878906,160
2018-05-10,63.0,64.19999694824219,60.599998474121094,62.400001525878906,1020
2018-05-11,61.79999923706055,61.79999923706055,58.79999923706055,60.29999923706055,633
2018-05-14,59.400001525878906,62.099998474121094,57.900001525878906,58.5,520
2018-05-15,57.0,59.099998474121094,55.5,56.099998474121094,727
2018-05-16,56.400001525878906,59.70000076293945,56.400001525878906,57.900001525878906,550
2018-05-17,58.79999923706055,58.79999923706055,54.900001525878906,54.900001525878906,1010
2018-05-18,54.599998474121094,58.20000076293945,54.0,57.900001525878906,293
2018-05-21,58.5,58.5,55.79999923706055,56.70000076293945,660
2018-05-22,57.0,57.900001525878906,56.099998474121094,57.0,307
2018-05-23,56.70000076293945,62.400001525878906,56.099998474121094,57.599998474121094,3280
2018-05-24,57.599998474121094,57.599998474121094,55.20000076293945,55.5,840
2018-05-25,54.599998474121094,55.20000076293945,51.599998474121094,55.20000076293945,1143
2018-05-29,55.20000076293945,57.599998474121094,55.20000076293945,56.70000076293945,760
2018-05-30,57.900001525878906,59.099998474121094,57.900001525878906,58.79999923706055,417
2018-05-31,59.099998474121094,63.0,57.0,58.5,1293
2018-06-01,58.20000076293945,58.20000076293945,51.0,53.70000076293945,800
2018-06-04,54.599998474121094,55.20000076293945,51.0,51.599998474121094,1360
2018-06-05,52.20000076293945,53.70000076293945,51.599998474121094,52.79999923706055,1320
2018-06-06,52.5,56.400001525878906,51.599998474121094,51.599998474121094,873
2018-06-07,51.599998474121094,52.5,51.0,51.29999923706055,243
2018-06-08,51.29999923706055,53.70000076293945,49.20000076293945,51.29999923706055,333
2018-06-11,51.29999923706055,61.5,51.0,61.5,5777
2018-06-12,61.5,61.5,55.79999923706055,57.599998474121094,1057
2018-06-13,57.900001525878906,57.900001525878906,55.5,57.599998474121094,683
2018-06-14,57.0,59.400001525878906,55.79999923706055,58.5,583
2018-06-15,57.599998474121094,59.70000076293945,55.79999923706055,56.70000076293945,770
2018-06-18,57.29999923706055,58.5,55.79999923706055,58.5,447
2018-06-19,202.8000030517578,244.5,167.10000610351562,190.8000030517578,1428907
2018-06-20,168.3000030517578,172.5,138.3000030517578,149.39999389648438,124573
2018-06-21,144.0,148.8000030517578,121.80000305175781,132.60000610351562,31567
2018-06-22,129.89999389648438,158.6999969482422,129.89999389648438,132.0,23790
2018-06-25,129.0,138.3000030517578,118.5,127.5,13477
2018-06-26,128.10000610351562,131.6999969482422,105.30000305175781,108.30000305175781,10323
2018-06-27,108.9000015258789,112.19999694824219,95.4000015258789,98.69999694824219,7577
2018-06-28,99.5999984741211,108.0,96.9000015258789,102.30000305175781,6350
2018-06-29,96.0,99.30000305175781,90.0,93.0,7453
2018-07-02,93.0,110.0999984741211,90.9000015258789,108.30000305175781,8153
2018-07-03,107.0999984741211,110.0999984741211,100.5,102.30000305175781,2763
2018-07-05,95.4000015258789,109.80000305175781,93.0,105.9000015258789,7497
2018-07-06,105.0,108.5999984741211,96.30000305175781,108.30000305175781,2693
2018-07-09,110.0999984741211,116.4000015258789,105.0,109.19999694824219,4530
2018-07-10,108.30000305175781,108.30000305175781,99.30000305175781,104.4000015258789,2483
2018-07-11,104.4000015258789,107.0999984741211,102.30000305175781,103.5,1863
2018-07-12,102.9000015258789,107.4000015258789,101.0999984741211,107.0999984741211,830
2018-07-13,106.80000305175781,107.69999694824219,103.5,103.5,800
2018-07-16,101.4000015258789,107.0999984741211,101.4000015258789,102.0,1120
2018-07-17,101.4000015258789,105.5999984741211,101.4000015258789,102.5999984741211,563
2018-07-18,105.9000015258789,105.9000015258789,101.69999694824219,105.0,510
2018-07-19,105.30000305175781,105.5999984741211,100.19999694824219,101.0999984741211,1597
2018-07-20,102.5999984741211,102.9000015258789,97.80000305175781,100.19999694824219,1477
2018-07-23,100.19999694824219,103.5,97.5,99.0,740
2018-07-24,97.19999694824219,100.19999694824219,97.19999694824219,99.5999984741211,867
2018-07-25,98.0999984741211,104.69999694824219,98.0999984741211,104.69999694824219,530
2018-07-26,99.5999984741211,106.19999694824219,99.5999984741211,105.0,1127
2018-07-27,106.5,107.69999694824219,102.0,102.5999984741211,1180
2018-07-30,102.9000015258789,105.0,101.0999984741211,103.5,510
2018-07-31,105.0,118.5,103.5,117.0,5430
2018-08-01,118.5,118.5,106.19999694824219,114.0,1690
2018-08-02,111.0,126.5999984741211,111.0,120.30000305175781,3970
2018-08-03,111.0,125.69999694824219,111.0,117.0,1680
2018-08-06,120.30000305175781,120.9000015258789,111.5999984741211,111.5999984741211,1693
2018-08-07,114.0,117.30000305175781,111.30000305175781,113.69999694824219,1177
2018-08-08,111.5999984741211,112.5,108.30000305175781,110.69999694824219,950
2018-08-09,113.4000015258789,116.4000015258789,109.80000305175781,115.80000305175781,3157
2018-08-10,118.5,119.0999984741211,106.80000305175781,112.5,1650
2018-08-13,111.9000015258789,116.4000015258789,111.9000015258789,115.5,607
2018-08-14,115.5,115.5,111.0,111.9000015258789,697
2018-08-15,111.30000305175781,111.5999984741211,100.5,105.9000015258789,2653
2018-08-16,102.5999984741211,111.0,102.30000305175781,104.69999694824219,1280
2018-08-17,106.19999694824219,111.0,99.5999984741211,102.9000015258789,653
2018-08-20,101.69999694824219,108.5999984741211,100.19999694824219,105.5999984741211,373
2018-08-21,108.0,109.19999694824219,105.9000015258789,106.80000305175781,417
2018-08-22,103.5,111.0,102.5999984741211,103.80000305175781,1267
2018-08-23,104.4000015258789,109.5,104.4000015258789,105.5999984741211,250
2018-08-24,106.19999694824219,109.19999694824219,106.19999694824219,108.9000015258789,580
2018-08-27,107.69999694824219,108.0,105.9000015258789,106.80000305175781,900
2018-08-28,106.80000305175781,108.0,106.5,107.69999694824219,490
2018-08-29,108.0,108.0,105.0,106.19999694824219,820
2018-08-30,107.0999984741211,107.0999984741211,103.80000305175781,105.5999984741211,687
2018-08-31,104.0999984741211,105.5999984741211,102.5999984741211,103.80000305175781,720
2018-09-04,102.0,103.80000305175781,99.9000015258789,101.69999694824219,660
2018-09-05,102.5999984741211,105.0,101.69999694824219,102.9000015258789,857
2018-09-06,101.69999694824219,105.0,101.69999694824219,105.0,380
2018-09-07,104.69999694824219,105.0,102.0,102.9000015258789,197
2018-09-10,102.0,102.9000015258789,100.5,101.4000015258789,790
2018-09-11,100.19999694824219,101.69999694824219,100.19999694824219,101.69999694824219,727
2018-09-12,100.5,102.0,100.19999694824219,102.0,303
2018-09-13,100.80000305175781,102.9000015258789,98.0999984741211,98.0999984741211,577
2018-09-14,100.5,101.69999694824219,99.30000305175781,99.5999984741211,370
2018-09-17,99.0,100.5,93.5999984741211,93.9000015258789,527
2018-09-18,92.69999694824219,97.19999694824219,92.69999694824219,96.5999984741211,697
2018-09-19,97.5,99.0,91.5,99.0,233
2018-09-20,95.0999984741211,98.0999984741211,93.30000305175781,97.80000305175781,750
2018-09-21,99.0,180.89999389648438,97.80000305175781,167.6999969482422,122007
2018-09-24,128.10000610351562,134.10000610351562,97.19999694824219,99.9000015258789,39093
2018-09-25,97.19999694824219,99.0,85.5,91.5,8590
2018-09-26,85.80000305175781,91.19999694824219,84.9000015258789,87.30000305175781,2450
2018-09-27,85.80000305175781,86.4000015258789,80.69999694824219,84.30000305175781,3020
2018-09-28,84.0,87.0,81.30000305175781,83.0999984741211,2127
2018-10-01,82.19999694824219,83.0999984741211,78.30000305175781,80.0999984741211,2503
2018-10-02,77.69999694824219,77.69999694824219,74.4000015258789,76.5,3167
2018-10-03,76.19999694824219,81.5999984741211,75.5999984741211,79.19999694824219,1373
2018-10-04,77.69999694824219,78.5999984741211,75.30000305175781,76.19999694824219,623
2018-10-05,76.5,96.30000305175781,75.0,78.30000305175781,25527
2018-10-08,76.5,76.80000305175781,68.0999984741211,70.5,3757
2018-10-09,69.9000015258789,73.19999694824219,68.4000015258789,69.9000015258789,1527
2018-10-10,84.9000015258789,113.69999694824219,78.5999984741211,80.69999694824219,79820
2018-10-11,75.9000015258789,88.80000305175781,72.5999984741211,85.80000305175781,9477
2018-10-12,88.19999694824219,95.69999694824219,81.0,95.69999694824219,9413
2018-10-15,90.30000305175781,98.0999984741211,86.0999984741211,92.69999694824219,3497
2018-10-16,91.80000305175781,91.80000305175781,87.30000305175781,88.19999694824219,2067
2018-10-17,87.5999984741211,90.5999984741211,87.0,88.19999694824219,1287
2018-10-18,88.80000305175781,93.0,85.19999694824219,88.19999694824219,1317
2018-10-19,88.19999694824219,91.80000305175781,86.0999984741211,86.69999694824219,1070
2018-10-22,87.30000305175781,96.0,87.0,88.19999694824219,3830
2018-10-23,88.80000305175781,92.0999984741211,84.30000305175781,86.0999984741211,1557
2018-10-24,86.0999984741211,88.80000305175781,78.30000305175781,79.80000305175781,1847
2018-10-25,82.19999694824219,104.69999694824219,78.5999984741211,88.19999694824219,8220
2018-10-26,85.19999694824219,89.0999984741211,84.0,88.80000305175781,1083
2018-10-29,88.80000305175781,94.5,84.5999984741211,84.5999984741211,1293
2018-10-30,84.9000015258789,90.0,84.0,87.5999984741211,520
2018-10-31,87.30000305175781,93.9000015258789,84.5999984741211,88.80000305175781,1270
2018-11-01,90.30000305175781,95.0999984741211,85.5,95.0999984741211,1620
2018-11-02,94.19999694824219,102.5999984741211,90.5999984741211,97.5,7117
2018-11-05,94.80000305175781,105.0,94.80000305175781,96.9000015258789,5103
2018-11-06,94.19999694824219,101.0999984741211,94.19999694824219,97.5,913
2018-11-07,96.9000015258789,97.19999694824219,93.30000305175781,94.80000305175781,707
2018-11-08,92.4000015258789,99.0,92.4000015258789,96.9000015258789,1040
2018-11-09,98.4000015258789,101.4000015258789,93.30000305175781,95.0999984741211,1240
2018-11-12,89.4000015258789,94.19999694824219,88.80000305175781,94.19999694824219,793
2018-11-13,93.0,96.0,90.5999984741211,94.19999694824219,520
2018-11-14,90.30000305175781,95.4000015258789,88.19999694824219,93.5999984741211,1123
2018-11-15,87.30000305175781,92.69999694824219,87.30000305175781,90.5999984741211,450
2018-11-16,90.9000015258789,96.0,90.9000015258789,94.5,920
2018-11-19,92.4000015258789,93.30000305175781,87.9000015258789,89.4000015258789,887
2018-11-20,87.0,91.5,87.0,89.0999984741211,967
2018-11-21,90.0,91.5,87.30000305175781,87.5999984741211,237
2018-11-23,88.5,90.0,88.5,89.4000015258789,197
2018-11-26,89.4000015258789,89.4000015258789,87.0,87.30000305175781,490
2018-11-27,88.19999694824219,88.19999694824219,84.5999984741211,85.5,497
2018-11-28,84.5999984741211,87.5999984741211,84.30000305175781,84.30000305175781,507
2018-11-29,82.5,87.0,81.9000015258789,85.5,803
2018-11-30,85.80000305175781,88.5,83.0999984741211,84.0,223
2018-12-03,86.69999694824219,88.5,84.5999984741211,86.0999984741211,457
2018-12-04,87.0,88.5,86.4000015258789,87.0,213
2018-12-06,84.30000305175781,85.5,78.5999984741211,82.80000305175781,720
2018-12-07,82.19999694824219,87.5999984741211,81.9000015258789,85.5,657
2018-12-10,84.30000305175781,87.9000015258789,80.0999984741211,83.69999694824219,163
2018-12-11,85.19999694824219,85.19999694824219,78.9000015258789,80.0999984741211,580
2018-12-12,118.5,127.5,97.80000305175781,102.0,482583
2018-12-13,96.30000305175781,111.5999984741211,93.30000305175781,110.69999694824219,39730
2018-12-14,99.30000305175781,110.0999984741211,99.30000305175781,105.5999984741211,9247
2018-12-17,102.5999984741211,106.5,96.30000305175781,102.0,5547
2018-12-18,102.9000015258789,102.9000015258789,95.69999694824219,95.69999694824219,3757
2018-12-19,94.5,102.5999984741211,94.5,102.0,1837
2018-12-20,103.19999694824219,110.4000015258789,99.0,101.4000015258789,4757
2018-12-21,104.4000015258789,150.0,95.4000015258789,150.0,12323
2018-12-24,111.30000305175781,122.4000015258789,108.30000305175781,122.4000015258789,5013
2018-12-26,120.0,128.6999969482422,111.0,128.39999389648438,5640
2018-12-27,120.30000305175781,134.39999389648438,120.0,132.3000030517578,4647
2018-12-28,135.0,165.0,135.0,158.6999969482422,9707
2018-12-31,154.5,157.5,138.0,143.10000610351562,3117
2019-01-02,141.89999389648438,147.3000030517578,138.3000030517578,138.60000610351562,1377
2019-01-03,138.89999389648438,155.10000610351562,138.89999389648438,152.39999389648438,1697
2019-01-04,153.3000030517578,160.5,153.3000030517578,156.3000030517578,2730
2019-01-07,163.8000030517578,164.39999389648438,147.3000030517578,154.5,4647
2019-01-08,154.8000030517578,154.8000030517578,147.3000030517578,151.1999969482422,1547
2019-01-09,151.5,155.39999389648438,147.60000610351562,150.89999389648438,2063
2019-01-10,150.3000030517578,153.0,141.3000030517578,141.89999389648438,1347
2019-01-11,142.5,146.39999389648438,142.1999969482422,146.10000610351562,617
2019-01-14,144.89999389648438,149.39999389648438,130.5,130.5,1813
2019-01-15,130.5,135.60000610351562,127.5,132.3000030517578,1937
2019-01-16,133.1999969482422,136.5,126.30000305175781,130.8000030517578,1123
2019-01-17,127.19999694824219,141.3000030517578,127.19999694824219,138.60000610351562,900
2019-01-18,138.60000610351562,152.10000610351562,138.60000610351562,150.0,1350
2019-01-22,151.1999969482422,151.1999969482422,141.0,141.3000030517578,407
2019-01-23,144.3000030517578,148.1999969482422,141.60000610351562,146.39999389648438,293
2019-01-24,144.0,151.5,141.60000610351562,151.5,973
2019-01-25,153.60000610351562,155.39999389648438,147.3000030517578,154.5,1030
2019-01-28,159.89999389648438,159.89999389648438,146.39999389648438,150.3000030517578,3670
2019-01-29,151.5,153.89999389648438,148.1999969482422,150.3000030517578,657
2019-01-30,147.89999389648438,151.8000030517578,147.89999389648438,150.60000610351562,553
2019-01-31,150.0,152.10000610351562,147.60000610351562,152.10000610351562,1033
2019-02-01,153.0,153.0,141.89999389648438,143.39999389648438,503
2019-02-04,143.39999389648438,150.3000030517578,142.5,147.89999389648438,860
2019-02-05,146.10000610351562,152.39999389648438,146.10000610351562,146.10000610351562,263
2019-02-06,147.60000610351562,151.1999969482422,145.5,147.0,347
2019-02-07,145.8000030517578,152.10000610351562,145.8000030517578,150.3000030517578,227
2019-02-08,147.3000030517578,149.6999969482422,145.5,147.0,150
2019-02-11,145.5,151.5,145.5,146.6999969482422,460
2019-02-12,145.5,157.8000030517578,145.5,147.0,2527
2019-02-13,149.6999969482422,150.60000610351562,146.10000610351562,146.10000610351562,1163
2019-02-14,145.5,150.0,145.5,147.0,327
2019-02-15,149.39999389648438,149.6999969482422,144.3000030517578,144.60000610351562,470
2019-02-19,144.89999389648438,147.89999389648438,138.89999389648438,142.5,817
2019-02-20,142.5,162.0,141.0,151.5,17553
2019-02-21,156.0,161.10000610351562,132.60000610351562,139.8000030517578,7983
2019-02-22,144.0,145.1999969482422,135.3000030517578,136.1999969482422,1063
2019-02-25,135.0,139.1999969482422,129.3000030517578,131.10000610351562,1183
2019-02-26,131.10000610351562,133.8000030517578,127.5,129.3000030517578,1613
2019-02-27,127.80000305175781,132.60000610351562,126.0,127.80000305175781,563
2019-02-28,129.60000610351562,132.3000030517578,127.80000305175781,132.3000030517578,330
2019-03-01,130.1999969482422,135.0,127.80000305175781,128.10000610351562,810
2019-03-04,129.0,134.6999969482422,129.0,132.60000610351562,360
2019-03-05,130.8000030517578,133.5,126.30000305175781,126.30000305175781,603
2019-03-06,126.0,129.0,126.0,126.9000015258789,340
2019-03-07,132.3000030517578,132.3000030517578,123.0,123.0,333
2019-03-08,125.69999694824219,129.3000030517578,114.30000305175781,117.30000305175781,683
2019-03-11,119.69999694824219,119.69999694824219,101.0999984741211,104.69999694824219,1957
2019-03-12,106.19999694824219,108.5999984741211,106.19999694824219,108.5999984741211,263
2019-03-13,107.4000015258789,113.69999694824219,107.4000015258789,109.5,427
2019-03-14,110.0999984741211,111.30000305175781,107.0999984741211,111.30000305175781,280
2019-03-15,114.0,114.30000305175781,109.80000305175781,112.19999694824219,570
2019-03-18,111.30000305175781,117.0,111.0,111.30000305175781,107
2019-03-19,111.5999984741211,116.69999694824219,111.0,113.4000015258789,517
2019-03-20,113.69999694824219,116.4000015258789,106.19999694824219,116.4000015258789,350
2019-03-21,113.4000015258789,114.9000015258789,111.0,113.4000015258789,267
2019-03-22,113.0999984741211,116.0999984741211,112.19999694824219,115.80000305175781,353
2019-03-25,113.4000015258789,115.80000305175781,111.5999984741211,113.69999694824219,227
2019-03-26,107.0999984741211,111.0,107.0999984741211,109.80000305175781,117
2019-03-27,113.0999984741211,113.0999984741211,111.0,111.0,113
2019-03-28,112.19999694824219,114.9000015258789,110.0999984741211,114.5999984741211,167
2019-03-29,113.69999694824219,114.0,109.19999694824219,109.19999694824219,90
2019-04-01,109.5,113.4000015258789,109.5,110.0999984741211,280
2019-04-02,111.0,111.9000015258789,105.30000305175781,107.0999984741211,407
2019-04-03,106.19999694824219,112.5,102.0,105.0,710
2019-04-04,103.5,105.30000305175781,102.0,102.0,200
2019-04-05,102.0,114.5999984741211,102.0,105.5999984741211,427
2019-04-08,105.9000015258789,117.0,105.9000015258789,114.9000015258789,957
2019-04-09,114.9000015258789,116.69999694824219,111.0,113.4000015258789,140
2019-04-10,112.5,115.5,108.0,109.5,627
2019-04-11,117.0,117.0,107.0999984741211,107.4000015258789,257
2019-04-12,110.4000015258789,111.5999984741211,105.9000015258789,106.5,337
2019-04-15,111.5999984741211,111.5999984741211,107.69999694824219,111.30000305175781,247
2019-04-16,110.0999984741211,117.0,105.30000305175781,109.5,1203
2019-04-17,111.5999984741211,111.9000015258789,107.69999694824219,108.9000015258789,207
2019-04-18,111.0,120.0,111.0,120.0,637
2019-04-22,120.5999984741211,123.0,116.69999694824219,120.5999984741211,560
2019-04-23,121.19999694824219,121.19999694824219,112.5,116.4000015258789,120
2019-04-24,117.5999984741211,132.0,117.5999984741211,127.5,613
2019-04-25,128.10000610351562,131.6999969482422,120.0,128.6999969482422,383
2019-04-26,127.5,128.10000610351562,111.30000305175781,112.5,660
2019-04-29,115.5,121.5,112.80000305175781,117.5999984741211,297
2019-04-30,114.9000015258789,119.69999694824219,114.9000015258789,119.4000015258789,100
2019-05-01,117.9000015258789,121.5,113.4000015258789,120.9000015258789,343
2019-05-02,117.5999984741211,133.1999969482422,113.4000015258789,133.1999969482422,333
2019-05-03,134.10000610351562,134.10000610351562,118.5,128.39999389648438,1200
2019-05-06,123.5999984741211,127.19999694824219,123.5999984741211,126.9000015258789,87
2019-05-07,123.9000015258789,127.80000305175781,115.5,120.0,390
2019-05-08,117.9000015258789,117.9000015258789,112.5,113.0999984741211,177
2019-05-09,113.4000015258789,119.69999694824219,113.4000015258789,119.69999694824219,100
2019-05-10,120.0,122.0999984741211,115.19999694824219,115.19999694824219,300
2019-05-13,114.5999984741211,118.19999694824219,113.69999694824219,116.0999984741211,247
2019-05-14,117.5999984741211,120.5999984741211,113.69999694824219,116.69999694824219,313
2019-05-15,113.69999694824219,115.19999694824219,111.30000305175781,115.19999694824219,197
2019-05-16,114.30000305175781,114.9000015258789,110.69999694824219,110.69999694824219,243
2019-05-17,111.5999984741211,116.69999694824219,111.0,116.69999694824219,220
2019-05-20,116.4000015258789,116.69999694824219,111.30000305175781,116.69999694824219,100
2019-05-21,116.0999984741211,117.9000015258789,112.5,112.80000305175781,203
2019-05-22,113.69999694824219,120.0,113.69999694824219,119.4000015258789,227
2019-05-23,117.9000015258789,120.0,111.0,114.5999984741211,777
2019-05-24,114.30000305175781,117.30000305175781,111.0,117.0,90
2019-05-28,116.69999694824219,116.69999694824219,111.5999984741211,111.9000015258789,97
2019-05-29,111.9000015258789,112.80000305175781,108.5999984741211,110.4000015258789,313
2019-05-30,109.19999694824219,112.5,105.30000305175781,105.30000305175781,253
2019-05-31,108.5999984741211,112.80000305175781,105.30000305175781,105.30000305175781,203
2019-06-03,106.19999694824219,109.5,105.5999984741211,109.19999694824219,247
2019-06-04,106.19999694824219,111.30000305175781,106.19999694824219,109.5,67
2019-06-05,109.19999694824219,112.19999694824219,106.5,106.80000305175781,103
2019-06-06,109.5,112.5,105.30000305175781,107.0999984741211,203
2019-06-07,109.80000305175781,109.80000305175781,103.5,104.4000015258789,347
2019-06-10,103.80000305175781,107.69999694824219,103.80000305175781,107.4000015258789,303
2019-06-11,106.80000305175781,106.80000305175781,93.0,99.0,403
2019-06-12,101.69999694824219,101.69999694824219,90.5999984741211,95.69999694824219,197
2019-06-13,93.30000305175781,98.4000015258789,93.30000305175781,93.30000305175781,117
2019-06-14,93.9000015258789,96.0,90.0,91.5,763
2019-06-17,90.0,95.4000015258789,90.0,93.5999984741211,340
2019-06-18,96.0,96.0,93.5999984741211,96.0,217
2019-06-19,93.9000015258789,96.0,93.5999984741211,94.19999694824219,237
2019-06-20,93.5999984741211,96.30000305175781,81.5999984741211,93.9000015258789,600
2019-06-21,90.9000015258789,90.9000015258789,87.30000305175781,89.4000015258789,337
2019-06-24,90.0,91.5,87.5999984741211,87.5999984741211,257
2019-06-25,87.5999984741211,92.69999694824219,85.80000305175781,88.19999694824219,357
2019-06-26,93.5999984741211,96.0,82.5,85.80000305175781,860
2019-06-27,87.30000305175781,89.69999694824219,82.80000305175781,83.0999984741211,437
2019-06-28,84.30000305175781,85.19999694824219,73.80000305175781,75.0,833
2019-07-01,75.0,80.69999694824219,74.0999984741211,74.0999984741211,420
2019-07-02,73.80000305175781,76.5,73.80000305175781,74.0999984741211,400
2019-07-03,78.0,78.0,75.0,75.0,113
2019-07-05,74.4000015258789,79.80000305175781,74.0999984741211,78.5999984741211,197
2019-07-08,76.80000305175781,84.0,75.0,84.0,357
2019-07-09,84.0,84.30000305175781,76.5,76.80000305175781,163
2019-07-10,76.80000305175781,87.30000305175781,76.80000305175781,82.5,747
2019-07-11,85.5,85.5,78.0,84.30000305175781,373
2019-07-12,82.5,87.0,75.5999984741211,78.5999984741211,327
2019-07-15,76.19999694824219,79.19999694824219,75.5999984741211,77.4000015258789,203
2019-07-16,79.80000305175781,79.80000305175781,76.80000305175781,76.80000305175781,117
2019-07-17,76.5,77.69999694824219,75.30000305175781,76.5,167
2019-07-18,75.0,79.19999694824219,71.4000015258789,73.5,770
2019-07-19,74.4000015258789,75.9000015258789,72.0,75.9000015258789,467
2019-07-22,74.69999694824219,78.0,74.0999984741211,76.5,240
2019-07-23,82.19999694824219,82.19999694824219,76.5,76.5,100
2019-07-24,75.5999984741211,79.80000305175781,72.9000015258789,77.4000015258789,137
2019-07-25,80.0999984741211,80.0999984741211,72.9000015258789,74.0999984741211,183
2019-07-26,77.69999694824219,82.80000305175781,72.0,75.0,353
2019-07-29,74.69999694824219,80.69999694824219,74.69999694824219,78.0,110
2019-07-30,77.69999694824219,82.5,75.30000305175781,76.80000305175781,97
2019-07-31,75.5999984741211,82.19999694824219,72.30000305175781,81.30000305175781,333
2019-08-01,78.30000305175781,82.19999694824219,73.19999694824219,73.5,227
2019-08-02,72.0,79.5,69.9000015258789,69.9000015258789,180
2019-08-05,74.69999694824219,75.30000305175781,69.9000015258789,71.0999984741211,273
2019-08-06,71.0999984741211,72.0,66.5999984741211,69.9000015258789,477
2019-08-07,67.5,71.0999984741211,67.5,68.4000015258789,237
2019-08-08,66.5999984741211,71.0999984741211,66.5999984741211,69.5999984741211,260
2019-08-09,71.0999984741211,71.0999984741211,65.0999984741211,68.4000015258789,253
2019-08-12,69.30000305175781,71.0999984741211,66.9000015258789,70.5,380
2019-08-13,69.0,71.0999984741211,67.80000305175781,69.5999984741211,207
2019-08-14,69.5999984741211,71.0999984741211,69.5999984741211,70.19999694824219,210
2019-08-15,71.0999984741211,75.0,69.9000015258789,73.80000305175781,547
2019-08-16,75.5999984741211,77.0999984741211,69.5999984741211,72.9000015258789,630
2019-08-19,72.9000015258789,74.4000015258789,69.5999984741211,69.5999984741211,960
2019-08-20,71.0999984741211,72.0,69.5999984741211,72.0,790
2019-08-21,75.9000015258789,78.9000015258789,73.80000305175781,73.80000305175781,63
2019-08-22,72.5999984741211,78.0,67.19999694824219,67.19999694824219,57
2019-08-23,76.19999694824219,76.19999694824219,71.4000015258789,71.4000015258789,47
2019-08-26,76.19999694824219,78.9000015258789,73.19999694824219,73.19999694824219,457
2019-08-27,73.5,73.5,67.5,72.9000015258789,223
2019-08-28,72.9000015258789,73.5,68.4000015258789,70.5,303
2019-08-29,69.0,72.5999984741211,68.69999694824219,68.69999694824219,213
2019-08-30,68.69999694824219,70.19999694824219,67.19999694824219,69.0,280
2019-09-03,67.19999694824219,68.69999694824219,66.0,66.0,353
2019-09-04,66.30000305175781,67.80000305175781,66.0,66.9000015258789,473
2019-09-05,66.0,69.0,66.0,69.0,130
2019-09-06,66.30000305175781,69.0,66.30000305175781,67.19999694824219,267
2019-09-09,69.0,69.0,64.5,69.0,400
2019-09-10,67.5,67.5,64.5,64.5,640
2019-09-11,66.30000305175781,68.4000015258789,64.80000305175781,65.4000015258789,297
2019-09-12,66.30000305175781,67.5,64.5,64.80000305175781,330
2019-09-13,66.30000305175781,68.69999694824219,64.5,64.80000305175781,197
2019-09-16,66.5999984741211,70.19999694824219,66.30000305175781,67.80000305175781,330
2019-09-17,69.0,75.0,64.5,64.80000305175781,297
2019-09-18,64.5,68.69999694824219,63.900001525878906,64.19999694824219,247
2019-09-19,65.4000015258789,67.19999694824219,63.900001525878906,64.5,247
2019-09-20,74.69999694824219,75.0,58.5,63.599998474121094,35560
2019-09-23,61.79999923706055,62.400001525878906,58.5,60.29999923706055,1980
2019-09-24,60.900001525878906,62.099998474121094,53.70000076293945,60.29999923706055,1610
2019-09-25,60.29999923706055,60.29999923706055,54.29999923706055,57.0,473
2019-09-26,56.70000076293945,59.400001525878906,54.29999923706055,56.70000076293945,577
2019-09-27,56.70000076293945,58.5,56.099998474121094,58.5,477
2019-09-30,57.900001525878906,57.900001525878906,52.5,53.099998474121094,1207
2019-10-01,51.900001525878906,51.900001525878906,45.0,45.0,1247
2019-10-02,45.0,51.599998474121094,44.70000076293945,46.79999923706055,620
2019-10-03,46.20000076293945,47.400001525878906,43.20000076293945,45.0,867
2019-10-04,45.0,46.79999923706055,42.599998474121094,46.20000076293945,1413
2019-10-07,45.599998474121094,53.70000076293945,45.0,48.29999923706055,2900
2019-10-08,49.20000076293945,54.900001525878906,48.599998474121094,53.70000076293945,560
2019-10-09,55.20000076293945,56.099998474121094,48.29999923706055,55.79999923706055,1553
2019-10-10,56.400001525878906,56.70000076293945,53.70000076293945,56.099998474121094,263
2019-10-11,55.5,56.099998474121094,51.900001525878906,55.5,1103
2019-10-14,55.5,60.0,51.29999923706055,52.5,3363
2019-10-15,53.099998474121094,55.5,49.5,49.79999923706055,570
2019-10-16,51.599998474121094,52.20000076293945,47.70000076293945,50.400001525878906,1200
2019-10-17,49.79999923706055,51.0,49.5,50.400001525878906,103
2019-10-18,49.20000076293945,53.099998474121094,48.0,48.900001525878906,643
2019-10-21,49.20000076293945,49.5,46.20000076293945,47.400001525878906,513
2019-10-22,46.20000076293945,48.29999923706055,45.900001525878906,47.099998474121094,197
2019-10-23,48.599998474121094,48.599998474121094,46.79999923706055,47.099998474121094,120
2019-10-24,47.400001525878906,48.29999923706055,47.400001525878906,48.0,80
2019-10-25,47.400001525878906,47.400001525878906,45.29999923706055,45.29999923706055,277
2019-10-28,46.79999923706055,46.79999923706055,42.900001525878906,43.5,1577
2019-10-29,43.5,45.0,42.900001525878906,42.900001525878906,1290
2019-10-30,42.900001525878906,45.29999923706055,42.900001525878906,44.400001525878906,133
2019-10-31,43.79999923706055,46.5,43.5,46.5,97
2019-11-01,46.5,46.5,44.099998474121094,44.099998474121094,170
2019-11-04,43.5,43.79999923706055,39.599998474121094,41.099998474121094,507
2019-11-05,40.20000076293945,41.70000076293945,39.0,39.900001525878906,710
2019-11-06,39.900001525878906,42.29999923706055,38.70000076293945,39.599998474121094,200
2019-11-07,42.0,42.0,34.79999923706055,36.29999923706055,1730
2019-11-08,35.400001525878906,37.5,35.400001525878906,36.0,563
2019-11-11,36.29999923706055,37.79999923706055,35.400001525878906,36.900001525878906,1513
2019-11-12,38.70000076293945,39.599998474121094,36.0,36.29999923706055,1510
2019-11-13,35.400001525878906,38.099998474121094,35.099998474121094,35.70000076293945,653
2019-11-14,36.900001525878906,77.69999694824219,36.900001525878906,51.29999923706055,965523
2019-11-15,51.0,59.099998474121094,47.400001525878906,58.5,89343
2019-11-18,54.0,56.099998474121094,51.29999923706055,54.599998474121094,19827
2019-11-19,51.599998474121094,52.20000076293945,45.599998474121094,47.400001525878906,13033
2019-11-20,44.099998474121094,48.599998474121094,44.099998474121094,46.20000076293945,6327
2019-11-21,44.70000076293945,47.70000076293945,44.400001525878906,45.29999923706055,3603
2019-11-22,54.0,54.599998474121094,46.79999923706055,49.79999923706055,33707
2019-11-25,48.29999923706055,52.5,47.099998474121094,52.5,6110
2019-11-26,50.400001525878906,54.0,49.5,52.20000076293945,2960
2019-11-27,50.70000076293945,54.900001525878906,49.5,53.099998474121094,4837
2019-11-29,54.0,68.69999694824219,52.79999923706055,63.0,10307
2019-12-02,66.0,69.30000305175781,57.29999923706055,59.70000076293945,14043
2019-12-03,60.0,60.0,54.29999923706055,55.79999923706055,2923
2019-12-04,55.79999923706055,57.599998474121094,54.0,55.5,1057
2019-12-05,54.900001525878906,55.79999923706055,53.099998474121094,55.79999923706055,1880
2019-12-06,56.70000076293945,56.70000076293945,51.900001525878906,56.400001525878906,2007
2019-12-09,54.599998474121094,59.400001525878906,54.29999923706055,57.0,1913
2019-12-10,57.0,57.599998474121094,54.0,55.79999923706055,793
2019-12-11,54.900001525878906,57.29999923706055,54.29999923706055,57.29999923706055,960
2019-12-12,57.29999923706055,57.29999923706055,54.0,55.79999923706055,893
2019-12-13,55.20000076293945,58.5,54.599998474121094,54.599998474121094,1377
2019-12-16,55.5,57.29999923706055,54.29999923706055,55.79999923706055,497
2019-12-17,54.599998474121094,56.70000076293945,53.099998474121094,54.0,1053
2019-12-18,54.0,54.599998474121094,52.79999923706055,53.400001525878906,733
2019-12-19,52.5,56.70000076293945,52.5,54.900001525878906,1567
2019-12-20,54.29999923706055,56.400001525878906,54.29999923706055,55.5,1693
2019-12-23,55.5,57.0,54.0,54.29999923706055,1333
2019-12-24,54.0,55.79999923706055,54.0,55.79999923706055,260
2019-12-26,56.099998474121094,56.099998474121094,54.599998474121094,54.599998474121094,370
2019-12-27,54.0,55.5,54.0,54.599998474121094,467
2019-12-30,54.29999923706055,54.599998474121094,53.70000076293945,54.29999923706055,3473
2019-12-31,54.599998474121094,57.0,53.70000076293945,54.0,1407
2020-01-02,55.5,56.70000076293945,53.70000076293945,56.70000076293945,2337
2020-01-03,54.900001525878906,62.70000076293945,54.900001525878906,56.70000076293945,3343
2020-01-06,57.0,68.69999694824219,57.0,67.19999694824219,6987
2020-01-07,68.4000015258789,72.0,66.0,70.5,4917
2020-01-08,67.5,70.5,64.19999694824219,68.4000015258789,4003
2020-01-09,67.5,70.19999694824219,63.0,63.0,1477
2020-01-10,66.0,70.19999694824219,62.099998474121094,66.5999984741211,2790
2020-01-13,68.4000015258789,68.4000015258789,60.0,62.099998474121094,2177
2020-01-14,60.29999923706055,64.80000305175781,60.29999923706055,62.70000076293945,330
2020-01-15,63.0,64.5,61.79999923706055,64.19999694824219,463
2020-01-16,64.80000305175781,66.5999984741211,60.29999923706055,64.19999694824219,763
2020-01-17,63.29999923706055,64.5,61.5,62.70000076293945,1603
2020-01-21,62.70000076293945,63.599998474121094,60.29999923706055,63.599998474121094,633
2020-01-22,64.19999694824219,64.80000305175781,62.099998474121094,63.599998474121094,323
2020-01-23,62.400001525878906,64.19999694824219,61.5,63.29999923706055,527
2020-01-24,62.400001525878906,63.0,60.0,62.400001525878906,1087
2020-01-27,61.20000076293945,61.5,60.0,60.900001525878906,377
2020-01-28,61.20000076293945,62.400001525878906,60.900001525878906,60.900001525878906,63
2020-01-29,60.0,61.5,57.0,57.0,1577
2020-01-30,59.099998474121094,59.099998474121094,49.5,51.599998474121094,907
2020-01-31,52.5,53.70000076293945,49.5,53.099998474121094,330
2020-02-03,51.900001525878906,55.79999923706055,51.599998474121094,53.400001525878906,430
2020-02-04,54.900001525878906,54.900001525878906,51.0,51.599998474121094,427
2020-02-05,53.400001525878906,53.400001525878906,51.0,52.20000076293945,260
2020-02-06,54.29999923706055,54.29999923706055,49.5,50.099998474121094,1030
2020-02-07,51.0,52.20000076293945,51.0,51.29999923706055,533
2020-02-10,61.5,61.79999923706055,53.099998474121094,55.5,983
2020-02-11,63.0,63.0,55.5,57.599998474121094,567
2020-02-12,56.099998474121094,59.099998474121094,54.0,58.20000076293945,287
2020-02-13,59.400001525878906,64.5,57.900001525878906,64.19999694824219,3220
2020-02-14,64.19999694824219,65.4000015258789,60.599998474121094,63.0,713
2020-02-18,61.5,63.0,59.099998474121094,59.099998474121094,690
2020-02-19,60.29999923706055,60.29999923706055,58.79999923706055,59.400001525878906,267
2020-02-20,58.79999923706055,60.0,56.400001525878906,59.099998474121094,1070
2020-02-21,60.0,61.20000076293945,59.400001525878906,61.20000076293945,110
2020-02-24,59.099998474121094,62.099998474121094,56.099998474121094,57.599998474121094,637
2020-02-25,56.70000076293945,57.29999923706055,46.5,49.79999923706055,1143
2020-02-26,51.900001525878906,55.5,44.70000076293945,53.099998474121094,2183
2020-02-27,46.5,52.20000076293945,45.0,48.0,450
2020-02-28,45.599998474121094,51.0,40.20000076293945,50.400001525878906,933
2020-03-02,49.79999923706055,49.79999923706055,48.29999923706055,49.79999923706055,130
2020-03-03,49.79999923706055,53.099998474121094,48.0,52.79999923706055,677
2020-03-04,48.599998474121094,51.0,48.0,49.79999923706055,993
2020-03-05,49.20000076293945,49.20000076293945,47.70000076293945,48.29999923706055,207
2020-03-06,50.400001525878906,50.400001525878906,45.599998474121094,46.20000076293945,250
2020-03-09,47.70000076293945,47.70000076293945,39.900001525878906,45.599998474121094,1040
2020-03-10,48.900001525878906,51.900001525878906,42.0,51.900001525878906,917
2020-03-11,49.5,51.0,46.79999923706055,49.79999923706055,527
2020-03-12,45.0,46.20000076293945,43.5,43.5,1240
2020-03-13,42.599998474121094,47.70000076293945,30.0,39.599998474121094,683
2020-03-16,42.0,42.29999923706055,37.5,37.5,473
2020-03-17,39.0,43.20000076293945,31.200000762939453,41.70000076293945,647
2020-03-18,41.70000076293945,41.70000076293945,30.0,35.099998474121094,507
2020-03-19,39.0,39.0,33.29999923706055,33.900001525878906,63
2020-03-20,32.400001525878906,37.20000076293945,32.400001525878906,32.70000076293945,593
2020-03-23,33.0,36.29999923706055,29.399999618530273,33.29999923706055,227
2020-03-24,36.29999923706055,36.29999923706055,32.70000076293945,33.599998474121094,170
2020-03-25,109.19999694824219,232.5,99.0,121.5,1562137
2020-03-26,108.0,111.0,86.4000015258789,104.0999984741211,128570
2020-03-27,169.5,180.0,105.0,108.9000015258789,509637
2020-03-30,97.5,98.0999984741211,87.0,94.80000305175781,47943
2020-03-31,90.0,90.9000015258789,75.30000305175781,78.0,36527
2020-04-01,73.19999694824219,73.80000305175781,65.4000015258789,68.4000015258789,28293
2020-04-02,67.19999694824219,93.0,67.19999694824219,76.5,92280
2020-04-03,70.5,81.0,68.4000015258789,80.4000015258789,23820
2020-04-06,72.0,79.19999694824219,72.0,75.0,9177
2020-04-07,72.9000015258789,74.0999984741211,70.5,72.9000015258789,6443
2020-04-08,72.0,72.30000305175781,66.30000305175781,71.0999984741211,10180
2020-04-09,73.19999694824219,126.0,70.19999694824219,102.30000305175781,259333
2020-04-13,91.5,99.30000305175781,84.9000015258789,94.19999694824219,39077
2020-04-14,91.19999694824219,97.80000305175781,86.69999694824219,88.80000305175781,13677
2020-04-15,87.0,89.0999984741211,81.30000305175781,84.5999984741211,6893
2020-04-16,82.5,84.0,73.80000305175781,82.19999694824219,13913
2020-04-17,80.4000015258789,84.30000305175781,75.0,81.9000015258789,7190
2020-04-20,82.5,89.0999984741211,80.4000015258789,83.69999694824219,15880
2020-04-21,81.5999984741211,83.4000015258789,76.5,79.80000305175781,7410
2020-04-22,78.0,81.0,76.5,80.69999694824219,3767
2020-04-23,80.4000015258789,81.0,77.4000015258789,78.5999984741211,4760
2020-04-24,80.0999984741211,80.0999984741211,75.5999984741211,77.0999984741211,3817
2020-04-27,75.30000305175781,79.80000305175781,72.9000015258789,79.19999694824219,5180
2020-04-28,78.5999984741211,78.5999984741211,74.4000015258789,75.9000015258789,2680
2020-04-29,75.9000015258789,84.30000305175781,73.19999694824219,80.4000015258789,23100
2020-04-30,80.4000015258789,93.5999984741211,75.9000015258789,89.0999984741211,47300
2020-05-01,90.0,90.0,82.19999694824219,84.0,8677
2020-05-04,80.69999694824219,86.4000015258789,78.30000305175781,83.4000015258789,4573
2020-05-05,82.5,92.0999984741211,81.9000015258789,88.80000305175781,8463
2020-05-06,90.9000015258789,104.0999984741211,87.0,96.0,26827
2020-05-07,99.30000305175781,99.30000305175781,90.5999984741211,93.9000015258789,8147
2020-05-08,94.19999694824219,97.19999694824219,92.4000015258789,93.9000015258789,9997
2020-05-11,96.0,97.19999694824219,83.4000015258789,86.4000015258789,16387
2020-05-12,85.80000305175781,109.80000305175781,85.80000305175781,98.4000015258789,107090
2020-05-13,97.5,103.19999694824219,77.4000015258789,87.0,24837
2020-05-14,85.19999694824219,87.30000305175781,79.5,84.5999984741211,5437
2020-05-15,85.80000305175781,89.69999694824219,76.80000305175781,78.5999984741211,8100
2020-05-18,80.4000015258789,83.69999694824219,77.0999984741211,80.0999984741211,9487
2020-05-19,81.0,87.5999984741211,78.30000305175781,81.9000015258789,6233
2020-05-20,84.0,87.5999984741211,81.5999984741211,82.5,3810
2020-05-21,82.80000305175781,85.19999694824219,80.4000015258789,84.0,3957
2020-05-22,84.30000305175781,85.5,81.5999984741211,83.69999694824219,1947
2020-05-26,86.0999984741211,87.0,81.9000015258789,84.0,2977
2020-05-27,84.0,84.30000305175781,80.4000015258789,81.0,2760
2020-05-28,84.5999984741211,84.5999984741211,80.69999694824219,81.0,2057
2020-05-29,80.69999694824219,82.19999694824219,76.5,80.4000015258789,1810
2020-06-01,78.9000015258789,80.0999984741211,77.69999694824219,78.30000305175781,2873
2020-06-02,78.0,80.0999984741211,76.80000305175781,78.30000305175781,1493
2020-06-03,78.30000305175781,87.5999984741211,76.80000305175781,86.4000015258789,17593
2020-06-04,87.5999984741211,92.69999694824219,82.19999694824219,84.5999984741211,10517
2020-06-05,85.5,86.69999694824219,81.5999984741211,83.4000015258789,4757
2020-06-08,83.69999694824219,83.69999694824219,78.9000015258789,82.80000305175781,10180
2020-06-09,81.5999984741211,96.5999984741211,78.5999984741211,92.4000015258789,31673
2020-06-10,97.19999694824219,97.5,88.19999694824219,92.69999694824219,24123
2020-06-11,84.5999984741211,89.4000015258789,80.4000015258789,80.4000015258789,6917
2020-06-12,82.5,82.80000305175781,78.0,81.30000305175781,3157
2020-06-15,79.5,83.69999694824219,79.5,82.19999694824219,3297
2020-06-16,82.19999694824219,84.5999984741211,81.0,81.30000305175781,2887
2020-06-17,83.69999694824219,83.69999694824219,80.0999984741211,80.0999984741211,1977
2020-06-18,79.80000305175781,82.19999694824219,79.80000305175781,80.0999984741211,1360
2020-06-19,80.69999694824219,81.9000015258789,79.80000305175781,79.80000305175781,2280
2020-06-22,79.80000305175781,84.9000015258789,76.80000305175781,83.4000015258789,8083
2020-06-23,83.4000015258789,83.4000015258789,81.0,81.0,1980
2020-06-24,81.5999984741211,88.19999694824219,78.0,86.69999694824219,8447
2020-06-25,86.4000015258789,88.19999694824219,84.0,87.0,4907
2020-06-26,87.5999984741211,101.0999984741211,81.0,84.30000305175781,47463
2020-06-29,85.80000305175781,86.69999694824219,80.0999984741211,81.30000305175781,4970
2020-06-30,82.19999694824219,86.4000015258789,80.0999984741211,85.5,6597
2020-07-01,86.0999984741211,87.0,84.5999984741211,85.80000305175781,1747
2020-07-02,86.69999694824219,92.0999984741211,85.5,85.80000305175781,7210
2020-07-06,86.0999984741211,92.69999694824219,84.9000015258789,86.0999984741211,4163
2020-07-07,85.19999694824219,86.69999694824219,78.9000015258789,81.30000305175781,10283
2020-07-08,81.0,82.19999694824219,79.19999694824219,82.19999694824219,2930
2020-07-09,82.19999694824219,82.5,78.5999984741211,80.69999694824219,4477
2020-07-10,79.80000305175781,81.30000305175781,78.0,79.5,3317
2020-07-13,78.9000015258789,83.69999694824219,78.30000305175781,81.0,9317
2020-07-14,80.0999984741211,80.69999694824219,78.30000305175781,79.19999694824219,5030
2020-07-15,79.80000305175781,80.69999694824219,76.19999694824219,79.5,5180
2020-07-16,78.30000305175781,93.9000015258789,78.30000305175781,92.0999984741211,61857
2020-07-17,93.5999984741211,110.0999984741211,88.5,97.5,108793
2020-07-20,94.80000305175781,97.19999694824219,85.5,87.5999984741211,17183
2020-07-21,87.5999984741211,90.5999984741211,84.30000305175781,87.5999984741211,6620
2020-07-22,84.9000015258789,86.69999694824219,82.5,83.69999694824219,6950
2020-07-23,85.80000305175781,86.4000015258789,82.19999694824219,82.80000305175781,3477
2020-07-24,83.0999984741211,84.30000305175781,81.30000305175781,81.9000015258789,2180
2020-07-27,82.5,84.0,81.5999984741211,82.5,3290
2020-07-28,83.0999984741211,85.19999694824219,81.9000015258789,83.4000015258789,3633
2020-07-29,84.30000305175781,86.0999984741211,82.19999694824219,83.0999984741211,5923
2020-07-30,82.80000305175781,90.0,81.9000015258789,88.5,15770
2020-07-31,87.0,95.0999984741211,82.80000305175781,92.4000015258789,15957
2020-08-03,92.4000015258789,108.9000015258789,86.4000015258789,89.0999984741211,37503
2020-08-04,90.30000305175781,91.80000305175781,87.9000015258789,90.30000305175781,5250
2020-08-05,90.0,93.30000305175781,88.80000305175781,92.0999984741211,4193
2020-08-06,90.0,93.0,88.5,89.0999984741211,2803
2020-08-07,88.5,98.0999984741211,88.19999694824219,95.0999984741211,11043
2020-08-10,95.0999984741211,99.5999984741211,94.80000305175781,96.0,5637
2020-08-11,96.9000015258789,97.19999694824219,93.5999984741211,93.5999984741211,4127
2020-08-12,93.5999984741211,95.4000015258789,88.5,89.0999984741211,4453
2020-08-13,88.19999694824219,88.19999694824219,73.80000305175781,79.5,17507
2020-08-14,80.4000015258789,83.0999984741211,76.80000305175781,80.0999984741211,3587
2020-08-17,80.0999984741211,84.30000305175781,79.80000305175781,83.4000015258789,3963
2020-08-18,83.4000015258789,84.5999984741211,80.0999984741211,81.5999984741211,2150
2020-08-19,80.0999984741211,84.5999984741211,79.5,82.80000305175781,2787
2020-08-20,82.5,82.5,79.80000305175781,80.0999984741211,1340
2020-08-21,79.80000305175781,80.4000015258789,78.0,78.5999984741211,3063
2020-08-24,77.69999694824219,78.5999984741211,71.69999694824219,74.4000015258789,8970
2020-08-25,74.69999694824219,76.80000305175781,73.5,74.4000015258789,3520
2020-08-26,74.4000015258789,75.0,69.30000305175781,71.4000015258789,6290
2020-08-27,70.19999694824219,72.5999984741211,69.5999984741211,70.5,3130
2020-08-28,69.5999984741211,71.69999694824219,63.29999923706055,67.19999694824219,6760
2020-08-31,66.0,68.69999694824219,63.900001525878906,65.69999694824219,2303
2020-09-01,64.5,65.0999984741211,60.0,60.29999923706055,4533
2020-09-02,60.29999923706055,61.79999923706055,56.099998474121094,57.599998474121094,5137
2020-09-03,57.900001525878906,57.900001525878906,52.20000076293945,53.70000076293945,3797
2020-09-04,54.0,54.599998474121094,49.5,51.599998474121094,2417
2020-09-08,53.70000076293945,54.900001525878906,48.0,51.29999923706055,8790
2020-09-09,61.20000076293945,76.5,57.599998474121094,61.79999923706055,825330
2020-09-10,55.20000076293945,58.79999923706055,54.29999923706055,57.599998474121094,32880
2020-09-11,55.20000076293945,55.5,52.79999923706055,54.599998474121094,8783
2020-09-14,54.599998474121094,54.599998474121094,48.29999923706055,48.29999923706055,20183
2020-09-15,48.599998474121094,48.900001525878906,45.0,47.099998474121094,12213
2020-09-16,47.400001525878906,48.0,44.70000076293945,45.29999923706055,9580
2020-09-17,45.0,48.29999923706055,43.79999923706055,45.29999923706055,8457
2020-09-18,47.099998474121094,48.29999923706055,44.70000076293945,45.29999923706055,8877
2020-09-21,44.400001525878906,45.900001525878906,43.20000076293945,45.29999923706055,5277
2020-09-22,45.599998474121094,47.70000076293945,44.400001525878906,47.099998474121094,3667
2020-09-23,47.400001525878906,47.400001525878906,44.400001525878906,44.70000076293945,4500
2020-09-24,45.599998474121094,50.400001525878906,43.79999923706055,45.29999923706055,9990
2020-09-25,45.0,50.400001525878906,45.0,47.400001525878906,11777
2020-09-28,47.099998474121094,52.5,47.099998474121094,50.400001525878906,6167
2020-09-29,51.0,56.099998474121094,49.5,55.20000076293945,14483
2020-09-30,53.099998474121094,54.900001525878906,50.400001525878906,51.0,3213
2020-10-01,51.900001525878906,52.79999923706055,50.70000076293945,51.599998474121094,2373
2020-10-02,50.099998474121094,52.5,47.400001525878906,51.599998474121094,4647
2020-10-05,51.900001525878906,52.79999923706055,49.5,51.599998474121094,1553
2020-10-06,51.29999923706055,52.79999923706055,49.79999923706055,51.29999923706055,1260
2020-10-07,51.599998474121094,53.400001525878906,50.70000076293945,53.099998474121094,1357
2020-10-08,52.20000076293945,53.400001525878906,49.79999923706055,52.79999923706055,2627
2020-10-09,52.5,53.099998474121094,51.0,52.5,3417
2020-10-12,51.599998474121094,53.400001525878906,51.0,52.79999923706055,1440
2020-10-13,52.5,54.900001525878906,50.70000076293945,51.900001525878906,2227
2020-10-14,52.5,55.5,50.70000076293945,51.900001525878906,3380
2020-10-15,52.5,54.0,49.79999923706055,51.900001525878906,3363
2020-10-16,52.5,52.5,48.599998474121094,49.5,2283
2020-10-19,50.400001525878906,51.0,46.79999923706055,50.099998474121094,6127
2020-10-20,49.5,50.70000076293945,48.599998474121094,50.70000076293945,353467
2020-10-21,146.39999389648438,184.1999969482422,63.900001525878906,80.4000015258789,4212270
2020-10-22,93.9000015258789,95.0999984741211,71.4000015258789,74.0999984741211,327267
2020-10-23,70.19999694824219,78.0,67.80000305175781,72.30000305175781,90257
2020-10-26,70.5,70.5,63.0,64.5,59077
2020-10-27,65.0999984741211,65.69999694824219,60.29999923706055,62.400001525878906,34263
2020-10-28,64.5,87.5999984741211,63.0,72.9000015258789,901343
2020-10-29,63.0,63.29999923706055,58.5,60.29999923706055,122890
2020-10-30,60.900001525878906,64.19999694824219,57.599998474121094,59.70000076293945,53620
2020-11-02,58.5,59.70000076293945,55.5,57.599998474121094,31870
2020-11-03,57.599998474121094,58.20000076293945,55.79999923706055,56.70000076293945,18807
2020-11-04,56.099998474121094,56.70000076293945,53.400001525878906,54.0,28497
2020-11-05,54.900001525878906,55.79999923706055,53.400001525878906,54.29999923706055,20253
2020-11-06,52.79999923706055,54.599998474121094,51.599998474121094,52.20000076293945,29120
2020-11-09,52.5,52.79999923706055,47.400001525878906,47.70000076293945,56047
2020-11-10,49.5,53.099998474121094,48.0,52.20000076293945,31943
2020-11-11,51.29999923706055,51.29999923706055,48.900001525878906,50.400001525878906,15630
2020-11-12,50.70000076293945,51.599998474121094,49.5,50.400001525878906,15893
2020-11-13,50.70000076293945,58.5,49.20000076293945,56.70000076293945,47440
2020-11-16,55.20000076293945,55.5,51.900001525878906,52.79999923706055,24047
2020-11-17,53.099998474121094,55.5,52.20000076293945,52.5,15043
2020-11-18,52.5,54.0,50.400001525878906,52.20000076293945,25963
2020-11-19,51.900001525878906,52.5,50.400001525878906,51.29999923706055,12613
2020-11-20,51.900001525878906,52.20000076293945,50.400001525878906,52.20000076293945,14537
2020-11-23,52.20000076293945,56.400001525878906,51.0,54.900001525878906,28100
2020-11-24,56.099998474121094,56.099998474121094,52.79999923706055,53.400001525878906,17150
2020-11-25,54.29999923706055,57.0,51.900001525878906,55.79999923706055,18503
2020-11-27,56.70000076293945,59.400001525878906,55.79999923706055,59.099998474121094,25697
2020-11-30,59.400001525878906,59.400001525878906,56.400001525878906,58.5,21750
2020-12-01,58.5,58.5,54.599998474121094,54.599998474121094,16657
2020-12-02,54.0,54.599998474121094,51.599998474121094,52.5,19037
2020-12-03,54.0,56.099998474121094,53.099998474121094,55.20000076293945,11523
2020-12-04,55.20000076293945,55.5,53.70000076293945,54.0,21317
2020-12-07,54.599998474121094,55.20000076293945,52.5,53.099998474121094,16797
2020-12-08,54.0,55.79999923706055,52.79999923706055,55.5,16577
2020-12-09,55.5,63.29999923706055,54.599998474121094,59.099998474121094,113060
2020-12-10,59.099998474121094,59.099998474121094,55.79999923706055,57.29999923706055,19853
2020-12-11,57.599998474121094,60.599998474121094,56.099998474121094,58.79999923706055,26137
2020-12-14,60.0,60.29999923706055,56.70000076293945,57.599998474121094,19787
2020-12-15,57.900001525878906,58.79999923706055,55.5,56.400001525878906,12853
2020-12-16,57.0,57.900001525878906,54.0,54.599998474121094,23387
2020-12-17,55.20000076293945,60.0,55.20000076293945,57.599998474121094,26367
2020-12-18,58.20000076293945,60.599998474121094,55.20000076293945,55.20000076293945,33623
2020-12-21,55.5,59.400001525878906,55.5,57.0,22817
2020-12-22,58.5,59.70000076293945,57.29999923706055,57.599998474121094,19533
2020-12-23,57.599998474121094,59.099998474121094,57.0,57.29999923706055,13827
2020-12-24,58.20000076293945,58.5,56.400001525878906,57.0,9800
2020-12-28,57.29999923706055,57.29999923706055,54.29999923706055,54.599998474121094,19650
2020-12-29,54.599998474121094,55.20000076293945,50.400001525878906,51.599998474121094,29737
2020-12-30,52.5,57.0,51.599998474121094,55.5,24973
2020-12-31,54.0,55.20000076293945,51.900001525878906,53.099998474121094,20563
2021-01-04,53.099998474121094,54.900001525878906,51.900001525878906,54.900001525878906,12957
2021-01-05,55.20000076293945,58.5,53.70000076293945,57.29999923706055,51730
2021-01-06,56.70000076293945,57.900001525878906,54.900001525878906,54.900001525878906,19480
2021-01-07,55.79999923706055,57.0,55.20000076293945,57.0,18357
2021-01-08,59.099998474121094,61.79999923706055,57.0,61.20000076293945,53133
2021-01-11,61.79999923706055,68.0999984741211,59.400001525878906,65.0999984741211,126823
2021-01-12,65.0999984741211,66.9000015258789,62.400001525878906,63.29999923706055,39337
2021-01-13,63.599998474121094,65.69999694824219,62.400001525878906,65.0999984741211,51373
2021-01-14,67.19999694824219,79.5,66.0,77.4000015258789,150757
2021-01-15,75.5999984741211,75.5999984741211,67.5,69.0,77230
2021-01-19,69.9000015258789,71.4000015258789,65.0999984741211,66.0,47457
2021-01-20,66.0,68.0999984741211,61.20000076293945,64.19999694824219,32123
2021-01-21,65.0999984741211,71.4000015258789,64.5,69.9000015258789,35827
2021-01-22,69.5999984741211,74.69999694824219,67.80000305175781,72.9000015258789,50213
2021-01-25,74.69999694824219,74.69999694824219,65.0999984741211,72.0,47327
2021-01-26,72.0,73.5,66.9000015258789,68.4000015258789,26833
2021-01-27,68.0999984741211,69.5999984741211,65.4000015258789,66.0,31243
2021-01-28,66.0,67.19999694824219,58.79999923706055,63.599998474121094,32557
2021-01-29,61.79999923706055,64.80000305175781,60.29999923706055,61.20000076293945,20077
2021-02-01,59.400001525878906,65.4000015258789,59.400001525878906,63.29999923706055,16263
2021-02-02,63.599998474121094,67.80000305175781,63.599998474121094,66.30000305175781,31803
2021-02-03,67.19999694824219,70.19999694824219,63.900001525878906,68.0999984741211,21447
2021-02-04,69.30000305175781,70.19999694824219,67.5,68.0999984741211,18140
2021-02-05,69.0,78.5999984741211,68.69999694824219,78.0,164213
2021-02-08,81.5999984741211,87.0,80.0999984741211,86.69999694824219,129643
2021-02-09,87.5999984741211,110.69999694824219,80.0999984741211,105.9000015258789,464987
2021-02-10,115.19999694824219,123.0,102.5999984741211,121.5,236807
2021-02-11,112.5,119.0999984741211,99.0,107.69999694824219,429543
2021-02-12,106.5,111.0,102.5999984741211,107.69999694824219,57067
2021-02-16,109.5,124.19999694824219,108.30000305175781,117.0,147783
2021-02-17,111.30000305175781,116.4000015258789,103.80000305175781,104.0999984741211,84543
2021-02-18,99.0,102.5999984741211,91.19999694824219,92.69999694824219,116023
2021-02-19,95.4000015258789,99.9000015258789,92.0999984741211,92.69999694824219,47817
2021-02-22,90.0,94.19999694824219,87.5999984741211,87.5999984741211,56940
2021-02-23,77.0999984741211,77.4000015258789,63.599998474121094,72.9000015258789,168910
2021-02-24,75.9000015258789,85.19999694824219,75.9000015258789,78.5999984741211,91507
2021-02-25,80.69999694824219,81.0,70.5,70.80000305175781,42263
2021-02-26,69.0,72.5999984741211,63.900001525878906,65.69999694824219,64577
2021-03-01,70.5,71.69999694824219,69.0,69.30000305175781,29123
2021-03-02,69.5999984741211,76.19999694824219,69.0,73.19999694824219,109970
2021-03-03,72.5999984741211,74.69999694824219,64.80000305175781,65.0999984741211,43643
2021-03-04,59.400001525878906,59.400001525878906,48.29999923706055,53.099998474121094,188600
2021-03-05,53.099998474121094,53.70000076293945,42.900001525878906,53.099998474121094,136767
2021-03-08,51.599998474121094,54.0,50.099998474121094,51.29999923706055,38610
2021-03-09,51.900001525878906,59.099998474121094,50.70000076293945,58.20000076293945,62473
2021-03-10,59.70000076293945,61.5,54.29999923706055,55.79999923706055,38433
2021-03-11,58.20000076293945,60.900001525878906,55.79999923706055,60.0,48273
2021-03-12,62.400001525878906,67.5,62.099998474121094,66.9000015258789,54707
2021-03-15,66.5999984741211,69.0,63.29999923706055,66.5999984741211,43190
2021-03-16,66.0,66.9000015258789,61.5,62.400001525878906,31853
2021-03-17,61.5,66.9000015258789,60.0,64.80000305175781,23577
2021-03-18,63.0,66.5999984741211,62.099998474121094,62.70000076293945,23603
2021-03-19,63.0,65.69999694824219,61.20000076293945,63.900001525878906,22603
2021-03-22,66.30000305175781,69.0,63.900001525878906,68.0999984741211,31387
2021-03-23,72.0,73.19999694824219,63.900001525878906,65.4000015258789,64317
2021-03-24,65.4000015258789,66.0,60.29999923706055,62.099998474121094,33263
2021-03-25,59.400001525878906,63.599998474121094,57.0,62.099998474121094,47617
2021-03-26,62.099998474121094,63.599998474121094,59.400001525878906,60.599998474121094,26350
2021-03-29,61.79999923706055,62.400001525878906,57.599998474121094,60.0,30510
2021-03-30,60.0,63.900001525878906,57.900001525878906,61.5,93220
2021-03-31,63.29999923706055,69.5999984741211,60.599998474121094,65.69999694824219,101293
2021-04-01,66.5999984741211,67.19999694824219,62.70000076293945,63.900001525878906,21977
2021-04-05,64.19999694824219,68.4000015258789,63.900001525878906,65.69999694824219,19803
2021-04-06,64.80000305175781,66.9000015258789,63.0,65.4000015258789,16877
2021-04-07,85.5,89.4000015258789,63.0,66.30000305175781,2017063
2021-04-08,46.5,48.900001525878906,45.29999923706055,46.5,1034123
2021-04-09,46.5,46.79999923706055,43.5,44.099998474121094,325383
2021-04-12,43.79999923706055,44.400001525878906,35.400001525878906,36.29999923706055,665517
2021-04-13,37.20000076293945,37.20000076293945,34.20000076293945,35.70000076293945,270833
2021-04-14,35.400001525878906,37.79999923706055,34.5,35.70000076293945,218680
2021-04-15,36.0,36.29999923706055,32.099998474121094,34.20000076293945,216863
2021-04-16,33.29999923706055,36.900001525878906,32.099998474121094,36.0,171530
2021-04-19,35.70000076293945,37.5,34.20000076293945,36.599998474121094,214683
2021-04-20,36.29999923706055,36.599998474121094,34.20000076293945,34.79999923706055,95433
2021-04-21,34.5,36.29999923706055,34.20000076293945,36.0,109670
2021-04-22,36.0,37.20000076293945,35.099998474121094,35.70000076293945,89260
2021-04-23,36.0,39.599998474121094,35.400001525878906,38.099998474121094,205847
2021-04-26,39.599998474121094,41.099998474121094,38.70000076293945,40.5,150563
2021-04-27,39.900001525878906,40.20000076293945,37.79999923706055,37.79999923706055,87763
2021-04-28,38.400001525878906,39.0,37.20000076293945,38.70000076293945,63157
2021-04-29,38.70000076293945,39.0,36.900001525878906,37.20000076293945,61740
2021-04-30,36.599998474121094,38.099998474121094,36.0,36.900001525878906,56290
2021-05-03,36.900001525878906,37.20000076293945,35.099998474121094,36.29999923706055,62343
2021-05-04,35.099998474121094,36.0,34.20000076293945,35.400001525878906,44140
2021-05-05,35.400001525878906,35.70000076293945,33.900001525878906,34.79999923706055,51933
2021-05-06,34.5,34.5,33.0,33.900001525878906,60757
2021-05-07,33.29999923706055,35.70000076293945,33.29999923706055,34.20000076293945,55020
2021-05-10,34.20000076293945,34.5,33.0,33.29999923706055,48327
2021-05-11,32.400001525878906,32.70000076293945,30.899999618530273,32.400001525878906,90287
2021-05-12,32.099998474121094,33.0,31.799999237060547,32.099998474121094,58737
2021-05-13,32.099998474121094,33.29999923706055,31.5,31.799999237060547,42057
2021-05-14,31.200000762939453,32.70000076293945,30.899999618530273,31.799999237060547,61553
2021-05-17,32.400001525878906,34.79999923706055,31.799999237060547,34.79999923706055,55923
2021-05-18,34.5,34.5,32.400001525878906,33.599998474121094,61153
2021-05-19,33.0,33.29999923706055,32.099998474121094,33.29999923706055,32953
2021-05-20,33.29999923706055,33.900001525878906,32.70000076293945,33.599998474121094,35263
2021-05-21,33.599998474121094,33.599998474121094,32.70000076293945,33.0,39077
2021-05-24,32.70000076293945,34.79999923706055,32.400001525878906,33.599998474121094,44210
2021-05-25,33.599998474121094,34.20000076293945,32.70000076293945,33.0,17517
2021-05-26,33.29999923706055,33.900001525878906,32.70000076293945,33.599998474121094,34393
2021-05-27,34.20000076293945,36.0,33.599998474121094,35.400001525878906,68087
2021-05-28,35.400001525878906,35.70000076293945,34.20000076293945,35.099998474121094,34853
2021-06-01,35.400001525878906,36.29999923706055,34.5,36.29999923706055,62263
2021-06-02,36.29999923706055,37.20000076293945,34.79999923706055,36.29999923706055,60587
2021-06-03,36.599998474121094,36.599998474121094,34.20000076293945,35.400001525878906,69453
2021-06-04,35.099998474121094,36.29999923706055,34.79999923706055,36.29999923706055,37077
2021-06-07,36.29999923706055,37.5,36.0,37.20000076293945,46863
2021-06-08,37.20000076293945,37.79999923706055,36.0,37.5,38353
2021-06-09,37.20000076293945,38.099998474121094,36.900001525878906,38.099998474121094,39043
2021-06-10,37.79999923706055,39.900001525878906,37.20000076293945,39.29999923706055,80947
2021-06-11,39.599998474121094,39.599998474121094,37.5,38.099998474121094,43300
2021-06-14,37.79999923706055,39.0,37.20000076293945,38.400001525878906,35043
2021-06-15,38.70000076293945,38.70000076293945,36.29999923706055,36.900001525878906,41040
2021-06-16,36.599998474121094,37.5,36.0,37.5,40180
2021-06-17,37.20000076293945,38.099998474121094,36.599998474121094,38.099998474121094,35017
2021-06-18,38.099998474121094,38.099998474121094,34.79999923706055,34.79999923706055,59347
2021-06-21,35.099998474121094,35.400001525878906,33.599998474121094,34.79999923706055,33627
2021-06-22,34.5,36.599998474121094,33.900001525878906,36.599998474121094,37640
2021-06-23,36.599998474121094,36.599998474121094,35.099998474121094,36.599998474121094,27033
2021-06-24,36.29999923706055,36.599998474121094,35.70000076293945,36.29999923706055,14773
2021-06-25,36.29999923706055,37.5,35.70000076293945,37.5,45043
2021-06-28,36.900001525878906,37.5,36.599998474121094,37.20000076293945,22650
2021-06-29,37.20000076293945,38.099998474121094,36.29999923706055,36.599998474121094,30680
2021-06-30,36.599998474121094,39.900001525878906,35.400001525878906,39.900001525878906,213407
2021-07-01,41.400001525878906,42.0,37.5,39.29999923706055,257710
2021-07-02,38.099998474121094,39.0,36.900001525878906,37.79999923706055,70770
2021-07-06,38.099998474121094,38.099998474121094,35.70000076293945,36.599998474121094,51927
2021-07-07,36.900001525878906,36.900001525878906,34.5,35.400001525878906,65027
2021-07-08,33.599998474121094,34.5,32.70000076293945,33.900001525878906,47730
2021-07-09,34.20000076293945,35.70000076293945,33.900001525878906,35.099998474121094,27800
2021-07-12,34.79999923706055,35.400001525878906,33.900001525878906,34.5,26083
2021-07-13,33.900001525878906,34.5,33.599998474121094,33.599998474121094,26637
2021-07-14,33.900001525878906,34.5,33.0,33.0,26213
2021-07-15,32.70000076293945,33.599998474121094,32.099998474121094,33.0,26720
2021-07-16,32.70000076293945,33.599998474121094,32.400001525878906,32.400001525878906,18987
2021-07-19,31.799999237060547,32.400001525878906,30.299999237060547,31.799999237060547,43930
2021-07-20,31.5,33.29999923706055,31.5,32.70000076293945,19563
2021-07-21,33.29999923706055,34.5,33.0,33.900001525878906,38213
2021-07-22,33.900001525878906,33.900001525878906,32.099998474121094,32.70000076293945,23460
2021-07-23,33.0,33.29999923706055,31.5,32.099998474121094,29803
2021-07-26,31.799999237060547,33.0,31.5,32.099998474121094,35310
2021-07-27,31.799999237060547,32.400001525878906,30.0,31.799999237060547,45573
2021-07-28,31.5,33.599998474121094,31.5,33.29999923706055,46777
2021-07-29,33.29999923706055,33.599998474121094,31.799999237060547,31.799999237060547,23423
2021-07-30,31.799999237060547,33.0,31.799999237060547,32.400001525878906,11940
2021-08-02,34.5,34.5,32.70000076293945,33.599998474121094,18560
2021-08-03,33.29999923706055,33.29999923706055,32.099998474121094,32.099998474121094,11257
2021-08-04,31.799999237060547,32.400001525878906,31.5,32.099998474121094,16223
2021-08-05,31.799999237060547,33.0,31.799999237060547,32.70000076293945,12530
2021-08-06,32.70000076293945,32.70000076293945,31.5,31.799999237060547,19353
2021-08-09,31.799999237060547,32.400001525878906,31.799999237060547,32.400001525878906,11697
2021-08-10,32.099998474121094,34.20000076293945,32.099998474121094,33.900001525878906,30033
2021-08-11,33.29999923706055,34.5,33.0,33.29999923706055,20277
2021-08-12,33.29999923706055,33.599998474121094,32.400001525878906,32.70000076293945,10870
2021-08-13,33.0,33.0,32.099998474121094,32.400001525878906,13193
2021-08-16,32.099998474121094,32.099998474121094,30.600000381469727,30.600000381469727,27967
2021-08-17,30.600000381469727,31.200000762939453,29.399999618530273,30.600000381469727,32363
2021-08-18,29.700000762939453,31.200000762939453,29.700000762939453,30.600000381469727,20367
2021-08-19,30.600000381469727,30.600000381469727,28.200000762939453,29.399999618530273,23360
2021-08-20,29.399999618530273,31.200000762939453,28.5,30.0,18970
2021-08-23,30.0,30.899999618530273,29.700000762939453,30.600000381469727,12113
2021-08-24,31.200000762939453,31.200000762939453,30.0,31.200000762939453,11193
2021-08-25,34.5,36.29999923706055,32.70000076293945,34.20000076293945,1172547
2021-08-26,33.29999923706055,33.599998474121094,31.5,33.0,95760
2021-08-27,32.400001525878906,33.599998474121094,31.799999237060547,33.0,29203
2021-08-30,32.70000076293945,33.29999923706055,31.799999237060547,33.0,32843
2021-08-31,32.70000076293945,33.599998474121094,32.099998474121094,33.29999923706055,16707
2021-09-01,33.29999923706055,33.599998474121094,32.70000076293945,33.0,16460
2021-09-02,33.29999923706055,33.900001525878906,33.0,33.29999923706055,13873
2021-09-03,33.599998474121094,33.599998474121094,32.099998474121094,32.70000076293945,12713
2021-09-07,33.0,33.0,31.799999237060547,32.400001525878906,20733
2021-09-08,32.099998474121094,32.400001525878906,30.299999237060547,31.799999237060547,40087
2021-09-09,31.200000762939453,32.70000076293945,30.600000381469727,32.099998474121094,28440
2021-09-10,32.400001525878906,32.400001525878906,31.5,32.099998474121094,16413
2021-09-13,32.099998474121094,32.099998474121094,30.899999618530273,31.5,15060
2021-09-14,31.200000762939453,32.099998474121094,30.899999618530273,30.899999618530273,14190
2021-09-15,31.5,32.70000076293945,30.899999618530273,31.5,17313
2021-09-16,31.200000762939453,31.5,30.600000381469727,30.600000381469727,9553
2021-09-17,30.600000381469727,31.799999237060547,30.299999237060547,31.799999237060547,15967
2021-09-20,30.299999237060547,30.899999618530273,29.100000381469727,29.399999618530273,29863
2021-09-21,30.299999237060547,30.600000381469727,28.799999237060547,28.799999237060547,26493
2021-09-22,29.100000381469727,30.299999237060547,28.799999237060547,30.299999237060547,13057
2021-09-23,30.0,30.600000381469727,29.700000762939453,30.600000381469727,12347
2021-09-24,30.0,31.5,30.0,30.600000381469727,12380
2021-09-27,30.600000381469727,31.799999237060547,30.600000381469727,30.899999618530273,14890
2021-09-28,31.200000762939453,31.200000762939453,29.399999618530273,29.700000762939453,18657
2021-09-29,30.299999237060547,30.600000381469727,29.399999618530273,30.0,19647
2021-09-30,29.700000762939453,31.5,29.700000762939453,31.5,23730
2021-10-01,31.5,32.099998474121094,30.600000381469727,30.899999618530273,16903
2021-10-04,30.0,30.899999618530273,30.0,30.299999237060547,15200
2021-10-05,30.899999618530273,30.899999618530273,29.700000762939453,30.299999237060547,9500
2021-10-06,29.700000762939453,30.299999237060547,29.399999618530273,30.0,10703
2021-10-07,30.0,31.200000762939453,30.0,30.0,13607
2021-10-08,30.0,30.600000381469727,29.700000762939453,30.0,11480
2021-10-11,29.700000762939453,30.299999237060547,29.700000762939453,30.0,14043
2021-10-12,30.0,30.899999618530273,29.399999618530273,30.0,16773
2021-10-13,30.299999237060547,30.600000381469727,30.0,30.600000381469727,6237
2021-10-14,30.600000381469727,30.899999618530273,30.0,30.299999237060547,9200
2021-10-15,30.600000381469727,30.600000381469727,29.100000381469727,29.399999618530273,22390
2021-10-18,29.399999618530273,30.0,29.100000381469727,29.399999618530273,11307
2021-10-19,29.700000762939453,30.0,29.100000381469727,29.700000762939453,9270
2021-10-20,29.700000762939453,30.0,29.399999618530273,29.399999618530273,7140
2021-10-21,29.399999618530273,30.600000381469727,29.399999618530273,30.600000381469727,18057
2021-10-22,30.0,32.099998474121094,29.399999618530273,31.5,89507
2021-10-25,32.099998474121094,34.5,31.5,32.099998474121094,291653
2021-10-26,32.70000076293945,32.70000076293945,30.600000381469727,31.200000762939453,50277
2021-10-27,31.5,31.799999237060547,30.299999237060547,30.299999237060547,37077
2021-10-28,30.299999237060547,31.5,30.0,31.5,31517
2021-10-29,30.899999618530273,32.099998474121094,30.600000381469727,30.899999618530273,35103
2021-11-01,31.200000762939453,33.0,30.899999618530273,32.099998474121094,41750
2021-11-02,31.799999237060547,32.400001525878906,31.5,31.799999237060547,20787
2021-11-03,31.5,32.099998474121094,31.200000762939453,31.799999237060547,18357
2021-11-04,31.5,31.799999237060547,30.600000381469727,30.899999618530273,14937
2021-11-05,30.899999618530273,31.200000762939453,30.600000381469727,30.600000381469727,12200
2021-11-08,30.600000381469727,30.899999618530273,29.399999618530273,30.0,55887
2021-11-09,29.700000762939453,30.299999237060547,29.399999618530273,29.700000762939453,17207
2021-11-10,28.799999237060547,30.0,28.5,28.799999237060547,29740
2021-11-11,27.899999618530273,28.799999237060547,26.700000762939453,27.600000381469727,54203
2021-11-12,27.0,28.799999237060547,27.0,27.899999618530273,32473
2021-11-15,28.200000762939453,28.200000762939453,27.0,27.600000381469727,26833
2021-11-16,27.299999237060547,27.899999618530273,27.0,27.600000381469727,18353
2021-11-17,27.299999237060547,27.899999618530273,26.100000381469727,26.399999618530273,36747
2021-11-18,26.100000381469727,26.399999618530273,24.600000381469727,24.899999618530273,45880
2021-11-19,24.899999618530273,25.5,24.600000381469727,24.600000381469727,16197
2021-11-22,24.899999618530273,25.5,23.399999618530273,24.0,21490
2021-11-23,24.600000381469727,24.899999618530273,23.700000762939453,24.0,13733
2021-11-24,24.299999237060547,24.899999618530273,23.700000762939453,24.899999618530273,11097
2021-11-26,23.700000762939453,24.299999237060547,23.100000381469727,24.299999237060547,6943
2021-11-29,24.299999237060547,24.899999618530273,23.399999618530273,23.700000762939453,10217
2021-11-30,23.700000762939453,24.0,22.799999237060547,24.0,17700
2021-12-01,24.299999237060547,24.600000381469727,21.899999618530273,22.200000762939453,14957
2021-12-02,22.200000762939453,23.700000762939453,21.600000381469727,22.799999237060547,14180
2021-12-03,22.799999237060547,22.799999237060547,21.299999237060547,21.299999237060547,17073
2021-12-06,21.0,21.899999618530273,19.5,21.899999618530273,17517
2021-12-07,22.200000762939453,23.700000762939453,21.600000381469727,22.799999237060547,28967
2021-12-08,22.799999237060547,23.700000762939453,22.200000762939453,23.100000381469727,9820
2021-12-09,23.100000381469727,23.700000762939453,21.600000381469727,22.200000762939453,6650
2021-12-10,22.200000762939453,22.5,21.600000381469727,22.200000762939453,5353
2021-12-13,21.899999618530273,21.899999618530273,21.0,21.299999237060547,8090
2021-12-14,21.600000381469727,21.600000381469727,21.0,21.299999237060547,10173
2021-12-15,21.0,21.0,19.799999237060547,20.700000762939453,17593
2021-12-16,21.0,21.600000381469727,20.100000381469727,20.700000762939453,9043
2021-12-17,20.399999618530273,21.600000381469727,20.100000381469727,21.299999237060547,13963
2021-12-20,21.0,21.299999237060547,20.399999618530273,21.0,9253
2021-12-21,21.0,22.200000762939453,21.0,21.899999618530273,13423
2021-12-22,21.899999618530273,22.200000762939453,21.0,21.899999618530273,13997
2021-12-23,21.0,22.200000762939453,21.0,21.299999237060547,16883
2021-12-27,21.600000381469727,21.899999618530273,21.0,21.299999237060547,20553
2021-12-28,21.0,21.299999237060547,19.799999237060547,20.100000381469727,20327
2021-12-29,20.100000381469727,20.100000381469727,19.5,19.799999237060547,18847
2021-12-30,19.5,21.0,19.5,20.399999618530273,42733
2021-12-31,19.799999237060547,21.0,19.5,20.399999618530273,42007
2022-01-03,20.399999618530273,22.5,20.399999618530273,22.5,23643
2022-01-04,22.200000762939453,22.5,21.600000381469727,22.200000762939453,8087
2022-01-05,22.5,23.100000381469727,22.200000762939453,22.5,12707
2022-01-06,22.200000762939453,22.5,20.700000762939453,20.700000762939453,13097
2022-01-07,21.0,21.299999237060547,20.100000381469727,21.0,11403
2022-01-10,21.0,21.0,18.899999618530273,19.799999237060547,25767
2022-01-11,20.100000381469727,20.700000762939453,19.5,20.100000381469727,8510
2022-01-12,20.399999618530273,20.700000762939453,20.100000381469727,20.399999618530273,3593
2022-01-13,20.399999618530273,20.700000762939453,19.200000762939453,19.200000762939453,9337
2022-01-14,19.200000762939453,20.100000381469727,18.899999618530273,20.100000381469727,17457
2022-01-18,19.5,20.399999618530273,19.200000762939453,19.799999237060547,6050
2022-01-19,20.100000381469727,20.100000381469727,19.200000762939453,19.5,4037
2022-01-20,19.5,20.399999618530273,19.200000762939453,19.200000762939453,8483
2022-01-21,18.899999618530273,19.799999237060547,18.600000381469727,19.200000762939453,18570
2022-01-24,18.600000381469727,20.100000381469727,18.0,19.5,22100
2022-01-25,18.899999618530273,19.799999237060547,18.600000381469727,19.200000762939453,8670
2022-01-26,19.200000762939453,19.5,18.600000381469727,18.899999618530273,5433
2022-01-27,18.899999618530273,19.5,18.299999237060547,18.899999618530273,10580
2022-01-28,18.899999618530273,19.200000762939453,18.299999237060547,18.600000381469727,10000
2022-01-31,18.600000381469727,19.5,18.0,19.5,6773
2022-02-01,19.200000762939453,19.799999237060547,19.200000762939453,19.5,8603
2022-02-02,20.100000381469727,21.600000381469727,18.600000381469727,20.700000762939453,53510
2022-02-03,20.100000381469727,20.700000762939453,19.5,19.799999237060547,15983
2022-02-04,19.5,20.399999618530273,19.5,19.799999237060547,9807
2022-02-07,20.100000381469727,20.399999618530273,19.5,19.799999237060547,4300
2022-02-08,20.100000381469727,20.399999618530273,19.200000762939453,20.100000381469727,5430
2022-02-09,20.100000381469727,20.700000762939453,19.200000762939453,20.100000381469727,8387
2022-02-10,19.799999237060547,20.399999618530273,19.5,19.799999237060547,3707
2022-02-11,20.100000381469727,20.100000381469727,18.899999618530273,19.5,14197
2022-02-14,18.899999618530273,19.200000762939453,18.299999237060547,18.600000381469727,7053
2022-02-15,18.899999618530273,19.5,18.899999618530273,19.200000762939453,8683
2022-02-16,19.200000762939453,19.200000762939453,18.600000381469727,18.899999618530273,8620
2022-02-17,18.899999618530273,19.5,18.299999237060547,19.200000762939453,13407
2022-02-18,18.899999618530273,19.5,18.600000381469727,18.600000381469727,7463
2022-02-22,18.299999237060547,20.100000381469727,18.0,19.5,25177
2022-02-23,19.5,20.700000762939453,19.200000762939453,20.100000381469727,17107
2022-02-24,19.200000762939453,21.299999237060547,18.899999618530273,20.700000762939453,15810
2022-02-25,20.399999618530273,21.299999237060547,20.399999618530273,20.700000762939453,6180
2022-02-28,21.299999237060547,22.200000762939453,20.700000762939453,21.299999237060547,15727
2022-03-01,21.600000381469727,22.200000762939453,20.700000762939453,21.0,8567
2022-03-02,21.299999237060547,21.299999237060547,20.700000762939453,21.0,2817
2022-03-03,21.299999237060547,21.299999237060547,20.700000762939453,21.0,2720
2022-03-04,20.700000762939453,21.600000381469727,20.399999618530273,21.0,10067
2022-03-07,21.0,21.299999237060547,20.700000762939453,20.700000762939453,8830
2022-03-08,20.700000762939453,21.0,19.799999237060547,21.0,7983
2022-03-09,21.0,21.299999237060547,20.100000381469727,21.0,7417
2022-03-10,21.0,21.899999618530273,20.100000381469727,21.899999618530273,14977
2022-03-11,21.899999618530273,21.899999618530273,20.399999618530273,21.0,5453
2022-03-14,21.0,21.299999237060547,20.399999618530273,20.700000762939453,5980
2022-03-15,20.399999618530273,21.299999237060547,20.399999618530273,20.700000762939453,4250
2022-03-16,20.700000762939453,21.0,20.700000762939453,21.0,4607
2022-03-17,20.700000762939453,21.600000381469727,20.700000762939453,21.600000381469727,4870
2022-03-18,22.200000762939453,22.200000762939453,21.299999237060547,22.200000762939453,13983
2022-03-21,22.200000762939453,23.100000381469727,21.899999618530273,22.799999237060547,17977
2022-03-22,23.100000381469727,23.100000381469727,22.200000762939453,22.799999237060547,14723
2022-03-23,22.799999237060547,22.799999237060547,21.899999618530273,22.5,4220
2022-03-24,22.799999237060547,23.100000381469727,21.899999618530273,22.799999237060547,15733
2022-03-25,22.799999237060547,23.100000381469727,21.600000381469727,22.200000762939453,12463
2022-03-28,21.600000381469727,22.5,21.0,21.299999237060547,8267
2022-03-29,21.0,21.600000381469727,19.799999237060547,21.299999237060547,9587
2022-03-30,21.600000381469727,21.600000381469727,20.700000762939453,21.299999237060547,3597
2022-03-31,21.299999237060547,22.200000762939453,21.0,21.600000381469727,3537
2022-04-01,21.600000381469727,22.200000762939453,21.0,21.0,1877
2022-04-04,21.0,22.200000762939453,21.0,21.600000381469727,9230
2022-04-05,21.299999237060547,21.899999618530273,21.0,21.0,4613
2022-04-06,21.0,21.600000381469727,20.700000762939453,21.0,7820
2022-04-07,21.299999237060547,21.600000381469727,20.700000762939453,21.0,7020
2022-04-08,21.299999237060547,21.299999237060547,20.399999618530273,20.399999618530273,3177
2022-04-11,20.100000381469727,21.0,19.200000762939453,19.200000762939453,12583
2022-04-12,18.899999618530273,19.799999237060547,18.899999618530273,19.200000762939453,2993
2022-04-13,19.200000762939453,19.799999237060547,18.899999618530273,19.5,11167
2022-04-14,19.5,19.5,18.899999618530273,19.200000762939453,3860
2022-04-18,20.100000381469727,20.100000381469727,18.0,18.0,11647
2022-04-19,18.299999237060547,18.899999618530273,18.0,18.600000381469727,4567
2022-04-20,18.600000381469727,18.600000381469727,18.299999237060547,18.299999237060547,2653
2022-04-21,18.299999237060547,18.600000381469727,18.0,18.0,3153
2022-04-22,18.0,18.0,17.399999618530273,17.700000762939453,5247
2022-04-25,17.700000762939453,17.700000762939453,16.5,17.100000381469727,8973
2022-04-26,16.799999237060547,17.399999618530273,16.5,16.5,5533
2022-04-27,16.799999237060547,17.100000381469727,16.5,16.5,4080
2022-04-28,16.200000762939453,17.100000381469727,16.200000762939453,16.5,4300
2022-04-29,16.5,16.799999237060547,15.899999618530273,16.200000762939453,6690
2022-05-02,15.899999618530273,16.5,15.300000190734863,16.200000762939453,5300
2022-05-03,16.5,16.799999237060547,15.899999618530273,16.200000762939453,6660
2022-05-04,16.5,16.5,15.600000381469727,16.200000762939453,6327
2022-05-05,15.899999618530273,16.5,15.899999618530273,15.899999618530273,2800
2022-05-06,16.200000762939453,16.200000762939453,15.300000190734863,15.899999618530273,2693
2022-05-09,15.300000190734863,15.600000381469727,14.399999618530273,14.399999618530273,15003
2022-05-10,14.699999809265137,15.899999618530273,14.399999618530273,15.0,14993
2022-05-11,14.699999809265137,15.300000190734863,14.399999618530273,15.0,6390
2022-05-12,14.699999809265137,15.0,14.399999618530273,14.699999809265137,9373
2022-05-13,14.699999809265137,15.300000190734863,14.699999809265137,15.0,2990
2022-05-16,15.300000190734863,15.899999618530273,15.0,15.600000381469727,1713
2022-05-17,15.899999618530273,16.5,15.899999618530273,15.899999618530273,6037
2022-05-18,16.200000762939453,16.200000762939453,15.600000381469727,15.600000381469727,1420
2022-05-19,15.600000381469727,16.200000762939453,15.300000190734863,16.200000762939453,3437
2022-05-20,16.200000762939453,16.5,15.0,15.0,2783
2022-05-23,15.300000190734863,15.600000381469727,15.0,15.600000381469727,1267
2022-05-24,15.0,15.300000190734863,14.699999809265137,14.699999809265137,1327
2022-05-25,14.699999809265137,16.200000762939453,14.699999809265137,15.600000381469727,2210
2022-05-26,15.899999618530273,15.899999618530273,15.300000190734863,15.600000381469727,1897
2022-05-27,15.899999618530273,16.200000762939453,15.600000381469727,16.200000762939453,1583
2022-05-31,15.899999618530273,16.5,15.899999618530273,16.5,1887
2022-06-01,16.5,17.100000381469727,16.200000762939453,16.5,3543
2022-06-02,16.200000762939453,16.799999237060547,15.899999618530273,15.899999618530273,6570
2022-06-03,15.899999618530273,16.200000762939453,15.600000381469727,15.899999618530273,1217
2022-06-06,16.200000762939453,16.5,15.0,15.300000190734863,12240
2022-06-07,15.0,15.899999618530273,15.0,15.899999618530273,7037
2022-06-08,15.300000190734863,15.899999618530273,15.0,15.899999618530273,1300
2022-06-09,15.899999618530273,15.899999618530273,15.300000190734863,15.300000190734863,4077
2022-06-10,14.699999809265137,15.300000190734863,14.399999618530273,14.399999618530273,8277
2022-06-13,14.399999618530273,15.0,13.199999809265137,13.800000190734863,7033
2022-06-14,14.100000381469727,14.699999809265137,13.800000190734863,14.100000381469727,5437
2022-06-15,13.800000190734863,14.699999809265137,12.899999618530273,13.5,3923
2022-06-16,13.5,14.100000381469727,12.899999618530273,13.5,3817
2022-06-17,13.199999809265137,13.800000190734863,13.199999809265137,13.199999809265137,2440
2022-06-21,12.899999618530273,14.100000381469727,12.899999618530273,13.199999809265137,3447
2022-06-22,12.899999618530273,14.399999618530273,12.899999618530273,13.199999809265137,1560
2022-06-23,13.5,14.399999618530273,13.5,13.5,10583
2022-06-24,13.5,14.399999618530273,12.899999618530273,12.899999618530273,5943
2022-06-27,13.199999809265137,13.5,12.899999618530273,13.199999809265137,4637
2022-06-28,13.199999809265137,13.5,12.899999618530273,13.199999809265137,2543
2022-06-29,13.199999809265137,13.199999809265137,12.600000381469727,12.899999618530273,4073
2022-06-30,12.899999618530273,13.800000190734863,12.600000381469727,12.899999618530273,7353
2022-07-01,12.600000381469727,14.100000381469727,12.600000381469727,13.199999809265137,7147
2022-07-05,13.5,13.800000190734863,12.899999618530273,13.5,2680
2022-07-06,13.5,14.100000381469727,13.199999809265137,13.800000190734863,4043
2022-07-07,13.800000190734863,14.699999809265137,13.800000190734863,14.399999618530273,4580
2022-07-08,14.399999618530273,14.699999809265137,14.100000381469727,14.100000381469727,2050
2022-07-11,14.399999618530273,14.399999618530273,14.100000381469727,14.100000381469727,1140
2022-07-12,14.100000381469727,14.399999618530273,13.5,13.800000190734863,2947
2022-07-13,13.800000190734863,13.800000190734863,12.899999618530273,13.5,2633
2022-07-14,13.199999809265137,13.5,13.199999809265137,13.199999809265137,1777
2022-07-15,13.199999809265137,13.800000190734863,13.199999809265137,13.5,1133
2022-07-18,13.800000190734863,14.100000381469727,13.5,13.800000190734863,9097
2022-07-19,13.800000190734863,14.100000381469727,13.5,13.800000190734863,1850
2022-07-20,14.100000381469727,14.399999618530273,13.5,13.5,8210
2022-07-21,14.100000381469727,14.399999618530273,13.5,13.800000190734863,4877
2022-07-22,14.100000381469727,14.399999618530273,13.5,13.800000190734863,3057
2022-07-25,13.800000190734863,14.399999618530273,13.5,13.5,1887
2022-07-26,13.5,13.800000190734863,13.199999809265137,13.5,993
2022-07-27,13.5,13.800000190734863,13.199999809265137,13.5,1613
2022-07-28,13.5,13.5,13.199999809265137,13.199999809265137,803
2022-07-29,13.199999809265137,13.800000190734863,13.199999809265137,13.800000190734863,1033
2022-08-01,13.800000190734863,14.399999618530273,13.800000190734863,14.100000381469727,3273
2022-08-02,14.399999618530273,14.399999618530273,13.800000190734863,14.100000381469727,2837
2022-08-03,14.100000381469727,14.399999618530273,13.800000190734863,14.100000381469727,6560
2022-08-04,14.399999618530273,14.399999618530273,14.100000381469727,14.100000381469727,6483
2022-08-05,14.100000381469727,14.399999618530273,14.100000381469727,14.100000381469727,3077
2022-08-08,14.100000381469727,14.699999809265137,14.100000381469727,14.699999809265137,27443
2022-08-09,14.399999618530273,14.699999809265137,14.399999618530273,14.399999618530273,19100
2022-08-10,14.399999618530273,15.0,14.100000381469727,14.699999809265137,10047
2022-08-11,14.699999809265137,15.0,14.399999618530273,14.399999618530273,8777
2022-08-12,14.100000381469727,14.699999809265137,14.100000381469727,14.399999618530273,3977
2022-08-15,14.100000381469727,15.0,14.100000381469727,14.699999809265137,7493
2022-08-16,14.699999809265137,14.699999809265137,14.100000381469727,14.399999618530273,4760
2022-08-17,14.399999618530273,14.699999809265137,14.100000381469727,14.399999618530273,2697
2022-08-18,13.800000190734863,14.399999618530273,13.800000190734863,14.100000381469727,3893
2022-08-19,14.100000381469727,14.399999618530273,12.600000381469727,13.199999809265137,30430
2022-08-22,13.5,13.5,12.899999618530273,13.199999809265137,5560
2022-08-23,12.899999618530273,14.100000381469727,12.300000190734863,13.800000190734863,24770
2022-08-24,13.800000190734863,14.699999809265137,12.899999618530273,14.100000381469727,9863
2022-08-25,13.800000190734863,16.200000762939453,13.800000190734863,14.399999618530273,62113
2022-08-26,14.699999809265137,14.699999809265137,14.399999618530273,14.399999618530273,9147
2022-08-29,14.399999618530273,14.699999809265137,13.5,14.399999618530273,7687
2022-08-30,14.100000381469727,14.399999618530273,13.800000190734863,13.800000190734863,1047
2022-08-31,13.800000190734863,14.399999618530273,13.5,13.800000190734863,2110
2022-09-01,13.800000190734863,14.100000381469727,13.5,13.800000190734863,9307
2022-09-02,13.5,14.100000381469727,13.5,14.100000381469727,5860
2022-09-06,13.5,14.100000381469727,12.600000381469727,12.899999618530273,5300
2022-09-07,13.5,14.100000381469727,13.199999809265137,13.5,3880
2022-09-08,13.5,13.800000190734863,13.199999809265137,13.800000190734863,2843
2022-09-09,13.5,14.399999618530273,13.5,13.800000190734863,10533
2022-09-12,14.100000381469727,14.100000381469727,13.800000190734863,13.800000190734863,3820
2022-09-13,13.800000190734863,14.399999618530273,13.800000190734863,14.100000381469727,2903
2022-09-14,13.800000190734863,14.399999618530273,13.5,13.5,4973
2022-09-15,13.5,14.100000381469727,13.5,13.800000190734863,6420
2022-09-16,13.800000190734863,14.399999618530273,13.199999809265137,14.100000381469727,16643
2022-09-19,13.800000190734863,14.100000381469727,13.5,13.800000190734863,2603
2022-09-20,13.800000190734863,14.100000381469727,13.199999809265137,13.5,45667
2022-09-21,14.100000381469727,14.399999618530273,12.899999618530273,13.5,24100
2022-09-22,13.199999809265137,13.5,12.899999618530273,13.199999809265137,3303
2022-09-23,13.5,13.5,12.300000190734863,12.600000381469727,13630
2022-09-26,12.600000381469727,13.5,12.300000190734863,12.899999618530273,12200
2022-09-27,13.199999809265137,14.100000381469727,12.899999618530273,13.5,15200
2022-09-28,13.800000190734863,13.800000190734863,12.899999618530273,13.5,6180
2022-09-29,13.199999809265137,13.800000190734863,13.199999809265137,13.800000190734863,3267
2022-09-30,13.800000190734863,13.800000190734863,13.199999809265137,13.199999809265137,5807
2022-10-03,13.199999809265137,13.5,12.899999618530273,12.899999618530273,5940
2022-10-04,12.899999618530273,13.800000190734863,12.899999618530273,13.199999809265137,6433
2022-10-05,13.199999809265137,13.5,12.899999618530273,13.199999809265137,7153
2022-10-06,13.199999809265137,13.5,12.899999618530273,12.899999618530273,7613
2022-10-07,13.199999809265137,13.5,12.600000381469727,12.899999618530273,15603
2022-10-10,12.899999618530273,12.899999618530273,12.600000381469727,12.600000381469727,3100
2022-10-11,12.899999618530273,12.899999618530273,11.399999618530273,12.0,14047
2022-10-12,11.399999618530273,12.0,11.100000381469727,11.699999809265137,7097
2022-10-13,11.699999809265137,11.699999809265137,10.199999809265137,10.800000190734863,15527
2022-10-14,10.800000190734863,11.399999618530273,10.800000190734863,11.399999618530273,11950
2022-10-17,12.0,12.0,11.100000381469727,11.100000381469727,5050
2022-10-18,11.100000381469727,12.0,11.100000381469727,12.0,36170
2022-10-19,12.300000190734863,12.300000190734863,11.399999618530273,12.0,16840
2022-10-20,12.0,12.300000190734863,11.699999809265137,12.0,5780
2022-10-21,12.0,12.0,11.699999809265137,12.0,2637
2022-10-24,12.0,12.0,11.100000381469727,11.399999618530273,3400
2022-10-25,11.399999618530273,12.0,11.399999618530273,11.699999809265137,4727
2022-10-26,11.699999809265137,12.300000190734863,11.699999809265137,12.0,5527
2022-10-27,12.0,12.300000190734863,12.0,12.0,1457
2022-10-28,12.0,12.300000190734863,12.0,12.0,4457
2022-10-31,12.0,12.300000190734863,11.699999809265137,12.300000190734863,2757
2022-11-01,12.0,12.300000190734863,12.0,12.0,3390
2022-11-02,12.0,12.0,11.699999809265137,11.699999809265137,4510
2022-11-03,11.699999809265137,12.600000381469727,11.399999618530273,12.300000190734863,10237
2022-11-04,12.600000381469727,13.5,12.600000381469727,13.5,12250
2022-11-07,13.5,13.5,12.899999618530273,12.899999618530273,4417
2022-11-08,13.5,13.5,12.600000381469727,13.199999809265137,2403
2022-11-09,12.899999618530273,13.199999809265137,12.300000190734863,12.300000190734863,2337
2022-11-10,13.5,13.5,12.300000190734863,12.300000190734863,7687
2022-11-11,12.300000190734863,13.199999809265137,12.300000190734863,12.300000190734863,4140
2022-11-14,12.600000381469727,13.199999809265137,12.300000190734863,12.300000190734863,3447
2022-11-15,12.600000381469727,13.199999809265137,12.300000190734863,12.600000381469727,11757
2022-11-16,11.399999618530273,12.300000190734863,9.899999618530273,10.800000190734863,61640
2022-11-17,11.399999618530273,11.399999618530273,10.5,10.800000190734863,9057
2022-11-18,10.5,12.0,10.5,12.0,7043
2022-11-21,12.0,12.0,10.800000190734863,11.100000381469727,4363
2022-11-22,11.100000381469727,12.300000190734863,10.5,10.800000190734863,18423
2022-11-23,10.5,10.5,9.600000381469727,10.199999809265137,33920
2022-11-25,11.100000381469727,11.100000381469727,10.199999809265137,10.199999809265137,11940
2022-11-28,10.5,10.5,9.300000190734863,9.600000381469727,42380
2022-11-29,9.300000190734863,10.199999809265137,9.300000190734863,10.199999809265137,23760
2022-11-30,10.199999809265137,10.5,9.899999618530273,10.199999809265137,22180
2022-12-01,9.899999618530273,10.5,9.600000381469727,9.899999618530273,17917
2022-12-02,10.199999809265137,10.800000190734863,9.899999618530273,10.199999809265137,23800
2022-12-05,10.09000015258789,11.819999694824219,9.5600004196167,11.319999694824219,93800
2022-12-06,10.539999961853027,11.399999618530273,9.9399995803833,10.359999656677246,60400
2022-12-07,10.3100004196167,10.75,9.989999771118164,10.600000381469727,24700
2022-12-08,10.539999961853027,10.869999885559082,10.050000190734863,10.65999984741211,18600
2022-12-09,10.010000228881836,11.220000267028809,10.010000228881836,10.319999694824219,46700
2022-12-12,10.520000457763672,10.869999885559082,9.449999809265137,9.949999809265137,31100
2022-12-13,9.949999809265137,10.229999542236328,9.949999809265137,10.0,16500
2022-12-14,10.010000228881836,10.300000190734863,9.729999542236328,10.239999771118164,18700
2022-12-15,10.300000190734863,10.300000190734863,10.050000190734863,10.109999656677246,9500
2022-12-16,10.079999923706055,10.520000457763672,10.079999923706055,10.390000343322754,18600
2022-12-19,10.25,10.550000190734863,9.960000038146973,10.119999885559082,21800
2022-12-20,9.960000038146973,10.170000076293945,9.949999809265137,10.0,24200
2022-12-21,10.149999618530273,10.399999618530273,9.970000267028809,10.069999694824219,21700
2022-12-22,10.210000038146973,10.270000457763672,9.859999656677246,9.859999656677246,12900
2022-12-23,9.9399995803833,10.0,9.770000457763672,9.770000457763672,2600
2022-12-27,9.890000343322754,9.890000343322754,9.279999732971191,9.279999732971191,23300
2022-12-28,9.319999694824219,9.609999656677246,9.300000190734863,9.319999694824219,29500
2022-12-29,9.369999885559082,9.609999656677246,9.289999961853027,9.550000190734863,9200
2022-12-30,9.5,10.109999656677246,9.5,9.989999771118164,21700
2023-01-03,9.989999771118164,10.539999961853027,9.989999771118164,10.329999923706055,12700
2023-01-04,10.210000038146973,10.550000190734863,10.100000381469727,10.510000228881836,3600
2023-01-05,10.510000228881836,10.510000228881836,10.510000228881836,10.510000228881836,600
2023-01-06,10.239999771118164,11.149999618530273,10.239999771118164,10.979999542236328,8900
2023-01-09,11.279999732971191,11.479999542236328,10.800000190734863,11.359999656677246,14400
2023-01-10,10.949999809265137,11.960000038146973,10.949999809265137,11.960000038146973,4500
2023-01-11,11.699999809265137,12.0,11.079999923706055,11.979999542236328,7000
2023-01-12,11.510000228881836,12.029999732971191,11.510000228881836,11.930000305175781,6800
2023-01-13,11.970000267028809,12.140000343322754,11.109999656677246,12.140000343322754,5300
2023-01-17,12.100000381469727,12.319999694824219,11.40999984741211,11.859999656677246,1500
2023-01-18,12.0,12.34000015258789,11.4399995803833,11.550000190734863,14400
2023-01-19,11.489999771118164,11.6899995803833,11.359999656677246,11.369999885559082,5000
2023-01-20,11.510000228881836,11.619999885559082,11.359999656677246,11.380000114440918,2800
2023-01-23,11.640000343322754,11.640000343322754,11.40999984741211,11.640000343322754,1800
2023-01-24,11.569999694824219,11.65999984741211,11.350000381469727,11.630000114440918,9300
2023-01-25,11.539999961853027,11.600000381469727,11.5,11.600000381469727,3600
2023-01-26,11.65999984741211,12.25,11.619999885559082,11.850000381469727,5700
2023-01-27,11.5,12.0,11.350000381469727,11.829999923706055,3200
2023-01-30,11.75,12.0,11.359999656677246,12.0,2900
2023-01-31,11.90999984741211,12.109999656677246,11.729999542236328,12.09000015258789,11800
2023-02-01,12.100000381469727,12.40999984741211,11.6899995803833,12.039999961853027,6600
2023-02-02,11.859999656677246,12.420000076293945,11.859999656677246,12.3100004196167,8400
2023-02-03,12.600000381469727,12.619999885559082,12.130000114440918,12.25,224800
2023-02-06,12.300000190734863,12.5,11.859999656677246,12.239999771118164,50400
2023-02-07,12.0,12.390000343322754,12.0,12.319999694824219,8500
2023-02-08,12.229999542236328,12.350000381469727,12.069999694824219,12.3100004196167,7800
2023-02-09,12.300000190734863,12.479999542236328,11.850000381469727,11.90999984741211,12700
2023-02-10,11.859999656677246,12.289999961853027,11.819999694824219,12.140000343322754,3400
2023-02-13,11.850000381469727,12.079999923706055,11.529999732971191,12.0,15300
2023-02-14,12.050000190734863,12.050000190734863,11.779999732971191,11.779999732971191,2600
2023-02-15,11.529999732971191,12.119999885559082,11.529999732971191,12.119999885559082,11300
2023-02-16,11.84000015258789,12.149999618530273,11.779999732971191,11.920000076293945,4400
2023-02-17,11.579999923706055,11.960000038146973,11.539999961853027,11.539999961853027,3400
2023-02-21,11.779999732971191,12.479999542236328,11.609999656677246,11.9399995803833,5900
2023-02-22,11.869999885559082,14.069999694824219,11.779999732971191,13.029999732971191,44900
2023-02-23,12.84000015258789,13.369999885559082,12.09000015258789,12.489999771118164,13800
2023-02-24,12.520000457763672,12.729999542236328,12.029999732971191,12.6899995803833,5000
2023-02-27,12.529999732971191,12.579999923706055,12.109999656677246,12.260000228881836,9200
2023-02-28,12.239999771118164,13.100000381469727,12.239999771118164,12.949999809265137,5000
2023-03-01,12.869999885559082,12.869999885559082,12.539999961853027,12.539999961853027,1100
2023-03-02,12.5,13.0,12.359999656677246,12.609999656677246,9500
2023-03-03,12.489999771118164,12.989999771118164,12.489999771118164,12.989999771118164,4200
2023-03-06,12.890000343322754,12.970000267028809,12.699999809265137,12.970000267028809,3300
2023-03-07,12.800000190734863,13.0,12.59000015258789,13.0,2200
2023-03-08,13.010000228881836,13.010000228881836,12.470000267028809,12.970000267028809,5100
2023-03-09,12.5600004196167,13.0,12.25,12.25,7000
2023-03-10,12.449999809265137,12.449999809265137,12.050000190734863,12.0600004196167,3700
2023-03-13,12.020000457763672,12.329999923706055,11.960000038146973,12.010000228881836,2900
2023-03-14,12.010000228881836,12.260000228881836,11.520000457763672,11.520000457763672,3500
2023-03-15,11.029999732971191,11.34000015258789,10.5600004196167,10.609999656677246,8000
2023-03-16,10.609999656677246,10.949999809265137,10.609999656677246,10.859999656677246,7100
2023-03-17,10.539999961853027,10.850000381469727,10.25,10.65999984741211,6900
2023-03-20,10.649999618530273,10.649999618530273,10.100000381469727,10.380000114440918,3300
2023-03-21,10.380000114440918,10.489999771118164,10.3100004196167,10.3100004196167,3400
2023-03-22,10.430000305175781,11.329999923706055,10.399999618530273,11.329999923706055,7100
2023-03-23,11.40999984741211,11.5,10.850000381469727,11.229999542236328,2900
2023-03-24,11.119999885559082,11.119999885559082,10.4399995803833,11.09000015258789,6900
2023-03-27,11.0,11.569999694824219,11.0,11.5600004196167,1000
2023-03-28,11.260000228881836,11.449999809265137,10.880000114440918,11.449999809265137,2400
2023-03-29,10.90999984741211,10.90999984741211,10.90999984741211,10.90999984741211,400
2023-03-30,11.100000381469727,11.100000381469727,10.899999618530273,10.899999618530273,2400
2023-03-31,10.899999618530273,10.979999542236328,10.65999984741211,10.65999984741211,2600
2023-04-03,10.649999618530273,10.649999618530273,10.359999656677246,10.569999694824219,1100
2023-04-04,10.5,10.5,10.260000228881836,10.260000228881836,1600
2023-04-05,10.430000305175781,10.520000457763672,10.140000343322754,10.460000038146973,9000
2023-04-06,10.710000038146973,10.710000038146973,10.710000038146973,10.710000038146973,1000
2023-04-10,10.789999961853027,10.789999961853027,10.149999618530273,10.149999618530273,2200
2023-04-11,10.170000076293945,10.65999984741211,10.170000076293945,10.65999984741211,2800
2023-04-12,10.600000381469727,10.979999542236328,10.59000015258789,10.59000015258789,1800
2023-04-13,10.579999923706055,10.59000015258789,10.569999694824219,10.59000015258789,1300
2023-04-14,10.84000015258789,10.989999771118164,10.579999923706055,10.770000457763672,2400
2023-04-17,10.869999885559082,10.869999885559082,10.270000457763672,10.75,1400
2023-04-18,10.760000228881836,10.800000190734863,10.699999809265137,10.779999732971191,1500
2023-04-19,10.789999961853027,10.789999961853027,10.5,10.5,2200
2023-04-20,10.449999809265137,10.739999771118164,10.329999923706055,10.739999771118164,3300
2023-04-21,10.609999656677246,11.0,10.609999656677246,10.899999618530273,6000
2023-04-24,10.760000228881836,10.760000228881836,10.760000228881836,10.760000228881836,1000
2023-04-25,10.479999542236328,10.789999961853027,10.479999542236328,10.510000228881836,1800
2023-04-26,10.5,10.600000381469727,10.210000038146973,10.300000190734863,2900
2023-04-27,10.380000114440918,10.59000015258789,10.329999923706055,10.329999923706055,900
2023-04-28,10.399999618530273,10.399999618530273,10.399999618530273,10.399999618530273,1200
2023-05-01,10.34000015258789,10.6899995803833,10.34000015258789,10.479999542236328,4100
2023-05-02,10.300000190734863,10.970000267028809,10.220000267028809,10.970000267028809,2900
2023-05-03,10.84000015258789,10.84000015258789,10.270000457763672,10.300000190734863,3500
2023-05-04,10.489999771118164,10.489999771118164,10.039999961853027,10.300000190734863,2700
2023-05-05,10.5,10.5,10.180000305175781,10.350000381469727,3200
2023-05-08,11.010000228881836,11.260000228881836,10.869999885559082,11.050000190734863,17700
2023-05-09,10.949999809265137,11.229999542236328,10.949999809265137,10.979999542236328,13500
2023-05-10,11.0,11.359999656677246,10.979999542236328,11.180000305175781,6400
2023-05-11,11.180000305175781,11.180000305175781,10.949999809265137,10.949999809265137,5400
2023-05-12,10.949999809265137,10.949999809265137,10.899999618530273,10.899999618530273,1100
2023-05-15,10.960000038146973,10.979999542236328,10.930000305175781,10.970000267028809,3200
2023-05-16,10.970000267028809,10.970000267028809,10.920000076293945,10.920000076293945,2700
2023-05-17,10.90999984741211,10.90999984741211,10.710000038146973,10.710000038146973,1000
2023-05-18,10.8100004196167,11.949999809265137,10.8100004196167,11.0,15100
2023-05-19,11.329999923706055,11.350000381469727,10.979999542236328,11.149999618530273,8500
2023-05-22,11.09000015258789,11.569999694824219,11.020000457763672,11.350000381469727,3000
2023-05-23,11.020000457763672,11.40999984741211,11.020000457763672,11.40999984741211,3600
2023-05-24,11.4399995803833,11.449999809265137,11.1899995803833,11.1899995803833,1300
2023-05-25,11.229999542236328,11.229999542236328,11.0,11.1899995803833,1600
2023-05-26,10.75,11.260000228881836,10.75,11.180000305175781,1700
2023-05-30,11.15999984741211,11.359999656677246,11.100000381469727,11.270000457763672,2200
2023-05-31,11.270000457763672,11.630000114440918,11.050000190734863,11.5,10600
2023-06-01,11.359999656677246,11.5600004196167,11.359999656677246,11.529999732971191,4600
2023-06-02,11.529999732971191,11.65999984741211,11.09000015258789,11.489999771118164,2300
2023-06-05,11.319999694824219,11.5,11.15999984741211,11.399999618530273,3300
2023-06-06,11.479999542236328,11.640000343322754,10.890000343322754,11.640000343322754,1000
2023-06-07,11.680000305175781,11.680000305175781,11.569999694824219,11.569999694824219,700
2023-06-08,11.779999732971191,11.779999732971191,11.779999732971191,11.779999732971191,400
2023-06-09,11.640000343322754,11.640000343322754,11.569999694824219,11.569999694824219,1600
2023-06-12,11.34000015258789,11.779999732971191,11.34000015258789,11.779999732971191,1100
2023-06-13,11.460000038146973,11.760000228881836,11.399999618530273,11.399999618530273,4300
2023-06-14,11.260000228881836,11.630000114440918,11.149999618530273,11.25,2000
2023-06-15,11.470000267028809,11.470000267028809,11.460000038146973,11.460000038146973,500
2023-06-16,11.460000038146973,11.779999732971191,11.199999809265137,11.319999694824219,1400
2023-06-20,11.779999732971191,11.779999732971191,11.010000228881836,11.470000267028809,1600
2023-06-21,11.25,11.649999618530273,11.25,11.510000228881836,2500
2023-06-22,11.1899995803833,11.649999618530273,11.1899995803833,11.390000343322754,1300
2023-06-23,11.399999618530273,11.600000381469727,11.0600004196167,11.399999618530273,7000
2023-06-26,11.270000457763672,11.550000190734863,11.270000457763672,11.539999961853027,54900
2023-06-27,13.300000190734863,13.319999694824219,11.899999618530273,13.0,230900
2023-06-28,13.960000038146973,14.640000343322754,13.510000228881836,14.199999809265137,94000
2023-06-29,14.289999961853027,15.109999656677246,14.279999732971191,14.850000381469727,75900
2023-06-30,14.989999771118164,14.989999771118164,14.039999961853027,14.15999984741211,34200
2023-07-03,13.59000015258789,13.59000015258789,12.640000343322754,13.050000190734863,25200
2023-07-05,13.050000190734863,13.5600004196167,12.760000228881836,13.369999885559082,17300
2023-07-06,13.5,13.5,12.9399995803833,13.0,16000
2023-07-07,12.75,13.489999771118164,12.75,12.9399995803833,1500
2023-07-10,12.979999542236328,13.739999771118164,12.979999542236328,13.270000457763672,18100
2023-07-11,13.399999618530273,13.970000267028809,13.1899995803833,13.329999923706055,8500
2023-07-12,13.460000038146973,13.6899995803833,13.399999618530273,13.489999771118164,1600
2023-07-13,13.34000015258789,13.5600004196167,12.880000114440918,13.4399995803833,2300
2023-07-14,13.5,13.5,13.279999732971191,13.369999885559082,1900
2023-07-17,13.210000038146973,13.25,13.210000038146973,13.210000038146973,1900
2023-07-18,13.199999809265137,13.199999809265137,13.149999618530273,13.149999618530273,1100
2023-07-19,12.850000381469727,13.199999809265137,12.850000381469727,13.029999732971191,1200
2023-07-20,13.170000076293945,13.170000076293945,12.800000190734863,12.800000190734863,1600
2023-07-21,12.880000114440918,13.069999694824219,12.880000114440918,12.949999809265137,2400
2023-07-24,12.779999732971191,13.0,12.720000267028809,12.720000267028809,7800
2023-07-25,12.699999809265137,12.699999809265137,12.149999618530273,12.5,3500
2023-07-26,12.510000228881836,12.649999618530273,12.510000228881836,12.550000190734863,1200
2023-07-27,12.640000343322754,12.640000343322754,12.15999984741211,12.3100004196167,2700
2023-07-28,12.300000190734863,12.699999809265137,12.1899995803833,12.699999809265137,1400
2023-07-31,12.880000114440918,12.880000114440918,12.699999809265137,12.699999809265137,1800
2023-08-01,12.319999694824219,12.520000457763672,12.319999694824219,12.520000457763672,3600
2023-08-02,12.210000038146973,12.210000038146973,11.859999656677246,12.109999656677246,7100
2023-08-03,12.300000190734863,12.300000190734863,12.039999961853027,12.039999961853027,3000
2023-08-04,12.100000381469727,12.8100004196167,12.020000457763672,12.020000457763672,5000
2023-08-07,12.0,12.0,11.869999885559082,11.869999885559082,2400
2023-08-08,11.800000190734863,11.800000190734863,11.520000457763672,11.75,1000
2023-08-09,11.510000228881836,11.720000267028809,11.449999809265137,11.449999809265137,1200
2023-08-10,11.4399995803833,11.699999809265137,11.369999885559082,11.369999885559082,3100
2023-08-11,11.579999923706055,11.930000305175781,11.369999885559082,11.670000076293945,2400
2023-08-14,11.680000305175781,11.680000305175781,11.020000457763672,11.020000457763672,9400
2023-08-15,11.0,11.170000076293945,10.3100004196167,10.479999542236328,19500
2023-08-16,10.40999984741211,10.510000228881836,10.260000228881836,10.380000114440918,5800
2023-08-17,10.510000228881836,10.520000457763672,9.300000190734863,9.819999694824219,16700
2023-08-18,9.800000190734863,10.25,9.800000190734863,10.180000305175781,5900
2023-08-21,10.100000381469727,10.460000038146973,9.649999618530273,9.920000076293945,9200
2023-08-22,9.920000076293945,10.0600004196167,9.920000076293945,10.010000228881836,1600
2023-08-23,10.0,10.0,9.680000305175781,9.989999771118164,2900
2023-08-24,9.8100004196167,9.890000343322754,9.8100004196167,9.850000381469727,1400
2023-08-25,9.899999618530273,9.899999618530273,9.779999732971191,9.779999732971191,1000
2023-08-28,9.819999694824219,9.819999694824219,9.59000015258789,9.59000015258789,3600
2023-08-29,9.670000076293945,10.079999923706055,9.520000457763672,9.520000457763672,2000
2023-08-30,9.529999732971191,9.850000381469727,9.529999732971191,9.850000381469727,24000
2023-08-31,9.850000381469727,9.869999885559082,9.800000190734863,9.869999885559082,4900
2023-09-01,10.279999732971191,10.359999656677246,10.220000267028809,10.220000267028809,1300
2023-09-05,10.4399995803833,10.4399995803833,10.220000267028809,10.220000267028809,2200
2023-09-06,10.279999732971191,10.279999732971191,10.279999732971191,10.279999732971191,600
2023-09-07,10.279999732971191,10.279999732971191,10.279999732971191,10.279999732971191,400
2023-09-08,10.300000190734863,10.380000114440918,10.029999732971191,10.109999656677246,1300
2023-09-11,10.279999732971191,10.399999618530273,10.0,10.199999809265137,3200
2023-09-12,10.199999809265137,10.25,10.199999809265137,10.199999809265137,900
2023-09-13,10.199999809265137,10.199999809265137,10.199999809265137,10.199999809265137,500
2023-09-14,9.899999618530273,10.199999809265137,9.899999618530273,10.0600004196167,3300
2023-09-15,10.100000381469727,10.100000381469727,9.899999618530273,9.899999618530273,3600
2023-09-18,9.920000076293945,10.010000228881836,9.920000076293945,10.010000228881836,1600
2023-09-19,10.010000228881836,10.010000228881836,10.010000228881836,10.010000228881836,200
2023-09-20,9.970000267028809,9.979999542236328,9.899999618530273,9.899999618530273,2900
2023-09-21,10.050000190734863,10.40999984741211,10.050000190734863,10.369999885559082,2000
2023-09-22,9.930000305175781,10.25,9.930000305175781,10.25,2500
2023-09-25,10.270000457763672,10.5,10.270000457763672,10.399999618530273,2400
2023-09-26,10.210000038146973,10.210000038146973,10.100000381469727,10.100000381469727,800
2023-09-27,10.220000267028809,10.640000343322754,10.100000381469727,10.15999984741211,4200
2023-09-28,9.989999771118164,10.279999732971191,9.899999618530273,10.270000457763672,8300
2023-09-29,9.899999618530273,10.100000381469727,9.899999618530273,10.100000381469727,1700
2023-10-02,10.3100004196167,10.3100004196167,10.3100004196167,10.3100004196167,400
2023-10-03,9.90999984741211,9.949999809265137,9.899999618530273,9.949999809265137,6800
2023-10-04,10.0600004196167,10.220000267028809,9.899999618530273,9.989999771118164,3000
2023-10-05,10.0,10.0,9.130000114440918,9.420000076293945,9800
2023-10-06,9.239999771118164,10.0,9.239999771118164,9.770000457763672,5800
2023-10-09,10.0,10.0,9.420000076293945,9.680000305175781,2900
2023-10-10,9.680000305175781,9.680000305175781,9.350000381469727,9.350000381469727,800
2023-10-11,9.289999961853027,9.40999984741211,9.289999961853027,9.40999984741211,1700
2023-10-12,9.40999984741211,9.40999984741211,9.40999984741211,9.40999984741211,0
2023-10-13,9.40999984741211,9.5600004196167,9.15999984741211,9.529999732971191,1200
2023-10-16,9.489999771118164,9.739999771118164,9.319999694824219,9.319999694824219,1700
2023-10-17,9.539999961853027,10.0600004196167,9.25,9.329999923706055,4500
2023-10-18,9.960000038146973,9.960000038146973,9.210000038146973,9.210000038146973,1400
2023-10-19,9.390000343322754,9.390000343322754,9.229999542236328,9.359999656677246,1200
2023-10-20,9.699999809265137,9.699999809265137,9.3100004196167,9.3100004196167,700
2023-10-23,9.3100004196167,9.3100004196167,9.210000038146973,9.210000038146973,900
2023-10-24,9.1899995803833,9.489999771118164,9.0600004196167,9.239999771118164,1900
2023-10-25,9.350000381469727,9.359999656677246,9.210000038146973,9.359999656677246,1600
2023-10-26,9.350000381469727,9.609999656677246,9.100000381469727,9.609999656677246,1500
2023-10-27,9.329999923706055,9.489999771118164,9.119999885559082,9.350000381469727,1800
2023-10-30,9.1899995803833,9.1899995803833,9.0,9.0,1500
2023-10-31,9.050000190734863,9.520000457763672,8.90999984741211,9.520000457763672,2600
2023-11-01,9.149999618530273,9.800000190734863,9.020000457763672,9.039999961853027,1200
2023-11-02,9.15999984741211,9.300000190734863,9.050000190734863,9.300000190734863,2200
2023-11-03,9.140000343322754,9.5,9.140000343322754,9.5,500
2023-11-06,9.010000228881836,9.010000228881836,9.010000228881836,9.010000228881836,500
2023-11-07,9.010000228881836,9.470000267028809,9.010000228881836,9.470000267028809,800
2023-11-08,9.470000267028809,9.470000267028809,9.470000267028809,9.470000267028809,400
2023-11-09,9.010000228881836,9.15999984741211,7.860000133514404,7.989999771118164,13900
2023-11-10,7.679999828338623,8.0,7.570000171661377,7.570000171661377,9900
2023-11-13,8.15999984741211,8.319999694824219,7.639999866485596,7.650000095367432,13500
2023-11-14,7.670000076293945,7.829999923706055,7.0,7.510000228881836,16600
2023-11-15,7.28000020980835,7.329999923706055,7.150000095367432,7.300000190734863,13000
2023-11-16,7.119999885559082,7.489999771118164,7.070000171661377,7.489999771118164,5300
2023-11-17,7.539999961853027,7.78000020980835,7.539999961853027,7.760000228881836,2200
2023-11-20,7.800000190734863,7.800000190734863,7.269999980926514,7.46999979019165,3900
2023-11-21,7.510000228881836,8.0,7.5,7.829999923706055,9400
2023-11-22,7.650000095367432,7.769999980926514,7.349999904632568,7.769999980926514,9500
2023-11-24,7.909999847412109,7.909999847412109,7.550000190734863,7.900000095367432,2000
2023-11-27,8.0,8.3100004196167,8.0,8.039999961853027,4400
2023-11-28,8.039999961853027,8.300000190734863,7.760000228881836,8.300000190734863,4500
2023-11-29,8.300000190734863,8.300000190734863,8.300000190734863,8.300000190734863,1300
2023-11-30,8.3100004196167,8.3100004196167,8.010000228881836,8.100000381469727,7100
2023-12-01,8.239999771118164,8.380000114440918,8.010000228881836,8.15999984741211,4200
2023-12-04,8.210000038146973,8.390000343322754,8.170000076293945,8.380000114440918,1800
2023-12-05,8.390000343322754,8.40999984741211,8.010000228881836,8.260000228881836,4500
2023-12-06,8.109999656677246,8.109999656677246,7.800000190734863,7.800000190734863,2200
2023-12-07,7.820000171661377,8.0,7.699999809265137,8.0,4300
2023-12-08,7.849999904632568,7.989999771118164,7.75,7.78000020980835,4400
2023-12-11,7.639999866485596,7.849999904632568,7.639999866485596,7.849999904632568,2000
2023-12-12,7.699999809265137,7.840000152587891,7.510000228881836,7.519999980926514,1600
2023-12-13,7.679999828338623,7.829999923706055,7.659999847412109,7.659999847412109,2900
2023-12-14,7.730000019073486,8.420000076293945,7.730000019073486,8.399999618530273,9100
2023-12-15,8.399999618530273,8.65999984741211,8.300000190734863,8.5,5900
2023-12-18,8.6899995803833,8.6899995803833,8.6899995803833,8.6899995803833,1100
2023-12-19,7.800000190734863,8.59000015258789,7.800000190734863,8.59000015258789,10400
2023-12-20,8.579999923706055,8.600000381469727,8.220000267028809,8.359999656677246,4300
2023-12-21,8.239999771118164,8.34000015258789,7.920000076293945,7.920000076293945,5100
2023-12-22,8.109999656677246,8.25,7.920000076293945,8.130000114440918,1600
2023-12-26,7.980000019073486,8.130000114440918,7.960000038146973,8.130000114440918,2700
2023-12-27,8.029999732971191,8.59000015258789,7.909999847412109,8.470000267028809,9300
2023-12-28,8.050000190734863,8.470000267028809,8.050000190734863,8.470000267028809,2500
2023-12-29,8.180000305175781,8.579999923706055,7.980000019073486,8.489999771118164,5000
2024-01-02,8.470000267028809,8.59000015258789,8.470000267028809,8.5600004196167,3000
2024-01-03,8.5,8.5600004196167,8.5,8.5,3200
2024-01-04,8.210000038146973,8.300000190734863,8.210000038146973,8.300000190734863,1200
2024-01-05,8.300000190734863,8.300000190734863,8.300000190734863,8.300000190734863,500
2024-01-08,8.119999885559082,8.449999809265137,7.800000190734863,7.800000190734863,10700
2024-01-09,7.96999979019165,7.96999979019165,7.699999809265137,7.96999979019165,3200
2024-01-10,7.849999904632568,7.849999904632568,7.769999980926514,7.769999980926514,800
2024-01-11,7.650000095367432,7.829999923706055,7.599999904632568,7.599999904632568,1300
2024-01-12,7.599999904632568,7.599999904632568,7.519999980926514,7.53000020980835,3100
2024-01-16,7.400000095367432,7.489999771118164,7.400000095367432,7.409999847412109,3000
2024-01-17,7.269999980926514,7.269999980926514,7.269999980926514,7.269999980926514,700
2024-01-18,7.260000228881836,7.260000228881836,7.260000228881836,7.260000228881836,3100
2024-01-19,7.210000038146973,7.210000038146973,7.210000038146973,7.210000038146973,1300
2024-01-22,7.110000133514404,7.239999771118164,7.110000133514404,7.239999771118164,1700
2024-01-23,7.150000095367432,7.150000095367432,7.099999904632568,7.119999885559082,3000
2024-01-24,7.110000133514404,7.21999979019165,7.03000020980835,7.119999885559082,2800
2024-01-25,7.440000057220459,7.440000057220459,7.440000057220459,7.440000057220459,800
2024-01-26,7.300000190734863,7.300000190734863,7.199999809265137,7.199999809265137,900
2024-01-29,7.5,7.900000095367432,7.480000019073486,7.900000095367432,5200
2024-01-30,7.5,7.889999866485596,7.449999809265137,7.730000019073486,6800
2024-01-31,7.789999961853027,7.789999961853027,7.789999961853027,7.789999961853027,1200
2024-02-01,7.449999809265137,7.900000095367432,7.449999809265137,7.630000114440918,2100
2024-02-02,7.71999979019165,8.0,7.710000038146973,7.989999771118164,6500
2024-02-05,7.869999885559082,8.399999618530273,7.75,8.319999694824219,6600
2024-02-06,8.069999694824219,8.069999694824219,8.069999694824219,8.069999694824219,400
2024-02-07,8.020000457763672,8.100000381469727,7.599999904632568,8.010000228881836,8600
2024-02-08,8.010000228881836,8.010000228881836,8.010000228881836,8.010000228881836,300
2024-02-09,8.25,8.390000343322754,8.170000076293945,8.300000190734863,3300
2024-02-12,8.109999656677246,8.289999961853027,8.109999656677246,8.140000343322754,5200
2024-02-13,8.130000114440918,8.25,7.880000114440918,8.100000381469727,7300
2024-02-14,7.980000019073486,8.0,7.699999809265137,7.920000076293945,3800
2024-02-15,7.400000095367432,8.0,7.400000095367432,7.5,3600
2024-02-16,7.449999809265137,7.800000190734863,7.440000057220459,7.699999809265137,4600
2024-02-20,7.920000076293945,7.949999809265137,7.579999923706055,7.599999904632568,2700
2024-02-21,7.53000020980835,7.53000020980835,7.420000076293945,7.420000076293945,1000
2024-02-22,7.420000076293945,7.420000076293945,7.420000076293945,7.420000076293945,400
2024-02-23,7.840000152587891,7.840000152587891,7.610000133514404,7.610000133514404,1800
2024-02-26,7.769999980926514,7.849999904632568,7.460000038146973,7.460000038146973,2500
2024-02-27,7.599999904632568,7.75,7.599999904632568,7.739999771118164,2800
2024-02-28,7.539999961853027,7.880000114440918,7.5,7.679999828338623,4500
2024-02-29,7.599999904632568,8.149999618530273,7.599999904632568,8.100000381469727,6400
2024-03-01,8.100000381469727,8.399999618530273,8.050000190734863,8.1899995803833,4500
2024-03-04,8.109999656677246,8.1899995803833,8.0,8.09000015258789,2200
2024-03-05,7.909999847412109,7.909999847412109,7.610000133514404,7.619999885559082,1200
2024-03-06,7.690000057220459,8.140000343322754,7.650000095367432,7.820000171661377,6200
2024-03-07,7.659999847412109,8.329999923706055,7.659999847412109,8.0,5900
2024-03-08,7.869999885559082,8.279999732971191,7.659999847412109,7.659999847412109,2200
2024-03-11,8.319999694824219,8.319999694824219,7.690000057220459,8.079999923706055,3300
2024-03-12,8.010000228881836,8.300000190734863,8.0,8.300000190734863,5500
2024-03-13,8.15999984741211,8.399999618530273,8.15999984741211,8.199999809265137,6400
2024-03-14,8.369999885559082,8.369999885559082,8.0,8.270000457763672,2100
2024-03-15,8.3100004196167,8.880000114440918,8.289999961853027,8.880000114440918,9200
2024-03-18,8.899999618530273,8.899999618530273,8.5,8.770000457763672,2700
2024-03-19,8.699999809265137,8.75,8.520000457763672,8.75,1500
2024-03-20,8.75,8.75,8.75,8.75,1300
2024-03-21,8.770000457763672,8.779999732971191,8.079999923706055,8.079999923706055,1700
2024-03-22,8.6899995803833,8.6899995803833,8.6899995803833,8.6899995803833,500
2024-03-25,8.720000267028809,8.859999656677246,8.5600004196167,8.800000190734863,4000
2024-03-26,8.899999618530273,8.899999618530273,8.569999694824219,8.819999694824219,3800
2024-03-27,8.800000190734863,8.800000190734863,8.800000190734863,8.800000190734863,1700
2024-03-28,8.779999732971191,8.949999809265137,8.25,8.949999809265137,2200
2024-04-01,8.819999694824219,8.819999694824219,8.630000114440918,8.630000114440918,1200
2024-04-02,8.680000305175781,8.720000267028809,8.649999618530273,8.649999618530273,800
2024-04-03,8.65999984741211,9.029999732971191,8.550000190734863,8.850000381469727,9100
2024-04-04,9.100000381469727,9.729999542236328,9.100000381469727,9.569999694824219,7200
2024-04-05,9.649999618530273,9.649999618530273,9.220000267028809,9.550000190734863,3500
2024-04-08,9.5600004196167,10.220000267028809,9.3100004196167,10.220000267028809,8900
2024-04-09,10.100000381469727,10.100000381469727,9.630000114440918,9.920000076293945,3600
2024-04-10,9.529999732971191,9.550000190734863,9.350000381469727,9.550000190734863,2400
2024-04-11,9.40999984741211,9.779999732971191,9.260000228881836,9.649999618530273,2500
2024-04-12,8.899999618530273,9.800000190734863,8.899999618530273,9.680000305175781,3800
2024-04-15,9.630000114440918,9.6899995803833,9.25,9.6899995803833,1600
2024-04-16,9.8100004196167,9.8100004196167,9.699999809265137,9.739999771118164,1500
2024-04-17,9.329999923706055,9.539999961853027,9.020000457763672,9.539999961853027,1500
2024-04-18,9.539999961853027,9.539999961853027,9.539999961853027,9.539999961853027,0
2024-04-19,9.079999923706055,9.529999732971191,9.079999923706055,9.100000381469727,1400
2024-04-22,8.949999809265137,9.260000228881836,8.949999809265137,9.260000228881836,700
2024-04-23,9.380000114440918,9.380000114440918,9.380000114440918,9.380000114440918,700
2024-04-24,9.430000305175781,9.430000305175781,9.220000267028809,9.220000267028809,1500
2024-04-25,9.5,9.5,9.399999618530273,9.399999618530273,600
2024-04-26,9.399999618530273,9.399999618530273,9.109999656677246,9.359999656677246,3200
2024-04-29,9.239999771118164,9.300000190734863,9.020000457763672,9.180000305175781,2700
2024-04-30,9.279999732971191,9.279999732971191,8.960000038146973,9.149999618530273,1900
2024-05-01,9.239999771118164,9.239999771118164,8.9399995803833,9.100000381469727,700
2024-05-02,9.010000228881836,9.050000190734863,9.010000228881836,9.050000190734863,800
2024-05-03,9.0,9.199999809265137,9.0,9.069999694824219,3800
2024-05-06,9.09000015258789,9.569999694824219,9.069999694824219,9.539999961853027,14100
2024-05-07,9.609999656677246,9.75,9.300000190734863,9.40999984741211,20300
2024-05-08,9.5,9.699999809265137,9.5,9.699999809265137,900
2024-05-09,9.899999618530273,9.899999618530273,9.100000381469727,9.260000228881836,4300
2024-05-10,9.100000381469727,9.270000457763672,9.010000228881836,9.270000457763672,1700
2024-05-13,9.020000457763672,9.359999656677246,9.020000457763672,9.170000076293945,2600
2024-05-14,9.130000114440918,9.130000114440918,9.020000457763672,9.039999961853027,2000
2024-05-15,9.010000228881836,9.069999694824219,9.010000228881836,9.069999694824219,1900
2024-05-16,8.9399995803833,9.899999618530273,8.9399995803833,9.510000228881836,12000
2024-05-17,9.3100004196167,9.850000381469727,9.149999618530273,9.40999984741211,9200
2024-05-20,9.399999618530273,9.65999984741211,9.399999618530273,9.65999984741211,1900
2024-05-21,9.75,9.75,9.489999771118164,9.5,4100
2024-05-22,9.329999923706055,9.489999771118164,9.329999923706055,9.489999771118164,600
2024-05-23,9.420000076293945,9.420000076293945,9.039999961853027,9.039999961853027,1500
2024-05-24,9.050000190734863,9.5,9.050000190734863,9.5,1600
2024-05-28,9.5,9.75,9.5,9.75,1600
2024-05-29,9.829999923706055,9.829999923706055,9.270000457763672,9.270000457763672,3400
2024-05-30,9.600000381469727,9.84000015258789,9.5,9.5,3800
2024-05-31,9.5,9.5,9.399999618530273,9.399999618530273,1200
2024-06-03,9.3100004196167,9.449999809265137,9.069999694824219,9.449999809265137,5900
2024-06-04,9.329999923706055,9.350000381469727,9.329999923706055,9.350000381469727,600
2024-06-05,9.350000381469727,9.350000381469727,9.350000381469727,9.350000381469727,300
2024-06-06,9.350000381469727,9.350000381469727,9.350000381469727,9.350000381469727,0
2024-06-07,9.300000190734863,9.420000076293945,9.300000190734863,9.420000076293945,600
2024-06-10,9.3100004196167,9.3100004196167,9.3100004196167,9.3100004196167,700
2024-06-11,9.3100004196167,9.3100004196167,9.3100004196167,9.3100004196167,0
2024-06-12,9.119999885559082,9.119999885559082,8.9399995803833,9.09000015258789,9300
2024-06-13,8.949999809265137,9.09000015258789,8.829999923706055,8.829999923706055,16300
2024-06-14,8.819999694824219,9.399999618530273,8.819999694824219,9.390000343322754,8200
2024-06-17,9.199999809265137,9.229999542236328,9.09000015258789,9.229999542236328,1800
2024-06-18,9.270000457763672,9.399999618530273,8.850000381469727,9.229999542236328,12000
2024-06-20,9.079999923706055,9.229999542236328,8.899999618530273,9.229999542236328,2200
2024-06-21,9.069999694824219,9.399999618530273,8.930000305175781,9.399999618530273,6100
2024-06-24,9.0,9.270000457763672,8.880000114440918,9.010000228881836,5600
2024-06-25,9.100000381469727,9.319999694824219,8.859999656677246,8.859999656677246,9800
2024-06-26,9.0,9.399999618530273,8.930000305175781,9.130000114440918,7200
2024-06-27,9.0600004196167,9.289999961853027,9.010000228881836,9.289999961853027,4700
2024-06-28,9.15999984741211,9.359999656677246,8.850000381469727,8.899999618530273,22100
2024-07-01,9.09000015258789,9.09000015258789,9.09000015258789,9.09000015258789,1400
2024-07-02,8.970000267028809,8.970000267028809,8.869999885559082,8.869999885559082,700
2024-07-03,8.850000381469727,9.039999961853027,8.529999732971191,8.899999618530273,5500
2024-07-05,8.760000228881836,8.800000190734863,8.520000457763672,8.600000381469727,3800
2024-07-08,8.539999961853027,8.890000343322754,8.539999961853027,8.649999618530273,1600
2024-07-09,8.649999618530273,8.649999618530273,8.430000305175781,8.489999771118164,1300
2024-07-10,8.5,8.5,8.479999542236328,8.479999542236328,800
2024-07-11,8.460000038146973,8.489999771118164,8.399999618530273,8.479999542236328,5400
2024-07-12,8.479999542236328,8.739999771118164,8.479999542236328,8.65999984741211,2200
2024-07-15,8.899999618530273,8.899999618530273,8.5,8.579999923706055,1800
2024-07-16,8.550000190734863,8.550000190734863,8.289999961853027,8.489999771118164,6400
2024-07-17,8.479999542236328,8.739999771118164,8.460000038146973,8.460000038146973,2100
2024-07-18,8.270000457763672,8.270000457763672,8.220000267028809,8.260000228881836,4000
2024-07-19,8.350000381469727,8.350000381469727,8.09000015258789,8.1899995803833,4900
2024-07-22,8.300000190734863,8.300000190734863,8.199999809265137,8.199999809265137,1500
2024-07-23,8.100000381469727,8.890000343322754,8.050000190734863,8.25,31700
2024-07-24,8.130000114440918,8.649999618530273,8.130000114440918,8.149999618530273,5200
2024-07-25,8.239999771118164,8.960000038146973,8.239999771118164,8.65999984741211,2000
2024-07-26,8.920000076293945,8.979999542236328,8.210000038146973,8.510000228881836,15300
2024-07-29,8.579999923706055,8.960000038146973,8.260000228881836,8.489999771118164,27400
2024-07-30,8.399999618530273,8.489999771118164,8.399999618530273,8.479999542236328,4500
2024-07-31,8.489999771118164,8.489999771118164,8.350000381469727,8.399999618530273,2500
2024-08-01,8.25,8.300000190734863,8.25,8.300000190734863,900
2024-08-02,8.069999694824219,8.25,8.069999694824219,8.210000038146973,2500
2024-08-05,7.940000057220459,8.119999885559082,7.940000057220459,8.069999694824219,1500
2024-08-06,8.010000228881836,8.390000343322754,8.010000228881836,8.15999984741211,5600
2024-08-07,8.15999984741211,8.15999984741211,8.15999984741211,8.15999984741211,400
2024-08-08,8.149999618530273,8.1899995803833,8.149999618530273,8.1899995803833,1800
2024-08-09,8.289999961853027,8.300000190734863,8.199999809265137,8.25,2200
2024-08-12,8.239999771118164,9.0,8.239999771118164,9.0,66600
2024-08-13,8.699999809265137,9.029999732971191,8.300000190734863,9.029999732971191,78200
2024-08-14,9.699999809265137,10.0,8.75,8.890000343322754,71400
2024-08-15,8.8100004196167,9.0,8.300000190734863,8.800000190734863,34800
2024-08-16,8.90999984741211,10.0,8.699999809265137,9.989999771118164,341500
2024-08-19,10.640000343322754,10.779999732971191,9.859999656677246,10.300000190734863,68200
2024-08-20,10.050000190734863,10.260000228881836,9.619999885559082,9.899999618530273,16600
2024-08-21,9.699999809265137,9.699999809265137,9.460000038146973,9.65999984741211,12900
2024-08-22,9.850000381469727,10.119999885559082,9.800000190734863,9.850000381469727,68600
2024-08-23,10.510000228881836,12.0,10.15999984741211,11.470000267028809,88200
2024-08-26,11.710000038146973,12.289999961853027,10.760000228881836,11.34000015258789,67300
2024-08-27,11.460000038146973,11.899999618530273,11.119999885559082,11.25,57000
2024-08-28,11.640000343322754,11.640000343322754,11.069999694824219,11.510000228881836,52000
2024-08-29,10.989999771118164,11.5600004196167,10.699999809265137,11.020000457763672,6200
2024-08-30,11.329999923706055,11.34000015258789,10.9399995803833,11.239999771118164,3800
2024-09-03,11.199999809265137,11.239999771118164,10.369999885559082,10.59000015258789,34600
2024-09-04,10.539999961853027,10.539999961853027,10.079999923706055,10.479999542236328,14500
2024-09-05,10.029999732971191,10.350000381469727,10.029999732971191,10.140000343322754,11100
2024-09-06,10.5,10.829999923706055,10.149999618530273,10.170000076293945,21900
2024-09-09,10.220000267028809,10.6899995803833,8.010000228881836,8.010000228881836,161400
2024-09-10,8.260000228881836,8.550000190734863,8.09000015258789,8.100000381469727,41400
2024-09-11,8.270000457763672,8.289999961853027,7.829999923706055,8.149999618530273,13900
2024-09-12,8.390000343322754,8.5,7.769999980926514,8.010000228881836,39400
2024-09-13,8.039999961853027,8.40999984741211,8.0,8.220000267028809,8000
2024-09-16,8.5,8.5,8.0,8.170000076293945,11400
2024-09-17,8.100000381469727,8.279999732971191,8.100000381469727,8.279999732971191,18200
2024-09-18,8.34000015258789,8.40999984741211,8.109999656677246,8.239999771118164,13800
2024-09-19,8.199999809265137,8.220000267028809,7.889999866485596,8.220000267028809,32700
2024-09-20,8.149999618530273,8.300000190734863,7.710000038146973,7.75,14700
2024-09-23,8.0,8.210000038146973,7.710000038146973,7.800000190734863,9200
2024-09-24,7.800000190734863,8.0,7.71999979019165,8.0,4300
2024-09-25,7.980000019073486,7.989999771118164,7.739999771118164,7.889999866485596,3900
2024-09-26,7.900000095367432,8.279999732971191,7.820000171661377,8.119999885559082,9500
2024-09-27,8.170000076293945,8.369999885559082,8.149999618530273,8.199999809265137,9300
2024-09-30,8.069999694824219,8.220000267028809,7.989999771118164,7.989999771118164,10700
2024-10-01,8.100000381469727,8.40999984741211,8.100000381469727,8.260000228881836,9900
2024-10-02,8.199999809265137,8.270000457763672,8.149999618530273,8.149999618530273,9800
2024-10-03,8.25,8.289999961853027,8.020000457763672,8.149999618530273,18600
2024-10-04,8.050000190734863,8.260000228881836,7.829999923706055,8.149999618530273,18800
2024-10-07,8.020000457763672,8.220000267028809,8.020000457763672,8.210000038146973,5100
2024-10-08,8.34000015258789,8.430000305175781,8.149999618530273,8.430000305175781,10400
2024-10-09,8.149999618530273,8.420000076293945,8.149999618530273,8.399999618530273,12400
2024-10-10,8.109999656677246,8.300000190734863,8.010000228881836,8.050000190734863,6300
2024-10-11,8.020000457763672,8.210000038146973,8.020000457763672,8.199999809265137,3200
2024-10-14,8.199999809265137,8.520000457763672,8.15999984741211,8.270000457763672,15700
2024-10-15,8.260000228881836,8.380000114440918,8.010000228881836,8.239999771118164,19300
2024-10-16,8.119999885559082,8.300000190734863,8.050000190734863,8.100000381469727,8700
2024-10-17,8.109999656677246,8.289999961853027,8.100000381469727,8.100000381469727,2200
2024-10-18,8.279999732971191,8.300000190734863,8.270000457763672,8.300000190734863,15700
2024-10-21,8.239999771118164,8.239999771118164,8.140000343322754,8.140000343322754,1800
2024-10-22,8.0,8.029999732971191,7.610000133514404,7.75,29900
2024-10-23,7.599999904632568,7.849999904632568,7.590000152587891,7.670000076293945,21000
2024-10-24,7.599999904632568,7.699999809265137,7.389999866485596,7.650000095367432,54600
2024-10-25,7.650000095367432,7.650000095367432,7.650000095367432,7.650000095367432,0
2024-10-28,8.010000228881836,8.010000228881836,7.550000190734863,7.610000133514404,19800
2024-10-29,7.599999904632568,7.599999904632568,7.510000228881836,7.570000171661377,11100
2024-10-30,7.510000228881836,7.579999923706055,7.360000133514404,7.369999885559082,10300
2024-10-31,7.380000114440918,7.5,7.170000076293945,7.269999980926514,9500
2024-11-01,7.190000057220459,7.25,7.039999961853027,7.159999847412109,12000
2024-11-04,7.050000190734863,7.550000190734863,6.71999979019165,6.889999866485596,25400
2024-11-05,7.050000190734863,7.429999828338623,7.0,7.0,13400
2024-11-06,7.010000228881836,7.159999847412109,6.659999847412109,6.849999904632568,23500
2024-11-07,7.0,7.289999961853027,6.800000190734863,6.849999904632568,16300
2024-11-08,6.659999847412109,6.849999904632568,6.630000114440918,6.630000114440918,5100
2024-11-11,6.590000152587891,7.579999923706055,6.559999942779541,7.260000228881836,14700
2024-11-12,7.179999828338623,7.429999828338623,6.900000095367432,7.210000038146973,21400
2024-11-13,7.050000190734863,7.139999866485596,6.880000114440918,7.0,7700
2024-11-14,6.900000095367432,7.199999809265137,6.75,6.849999904632568,13800
2024-11-15,7.139999866485596,7.25,6.989999771118164,7.21999979019165,23100
2024-11-18,7.0,7.300000190734863,7.0,7.059999942779541,15500
2024-11-19,7.050000190734863,7.46999979019165,6.989999771118164,7.239999771118164,37500
2024-11-20,7.090000152587891,7.329999923706055,7.090000152587891,7.21999979019165,31600
2024-11-21,7.309999942779541,7.800000190734863,7.309999942779541,7.610000133514404,28300
2024-11-22,7.539999961853027,7.880000114440918,7.440000057220459,7.699999809265137,15000
2024-11-25,7.610000133514404,8.010000228881836,7.610000133514404,7.619999885559082,15100
2024-11-26,7.5,8.0,7.5,7.710000038146973,22100
2024-11-27,7.619999885559082,7.940000057220459,7.349999904632568,7.449999809265137,35600
2024-11-29,7.429999828338623,7.429999828338623,7.019999980926514,7.099999904632568,23700
2024-12-02,6.989999771118164,7.269999980926514,6.739999771118164,7.019999980926514,70200
2024-12-03,7.150000095367432,7.550000190734863,7.0,7.0,125200
2024-12-04,6.900000095367432,7.329999923706055,6.820000171661377,7.139999866485596,49300
2024-12-05,7.199999809265137,7.320000171661377,6.840000152587891,7.070000171661377,16800
2024-12-06,6.900000095367432,7.179999828338623,6.840000152587891,7.179999828338623,7600
2024-12-09,7.21999979019165,7.21999979019165,6.989999771118164,7.0,7000
2024-12-10,7.0,7.0,6.889999866485596,6.929999828338623,3600
2024-12-11,6.760000228881836,6.96999979019165,6.599999904632568,6.789999961853027,54600
2024-12-12,6.789999961853027,6.849999904632568,6.75,6.789999961853027,6800
2024-12-13,6.789999961853027,6.880000114440918,6.670000076293945,6.849999904632568,5100
2024-12-16,6.71999979019165,7.769999980926514,6.71999979019165,7.340000152587891,70400
2024-12-17,7.019999980926514,8.149999618530273,7.0,7.75,199800
2024-12-18,7.53000020980835,8.0600004196167,7.389999866485596,7.389999866485596,41600
2024-12-19,7.369999885559082,7.380000114440918,7.039999961853027,7.210000038146973,13000
2024-12-20,7.260000228881836,7.630000114440918,7.050000190734863,7.269999980926514,17300
2024-12-23,7.139999866485596,7.139999866485596,6.610000133514404,6.75,10600
2024-12-24,7.0,7.0,6.800000190734863,6.849999904632568,15100
2024-12-26,6.75,6.940000057220459,6.599999904632568,6.940000057220459,15400
2024-12-27,6.75,7.0,6.75,6.909999847412109,7800
2024-12-30,6.860000133514404,7.070000171661377,6.860000133514404,6.989999771118164,9300
2024-12-31,6.929999828338623,7.159999847412109,6.670000076293945,6.71999979019165,27900
2025-01-02,7.059999942779541,7.340000152587891,6.849999904632568,6.849999904632568,3700
2025-01-03,6.730000019073486,6.989999771118164,6.730000019073486,6.989999771118164,2900
2025-01-06,7.059999942779541,7.369999885559082,6.789999961853027,6.869999885559082,7100
2025-01-07,6.900000095367432,7.079999923706055,6.900000095367432,7.050000190734863,2200
2025-01-08,7.25,7.25,6.789999961853027,6.920000076293945,3500
2025-01-10,7.010000228881836,7.010000228881836,6.619999885559082,6.710000038146973,11300
2025-01-13,6.5,6.730000019073486,6.5,6.590000152587891,11200
2025-01-14,6.650000095367432,6.78000020980835,6.340000152587891,6.570000171661377,15300
2025-01-15,6.599999904632568,6.739999771118164,6.510000228881836,6.550000190734863,5000
2025-01-16,6.650000095367432,6.699999809265137,6.5,6.619999885559082,7200
2025-01-17,6.570000171661377,6.670000076293945,6.320000171661377,6.579999923706055,5800
2025-01-21,6.329999923706055,6.789999961853027,6.329999923706055,6.769999980926514,5500
2025-01-22,6.78000020980835,7.090000152587891,6.78000020980835,7.019999980926514,5300
2025-01-23,7.039999961853027,7.190000057220459,6.800000190734863,6.989999771118164,4600
2025-01-24,6.820000171661377,7.179999828338623,6.820000171661377,7.090000152587891,6900
2025-01-27,7.260000228881836,7.260000228881836,6.659999847412109,6.900000095367432,8300
2025-01-28,6.760000228881836,6.900000095367432,6.75,6.75,2200
2025-01-29,7.019999980926514,7.019999980926514,7.019999980926514,7.019999980926514,700
2025-01-30,6.900000095367432,7.179999828338623,6.420000076293945,6.71999979019165,6900
2025-01-31,6.75,6.760000228881836,6.590000152587891,6.639999866485596,2900
2025-02-03,6.730000019073486,6.730000019073486,6.610000133514404,6.650000095367432,1600
2025-02-04,6.789999961853027,6.849999904632568,6.699999809265137,6.849999904632568,3900
2025-02-05,6.739999771118164,7.21999979019165,6.739999771118164,6.920000076293945,14100
2025-02-06,6.789999961853027,7.090000152587891,6.699999809265137,7.0,4000
2025-02-07,6.849999904632568,7.110000133514404,6.800000190734863,6.809999942779541,2000
2025-02-10,6.71999979019165,6.820000171661377,6.119999885559082,6.349999904632568,19200
2025-02-11,6.650000095367432,6.889999866485596,6.199999809265137,6.340000152587891,8300
2025-02-12,6.320000171661377,6.489999771118164,6.150000095367432,6.489999771118164,2500
2025-02-13,6.489999771118164,6.489999771118164,6.489999771118164,6.489999771118164,800
2025-02-14,6.25,6.71999979019165,6.25,6.650000095367432,5800
2025-02-18,6.539999961853027,6.760000228881836,6.5,6.679999828338623,5500
2025-02-19,6.599999904632568,6.599999904632568,6.510000228881836,6.519999980926514,1100
2025-02-20,6.730000019073486,6.730000019073486,6.730000019073486,6.730000019073486,700
2025-02-21,6.599999904632568,6.909999847412109,6.159999847412109,6.570000171661377,5600
2025-02-24,6.389999866485596,6.510000228881836,6.039999961853027,6.039999961853027,2600
2025-02-25,6.28000020980835,6.909999847412109,6.25,6.619999885559082,8500
2025-02-26,6.329999923706055,6.630000114440918,6.329999923706055,6.630000114440918,1700
2025-02-27,6.429999828338623,6.429999828338623,6.429999828338623,6.429999828338623,800
2025-02-28,6.260000228881836,6.539999961853027,6.260000228881836,6.539999961853027,1400
2025-03-03,6.050000190734863,6.369999885559082,6.050000190734863,6.369999885559082,1300
2025-03-04,6.25,6.539999961853027,6.25,6.539999961853027,2400
2025-03-05,6.539999961853027,6.539999961853027,6.53000020980835,6.53000020980835,1900
2025-03-06,6.260000228881836,6.260000228881836,6.260000228881836,6.260000228881836,700
2025-03-07,6.25,6.519999980926514,6.25,6.519999980926514,1100
2025-03-10,6.300000190734863,6.539999961853027,6.300000190734863,6.539999961853027,1600
2025-03-11,6.46999979019165,6.539999961853027,6.289999961853027,6.539999961853027,3800
2025-03-12,6.440000057220459,6.539999961853027,6.369999885559082,6.369999885559082,3600
2025-03-13,6.5,6.5,6.369999885559082,6.489999771118164,2500
2025-03-14,6.550000190734863,6.550000190734863,6.380000114440918,6.489999771118164,2100
2025-03-17,6.400000095367432,6.550000190734863,6.400000095367432,6.400000095367432,2500
2025-03-18,6.449999809265137,6.519999980926514,6.369999885559082,6.369999885559082,3400
2025-03-19,6.440000057220459,6.5,6.409999847412109,6.409999847412109,1000
2025-03-20,6.510000228881836,6.539999961853027,6.409999847412109,6.539999961853027,1200
2025-03-21,6.409999847412109,6.489999771118164,6.409999847412109,6.489999771118164,1800
2025-03-24,6.369999885559082,6.5,6.369999885559082,6.400000095367432,1900
2025-03-25,6.53000020980835,6.550000190734863,6.190000057220459,6.190000057220459,4100
2025-03-26,6.519999980926514,6.550000190734863,6.25,6.53000020980835,4600
2025-03-27,6.369999885559082,6.400000095367432,6.320000171661377,6.320000171661377,1600
2025-03-28,6.409999847412109,6.53000020980835,6.409999847412109,6.53000020980835,1000
2025-03-31,6.380000114440918,6.5,6.380000114440918,6.480000019073486,800
2025-04-01,6.320000171661377,6.400000095367432,6.269999980926514,6.400000095367432,1400
2025-04-02,6.449999809265137,6.449999809265137,6.269999980926514,6.269999980926514,1500
2025-04-03,6.349999904632568,6.449999809265137,6.289999961853027,6.289999961853027,1500
2025-04-04,6.329999923706055,6.329999923706055,6.25,6.300000190734863,5100
2025-04-07,6.25,6.349999904632568,6.25,6.289999961853027,4900
2025-04-08,6.449999809265137,6.449999809265137,6.159999847412109,6.159999847412109,12200
2025-04-09,6.059999942779541,6.21999979019165,6.050000190734863,6.050000190734863,1400
2025-04-10,6.150000095367432,6.349999904632568,6.150000095367432,6.25,2000
2025-04-11,6.230000019073486,6.239999771118164,6.0,6.0,1900
2025-04-14,5.880000114440918,5.989999771118164,5.809999942779541,5.809999942779541,7200
2025-04-15,5.75,6.349999904632568,5.739999771118164,5.809999942779541,7000
2025-04-16,5.809999942779541,5.809999942779541,5.809999942779541,5.809999942779541,0
2025-04-17,5.849999904632568,5.929999828338623,5.75,5.860000133514404,2600
2025-04-21,5.900000095367432,5.949999809265137,5.849999904632568,5.849999904632568,1800
2025-04-22,6.090000152587891,6.090000152587891,5.889999866485596,5.889999866485596,700
2025-04-23,5.989999771118164,5.989999771118164,5.989999771118164,5.989999771118164,500
2025-04-24,5.989999771118164,6.019999980926514,5.869999885559082,6.019999980926514,900
2025-04-25,6.03000020980835,6.03000020980835,5.909999847412109,5.909999847412109,1100
2025-04-28,5.940000057220459,5.940000057220459,5.900000095367432,5.900000095367432,2300
2025-04-29,5.920000076293945,6.159999847412109,5.920000076293945,5.949999809265137,2700
2025-04-30,5.989999771118164,6.019999980926514,5.769999980926514,5.840000152587891,2600
2025-05-01,5.920000076293945,6.320000171661377,5.820000171661377,5.820000171661377,4700
2025-05-02,5.949999809265137,6.269999980926514,5.900000095367432,6.269999980926514,1300
2025-05-05,6.139999866485596,6.139999866485596,5.809999942779541,5.809999942779541,8800
2025-05-06,5.75,5.940000057220459,5.75,5.789999961853027,3500
2025-05-07,5.849999904632568,5.849999904632568,5.800000190734863,5.800000190734863,1100
2025-05-08,5.829999923706055,5.840000152587891,5.75,5.769999980926514,2600
2025-05-09,5.75,5.849999904632568,5.75,5.849999904632568,2300
2025-05-12,5.860000133514404,5.900000095367432,5.820000171661377,5.900000095367432,1700
2025-05-13,5.840000152587891,6.050000190734863,5.75,5.849999904632568,7300
2025-05-14,6.099999904632568,6.099999904632568,5.849999904632568,5.900000095367432,7000
2025-05-15,5.909999847412109,5.960000038146973,5.900000095367432,5.900000095367432,1500
2025-05-16,6.130000114440918,6.150000095367432,5.860000133514404,5.860000133514404,2400
2025-05-19,5.760000228881836,6.010000228881836,5.760000228881836,5.900000095367432,1800
2025-05-20,6.0,6.0,5.829999923706055,5.829999923706055,1900
2025-05-21,6.0,6.0,5.960000038146973,5.960000038146973,1100
2025-05-22,6.059999942779541,6.059999942779541,5.949999809265137,5.949999809265137,1000
2025-05-23,5.809999942779541,5.880000114440918,5.75,5.75,3300
2025-05-27,5.829999923706055,5.869999885559082,5.760000228881836,5.869999885559082,4100
2025-05-28,6.110000133514404,6.119999885559082,5.78000020980835,5.900000095367432,3700
2025-05-29,5.869999885559082,5.869999885559082,5.869999885559082,5.869999885559082,600
2025-05-30,5.820000171661377,5.820000171661377,5.820000171661377,5.820000171661377,500
2025-06-02,5.769999980926514,5.789999961853027,5.75,5.789999961853027,2200
2025-06-03,5.920000076293945,5.920000076293945,5.800000190734863,5.800000190734863,2500
2025-06-04,5.800000190734863,5.920000076293945,5.78000020980835,5.800000190734863,1700
2025-06-05,5.889999866485596,5.889999866485596,5.75,5.75,900
2025-06-06,5.889999866485596,5.889999866485596,5.809999942779541,5.809999942779541,1600
2025-06-09,5.820000171661377,5.820000171661377,5.75,5.75,4300
2025-06-10,5.769999980926514,5.800000190734863,5.75,5.75,5100
2025-06-11,5.820000171661377,5.820000171661377,5.599999904632568,5.599999904632568,7100
2025-06-12,5.699999809265137,5.699999809265137,5.389999866485596,5.670000076293945,5300
2025-06-13,5.789999961853027,5.789999961853027,5.550000190734863,5.599999904632568,3100
2025-06-16,5.71999979019165,5.840000152587891,5.480000019073486,5.5,4800
2025-06-17,5.46999979019165,5.860000133514404,5.46999979019165,5.860000133514404,2600
2025-06-18,5.710000038146973,6.0,5.53000020980835,5.989999771118164,5000
2025-06-20,5.820000171661377,5.849999904632568,5.820000171661377,5.849999904632568,1600
2025-06-23,5.940000057220459,5.960000038146973,5.610000133514404,5.960000038146973,4300
2025-06-24,5.920000076293945,5.989999771118164,5.670000076293945,5.989999771118164,4600
2025-06-25,5.769999980926514,5.929999828338623,5.769999980926514,5.880000114440918,1000
2025-06-26,5.989999771118164,6.579999923706055,5.460000038146973,5.690000057220459,106500
2025-06-27,5.760000228881836,5.760000228881836,5.599999904632568,5.690000057220459,4900
2025-06-30,5.690000057220459,5.860000133514404,5.5,5.78000020980835,2300
2025-07-01,5.75,5.75,5.599999904632568,5.599999904632568,1300
2025-07-02,5.599999904632568,5.599999904632568,5.599999904632568,5.599999904632568,0
2025-07-03,5.599999904632568,5.690000057220459,5.599999904632568,5.650000095367432,1000
2025-07-07,5.5,5.730000019073486,5.5,5.639999866485596,5600
2025-07-08,5.579999923706055,5.690000057220459,5.579999923706055,5.619999885559082,2500
2025-07-09,5.619999885559082,5.650000095367432,5.519999980926514,5.599999904632568,6500
2025-07-10,5.900000095367432,5.900000095367432,5.550000190734863,5.650000095367432,2600
2025-07-11,5.630000114440918,5.630000114440918,5.630000114440918,5.630000114440918,900
2025-07-14,5.650000095367432,5.78000020980835,5.650000095367432,5.78000020980835,2100
2025-07-15,5.809999942779541,5.809999942779541,5.599999904632568,5.760000228881836,3900
2025-07-16,5.639999866485596,5.71999979019165,5.639999866485596,5.71999979019165,1000
2025-07-17,5.800000190734863,5.849999904632568,5.699999809265137,5.699999809265137,10600
2025-07-18,5.659999847412109,5.860000133514404,5.510000228881836,5.510000228881836,4600
2025-07-21,5.71999979019165,5.789999961853027,5.53000020980835,5.630000114440918,7500
2025-07-22,5.679999828338623,5.789999961853027,5.599999904632568,5.599999904632568,2600
2025-07-23,5.710000038146973,5.800000190734863,5.610000133514404,5.630000114440918,4700
2025-07-24,5.800000190734863,5.800000190734863,5.619999885559082,5.619999885559082,1200
2025-07-25,5.650000095367432,5.650000095367432,5.590000152587891,5.599999904632568,1900
2025-07-28,5.510000228881836,5.699999809265137,5.449999809265137,5.489999771118164,4400
2025-07-29,5.550000190734863,5.550000190734863,5.400000095367432,5.400000095367432,4100
2025-07-30,5.460000038146973,5.519999980926514,5.429999828338623,5.460000038146973,2000
2025-07-31,5.5,5.639999866485596,5.5,5.639999866485596,900
2025-08-01,5.639999866485596,5.639999866485596,5.25,5.25,6600
2025-08-04,5.400000095367432,5.400000095367432,5.340000152587891,5.340000152587891,4800
2025-08-05,5.420000076293945,5.489999771118164,5.420000076293945,5.449999809265137,1400
2025-08-06,5.599999904632568,5.599999904632568,5.389999866485596,5.599999904632568,4600
2025-08-07,5.449999809265137,5.449999809265137,5.329999923706055,5.349999904632568,6500
2025-08-08,5.300000190734863,5.420000076293945,5.300000190734863,5.369999885559082,1900
2025-08-11,5.199999809265137,5.570000171661377,5.199999809265137,5.570000171661377,900
2025-08-12,5.340000152587891,5.429999828338623,5.300000190734863,5.300000190734863,1600
2025-08-13,5.550000190734863,5.550000190734863,5.199999809265137,5.28000020980835,8000
2025-08-14,5.340000152587891,5.340000152587891,5.099999904632568,5.099999904632568,6700
2025-08-15,5.210000038146973,5.300000190734863,5.03000020980835,5.03000020980835,3500
2025-08-18,5.46999979019165,5.46999979019165,5.059999942779541,5.079999923706055,6100
2025-08-19,5.03000020980835,5.199999809265137,5.0,5.0,3100
2025-08-20,4.849999904632568,4.989999771118164,4.809999942779541,4.980000019073486,1700
2025-08-21,4.769999980926514,5.130000114440918,4.769999980926514,4.78000020980835,4000
2025-08-22,4.78000020980835,5.050000190734863,4.78000020980835,5.0,3800
2025-08-25,4.849999904632568,4.920000076293945,4.710000038146973,4.730000019073486,6500
2025-08-26,4.820000171661377,5.099999904632568,4.820000171661377,5.0,19900
2025-08-27,5.050000190734863,5.179999828338623,5.050000190734863,5.179999828338623,5200
2025-08-28,5.199999809265137,5.380000114440918,5.179999828338623,5.380000114440918,1500
2025-08-29,5.21999979019165,5.28000020980835,5.070000171661377,5.150000095367432,2800
2025-09-02,5.110000133514404,5.260000228881836,5.0,5.239999771118164,2200
2025-09-03,5.0,5.190000057220459,4.940000057220459,4.989999771118164,8300
2025-09-04,4.989999771118164,4.989999771118164,4.989999771118164,4.989999771118164,700
2025-09-05,4.949999809265137,5.0,4.849999904632568,5.0,6800
2025-09-08,5.079999923706055,5.079999923706055,5.010000228881836,5.010000228881836,1700
2025-09-09,5.0,5.099999904632568,4.869999885559082,5.079999923706055,3100
2025-09-10,5.010000228881836,5.150000095367432,4.860000133514404,4.96999979019165,34400
2025-09-11,4.929999828338623,5.25,4.869999885559082,4.96999979019165,11600
2025-09-12,4.960000038146973,5.03000020980835,4.949999809265137,4.949999809265137,3400
2025-09-15,4.960000038146973,5.019999980926514,4.849999904632568,5.0,4200
2025-09-16,4.880000114440918,4.900000095367432,4.869999885559082,4.869999885559082,1500
2025-09-17,4.949999809265137,4.949999809265137,4.829999923706055,4.829999923706055,800
2025-09-18,4.829999923706055,5.0,4.75,4.900000095367432,16600
2025-09-19,4.900000095367432,5.0,4.880000114440918,4.880000114440918,2100
2025-09-22,5.0,5.090000152587891,4.860000133514404,5.0,13300
2025-09-23,5.130000114440918,5.480000019073486,5.090000152587891,5.480000019073486,7100
2025-09-24,5.380000114440918,5.380000114440918,5.0,5.139999866485596,27900
2025-09-25,5.0,5.010000228881836,4.900000095367432,4.900000095367432,5100
2025-09-26,4.889999866485596,5.150000095367432,4.760000228881836,5.0,13400
2025-09-29,4.820000171661377,5.21999979019165,4.820000171661377,5.21999979019165,75600
2025-09-30,5.150000095367432,5.150000095367432,4.829999923706055,4.900000095367432,26300
2025-10-01,4.889999866485596,4.940000057220459,4.840000152587891,4.840000152587891,2200
2025-10-02,4.960000038146973,5.079999923706055,4.75,4.809999942779541,206600
2025-10-03,6.25,8.010000228881836,5.730000019073486,5.880000114440918,30693500
2025-10-06,5.820000171661377,5.820000171661377,5.179999828338623,5.25,381000
2025-10-07,5.050000190734863,5.210000038146973,4.739999771118164,5.010000228881836,185200
2025-10-08,4.849999904632568,5.199999809265137,4.800000190734863,5.0,144900
2025-10-09,4.900000095367432,5.150000095367432,4.849999904632568,4.949999809265137,47600
2025-10-10,4.889999866485596,4.940000057220459,4.340000152587891,4.400000095367432,121100
2025-10-13,4.400000095367432,4.659999847412109,4.300000190734863,4.409999847412109,28000
2025-10-14,4.400000095367432,4.429999828338623,4.130000114440918,4.349999904632568,58000
2025-10-15,4.210000038146973,4.389999866485596,4.210000038146973,4.25,31300
2025-10-16,4.25,4.360000133514404,4.039999961853027,4.059999942779541,39400
2025-10-17,4.0,4.050000190734863,3.799999952316284,3.8499999046325684,32900
2025-10-20,3.9200000762939453,4.090000152587891,3.75,4.050000190734863,65800
2025-10-21,3.9600000381469727,4.300000190734863,3.9000000953674316,4.199999809265137,43800
2025-10-22,4.159999847412109,4.289999961853027,3.990000009536743,4.050000190734863,30800
2025-10-23,3.890000104904175,4.119999885559082,3.890000104904175,4.110000133514404,16300
2025-10-24,3.9700000286102295,4.099999904632568,3.9700000286102295,4.059999942779541,17400
2025-10-27,4.079999923706055,4.289999961853027,4.050000190734863,4.25,21500
2025-10-28,4.170000076293945,4.239999771118164,3.9700000286102295,3.9700000286102295,16100
2025-10-29,4.050000190734863,4.159999847412109,3.9000000953674316,4.130000114440918,24900
2025-10-30,4.070000171661377,4.190000057220459,3.940000057220459,3.950000047683716,15400
2025-10-31,3.9600000381469727,3.9600000381469727,3.8399999141693115,3.869999885559082,13500
2025-11-03,3.759999990463257,3.809999942779541,3.6500000953674316,3.740000009536743,14300
2025-11-04,3.630000114440918,3.7699999809265137,3.549999952316284,3.549999952316284,30000
2025-11-05,3.5999999046325684,3.6600000858306885,3.549999952316284,3.569999933242798,4900
2025-11-06,3.5299999713897705,3.549999952316284,3.259999990463257,3.3399999141693115,11800
2025-11-07,3.3399999141693115,3.3399999141693115,3.130000114440918,3.180000066757202,9200
2025-11-10,3.3399999141693115,3.3399999141693115,3.190000057220459,3.299999952316284,16900
2025-11-11,3.299999952316284,3.390000104904175,3.180000066757202,3.259999990463257,20100
2025-11-12,3.259999990463257,3.369999885559082,3.25,3.2899999618530273,9600
2025-11-13,3.319999933242798,3.4100000858306885,3.259999990463257,3.2799999713897705,6500
2025-11-14,3.259999990463257,3.2799999713897705,3.049999952316284,3.2799999713897705,6200
2025-11-17,3.2200000286102295,3.390000104904175,3.2200000286102295,3.3399999141693115,35000
2025-11-18,3.2799999713897705,3.4000000953674316,3.2799999713897705,3.4000000953674316,3500
2025-11-19,3.450000047683716,3.4800000190734863,3.3399999141693115,3.369999885559082,22700
2025-11-20,3.3499999046325684,3.369999885559082,2.869999885559082,2.880000114440918,57900
2025-11-21,2.880000114440918,2.880000114440918,2.4700000286102295,2.7300000190734863,24400
2025-11-24,2.7300000190734863,2.9200000762939453,2.680000066757202,2.8499999046325684,22000
2025-11-25,2.9100000858306885,3.0399999618530273,2.869999885559082,3.0399999618530273,9600
2025-11-26,3.0999999046325684,3.2899999618530273,3.0899999141693115,3.25,11800
2025-11-28,3.2699999809265137,3.2699999809265137,3.200000047683716,3.200000047683716,2200
2025-12-01,3.2100000381469727,3.2799999713897705,3.200000047683716,3.2799999713897705,11800
2025-12-02,3.3299999237060547,3.4100000858306885,3.130000114440918,3.299999952316284,14900
2025-12-03,3.3399999141693115,3.430000066757202,3.299999952316284,3.380000114440918,16000
2025-12-04,3.299999952316284,3.4200000762939453,3.299999952316284,3.390000104904175,4500
2025-12-05,3.4100000858306885,3.4200000762939453,3.3499999046325684,3.4000000953674316,4800
2025-12-08,3.4200000762939453,3.7100000381469727,3.4200000762939453,3.6700000762939453,12600
2025-12-09,3.6600000858306885,3.9000000953674316,3.5999999046325684,3.740000009536743,7900
2025-12-10,3.7200000286102295,4.050000190734863,3.690000057220459,3.9100000858306885,39500
2025-12-11,3.8299999237060547,4.130000114440918,3.8299999237060547,4.079999923706055,16700
2025-12-12,4.0,4.349999904632568,4.0,4.199999809265137,2040300
2025-12-15,3.700000047683716,4.440000057220459,3.25,3.4800000190734863,254100
2025-12-16,3.450000047683716,3.9700000286102295,3.3499999046325684,3.9200000762939453,31100
2025-12-17,3.8399999141693115,3.940000057220459,3.5799999237060547,3.759999990463257,17300
2025-12-18,3.680000066757202,3.8499999046325684,3.2300000190734863,3.7300000190734863,29900
2025-12-19,3.7300000190734863,3.740000009536743,3.509999990463257,3.640000104904175,20300
2025-12-22,3.549999952316284,3.9200000762939453,3.430000066757202,3.759999990463257,95000
2025-12-23,3.690000057220459,3.8499999046325684,3.6700000762939453,3.8299999237060547,26800
2025-12-24,3.740000009536743,3.9100000858306885,3.740000009536743,3.8299999237060547,23600
2025-12-26,3.7799999713897705,3.819999933242798,3.740000009536743,3.7899999618530273,23000
2025-12-29,3.75,3.8399999141693115,3.740000009536743,3.799999952316284,32200
2025-12-30,3.799999952316284,3.880000114440918,3.740000009536743,3.7899999618530273,25500
2025-12-31,3.75,3.75,3.309999942779541,3.4600000381469727,70400
2026-01-02,3.640000104904175,3.6500000953674316,3.450000047683716,3.6500000953674316,23400
2026-01-05,3.700000047683716,3.859999895095825,3.6500000953674316,3.759999990463257,18800
2026-01-06,3.7300000190734863,3.759999990463257,3.549999952316284,3.5999999046325684,15900
2026-01-07,3.6500000953674316,3.7300000190734863,3.559999942779541,3.690000057220459,11100
2026-01-08,3.619999885559082,3.680000066757202,3.5899999141693115,3.6500000953674316,14500
2026-01-09,3.5999999046325684,3.6600000858306885,3.299999952316284,3.299999952316284,12500
2026-01-12,3.3399999141693115,3.5899999141693115,3.3399999141693115,3.4800000190734863,22600
2026-01-13,3.5,3.609999895095825,3.5,3.609999895095825,2800
2026-01-14,3.630000114440918,3.799999952316284,3.5999999046325684,3.6700000762939453,7200
2026-01-15,3.7899999618530273,3.859999895095825,3.6700000762939453,3.7300000190734863,23400
2026-01-16,3.7100000381469727,3.8499999046325684,3.7100000381469727,3.7100000381469727,1800
2026-01-20,3.690000057220459,3.809999942779541,3.640000104904175,3.7100000381469727,11600
2026-01-21,3.6500000953674316,3.8399999141693115,3.6500000953674316,3.7300000190734863,13100
2026-01-22,3.8399999141693115,3.869999885559082,3.6600000858306885,3.75,15800
2026-01-23,3.8299999237060547,3.8299999237060547,3.559999942779541,3.559999942779541,16200
2026-01-26,3.6500000953674316,3.7200000286102295,3.4600000381469727,3.5299999713897705,12800
2026-01-27,3.5799999237060547,3.690000057220459,3.5399999618530273,3.6600000858306885,6700
2026-01-28,3.5799999237060547,3.6600000858306885,3.509999990463257,3.5299999713897705,17000
2026-01-29,3.4800000190734863,3.4800000190734863,3.2100000381469727,3.380000114440918,6900
2026-01-30,3.3499999046325684,3.369999885559082,3.180000066757202,3.200000047683716,11200
2026-02-02,3.4000000953674316,3.4000000953674316,3.0899999141693115,3.140000104904175,8100
2026-02-03,3.1700000762939453,3.3499999046325684,3.0399999618530273,3.130000114440918,8300
2026-02-04,3.109999895095825,3.380000114440918,3.049999952316284,3.0799999237060547,9800
2026-02-05,3.0299999713897705,3.180000066757202,2.990000009536743,3.1600000858306885,15200
2026-02-06,3.190000057220459,3.369999885559082,3.049999952316284,3.049999952316284,7900
2026-02-09,3.0399999618530273,3.1700000762939453,3.0399999618530273,3.0999999046325684,3800
2026-02-10,3.049999952316284,3.130000114440918,3.049999952316284,3.069999933242798,8700
2026-02-11,3.069999933242798,3.1700000762939453,3.069999933242798,3.0899999141693115,5600
2026-02-12,3.0399999618530273,3.1500000953674316,2.7200000286102295,2.9000000953674316,21000
2026-02-13,2.799999952316284,2.880000114440918,2.7200000286102295,2.799999952316284,10500
2026-02-17,2.759999990463257,2.809999942779541,2.759999990463257,2.809999942779541,2500
2026-02-18,2.859999895095825,3.0399999618530273,2.700000047683716,2.799999952316284,27100
2026-02-19,2.759999990463257,2.880000114440918,2.75,2.7799999713897705,3800
2026-02-20,2.7300000190734863,2.9000000953674316,2.700000047683716,2.799999952316284,16400
2026-02-23,2.7799999713897705,2.9000000953674316,2.7799999713897705,2.819999933242798,2700
2026-02-24,2.7899999618530273,2.809999942779541,2.7699999809265137,2.7699999809265137,2200
2026-02-25,2.7699999809265137,2.8399999141693115,2.740000009536743,2.819999933242798,4200
2026-02-26,2.7699999809265137,2.9200000762939453,2.7699999809265137,2.8399999141693115,4700
2026-02-27,2.799999952316284,2.859999895095825,2.799999952316284,2.809999942779541,5200
2026-03-02,2.7300000190734863,2.7899999618530273,2.6600000858306885,2.740000009536743,6900
2026-03-03,2.6500000953674316,2.6700000762939453,2.619999885559082,2.619999885559082,2600
2026-03-04,2.609999895095825,2.609999895095825,2.5399999618530273,2.5999999046325684,4100
2026-03-05,2.5799999237060547,2.5999999046325684,2.430000066757202,2.430000066757202,9400
2026-03-06,2.450000047683716,2.5,2.4100000858306885,2.4100000858306885,4900
2026-03-09,2.390000104904175,2.5199999809265137,2.390000104904175,2.4200000762939453,11600
2026-03-10,2.450000047683716,2.5399999618530273,2.450000047683716,2.509999990463257,1800
2026-03-11,2.5199999809265137,2.5399999618530273,2.5,2.5,6400
2026-03-12,2.450000047683716,2.5,2.309999942779541,2.309999942779541,12000
2026-03-13,2.390000104904175,2.390000104904175,2.25,2.2899999618530273,4200
2026-03-16,2.299999952316284,2.390000104904175,2.2699999809265137,2.3499999046325684,11700
2026-03-17,2.3299999237060547,2.430000066757202,2.309999942779541,2.4200000762939453,3400
2026-03-18,2.390000104904175,2.390000104904175,2.3499999046325684,2.369999885559082,3700
2026-03-19,2.309999942779541,2.390000104904175,2.309999942779541,2.390000104904175,3400
2026-03-20,2.3499999046325684,2.450000047683716,2.3499999046325684,2.430000066757202,3300
2026-03-23,2.380000114440918,2.380000114440918,2.3499999046325684,2.3499999046325684,1500
2026-03-24,2.380000114440918,2.4000000953674316,2.309999942779541,2.309999942779541,1600
2026-03-25,2.299999952316284,2.299999952316284,2.2300000190734863,2.25,8100
2026-03-26,2.2699999809265137,2.3399999141693115,2.1500000953674316,2.1700000762939453,15400
2026-03-27,2.109999895095825,2.369999885559082,1.9199999570846558,2.369999885559082,193300
2026-03-30,3.1700000762939453,6.480000019073486,2.799999952316284,4.650000095367432,113718200
2026-03-31,4.190000057220459,5.599999904632568,4.019999980926514,5.230000019073486,4795300
2026-04-01,6.199999809265137,6.449999809265137,3.5999999046325684,4.449999809265137,4076300
2026-04-02,4.579999923706055,4.880000114440918,3.6700000762939453,3.9800000190734863,567400
2026-04-06,4.059999942779541,4.190000057220459,3.200000047683716,3.369999885559082,356600
2026-04-07,3.2200000286102295,3.9700000286102295,3.130000114440918,3.950000047683716,407500
2026-04-08,3.880000114440918,4.0,3.5,3.6700000762939453,146600
2026-04-09,3.630000114440918,4.0,3.4600000381469727,3.819999933242798,103000
2026-04-10,3.7899999618530273,3.819999933242798,3.2100000381469727,3.390000104904175,123200
2026-04-13,3.390000104904175,3.7300000190734863,3.2100000381469727,3.630000114440918,134200
2026-04-14,3.5199999809265137,3.549999952316284,3.3299999237060547,3.3299999237060547,50700
2026-04-15,3.299999952316284,3.450000047683716,2.9200000762939453,3.0999999046325684,121300
2026-04-16,3.1700000762939453,3.180000066757202,2.950000047683716,3.049999952316284,107800
2026-04-17,2.990000009536743,3.369999885559082,2.809999942779541,2.8499999046325684,164500
2026-04-20,2.9600000381469727,3.549999952316284,2.950000047683716,3.309999942779541,118500
2026-04-21,3.3499999046325684,3.6700000762939453,3.3499999046325684,3.569999933242798,113200
2026-04-22,3.569999933242798,3.5999999046325684,3.4000000953674316,3.430000066757202,90900
2026-04-23,3.430000066757202,3.5,3.25,3.259999990463257,24900
2026-04-24,3.2699999809265137,3.759999990463257,3.25,3.4100000858306885,623000
2026-04-27,3.3499999046325684,3.509999990463257,3.119999885559082,3.4800000190734863,58100
2026-04-28,3.259999990463257,3.450000047683716,3.259999990463257,3.380000114440918,16100
2026-04-29,3.3299999237060547,3.4800000190734863,3.309999942779541,3.4600000381469727,34400
2026-04-30,3.390000104904175,3.509999990463257,3.1700000762939453,3.1700000762939453,85800
2026-05-01,3.1700000762939453,3.200000047683716,2.9200000762939453,2.9700000286102295,74900
2026-05-04,2.9800000190734863,3.0399999618530273,2.8499999046325684,2.890000104904175,62900
2026-05-05,2.8499999046325684,2.9800000190734863,2.819999933242798,2.8499999046325684,26300
2026-05-06,2.8299999237060547,2.8499999046325684,2.6500000953674316,2.7799999713897705,50500
2026-05-07,2.75,2.890000104904175,2.75,2.759999990463257,22200
2026-05-08,2.799999952316284,2.819999933242798,2.75,2.7699999809265137,13400
2026-05-11,2.8299999237060547,2.8299999237060547,2.7100000381469727,2.7699999809265137,33700
2026-05-12,2.7899999618530273,2.7899999618530273,2.690000057220459,2.700000047683716,23600
2026-05-13,2.619999885559082,2.7100000381469727,2.609999895095825,2.690000057220459,15900
2026-05-14,2.6500000953674316,2.809999942779541,2.609999895095825,2.609999895095825,34000
2026-05-15,2.549999952316284,2.6500000953674316,2.5299999713897705,2.5399999618530273,20300
2026-05-18,2.549999952316284,2.640000104904175,2.3499999046325684,2.4200000762939453,28500
2026-05-19,2.359999895095825,2.509999990463257,2.3399999141693115,2.390000104904175,17400
2026-05-20,2.4200000762939453,2.450000047683716,2.359999895095825,2.380000114440918,12300
2026-05-21,2.309999942779541,2.4200000762939453,2.299999952316284,2.390000104904175,23700
2026-05-22,2.4200000762939453,2.5399999618530273,2.240000009536743,2.2799999713897705,43200
2026-05-26,2.3399999141693115,2.640000104904175,2.319999933242798,2.4700000286102295,73900
2026-05-27,7.420000076293945,19.75,6.170000076293945,13.8100004196167,146342600
2026-05-28,21.690000534057617,35.79999923706055,16.68000030517578,29.43000030517578,48835200
2026-05-29,37.70000076293945,68.8499984741211,33.95000076293945,49.79999923706055,29792900
2026-06-01,41.0,43.33000183105469,33.13999938964844,35.400001525878906,6166000
2026-06-02,28.639999389648438,59.0,28.290000915527344,45.5,12699600
2026-06-03,41.97999954223633,50.91999816894531,37.02000045776367,40.29999923706055,5201500
2026-06-04,37.5,46.75,36.97999954223633,38.45000076293945,2424200
2026-06-05,41.0,41.79999923706055,31.5,33.5,1295200
2026-06-08,36.75,36.75,25.739999771118164,29.1299991607666,1018900
2026-06-09,27.06999969482422,29.520000457763672,24.639999389648438,25.579999923706055,577900
2026-06-10,24.040000915527344,28.31999969482422,22.030000686645508,24.0,819000
2026-06-11,24.270000457763672,29.0,24.049999237060547,26.5,1037700
2026-06-12,25.06999969482422,25.799999237060547,18.420000076293945,19.010000228881836,566700
2026-06-15,21.0,21.0,15.729999542236328,16.90999984741211,573500
2026-06-16,14.539999961853027,16.219999313354492,12.6899995803833,16.079999923706055,490500
2026-06-17,14.9399995803833,15.569999694824219,13.850000381469727,14.630000114440918,366200
2026-06-18,14.149999618530273,14.779999732971191,12.199999809265137,13.649999618530273,241400
2026-06-22,12.510000228881836,12.59000015258789,10.630000114440918,11.270000457763672,211700
2026-06-23,10.130000114440918,12.899999618530273,10.010000228881836,11.779999732971191,323500
2026-06-24,11.539999961853027,11.630000114440918,10.029999732971191,10.199999809265137,134400
2026-06-25,9.970000267028809,10.369999885559082,9.399999618530273,10.0,178000
2026-06-26,9.5,10.0,9.170000076293945,9.3100004196167,88700
2026-06-29,9.239999771118164,14.890000343322754,9.239999771118164,12.180000305175781,2337200
2026-06-30,11.460000038146973,11.729999542236328,10.680000305175781,10.90999984741211,387400
2026-07-01,10.880000114440918,13.0600004196167,10.880000114440918,11.819999694824219,615000
2026-07-02,11.529999732971191,12.029999732971191,10.210000038146973,10.449999809265137,223200
2026-07-06,10.270000457763672,10.5,9.760000228881836,10.289999961853027,128100
2026-07-07,10.09000015258789,10.489999771118164,9.130000114440918,9.430000305175781,116100
2026-07-08,9.270000457763672,9.489999771118164,8.75,9.109999656677246,69000
2026-07-09,9.020000457763672,9.5,9.020000457763672,9.479999542236328,70600
2026-07-10,9.479999542236328,9.5600004196167,8.699999809265137,9.260000228881836,83000
2026-07-13,9.289999961853027,9.289999961853027,8.34000015258789,8.5600004196167,50900
2026-07-14,8.40999984741211,8.9399995803833,8.329999923706055,8.859999656677246,60700
2026-07-15,8.960000038146973,8.960000038146973,7.670000076293945,7.940000057220459,94900
2026-07-16,7.730000019073486,7.760000228881836,7.21999979019165,7.53000020980835,62600
2026-07-17,7.300000190734863,8.130000114440918,7.099999904632568,7.730000019073486,79500
