Date,Open,High,Low,Close,Volume
2016-07-18,81.58000183105469,82.48999786376953,81.16000366210938,81.97000122070312,928700
2016-07-19,81.51000213623047,82.19999694824219,80.91999816894531,81.19000244140625,876700
2016-07-20,81.97000122070312,82.73999786376953,81.05999755859375,82.26000213623047,1035800
2016-07-21,81.9000015258789,82.16999816894531,81.1500015258789,81.3499984741211,882800
2016-07-22,81.66999816894531,81.81999969482422,80.93000030517578,81.7300033569336,1636700
2016-07-25,81.81999969482422,84.0,81.73999786376953,83.63999938964844,2926600
2016-07-26,79.5,81.97000122070312,78.38999938964844,80.52999877929688,4574800
2016-07-27,80.37999725341797,80.37999725341797,78.05999755859375,78.0999984741211,2828300
2016-07-28,78.19999694824219,78.31999969482422,77.63999938964844,77.91000366210938,2030800
2016-07-29,77.69999694824219,78.19000244140625,76.41000366210938,76.87999725341797,2096700
2016-08-01,76.87999725341797,77.54000091552734,75.95999908447266,76.08999633789062,2816100
2016-08-02,75.86000061035156,75.88999938964844,74.80000305175781,75.05000305175781,3183100
2016-08-03,74.94000244140625,75.83999633789062,74.5,75.5999984741211,2025300
2016-08-04,75.80999755859375,75.94000244140625,75.27999877929688,75.88999938964844,1621700
2016-08-05,76.0999984741211,76.72000122070312,75.8499984741211,75.87999725341797,1206200
2016-08-08,76.20999908447266,76.25,75.05999755859375,75.0999984741211,1421900
2016-08-09,75.29000091552734,75.44000244140625,74.61000061035156,74.91000366210938,2373000
2016-08-10,74.88999938964844,75.23999786376953,74.37999725341797,74.5999984741211,1104500
2016-08-11,74.7699966430664,75.20999908447266,74.69000244140625,75.18000030517578,1689500
2016-08-12,74.87000274658203,75.23999786376953,74.76000213623047,74.83000183105469,1132100
2016-08-15,74.87000274658203,75.56999969482422,74.75,75.31999969482422,2148000
2016-08-16,75.30999755859375,75.69999694824219,74.51000213623047,75.12000274658203,1758400
2016-08-17,75.4000015258789,75.41999816894531,74.51000213623047,74.81999969482422,1357900
2016-08-18,75.04000091552734,76.06999969482422,74.9000015258789,75.91000366210938,1987900
2016-08-19,75.70999908447266,76.72000122070312,75.5,75.97000122070312,1964000
2016-08-22,75.86000061035156,75.97000122070312,75.30000305175781,75.4000015258789,1593200
2016-08-23,75.97000122070312,76.23999786376953,75.13999938964844,76.19000244140625,1102000
2016-08-24,75.7300033569336,76.5,75.37000274658203,76.05000305175781,1102000
2016-08-25,75.98999786376953,76.41000366210938,75.6500015258789,75.94000244140625,785900
2016-08-26,76.1500015258789,77.44999694824219,75.94000244140625,77.33000183105469,2233000
2016-08-29,77.0199966430664,77.31999969482422,76.08999633789062,76.22000122070312,1061300
2016-08-30,76.27999877929688,76.69000244140625,75.80999755859375,76.0199966430664,920900
2016-08-31,76.2300033569336,77.04000091552734,75.30999755859375,76.73999786376953,2514900
2016-09-01,76.68000030517578,77.18000030517578,76.25,76.95999908447266,1426800
2016-09-02,77.45999908447266,78.13999938964844,76.79000091552734,77.9800033569336,1565800
2016-09-06,78.31999969482422,79.0,77.66000366210938,77.75,1763300
2016-09-07,77.62000274658203,77.81999969482422,77.48999786376953,77.63999938964844,656300
2016-09-08,77.58999633789062,77.61000061035156,76.62999725341797,76.68000030517578,1700700
2016-09-09,76.30999755859375,77.33000183105469,76.05999755859375,76.7699966430664,2278900
2016-09-12,75.0,77.5999984741211,75.0,77.45999908447266,1596000
2016-09-13,76.55000305175781,77.48999786376953,76.5,76.76000213623047,1698200
2016-09-14,76.2300033569336,76.86000061035156,75.02999877929688,75.04000091552734,2165300
2016-09-15,74.8499984741211,75.76000213623047,74.62000274658203,75.51000213623047,1577300
2016-09-16,75.73999786376953,75.73999786376953,74.81999969482422,75.0,1399300
2016-09-19,75.58000183105469,75.58000183105469,74.80999755859375,75.02999877929688,1419000
2016-09-20,75.05999755859375,75.37000274658203,74.54000091552734,74.80999755859375,816100
2016-09-21,75.05000305175781,76.0,74.93000030517578,75.88999938964844,1024600
2016-09-22,76.0,76.56999969482422,75.87999725341797,76.05000305175781,842300
2016-09-23,76.23999786376953,76.66999816894531,75.41000366210938,75.69999694824219,2076800
2016-09-26,75.08999633789062,75.55999755859375,74.87999725341797,74.95999908447266,854300
2016-09-27,74.86000061035156,76.31999969482422,74.83000183105469,76.30000305175781,807300
2016-09-28,76.62000274658203,77.25,76.54000091552734,77.05999755859375,1023700
2016-09-29,77.02999877929688,77.16000366210938,76.5999984741211,76.7300033569336,947100
2016-09-30,76.98999786376953,77.69000244140625,76.5,77.61000061035156,1131900
2016-10-03,77.26000213623047,77.94000244140625,77.26000213623047,77.56999969482422,971000
2016-10-04,77.54000091552734,78.62000274658203,77.54000091552734,78.18000030517578,1852800
2016-10-05,78.19999694824219,79.33999633789062,78.01000213623047,78.69000244140625,1260600
2016-10-06,78.37999725341797,78.69000244140625,77.19000244140625,77.76000213623047,2698900
2016-10-07,78.12999725341797,79.05999755859375,77.80000305175781,78.06999969482422,1415800
2016-10-10,78.5,78.51000213623047,77.5,77.58999633789062,1163200
2016-10-11,77.58999633789062,77.63999938964844,76.55999755859375,76.62999725341797,1133000
2016-10-12,75.02999877929688,77.0999984741211,74.33999633789062,76.7699966430664,1653300
2016-10-13,76.5,76.55999755859375,75.41999816894531,76.3499984741211,1110200
2016-10-14,76.52999877929688,77.48999786376953,76.0,76.16999816894531,1175200
2016-10-17,75.83999633789062,76.4800033569336,75.6500015258789,76.19999694824219,1024600
2016-10-18,76.75,77.51000213623047,76.56999969482422,77.2300033569336,828900
2016-10-19,77.33999633789062,77.54000091552734,76.9800033569336,77.18000030517578,808600
2016-10-20,77.36000061035156,77.41999816894531,76.68000030517578,77.0999984741211,893300
2016-10-21,77.36000061035156,77.87999725341797,76.87000274658203,77.66999816894531,788500
2016-10-24,77.83000183105469,78.48999786376953,77.7699966430664,78.37999725341797,756800
2016-10-25,78.44999694824219,78.7300033569336,78.1500015258789,78.5199966430664,934300
2016-10-26,78.41999816894531,78.97000122070312,78.30999755859375,78.8499984741211,1011000
2016-10-27,79.0,79.37999725341797,78.86000061035156,79.05000305175781,1302300
2016-10-28,78.9800033569336,81.08000183105469,78.77999877929688,80.9800033569336,3612100
2016-10-31,83.73999786376953,84.9800033569336,82.79000091552734,84.55999755859375,3960000
2016-11-01,84.27999877929688,84.8499984741211,81.79000091552734,83.0999984741211,3322600
2016-11-02,83.0,84.13999938964844,82.70999908447266,83.33000183105469,1424800
2016-11-03,83.41999816894531,83.95999908447266,82.73999786376953,82.83000183105469,963400
2016-11-04,82.02999877929688,83.30999755859375,81.9800033569336,82.6500015258789,924900
2016-11-07,83.73999786376953,84.33000183105469,83.0,84.12000274658203,1258600
2016-11-08,83.83999633789062,83.95999908447266,82.80000305175781,83.4000015258789,1356000
2016-11-09,82.4000015258789,85.47000122070312,81.44999694824219,84.77999877929688,1827400
2016-11-10,84.81999969482422,85.8499984741211,83.94999694824219,85.1500015258789,1218100
2016-11-11,84.98999786376953,85.25,83.7699966430664,84.44000244140625,1792100
2016-11-14,84.06999969482422,84.94999694824219,83.19000244140625,84.06999969482422,954700
2016-11-15,84.27999877929688,84.75,82.66000366210938,82.69999694824219,1830400
2016-11-16,82.08000183105469,83.16000366210938,82.08000183105469,83.1500015258789,1553500
2016-11-17,83.05999755859375,83.9000015258789,82.37999725341797,83.80000305175781,824500
2016-11-18,83.83999633789062,84.20999908447266,83.36000061035156,83.41000366210938,708500
2016-11-21,83.83999633789062,84.3499984741211,83.58999633789062,83.95999908447266,773900
2016-11-22,83.0,84.48999786376953,82.22000122070312,83.73999786376953,1214100
2016-11-23,83.69000244140625,84.0,82.87999725341797,83.02999877929688,1014200
2016-11-25,83.37999725341797,83.58999633789062,83.08000183105469,83.2300033569336,327800
2016-11-28,82.94000244140625,83.3499984741211,82.44000244140625,82.52999877929688,956500
2016-11-29,82.36000061035156,82.91999816894531,81.38999938964844,81.58999633789062,1318000
2016-11-30,81.8499984741211,82.58999633789062,81.61000061035156,82.33000183105469,1316200
2016-12-01,82.27999877929688,82.51000213623047,81.20999908447266,81.30999755859375,2050600
2016-12-02,81.19999694824219,83.0,80.77999877929688,81.88999938964844,1043300
2016-12-05,81.98999786376953,83.91000366210938,81.88999938964844,83.36000061035156,1174100
2016-12-06,83.69000244140625,83.87000274658203,82.0,83.8499984741211,992500
2016-12-07,83.88999938964844,84.66999816894531,83.0999984741211,84.58999633789062,766000
2016-12-08,84.72000122070312,85.41000366210938,84.55000305175781,84.58999633789062,841100
2016-12-09,84.29000091552734,85.38999938964844,84.0,85.22000122070312,844500
2016-12-12,85.18000030517578,85.18000030517578,84.23999786376953,84.63999938964844,748000
2016-12-13,84.77999877929688,85.30999755859375,84.05000305175781,84.58000183105469,1179500
2016-12-14,84.38999938964844,85.2699966430664,84.33000183105469,84.91999816894531,1135400
2016-12-15,84.80999755859375,85.83000183105469,84.5999984741211,85.05000305175781,1366100
2016-12-16,85.45999908447266,86.16999816894531,84.63999938964844,84.98999786376953,1562300
2016-12-19,85.22000122070312,85.62000274658203,85.0,85.37999725341797,787500
2016-12-20,85.69999694824219,86.52999877929688,85.5,85.9000015258789,1095900
2016-12-21,85.69000244140625,86.0,85.23999786376953,85.66000366210938,947200
2016-12-22,85.93000030517578,85.97000122070312,84.5,84.94999694824219,1261800
2016-12-23,84.7699966430664,85.95999908447266,84.63999938964844,84.88999938964844,446000
2016-12-27,85.16000366210938,86.69999694824219,85.01000213623047,86.33000183105469,788800
2016-12-28,86.25,86.47000122070312,85.0199966430664,85.18000030517578,729600
2016-12-29,84.88999938964844,86.12999725341797,84.58999633789062,85.05000305175781,1140400
2016-12-30,85.25,85.62999725341797,84.29000091552734,84.45999908447266,754400
2017-01-03,84.7300033569336,85.23999786376953,84.01000213623047,84.56999969482422,1318100
2017-01-04,84.5199966430664,85.2699966430664,84.0,84.91999816894531,1896700
2017-01-05,84.68000030517578,86.7300033569336,84.5999984741211,86.66000366210938,1144400
2017-01-06,86.66000366210938,87.75,85.61000061035156,87.23999786376953,1876200
2017-01-09,87.33000183105469,87.63999938964844,86.9000015258789,87.19999694824219,1104900
2017-01-10,87.19000244140625,88.93000030517578,87.05000305175781,88.20999908447266,1681500
2017-01-11,88.4800033569336,89.2699966430664,88.27999877929688,88.48999786376953,2275400
2017-01-12,88.3499984741211,89.25,87.69999694824219,89.19000244140625,1130700
2017-01-13,89.45999908447266,92.2300033569336,89.43000030517578,90.70999908447266,3288800
2017-01-17,90.56999969482422,90.88999938964844,89.81999969482422,90.38999938964844,1588600
2017-01-18,90.9000015258789,90.9000015258789,88.91000366210938,89.61000061035156,2929700
2017-01-19,95.0,97.91999816894531,94.5,96.33999633789062,7119800
2017-01-20,96.98999786376953,97.88999938964844,96.30000305175781,97.79000091552734,2354100
2017-01-23,97.2699966430664,98.25,96.63999938964844,97.79000091552734,1941600
2017-01-24,98.06999969482422,99.36000061035156,97.36000061035156,98.88999938964844,2013000
2017-01-25,99.73999786376953,99.73999786376953,96.25,96.62999725341797,2345200
2017-01-26,96.5999984741211,98.48999786376953,96.5999984741211,98.1500015258789,1555200
2017-01-27,98.0,99.69000244140625,97.5,99.45999908447266,2338000
2017-01-30,99.20999908447266,99.20999908447266,97.73999786376953,98.44999694824219,1345600
2017-01-31,98.54000091552734,99.37999725341797,98.23999786376953,98.7699966430664,1059400
2017-02-01,98.55999755859375,98.86000061035156,97.30999755859375,97.91000366210938,1282000
2017-02-02,97.33000183105469,98.70999908447266,97.26000213623047,98.43000030517578,972500
2017-02-03,98.69000244140625,99.56999969482422,98.19999694824219,99.4000015258789,1399600
2017-02-06,98.81999969482422,99.2699966430664,98.30000305175781,98.95999908447266,1661500
2017-02-07,100.5199966430664,100.87000274658203,99.12999725341797,100.2699966430664,2215100
2017-02-08,100.44999694824219,100.62999725341797,98.9800033569336,99.55999755859375,1521300
2017-02-09,99.68000030517578,100.52999877929688,99.58000183105469,100.44999694824219,1378800
2017-02-10,100.25,101.62999725341797,100.1500015258789,101.19000244140625,1057600
2017-02-13,101.7699966430664,101.7699966430664,100.2699966430664,100.94000244140625,782900
2017-02-14,100.37999725341797,101.47000122070312,100.30000305175781,100.97000122070312,678300
2017-02-15,101.0,101.30999755859375,100.30000305175781,100.8499984741211,1107600
2017-02-16,100.69999694824219,101.3499984741211,100.5999984741211,101.0,869500
2017-02-17,100.56999969482422,101.7300033569336,100.16999816894531,101.20999908447266,922100
2017-02-21,101.30999755859375,101.36000061035156,100.43000030517578,101.11000061035156,1535600
2017-02-22,101.12000274658203,101.31999969482422,100.52999877929688,100.55999755859375,783100
2017-02-23,100.94000244140625,101.05999755859375,99.69999694824219,99.80999755859375,1324400
2017-02-24,99.19999694824219,99.76000213623047,98.51000213623047,99.44999694824219,1773600
2017-02-27,99.52999877929688,99.94999694824219,98.25,99.22000122070312,1385800
2017-02-28,99.19999694824219,99.43000030517578,98.58999633789062,98.91000366210938,1005400
2017-03-01,98.9800033569336,99.91999816894531,98.25,99.33999633789062,1299200
2017-03-02,99.55999755859375,99.56999969482422,98.76000213623047,99.16999816894531,950500
2017-03-03,99.19999694824219,99.76000213623047,98.80000305175781,99.36000061035156,873500
2017-03-06,98.83999633789062,99.55999755859375,98.5999984741211,98.95999908447266,692500
2017-03-07,98.62999725341797,99.48999786376953,98.54000091552734,98.68000030517578,738000
2017-03-08,98.58999633789062,100.08000183105469,98.5,99.80000305175781,909400
2017-03-09,99.6500015258789,99.77999877929688,98.5199966430664,98.80000305175781,762900
2017-03-10,99.41000366210938,100.04000091552734,98.86000061035156,99.91999816894531,732500
2017-03-13,99.97000122070312,100.45999908447266,99.63999938964844,100.4000015258789,815200
2017-03-14,99.9000015258789,100.4000015258789,99.47000122070312,99.54000091552734,698700
2017-03-15,99.47000122070312,100.8499984741211,99.33000183105469,100.7300033569336,644800
2017-03-16,100.9000015258789,102.12999725341797,100.51000213623047,101.91999816894531,1228100
2017-03-17,102.08999633789062,102.23999786376953,101.2699966430664,101.41999816894531,1330700
2017-03-20,101.61000061035156,102.05000305175781,101.30000305175781,101.69000244140625,836600
2017-03-21,101.80000305175781,102.05000305175781,101.05999755859375,101.11000061035156,1366200
2017-03-22,100.94999694824219,103.25,100.68000030517578,102.83999633789062,1344500
2017-03-23,102.80000305175781,103.93000030517578,102.43000030517578,103.4000015258789,1129500
2017-03-24,103.87000274658203,104.3499984741211,103.1500015258789,103.37999725341797,1164300
2017-03-27,102.55999755859375,103.98999786376953,102.1500015258789,103.70999908447266,858600
2017-03-28,103.88999938964844,104.19999694824219,103.36000061035156,103.79000091552734,880900
2017-03-29,103.66000366210938,104.19999694824219,103.0,103.41999816894531,707900
2017-03-30,103.4000015258789,103.98999786376953,102.91999816894531,103.12000274658203,526500
2017-03-31,102.9800033569336,103.08000183105469,102.44999694824219,102.66000366210938,950800
2017-04-03,102.73999786376953,103.30999755859375,102.16999816894531,103.20999908447266,1530600
2017-04-04,103.01000213623047,103.5,102.70999908447266,102.80000305175781,474300
2017-04-05,103.13999938964844,103.76000213623047,102.5999984741211,102.87000274658203,738400
2017-04-06,102.93000030517578,103.16000366210938,102.27999877929688,102.5999984741211,620800
2017-04-07,102.8499984741211,103.3499984741211,102.55000305175781,103.16000366210938,561800
2017-04-10,103.2300033569336,103.62000274658203,102.87999725341797,103.30000305175781,485100
2017-04-11,103.3499984741211,103.62999725341797,102.18000030517578,103.36000061035156,489600
2017-04-12,103.94000244140625,104.41000366210938,103.54000091552734,104.0,946600
2017-04-13,103.8499984741211,104.63999938964844,103.26000213623047,103.52999877929688,888800
2017-04-17,103.3499984741211,104.05999755859375,102.87000274658203,103.0999984741211,1254000
2017-04-18,104.44999694824219,104.44999694824219,102.2699966430664,102.47000122070312,1626000
2017-04-19,102.91000366210938,103.01000213623047,102.5,102.81999969482422,1127000
2017-04-20,102.87000274658203,102.93000030517578,102.05999755859375,102.63999938964844,778000
2017-04-21,103.0999984741211,103.54000091552734,102.72000122070312,103.41000366210938,1035100
2017-04-24,104.87000274658203,105.7300033569336,103.44999694824219,104.37999725341797,1041600
2017-04-25,104.69999694824219,105.70999908447266,104.55999755859375,105.36000061035156,914400
2017-04-26,105.01000213623047,105.3499984741211,103.77999877929688,104.22000122070312,2060800
2017-04-27,103.0,105.19999694824219,102.0,104.38999938964844,1603400
2017-04-28,105.19000244140625,105.4800033569336,103.11000061035156,104.01000213623047,1122000
2017-05-01,104.04000091552734,104.38999938964844,103.4000015258789,103.80999755859375,1231900
2017-05-02,104.11000061035156,105.04000091552734,103.69999694824219,104.44000244140625,747200
2017-05-03,104.69999694824219,104.81999969482422,104.05000305175781,104.37999725341797,671400
2017-05-04,104.87000274658203,106.27999877929688,104.5999984741211,106.25,909900
2017-05-05,106.0999984741211,106.37000274658203,105.29000091552734,106.0,720400
2017-05-08,105.66999816894531,106.37999725341797,105.5,106.31999969482422,735700
2017-05-09,106.18000030517578,106.33000183105469,106.0,106.04000091552734,656600
2017-05-10,106.04000091552734,106.20999908447266,105.62000274658203,106.05000305175781,707400
2017-05-11,105.56999969482422,106.31999969482422,105.19999694824219,105.72000122070312,633600
2017-05-12,106.01000213623047,107.61000061035156,105.76000213623047,107.5999984741211,963300
2017-05-15,110.5,110.86000061035156,108.26000213623047,110.36000061035156,2616600
2017-05-16,110.83999633789062,111.23999786376953,109.62999725341797,110.47000122070312,1180700
2017-05-17,109.86000061035156,110.30000305175781,108.30000305175781,108.37999725341797,971500
2017-05-18,108.37000274658203,109.16000366210938,107.38999938964844,108.69000244140625,838500
2017-05-19,108.6500015258789,109.16000366210938,108.23999786376953,108.43000030517578,871800
2017-05-22,108.58999633789062,109.8499984741211,108.58999633789062,109.56999969482422,695700
2017-05-23,109.87999725341797,110.29000091552734,109.01000213623047,109.62000274658203,675900
2017-05-24,109.8499984741211,110.0199966430664,109.37999725341797,109.94999694824219,864500
2017-05-25,110.20999908447266,112.04000091552734,110.20999908447266,111.4000015258789,873300
2017-05-26,111.16000366210938,111.87000274658203,110.77999877929688,111.20999908447266,642600
2017-05-30,111.30000305175781,112.16999816894531,110.80000305175781,111.41999816894531,1469900
2017-05-31,112.0,112.83000183105469,110.68000030517578,112.05000305175781,2068300
2017-06-01,112.3499984741211,112.56999969482422,110.56999969482422,111.58999633789062,1626600
2017-06-02,112.12999725341797,113.31999969482422,112.0,112.86000061035156,961400
2017-06-05,113.91999816894531,114.0199966430664,112.8499984741211,113.47000122070312,630100
2017-06-06,113.52999877929688,114.04000091552734,113.19999694824219,113.70999908447266,849400
2017-06-07,114.41999816894531,115.12999725341797,113.70999908447266,114.94999694824219,1076900
2017-06-08,115.36000061035156,115.87000274658203,114.1500015258789,115.47000122070312,722500
2017-06-09,115.26000213623047,115.55000305175781,109.44999694824219,110.80000305175781,1338700
2017-06-12,110.16000366210938,110.30000305175781,107.26000213623047,109.66000366210938,1865100
2017-06-13,110.02999877929688,111.06999969482422,109.68000030517578,111.05999755859375,947900
2017-06-14,111.62000274658203,112.31999969482422,110.08000183105469,111.08999633789062,1009400
2017-06-15,109.9800033569336,110.5,109.05000305175781,110.18000030517578,690800
2017-06-16,110.06999969482422,110.70999908447266,109.4000015258789,110.0,1384200
2017-06-19,110.51000213623047,111.93000030517578,110.44000244140625,111.7699966430664,759500
2017-06-20,111.91000366210938,112.51000213623047,111.12000274658203,111.16999816894531,760500
2017-06-21,111.3499984741211,112.81999969482422,111.0,112.56999969482422,837300
2017-06-22,113.19999694824219,113.83000183105469,112.08000183105469,113.51000213623047,1365900
2017-06-23,113.23999786376953,114.27999877929688,112.66000366210938,113.94999694824219,895400
2017-06-26,114.62000274658203,114.83999633789062,112.36000061035156,112.56999969482422,752900
2017-06-27,112.3499984741211,112.54000091552734,110.44000244140625,111.22000122070312,1026200
2017-06-28,111.80000305175781,112.4800033569336,111.30000305175781,112.4000015258789,969400
2017-06-29,111.87000274658203,112.12000274658203,108.80000305175781,109.58999633789062,967000
2017-06-30,110.26000213623047,110.37000274658203,109.02999877929688,109.08000183105469,1019400
2017-07-03,109.19999694824219,110.26000213623047,108.06999969482422,108.0999984741211,574200
2017-07-05,109.5,110.83000183105469,108.94000244140625,110.33999633789062,962500
2017-07-06,109.4800033569336,110.13999938964844,108.69999694824219,109.86000061035156,942000
2017-07-07,109.20999908447266,112.12999725341797,109.20999908447266,111.44000244140625,895400
2017-07-10,111.68000030517578,112.93000030517578,111.37000274658203,111.8499984741211,859700
2017-07-11,112.04000091552734,113.16999816894531,111.69000244140625,113.02999877929688,987100
2017-07-12,113.94999694824219,114.79000091552734,113.5,114.48999786376953,872100
2017-07-13,114.51000213623047,114.62999725341797,113.51000213623047,114.01000213623047,658300
2017-07-14,113.83999633789062,114.37999725341797,113.33999633789062,114.08000183105469,866100
2017-07-17,113.95999908447266,114.37000274658203,113.06999969482422,114.31999969482422,601200
2017-07-18,114.5199966430664,114.70999908447266,113.41000366210938,114.6500015258789,1003800
2017-07-19,115.0,116.62999725341797,114.80999755859375,115.72000122070312,1614500
2017-07-20,108.80000305175781,109.98999786376953,105.79000091552734,107.41000366210938,4329900
2017-07-21,106.43000030517578,107.75,106.0,106.38999938964844,1954400
2017-07-24,107.19000244140625,107.70999908447266,106.2300033569336,106.73999786376953,1360900
2017-07-25,106.73999786376953,107.0,106.27999877929688,106.33999633789062,1107700
2017-07-26,106.27999877929688,107.81999969482422,106.19999694824219,107.56999969482422,1134300
2017-07-27,107.6500015258789,107.87999725341797,104.33000183105469,106.41999816894531,1817800
2017-07-28,106.26000213623047,107.44999694824219,105.9000015258789,106.56999969482422,669300
2017-07-31,106.5999984741211,106.95999908447266,104.9800033569336,105.76000213623047,1094000
2017-08-01,105.83999633789062,107.12000274658203,105.33999633789062,106.98999786376953,1080900
2017-08-02,107.0,107.16999816894531,104.5999984741211,105.33999633789062,1002500
2017-08-03,105.79000091552734,106.30000305175781,104.83999633789062,106.08999633789062,671900
2017-08-04,106.25,106.6500015258789,105.41999816894531,106.13999938964844,493500
2017-08-07,106.80999755859375,106.93000030517578,106.0999984741211,106.83000183105469,779900
2017-08-08,106.26000213623047,107.19999694824219,105.55999755859375,106.45999908447266,753200
2017-08-09,106.0,107.54000091552734,105.68000030517578,107.41999816894531,903300
2017-08-10,106.87999725341797,106.87999725341797,104.91000366210938,104.98999786376953,895600
2017-08-11,105.37999725341797,107.05000305175781,105.3499984741211,105.94000244140625,940700
2017-08-14,107.01000213623047,109.0,106.98999786376953,108.25,938200
2017-08-15,107.97000122070312,108.44000244140625,107.19999694824219,107.76000213623047,704300
2017-08-16,108.5199966430664,109.0,108.01000213623047,108.88999938964844,772000
2017-08-17,108.93000030517578,108.9800033569336,106.5999984741211,106.81999969482422,884800
2017-08-18,106.83000183105469,107.98999786376953,106.48999786376953,107.29000091552734,622200
2017-08-21,107.23999786376953,107.63999938964844,106.30999755859375,107.44000244140625,471800
2017-08-22,108.5,109.38999938964844,108.4800033569336,108.91000366210938,760900
2017-08-23,108.52999877929688,108.87000274658203,107.63999938964844,108.05999755859375,406500
2017-08-24,108.41999816894531,109.30000305175781,108.04000091552734,109.16999816894531,827100
2017-08-25,109.41999816894531,109.80999755859375,108.3499984741211,108.70999908447266,469900
2017-08-28,109.0,109.66999816894531,108.4800033569336,109.02999877929688,526100
2017-08-29,108.47000122070312,109.4800033569336,107.69999694824219,109.05000305175781,706300
2017-08-30,109.06999969482422,110.41999816894531,108.80999755859375,110.16999816894531,624300
2017-08-31,110.5,112.19000244140625,110.2699966430664,111.87000274658203,881600
2017-09-01,111.88999938964844,112.58000183105469,109.08999633789062,110.88999938964844,1055600
2017-09-05,110.05000305175781,111.87999725341797,109.44000244140625,110.0199966430664,952800
2017-09-06,110.43000030517578,111.19000244140625,109.94000244140625,111.0199966430664,678000
2017-09-07,111.44999694824219,111.88999938964844,111.08999633789062,111.41999816894531,437500
2017-09-08,112.48999786376953,114.4000015258789,112.27999877929688,112.62999725341797,1062600
2017-09-11,113.70999908447266,113.80000305175781,112.31999969482422,112.69999694824219,829600
2017-09-12,112.69999694824219,112.91000366210938,111.2699966430664,112.3499984741211,564100
2017-09-13,112.30000305175781,113.83999633789062,112.01000213623047,113.33999633789062,552600
2017-09-14,112.76000213623047,113.80999755859375,112.30000305175781,112.76000213623047,541900
2017-09-15,112.4800033569336,113.43000030517578,111.80000305175781,113.0,986900
2017-09-18,113.0,113.02999877929688,112.11000061035156,112.91000366210938,552600
2017-09-19,113.23999786376953,113.83000183105469,112.77999877929688,112.9800033569336,560800
2017-09-20,112.08000183105469,112.4800033569336,109.94000244140625,111.2699966430664,1007300
2017-09-21,111.51000213623047,111.8499984741211,110.0199966430664,110.81999969482422,458100
2017-09-22,110.43000030517578,112.06999969482422,110.0,111.98999786376953,483800
2017-09-25,111.08000183105469,111.62000274658203,110.52999877929688,110.95999908447266,518300
2017-09-26,111.69000244140625,112.26000213623047,110.80000305175781,111.73999786376953,826000
2017-09-27,112.37000274658203,113.58999633789062,111.81999969482422,112.72000122070312,711300
2017-09-28,112.66999816894531,113.88999938964844,112.2699966430664,112.37000274658203,518400
2017-09-29,112.61000061035156,114.16000366210938,112.54000091552734,114.0199966430664,745600
2017-10-02,113.51000213623047,116.30000305175781,113.48999786376953,115.20999908447266,1224800
2017-10-03,115.47000122070312,116.68000030517578,115.16999816894531,115.83999633789062,604500
2017-10-04,115.62999725341797,116.02999877929688,114.7699966430664,115.76000213623047,317700
2017-10-05,116.22000122070312,116.4000015258789,115.12999725341797,116.0,627900
2017-10-06,116.12000274658203,117.11000061035156,115.69000244140625,116.75,719300
2017-10-09,116.63999938964844,116.9800033569336,115.70999908447266,116.11000061035156,464400
2017-10-10,116.25,117.44999694824219,116.22000122070312,117.27999877929688,581100
2017-10-11,116.94999694824219,117.76000213623047,116.55000305175781,117.70999908447266,490900
2017-10-12,117.72000122070312,118.23999786376953,117.5,117.76000213623047,544600
2017-10-13,118.68000030517578,119.19999694824219,118.22000122070312,119.12999725341797,745200
2017-10-16,118.63999938964844,118.86000061035156,117.66999816894531,118.06999969482422,669100
2017-10-17,117.48999786376953,117.69999694824219,113.54000091552734,116.94999694824219,1913400
2017-10-18,117.62000274658203,118.05000305175781,116.73999786376953,118.01000213623047,769200
2017-10-19,117.73999786376953,118.27999877929688,116.54000091552734,117.9000015258789,563000
2017-10-20,118.66000366210938,118.9000015258789,117.80999755859375,118.5,773200
2017-10-23,119.0,119.0,117.19000244140625,117.5199966430664,1099200
2017-10-24,118.05000305175781,118.4800033569336,117.0,117.2699966430664,882800
2017-10-25,117.36000061035156,117.36000061035156,115.26000213623047,115.55999755859375,1013400
2017-10-26,116.62000274658203,116.79000091552734,115.13999938964844,115.87999725341797,1185500
2017-10-27,116.33000183105469,117.95999908447266,115.3499984741211,117.5,1363300
2017-10-30,117.22000122070312,117.22000122070312,115.81999969482422,116.48999786376953,1278200
2017-10-31,116.75,118.38999938964844,116.0,117.70999908447266,2040600
2017-11-01,107.0,110.0,102.25,103.01000213623047,9141200
2017-11-02,103.7300033569336,106.95999908447266,103.52999877929688,106.62000274658203,3019100
2017-11-03,106.6500015258789,106.91000366210938,105.33999633789062,105.6500015258789,1928400
2017-11-06,105.80000305175781,106.16999816894531,105.0,105.20999908447266,1110000
2017-11-07,105.62000274658203,106.4800033569336,104.5,104.98999786376953,916500
2017-11-08,105.69000244140625,106.02999877929688,105.02999877929688,105.36000061035156,771800
2017-11-09,105.36000061035156,105.37999725341797,102.54000091552734,103.62999725341797,1111800
2017-11-10,103.5,103.5999984741211,102.27999877929688,102.51000213623047,1160300
2017-11-13,102.3499984741211,102.93000030517578,100.93000030517578,102.80000305175781,2356700
2017-11-14,102.19000244140625,102.81999969482422,101.86000061035156,102.4000015258789,2353000
2017-11-15,102.3499984741211,103.20999908447266,101.98999786376953,103.05000305175781,1304900
2017-11-16,103.58999633789062,104.27999877929688,102.83000183105469,103.01000213623047,1361400
2017-11-17,103.20999908447266,103.20999908447266,101.97000122070312,102.1500015258789,1183100
2017-11-20,102.61000061035156,103.7699966430664,102.33999633789062,102.9800033569336,1117200
2017-11-21,103.66000366210938,104.41999816894531,103.25,103.94999694824219,772400
2017-11-22,104.2300033569336,104.69999694824219,103.52999877929688,103.62000274658203,867200
2017-11-24,103.5999984741211,104.33000183105469,103.5999984741211,104.0199966430664,380900
2017-11-27,105.18000030517578,105.6500015258789,104.16000366210938,104.72000122070312,982900
2017-11-28,104.79000091552734,105.6500015258789,104.13999938964844,104.22000122070312,1061500
2017-11-29,104.37999725341797,104.37999725341797,101.2699966430664,102.05999755859375,980400
2017-11-30,102.52999877929688,104.4800033569336,101.97000122070312,104.29000091552734,1314200
2017-12-01,103.31999969482422,104.80999755859375,102.4000015258789,104.30000305175781,926900
2017-12-04,104.7300033569336,104.73999786376953,102.11000061035156,102.6500015258789,948400
2017-12-05,102.51000213623047,104.94000244140625,102.51000213623047,103.58999633789062,1102200
2017-12-06,104.47000122070312,104.47000122070312,102.63999938964844,103.54000091552734,756500
2017-12-07,103.62000274658203,103.68000030517578,100.87000274658203,103.52999877929688,1752300
2017-12-08,104.18000030517578,105.30000305175781,103.61000061035156,104.77999877929688,798700
2017-12-11,104.81999969482422,105.91999816894531,104.11000061035156,105.8499984741211,1120700
2017-12-12,104.87000274658203,106.26000213623047,104.12999725341797,105.43000030517578,1062400
2017-12-13,106.13999938964844,107.0999984741211,106.0,106.43000030517578,977500
2017-12-14,106.9000015258789,108.33999633789062,105.68000030517578,106.30000305175781,1153500
2017-12-15,106.7300033569336,107.4800033569336,106.18000030517578,107.22000122070312,1780000
2017-12-18,107.5,108.08999633789062,105.0999984741211,105.5,1295200
2017-12-19,106.0,106.0,104.63999938964844,104.94000244140625,970600
2017-12-20,104.9800033569336,104.9800033569336,103.7300033569336,104.37000274658203,822300
2017-12-21,105.06999969482422,105.06999969482422,102.69000244140625,103.20999908447266,1387700
2017-12-22,103.0199966430664,103.1500015258789,101.5999984741211,101.91999816894531,1272100
2017-12-26,101.43000030517578,102.7300033569336,101.33999633789062,102.69999694824219,1255300
2017-12-27,102.83999633789062,104.16999816894531,102.37999725341797,103.30999755859375,713800
2017-12-28,103.13999938964844,104.2300033569336,103.13999938964844,103.68000030517578,393800
2017-12-29,103.5999984741211,104.16000366210938,103.1500015258789,103.62000274658203,353200
2018-01-02,104.3499984741211,104.66999816894531,103.05000305175781,103.7699966430664,749100
2018-01-03,104.36000061035156,105.52999877929688,104.01000213623047,105.20999908447266,751400
2018-01-04,105.93000030517578,106.93000030517578,105.41999816894531,105.62000274658203,830200
2018-01-05,105.58000183105469,105.80000305175781,102.66000366210938,103.41999816894531,1530100
2018-01-08,103.33000183105469,103.97000122070312,102.19000244140625,103.5999984741211,1489100
2018-01-09,103.54000091552734,103.69999694824219,100.69000244140625,103.19999694824219,2368800
2018-01-10,104.05999755859375,104.05999755859375,102.4000015258789,103.13999938964844,1028100
2018-01-11,104.01000213623047,104.01000213623047,102.06999969482422,102.94000244140625,862100
2018-01-12,102.72000122070312,104.06999969482422,102.62000274658203,103.0,999000
2018-01-16,102.9800033569336,103.83000183105469,102.05999755859375,102.48999786376953,1625000
2018-01-17,104.29000091552734,104.29000091552734,102.79000091552734,103.56999969482422,1495300
2018-01-18,103.33000183105469,104.95999908447266,102.86000061035156,103.19999694824219,1223200
2018-01-19,103.08999633789062,104.5999984741211,103.0,104.4800033569336,1800400
2018-01-22,104.80000305175781,105.51000213623047,104.31999969482422,105.0,1302200
2018-01-23,104.87999725341797,106.5,104.5,105.33999633789062,1268300
2018-01-24,105.97000122070312,106.13999938964844,104.5999984741211,105.13999938964844,1168800
2018-01-25,103.4000015258789,105.27999877929688,103.29000091552734,103.97000122070312,1598000
2018-01-26,104.75,105.61000061035156,103.88999938964844,104.58000183105469,2757600
2018-01-29,104.5,106.68000030517578,104.16000366210938,105.33000183105469,1805500
2018-01-30,105.02999877929688,105.38999938964844,103.29000091552734,104.41000366210938,2478100
2018-01-31,101.95999908447266,105.5,98.75,103.41000366210938,4890300
2018-02-01,101.11000061035156,104.33999633789062,100.05000305175781,103.04000091552734,2277100
2018-02-02,102.1500015258789,102.87000274658203,100.69000244140625,101.37999725341797,2166700
2018-02-05,100.88999938964844,103.0999984741211,100.02999877929688,101.0,2345400
2018-02-06,100.37999725341797,101.58999633789062,99.69999694824219,101.44000244140625,2461400
2018-02-07,101.2699966430664,101.68000030517578,99.02999877929688,99.02999877929688,2283700
2018-02-08,99.0,99.7300033569336,97.94999694824219,98.19999694824219,2239800
2018-02-09,98.97000122070312,99.0999984741211,95.02999877929688,97.83999633789062,2312000
2018-02-12,98.58000183105469,100.44000244140625,98.54000091552734,99.4800033569336,1273400
2018-02-13,99.04000091552734,101.12999725341797,98.73999786376953,100.83000183105469,1040300
2018-02-14,100.01000213623047,101.3499984741211,99.9000015258789,101.19999694824219,1358800
2018-02-15,101.41000366210938,102.9800033569336,101.02999877929688,102.93000030517578,1318600
2018-02-16,102.97000122070312,103.81999969482422,102.44000244140625,103.27999877929688,707800
2018-02-20,102.62000274658203,103.23999786376953,101.7300033569336,102.20999908447266,1162300
2018-02-21,102.30999755859375,104.51000213623047,102.30000305175781,103.01000213623047,1328900
2018-02-22,103.08999633789062,104.16000366210938,102.41999816894531,102.5999984741211,981400
2018-02-23,103.38999938964844,104.33999633789062,102.77999877929688,104.30999755859375,710800
2018-02-26,104.41999816894531,105.94999694824219,104.0999984741211,105.83000183105469,1137300
2018-02-27,105.43000030517578,105.87999725341797,103.3499984741211,103.69000244140625,1311800
2018-02-28,104.30999755859375,105.47000122070312,103.87999725341797,103.88999938964844,997700
2018-03-01,103.54000091552734,103.98999786376953,101.62000274658203,102.58000183105469,1311400
2018-03-02,101.86000061035156,104.04000091552734,101.51000213623047,103.83000183105469,749000
2018-03-05,103.68000030517578,104.72000122070312,103.29000091552734,104.25,689100
2018-03-06,104.70999908447266,104.95999908447266,103.12000274658203,103.94999694824219,864400
2018-03-07,103.37999725341797,105.61000061035156,103.37999725341797,105.04000091552734,841500
2018-03-08,105.7300033569336,105.83999633789062,104.31999969482422,105.16999816894531,853800
2018-03-09,105.29000091552734,106.41000366210938,104.91000366210938,105.98999786376953,853100
2018-03-12,106.02999877929688,107.0999984741211,105.69999694824219,106.38999938964844,681100
2018-03-13,106.55999755859375,106.76000213623047,105.0199966430664,105.25,688300
2018-03-14,105.94000244140625,106.04000091552734,104.5999984741211,104.94999694824219,545100
2018-03-15,104.4800033569336,105.2300033569336,104.25,104.56999969482422,622300
2018-03-16,104.62000274658203,104.88999938964844,103.5,103.58999633789062,1380600
2018-03-19,103.31999969482422,104.19999694824219,102.2699966430664,103.37000274658203,1209400
2018-03-20,103.16999816894531,103.83999633789062,102.62000274658203,103.2300033569336,625400
2018-03-21,102.7699966430664,103.91999816894531,102.5,103.02999877929688,659000
2018-03-22,102.25,103.33000183105469,101.1500015258789,101.19999694824219,710200
2018-03-23,100.98999786376953,101.94999694824219,99.3499984741211,99.36000061035156,876100
2018-03-26,100.7300033569336,101.58999633789062,99.7300033569336,100.8499984741211,1151000
2018-03-27,101.3499984741211,101.63999938964844,98.66000366210938,99.0999984741211,1078700
2018-03-28,99.19999694824219,99.76000213623047,98.25,99.04000091552734,1232500
2018-03-29,99.19000244140625,100.25,97.30000305175781,99.33999633789062,1691200
2018-04-02,99.26000213623047,100.13999938964844,97.93000030517578,98.66000366210938,1584700
2018-04-03,99.22000122070312,99.94999694824219,98.2300033569336,99.01000213623047,828900
2018-04-04,98.05999755859375,100.83999633789062,98.0199966430664,100.55000305175781,819600
2018-04-05,100.87000274658203,100.87000274658203,99.8499984741211,100.3499984741211,774200
2018-04-06,99.83000183105469,100.56999969482422,98.29000091552734,98.55999755859375,840200
2018-04-09,99.76000213623047,101.75,99.69999694824219,100.16000366210938,1548100
2018-04-10,101.4800033569336,102.97000122070312,100.25,102.51000213623047,1563600
2018-04-11,101.9800033569336,102.62000274658203,101.16000366210938,101.76000213623047,1135200
2018-04-12,101.79000091552734,102.94999694824219,101.79000091552734,102.68000030517578,1150900
2018-04-13,103.1500015258789,103.1500015258789,101.9800033569336,102.55000305175781,1012500
2018-04-16,102.1500015258789,104.05000305175781,102.0999984741211,102.94000244140625,1194300
2018-04-17,103.5199966430664,104.87999725341797,103.33999633789062,104.66999816894531,812200
2018-04-18,104.66999816894531,104.93000030517578,103.43000030517578,104.08999633789062,968500
2018-04-19,103.87000274658203,104.26000213623047,102.55999755859375,103.0999984741211,1003600
2018-04-20,102.69999694824219,103.0,102.0999984741211,102.2300033569336,1117700
2018-04-23,102.23999786376953,103.0,101.8499984741211,102.80000305175781,1961900
2018-04-24,103.61000061035156,105.16999816894531,102.58999633789062,102.91000366210938,2437200
2018-04-25,94.5,97.25,93.76000213623047,96.33000183105469,6143100
2018-04-26,96.11000061035156,98.98999786376953,96.05999755859375,97.4800033569336,3333600
2018-04-27,97.83999633789062,98.30000305175781,95.62000274658203,95.7300033569336,1446800
2018-04-30,96.2699966430664,97.0199966430664,95.3499984741211,96.51000213623047,1148000
2018-05-01,96.2699966430664,98.5199966430664,95.98999786376953,98.4800033569336,1196600
2018-05-02,97.93000030517578,98.4800033569336,96.75,96.94000244140625,1484600
2018-05-03,96.75,97.80999755859375,95.41000366210938,97.61000061035156,1147500
2018-05-04,97.37000274658203,99.12000274658203,96.3499984741211,98.66000366210938,1249100
2018-05-07,98.51000213623047,99.72000122070312,98.16999816894531,99.47000122070312,1252300
2018-05-08,99.4800033569336,100.1500015258789,99.08000183105469,99.93000030517578,1483800
2018-05-09,98.7300033569336,100.52999877929688,98.5,99.80000305175781,1133400
2018-05-10,100.0,100.97000122070312,99.76000213623047,100.20999908447266,919500
2018-05-11,100.06999969482422,100.80000305175781,99.55000305175781,100.2300033569336,1055300
2018-05-14,100.16999816894531,100.97000122070312,98.83000183105469,98.94999694824219,1021200
2018-05-15,97.94000244140625,97.95999908447266,96.47000122070312,96.8499984741211,1729500
2018-05-16,96.91000366210938,97.0999984741211,95.61000061035156,96.4000015258789,1335100
2018-05-17,96.43000030517578,96.69000244140625,95.02999877929688,95.95999908447266,1557000
2018-05-18,96.20999908447266,96.48999786376953,95.62999725341797,95.68000030517578,787000
2018-05-21,96.02999877929688,97.22000122070312,96.02999877929688,96.97000122070312,1132600
2018-05-22,97.01000213623047,97.79000091552734,96.16999816894531,96.33999633789062,850700
2018-05-23,95.7699966430664,96.62999725341797,95.61000061035156,96.62000274658203,679700
2018-05-24,96.72000122070312,96.75,95.37000274658203,96.41000366210938,833300
2018-05-25,96.79000091552734,97.22000122070312,96.31999969482422,97.05999755859375,817900
2018-05-29,96.1500015258789,97.0199966430664,95.91000366210938,96.48999786376953,794500
2018-05-30,97.04000091552734,97.44000244140625,96.56999969482422,96.94999694824219,905300
2018-05-31,97.05999755859375,97.9800033569336,96.5,97.36000061035156,1008000
2018-06-01,97.06999969482422,99.33000183105469,97.06999969482422,99.04000091552734,1492200
2018-06-04,98.86000061035156,100.19000244140625,97.29000091552734,98.6500015258789,1413100
2018-06-05,98.9800033569336,99.13999938964844,97.8499984741211,98.37000274658203,1108900
2018-06-06,98.66999816894531,99.20999908447266,97.9800033569336,98.83000183105469,936500
2018-06-07,98.72000122070312,99.13999938964844,97.69000244140625,98.0199966430664,1127800
2018-06-08,98.2300033569336,99.3499984741211,98.0,99.0999984741211,728800
2018-06-11,99.12999725341797,99.54000091552734,98.79000091552734,99.33000183105469,502500
2018-06-12,99.80000305175781,100.98999786376953,99.19999694824219,100.87999725341797,866700
2018-06-13,100.87999725341797,100.98999786376953,99.7699966430664,100.06999969482422,850800
2018-06-14,99.94999694824219,100.48999786376953,99.58999633789062,99.94000244140625,781700
2018-06-15,99.72000122070312,100.08999633789062,98.55000305175781,99.97000122070312,1898500
2018-06-18,99.2300033569336,100.55000305175781,99.2300033569336,100.45999908447266,1054200
2018-06-19,99.9000015258789,99.93000030517578,99.02999877929688,99.58999633789062,745600
2018-06-20,99.72000122070312,100.23999786376953,99.31999969482422,99.51000213623047,895500
2018-06-21,99.5999984741211,99.81999969482422,98.20999908447266,98.33000183105469,881100
2018-06-22,98.80000305175781,99.11000061035156,96.68000030517578,97.4800033569336,1014300
2018-06-25,96.63999938964844,96.80999755859375,95.66999816894531,96.55000305175781,1280300
2018-06-26,96.75,97.63999938964844,96.58000183105469,97.31999969482422,824400
2018-06-27,97.62000274658203,98.19999694824219,96.93000030517578,97.0999984741211,1104300
2018-06-28,96.97000122070312,98.81999969482422,96.29000091552734,98.62999725341797,1197500
2018-06-29,98.9000015258789,98.9000015258789,97.5,97.68000030517578,786900
2018-07-02,96.83000183105469,99.38999938964844,96.83000183105469,99.33999633789062,1263800
2018-07-03,99.7300033569336,100.0,99.25,99.38999938964844,737500
2018-07-05,99.54000091552734,100.08999633789062,98.62999725341797,99.97000122070312,1669100
2018-07-06,101.52999877929688,103.1500015258789,101.0199966430664,102.80999755859375,2769200
2018-07-09,103.0,103.26000213623047,101.70999908447266,102.0,1803600
2018-07-10,104.20999908447266,104.73999786376953,102.08999633789062,104.38999938964844,2127900
2018-07-11,104.38999938964844,108.66000366210938,104.0,108.37000274658203,3089000
2018-07-12,108.83000183105469,110.0199966430664,108.58999633789062,109.88999938964844,1612600
2018-07-13,109.9000015258789,110.02999877929688,108.93000030517578,109.30999755859375,1205900
2018-07-16,109.26000213623047,109.68000030517578,108.83000183105469,108.97000122070312,806700
2018-07-17,108.26000213623047,110.23999786376953,107.80000305175781,110.11000061035156,1087400
2018-07-18,109.87999725341797,110.87000274658203,109.45999908447266,110.66999816894531,556800
2018-07-19,110.45999908447266,111.33999633789062,109.93000030517578,111.23999786376953,965900
2018-07-20,111.05999755859375,112.04000091552734,110.62000274658203,111.55999755859375,1128200
2018-07-23,111.22000122070312,111.4800033569336,109.79000091552734,109.91999816894531,1820000
2018-07-24,110.69999694824219,111.69000244140625,109.91000366210938,111.0199966430664,2036600
2018-07-25,114.23999786376953,116.9000015258789,112.68000030517578,116.80999755859375,2454900
2018-07-26,115.48999786376953,117.62000274658203,111.69000244140625,116.66999816894531,2642000
2018-07-27,116.29000091552734,116.4800033569336,113.08999633789062,113.58000183105469,2258000
2018-07-30,113.5,114.88999938964844,112.87999725341797,113.54000091552734,1328000
2018-07-31,113.83999633789062,114.18000030517578,107.98999786376953,112.66999816894531,2638600
2018-08-01,111.3499984741211,112.26000213623047,110.20999908447266,111.97000122070312,1437100
2018-08-02,111.66999816894531,113.41999816894531,110.70999908447266,113.11000061035156,1312200
2018-08-03,113.0,113.5,112.19000244140625,113.12000274658203,796800
2018-08-06,113.12000274658203,114.79000091552734,112.75,114.19000244140625,757200
2018-08-07,113.9800033569336,114.69000244140625,112.3499984741211,113.12000274658203,1367400
2018-08-08,113.12999725341797,113.91000366210938,112.72000122070312,113.3499984741211,1021700
2018-08-09,113.73999786376953,114.66000366210938,113.56999969482422,113.80999755859375,703400
2018-08-10,113.41000366210938,113.91000366210938,113.04000091552734,113.68000030517578,528400
2018-08-13,114.13999938964844,114.91999816894531,112.91000366210938,113.29000091552734,585000
2018-08-14,113.05999755859375,114.83999633789062,112.86000061035156,114.25,1030000
2018-08-15,113.12000274658203,114.16999816894531,112.0,113.83999633789062,751600
2018-08-16,114.23999786376953,114.45999908447266,113.94999694824219,114.30999755859375,436000
2018-08-17,114.33000183105469,115.08000183105469,113.95999908447266,114.94000244140625,680200
2018-08-20,115.0,115.16000366210938,114.33999633789062,114.80999755859375,488800
2018-08-21,115.0,115.5,114.1500015258789,114.30999755859375,686900
2018-08-22,114.0,115.66999816894531,113.9800033569336,115.31999969482422,620400
2018-08-23,115.2300033569336,115.94999694824219,114.8499984741211,115.41999816894531,561000
2018-08-24,115.9000015258789,116.4800033569336,115.5,115.73999786376953,917500
2018-08-27,115.5999984741211,115.91999816894531,114.66999816894531,115.37999725341797,1375600
2018-08-28,115.01000213623047,115.87000274658203,114.44000244140625,115.76000213623047,991500
2018-08-29,116.08000183105469,118.01000213623047,115.7300033569336,117.68000030517578,1239500
2018-08-30,117.30000305175781,117.77999877929688,116.48999786376953,116.58999633789062,994500
2018-08-31,116.44000244140625,117.06999969482422,115.69000244140625,116.19000244140625,986700
2018-09-04,115.26000213623047,116.77999877929688,114.83999633789062,116.61000061035156,1080600
2018-09-05,116.54000091552734,116.62000274658203,114.86000061035156,115.56999969482422,728700
2018-09-06,115.2300033569336,116.01000213623047,114.7699966430664,115.54000091552734,901100
2018-09-07,115.02999877929688,116.01000213623047,114.58000183105469,115.41999816894531,669500
2018-09-10,115.75,117.88999938964844,115.56999969482422,117.41000366210938,1356900
2018-09-11,117.01000213623047,117.66999816894531,116.41000366210938,117.47000122070312,676200
2018-09-12,116.95999908447266,118.02999877929688,116.41999816894531,117.93000030517578,894600
2018-09-13,118.19999694824219,120.18000030517578,118.13999938964844,119.81999969482422,1745000
2018-09-14,119.54000091552734,120.58000183105469,119.4800033569336,120.5,552600
2018-09-17,120.56999969482422,120.80999755859375,119.41000366210938,119.66000366210938,1320700
2018-09-18,119.31999969482422,120.22000122070312,118.63999938964844,119.66000366210938,1312900
2018-09-19,119.5199966430664,119.8499984741211,116.66999816894531,118.12000274658203,815400
2018-09-20,118.58999633789062,120.7300033569336,118.12999725341797,118.70999908447266,1021600
2018-09-21,118.6500015258789,118.76000213623047,117.66000366210938,117.75,1456600
2018-09-24,117.5999984741211,119.05000305175781,116.25,118.4800033569336,654600
2018-09-25,119.05000305175781,119.16999816894531,117.87000274658203,118.16000366210938,888100
2018-09-26,118.7699966430664,119.2300033569336,118.2300033569336,118.45999908447266,905200
2018-09-27,117.91999816894531,118.69999694824219,117.62999725341797,118.11000061035156,944700
2018-09-28,117.73999786376953,118.9000015258789,117.47000122070312,117.66999816894531,831000
2018-10-01,118.0999984741211,118.7699966430664,117.47000122070312,117.7300033569336,950100
2018-10-02,117.0,117.43000030517578,115.08000183105469,115.66000366210938,1489700
2018-10-03,115.66000366210938,117.19000244140625,115.22000122070312,116.69000244140625,973500
2018-10-04,116.2300033569336,116.7300033569336,114.93000030517578,115.56999969482422,934300
2018-10-05,115.56999969482422,116.30999755859375,114.06999969482422,115.5,1052300
2018-10-08,115.29000091552734,115.48999786376953,112.55000305175781,114.33999633789062,911500
2018-10-09,113.97000122070312,114.98999786376953,113.08000183105469,113.56999969482422,1234700
2018-10-10,113.69000244140625,113.87000274658203,110.08999633789062,110.18000030517578,1480500
2018-10-11,109.7300033569336,112.06999969482422,109.4000015258789,110.2699966430664,1337900
2018-10-12,111.36000061035156,112.26000213623047,110.30999755859375,111.52999877929688,1512800
2018-10-15,111.13999938964844,112.2300033569336,110.05999755859375,111.11000061035156,950700
2018-10-16,112.4000015258789,113.72000122070312,111.54000091552734,113.30000305175781,1543500
2018-10-17,113.12000274658203,113.12000274658203,110.86000061035156,112.08000183105469,1260600
2018-10-18,111.38999938964844,112.37999725341797,110.23999786376953,110.77999877929688,1071600
2018-10-19,112.05999755859375,113.02999877929688,110.26000213623047,110.2699966430664,1037100
2018-10-22,111.01000213623047,113.44000244140625,110.33000183105469,112.44999694824219,1342700
2018-10-23,111.11000061035156,113.7699966430664,110.51000213623047,113.1500015258789,2063300
2018-10-24,113.1500015258789,114.44999694824219,108.16000366210938,108.33000183105469,2569500
2018-10-25,108.29000091552734,110.08000183105469,108.0,109.2300033569336,1613200
2018-10-26,106.11000061035156,109.55000305175781,106.0,108.37000274658203,1215500
2018-10-29,109.31999969482422,110.4000015258789,105.12000274658203,106.83999633789062,1308100
2018-10-30,106.94000244140625,107.94999694824219,105.43000030517578,107.26000213623047,1266400
2018-10-31,108.55000305175781,111.27999877929688,107.9000015258789,111.0,1693700
2018-11-01,111.01000213623047,111.72000122070312,109.33999633789062,111.37999725341797,834600
2018-11-02,111.91000366210938,112.41999816894531,109.66999816894531,111.0,912600
2018-11-05,111.05000305175781,112.1500015258789,110.51000213623047,111.63999938964844,753300
2018-11-06,111.20999908447266,112.7699966430664,111.0,111.83999633789062,994500
2018-11-07,112.97000122070312,113.47000122070312,112.16999816894531,112.8499984741211,1225100
2018-11-08,112.36000061035156,113.18000030517578,111.06999969482422,111.61000061035156,951900
2018-11-09,110.76000213623047,112.7300033569336,109.01000213623047,112.63999938964844,1166700
2018-11-12,111.87000274658203,112.05999755859375,110.66000366210938,110.77999877929688,763700
2018-11-13,111.37000274658203,112.4000015258789,110.02999877929688,110.93000030517578,890300
2018-11-14,111.5,112.77999877929688,110.79000091552734,111.29000091552734,861000
2018-11-15,110.69999694824219,113.73999786376953,110.2300033569336,113.54000091552734,977800
2018-11-16,113.0999984741211,114.4000015258789,112.23999786376953,114.33999633789062,713200
2018-11-19,113.80000305175781,113.88999938964844,110.91999816894531,111.41999816894531,854400
2018-11-20,110.37999725341797,110.9800033569336,106.3499984741211,107.12000274658203,1951800
2018-11-21,108.13999938964844,109.0,107.27999877929688,107.98999786376953,871100
2018-11-23,106.79000091552734,109.9000015258789,106.62000274658203,109.13999938964844,489900
2018-11-26,110.0,110.36000061035156,108.94000244140625,110.19999694824219,664300
2018-11-27,109.97000122070312,109.98999786376953,107.62000274658203,107.8499984741211,913500
2018-11-28,108.33999633789062,111.47000122070312,108.2300033569336,111.1500015258789,1338000
2018-11-29,111.12000274658203,111.2300033569336,109.5,110.37999725341797,930400
2018-11-30,110.63999938964844,111.98999786376953,110.33999633789062,111.80999755859375,1050400
2018-12-03,112.77999877929688,113.16000366210938,111.79000091552734,112.47000122070312,942400
2018-12-04,112.0,112.79000091552734,110.01000213623047,110.20999908447266,856300
2018-12-06,108.54000091552734,110.1500015258789,108.3499984741211,109.98999786376953,1489800
2018-12-07,109.69999694824219,109.7699966430664,105.77999877929688,106.27999877929688,1423300
2018-12-10,106.02999877929688,109.55999755859375,105.66999816894531,109.12999725341797,1306400
2018-12-11,109.81999969482422,111.0999984741211,108.5999984741211,108.83999633789062,937100
2018-12-12,110.0,110.47000122070312,108.36000061035156,108.73999786376953,883100
2018-12-13,109.47000122070312,110.0,107.91000366210938,108.44000244140625,816000
2018-12-14,107.30999755859375,109.29000091552734,106.91000366210938,107.41999816894531,761500
2018-12-17,107.12999725341797,107.43000030517578,103.61000061035156,104.13999938964844,822500
2018-12-18,105.27999877929688,105.73999786376953,103.7300033569336,104.55000305175781,762000
2018-12-19,104.76000213623047,106.93000030517578,103.37000274658203,104.36000061035156,977600
2018-12-20,104.2300033569336,104.7300033569336,101.31999969482422,103.12999725341797,1112500
2018-12-21,103.52999877929688,104.26000213623047,99.7300033569336,100.04000091552734,1483900
2018-12-24,99.20999908447266,100.8499984741211,98.56999969482422,99.5999984741211,534400
2018-12-26,99.94000244140625,103.08000183105469,99.12000274658203,102.9800033569336,748800
2018-12-27,101.72000122070312,103.4800033569336,100.58999633789062,103.47000122070312,545200
2018-12-28,103.55999755859375,104.05999755859375,101.79000091552734,102.91000366210938,456000
2018-12-31,103.5199966430664,104.0,102.08999633789062,102.6500015258789,438200
2019-01-02,101.04000091552734,103.7300033569336,100.62999725341797,103.5,940500
2019-01-03,101.83999633789062,104.26000213623047,101.79000091552734,102.3499984741211,959900
2019-01-04,103.83000183105469,105.5199966430664,103.62000274658203,105.3499984741211,1136100
2019-01-07,104.87999725341797,105.44000244140625,103.54000091552734,104.87000274658203,1216300
2019-01-08,105.25,107.62000274658203,105.08000183105469,107.56999969482422,859400
2019-01-09,107.97000122070312,109.83000183105469,107.1500015258789,107.5,1410900
2019-01-10,107.37999725341797,108.58999633789062,106.88999938964844,107.81999969482422,889200
2019-01-11,107.13999938964844,108.2699966430664,104.70999908447266,105.38999938964844,1329800
2019-01-14,104.83000183105469,105.20999908447266,103.45999908447266,104.30000305175781,1078300
2019-01-15,104.2300033569336,107.0,104.05999755859375,105.9000015258789,947300
2019-01-16,106.12999725341797,106.47000122070312,104.22000122070312,104.43000030517578,994000
2019-01-17,104.45999908447266,106.5,104.44000244140625,105.94999694824219,859900
2019-01-18,106.62999725341797,107.62000274658203,105.41999816894531,106.83999633789062,962800
2019-01-22,106.5,107.69000244140625,105.87999725341797,106.66000366210938,834700
2019-01-23,106.56999969482422,108.18000030517578,105.95999908447266,107.4000015258789,1107400
2019-01-24,107.56999969482422,107.9000015258789,106.43000030517578,107.3499984741211,521800
2019-01-25,108.05000305175781,108.69000244140625,107.47000122070312,107.98999786376953,694400
2019-01-28,107.33999633789062,110.3499984741211,107.33999633789062,109.63999938964844,1645300
2019-01-29,109.4800033569336,110.9800033569336,108.72000122070312,110.76000213623047,1652600
2019-01-30,111.0,112.73999786376953,108.5199966430664,110.93000030517578,1851600
2019-01-31,110.18000030517578,112.58999633789062,110.18000030517578,111.91999816894531,1373300
2019-02-01,111.72000122070312,113.0,111.56999969482422,112.56999969482422,654300
2019-02-04,112.66000366210938,115.13999938964844,112.26000213623047,114.27999877929688,1177600
2019-02-05,115.0,115.48999786376953,114.27999877929688,115.37000274658203,662600
2019-02-06,115.44000244140625,116.0199966430664,114.5,115.9000015258789,635200
2019-02-07,115.25,116.27999877929688,114.66999816894531,115.79000091552734,1055000
2019-02-08,114.76000213623047,116.29000091552734,114.30999755859375,116.26000213623047,578300
2019-02-11,117.05999755859375,118.0,116.26000213623047,116.6500015258789,505700
2019-02-12,116.80000305175781,119.26000213623047,116.66000366210938,119.08999633789062,1113000
2019-02-13,119.31999969482422,119.80000305175781,117.9000015258789,118.04000091552734,1078600
2019-02-14,117.81999969482422,119.62999725341797,116.2699966430664,119.31999969482422,862100
2019-02-15,119.9000015258789,120.20999908447266,118.80999755859375,120.0999984741211,753700
2019-02-19,120.04000091552734,121.56999969482422,119.73999786376953,120.33999633789062,1057000
2019-02-20,119.98999786376953,120.80000305175781,119.30999755859375,119.98999786376953,799200
2019-02-21,119.58999633789062,121.62000274658203,119.44999694824219,121.18000030517578,663600
2019-02-22,121.54000091552734,122.94999694824219,121.44000244140625,122.76000213623047,438900
2019-02-25,122.9000015258789,123.19000244140625,121.5999984741211,121.77999877929688,996900
2019-02-26,121.77999877929688,121.94999694824219,121.1500015258789,121.4800033569336,903700
2019-02-27,121.0999984741211,123.16000366210938,121.0999984741211,123.0,796700
2019-02-28,123.05999755859375,123.69000244140625,122.2300033569336,122.30000305175781,873800
2019-03-01,121.63999938964844,123.0199966430664,120.5999984741211,121.30000305175781,887900
2019-03-04,120.72000122070312,122.58999633789062,119.5199966430664,121.1500015258789,703300
2019-03-05,121.1500015258789,121.66000366210938,120.22000122070312,120.56999969482422,730200
2019-03-06,119.68000030517578,120.30999755859375,118.69999694824219,118.9800033569336,766900
2019-03-07,118.37000274658203,119.37000274658203,117.6500015258789,118.45999908447266,632100
2019-03-08,117.58999633789062,119.0,117.06999969482422,118.94000244140625,529900
2019-03-11,119.37999725341797,120.16999816894531,118.97000122070312,120.02999877929688,828700
2019-03-12,120.16000366210938,121.22000122070312,119.73999786376953,121.19999694824219,1160100
2019-03-13,121.80000305175781,123.16000366210938,121.55000305175781,122.04000091552734,677900
2019-03-14,122.2699966430664,123.87000274658203,122.08999633789062,123.80000305175781,1789400
2019-03-15,124.37000274658203,125.68000030517578,123.19999694824219,125.63999938964844,1582900
2019-03-18,125.45999908447266,127.52999877929688,125.2300033569336,126.75,1190900
2019-03-19,127.5,128.11000061035156,125.77999877929688,126.18000030517578,1094600
2019-03-20,125.94000244140625,126.56999969482422,125.33000183105469,125.80999755859375,889900
2019-03-21,125.19999694824219,126.62999725341797,124.08000183105469,126.16000366210938,1463900
2019-03-22,125.83000183105469,126.19999694824219,125.11000061035156,125.43000030517578,758500
2019-03-25,124.91999816894531,125.51000213623047,124.36000061035156,125.43000030517578,471500
2019-03-26,126.08000183105469,126.66000366210938,125.33000183105469,126.05999755859375,600800
2019-03-27,125.55999755859375,126.25,123.7300033569336,124.54000091552734,701800
2019-03-28,124.94999694824219,125.08000183105469,124.06999969482422,124.83000183105469,495800
2019-03-29,125.47000122070312,126.55999755859375,125.05000305175781,126.48999786376953,722900
2019-04-01,127.19000244140625,128.14999389648438,125.75,126.80000305175781,783100
2019-04-02,126.70999908447266,128.11000061035156,126.08000183105469,127.98999786376953,728900
2019-04-03,128.60000610351562,128.85000610351562,127.3499984741211,127.80000305175781,925700
2019-04-04,128.11000061035156,128.11000061035156,122.94999694824219,124.22000122070312,2127000
2019-04-05,124.68000030517578,125.16000366210938,123.6500015258789,123.97000122070312,900100
2019-04-08,123.9800033569336,125.18000030517578,123.16999816894531,124.55999755859375,877000
2019-04-09,123.94999694824219,124.8499984741211,123.2300033569336,124.36000061035156,647800
2019-04-10,124.30999755859375,125.77999877929688,124.18000030517578,125.55000305175781,624700
2019-04-11,125.68000030517578,126.79000091552734,125.45999908447266,125.80999755859375,743900
2019-04-12,127.5,131.57000732421875,127.0,130.39999389648438,1798700
2019-04-15,130.1300048828125,132.3000030517578,130.1300048828125,131.57000732421875,1141200
2019-04-16,131.61000061035156,132.75999450683594,129.25999450683594,130.07000732421875,927800
2019-04-17,130.9499969482422,130.9499969482422,127.88999938964844,129.52999877929688,1627600
2019-04-18,120.1500015258789,120.1500015258789,115.20999908447266,119.98999786376953,5044100
2019-04-22,120.48999786376953,121.5,118.0999984741211,118.3499984741211,1592400
2019-04-23,119.16000366210938,119.5,117.12000274658203,118.5199966430664,1500800
2019-04-24,118.93000030517578,119.87999725341797,117.72000122070312,118.19000244140625,1007500
2019-04-25,118.56999969482422,119.30000305175781,117.75,119.1500015258789,934300
2019-04-26,118.9800033569336,121.0999984741211,118.9800033569336,119.6500015258789,830100
2019-04-29,119.6500015258789,121.25,119.6500015258789,120.79000091552734,604800
2019-04-30,120.29000091552734,121.23999786376953,119.91000366210938,120.76000213623047,1022900
2019-05-01,120.36000061035156,120.7699966430664,118.51000213623047,118.6500015258789,848400
2019-05-02,118.6500015258789,120.73999786376953,118.33000183105469,118.58999633789062,668200
2019-05-03,119.05999755859375,120.0,118.31999969482422,119.94000244140625,750700
2019-05-06,117.6500015258789,119.91999816894531,117.4000015258789,119.62000274658203,923400
2019-05-07,118.08000183105469,119.19000244140625,116.01000213623047,116.41999816894531,1288100
2019-05-08,116.41999816894531,117.44999694824219,115.5,117.05000305175781,729200
2019-05-09,116.58999633789062,118.30999755859375,115.62999725341797,117.77999877929688,750600
2019-05-10,116.68000030517578,118.94999694824219,116.38999938964844,118.62999725341797,435300
2019-05-13,116.47000122070312,117.33999633789062,115.2699966430664,115.44999694824219,934000
2019-05-14,115.94999694824219,117.2699966430664,115.94999694824219,116.33000183105469,614700
2019-05-15,115.52999877929688,117.66000366210938,115.52999877929688,116.80999755859375,677900
2019-05-16,116.91999816894531,119.5999984741211,116.9000015258789,119.12000274658203,812300
2019-05-17,118.88999938964844,119.79000091552734,118.12999725341797,118.43000030517578,546400
2019-05-20,117.51000213623047,118.61000061035156,117.0,117.97000122070312,590700
2019-05-21,119.0999984741211,119.79000091552734,117.9000015258789,117.97000122070312,540400
2019-05-22,117.87000274658203,118.86000061035156,117.87000274658203,118.23999786376953,540400
2019-05-23,116.97000122070312,117.52999877929688,112.5999984741211,113.4000015258789,1304800
2019-05-24,114.25,115.0,113.0,113.93000030517578,822800
2019-05-28,114.47000122070312,115.80999755859375,113.19000244140625,113.23999786376953,1144400
2019-05-29,112.80999755859375,113.75,112.13999938964844,113.13999938964844,905200
2019-05-30,113.22000122070312,114.05999755859375,111.43000030517578,112.56999969482422,1627700
2019-05-31,111.58000183105469,112.08999633789062,110.18000030517578,110.27999877929688,1050700
2019-06-03,110.62999725341797,111.19999694824219,108.58999633789062,109.4000015258789,1019300
2019-06-04,110.93000030517578,112.19999694824219,110.05999755859375,112.08999633789062,919600
2019-06-05,112.36000061035156,113.12000274658203,111.62999725341797,112.33999633789062,669300
2019-06-06,112.9000015258789,113.0999984741211,111.44999694824219,111.95999908447266,452400
2019-06-07,112.5,113.6500015258789,111.91000366210938,111.98999786376953,653800
2019-06-10,112.5199966430664,114.54000091552734,112.48999786376953,113.9800033569336,827200
2019-06-11,115.2300033569336,115.3499984741211,111.54000091552734,113.27999877929688,910900
2019-06-12,113.19999694824219,113.76000213623047,112.41000366210938,113.22000122070312,514500
2019-06-13,113.76000213623047,114.94999694824219,112.62000274658203,113.0,771300
2019-06-14,112.45999908447266,113.80999755859375,112.3499984741211,113.31999969482422,695000
2019-06-17,113.23999786376953,114.0,113.0199966430664,113.3499984741211,530500
2019-06-18,115.52999877929688,115.55999755859375,112.5,112.73999786376953,814000
2019-06-19,113.26000213623047,114.5999984741211,112.01000213623047,114.2300033569336,719100
2019-06-20,116.0,116.0,113.69000244140625,114.81999969482422,844000
2019-06-21,114.83000183105469,115.9800033569336,114.01000213623047,114.18000030517578,1426500
2019-06-24,114.62999725341797,114.80000305175781,113.23999786376953,113.88999938964844,577100
2019-06-25,113.98999786376953,114.4800033569336,113.62999725341797,114.08000183105469,805600
2019-06-26,114.58000183105469,115.41999816894531,113.76000213623047,113.94999694824219,536000
2019-06-27,114.56999969482422,116.02999877929688,114.23999786376953,115.2300033569336,746300
2019-06-28,115.73999786376953,116.29000091552734,114.8499984741211,115.61000061035156,829100
2019-07-01,117.2300033569336,118.08999633789062,116.43000030517578,117.77999877929688,907800
2019-07-02,118.4000015258789,119.44000244140625,117.70999908447266,119.25,699400
2019-07-03,119.69999694824219,120.68000030517578,119.01000213623047,119.47000122070312,454100
2019-07-05,119.37999725341797,119.58000183105469,117.86000061035156,119.55999755859375,642000
2019-07-08,119.44000244140625,120.5999984741211,119.0999984741211,120.2699966430664,664000
2019-07-09,119.69000244140625,120.25,119.06999969482422,120.20999908447266,971000
2019-07-10,120.69000244140625,120.98999786376953,119.62000274658203,119.73999786376953,666900
2019-07-11,120.05000305175781,120.30000305175781,118.80000305175781,119.2300033569336,1172700
2019-07-12,119.80999755859375,119.80999755859375,118.30000305175781,118.80000305175781,822500
2019-07-15,118.86000061035156,118.9800033569336,116.7699966430664,117.62999725341797,1164700
2019-07-16,116.23999786376953,116.44000244140625,114.58999633789062,116.25,1110700
2019-07-17,116.66000366210938,117.58999633789062,115.72000122070312,115.98999786376953,1012600
2019-07-18,115.69999694824219,117.31999969482422,115.33000183105469,116.87999725341797,746300
2019-07-19,117.5999984741211,117.94999694824219,116.0199966430664,116.08000183105469,792600
2019-07-22,116.43000030517578,118.0,115.16999816894531,115.2699966430664,724100
2019-07-23,116.04000091552734,116.4800033569336,114.08000183105469,115.70999908447266,1059000
2019-07-24,114.5,114.9000015258789,111.5199966430664,113.25,2750800
2019-07-25,112.91999816894531,115.05999755859375,112.44000244140625,113.68000030517578,1126500
2019-07-26,114.25,114.83000183105469,112.47000122070312,112.48999786376953,925400
2019-07-29,112.38999938964844,112.72000122070312,110.4000015258789,111.87999725341797,1207400
2019-07-30,110.88999938964844,111.80999755859375,110.38999938964844,111.43000030517578,964300
2019-07-31,111.70999908447266,113.30999755859375,111.1500015258789,111.94999694824219,1225100
2019-08-01,111.7699966430664,112.19999694824219,110.4800033569336,110.79000091552734,1317600
2019-08-02,110.66999816894531,112.11000061035156,110.51000213623047,111.73999786376953,1093100
2019-08-05,109.95999908447266,110.48999786376953,107.77999877929688,108.08999633789062,1598100
2019-08-06,109.0199966430664,109.86000061035156,107.51000213623047,108.22000122070312,1439400
2019-08-07,107.38999938964844,109.48999786376953,107.02999877929688,109.31999969482422,838900
2019-08-08,109.58000183105469,111.7699966430664,109.58000183105469,111.69999694824219,1053100
2019-08-09,111.08000183105469,112.0,110.86000061035156,111.04000091552734,711400
2019-08-12,110.36000061035156,110.76000213623047,109.20999908447266,109.43000030517578,589700
2019-08-13,109.55999755859375,111.79000091552734,109.0,110.62000274658203,879900
2019-08-14,108.70999908447266,109.41999816894531,107.05000305175781,107.51000213623047,974900
2019-08-15,107.29000091552734,108.37000274658203,106.94000244140625,107.63999938964844,695400
2019-08-16,108.66999816894531,109.31999969482422,107.98999786376953,108.12000274658203,625500
2019-08-19,108.66000366210938,109.08999633789062,108.08000183105469,108.7699966430664,524200
2019-08-20,108.69999694824219,109.22000122070312,107.94000244140625,108.47000122070312,708800
2019-08-21,109.19000244140625,109.98999786376953,108.61000061035156,109.20999908447266,630200
2019-08-22,109.29000091552734,110.0,108.12999725341797,108.9800033569336,680400
2019-08-23,108.55999755859375,109.16000366210938,106.51000213623047,106.80000305175781,842500
2019-08-26,107.44999694824219,107.98999786376953,105.80999755859375,106.5199966430664,652300
2019-08-27,107.1500015258789,107.72000122070312,105.48999786376953,106.72000122070312,1110800
2019-08-28,106.01000213623047,106.61000061035156,105.12999725341797,105.77999877929688,828400
2019-08-29,107.06999969482422,108.12000274658203,106.76000213623047,107.45999908447266,616900
2019-08-30,108.13999938964844,108.30999755859375,107.44999694824219,107.69999694824219,716400
2019-09-03,107.0,107.91000366210938,106.12000274658203,106.52999877929688,714800
2019-09-04,107.23999786376953,107.88999938964844,106.12000274658203,106.26000213623047,715500
2019-09-05,107.41999816894531,109.06999969482422,107.19999694824219,108.0,1248100
2019-09-06,108.63999938964844,108.63999938964844,107.25,107.44000244140625,990100
2019-09-09,108.05000305175781,110.02999877929688,107.69999694824219,109.88999938964844,1949000
2019-09-10,109.62999725341797,111.31999969482422,108.9800033569336,111.27999877929688,1192000
2019-09-11,111.05000305175781,112.70999908447266,110.04000091552734,112.61000061035156,768700
2019-09-12,113.0,113.56999969482422,110.73999786376953,111.31999969482422,796800
2019-09-13,111.51000213623047,111.91999816894531,110.91000366210938,111.87999725341797,624200
2019-09-16,110.75,113.54000091552734,110.1500015258789,111.01000213623047,864900
2019-09-17,110.95999908447266,110.95999908447266,109.73999786376953,110.69000244140625,591500
2019-09-18,110.44999694824219,111.16999816894531,109.91999816894531,111.08999633789062,646700
2019-09-19,108.72000122070312,110.41000366210938,107.9000015258789,108.18000030517578,1566700
2019-09-20,108.30000305175781,109.25,107.80999755859375,108.9000015258789,1238800
2019-09-23,109.13999938964844,109.13999938964844,107.83999633789062,108.44000244140625,836100
2019-09-24,108.62999725341797,108.98999786376953,106.02999877929688,106.16999816894531,831100
2019-09-25,106.37000274658203,107.79000091552734,105.36000061035156,107.75,836700
2019-09-26,108.0199966430664,109.4800033569336,107.70999908447266,109.12000274658203,706800
2019-09-27,109.47000122070312,109.58999633789062,107.45999908447266,108.16999816894531,681000
2019-09-30,108.31999969482422,110.29000091552734,107.61000061035156,109.5,926400
2019-10-01,109.37000274658203,111.47000122070312,107.31999969482422,107.43000030517578,1204800
2019-10-02,107.0,108.0,105.19000244140625,107.94999694824219,1323000
2019-10-03,107.44999694824219,108.31999969482422,106.05999755859375,107.9000015258789,1039300
2019-10-04,108.87000274658203,111.06999969482422,108.12999725341797,111.0,1276800
2019-10-07,110.1500015258789,111.69000244140625,110.12999725341797,110.91000366210938,678700
2019-10-08,109.44999694824219,110.51000213623047,108.68000030517578,109.38999938964844,1097800
2019-10-09,110.1500015258789,110.83000183105469,109.66000366210938,110.16000366210938,871500
2019-10-10,109.66999816894531,110.05999755859375,108.61000061035156,109.4800033569336,1024400
2019-10-11,110.08000183105469,111.81999969482422,109.54000091552734,111.26000213623047,608100
2019-10-14,109.66999816894531,109.8499984741211,108.27999877929688,108.73999786376953,879500
2019-10-15,108.95999908447266,109.86000061035156,108.63999938964844,108.9000015258789,884700
2019-10-16,108.1500015258789,108.55000305175781,107.38999938964844,108.19999694824219,1215400
2019-10-17,108.33999633789062,108.68000030517578,107.41000366210938,108.05000305175781,770300
2019-10-18,108.12000274658203,108.58999633789062,107.26000213623047,107.41000366210938,706400
2019-10-21,107.88999938964844,108.33000183105469,107.36000061035156,107.38999938964844,741200
2019-10-22,107.27999877929688,107.97000122070312,106.62999725341797,106.63999938964844,655200
2019-10-23,106.63999938964844,107.58000183105469,106.13999938964844,107.33999633789062,1225600
2019-10-24,107.91999816894531,108.70999908447266,107.37999725341797,108.5,1785400
2019-10-25,107.87000274658203,108.69000244140625,107.38999938964844,108.31999969482422,1674800
2019-10-28,109.7699966430664,111.33000183105469,106.94000244140625,109.0199966430664,3732900
2019-10-29,108.97000122070312,113.72000122070312,108.5,113.11000061035156,1968900
2019-10-30,112.86000061035156,112.86000061035156,110.61000061035156,112.1500015258789,1615700
2019-10-31,112.13999938964844,112.97000122070312,110.58000183105469,112.41000366210938,925000
2019-11-01,112.81999969482422,113.6500015258789,111.9800033569336,112.12000274658203,703700
2019-11-04,112.55999755859375,113.0,111.5,111.55000305175781,1318500
2019-11-05,111.33000183105469,113.58000183105469,111.0199966430664,113.38999938964844,742000
2019-11-06,113.5199966430664,114.44000244140625,112.91999816894531,113.73999786376953,724300
2019-11-07,114.5199966430664,115.29000091552734,114.1500015258789,114.58999633789062,555600
2019-11-08,114.4000015258789,115.51000213623047,113.04000091552734,115.41999816894531,692100
2019-11-11,115.0,116.29000091552734,114.5999984741211,115.87000274658203,501200
2019-11-12,116.11000061035156,116.75,115.45999908447266,115.69999694824219,777100
2019-11-13,115.4000015258789,116.26000213623047,114.83999633789062,115.81999969482422,520500
2019-11-14,115.86000061035156,116.48999786376953,115.41000366210938,116.27999877929688,447600
2019-11-15,116.5999984741211,117.04000091552734,115.95999908447266,116.4000015258789,564300
2019-11-18,116.41999816894531,117.26000213623047,116.2699966430664,116.87000274658203,549400
2019-11-19,117.0,117.94000244140625,116.52999877929688,117.30999755859375,567000
2019-11-20,116.95999908447266,117.76000213623047,116.22000122070312,116.58000183105469,774800
2019-11-21,116.8499984741211,116.95999908447266,115.83999633789062,116.2699966430664,635000
2019-11-22,116.58000183105469,117.29000091552734,115.58999633789062,117.12000274658203,655700
2019-11-25,117.5,118.4000015258789,117.06999969482422,117.16000366210938,589200
2019-11-26,117.43000030517578,117.56999969482422,116.55000305175781,117.31999969482422,925900
2019-11-27,117.37999725341797,118.66999816894531,117.31999969482422,118.63999938964844,746800
2019-11-29,118.26000213623047,118.36000061035156,117.58999633789062,117.87999725341797,258500
2019-12-02,117.70999908447266,118.0,116.19999694824219,116.38999938964844,821600
2019-12-03,114.86000061035156,115.31999969482422,112.29000091552734,113.0199966430664,1657500
2019-12-04,113.62000274658203,113.7300033569336,112.55999755859375,112.56999969482422,716600
2019-12-05,112.66000366210938,114.0,112.54000091552734,113.30999755859375,799900
2019-12-06,114.04000091552734,114.04000091552734,112.87999725341797,112.93000030517578,442300
2019-12-09,112.52999877929688,113.79000091552734,112.5,113.47000122070312,534500
2019-12-10,113.45999908447266,113.79000091552734,112.2699966430664,112.38999938964844,617500
2019-12-11,112.93000030517578,113.87999725341797,112.88999938964844,113.52999877929688,525400
2019-12-12,113.33999633789062,115.06999969482422,112.9000015258789,113.7699966430664,948400
2019-12-13,114.08999633789062,114.83999633789062,113.23999786376953,113.30999755859375,714300
2019-12-16,113.37999725341797,114.48999786376953,113.06999969482422,113.18000030517578,667800
2019-12-17,113.79000091552734,114.04000091552734,110.94999694824219,111.0,1102000
2019-12-18,110.87999725341797,112.62999725341797,110.12000274658203,112.16999816894531,690100
2019-12-19,111.63999938964844,112.77999877929688,111.13999938964844,112.68000030517578,843600
2019-12-20,113.5,113.62999725341797,111.48999786376953,111.68000030517578,1149200
2019-12-23,111.91999816894531,112.1500015258789,111.0199966430664,111.75,720100
2019-12-24,111.72000122070312,111.98999786376953,111.0199966430664,111.58000183105469,179300
2019-12-26,112.04000091552734,113.2300033569336,111.62999725341797,112.06999969482422,480600
2019-12-27,112.29000091552734,112.29000091552734,110.7300033569336,111.80000305175781,489100
2019-12-30,111.87000274658203,112.0,110.94000244140625,111.68000030517578,679900
2019-12-31,111.25,112.77999877929688,110.56999969482422,110.95999908447266,534600
2020-01-02,111.3499984741211,112.69000244140625,111.30999755859375,112.26000213623047,982700
2020-01-03,111.02999877929688,112.77999877929688,111.02999877929688,112.29000091552734,661000
2020-01-06,111.9800033569336,113.48999786376953,111.76000213623047,112.80000305175781,728700
2020-01-07,111.58999633789062,112.81999969482422,110.69000244140625,112.02999877929688,981500
2020-01-08,112.3499984741211,112.52999877929688,110.36000061035156,111.4800033569336,1580300
2020-01-09,111.0199966430664,112.6500015258789,110.62000274658203,111.70999908447266,1156000
2020-01-10,112.37999725341797,113.30000305175781,111.80000305175781,112.62000274658203,894100
2020-01-13,110.69999694824219,114.70999908447266,110.30000305175781,113.44000244140625,1324200
2020-01-14,113.04000091552734,114.1500015258789,112.63999938964844,113.68000030517578,958500
2020-01-15,113.9000015258789,114.47000122070312,113.55999755859375,113.91999816894531,712600
2020-01-16,114.62999725341797,114.97000122070312,113.75,114.77999877929688,1067600
2020-01-17,115.44000244140625,115.58000183105469,113.55000305175781,113.75,1353800
2020-01-21,113.2300033569336,114.16000366210938,112.95999908447266,113.88999938964844,1008500
2020-01-22,114.0199966430664,115.5,114.01000213623047,114.87999725341797,696900
2020-01-23,115.0,115.55999755859375,113.7699966430664,115.51000213623047,779700
2020-01-24,115.95999908447266,116.58000183105469,115.04000091552734,115.4800033569336,875400
2020-01-27,113.48999786376953,114.75,112.66999816894531,114.33000183105469,911500
2020-01-28,115.01000213623047,115.44999694824219,113.66000366210938,113.7699966430664,942000
2020-01-29,114.37999725341797,114.88999938964844,113.38999938964844,113.94999694824219,996200
2020-01-30,113.69999694824219,114.5,112.9000015258789,114.37000274658203,960700
2020-01-31,114.37000274658203,114.91000366210938,113.22000122070312,114.30999755859375,2115800
2020-02-03,111.0,114.62000274658203,111.0,113.58000183105469,2075600
2020-02-04,113.62000274658203,115.44999694824219,112.69999694824219,115.12000274658203,1259100
2020-02-05,115.80000305175781,117.08999633789062,114.5999984741211,115.5199966430664,1163600
2020-02-06,116.08000183105469,118.22000122070312,115.87000274658203,117.52999877929688,1173700
2020-02-07,117.48999786376953,118.0999984741211,116.51000213623047,117.26000213623047,812800
2020-02-10,116.94000244140625,118.0999984741211,116.87999725341797,118.08000183105469,597200
2020-02-11,118.62999725341797,119.66999816894531,117.80999755859375,117.87999725341797,807100
2020-02-12,118.61000061035156,119.62000274658203,118.13999938964844,119.27999877929688,815900
2020-02-13,118.93000030517578,119.26000213623047,117.0999984741211,117.87999725341797,986200
2020-02-14,117.87999725341797,118.48999786376953,116.7300033569336,117.0999984741211,576700
2020-02-18,116.41000366210938,117.06999969482422,114.33000183105469,116.4000015258789,960500
2020-02-19,116.5999984741211,117.43000030517578,116.33000183105469,117.0,705300
2020-02-20,116.52999877929688,117.61000061035156,115.77999877929688,117.54000091552734,739200
2020-02-21,117.02999877929688,117.66000366210938,116.05000305175781,116.33999633789062,710300
2020-02-24,113.2699966430664,114.75,111.0199966430664,111.6500015258789,1396300
2020-02-25,111.91999816894531,111.97000122070312,106.16999816894531,106.37999725341797,2829700
2020-02-26,107.36000061035156,108.18000030517578,103.58000183105469,103.66000366210938,1965000
2020-02-27,101.95999908447266,105.69000244140625,100.43000030517578,101.63999938964844,2444100
2020-02-28,99.33999633789062,104.25,98.91000366210938,103.80000305175781,2347000
2020-03-02,104.30000305175781,104.9000015258789,101.69999694824219,104.12000274658203,1689100
2020-03-03,103.52999877929688,104.29000091552734,100.30999755859375,100.5,2021900
2020-03-04,101.9000015258789,104.05999755859375,101.56999969482422,104.0,1171000
2020-03-05,99.41999816894531,102.69000244140625,99.41000366210938,100.58000183105469,1147900
2020-03-06,97.91999816894531,100.70999908447266,96.4000015258789,98.5999984741211,2276900
2020-03-09,93.0199966430664,95.87000274658203,89.05000305175781,91.77999877929688,3008200
2020-03-10,94.69999694824219,94.69999694824219,89.98999786376953,92.73999786376953,3777800
2020-03-11,90.58000183105469,92.51000213623047,89.75,90.75,3126400
2020-03-12,86.12999725341797,86.19999694824219,80.05999755859375,82.05000305175781,3532400
2020-03-13,87.18000030517578,93.88999938964844,85.9800033569336,93.66999816894531,2925500
2020-03-16,85.2300033569336,95.36000061035156,82.41000366210938,90.93000030517578,2840700
2020-03-17,92.70999908447266,101.69000244140625,91.01000213623047,99.83999633789062,4341300
2020-03-18,95.54000091552734,100.83000183105469,90.04000091552734,92.06999969482422,2329500
2020-03-19,91.76000213623047,95.66000366210938,89.19999694824219,91.51000213623047,1889400
2020-03-20,92.41999816894531,96.4000015258789,89.62999725341797,89.75,1539000
2020-03-23,89.4000015258789,92.36000061035156,83.72000122070312,87.5,1660200
2020-03-24,91.04000091552734,92.5199966430664,88.66999816894531,91.94000244140625,1357100
2020-03-25,91.63999938964844,95.29000091552734,88.6500015258789,93.86000061035156,1363900
2020-03-26,93.91999816894531,97.37999725341797,93.41999816894531,95.5,1989200
2020-03-27,93.4000015258789,101.55999755859375,92.01000213623047,99.06999969482422,1738400
2020-03-30,99.5,101.11000061035156,96.0,99.19000244140625,1720600
2020-03-31,98.29000091552734,102.69999694824219,98.01000213623047,100.54000091552734,1785700
2020-04-01,98.83000183105469,99.41000366210938,96.12000274658203,98.27999877929688,1327100
2020-04-02,98.86000061035156,101.20999908447266,97.29000091552734,98.73999786376953,1412100
2020-04-03,97.52999877929688,99.5999984741211,96.20999908447266,98.30999755859375,805700
2020-04-06,100.80000305175781,104.12000274658203,99.01000213623047,103.58000183105469,1119200
2020-04-07,105.0999984741211,106.37000274658203,103.29000091552734,105.13999938964844,1040900
2020-04-08,105.73999786376953,107.69999694824219,104.83999633789062,107.04000091552734,912200
2020-04-09,107.19000244140625,108.4000015258789,104.72000122070312,105.36000061035156,1269500
2020-04-13,104.33000183105469,105.81999969482422,103.77999877929688,105.0,604800
2020-04-14,107.0,107.69000244140625,103.2699966430664,103.77999877929688,1843200
2020-04-15,102.87999725341797,104.0999984741211,101.6500015258789,102.0999984741211,1558100
2020-04-16,102.58000183105469,105.5,102.58000183105469,104.91000366210938,1357200
2020-04-17,105.5,106.75,104.93000030517578,106.12000274658203,1019600
2020-04-20,105.81999969482422,106.88999938964844,105.23999786376953,105.33000183105469,821700
2020-04-21,105.0,105.44999694824219,100.66000366210938,101.79000091552734,1594400
2020-04-22,103.41000366210938,104.5999984741211,102.7699966430664,103.87999725341797,773900
2020-04-23,103.43000030517578,104.83999633789062,102.87000274658203,103.83999633789062,1218500
2020-04-24,104.22000122070312,105.47000122070312,103.08999633789062,104.37000274658203,1984400
2020-04-27,108.98999786376953,109.8499984741211,103.4000015258789,108.08999633789062,2790800
2020-04-28,109.54000091552734,110.9800033569336,105.18000030517578,105.25,1174400
2020-04-29,106.68000030517578,107.75,105.44000244140625,105.55999755859375,1068500
2020-04-30,106.2300033569336,106.25,104.5199966430664,105.73999786376953,989000
2020-05-01,104.16000366210938,105.05999755859375,101.47000122070312,101.98999786376953,806200
2020-05-04,101.83999633789062,103.97000122070312,101.5999984741211,103.62000274658203,622800
2020-05-05,104.22000122070312,106.33000183105469,103.75,105.1500015258789,854100
2020-05-06,106.69999694824219,106.9000015258789,104.68000030517578,105.6500015258789,787700
2020-05-07,107.61000061035156,108.3499984741211,106.87999725341797,107.20999908447266,1032100
2020-05-08,107.87000274658203,107.87000274658203,106.73999786376953,106.98999786376953,643000
2020-05-11,106.29000091552734,108.4000015258789,106.13999938964844,107.98999786376953,768100
2020-05-12,108.19000244140625,108.43000030517578,104.98999786376953,105.05999755859375,771500
2020-05-13,105.18000030517578,105.73999786376953,101.66000366210938,102.4000015258789,1147100
2020-05-14,101.41999816894531,104.91000366210938,101.2699966430664,104.8499984741211,1121200
2020-05-15,103.83000183105469,106.41999816894531,103.80999755859375,104.75,735100
2020-05-18,106.22000122070312,107.13999938964844,105.7300033569336,106.44000244140625,826300
2020-05-19,106.18000030517578,106.8499984741211,105.4000015258789,105.5,975400
2020-05-20,107.19999694824219,108.04000091552734,106.8499984741211,107.79000091552734,759000
2020-05-21,107.8499984741211,108.38999938964844,106.23999786376953,106.4800033569336,918900
2020-05-22,106.7699966430664,108.18000030517578,106.19999694824219,106.91000366210938,932600
2020-05-26,107.97000122070312,109.94999694824219,107.30000305175781,107.6500015258789,846300
2020-05-27,107.87000274658203,108.76000213623047,106.30999755859375,107.2300033569336,1335200
2020-05-28,107.18000030517578,109.0,106.80999755859375,107.86000061035156,884600
2020-05-29,108.54000091552734,109.98999786376953,106.9000015258789,109.66999816894531,1448300
2020-06-01,108.77999877929688,109.45999908447266,107.77999877929688,108.38999938964844,766000
2020-06-02,107.8499984741211,109.31999969482422,107.68000030517578,108.08999633789062,716000
2020-06-03,109.61000061035156,109.61000061035156,106.19000244140625,107.30000305175781,810500
2020-06-04,108.16000366210938,109.30999755859375,107.27999877929688,108.8499984741211,1148100
2020-06-05,109.97000122070312,111.93000030517578,109.19000244140625,111.66999816894531,825300
2020-06-08,111.51000213623047,112.52999877929688,110.77999877929688,111.61000061035156,1147700
2020-06-09,111.63999938964844,112.95999908447266,109.80000305175781,110.76000213623047,986600
2020-06-10,111.11000061035156,112.19999694824219,110.0,110.26000213623047,795200
2020-06-11,109.23999786376953,109.9000015258789,105.45999908447266,105.45999908447266,1468500
2020-06-12,107.0999984741211,107.91999816894531,104.79000091552734,106.08000183105469,590100
2020-06-15,104.94999694824219,107.27999877929688,104.51000213623047,106.12999725341797,678300
2020-06-16,109.41999816894531,110.33999633789062,107.61000061035156,108.12999725341797,988600
2020-06-17,108.22000122070312,108.86000061035156,105.94000244140625,108.05000305175781,798300
2020-06-18,107.23999786376953,108.80000305175781,107.23999786376953,108.45999908447266,731100
2020-06-19,109.87000274658203,110.22000122070312,106.06999969482422,107.62000274658203,1283500
2020-06-22,107.05999755859375,107.5199966430664,106.05000305175781,106.51000213623047,673500
2020-06-23,108.4800033569336,108.7300033569336,106.80000305175781,107.0,940100
2020-06-24,106.31999969482422,107.55999755859375,104.83999633789062,105.0199966430664,833400
2020-06-25,104.94999694824219,106.44999694824219,103.43000030517578,106.38999938964844,839500
2020-06-26,107.2300033569336,107.41000366210938,105.19000244140625,105.9000015258789,505300
2020-06-29,105.87000274658203,106.87000274658203,105.0999984741211,106.3499984741211,558300
2020-06-30,106.52999877929688,107.58999633789062,105.8499984741211,107.43000030517578,657600
2020-07-01,106.87000274658203,108.30000305175781,106.0999984741211,107.91999816894531,656100
2020-07-02,108.43000030517578,109.91999816894531,108.33000183105469,108.58999633789062,623200
2020-07-06,109.68000030517578,111.54000091552734,109.25,111.52999877929688,1146100
2020-07-07,110.93000030517578,117.0,110.69999694824219,115.87999725341797,1847800
2020-07-08,116.5199966430664,117.77999877929688,113.9800033569336,115.94000244140625,1396300
2020-07-09,116.31999969482422,119.2699966430664,115.9800033569336,118.7300033569336,1553500
2020-07-10,118.58999633789062,119.6500015258789,117.44000244140625,119.44999694824219,815000
2020-07-13,120.18000030517578,122.77999877929688,116.19999694824219,116.62999725341797,1364300
2020-07-14,114.66999816894531,118.66999816894531,114.01000213623047,118.37999725341797,953200
2020-07-15,118.5,120.87999725341797,118.29000091552734,120.37999725341797,890800
2020-07-16,119.20999908447266,119.79000091552734,117.58999633789062,119.2300033569336,682900
2020-07-17,119.9800033569336,121.18000030517578,118.58000183105469,120.8499984741211,891400
2020-07-20,121.19999694824219,125.0,121.02999877929688,124.79000091552734,1010700
2020-07-21,125.0,125.52999877929688,123.72000122070312,124.36000061035156,1238100
2020-07-22,129.6300048828125,130.64999389648438,121.91999816894531,123.0199966430664,3275900
2020-07-23,121.30999755859375,125.81999969482422,121.30999755859375,124.19999694824219,1593400
2020-07-24,123.87999725341797,124.94999694824219,122.83999633789062,123.4800033569336,889500
2020-07-27,123.5199966430664,125.0,123.5199966430664,123.9800033569336,951100
2020-07-28,123.37999725341797,123.5999984741211,121.16999816894531,121.16999816894531,1547700
2020-07-29,122.68000030517578,123.18000030517578,121.76000213623047,122.76000213623047,1545500
2020-07-30,121.08999633789062,124.31999969482422,120.81999969482422,123.54000091552734,940100
2020-07-31,123.54000091552734,125.36000061035156,122.56999969482422,125.3499984741211,1189600
2020-08-03,124.70999908447266,124.98999786376953,118.4000015258789,122.41000366210938,3208500
2020-08-04,121.80000305175781,123.44000244140625,121.11000061035156,123.37000274658203,1838600
2020-08-05,123.94999694824219,125.37999725341797,123.58999633789062,125.22000122070312,1240400
2020-08-06,124.37000274658203,125.77999877929688,123.25,123.72000122070312,880800
2020-08-07,123.02999877929688,124.81999969482422,122.86000061035156,123.7300033569336,1130400
2020-08-10,123.93000030517578,124.70999908447266,122.62000274658203,124.63999938964844,1596900
2020-08-11,123.72000122070312,125.43000030517578,123.54000091552734,123.98999786376953,1574000
2020-08-12,124.76000213623047,126.8499984741211,124.55999755859375,124.95999908447266,804100
2020-08-13,125.19999694824219,126.19000244140625,124.5199966430664,124.88999938964844,760000
2020-08-14,125.51000213623047,125.5199966430664,123.56999969482422,123.94999694824219,579400
2020-08-17,124.41999816894531,124.98999786376953,123.43000030517578,123.66000366210938,868200
2020-08-18,123.73999786376953,127.62999725341797,123.73999786376953,127.61000061035156,1730200
2020-08-19,127.43000030517578,128.8699951171875,126.69999694824219,128.0800018310547,790500
2020-08-20,127.66999816894531,129.1999969482422,127.04000091552734,127.83999633789062,799700
2020-08-21,127.38999938964844,128.49000549316406,126.98999786376953,128.3699951171875,485700
2020-08-24,129.07000732421875,130.27000427246094,128.6699981689453,129.67999267578125,835400
2020-08-25,129.47000122070312,129.75,127.06999969482422,127.83999633789062,1207600
2020-08-26,128.99000549316406,129.22000122070312,126.5,128.9499969482422,809200
2020-08-27,128.83999633789062,128.83999633789062,126.91999816894531,127.62999725341797,808200
2020-08-28,128.0,128.35000610351562,126.69999694824219,126.88999938964844,576800
2020-08-31,126.02999877929688,127.11000061035156,125.30000305175781,126.26000213623047,1374800
2020-09-01,126.16000366210938,127.72000122070312,126.01000213623047,126.63999938964844,1080200
2020-09-02,128.10000610351562,130.97999572753906,126.8499984741211,130.5800018310547,1025300
2020-09-03,128.72000122070312,129.61000061035156,122.75,124.01000213623047,1994000
2020-09-04,123.43000030517578,124.5,118.37999725341797,119.9800033569336,1318700
2020-09-08,116.79000091552734,119.48999786376953,116.4000015258789,117.44000244140625,1249400
2020-09-09,119.05999755859375,120.52999877929688,117.73999786376953,119.79000091552734,1097300
2020-09-10,120.38999938964844,121.58000183105469,117.73999786376953,118.0999984741211,913900
2020-09-11,118.80000305175781,119.45999908447266,116.88999938964844,118.2699966430664,1101100
2020-09-14,119.22000122070312,121.43000030517578,119.02999877929688,121.0,1142800
2020-09-15,121.36000061035156,123.26000213623047,120.80999755859375,122.77999877929688,977800
2020-09-16,122.45999908447266,123.19000244140625,120.70999908447266,120.83000183105469,939400
2020-09-17,117.43000030517578,120.4000015258789,117.43000030517578,119.9800033569336,1221700
2020-09-18,120.30999755859375,121.93000030517578,117.6500015258789,118.0,1665200
2020-09-21,116.98999786376953,117.13999938964844,114.88999938964844,116.87999725341797,978300
2020-09-22,116.8499984741211,120.63999938964844,116.51000213623047,120.05000305175781,941900
2020-09-23,120.05000305175781,120.63999938964844,117.98999786376953,118.55000305175781,705800
2020-09-24,117.5,119.4000015258789,116.97000122070312,118.18000030517578,495300
2020-09-25,118.0,120.83000183105469,117.62000274658203,120.19000244140625,575800
2020-09-28,121.80000305175781,122.29000091552734,120.55000305175781,121.5999984741211,820500
2020-09-29,121.87999725341797,122.05999755859375,120.16000366210938,120.7300033569336,711600
2020-09-30,120.43000030517578,121.88999938964844,119.63999938964844,120.33999633789062,1043000
2020-10-01,121.26000213623047,122.05999755859375,118.11000061035156,118.8499984741211,1454100
2020-10-02,116.97000122070312,119.47000122070312,116.97000122070312,118.30999755859375,859000
2020-10-05,119.0,121.66999816894531,118.41000366210938,121.26000213623047,764900
2020-10-06,120.94999694824219,122.98999786376953,120.56999969482422,121.04000091552734,904000
2020-10-07,121.75,123.12999725341797,121.75,122.62000274658203,594700
2020-10-08,123.58999633789062,124.81999969482422,123.06999969482422,123.33000183105469,690100
2020-10-09,123.52999877929688,125.23999786376953,123.3499984741211,125.18000030517578,486600
2020-10-12,126.27999877929688,127.76000213623047,124.83999633789062,126.77999877929688,662500
2020-10-13,127.55000305175781,128.8699951171875,126.68000030517578,127.12999725341797,828300
2020-10-14,127.69999694824219,128.5399932861328,127.08999633789062,128.02999877929688,633800
2020-10-15,126.58999633789062,128.83999633789062,126.37000274658203,127.66999816894531,790400
2020-10-16,127.62999725341797,128.11000061035156,125.87999725341797,126.62000274658203,1097400
2020-10-19,128.08999633789062,128.80999755859375,126.33999633789062,126.48999786376953,1029100
2020-10-20,126.77999877929688,127.93000030517578,123.69000244140625,123.75,1078300
2020-10-21,123.76000213623047,125.3499984741211,122.58000183105469,124.45999908447266,1214300
2020-10-22,122.5999984741211,123.94000244140625,117.88999938964844,121.0,2191400
2020-10-23,121.66000366210938,121.91999816894531,120.0999984741211,120.47000122070312,953800
2020-10-26,120.30999755859375,121.4800033569336,118.2699966430664,120.0,996000
2020-10-27,120.19999694824219,122.02999877929688,119.31999969482422,119.45999908447266,875100
2020-10-28,117.98999786376953,118.68000030517578,115.44000244140625,115.52999877929688,1162600
2020-10-29,115.7300033569336,117.16000366210938,115.2300033569336,115.8499984741211,871800
2020-10-30,114.77999877929688,115.5,112.58000183105469,113.55999755859375,1110600
2020-11-02,114.58999633789062,115.70999908447266,114.05000305175781,115.51000213623047,1039100
2020-11-03,116.86000061035156,119.2699966430664,116.56999969482422,118.30000305175781,960900
2020-11-04,121.30999755859375,121.68000030517578,118.55999755859375,119.4000015258789,1057500
2020-11-05,121.12000274658203,122.30000305175781,120.72000122070312,121.2300033569336,680600
2020-11-06,121.88999938964844,121.88999938964844,120.33999633789062,121.26000213623047,478200
2020-11-09,122.41999816894531,124.2699966430664,119.5199966430664,119.5199966430664,993100
2020-11-10,118.30999755859375,118.91000366210938,115.12999725341797,116.58000183105469,1490900
2020-11-11,117.19000244140625,118.86000061035156,116.76000213623047,118.0,944800
2020-11-12,118.0199966430664,118.79000091552734,115.83999633789062,116.25,945400
2020-11-13,116.55999755859375,119.4000015258789,116.55999755859375,118.66999816894531,718000
2020-11-16,117.68000030517578,120.0,117.58000183105469,119.29000091552734,727400
2020-11-17,118.79000091552734,119.75,118.33000183105469,119.13999938964844,1235400
2020-11-18,119.12000274658203,119.86000061035156,117.31999969482422,117.48999786376953,750100
2020-11-19,117.58999633789062,119.36000061035156,117.12999725341797,119.18000030517578,714500
2020-11-20,119.47000122070312,120.27999877929688,118.75,118.9000015258789,638400
2020-11-23,119.91999816894531,120.55000305175781,118.41000366210938,119.86000061035156,557900
2020-11-24,120.13999938964844,120.8499984741211,118.55999755859375,118.8499984741211,1099900
2020-11-25,119.91999816894531,120.66999816894531,118.80999755859375,119.43000030517578,1022100
2020-11-27,119.22000122070312,119.95999908447266,118.44000244140625,119.72000122070312,534500
2020-11-30,119.66999816894531,119.72000122070312,116.56999969482422,117.68000030517578,1591900
2020-12-01,118.0999984741211,119.19999694824219,117.3499984741211,118.97000122070312,1626000
2020-12-02,118.58999633789062,118.95999908447266,117.01000213623047,118.12000274658203,981400
2020-12-03,118.2300033569336,120.4800033569336,118.2300033569336,119.76000213623047,1000300
2020-12-04,119.75,121.11000061035156,119.19999694824219,120.22000122070312,846000
2020-12-07,120.5,121.19000244140625,119.33000183105469,119.56999969482422,613100
2020-12-08,119.37999725341797,123.4000015258789,119.37999725341797,123.16000366210938,814800
2020-12-09,121.83999633789062,123.08000183105469,120.0,120.86000061035156,1127000
2020-12-10,120.02999877929688,120.86000061035156,119.31999969482422,119.75,772600
2020-12-11,119.70999908447266,120.55999755859375,118.33999633789062,120.31999969482422,747600
2020-12-14,120.47000122070312,123.5199966430664,120.06999969482422,122.5199966430664,1122600
2020-12-15,122.33000183105469,123.70999908447266,121.7300033569336,123.12999725341797,1016800
2020-12-16,123.77999877929688,123.77999877929688,120.61000061035156,120.76000213623047,1566300
2020-12-17,121.87999725341797,121.87999725341797,118.4800033569336,119.62999725341797,1889700
2020-12-18,120.30000305175781,122.43000030517578,119.63999938964844,122.25,3209900
2020-12-21,121.55999755859375,127.6500015258789,121.37999725341797,126.97000122070312,1708100
2020-12-22,126.8499984741211,133.57000732421875,126.8499984741211,133.4199981689453,1814900
2020-12-23,134.4499969482422,137.47000122070312,133.60000610351562,134.8800048828125,1023300
2020-12-24,135.1699981689453,135.69000244140625,134.0,134.75,246700
2020-12-28,135.85000610351562,137.97000122070312,135.5,137.58999633789062,1936400
2020-12-29,138.07000732421875,139.25999450683594,134.1199951171875,135.0399932861328,1103200
2020-12-30,135.11000061035156,136.22999572753906,134.10000610351562,134.1199951171875,633800
2020-12-31,134.58999633789062,134.58999633789062,132.0500030517578,132.91000366210938,689200
2021-01-04,133.10000610351562,133.57000732421875,127.91000366210938,129.8800048828125,1285600
2021-01-05,129.69000244140625,130.1699981689453,126.93000030517578,128.74000549316406,946700
2021-01-06,126.75,127.62000274658203,125.87999725341797,126.41999816894531,1092200
2021-01-07,127.19999694824219,127.5999984741211,125.31999969482422,127.05999755859375,1081900
2021-01-08,128.9199981689453,132.0500030517578,127.87999725341797,131.9600067138672,1295100
2021-01-11,132.00999450683594,134.8800048828125,130.97999572753906,133.91000366210938,1475900
2021-01-12,133.8000030517578,135.33999633789062,131.66000366210938,132.7899932861328,1013700
2021-01-13,132.89999389648438,132.89999389648438,128.83999633789062,129.67999267578125,1631000
2021-01-14,129.67999267578125,130.14999389648438,128.19000244140625,128.6300048828125,1217000
2021-01-15,127.9800033569336,129.08999633789062,127.05999755859375,127.61000061035156,1190600
2021-01-19,129.02000427246094,129.4199981689453,126.75,127.62999725341797,668900
2021-01-20,127.54000091552734,128.30999755859375,126.27999877929688,127.62000274658203,929800
2021-01-21,128.75,128.77999877929688,126.5199966430664,127.12000274658203,1463800
2021-01-22,126.94000244140625,130.10000610351562,126.94000244140625,129.39999389648438,1321300
2021-01-25,130.5800018310547,132.13999938964844,127.83999633789062,130.0399932861328,1442600
2021-01-26,130.0399932861328,131.25999450683594,127.80000305175781,130.8000030517578,1310900
2021-01-27,131.00999450683594,137.49000549316406,130.9499969482422,133.22999572753906,2816500
2021-01-28,133.2100067138672,135.9600067138672,132.19000244140625,132.22000122070312,1406400
2021-01-29,130.8000030517578,131.6199951171875,127.0,127.73999786376953,1653200
2021-02-01,128.55999755859375,134.0,128.02000427246094,132.74000549316406,1587700
2021-02-02,133.0399932861328,136.5399932861328,132.74000549316406,134.10000610351562,1794300
2021-02-03,127.5199966430664,128.02999877929688,120.0199966430664,120.02999877929688,4482800
2021-02-04,120.25,120.81999969482422,117.4000015258789,120.56999969482422,3941300
2021-02-05,121.0,121.01000213623047,117.61000061035156,118.26000213623047,2232300
2021-02-08,119.04000091552734,119.29000091552734,116.88999938964844,117.6500015258789,1636600
2021-02-09,117.81999969482422,118.6500015258789,116.91000366210938,118.08999633789062,1779900
2021-02-10,119.08999633789062,120.5,117.75,118.6500015258789,1460900
2021-02-11,119.68000030517578,120.55000305175781,118.77999877929688,120.16000366210938,791500
2021-02-12,120.66000366210938,120.93000030517578,119.25,120.72000122070312,865100
2021-02-16,120.79000091552734,121.0,117.44999694824219,117.80000305175781,1256600
2021-02-17,117.20999908447266,117.66999816894531,115.26000213623047,116.91999816894531,1458200
2021-02-18,116.0,116.9000015258789,115.55000305175781,116.44000244140625,1202100
2021-02-19,117.4800033569336,117.4800033569336,115.8499984741211,115.87999725341797,1177400
2021-02-22,115.68000030517578,116.81999969482422,113.54000091552734,115.94000244140625,1281500
2021-02-23,115.4800033569336,115.58999633789062,113.12000274658203,114.02999877929688,1917300
2021-02-24,113.5,114.11000061035156,112.27999877929688,113.05000305175781,1704600
2021-02-25,112.81999969482422,114.37000274658203,110.70999908447266,111.23999786376953,2386000
2021-02-26,111.31999969482422,112.26000213623047,109.30999755859375,110.23999786376953,2380200
2021-03-01,110.7300033569336,113.33999633789062,110.66999816894531,113.02999877929688,1759800
2021-03-02,114.52999877929688,114.58000183105469,111.04000091552734,111.23999786376953,1716700
2021-03-03,111.18000030517578,112.5999984741211,110.05000305175781,110.30999755859375,749200
2021-03-04,110.02999877929688,111.7300033569336,109.06999969482422,110.63999938964844,1309800
2021-03-05,110.6500015258789,114.66999816894531,110.6500015258789,114.25,1649300
2021-03-08,114.69999694824219,115.13999938964844,112.22000122070312,112.4000015258789,1530100
2021-03-09,115.23999786376953,115.70999908447266,114.01000213623047,114.19999694824219,1138000
2021-03-10,114.77999877929688,115.75,113.72000122070312,114.43000030517578,900000
2021-03-11,115.5,117.13999938964844,115.1500015258789,115.2300033569336,969400
2021-03-12,114.12999725341797,115.58999633789062,113.61000061035156,115.1500015258789,773100
2021-03-15,115.45999908447266,117.41999816894531,114.94999694824219,117.41999816894531,569100
2021-03-16,117.11000061035156,119.19999694824219,117.11000061035156,117.97000122070312,1109700
2021-03-17,117.38999938964844,118.31999969482422,116.25,117.05999755859375,821000
2021-03-18,115.54000091552734,117.80999755859375,115.0199966430664,116.08999633789062,1030200
2021-03-19,117.16000366210938,118.30000305175781,116.52999877929688,116.68000030517578,1363100
2021-03-22,116.7300033569336,117.80999755859375,116.58999633789062,117.19999694824219,789700
2021-03-23,117.69999694824219,117.77999877929688,115.70999908447266,115.83999633789062,872200
2021-03-24,115.8499984741211,116.29000091552734,113.70999908447266,114.27999877929688,1285800
2021-03-25,114.27999877929688,114.72000122070312,112.61000061035156,113.26000213623047,936000
2021-03-26,112.81999969482422,115.27999877929688,112.48999786376953,115.25,655900
2021-03-29,114.9000015258789,116.22000122070312,114.04000091552734,115.94999694824219,631900
2021-03-30,114.87999725341797,115.55000305175781,113.19999694824219,114.43000030517578,820200
2021-03-31,113.94000244140625,114.08999633789062,111.37000274658203,111.97000122070312,1442600
2021-04-01,112.33999633789062,113.93000030517578,112.20999908447266,113.5999984741211,1162500
2021-04-05,113.98999786376953,115.76000213623047,113.98999786376953,115.5999984741211,835800
2021-04-06,115.41999816894531,116.01000213623047,114.29000091552734,115.1500015258789,1359700
2021-04-07,114.81999969482422,116.13999938964844,114.47000122070312,114.93000030517578,1191300
2021-04-08,115.9000015258789,116.66000366210938,115.4000015258789,115.55999755859375,970200
2021-04-09,114.87000274658203,115.48999786376953,114.13999938964844,115.37000274658203,1070900
2021-04-12,114.98999786376953,117.55000305175781,114.75,116.41000366210938,958000
2021-04-13,117.19999694824219,117.69000244140625,116.0,116.72000122070312,934600
2021-04-14,116.75,118.26000213623047,116.41999816894531,116.6500015258789,1025500
2021-04-15,116.75,119.18000030517578,116.75,118.47000122070312,849100
2021-04-16,118.58000183105469,119.48999786376953,118.3499984741211,118.83000183105469,1025000
2021-04-19,118.4000015258789,119.80999755859375,118.0,119.18000030517578,950500
2021-04-20,118.61000061035156,119.76000213623047,118.61000061035156,119.04000091552734,981300
2021-04-21,118.87000274658203,119.91999816894531,118.4800033569336,119.77999877929688,1154400
2021-04-22,119.5,122.0999984741211,118.98999786376953,119.94000244140625,2640000
2021-04-23,120.22000122070312,121.91999816894531,119.0,119.80000305175781,1861300
2021-04-26,121.63999938964844,122.19000244140625,117.25,117.36000061035156,2624100
2021-04-27,117.5999984741211,119.38999938964844,116.44999694824219,118.88999938964844,1729800
2021-04-28,118.93000030517578,119.19999694824219,117.41000366210938,117.62999725341797,1212200
2021-04-29,117.68000030517578,118.25,116.7699966430664,118.0,1091500
2021-04-30,117.66000366210938,118.23999786376953,116.58999633789062,116.80999755859375,1288800
2021-05-03,116.75,119.02999877929688,116.6500015258789,118.8499984741211,2745200
2021-05-04,118.56999969482422,120.2699966430664,118.2300033569336,120.0999984741211,2125800
2021-05-05,120.23999786376953,120.37000274658203,118.86000061035156,119.91000366210938,942600
2021-05-06,119.6500015258789,120.87000274658203,119.48999786376953,120.02999877929688,867400
2021-05-07,120.52999877929688,120.7699966430664,119.25,119.87000274658203,892300
2021-05-10,119.87000274658203,121.43000030517578,119.51000213623047,119.8499984741211,1002700
2021-05-11,118.19999694824219,119.48999786376953,117.8499984741211,117.93000030517578,1200200
2021-05-12,117.1500015258789,118.5,116.66000366210938,117.72000122070312,1056900
2021-05-13,117.08999633789062,118.68000030517578,117.08000183105469,117.80000305175781,810200
2021-05-14,118.37000274658203,119.36000061035156,118.1500015258789,118.94999694824219,612900
2021-05-17,118.2300033569336,119.08999633789062,116.37999725341797,116.94000244140625,822000
2021-05-18,117.0,117.30999755859375,115.55000305175781,115.5999984741211,766400
2021-05-19,114.70999908447266,117.12999725341797,114.25,117.06999969482422,1079600
2021-05-20,117.26000213623047,119.29000091552734,117.26000213623047,117.95999908447266,922800
2021-05-21,118.02999877929688,119.41000366210938,117.69999694824219,118.08999633789062,629500
2021-05-24,118.4800033569336,119.62999725341797,118.33999633789062,119.02999877929688,493900
2021-05-25,119.05000305175781,119.2699966430664,118.0199966430664,118.19999694824219,644600
2021-05-26,118.80000305175781,119.18000030517578,117.66999816894531,118.23999786376953,919600
2021-05-27,117.47000122070312,117.61000061035156,115.87999725341797,116.44999694824219,1616200
2021-05-28,116.06999969482422,118.05000305175781,116.06999969482422,116.9800033569336,794400
2021-06-01,116.69999694824219,117.13999938964844,114.86000061035156,115.56999969482422,811500
2021-06-02,115.55000305175781,117.0,115.55000305175781,116.63999938964844,731000
2021-06-03,116.4000015258789,117.9000015258789,115.77999877929688,117.80999755859375,869200
2021-06-04,118.16999816894531,120.0199966430664,117.83000183105469,119.98999786376953,911800
2021-06-07,120.31999969482422,120.58999633789062,118.11000061035156,118.23999786376953,691000
2021-06-08,118.62000274658203,119.4000015258789,118.41000366210938,118.91000366210938,581100
2021-06-09,119.69000244140625,120.0,118.9000015258789,119.69999694824219,716900
2021-06-10,119.77999877929688,120.37000274658203,119.02999877929688,120.25,661100
2021-06-11,120.5,121.37999725341797,120.30000305175781,120.66999816894531,557600
2021-06-14,121.33000183105469,121.37000274658203,119.86000061035156,120.97000122070312,523900
2021-06-15,120.87000274658203,121.3499984741211,118.93000030517578,119.37000274658203,629100
2021-06-16,119.04000091552734,120.58999633789062,118.29000091552734,119.12000274658203,797600
2021-06-17,118.87000274658203,119.81999969482422,118.36000061035156,119.11000061035156,560400
2021-06-18,119.0,119.61000061035156,118.5999984741211,118.73999786376953,1181300
2021-06-21,118.87000274658203,119.91000366210938,118.41999816894531,119.25,715800
2021-06-22,119.47000122070312,120.0,118.75,119.08000183105469,571100
2021-06-23,119.11000061035156,119.16000366210938,116.3499984741211,116.97000122070312,749700
2021-06-24,117.3499984741211,117.87000274658203,116.0,116.58999633789062,908300
2021-06-25,116.75,117.19999694824219,115.6500015258789,116.7300033569336,971600
2021-06-28,117.69000244140625,118.08000183105469,117.08000183105469,117.93000030517578,1221200
2021-06-29,118.61000061035156,118.61000061035156,116.51000213623047,116.79000091552734,859600
2021-06-30,116.62000274658203,116.63999938964844,115.93000030517578,116.12999725341797,775800
2021-07-01,115.69999694824219,116.98999786376953,115.61000061035156,116.7300033569336,680700
2021-07-02,117.2699966430664,117.29000091552734,116.5199966430664,116.94000244140625,739200
2021-07-06,117.12999725341797,117.27999877929688,115.55000305175781,116.33999633789062,1171600
2021-07-07,117.13999938964844,117.97000122070312,115.45999908447266,117.41000366210938,1292200
2021-07-08,116.7699966430664,119.16000366210938,116.70999908447266,118.30000305175781,1248800
2021-07-09,119.19999694824219,124.58999633789062,119.19999694824219,123.80000305175781,2615500
2021-07-12,123.54000091552734,123.95999908447266,121.54000091552734,122.48999786376953,1314200
2021-07-13,122.33000183105469,123.80000305175781,121.91999816894531,122.80000305175781,719600
2021-07-14,123.12999725341797,124.0999984741211,122.91000366210938,123.87000274658203,868700
2021-07-15,123.38999938964844,124.95999908447266,122.63999938964844,123.33999633789062,959100
2021-07-16,123.48999786376953,124.08999633789062,121.94000244140625,122.19000244140625,1209100
2021-07-19,121.2699966430664,122.9000015258789,120.25,120.87999725341797,975100
2021-07-20,120.37000274658203,122.69999694824219,120.37000274658203,121.81999969482422,906700
2021-07-21,123.76000213623047,124.30000305175781,122.47000122070312,123.22000122070312,1210000
2021-07-22,122.86000061035156,125.3499984741211,122.66999816894531,124.9800033569336,1551500
2021-07-23,124.9800033569336,126.0,123.5,125.9000015258789,1216700
2021-07-26,125.5,126.01000213623047,118.22000122070312,121.0999984741211,2365400
2021-07-27,120.75,123.37999725341797,120.69999694824219,123.08000183105469,1180000
2021-07-28,123.38999938964844,124.31999969482422,122.66999816894531,124.0999984741211,902900
2021-07-29,124.45999908447266,126.29000091552734,123.80999755859375,125.68000030517578,1301000
2021-07-30,125.2300033569336,128.3699951171875,125.16000366210938,127.0999984741211,1022200
2021-08-02,126.16000366210938,126.81999969482422,125.08999633789062,125.91000366210938,1232500
2021-08-03,125.6500015258789,128.38999938964844,125.6500015258789,127.16999816894531,718500
2021-08-04,127.69999694824219,127.69999694824219,125.63999938964844,126.08000183105469,590800
2021-08-05,126.08000183105469,126.88999938964844,124.94999694824219,125.51000213623047,667400
2021-08-06,125.06999969482422,125.81999969482422,123.94999694824219,124.45999908447266,585400
2021-08-09,124.16000366210938,124.26000213623047,123.36000061035156,123.76000213623047,636000
2021-08-10,124.2300033569336,124.2300033569336,122.66000366210938,123.05000305175781,655300
2021-08-11,123.1500015258789,123.31999969482422,122.38999938964844,122.48999786376953,807000
2021-08-12,122.26000213623047,122.7300033569336,122.12999725341797,122.45999908447266,593000
2021-08-13,122.25,123.76000213623047,122.0,123.7300033569336,709300
2021-08-16,123.77999877929688,123.94999694824219,122.79000091552734,123.25,812500
2021-08-17,122.98999786376953,123.20999908447266,121.2300033569336,122.12999725341797,853700
2021-08-18,121.55000305175781,123.7699966430664,121.55000305175781,122.7300033569336,616500
2021-08-19,122.55000305175781,125.0999984741211,122.26000213623047,124.94000244140625,893300
2021-08-20,125.44999694824219,125.88999938964844,124.66000366210938,124.8499984741211,670800
2021-08-23,124.54000091552734,125.04000091552734,123.11000061035156,124.55999755859375,844100
2021-08-24,126.02999877929688,127.52999877929688,125.0999984741211,126.2300033569336,1694800
2021-08-25,126.18000030517578,128.22000122070312,125.66999816894531,126.86000061035156,807700
2021-08-26,126.69000244140625,126.9800033569336,125.80000305175781,126.19999694824219,684100
2021-08-27,126.20999908447266,127.12999725341797,125.73999786376953,126.68000030517578,521300
2021-08-30,126.38999938964844,127.41999816894531,126.06999969482422,126.63999938964844,416600
2021-08-31,126.98999786376953,127.75,125.2300033569336,125.62999725341797,973800
2021-09-01,125.76000213623047,126.08999633789062,123.48999786376953,125.08999633789062,550800
2021-09-02,125.33000183105469,126.08000183105469,124.19000244140625,125.2699966430664,503900
2021-09-03,125.08000183105469,125.36000061035156,124.05000305175781,124.36000061035156,603900
2021-09-07,124.02999877929688,124.02999877929688,121.58999633789062,122.79000091552734,617800
2021-09-08,123.29000091552734,124.83000183105469,122.87000274658203,123.87000274658203,896000
2021-09-09,123.94999694824219,124.81999969482422,122.26000213623047,122.33999633789062,826100
2021-09-10,122.2300033569336,122.88999938964844,121.0199966430664,121.12000274658203,741900
2021-09-13,119.80999755859375,119.80999755859375,117.61000061035156,118.22000122070312,1312400
2021-09-14,118.23999786376953,118.51000213623047,116.12000274658203,116.33999633789062,947700
2021-09-15,116.69000244140625,118.6500015258789,116.69000244140625,117.52999877929688,735600
2021-09-16,117.31999969482422,117.8499984741211,117.08999633789062,117.41000366210938,676700
2021-09-17,117.01000213623047,117.98999786376953,116.83000183105469,117.3499984741211,1252500
2021-09-20,116.33000183105469,116.81999969482422,113.98999786376953,114.80000305175781,856200
2021-09-21,115.11000061035156,115.69999694824219,112.69000244140625,113.08999633789062,830500
2021-09-22,113.20999908447266,114.44999694824219,113.20999908447266,114.25,832300
2021-09-23,114.6500015258789,116.20999908447266,114.62999725341797,115.55000305175781,626500
2021-09-24,115.86000061035156,117.66000366210938,115.77999877929688,117.47000122070312,909800
2021-09-27,117.08000183105469,117.58999633789062,116.18000030517578,116.66000366210938,740300
2021-09-28,115.72000122070312,116.45999908447266,115.12000274658203,115.8499984741211,1017400
2021-09-29,115.91000366210938,116.79000091552734,114.80999755859375,114.88999938964844,751300
2021-09-30,114.9800033569336,115.52999877929688,112.98999786376953,113.04000091552734,878100
2021-10-01,113.38999938964844,114.6500015258789,112.56999969482422,113.94999694824219,689900
2021-10-04,113.5,114.55999755859375,113.2300033569336,113.62999725341797,737000
2021-10-05,113.18000030517578,114.51000213623047,112.79000091552734,113.69000244140625,936900
2021-10-06,113.4800033569336,114.80999755859375,112.75,114.72000122070312,734600
2021-10-07,114.7699966430664,117.69999694824219,114.7699966430664,116.7699966430664,746700
2021-10-08,117.0999984741211,117.81999969482422,116.48999786376953,116.80999755859375,539100
2021-10-11,116.5199966430664,119.5,116.45999908447266,118.91000366210938,762400
2021-10-12,119.30000305175781,120.91999816894531,119.12999725341797,119.70999908447266,1022700
2021-10-13,120.31999969482422,121.69999694824219,119.95999908447266,120.95999908447266,655200
2021-10-14,121.86000061035156,123.47000122070312,121.4800033569336,122.41000366210938,628100
2021-10-15,121.70999908447266,122.87999725341797,120.9000015258789,121.23999786376953,674800
2021-10-18,120.97000122070312,121.55000305175781,120.36000061035156,120.5,786800
2021-10-19,120.5,121.83999633789062,118.9800033569336,121.77999877929688,691900
2021-10-20,122.29000091552734,123.33000183105469,121.69999694824219,122.6500015258789,653900
2021-10-21,122.43000030517578,123.97000122070312,121.94999694824219,123.66000366210938,819000
2021-10-22,123.83000183105469,124.26000213623047,122.45999908447266,123.86000061035156,708500
2021-10-25,123.88999938964844,124.36000061035156,122.19000244140625,122.37000274658203,847400
2021-10-26,122.62999725341797,122.94000244140625,120.2699966430664,120.36000061035156,1153300
2021-10-27,120.80999755859375,120.9800033569336,117.68000030517578,118.12000274658203,1216900
2021-10-28,119.81999969482422,122.91999816894531,118.4000015258789,118.7300033569336,1676600
2021-10-29,121.44999694824219,123.83999633789062,119.43000030517578,119.5999984741211,1649800
2021-11-01,118.08999633789062,119.72000122070312,115.8499984741211,116.3499984741211,1604100
2021-11-02,116.55999755859375,118.6500015258789,116.29000091552734,117.11000061035156,1208800
2021-11-03,117.30000305175781,117.41000366210938,115.9800033569336,116.43000030517578,1019200
2021-11-04,116.37999725341797,117.48999786376953,115.7300033569336,115.83999633789062,911800
2021-11-05,116.55999755859375,117.69999694824219,115.62999725341797,116.63999938964844,770500
2021-11-08,116.80000305175781,118.23999786376953,115.7300033569336,118.12999725341797,905400
2021-11-09,117.91000366210938,118.98999786376953,116.9000015258789,118.36000061035156,1365800
2021-11-10,118.22000122070312,118.75,116.7300033569336,117.30000305175781,1022100
2021-11-11,116.88999938964844,118.83000183105469,116.69000244140625,117.66000366210938,769500
2021-11-12,118.0,118.58000183105469,117.41999816894531,118.33000183105469,1073000
2021-11-15,118.33000183105469,118.33000183105469,116.12000274658203,116.9800033569336,808000
2021-11-16,116.19000244140625,117.12000274658203,115.30999755859375,116.83999633789062,1209600
2021-11-17,116.62000274658203,117.36000061035156,115.05999755859375,115.06999969482422,953400
2021-11-18,114.70999908447266,115.73999786376953,113.69999694824219,115.37000274658203,1188100
2021-11-19,115.91000366210938,116.70999908447266,114.98999786376953,115.30999755859375,839000
2021-11-22,114.87999725341797,114.87999725341797,112.69999694824219,112.72000122070312,1504600
2021-11-23,112.0199966430664,112.44000244140625,110.44999694824219,111.56999969482422,1688900
2021-11-24,111.61000061035156,112.2699966430664,110.51000213623047,111.58000183105469,1004800
2021-11-26,112.4000015258789,113.20999908447266,110.05000305175781,110.31999969482422,651100
2021-11-29,111.01000213623047,112.19999694824219,109.75,111.11000061035156,1276100
2021-11-30,111.08000183105469,112.5,110.0199966430664,111.30999755859375,2196300
2021-12-01,112.4000015258789,112.87999725341797,110.08000183105469,110.1500015258789,1074300
2021-12-02,110.47000122070312,111.86000061035156,110.16000366210938,111.12000274658203,759500
2021-12-03,111.41000366210938,111.62000274658203,107.8499984741211,109.26000213623047,948400
2021-12-06,109.26000213623047,112.69999694824219,109.0999984741211,112.27999877929688,2176400
2021-12-07,113.36000061035156,113.36000061035156,110.66999816894531,110.87000274658203,1215800
2021-12-08,110.80999755859375,111.7300033569336,109.9000015258789,110.88999938964844,1055000
2021-12-09,110.69000244140625,111.29000091552734,109.69999694824219,110.37999725341797,796200
2021-12-10,111.05999755859375,111.66999816894531,110.06999969482422,110.61000061035156,940100
2021-12-13,110.0,112.62000274658203,109.9000015258789,112.05000305175781,1168100
2021-12-14,111.47000122070312,111.94999694824219,109.80999755859375,111.75,1008000
2021-12-15,111.0999984741211,113.48999786376953,110.95999908447266,113.41000366210938,1148900
2021-12-16,113.47000122070312,114.91999816894531,112.56999969482422,114.73999786376953,1299800
2021-12-17,114.5199966430664,115.8499984741211,113.5199966430664,114.23999786376953,8396000
2021-12-20,113.76000213623047,113.76000213623047,111.44999694824219,112.44999694824219,978100
2021-12-21,113.12999725341797,114.16999816894531,112.47000122070312,113.69999694824219,804500
2021-12-22,114.08000183105469,115.30000305175781,113.94999694824219,114.98999786376953,796200
2021-12-23,114.93000030517578,115.68000030517578,114.62999725341797,114.86000061035156,512900
2021-12-27,114.7699966430664,116.33000183105469,114.68000030517578,116.25,513000
2021-12-28,116.25,117.77999877929688,115.63999938964844,117.68000030517578,433100
2021-12-29,117.62000274658203,118.8499984741211,117.4000015258789,118.61000061035156,605500
2021-12-30,119.0,119.0999984741211,116.45999908447266,116.5199966430664,481700
2021-12-31,116.5199966430664,117.2699966430664,116.0,116.55999755859375,387400
2022-01-03,115.94999694824219,116.81999969482422,114.22000122070312,116.38999938964844,615000
2022-01-04,116.98999786376953,118.25,115.05000305175781,115.7300033569336,875600
2022-01-05,114.58000183105469,115.44999694824219,113.2300033569336,113.23999786376953,739900
2022-01-06,113.0,115.80000305175781,112.62999725341797,115.05000305175781,991900
2022-01-07,115.6500015258789,119.93000030517578,115.23999786376953,119.5,1549200
2022-01-10,118.47000122070312,121.22000122070312,117.08999633789062,121.11000061035156,2009400
2022-01-11,120.83000183105469,121.11000061035156,119.37000274658203,120.0,1016500
2022-01-12,120.37999725341797,120.91999816894531,119.7699966430664,120.38999938964844,719500
2022-01-13,120.38999938964844,121.31999969482422,119.1500015258789,119.37000274658203,1042800
2022-01-14,122.22000122070312,128.0399932861328,121.5,126.13999938964844,2018900
2022-01-18,123.95999908447266,126.30999755859375,123.12000274658203,125.41000366210938,1672800
2022-01-19,124.98999786376953,128.1199951171875,123.0,124.87999725341797,1128100
2022-01-20,127.19999694824219,128.44000244140625,124.33999633789062,124.66000366210938,1429800
2022-01-21,125.04000091552734,126.69000244140625,124.16999816894531,125.06999969482422,1563000
2022-01-24,122.62999725341797,124.55999755859375,120.06999969482422,124.23999786376953,1435400
2022-01-25,123.02999877929688,123.05999755859375,118.58000183105469,119.20999908447266,960100
2022-01-26,119.72000122070312,120.37999725341797,116.12000274658203,117.12000274658203,1371700
2022-01-27,117.69000244140625,119.25,117.0,117.44000244140625,806300
2022-01-28,117.31999969482422,119.37999725341797,116.61000061035156,119.30999755859375,816900
2022-01-31,119.06999969482422,121.51000213623047,119.01000213623047,121.01000213623047,1365700
2022-02-01,121.19999694824219,121.9800033569336,119.5999984741211,121.06999969482422,923700
2022-02-02,121.47000122070312,124.2300033569336,121.33999633789062,123.66999816894531,1705900
2022-02-03,122.68000030517578,131.47999572753906,122.2699966430664,126.68000030517578,3049800
2022-02-04,125.43000030517578,129.10000610351562,125.33000183105469,128.25999450683594,1342800
2022-02-07,128.66000366210938,128.66000366210938,125.69000244140625,126.0199966430664,1129700
2022-02-08,125.97000122070312,127.06999969482422,125.01000213623047,126.5,771300
2022-02-09,126.94999694824219,128.39999389648438,125.4800033569336,128.2899932861328,746400
2022-02-10,127.33000183105469,128.91000366210938,126.66999816894531,127.23999786376953,740400
2022-02-11,127.62000274658203,128.7899932861328,126.56999969482422,128.02000427246094,1035800
2022-02-14,127.9000015258789,129.69000244140625,127.66999816894531,129.67999267578125,1370000
2022-02-15,129.8000030517578,132.1199951171875,129.33999633789062,131.75,1399600
2022-02-16,131.14999389648438,132.64999389648438,130.75,132.5500030517578,1434700
2022-02-17,133.02999877929688,133.8699951171875,131.8699951171875,132.42999267578125,1416400
2022-02-18,132.77000427246094,133.58999633789062,130.72999572753906,130.7899932861328,1324400
2022-02-22,129.47000122070312,135.35000610351562,127.83999633789062,133.69000244140625,2152200
2022-02-23,133.83999633789062,134.83999633789062,130.3699951171875,130.4600067138672,992100
2022-02-24,127.0,138.4499969482422,126.80000305175781,138.2100067138672,2388600
2022-02-25,137.1699981689453,141.8000030517578,137.0800018310547,140.8300018310547,1620900
2022-02-28,140.22000122070312,145.7899932861328,140.22000122070312,144.8800048828125,2893400
2022-03-01,144.16000366210938,147.0800018310547,142.77999877929688,143.89999389648438,2553100
2022-03-02,144.74000549316406,149.60000610351562,143.35000610351562,148.97999572753906,1797900
2022-03-03,149.6199951171875,149.6199951171875,143.2899932861328,143.61000061035156,1586900
2022-03-04,144.3699951171875,145.97999572753906,143.11000061035156,145.9600067138672,1462200
2022-03-07,143.7100067138672,145.35000610351562,139.4600067138672,139.6999969482422,2305100
2022-03-08,137.6699981689453,141.1699981689453,135.4499969482422,136.07000732421875,1855100
2022-03-09,135.91000366210938,139.85000610351562,134.7100067138672,138.4499969482422,1831700
2022-03-10,139.27000427246094,142.0500030517578,137.85000610351562,141.92999267578125,1119000
2022-03-11,142.38999938964844,142.5399932861328,133.77999877929688,134.16000366210938,2088400
2022-03-14,132.41000366210938,136.11000061035156,132.3800048828125,134.47999572753906,1538700
2022-03-15,134.47999572753906,135.63999938964844,132.8800048828125,135.4499969482422,1217000
2022-03-16,136.88999938964844,138.72000122070312,133.58999633789062,136.88999938964844,1640400
2022-03-17,136.0500030517578,138.75999450683594,134.3000030517578,138.52000427246094,1077600
2022-03-18,137.63999938964844,141.0399932861328,136.47999572753906,139.8699951171875,3014100
2022-03-21,136.72000122070312,138.5,134.16000366210938,136.74000549316406,1788900
2022-03-22,136.9499969482422,140.24000549316406,136.5800018310547,139.07000732421875,1373200
2022-03-23,138.63999938964844,139.38999938964844,136.72999572753906,138.74000549316406,868800
2022-03-24,139.77999877929688,140.13999938964844,137.9499969482422,139.2899932861328,1055300
2022-03-25,139.75,142.52000427246094,139.0,142.3699951171875,1080400
2022-03-28,140.9499969482422,142.24000549316406,138.02999877929688,138.3699951171875,1352500
2022-03-29,139.47000122070312,139.60000610351562,136.4199981689453,139.22999572753906,1453400
2022-03-30,138.10000610351562,140.0,137.60000610351562,138.25999450683594,915100
2022-03-31,137.52999877929688,140.7899932861328,137.52000427246094,138.25999450683594,1038400
2022-04-01,139.72999572753906,141.64999389648438,138.63999938964844,139.22999572753906,924300
2022-04-04,139.1300048828125,141.4199981689453,138.50999450683594,141.16000366210938,966700
2022-04-05,141.0800018310547,143.3800048828125,140.49000549316406,142.39999389648438,1319100
2022-04-06,140.88999938964844,141.99000549316406,138.24000549316406,139.3800048828125,1561600
2022-04-07,138.6999969482422,144.94000244140625,138.6999969482422,144.0800018310547,1989200
2022-04-08,144.75,145.5399932861328,141.66000366210938,142.82000732421875,1570900
2022-04-11,141.32000732421875,142.00999450683594,139.1300048828125,140.38999938964844,908600
2022-04-12,142.83999633789062,143.89999389648438,140.5500030517578,140.86000061035156,1131800
2022-04-13,140.3699951171875,142.7899932861328,139.83999633789062,142.72999572753906,1125800
2022-04-14,143.1699981689453,144.50999450683594,142.3699951171875,142.77999877929688,1298900
2022-04-18,143.50999450683594,143.50999450683594,140.5,142.0800018310547,977100
2022-04-19,141.0399932861328,144.75999450683594,141.0,144.27999877929688,1088900
2022-04-20,144.8000030517578,145.4600067138672,143.27999877929688,143.41000366210938,922600
2022-04-21,143.41000366210938,144.4600067138672,140.00999450683594,140.55999755859375,1017900
2022-04-22,139.75,140.52999877929688,137.0800018310547,137.27000427246094,1363300
2022-04-25,137.0399932861328,138.97000122070312,135.24000549316406,138.86000061035156,1304900
2022-04-26,137.47000122070312,138.22999572753906,135.4600067138672,135.50999450683594,1633000
2022-04-27,127.5199966430664,132.13999938964844,126.38999938964844,126.9000015258789,3076100
2022-04-28,126.41999816894531,129.97999572753906,125.91999816894531,128.8300018310547,1454500
2022-04-29,128.11000061035156,128.72999572753906,125.47000122070312,126.29000091552734,1410700
2022-05-02,125.80999755859375,128.85000610351562,125.4800033569336,128.5399932861328,1052600
2022-05-03,128.35000610351562,128.83999633789062,127.06999969482422,127.73999786376953,985400
2022-05-04,127.6500015258789,127.86000061035156,123.72000122070312,126.91999816894531,1306700
2022-05-05,126.18000030517578,126.19000244140625,122.04000091552734,122.94000244140625,1611200
2022-05-06,122.5,122.91999816894531,119.94000244140625,120.19000244140625,1413500
2022-05-09,118.18000030517578,120.02999877929688,117.5999984741211,119.29000091552734,1980700
2022-05-10,121.1500015258789,121.88999938964844,119.38999938964844,120.4800033569336,1571300
2022-05-11,119.54000091552734,123.45999908447266,118.7300033569336,122.27999877929688,1599800
2022-05-12,121.04000091552734,122.52999877929688,118.5199966430664,120.61000061035156,1433800
2022-05-13,121.87999725341797,122.61000061035156,120.38999938964844,122.19999694824219,1061100
2022-05-16,122.66000366210938,123.69999694824219,121.06999969482422,122.48999786376953,902400
2022-05-17,125.77999877929688,125.98999786376953,123.44000244140625,124.01000213623047,1148500
2022-05-18,123.62000274658203,124.91999816894531,121.05000305175781,121.54000091552734,854600
2022-05-19,121.33000183105469,122.08999633789062,120.16000366210938,120.61000061035156,983800
2022-05-20,122.26000213623047,123.88999938964844,119.83000183105469,122.02999877929688,1214900
2022-05-23,121.66000366210938,124.16000366210938,121.6500015258789,124.12000274658203,860900
2022-05-24,123.62000274658203,124.66000366210938,122.02999877929688,123.48999786376953,664700
2022-05-25,123.26000213623047,123.87000274658203,122.2300033569336,123.29000091552734,837300
2022-05-26,122.25,124.87000274658203,122.25,124.2300033569336,884800
2022-05-27,124.6500015258789,126.25,124.6500015258789,126.18000030517578,809100
2022-05-31,125.47000122070312,126.0,123.80000305175781,125.08000183105469,1551200
2022-06-01,125.20999908447266,128.0500030517578,124.4800033569336,126.3499984741211,1312400
2022-06-02,126.56999969482422,129.77000427246094,126.41999816894531,129.3300018310547,1419600
2022-06-03,128.8000030517578,129.92999267578125,127.68000030517578,129.75999450683594,812700
2022-06-06,130.2899932861328,130.6999969482422,128.60000610351562,129.17999267578125,501700
2022-06-07,128.27000427246094,130.10000610351562,128.27000427246094,129.0,694000
2022-06-08,128.3800048828125,129.7100067138672,127.69999694824219,128.0500030517578,609700
2022-06-09,127.80999755859375,128.3000030517578,125.52999877929688,125.55000305175781,607800
2022-06-10,124.58999633789062,125.44999694824219,123.75,123.79000091552734,721100
2022-06-13,120.16000366210938,120.98999786376953,117.44000244140625,120.62000274658203,1685500
2022-06-14,121.13999938964844,123.22000122070312,120.61000061035156,121.44999694824219,1013600
2022-06-15,121.47000122070312,122.88999938964844,119.91999816894531,121.13999938964844,788100
2022-06-16,119.45999908447266,120.19999694824219,117.4800033569336,117.5999984741211,1144700
2022-06-17,118.58000183105469,120.55000305175781,118.1500015258789,119.41999816894531,1380700
2022-06-21,120.54000091552734,122.06999969482422,119.52999877929688,120.18000030517578,893200
2022-06-22,119.31999969482422,120.58999633789062,118.02999877929688,118.58999633789062,929500
2022-06-23,119.19999694824219,119.19999694824219,117.45999908447266,118.54000091552734,813400
2022-06-24,119.91999816894531,124.13999938964844,118.61000061035156,124.0999984741211,990300
2022-06-27,123.69000244140625,125.1500015258789,121.77999877929688,123.91000366210938,783400
2022-06-28,124.37000274658203,124.94000244140625,121.0,121.69999694824219,647600
2022-06-29,121.66000366210938,121.66000366210938,120.44000244140625,121.20999908447266,738600
2022-06-30,120.5,122.70999908447266,120.22000122070312,121.77999877929688,1270900
2022-07-01,121.5199966430664,124.0999984741211,121.36000061035156,123.83000183105469,640400
2022-07-05,122.5199966430664,123.4000015258789,120.79000091552734,123.12000274658203,922100
2022-07-06,123.08999633789062,125.16000366210938,121.51000213623047,124.18000030517578,870400
2022-07-07,123.7699966430664,125.12000274658203,123.38999938964844,124.98999786376953,1191400
2022-07-08,124.62000274658203,127.44999694824219,124.47000122070312,127.16000366210938,872200
2022-07-11,126.05000305175781,126.55999755859375,125.3499984741211,125.63999938964844,628400
2022-07-12,126.68000030517578,127.26000213623047,121.86000061035156,122.62999725341797,1039500
2022-07-13,120.20999908447266,123.66000366210938,120.11000061035156,122.81999969482422,1053800
2022-07-14,122.4800033569336,122.58999633789062,120.12999725341797,121.55999755859375,886300
2022-07-15,121.97000122070312,123.33000183105469,121.94999694824219,122.72000122070312,713100
2022-07-18,123.04000091552734,123.41000366210938,121.08999633789062,121.1500015258789,777200
2022-07-19,122.20999908447266,123.9800033569336,121.94999694824219,123.75,499400
2022-07-20,126.86000061035156,127.97000122070312,125.26000213623047,127.33000183105469,986800
2022-07-21,126.73999786376953,129.2899932861328,126.58000183105469,129.14999389648438,602900
2022-07-22,128.8699951171875,129.49000549316406,128.50999450683594,128.85000610351562,547900
2022-07-25,129.3800048828125,129.3800048828125,127.2300033569336,127.68000030517578,400800
2022-07-26,127.68000030517578,129.17999267578125,122.87000274658203,124.05999755859375,1168000
2022-07-27,124.0,126.30999755859375,124.0,125.63999938964844,922600
2022-07-28,125.68000030517578,127.31999969482422,125.16000366210938,126.18000030517578,866600
2022-07-29,125.54000091552734,126.19000244140625,123.93000030517578,124.5999984741211,1749000
2022-08-01,119.13999938964844,120.37000274658203,117.08999633789062,119.02999877929688,2464100
2022-08-02,118.48999786376953,119.94999694824219,117.9800033569336,118.38999938964844,1029400
2022-08-03,118.83000183105469,119.18000030517578,117.48999786376953,117.93000030517578,1061400
2022-08-04,117.93000030517578,118.87000274658203,116.44000244140625,118.83000183105469,962100
2022-08-05,117.94000244140625,119.4000015258789,117.37000274658203,119.30999755859375,775900
2022-08-08,119.30999755859375,120.47000122070312,118.55999755859375,120.30000305175781,1129800
2022-08-09,120.31999969482422,120.91999816894531,118.69999694824219,119.0,777000
2022-08-10,120.05999755859375,122.5999984741211,119.83999633789062,122.5,1053300
2022-08-11,123.0,123.2699966430664,120.45999908447266,120.8499984741211,855300
2022-08-12,121.27999877929688,123.02999877929688,121.18000030517578,122.86000061035156,540900
2022-08-15,122.4800033569336,123.62000274658203,122.19999694824219,122.61000061035156,586400
2022-08-16,122.4000015258789,126.01000213623047,122.2300033569336,125.80000305175781,952000
2022-08-17,125.05000305175781,125.66999816894531,123.26000213623047,123.37000274658203,928600
2022-08-18,123.37000274658203,125.83000183105469,123.0,124.62999725341797,566400
2022-08-19,124.19999694824219,124.19999694824219,122.87000274658203,123.79000091552734,541400
2022-08-22,122.44000244140625,123.0199966430664,121.47000122070312,121.70999908447266,731000
2022-08-23,122.05999755859375,123.19000244140625,121.66000366210938,121.94000244140625,765000
2022-08-24,122.61000061035156,123.43000030517578,121.8499984741211,122.27999877929688,592600
2022-08-25,122.5999984741211,123.12000274658203,121.83000183105469,122.68000030517578,522100
2022-08-26,123.29000091552734,123.93000030517578,121.62999725341797,121.68000030517578,583300
2022-08-29,120.36000061035156,122.76000213623047,120.05999755859375,121.93000030517578,835100
2022-08-30,122.7300033569336,123.0,121.69000244140625,122.12000274658203,787800
2022-08-31,123.41999816894531,124.31999969482422,120.2300033569336,120.23999786376953,855900
2022-09-01,119.66999816894531,121.08000183105469,117.44999694824219,119.62000274658203,623400
2022-09-02,120.18000030517578,120.51000213623047,117.19000244140625,117.61000061035156,668200
2022-09-06,117.58000183105469,118.56999969482422,116.62999725341797,118.13999938964844,712600
2022-09-07,118.11000061035156,120.30000305175781,117.55999755859375,119.8499984741211,439100
2022-09-08,119.5999984741211,120.69000244140625,118.87000274658203,119.94000244140625,496000
2022-09-09,120.31999969482422,121.88999938964844,119.83999633789062,121.66999816894531,694500
2022-09-12,122.0,123.83999633789062,121.9800033569336,123.62000274658203,490600
2022-09-13,121.54000091552734,123.08000183105469,120.98999786376953,121.48999786376953,691200
2022-09-14,121.55999755859375,122.30000305175781,118.76000213623047,119.87999725341797,720200
2022-09-15,118.83000183105469,119.54000091552734,117.44999694824219,119.5,862500
2022-09-16,118.76000213623047,119.20999908447266,116.66999816894531,117.25,1028200
2022-09-19,116.4800033569336,118.26000213623047,115.12000274658203,118.1500015258789,929000
2022-09-20,117.6500015258789,117.73999786376953,115.87999725341797,116.08000183105469,514600
2022-09-21,116.72000122070312,117.44999694824219,114.44999694824219,114.56999969482422,550700
2022-09-22,114.37000274658203,114.62999725341797,111.70999908447266,112.37000274658203,1638800
2022-09-23,111.77999877929688,112.58000183105469,110.9000015258789,111.4000015258789,879900
2022-09-26,111.3499984741211,113.04000091552734,111.05999755859375,112.06999969482422,695000
2022-09-27,113.16999816894531,113.44000244140625,110.26000213623047,111.12000274658203,661000
2022-09-28,111.29000091552734,113.51000213623047,110.94000244140625,113.01000213623047,563600
2022-09-29,112.18000030517578,112.95999908447266,111.2300033569336,112.87999725341797,763900
2022-09-30,112.63999938964844,114.25,111.94000244140625,112.0199966430664,866700
2022-10-03,112.22000122070312,116.86000061035156,112.20999908447266,115.91999816894531,751700
2022-10-04,117.5199966430664,118.80000305175781,116.51000213623047,118.19000244140625,1346200
2022-10-05,117.16000366210938,117.45999908447266,112.27999877929688,114.0,1424200
2022-10-06,113.91999816894531,116.41000366210938,113.33999633789062,113.75,1018100
2022-10-07,112.08999633789062,112.94999694824219,110.61000061035156,110.69000244140625,799000
2022-10-10,111.12000274658203,111.41000366210938,109.08000183105469,109.66999816894531,684600
2022-10-11,109.80999755859375,111.11000061035156,109.16999816894531,109.31999969482422,862800
2022-10-12,109.19999694824219,110.79000091552734,108.80000305175781,110.0,756200
2022-10-13,107.7699966430664,114.58000183105469,107.54000091552734,113.86000061035156,1165300
2022-10-14,114.4800033569336,114.91999816894531,111.45999908447266,111.8499984741211,914800
2022-10-17,113.75,114.44999694824219,112.23999786376953,112.38999938964844,806200
2022-10-18,113.94999694824219,115.7699966430664,113.13999938964844,114.41999816894531,825900
2022-10-19,112.9000015258789,114.05000305175781,111.5999984741211,111.8499984741211,666900
2022-10-20,111.88999938964844,114.22000122070312,111.75,112.33000183105469,917800
2022-10-21,112.33000183105469,114.62999725341797,111.58000183105469,114.30999755859375,719100
2022-10-24,114.02999877929688,115.12999725341797,112.4000015258789,114.69000244140625,637200
2022-10-25,115.4000015258789,117.05000305175781,115.4000015258789,116.7300033569336,621200
2022-10-26,115.66999816894531,118.25,115.52999877929688,116.48999786376953,1077400
2022-10-27,117.4000015258789,127.98999786376953,117.4000015258789,127.29000091552734,2595300
2022-10-28,126.19999694824219,128.6300048828125,125.87999725341797,127.83000183105469,1159300
2022-10-31,126.58999633789062,129.86000061035156,126.01000213623047,129.22999572753906,1211200
2022-11-01,130.00999450683594,130.72000122070312,129.3300018310547,129.82000732421875,905000
2022-11-02,129.82000732421875,129.82000732421875,126.02999877929688,126.12999725341797,814800
2022-11-03,124.9000015258789,125.87999725341797,123.56999969482422,124.83999633789062,817300
2022-11-04,125.45999908447266,127.0999984741211,123.8499984741211,125.5999984741211,921100
2022-11-07,125.44000244140625,128.0399932861328,124.68000030517578,127.0,1038100
2022-11-08,127.19000244140625,130.17999267578125,126.33000183105469,127.94000244140625,875800
2022-11-09,127.16999816894531,128.8699951171875,127.04000091552734,127.43000030517578,567500
2022-11-10,131.07000732421875,131.33999633789062,129.00999450683594,130.72999572753906,573500
2022-11-11,130.22000122070312,131.60000610351562,129.0399932861328,131.58999633789062,1526000
2022-11-14,131.0,131.4600067138672,127.47000122070312,127.9000015258789,1245800
2022-11-15,129.57000732421875,130.02999877929688,128.02999877929688,129.0500030517578,640000
2022-11-16,128.77999877929688,129.3000030517578,127.69999694824219,127.83999633789062,609500
2022-11-17,126.93000030517578,128.8000030517578,126.69999694824219,127.9800033569336,478900
2022-11-18,129.42999267578125,130.19000244140625,128.25,129.2899932861328,539400
2022-11-21,128.6199951171875,130.0800018310547,128.3000030517578,129.52000427246094,575400
2022-11-22,129.9600067138672,131.5800018310547,129.0800018310547,131.5500030517578,672200
2022-11-23,131.85000610351562,133.0399932861328,131.33999633789062,131.47999572753906,1004500
2022-11-25,130.83999633789062,132.72000122070312,130.30999755859375,132.41000366210938,284400
2022-11-28,131.6300048828125,132.3800048828125,130.35000610351562,130.85000610351562,571500
2022-11-29,131.55999755859375,131.89999389648438,130.3800048828125,131.02999877929688,499400
2022-11-30,130.3300018310547,133.1699981689453,128.7899932861328,132.8300018310547,2308900
2022-12-01,133.0,134.97999572753906,132.77000427246094,134.5,744000
2022-12-02,132.8300018310547,134.24000549316406,132.41000366210938,133.47999572753906,541600
2022-12-05,133.05999755859375,134.08999633789062,131.39999389648438,131.66000366210938,721800
2022-12-06,131.25999450683594,131.88999938964844,130.3000030517578,131.50999450683594,638900
2022-12-07,132.0,133.07000732421875,131.19000244140625,131.52000427246094,646100
2022-12-08,131.9600067138672,132.1699981689453,130.57000732421875,131.27000427246094,805300
2022-12-09,131.1199951171875,132.22000122070312,130.0500030517578,131.52999877929688,425300
2022-12-12,130.9600067138672,132.6300048828125,130.9600067138672,132.39999389648438,648200
2022-12-13,135.0,135.77999877929688,132.02999877929688,133.63999938964844,873300
2022-12-14,134.0,134.64999389648438,132.57000732421875,133.1199951171875,538900
2022-12-15,131.83999633789062,132.16000366210938,128.16000366210938,129.9199981689453,1038500
2022-12-16,129.0,130.52000427246094,128.52999877929688,129.0500030517578,1371700
2022-12-19,128.8300018310547,129.5800018310547,127.19000244140625,127.4800033569336,630100
2022-12-20,126.80000305175781,128.30999755859375,126.58000183105469,128.02999877929688,468700
2022-12-21,128.72999572753906,128.82000732421875,127.01000213623047,127.5999984741211,539800
2022-12-22,126.76000213623047,127.36000061035156,125.51000213623047,126.45999908447266,429700
2022-12-23,126.27999877929688,127.38999938964844,126.05000305175781,126.97000122070312,328700
2022-12-27,126.30999755859375,127.36000061035156,125.86000061035156,126.2300033569336,338100
2022-12-28,125.2699966430664,126.52999877929688,124.79000091552734,124.91000366210938,413800
2022-12-29,125.08000183105469,126.38999938964844,124.86000061035156,126.0999984741211,368600
2022-12-30,125.26000213623047,126.38999938964844,124.4800033569336,126.16000366210938,295700
2023-01-03,126.69999694824219,128.33999633789062,126.2699966430664,126.83000183105469,649400
2023-01-04,127.54000091552734,128.7899932861328,126.26000213623047,127.19999694824219,619100
2023-01-05,129.1999969482422,129.97999572753906,125.75,126.7699966430664,916600
2023-01-06,126.7699966430664,129.17999267578125,126.3499984741211,128.1999969482422,818900
2023-01-09,128.57000732421875,129.80999755859375,125.55999755859375,125.86000061035156,1056700
2023-01-10,125.8499984741211,126.93000030517578,124.2300033569336,124.63999938964844,1063900
2023-01-11,124.0,125.41999816894531,123.47000122070312,124.91999816894531,1123200
2023-01-12,124.94999694824219,126.33000183105469,123.97000122070312,126.04000091552734,779800
2023-01-13,124.98999786376953,129.22000122070312,124.75,128.99000549316406,1347900
2023-01-17,129.4499969482422,131.0399932861328,128.89999389648438,130.02999877929688,1009900
2023-01-18,131.22000122070312,132.85000610351562,130.39999389648438,131.92999267578125,1531700
2023-01-19,132.07000732421875,133.3800048828125,131.72999572753906,131.83999633789062,877000
2023-01-20,132.1999969482422,133.00999450683594,131.36000061035156,131.72000122070312,920700
2023-01-23,130.72999572753906,132.0800018310547,128.41000366210938,129.02999877929688,897900
2023-01-24,128.80999755859375,130.25,127.56999969482422,128.10000610351562,635500
2023-01-25,127.31999969482422,129.22000122070312,126.62000274658203,128.44000244140625,655000
2023-01-26,128.61000061035156,129.50999450683594,126.91999816894531,129.42999267578125,796800
2023-01-27,128.39999389648438,129.75999450683594,127.7699966430664,129.02999877929688,426600
2023-01-30,129.02999877929688,129.02999877929688,126.0999984741211,126.29000091552734,433000
2023-01-31,126.91999816894531,127.30000305175781,126.08000183105469,127.19999694824219,809200
2023-02-01,126.36000061035156,130.30999755859375,125.91000366210938,129.55999755859375,936200
2023-02-02,130.02999877929688,130.07000732421875,126.56999969482422,128.9499969482422,883600
2023-02-03,128.1999969482422,129.8300018310547,127.95999908447266,128.4600067138672,566900
2023-02-06,127.88999938964844,128.07000732421875,125.27999877929688,125.51000213623047,734600
2023-02-07,125.79000091552734,128.3800048828125,125.33000183105469,127.94999694824219,736900
2023-02-08,129.5800018310547,129.8699951171875,127.04000091552734,127.5199966430664,733800
2023-02-09,128.02000427246094,130.0800018310547,127.2300033569336,127.29000091552734,971000
2023-02-10,127.06999969482422,127.79000091552734,126.52999877929688,127.16000366210938,922500
2023-02-13,124.0,128.36000061035156,123.45999908447266,128.25999450683594,1468700
2023-02-14,128.0,128.32000732421875,124.88999938964844,125.97000122070312,1288800
2023-02-15,125.05000305175781,127.58999633789062,123.5199966430664,127.58000183105469,1034900
2023-02-16,125.19000244140625,125.79000091552734,123.25,123.9800033569336,1285800
2023-02-17,123.1500015258789,125.83999633789062,123.05000305175781,124.95999908447266,695100
2023-02-21,123.52999877929688,125.70999908447266,123.52999877929688,125.37000274658203,768200
2023-02-22,126.31999969482422,126.73999786376953,124.91999816894531,125.66000366210938,992400
2023-02-23,125.86000061035156,127.04000091552734,124.9000015258789,125.51000213623047,993400
2023-02-24,123.91999816894531,125.38999938964844,123.72000122070312,124.19999694824219,710600
2023-02-27,124.4000015258789,125.19000244140625,123.69000244140625,124.44000244140625,801000
2023-02-28,123.69000244140625,124.83999633789062,123.38999938964844,123.72000122070312,1204900
2023-03-01,123.72000122070312,125.04000091552734,123.44999694824219,123.77999877929688,777200
2023-03-02,123.83000183105469,126.0,123.83000183105469,125.98999786376953,710200
2023-03-03,126.1500015258789,126.80999755859375,124.75,126.58000183105469,681400
2023-03-06,127.0,128.4199981689453,126.41000366210938,126.58999633789062,527000
2023-03-07,126.62999725341797,127.16000366210938,125.7300033569336,126.76000213623047,548800
2023-03-08,127.13999938964844,127.16999816894531,125.29000091552734,126.19999694824219,513500
2023-03-09,125.86000061035156,126.58999633789062,125.13999938964844,125.3499984741211,617800
2023-03-10,124.61000061035156,127.02999877929688,124.55999755859375,125.02999877929688,786100
2023-03-13,124.81999969482422,125.83000183105469,123.61000061035156,123.77999877929688,1045000
2023-03-14,124.80000305175781,126.83999633789062,124.13999938964844,126.79000091552734,970700
2023-03-15,125.88999938964844,126.47000122070312,123.98999786376953,125.41999816894531,623300
2023-03-16,125.43000030517578,128.9499969482422,125.23999786376953,128.80999755859375,712700
2023-03-17,129.24000549316406,129.72999572753906,127.87000274658203,129.1699981689453,1053000
2023-03-20,127.94999694824219,131.22999572753906,127.94999694824219,131.00999450683594,847300
2023-03-21,130.9499969482422,131.25999450683594,128.60000610351562,129.52000427246094,902700
2023-03-22,129.99000549316406,130.27999877929688,126.13999938964844,126.2300033569336,951700
2023-03-23,126.80000305175781,129.38999938964844,126.80000305175781,128.02999877929688,699500
2023-03-24,127.91000366210938,128.83999633789062,127.55000305175781,128.39999389648438,524400
2023-03-27,128.24000549316406,129.24000549316406,128.19000244140625,128.77000427246094,606800
2023-03-28,128.41000366210938,128.47999572753906,126.12999725341797,126.79000091552734,848600
2023-03-29,126.80000305175781,128.1199951171875,126.5999984741211,127.68000030517578,534300
2023-03-30,128.05999755859375,128.05999755859375,126.51000213623047,127.62999725341797,762700
2023-03-31,128.27000427246094,130.3000030517578,127.0999984741211,130.0,955700
2023-04-03,129.33999633789062,130.77999877929688,129.33999633789062,130.72000122070312,730700
2023-04-04,131.75,134.75,131.4199981689453,132.6199951171875,1028700
2023-04-05,132.8000030517578,133.3300018310547,131.17999267578125,131.38999938964844,770600
2023-04-06,131.0,132.25999450683594,130.67999267578125,131.8300018310547,555500
2023-04-10,130.63999938964844,131.3300018310547,129.91000366210938,130.75999450683594,491800
2023-04-11,130.08999633789062,131.75,129.83999633789062,130.8000030517578,624000
2023-04-12,132.0,135.92999267578125,131.60000610351562,132.82000732421875,1255300
2023-04-13,133.8800048828125,134.6199951171875,133.39999389648438,134.4600067138672,733900
2023-04-14,130.60000610351562,134.19000244140625,130.60000610351562,132.41000366210938,860500
2023-04-17,133.8300018310547,134.63999938964844,132.36000061035156,132.82000732421875,622400
2023-04-18,132.80999755859375,133.38999938964844,132.3699951171875,132.6699981689453,474700
2023-04-19,132.39999389648438,133.22999572753906,131.3800048828125,131.6300048828125,495900
2023-04-20,131.22999572753906,131.6699981689453,130.39999389648438,130.67999267578125,537100
2023-04-21,130.64999389648438,131.9600067138672,130.0800018310547,131.8300018310547,754800
2023-04-24,131.82000732421875,132.1300048828125,129.7899932861328,130.9600067138672,542900
2023-04-25,128.2899932861328,128.66000366210938,126.02999877929688,126.06999969482422,994100
2023-04-26,126.27999877929688,127.9000015258789,125.63999938964844,125.9800033569336,627000
2023-04-27,126.16999816894531,128.19000244140625,125.9800033569336,128.07000732421875,717800
2023-04-28,127.19999694824219,128.67999267578125,125.83000183105469,127.36000061035156,1462100
2023-05-01,121.0,122.80999755859375,118.05000305175781,118.5199966430664,2799500
2023-05-02,117.66999816894531,121.9800033569336,117.18000030517578,120.75,1266800
2023-05-03,120.75,121.2300033569336,119.04000091552734,119.66000366210938,1408700
2023-05-04,119.75,120.79000091552734,118.30000305175781,118.45999908447266,1250400
2023-05-05,118.58000183105469,121.61000061035156,118.58000183105469,120.95999908447266,963900
2023-05-08,121.51000213623047,122.52999877929688,121.0,122.44999694824219,759900
2023-05-09,122.08000183105469,123.37000274658203,121.05000305175781,121.51000213623047,1072400
2023-05-10,121.86000061035156,122.55000305175781,120.58999633789062,120.88999938964844,910500
2023-05-11,120.94000244140625,121.4000015258789,120.0999984741211,120.88999938964844,791900
2023-05-12,120.83999633789062,121.25,120.06999969482422,120.16999816894531,625400
2023-05-15,120.01000213623047,120.2300033569336,119.44999694824219,120.06999969482422,870600
2023-05-16,119.1500015258789,120.73999786376953,119.12999725341797,119.98999786376953,639700
2023-05-17,120.05999755859375,120.1500015258789,118.62999725341797,119.33999633789062,957700
2023-05-18,119.36000061035156,119.72000122070312,118.22000122070312,119.13999938964844,1263900
2023-05-19,119.77999877929688,121.69999694824219,119.54000091552734,121.41999816894531,904100
2023-05-22,121.41000366210938,122.93000030517578,121.13999938964844,122.62000274658203,641300
2023-05-23,122.08000183105469,123.25,121.52999877929688,122.01000213623047,773200
2023-05-24,122.05000305175781,124.5999984741211,122.05000305175781,123.63999938964844,1149900
2023-05-25,124.45999908447266,124.58999633789062,122.9000015258789,123.04000091552734,916800
2023-05-26,123.2699966430664,124.80000305175781,123.2699966430664,123.86000061035156,995700
2023-05-30,124.33000183105469,124.56999969482422,122.05000305175781,123.44000244140625,1063300
2023-05-31,122.19000244140625,125.54000091552734,121.8499984741211,124.80999755859375,1640500
2023-06-01,123.69999694824219,125.23999786376953,123.33999633789062,124.18000030517578,919100
2023-06-02,124.31999969482422,124.72000122070312,123.44999694824219,124.02999877929688,1269700
2023-06-05,123.05999755859375,124.6500015258789,122.11000061035156,123.98999786376953,807900
2023-06-06,124.0,124.5199966430664,122.37999725341797,124.37999725341797,943500
2023-06-07,124.51000213623047,124.91999816894531,123.11000061035156,123.94999694824219,1180300
2023-06-08,123.93000030517578,125.26000213623047,123.63999938964844,123.87999725341797,970600
2023-06-09,124.36000061035156,126.61000061035156,124.01000213623047,126.13999938964844,1216900
2023-06-12,126.13999938964844,126.55000305175781,124.76000213623047,125.5999984741211,1002700
2023-06-13,126.18000030517578,127.26000213623047,125.91000366210938,126.87999725341797,1168400
2023-06-14,127.16000366210938,129.16000366210938,127.06999969482422,128.8699951171875,854000
2023-06-15,129.22000122070312,130.8699951171875,128.72000122070312,130.4499969482422,758500
2023-06-16,130.80999755859375,132.1300048828125,130.07000732421875,130.91000366210938,1587300
2023-06-20,130.30999755859375,131.1999969482422,128.3000030517578,128.47000122070312,632900
2023-06-21,128.25999450683594,128.61000061035156,126.0199966430664,126.16999816894531,973100
2023-06-22,125.93000030517578,126.9800033569336,125.44999694824219,126.86000061035156,840900
2023-06-23,126.27999877929688,127.11000061035156,125.56999969482422,126.05999755859375,612700
2023-06-26,126.0,126.76000213623047,123.58000183105469,124.08000183105469,770600
2023-06-27,124.23999786376953,126.55000305175781,124.18000030517578,126.18000030517578,743400
2023-06-28,126.41000366210938,126.76000213623047,125.56999969482422,126.7300033569336,584100
2023-06-29,126.0999984741211,128.27999877929688,125.76000213623047,127.94000244140625,719300
2023-06-30,128.52000427246094,128.92999267578125,125.43000030517578,125.62000274658203,1133900
2023-07-03,125.51000213623047,126.77999877929688,125.08999633789062,126.30999755859375,503800
2023-07-05,125.7300033569336,126.76000213623047,125.4800033569336,125.75,989600
2023-07-06,124.33000183105469,125.75,123.72000122070312,125.3499984741211,687400
2023-07-07,125.16000366210938,126.30999755859375,124.69000244140625,125.02999877929688,641700
2023-07-10,124.80000305175781,125.70999908447266,122.86000061035156,124.55999755859375,1026500
2023-07-11,124.44000244140625,127.93000030517578,124.41000366210938,127.80999755859375,1046100
2023-07-12,128.47999572753906,128.47999572753906,125.31999969482422,126.19000244140625,1547000
2023-07-13,127.33000183105469,128.7100067138672,126.48999786376953,127.56999969482422,969200
2023-07-14,127.5999984741211,127.94999694824219,125.0999984741211,125.5199966430664,1272100
2023-07-17,124.97000122070312,127.68000030517578,124.81999969482422,127.30000305175781,750200
2023-07-18,127.66999816894531,128.6699981689453,126.73999786376953,127.87000274658203,800200
2023-07-19,128.77000427246094,129.80999755859375,126.87999725341797,127.31999969482422,838100
2023-07-20,127.5,129.35000610351562,127.48999786376953,128.35000610351562,1066100
2023-07-21,129.72999572753906,130.77000427246094,128.3300018310547,128.5,1043900
2023-07-24,128.50999450683594,129.3000030517578,127.11000061035156,127.27999877929688,743200
2023-07-25,126.33000183105469,129.0,126.2699966430664,128.7100067138672,842600
2023-07-26,131.1999969482422,132.3000030517578,126.13999938964844,132.11000061035156,1610500
2023-07-27,132.1999969482422,133.02000427246094,131.25,131.7899932861328,1063400
2023-07-28,132.1300048828125,132.16000366210938,130.58999633789062,130.82000732421875,852900
2023-07-31,130.94000244140625,132.27999877929688,130.66000366210938,132.2100067138672,707000
2023-08-01,131.91000366210938,132.41000366210938,130.8000030517578,132.30999755859375,801100
2023-08-02,131.6999969482422,132.08999633789062,130.42999267578125,130.8300018310547,705500
2023-08-03,130.58999633789062,132.27999877929688,130.1999969482422,131.9600067138672,727800
2023-08-04,132.16000366210938,132.16000366210938,126.93000030517578,127.18000030517578,1144300
2023-08-07,127.4000015258789,127.58000183105469,125.7300033569336,126.75,1069500
2023-08-08,126.75,127.73999786376953,126.08000183105469,126.45999908447266,813600
2023-08-09,126.45999908447266,127.19999694824219,125.68000030517578,126.37000274658203,616900
2023-08-10,128.55999755859375,131.7100067138672,128.0500030517578,130.0399932861328,874200
2023-08-11,129.67999267578125,131.5500030517578,129.44000244140625,130.7899932861328,713300
2023-08-14,130.89999389648438,131.5399932861328,129.9600067138672,130.19000244140625,525100
2023-08-15,129.5399932861328,130.69000244140625,128.3800048828125,128.5800018310547,484800
2023-08-16,128.64999389648438,132.7899932861328,128.60000610351562,130.6300048828125,1398500
2023-08-17,130.6300048828125,132.94000244140625,130.2899932861328,131.8800048828125,1316200
2023-08-18,131.61000061035156,132.0500030517578,130.55999755859375,131.6199951171875,650000
2023-08-21,132.1699981689453,133.75999450683594,131.9499969482422,132.08999633789062,766200
2023-08-22,132.3800048828125,133.42999267578125,131.19000244140625,132.3000030517578,499100
2023-08-23,132.38999938964844,133.6699981689453,131.8800048828125,133.47999572753906,423200
2023-08-24,133.8000030517578,133.94000244140625,131.92999267578125,131.94000244140625,420800
2023-08-25,132.5,135.1699981689453,131.72000122070312,134.42999267578125,607100
2023-08-28,134.4499969482422,134.97000122070312,132.14999389648438,133.72999572753906,590300
2023-08-29,133.77000427246094,135.08999633789062,133.5,134.7100067138672,525200
2023-08-30,134.6300048828125,135.25999450683594,134.08999633789062,134.1699981689453,538100
2023-08-31,134.5800018310547,135.67999267578125,134.22999572753906,134.58999633789062,940500
2023-09-01,134.77999877929688,135.38999938964844,132.91000366210938,133.13999938964844,667400
2023-09-05,132.5500030517578,134.19000244140625,132.3800048828125,133.85000610351562,986300
2023-09-06,133.89999389648438,135.07000732421875,133.44000244140625,133.86000061035156,606500
2023-09-07,133.22999572753906,135.61000061035156,133.22999572753906,135.44000244140625,884400
2023-09-08,135.69000244140625,135.8699951171875,134.83999633789062,135.66000366210938,529800
2023-09-11,135.0,136.5800018310547,134.85000610351562,135.9600067138672,512000
2023-09-12,135.19000244140625,135.32000732421875,133.30999755859375,133.75,662500
2023-09-13,133.4199981689453,134.94000244140625,133.02000427246094,134.55999755859375,691700
2023-09-14,134.72000122070312,136.5399932861328,134.4499969482422,135.83999633789062,564800
2023-09-15,136.22999572753906,137.19000244140625,135.2899932861328,136.02000427246094,1021300
2023-09-18,135.91000366210938,137.5399932861328,135.19000244140625,135.5800018310547,702600
2023-09-19,135.60000610351562,137.5500030517578,135.1999969482422,137.30999755859375,894200
2023-09-20,137.66000366210938,138.60000610351562,137.2100067138672,137.4600067138672,497800
2023-09-21,137.11000061035156,137.25999450683594,135.77000427246094,135.8699951171875,759400
2023-09-22,136.07000732421875,137.8800048828125,135.9199981689453,137.39999389648438,560300
2023-09-25,137.1699981689453,137.61000061035156,136.24000549316406,136.3699951171875,428300
2023-09-26,136.33999633789062,136.8000030517578,132.22000122070312,133.42999267578125,1127200
2023-09-27,133.77000427246094,134.38999938964844,132.52000427246094,132.8000030517578,966100
2023-09-28,132.1699981689453,134.50999450683594,132.1300048828125,133.99000549316406,502000
2023-09-29,134.82000732421875,135.0500030517578,132.85000610351562,133.27999877929688,706700
2023-10-02,133.1999969482422,134.19000244140625,132.74000549316406,133.47999572753906,790400
2023-10-03,133.1999969482422,134.0,131.92999267578125,132.82000732421875,694500
2023-10-04,132.6199951171875,134.4499969482422,132.6199951171875,132.83999633789062,770800
2023-10-05,133.3699951171875,134.88999938964844,133.13999938964844,134.8000030517578,719500
2023-10-06,134.6999969482422,137.3699951171875,134.14999389648438,137.02000427246094,626400
2023-10-09,133.1699981689453,135.75,131.97000122070312,134.97000122070312,1288800
2023-10-10,135.2100067138672,136.11000061035156,134.8699951171875,135.4499969482422,792600
2023-10-11,136.0,136.22000122070312,134.36000061035156,134.3699951171875,1542000
2023-10-12,134.08999633789062,135.1199951171875,132.6199951171875,135.02000427246094,947200
2023-10-13,134.92999267578125,135.3800048828125,133.63999938964844,134.30999755859375,1135200
2023-10-16,134.6199951171875,137.33999633789062,134.6199951171875,136.4600067138672,1158400
2023-10-17,135.69000244140625,136.58999633789062,134.9600067138672,135.49000549316406,1266300
2023-10-18,135.6199951171875,137.64999389648438,134.83999633789062,137.38999938964844,1036800
2023-10-19,138.02000427246094,138.63999938964844,135.44000244140625,135.5,864700
2023-10-20,135.36000061035156,136.02999877929688,134.08999633789062,134.64999389648438,843700
2023-10-23,134.33999633789062,134.39999389648438,132.02000427246094,132.42999267578125,680100
2023-10-24,133.67999267578125,136.33999633789062,133.33999633789062,136.27999877929688,688000
2023-10-25,135.8699951171875,136.00999450683594,133.5500030517578,133.60000610351562,668200
2023-10-26,133.32000732421875,134.00999450683594,132.4600067138672,132.47999572753906,977900
2023-10-27,131.91000366210938,132.4499969482422,131.0500030517578,131.83999633789062,1578800
2023-10-30,132.0,132.39999389648438,126.56999969482422,129.4499969482422,2368700
2023-10-31,129.38999938964844,134.49000549316406,129.1300048828125,134.25,1266100
2023-11-01,134.97999572753906,137.75999450683594,134.25999450683594,136.25999450683594,1002500
2023-11-02,135.97999572753906,136.72000122070312,134.72000122070312,136.5800018310547,701700
2023-11-03,136.42999267578125,137.63999938964844,135.50999450683594,136.9199981689453,634800
2023-11-06,137.0399932861328,138.8800048828125,136.19000244140625,138.75999450683594,789500
2023-11-07,139.0,139.27000427246094,137.75999450683594,137.86000061035156,629500
2023-11-08,138.07000732421875,138.86000061035156,136.4600067138672,137.55999755859375,602300
2023-11-09,138.0,140.10000610351562,138.0,138.30999755859375,825700
2023-11-10,138.80999755859375,142.24000549316406,138.5,142.0500030517578,741500
2023-11-13,141.47000122070312,143.80999755859375,141.44000244140625,143.24000549316406,807100
2023-11-14,143.72999572753906,144.3000030517578,140.17999267578125,142.0,1100000
2023-11-15,142.5800018310547,142.6699981689453,140.39999389648438,141.10000610351562,832300
2023-11-16,140.3300018310547,141.88999938964844,139.5500030517578,140.6999969482422,757000
2023-11-17,140.91000366210938,143.22000122070312,140.85000610351562,142.36000061035156,587600
2023-11-20,142.3000030517578,143.85000610351562,141.94000244140625,142.52999877929688,729500
2023-11-21,143.11000061035156,144.9199981689453,142.60000610351562,144.57000732421875,718500
2023-11-22,144.72999572753906,145.14999389648438,143.3699951171875,143.42999267578125,444500
2023-11-24,144.2100067138672,145.61000061035156,144.0399932861328,145.5399932861328,287300
2023-11-27,144.8300018310547,145.8800048828125,144.57000732421875,145.69000244140625,526800
2023-11-28,145.17999267578125,147.16000366210938,145.17999267578125,145.69000244140625,759800
2023-11-29,147.05999755859375,147.5,144.49000549316406,146.1699981689453,794500
2023-11-30,146.02999877929688,147.2899932861328,144.8000030517578,146.0,1621800
2023-12-01,145.75,146.2899932861328,144.5,145.8300018310547,675900
2023-12-04,146.0,147.22999572753906,144.91000366210938,145.4600067138672,546100
2023-12-05,145.24000549316406,146.97999572753906,145.16000366210938,145.74000549316406,469300
2023-12-06,145.7100067138672,146.27999877929688,144.5,144.5399932861328,609100
2023-12-07,144.5,144.88999938964844,143.27999877929688,144.5500030517578,550400
2023-12-08,143.82000732421875,145.89999389648438,143.82000732421875,145.72000122070312,865400
2023-12-11,144.9499969482422,147.72000122070312,144.9499969482422,147.02999877929688,659200
2023-12-12,147.32000732421875,149.74000549316406,147.32000732421875,148.92999267578125,735300
2023-12-13,149.33999633789062,150.14999389648438,148.66000366210938,148.77000427246094,770300
2023-12-14,148.9199981689453,149.0800018310547,144.66000366210938,144.8000030517578,1014800
2023-12-15,145.0,146.52999877929688,145.0,146.02000427246094,1630300
2023-12-18,148.7100067138672,150.0,147.60000610351562,149.02000427246094,818400
2023-12-19,149.6999969482422,150.88999938964844,149.00999450683594,150.60000610351562,586100
2023-12-20,150.75,151.9499969482422,149.61000061035156,149.61000061035156,638200
2023-12-21,149.88999938964844,151.08999633789062,149.5800018310547,150.85000610351562,780800
2023-12-22,151.1999969482422,152.85000610351562,150.72999572753906,152.25,411600
2023-12-26,152.14999389648438,153.75,152.02000427246094,153.63999938964844,379600
2023-12-27,153.10000610351562,154.1199951171875,152.77000427246094,153.10000610351562,420700
2023-12-28,153.14999389648438,153.77999877929688,151.89999389648438,152.55999755859375,332200
2023-12-29,152.6999969482422,152.85000610351562,151.35000610351562,152.7899932861328,356400
2024-01-02,152.1199951171875,152.52999877929688,150.55999755859375,152.27000427246094,670000
2024-01-03,151.83999633789062,154.1699981689453,151.64999389648438,152.82000732421875,955700
2024-01-04,152.67999267578125,153.77999877929688,152.00999450683594,152.13999938964844,537200
2024-01-05,152.52000427246094,152.77999877929688,151.00999450683594,151.0500030517578,532800
2024-01-08,151.0800018310547,152.8800048828125,150.85000610351562,152.27999877929688,553800
2024-01-09,151.80999755859375,153.82000732421875,151.80999755859375,153.4600067138672,484700
2024-01-10,153.66000366210938,155.50999450683594,153.66000366210938,155.22000122070312,476200
2024-01-11,155.5399932861328,157.14999389648438,155.2100067138672,156.30999755859375,479700
2024-01-12,158.07000732421875,160.2100067138672,157.50999450683594,158.72999572753906,972200
2024-01-16,158.75,159.94000244140625,155.82000732421875,156.10000610351562,1307600
2024-01-17,155.57000732421875,158.13999938964844,155.57000732421875,157.86000061035156,776600
2024-01-18,158.32000732421875,159.75999450683594,157.8800048828125,159.05999755859375,767800
2024-01-19,159.8300018310547,159.89999389648438,157.41000366210938,157.72999572753906,711100
2024-01-22,158.02999877929688,159.88999938964844,158.02999877929688,159.05999755859375,566100
2024-01-23,158.42999267578125,159.0800018310547,156.77000427246094,157.0500030517578,745400
2024-01-24,157.3699951171875,158.3300018310547,157.22000122070312,157.33999633789062,491000
2024-01-25,157.4499969482422,159.16000366210938,157.11000061035156,158.88999938964844,654300
2024-01-26,157.97000122070312,159.5800018310547,157.92999267578125,159.5800018310547,542000
2024-01-29,159.60000610351562,160.1699981689453,158.85000610351562,160.02999877929688,692500
2024-01-30,160.25,161.00999450683594,159.4199981689453,160.30999755859375,764800
2024-01-31,161.22000122070312,163.02000427246094,158.89999389648438,158.92999267578125,1101500
2024-02-01,159.6699981689453,162.9600067138672,159.3800048828125,161.99000549316406,856800
2024-02-02,161.3699951171875,162.80999755859375,160.72000122070312,162.0,769700
2024-02-05,162.0,162.5800018310547,159.89999389648438,160.8000030517578,1436500
2024-02-06,162.0,166.7100067138672,161.50999450683594,162.4499969482422,1934800
2024-02-07,163.72999572753906,166.5,162.5,164.3300018310547,693400
2024-02-08,163.9600067138672,164.25,162.0500030517578,163.17999267578125,751500
2024-02-09,163.66000366210938,165.9600067138672,163.3000030517578,164.30999755859375,477400
2024-02-12,163.66000366210938,163.92999267578125,162.36000061035156,162.8300018310547,408600
2024-02-13,161.1300048828125,164.16000366210938,161.0500030517578,164.1300048828125,705100
2024-02-14,163.69000244140625,165.35000610351562,162.49000549316406,165.2899932861328,602800
2024-02-15,164.5800018310547,164.8000030517578,162.91000366210938,164.24000549316406,478700
2024-02-16,164.94000244140625,165.0,162.14999389648438,162.77000427246094,462000
2024-02-20,162.32000732421875,162.67999267578125,159.88999938964844,160.10000610351562,732100
2024-02-21,152.05999755859375,154.97000122070312,147.0399932861328,154.8699951171875,2239200
2024-02-22,157.72999572753906,158.00999450683594,155.92999267578125,156.38999938964844,1341000
2024-02-23,157.72000122070312,160.6999969482422,157.35000610351562,160.27999877929688,782000
2024-02-26,160.0,162.1699981689453,159.3300018310547,159.42999267578125,918600
2024-02-27,159.49000549316406,161.60000610351562,158.3699951171875,161.5399932861328,732800
2024-02-28,161.61000061035156,163.39999389648438,161.61000061035156,162.10000610351562,650600
2024-02-29,162.25999450683594,162.41000366210938,159.4600067138672,160.4199981689453,891600
2024-03-01,159.64999389648438,160.10000610351562,157.64999389648438,158.0500030517578,738700
2024-03-04,157.8300018310547,159.69000244140625,157.1300048828125,159.0,732500
2024-03-05,158.27000427246094,158.75,155.3300018310547,157.83999633789062,679900
2024-03-06,160.5399932861328,163.5399932861328,157.69000244140625,157.75,898200
2024-03-07,158.58999633789062,159.30999755859375,157.0399932861328,158.41000366210938,617900
2024-03-08,158.5500030517578,160.0800018310547,157.6300048828125,160.0,670700
2024-03-11,160.22000122070312,164.10000610351562,160.22000122070312,163.47000122070312,1130100
2024-03-12,164.64999389648438,165.13999938964844,163.17999267578125,164.55999755859375,748400
2024-03-13,165.05999755859375,166.10000610351562,163.6199951171875,164.8000030517578,590900
2024-03-14,165.5,168.82000732421875,165.39999389648438,166.27999877929688,936900
2024-03-15,166.22000122070312,166.86000061035156,163.80999755859375,164.58999633789062,988900
2024-03-18,165.75,167.6300048828125,164.9600067138672,166.47999572753906,432800
2024-03-19,165.44000244140625,165.61000061035156,163.60000610351562,163.97999572753906,677600
2024-03-20,164.0,165.55999755859375,163.50999450683594,165.52999877929688,390500
2024-03-21,165.47999572753906,166.52999877929688,164.6699981689453,165.64999389648438,520200
2024-03-22,166.33999633789062,166.4600067138672,164.1699981689453,165.0800018310547,391100
2024-03-25,165.1300048828125,165.4499969482422,162.41000366210938,164.2899932861328,493100
2024-03-26,164.86000061035156,165.6699981689453,163.69000244140625,164.13999938964844,526100
2024-03-27,165.0399932861328,165.4199981689453,163.41000366210938,164.14999389648438,465300
2024-03-28,164.14999389648438,165.99000549316406,163.61000061035156,164.00999450683594,443100
2024-04-01,162.88999938964844,164.9600067138672,161.5800018310547,164.27999877929688,362800
2024-04-02,163.67999267578125,164.47999572753906,162.75999450683594,164.25,535000
2024-04-03,163.60000610351562,166.1699981689453,163.60000610351562,163.9199981689453,493900
2024-04-04,165.2100067138672,165.5,162.08999633789062,162.74000549316406,529300
2024-04-05,163.64999389648438,165.4499969482422,163.1699981689453,164.38999938964844,468600
2024-04-08,164.63999938964844,165.22000122070312,163.9199981689453,164.13999938964844,422000
2024-04-09,164.8300018310547,166.7100067138672,162.7100067138672,163.75,436600
2024-04-10,163.5,165.88999938964844,163.3000030517578,164.64999389648438,565300
2024-04-11,165.1199951171875,166.05999755859375,162.39999389648438,163.13999938964844,612100
2024-04-12,162.3699951171875,163.0500030517578,161.27999877929688,161.72999572753906,739800
2024-04-15,162.00999450683594,162.25999450683594,157.57000732421875,157.6300048828125,577300
2024-04-16,156.4499969482422,158.52999877929688,156.3800048828125,156.8000030517578,491500
2024-04-17,158.27999877929688,158.75999450683594,156.6300048828125,158.08999633789062,652900
2024-04-18,158.3300018310547,160.66000366210938,156.9199981689453,158.3800048828125,616000
2024-04-19,158.44000244140625,158.67999267578125,157.3000030517578,157.9499969482422,668100
2024-04-22,159.16000366210938,160.36000061035156,158.2100067138672,158.7899932861328,622500
2024-04-23,159.75,161.39999389648438,159.4199981689453,160.8000030517578,949600
2024-04-24,161.0,161.94000244140625,160.22000122070312,161.0,1035000
2024-04-25,154.2899932861328,157.0,152.49000549316406,152.9499969482422,1549800
2024-04-26,153.0500030517578,155.61000061035156,149.4499969482422,151.1999969482422,1275500
2024-04-29,152.14999389648438,152.99000549316406,149.7100067138672,150.4600067138672,766900
2024-04-30,149.75999450683594,151.8300018310547,148.61000061035156,149.4199981689453,790900
2024-05-01,150.22999572753906,150.4499969482422,148.7100067138672,148.97000122070312,512000
2024-05-02,149.52999877929688,151.42999267578125,149.05999755859375,149.47000122070312,580900
2024-05-03,149.25999450683594,151.24000549316406,149.0,151.1999969482422,523700
2024-05-06,151.08999633789062,152.77000427246094,151.08999633789062,152.6699981689453,444700
2024-05-07,152.32000732421875,154.7899932861328,152.3000030517578,154.74000549316406,520400
2024-05-08,153.97000122070312,155.63999938964844,153.9199981689453,154.92999267578125,518200
2024-05-09,155.4499969482422,155.8699951171875,152.02999877929688,152.3800048828125,481500
2024-05-10,152.05999755859375,153.1199951171875,151.27000427246094,151.57000732421875,492600
2024-05-13,150.6199951171875,152.02999877929688,149.22000122070312,150.02999877929688,863900
2024-05-14,149.00999450683594,150.0500030517578,146.5500030517578,148.91000366210938,1175700
2024-05-15,148.82000732421875,149.8800048828125,148.0500030517578,149.0,636000
2024-05-16,148.66000366210938,151.6199951171875,148.3000030517578,151.10000610351562,821600
2024-05-17,150.67999267578125,151.60000610351562,150.24000549316406,151.1300048828125,608700
2024-05-20,151.0,153.07000732421875,150.47000122070312,151.86000061035156,498200
2024-05-21,151.0399932861328,151.9199981689453,149.50999450683594,151.5800018310547,562900
2024-05-22,152.0,154.0,151.5800018310547,153.52000427246094,694400
2024-05-23,153.64999389648438,154.89999389648438,152.6199951171875,153.5,490600
2024-05-24,152.99000549316406,154.42999267578125,152.72999572753906,154.4199981689453,450900
2024-05-28,152.32000732421875,153.32000732421875,148.6999969482422,149.7100067138672,777500
2024-05-29,148.9499969482422,150.5,148.88999938964844,149.0500030517578,580100
2024-05-30,148.08999633789062,148.2899932861328,146.7899932861328,146.7899932861328,670000
2024-05-31,148.22999572753906,150.60000610351562,145.75,150.5,1642200
2024-06-03,150.0,151.19000244140625,148.3300018310547,151.07000732421875,547400
2024-06-04,150.91000366210938,151.9600067138672,150.55999755859375,151.02999877929688,490800
2024-06-05,152.3000030517578,154.1199951171875,151.00999450683594,153.8000030517578,674300
2024-06-06,153.3800048828125,155.72000122070312,153.1199951171875,154.82000732421875,725000
2024-06-07,155.36000061035156,156.94000244140625,154.7899932861328,156.41000366210938,458900
2024-06-10,155.16000366210938,156.1699981689453,152.91000366210938,156.11000061035156,555200
2024-06-11,155.86000061035156,157.0399932861328,154.50999450683594,156.88999938964844,475000
2024-06-12,156.77999877929688,158.38999938964844,155.7100067138672,158.0,464000
2024-06-13,158.33999633789062,158.72999572753906,156.24000549316406,157.55999755859375,601500
2024-06-14,157.9499969482422,158.3300018310547,156.3800048828125,156.49000549316406,496900
2024-06-17,156.19000244140625,157.7899932861328,154.0399932861328,157.6300048828125,638600
2024-06-18,158.63999938964844,159.22999572753906,156.64999389648438,159.1199951171875,561700
2024-06-20,159.99000549316406,161.24000549316406,157.11000061035156,158.72000122070312,760300
2024-06-21,158.25,160.0500030517578,156.52000427246094,158.85000610351562,1043500
2024-06-24,158.82000732421875,159.0399932861328,155.6999969482422,155.97999572753906,528000
2024-06-25,156.27999877929688,156.5,154.5399932861328,155.5,524300
2024-06-26,155.5,157.8000030517578,153.8800048828125,156.55999755859375,543900
2024-06-27,155.83999633789062,162.99000549316406,155.83999633789062,162.6999969482422,745000
2024-06-28,163.4600067138672,166.0399932861328,163.00999450683594,165.0,771800
2024-07-01,165.69000244140625,166.57000732421875,163.0800018310547,165.0,712000
2024-07-02,164.89999389648438,167.8000030517578,164.50999450683594,167.72999572753906,766900
2024-07-03,168.10000610351562,170.69000244140625,167.9199981689453,168.72000122070312,719700
2024-07-05,168.02000427246094,169.72999572753906,166.55999755859375,169.4499969482422,798500
2024-07-08,169.19000244140625,169.9600067138672,167.5399932861328,169.39999389648438,555300
2024-07-09,169.8000030517578,170.9199981689453,167.97999572753906,169.88999938964844,571000
2024-07-10,169.72000122070312,170.47000122070312,167.8800048828125,170.30999755859375,730900
2024-07-11,171.42999267578125,173.61000061035156,169.47999572753906,170.0,705600
2024-07-12,170.25,173.22000122070312,169.7100067138672,171.77000427246094,565000
2024-07-15,170.86000061035156,172.64999389648438,170.75,172.0500030517578,411800
2024-07-16,173.16000366210938,174.92999267578125,171.97999572753906,174.6999969482422,424200
2024-07-17,174.35000610351562,174.66000366210938,170.60000610351562,171.5800018310547,643600
2024-07-18,172.6699981689453,173.17999267578125,169.94000244140625,172.10000610351562,666200
2024-07-19,173.24000549316406,174.19000244140625,170.13999938964844,170.49000549316406,754900
2024-07-22,171.8300018310547,172.58999633789062,170.3300018310547,170.47000122070312,708000
2024-07-23,170.1999969482422,171.77999877929688,169.60000610351562,170.0,1339400
2024-07-24,175.0,184.5800018310547,173.63999938964844,180.07000732421875,1909000
2024-07-25,178.83999633789062,184.6699981689453,178.41000366210938,181.1699981689453,1375400
2024-07-26,180.61000061035156,183.8300018310547,180.5500030517578,182.74000549316406,638000
2024-07-29,183.27999877929688,186.75,182.3300018310547,183.3699951171875,919500
2024-07-30,183.41000366210938,184.77999877929688,181.3300018310547,182.42999267578125,422000
2024-07-31,184.0399932861328,185.88999938964844,182.3699951171875,183.4499969482422,588700
2024-08-01,182.27999877929688,183.60000610351562,180.32000732421875,181.82000732421875,746000
2024-08-02,180.0,183.27000427246094,179.10000610351562,180.4199981689453,614000
2024-08-05,173.6199951171875,177.47000122070312,171.5399932861328,173.91000366210938,749900
2024-08-06,175.60000610351562,176.6699981689453,172.9199981689453,173.75999450683594,784700
2024-08-07,176.30999755859375,179.08999633789062,176.30999755859375,177.97999572753906,987900
2024-08-08,179.0,180.19000244140625,177.0,179.50999450683594,742300
2024-08-09,180.30999755859375,184.50999450683594,179.25999450683594,184.38999938964844,558800
2024-08-12,183.86000061035156,184.44000244140625,180.24000549316406,181.08999633789062,679500
2024-08-13,181.47999572753906,183.94000244140625,180.64999389648438,182.25999450683594,610100
2024-08-14,182.6300048828125,184.25,181.6300048828125,183.92999267578125,361000
2024-08-15,184.47999572753906,186.3300018310547,183.9499969482422,185.67999267578125,387200
2024-08-16,185.25,185.5800018310547,183.6300048828125,185.41000366210938,744000
2024-08-19,185.74000549316406,187.7899932861328,185.3000030517578,187.25,426300
2024-08-20,187.58999633789062,189.5399932861328,187.11000061035156,188.60000610351562,558400
2024-08-21,189.0,190.8000030517578,188.11000061035156,189.07000732421875,485500
2024-08-22,190.36000061035156,192.0,189.02999877929688,190.35000610351562,494300
2024-08-23,191.0,191.24000549316406,187.8300018310547,190.30999755859375,404600
2024-08-26,189.72000122070312,190.82000732421875,188.07000732421875,189.50999450683594,359000
2024-08-27,188.4600067138672,189.11000061035156,187.39999389648438,188.1999969482422,462700
2024-08-28,188.36000061035156,190.72999572753906,187.63999938964844,189.57000732421875,388500
2024-08-29,189.57000732421875,193.27000427246094,189.57000732421875,191.61000061035156,389900
2024-08-30,191.5500030517578,193.1199951171875,190.91000366210938,192.5,661000
2024-09-03,192.41000366210938,192.75,189.16000366210938,189.99000549316406,408400
2024-09-04,188.3699951171875,190.4199981689453,186.75,190.2899932861328,408000
2024-09-05,189.50999450683594,190.22000122070312,186.6300048828125,188.13999938964844,357500
2024-09-06,188.72000122070312,190.0,187.5500030517578,188.4199981689453,616200
2024-09-09,188.7100067138672,189.88999938964844,186.5,188.64999389648438,438200
2024-09-10,188.94000244140625,189.92999267578125,187.64999389648438,189.85000610351562,503900
2024-09-11,189.3000030517578,190.25999450683594,185.50999450683594,189.89999389648438,600800
2024-09-12,190.5,191.1300048828125,188.8300018310547,190.5500030517578,602800
2024-09-13,191.4499969482422,195.2899932861328,191.4499969482422,195.1699981689453,470600
2024-09-16,194.0,194.83999633789062,191.64999389648438,192.97000122070312,607900
2024-09-17,193.4499969482422,193.52000427246094,191.55999755859375,191.6999969482422,407600
2024-09-18,191.6300048828125,192.3800048828125,184.22999572753906,188.99000549316406,671600
2024-09-19,192.08999633789062,192.27999877929688,189.6999969482422,191.08999633789062,517500
2024-09-20,191.02000427246094,195.0,190.11000061035156,194.08999633789062,1263400
2024-09-23,193.39999389648438,196.55999755859375,193.39999389648438,195.47000122070312,437800
2024-09-24,194.9199981689453,195.8699951171875,193.55999755859375,195.2899932861328,323200
2024-09-25,195.25,195.5399932861328,193.16000366210938,194.0399932861328,426300
2024-09-26,194.25,195.60000610351562,193.60000610351562,195.0,284800
2024-09-27,194.63999938964844,195.75999450683594,192.82000732421875,193.0399932861328,348800
2024-09-30,193.02000427246094,193.83999633789062,191.49000549316406,192.80999755859375,469200
2024-10-01,192.25,193.27000427246094,188.7100067138672,188.99000549316406,606500
2024-10-02,189.25,191.82000732421875,187.6300048828125,191.19000244140625,483300
2024-10-03,190.4199981689453,192.0500030517578,189.38999938964844,190.89999389648438,561000
2024-10-04,191.52999877929688,194.1699981689453,191.1199951171875,193.92999267578125,317800
2024-10-07,194.1699981689453,195.47999572753906,190.82000732421875,191.5,533500
2024-10-08,192.2899932861328,197.80999755859375,192.2899932861328,197.5399932861328,642000
2024-10-09,197.5,203.77999877929688,197.16000366210938,203.4199981689453,687800
2024-10-10,201.67999267578125,209.63999938964844,201.67999267578125,209.00999450683594,1335700
2024-10-11,208.17999267578125,210.6999969482422,206.05999755859375,208.5399932861328,817700
2024-10-14,209.5,209.92999267578125,205.14999389648438,208.02000427246094,638600
2024-10-15,208.83999633789062,210.38999938964844,206.69000244140625,207.8300018310547,680300
2024-10-16,205.88999938964844,208.74000549316406,205.05999755859375,205.8800048828125,914900
2024-10-17,207.77999877929688,209.10000610351562,205.3300018310547,207.44000244140625,720500
2024-10-18,206.8699951171875,207.6300048828125,205.0500030517578,206.22999572753906,727900
2024-10-21,205.0500030517578,206.7100067138672,203.33999633789062,205.27999877929688,667100
2024-10-22,205.1999969482422,208.17999267578125,204.3000030517578,207.32000732421875,1015400
2024-10-23,207.2899932861328,208.39999389648438,205.17999267578125,205.3800048828125,698200
2024-10-24,205.61000061035156,207.27999877929688,205.1999969482422,205.39999389648438,417100
2024-10-25,205.6300048828125,208.49000549316406,205.6300048828125,207.16000366210938,514000
2024-10-28,207.97000122070312,209.13999938964844,206.8699951171875,207.9600067138672,1065500
2024-10-29,189.0,189.0,175.00999450683594,177.8699951171875,3401400
2024-10-30,175.0500030517578,177.05999755859375,172.4499969482422,173.88999938964844,1291300
2024-10-31,174.85000610351562,175.6199951171875,172.13999938964844,173.2100067138672,918100
2024-11-01,173.19000244140625,174.38999938964844,170.41000366210938,170.5,860100
2024-11-04,170.0,171.5,169.02000427246094,170.17999267578125,725800
2024-11-05,170.36000061035156,172.6699981689453,169.55999755859375,171.0399932861328,844200
2024-11-06,174.33999633789062,174.57000732421875,170.77000427246094,174.00999450683594,940400
2024-11-07,174.3300018310547,177.38999938964844,173.7899932861328,176.8699951171875,789400
2024-11-08,176.61000061035156,178.22000122070312,175.5800018310547,176.02999877929688,714600
2024-11-11,176.4600067138672,178.60000610351562,175.27999877929688,178.25999450683594,880200
2024-11-12,177.25,178.33999633789062,174.94000244140625,177.80999755859375,746100
2024-11-13,177.80999755859375,179.8699951171875,175.89999389648438,177.2100067138672,897500
2024-11-14,177.0,178.0,175.83999633789062,177.5500030517578,535100
2024-11-15,176.89999389648438,176.89999389648438,173.05999755859375,174.25,598700
2024-11-18,174.9199981689453,175.08999633789062,173.11000061035156,173.52999877929688,523200
2024-11-19,171.66000366210938,175.4499969482422,170.99000549316406,174.55999755859375,428100
2024-11-20,174.64999389648438,177.22999572753906,173.61000061035156,176.8300018310547,422000
2024-11-21,177.9199981689453,183.50999450683594,177.4499969482422,181.99000549316406,765700
2024-11-22,181.3699951171875,181.9600067138672,179.05999755859375,181.75,388200
2024-11-25,183.24000549316406,184.42999267578125,180.8699951171875,183.17999267578125,1349600
2024-11-26,181.52000427246094,182.38999938964844,178.8000030517578,181.50999450683594,627000
2024-11-27,180.5500030517578,182.2100067138672,180.11000061035156,181.5500030517578,441900
2024-11-29,182.3800048828125,183.88999938964844,181.39999389648438,182.0,246800
2024-12-02,181.0800018310547,184.11000061035156,180.67999267578125,182.17999267578125,674800
2024-12-03,182.7100067138672,187.9600067138672,182.2899932861328,187.08999633789062,682200
2024-12-04,187.5500030517578,190.38999938964844,186.8300018310547,190.22000122070312,570200
2024-12-05,190.05999755859375,190.94000244140625,187.72999572753906,188.0500030517578,492300
2024-12-06,189.02000427246094,190.10000610351562,186.07000732421875,186.82000732421875,466700
2024-12-09,187.8000030517578,189.2899932861328,187.2100067138672,187.88999938964844,460100
2024-12-10,185.74000549316406,188.3699951171875,184.1999969482422,186.85000610351562,656600
2024-12-11,186.30999755859375,189.25999450683594,183.1199951171875,188.10000610351562,548000
2024-12-12,187.58999633789062,191.99000549316406,187.58999633789062,189.5,438100
2024-12-13,190.22000122070312,190.5399932861328,187.3000030517578,187.77000427246094,508200
2024-12-16,187.77000427246094,191.22000122070312,187.16000366210938,190.2100067138672,496100
2024-12-17,190.25999450683594,190.25999450683594,186.89999389648438,187.7100067138672,601900
2024-12-18,186.9600067138672,188.1199951171875,180.75,181.08999633789062,779800
2024-12-19,182.6999969482422,187.39999389648438,182.0800018310547,187.00999450683594,1037400
2024-12-20,186.5500030517578,190.6300048828125,183.57000732421875,188.0500030517578,1299800
2024-12-23,188.55999755859375,189.8000030517578,185.50999450683594,188.6300048828125,685300
2024-12-24,188.7100067138672,190.14999389648438,187.6199951171875,189.64999389648438,181800
2024-12-26,189.83999633789062,191.74000549316406,189.6699981689453,190.8699951171875,377100
2024-12-27,189.60000610351562,190.17999267578125,186.6999969482422,187.89999389648438,505900
2024-12-30,186.7100067138672,187.7899932861328,184.89999389648438,187.25999450683594,312500
2024-12-31,186.22999572753906,187.55999755859375,186.0,186.6999969482422,262900
2025-01-02,188.10000610351562,189.80999755859375,184.02999877929688,184.5800018310547,677600
2025-01-03,185.74000549316406,186.6199951171875,181.3300018310547,181.39999389648438,564100
2025-01-06,181.92999267578125,182.52000427246094,179.33999633789062,179.8800048828125,1129100
2025-01-07,180.1199951171875,184.74000549316406,179.6999969482422,181.47999572753906,997600
2025-01-08,179.9600067138672,183.92999267578125,179.19000244140625,183.19000244140625,965900
2025-01-10,180.32000732421875,182.24000549316406,178.63999938964844,182.0,632800
2025-01-13,182.07000732421875,183.74000549316406,180.99000549316406,182.69000244140625,351000
2025-01-14,182.2100067138672,184.82000732421875,181.97999572753906,183.25,531800
2025-01-15,185.0,186.6300048828125,180.55999755859375,183.39999389648438,830700
2025-01-16,183.97999572753906,187.82000732421875,183.25,186.77000427246094,659800
2025-01-17,188.75,189.14999389648438,185.02000427246094,187.8699951171875,665400
2025-01-21,189.42999267578125,194.67999267578125,188.0,192.9600067138672,870800
2025-01-22,194.58999633789062,195.9199981689453,192.47000122070312,194.27999877929688,546000
2025-01-23,194.58999633789062,197.38999938964844,193.19000244140625,196.3800048828125,633900
2025-01-24,196.69000244140625,196.69000244140625,194.02999877929688,194.47999572753906,478400
2025-01-27,192.2100067138672,198.35000610351562,191.22999572753906,198.1999969482422,716700
2025-01-28,198.7100067138672,204.42999267578125,198.08999633789062,202.94000244140625,968600
2025-01-29,202.77999877929688,204.8300018310547,201.36000061035156,203.89999389648438,1165700
2025-01-30,213.47999572753906,226.02999877929688,210.22000122070312,218.99000549316406,2068500
2025-01-31,218.0,220.2100067138672,212.52999877929688,218.02000427246094,1177600
2025-02-03,214.11000061035156,215.8000030517578,210.80999755859375,213.8699951171875,1153100
2025-02-04,212.33999633789062,214.57000732421875,210.63999938964844,212.25999450683594,1301300
2025-02-05,212.4199981689453,217.0,209.64999389648438,216.99000549316406,1259400
2025-02-06,216.99000549316406,216.99000549316406,211.89999389648438,212.44000244140625,1050200
2025-02-07,214.7899932861328,215.47999572753906,211.0,212.24000549316406,1054000
2025-02-10,212.58999633789062,216.35000610351562,212.58999633789062,215.0,1040000
2025-02-11,214.63999938964844,219.2100067138672,213.0,218.52000427246094,1288000
2025-02-12,217.47000122070312,219.14999389648438,216.17999267578125,216.86000061035156,805700
2025-02-13,219.52999877929688,221.39999389648438,217.86000061035156,221.1199951171875,690400
2025-02-14,219.41000366210938,222.6199951171875,219.16000366210938,222.08999633789062,674700
2025-02-18,215.83999633789062,222.10000610351562,215.83999633789062,220.4600067138672,976700
2025-02-19,221.3000030517578,223.0800018310547,219.27999877929688,223.0800018310547,1196700
2025-02-20,221.47999572753906,222.64999389648438,218.52000427246094,219.0500030517578,716100
2025-02-21,217.58999633789062,218.8000030517578,215.6199951171875,216.8000030517578,1270500
2025-02-24,218.27999877929688,218.47000122070312,213.58999633789062,215.2100067138672,876000
2025-02-25,214.49000549316406,219.85000610351562,213.1999969482422,218.6300048828125,727000
2025-02-26,223.13999938964844,223.77000427246094,220.07000732421875,220.9199981689453,799700
2025-02-27,224.99000549316406,224.99000549316406,216.6699981689453,216.69000244140625,1048200
2025-02-28,216.9600067138672,220.4199981689453,214.63999938964844,220.25999450683594,1092900
2025-03-03,224.75999450683594,224.94000244140625,219.97000122070312,221.08999633789062,895900
2025-03-04,218.0800018310547,222.89999389648438,216.0,221.22000122070312,1229700
2025-03-05,219.66000366210938,223.00999450683594,218.1699981689453,221.60000610351562,1026700
2025-03-06,220.0,224.94000244140625,218.64999389648438,223.47999572753906,1390300
2025-03-07,223.8000030517578,230.64999389648438,222.50999450683594,230.1999969482422,1886000
2025-03-10,226.11000061035156,229.94000244140625,223.44000244140625,225.27000427246094,2433800
2025-03-11,222.77000427246094,226.6699981689453,221.97000122070312,222.38999938964844,930600
2025-03-12,223.97000122070312,225.94000244140625,216.57000732421875,217.99000549316406,1250100
2025-03-13,216.77000427246094,217.1999969482422,211.8300018310547,214.89999389648438,1341900
2025-03-14,221.7100067138672,224.9600067138672,219.25999450683594,224.83999633789062,1246100
2025-03-17,222.88999938964844,231.5800018310547,222.4199981689453,230.38999938964844,1104700
2025-03-18,230.24000549316406,231.33999633789062,226.77999877929688,229.75,798000
2025-03-19,229.6699981689453,232.3699951171875,229.50999450683594,230.32000732421875,697000
2025-03-20,229.4600067138672,230.72999572753906,226.8699951171875,229.13999938964844,929000
2025-03-21,227.42999267578125,229.8699951171875,225.50999450683594,227.97000122070312,1071800
2025-03-24,229.5,230.49000549316406,226.32000732421875,228.0500030517578,642100
2025-03-25,228.10000610351562,231.4600067138672,228.10000610351562,230.5800018310547,545600
2025-03-26,230.99000549316406,232.66000366210938,227.1300048828125,227.8699951171875,527100
2025-03-27,230.30999755859375,232.5800018310547,225.0,231.30999755859375,750900
2025-03-28,232.8699951171875,234.36000061035156,227.44000244140625,228.3699951171875,941700
2025-03-31,225.33999633789062,228.8300018310547,223.85000610351562,227.9199981689453,761700
2025-04-01,228.50999450683594,231.05999755859375,226.50999450683594,230.83999633789062,638300
2025-04-02,229.19000244140625,230.80999755859375,226.75,228.00999450683594,976700
2025-04-03,223.0,232.0,222.75,224.02000427246094,1395200
2025-04-04,216.1999969482422,222.02999877929688,215.11000061035156,215.52000427246094,1263700
2025-04-07,203.1999969482422,219.2100067138672,200.0500030517578,213.75999450683594,1864600
2025-04-08,215.3300018310547,217.66000366210938,206.5,208.1999969482422,1700100
2025-04-09,207.4600067138672,220.4199981689453,205.44000244140625,219.41000366210938,1568200
2025-04-10,219.41000366210938,219.41000366210938,209.39999389648438,213.77999877929688,1190500
2025-04-11,215.8800048828125,219.5,211.32000732421875,217.7100067138672,938500
2025-04-14,221.02000427246094,222.92999267578125,218.02000427246094,220.10000610351562,834100
2025-04-15,222.77999877929688,226.11000061035156,221.60000610351562,224.47000122070312,810000
2025-04-16,222.7100067138672,224.0500030517578,213.77000427246094,214.94000244140625,935200
2025-04-17,216.24000549316406,217.3699951171875,213.85000610351562,214.9600067138672,824700
2025-04-21,215.2899932861328,216.75999450683594,206.52000427246094,207.36000061035156,815600
2025-04-22,210.57000732421875,212.74000549316406,207.52999877929688,212.30999755859375,1460700
2025-04-23,214.0,214.0,196.32000732421875,204.25999450683594,2491400
2025-04-24,203.19000244140625,210.30999755859375,200.74000549316406,208.8800048828125,1307500
2025-04-25,207.47000122070312,208.97000122070312,204.30999755859375,206.5500030517578,715100
2025-04-28,207.80999755859375,212.8000030517578,206.42999267578125,212.41000366210938,1002600
2025-04-29,212.6999969482422,215.64999389648438,211.72000122070312,215.3000030517578,647700
2025-04-30,214.89999389648438,219.6699981689453,212.57000732421875,219.55999755859375,899900
2025-05-01,218.67999267578125,218.67999267578125,213.5800018310547,214.02999877929688,644100
2025-05-02,217.0500030517578,219.25999450683594,215.3300018310547,217.5500030517578,612700
2025-05-05,215.82000732421875,222.83999633789062,214.50999450683594,220.16000366210938,729200
2025-05-06,218.0,221.9199981689453,216.5800018310547,220.83999633789062,734900
2025-05-07,220.8000030517578,221.7899932861328,218.2100067138672,220.8699951171875,813700
2025-05-08,220.10000610351562,222.6300048828125,217.86000061035156,220.6699981689453,724200
2025-05-09,221.05999755859375,221.77999877929688,214.77999877929688,218.3300018310547,643300
2025-05-12,219.16000366210938,220.75999450683594,213.9499969482422,217.22999572753906,1132800
2025-05-13,215.60000610351562,221.5800018310547,214.75,217.8699951171875,923700
2025-05-14,217.86000061035156,219.0,212.8300018310547,214.49000549316406,580300
2025-05-15,214.89999389648438,218.1300048828125,214.3699951171875,216.10000610351562,678200
2025-05-16,216.30999755859375,218.67999267578125,215.63999938964844,218.67999267578125,519200
2025-05-19,218.5,220.47999572753906,215.60000610351562,218.91000366210938,496700
2025-05-20,223.7100067138672,223.7100067138672,219.1999969482422,220.9199981689453,904400
2025-05-21,218.60000610351562,222.2899932861328,217.9199981689453,220.9499969482422,710400
2025-05-22,220.3300018310547,226.0,220.3300018310547,224.86000061035156,732000
2025-05-23,223.22999572753906,228.13999938964844,222.16000366210938,227.86000061035156,835400
2025-05-27,227.0,230.39999389648438,226.52999877929688,228.6199951171875,831200
2025-05-28,228.52999877929688,228.67999267578125,223.1300048828125,223.9499969482422,753800
2025-05-29,223.8300018310547,225.8800048828125,219.91000366210938,224.38999938964844,595000
2025-05-30,225.27999877929688,228.94000244140625,224.85000610351562,228.8800048828125,1131200
2025-06-02,227.4499969482422,230.11000061035156,226.42999267578125,229.88999938964844,474300
2025-06-03,229.2100067138672,230.52000427246094,227.44000244140625,229.8800048828125,429200
2025-06-04,229.69000244140625,232.5,229.69000244140625,230.91000366210938,560200
2025-06-05,231.33999633789062,233.0,224.97000122070312,231.11000061035156,683700
2025-06-06,231.3699951171875,233.77999877929688,229.85000610351562,233.47000122070312,429100
2025-06-09,231.72000122070312,232.0,227.02999877929688,227.8000030517578,480800
2025-06-10,227.05999755859375,229.72000122070312,225.91000366210938,229.64999389648438,649100
2025-06-11,228.9600067138672,228.9600067138672,219.1699981689453,222.6699981689453,1357900
2025-06-12,224.00999450683594,226.14999389648438,221.47000122070312,222.9499969482422,627500
2025-06-13,220.72999572753906,221.6699981689453,217.5800018310547,218.92999267578125,1058500
2025-06-16,218.5800018310547,223.30999755859375,218.25999450683594,221.22000122070312,947300
2025-06-17,220.05999755859375,221.2100067138672,218.4600067138672,219.22999572753906,728000
2025-06-18,219.0,220.83999633789062,217.74000549316406,218.4199981689453,539100
2025-06-20,218.4199981689453,221.67999267578125,217.44000244140625,218.2100067138672,909700
2025-06-23,217.4600067138672,224.33999633789062,215.8800048828125,223.3699951171875,561600
2025-06-24,225.49000549316406,227.3000030517578,218.97999572753906,219.55999755859375,703900
2025-06-25,218.36000061035156,222.32000732421875,218.0,218.92999267578125,449900
2025-06-26,218.92999267578125,219.42999267578125,216.17999267578125,218.8800048828125,681000
2025-06-27,218.0,219.0,215.8300018310547,216.4499969482422,622100
2025-06-30,217.47000122070312,221.8000030517578,217.47000122070312,221.25,793700
2025-07-01,221.52000427246094,222.97999572753906,218.2899932861328,221.0800018310547,889000
2025-07-02,219.1300048828125,221.91000366210938,218.6999969482422,219.38999938964844,628200
2025-07-03,219.5500030517578,225.22000122070312,218.69000244140625,223.6300048828125,304400
2025-07-07,223.9499969482422,224.88999938964844,221.25999450683594,222.99000549316406,484300
2025-07-08,223.9199981689453,226.42999267578125,222.61000061035156,226.19000244140625,710400
2025-07-09,227.0,231.63999938964844,225.10000610351562,231.22999572753906,1002500
2025-07-10,232.07000732421875,232.07000732421875,221.25999450683594,221.25999450683594,868100
2025-07-11,222.27999877929688,222.61000061035156,214.33999633789062,215.5,817400
2025-07-14,215.8300018310547,221.4199981689453,213.27999877929688,220.67999267578125,732000
2025-07-15,221.8300018310547,223.30999755859375,218.6199951171875,218.77999877929688,547700
2025-07-16,218.6699981689453,220.7100067138672,216.7899932861328,218.07000732421875,514900
2025-07-17,217.80999755859375,219.69000244140625,216.97000122070312,217.47000122070312,451600
2025-07-18,218.1699981689453,218.94000244140625,215.05999755859375,215.47999572753906,911600
2025-07-21,219.0,222.9199981689453,217.1999969482422,222.63999938964844,577900
2025-07-22,222.8300018310547,225.22999572753906,221.22000122070312,222.88999938964844,517700
2025-07-23,223.3699951171875,223.86000061035156,221.0,223.0,623100
2025-07-24,222.74000549316406,224.1999969482422,221.1199951171875,222.00999450683594,584800
2025-07-25,222.5,223.3000030517578,219.32000732421875,220.11000061035156,789400
2025-07-28,220.52999877929688,222.22000122070312,217.8300018310547,218.2899932861328,1064300
2025-07-29,217.9600067138672,220.52999877929688,215.02999877929688,218.3300018310547,1725200
2025-07-30,203.25999450683594,205.1999969482422,185.0,186.6699981689453,4048800
2025-07-31,186.57000732421875,190.10000610351562,183.10000610351562,186.1999969482422,2357900
2025-08-01,186.3300018310547,189.83999633789062,185.0500030517578,188.5800018310547,1821600
2025-08-04,190.0,192.91000366210938,188.0,192.75999450683594,1391600
2025-08-05,192.83999633789062,195.0,188.75,188.89999389648438,1105400
2025-08-06,189.6699981689453,190.74000549316406,185.50999450683594,188.2100067138672,1089000
2025-08-07,189.35000610351562,189.35000610351562,183.69000244140625,185.02999877929688,1704400
2025-08-08,186.67999267578125,187.7899932861328,182.49000549316406,183.32000732421875,747800
2025-08-11,183.16000366210938,185.5500030517578,180.3300018310547,180.72999572753906,794000
2025-08-12,180.9199981689453,182.4499969482422,178.67999267578125,181.1999969482422,984200
2025-08-13,182.8300018310547,188.57000732421875,181.30999755859375,188.1199951171875,1161200
2025-08-14,187.74000549316406,188.0,184.38999938964844,185.32000732421875,1156900
2025-08-15,184.3000030517578,189.33999633789062,184.3000030517578,188.9199981689453,801000
2025-08-18,189.60000610351562,190.47999572753906,187.0800018310547,188.63999938964844,880400
2025-08-19,189.75,190.6300048828125,186.74000549316406,188.0,901300
2025-08-20,188.72000122070312,190.0,186.97999572753906,189.2899932861328,776300
2025-08-21,188.1699981689453,189.85000610351562,186.25,188.41000366210938,617900
2025-08-22,189.1699981689453,191.67999267578125,188.17999267578125,190.4199981689453,668100
2025-08-25,191.10000610351562,191.91000366210938,187.5500030517578,187.72000122070312,663000
2025-08-26,187.35000610351562,189.89999389648438,186.8800048828125,187.6199951171875,975200
2025-08-27,187.8800048828125,190.80999755859375,187.6300048828125,190.6699981689453,531300
2025-08-28,191.99000549316406,192.17999267578125,189.8800048828125,191.25999450683594,503500
2025-08-29,191.5399932861328,193.86000061035156,191.5399932861328,193.13999938964844,547500
2025-09-02,190.00999450683594,192.3699951171875,188.52999877929688,190.16000366210938,915300
2025-09-03,191.97000122070312,192.75999450683594,188.86000061035156,191.47000122070312,579700
2025-09-04,190.64999389648438,191.25999450683594,188.8000030517578,190.77000427246094,645200
2025-09-05,192.25999450683594,193.92999267578125,190.25999450683594,193.08999633789062,1170100
2025-09-08,193.35000610351562,197.39999389648438,192.66000366210938,196.89999389648438,814800
2025-09-09,196.58999633789062,197.13999938964844,194.1999969482422,196.55999755859375,557200
2025-09-10,196.0,198.75999450683594,193.30999755859375,194.24000549316406,367200
2025-09-11,195.1300048828125,196.88999938964844,193.75999450683594,196.5399932861328,382000
2025-09-12,197.02999877929688,197.6199951171875,195.19000244140625,195.19000244140625,519800
2025-09-15,194.8800048828125,198.1300048828125,194.6199951171875,198.0,762100
2025-09-16,199.30999755859375,199.9499969482422,196.38999938964844,198.83999633789062,627400
2025-09-17,199.7100067138672,200.99000549316406,196.1300048828125,196.5399932861328,505800
2025-09-18,196.86000061035156,199.14999389648438,195.5800018310547,196.24000549316406,745900
2025-09-19,196.66000366210938,199.6199951171875,196.39999389648438,197.7899932861328,2201000
2025-09-22,197.14999389648438,201.3699951171875,194.22000122070312,201.08999633789062,769800
2025-09-23,206.25999450683594,207.63999938964844,200.0800018310547,201.10000610351562,899100
2025-09-24,201.82000732421875,205.9600067138672,201.82000732421875,203.33999633789062,682600
2025-09-25,202.7899932861328,204.3800048828125,201.49000549316406,203.6199951171875,694400
2025-09-26,204.17999267578125,205.47999572753906,203.02000427246094,204.64999389648438,580000
2025-09-29,205.3000030517578,207.72000122070312,204.85000610351562,205.8000030517578,734900
2025-09-30,206.2899932861328,208.27999877929688,205.94000244140625,206.91000366210938,576900
2025-10-01,207.0,208.27999877929688,200.0399932861328,204.1300048828125,705900
2025-10-02,203.75,205.63999938964844,202.6199951171875,204.97000122070312,1072900
2025-10-03,204.30999755859375,205.55999755859375,201.25999450683594,201.57000732421875,756800
2025-10-06,198.91000366210938,201.42999267578125,196.5,200.9600067138672,1425300
2025-10-07,202.02999877929688,203.6300048828125,197.67999267578125,200.44000244140625,854500
2025-10-08,199.89999389648438,201.10000610351562,198.6699981689453,201.0,769700
2025-10-09,201.0,201.0,196.5500030517578,198.0500030517578,757200
2025-10-10,198.0500030517578,199.19000244140625,193.50999450683594,195.55999755859375,643600
2025-10-13,196.61000061035156,197.35000610351562,193.58999633789062,194.85000610351562,520000
2025-10-14,194.0399932861328,196.7100067138672,193.42999267578125,194.0800018310547,584700
2025-10-15,194.63999938964844,195.0399932861328,189.77000427246094,190.24000549316406,715400
2025-10-16,190.52999877929688,191.7899932861328,187.55999755859375,188.36000061035156,680500
2025-10-17,187.2899932861328,191.22000122070312,187.2899932861328,190.64999389648438,609200
2025-10-20,191.00999450683594,193.39999389648438,190.25999450683594,193.14999389648438,779700
2025-10-21,193.0,197.86000061035156,191.58999633789062,196.75,612500
2025-10-22,195.8300018310547,198.1999969482422,194.88999938964844,194.89999389648438,1168400
2025-10-23,194.82000732421875,195.32000732421875,192.32000732421875,193.55999755859375,737100
2025-10-24,194.02000427246094,195.02000427246094,191.86000061035156,192.0,651400
2025-10-27,194.0,194.47000122070312,190.27999877929688,191.72000122070312,1339900
2025-10-28,208.66000366210938,210.66000366210938,198.0,203.55999755859375,2752900
2025-10-29,203.99000549316406,204.27000427246094,196.02000427246094,197.27999877929688,1302500
2025-10-30,196.00999450683594,200.39999389648438,195.2100067138672,199.47999572753906,595000
2025-10-31,198.6999969482422,200.1999969482422,194.9600067138672,195.67999267578125,881900
2025-11-03,195.64999389648438,196.47000122070312,193.3000030517578,194.58999633789062,816500
2025-11-04,194.58999633789062,194.80999755859375,190.25,191.75999450683594,1312800
2025-11-05,190.55999755859375,196.02999877929688,190.3000030517578,195.41000366210938,635100
2025-11-06,193.6999969482422,197.5800018310547,192.1199951171875,196.52000427246094,809900
2025-11-07,197.2899932861328,202.60000610351562,196.42999267578125,200.2899932861328,923300
2025-11-10,200.47999572753906,202.94000244140625,198.2899932861328,202.11000061035156,509800
2025-11-11,200.8300018310547,206.42999267578125,200.8300018310547,204.38999938964844,625000
2025-11-12,204.97000122070312,205.80999755859375,200.4499969482422,202.30999755859375,739600
2025-11-13,200.35000610351562,202.24000549316406,198.3000030517578,198.80999755859375,425800
2025-11-14,195.83999633789062,200.1999969482422,195.7899932861328,197.52000427246094,488900
2025-11-17,196.85000610351562,197.19000244140625,191.88999938964844,192.10000610351562,554300
2025-11-18,192.47999572753906,193.89999389648438,189.22000122070312,190.6999969482422,536000
2025-11-19,190.22999572753906,190.47000122070312,185.00999450683594,185.63999938964844,642400
2025-11-20,186.64999389648438,187.66000366210938,182.74000549316406,183.92999267578125,438900
2025-11-21,183.9600067138672,188.3000030517578,183.1999969482422,187.0800018310547,744100
2025-11-24,187.9499969482422,189.27999877929688,182.35000610351562,183.5500030517578,849100
2025-11-25,183.8300018310547,187.6999969482422,183.8300018310547,185.89999389648438,569000
2025-11-26,186.3300018310547,188.0,182.05999755859375,184.33999633789062,626800
2025-11-28,186.75999450683594,187.77000427246094,184.02000427246094,186.77000427246094,467700
2025-12-01,187.5,188.36000061035156,185.49000549316406,187.0500030517578,546300
2025-12-02,187.19000244140625,190.0500030517578,186.74000549316406,187.25,471000
2025-12-03,181.6300048828125,191.94000244140625,180.74000549316406,191.10000610351562,1283500
2025-12-04,192.0500030517578,199.7100067138672,192.0500030517578,195.8300018310547,6192000
2025-12-05,195.0,199.89999389648438,192.00999450683594,193.05999755859375,1538400
2025-12-08,192.55999755859375,194.24000549316406,188.0500030517578,190.85000610351562,1257400
2025-12-09,190.16000366210938,194.8000030517578,189.4600067138672,194.19000244140625,659800
2025-12-10,194.5,197.92999267578125,193.74000549316406,197.5,914200
2025-12-11,197.41000366210938,199.24000549316406,196.38999938964844,198.47999572753906,601400
2025-12-12,199.38999938964844,199.89999389648438,191.2899932861328,192.1199951171875,1102300
2025-12-15,193.77000427246094,193.77000427246094,186.86000061035156,187.2899932861328,719400
2025-12-16,186.14999389648438,189.10000610351562,186.02999877929688,188.19000244140625,611600
2025-12-17,188.19000244140625,188.9499969482422,186.7100067138672,187.33999633789062,703400
2025-12-18,187.7899932861328,188.99000549316406,185.19000244140625,188.0,658400
2025-12-19,188.1300048828125,190.58999633789062,186.9499969482422,189.13999938964844,1163900
2025-12-22,188.9600067138672,191.52999877929688,188.9499969482422,190.72999572753906,417300
2025-12-23,190.02000427246094,191.77000427246094,188.88999938964844,189.44000244140625,357500
2025-12-24,189.3699951171875,189.3699951171875,187.9600067138672,188.52000427246094,302000
2025-12-26,188.77999877929688,190.3800048828125,188.0,189.63999938964844,198000
2025-12-29,189.2899932861328,190.25,188.22000122070312,188.5800018310547,343300
2025-12-30,187.72999572753906,189.4499969482422,187.30999755859375,187.4600067138672,424400
2025-12-31,187.30999755859375,187.61000061035156,184.4499969482422,185.55999755859375,686100
2026-01-02,185.75,186.4600067138672,180.0800018310547,181.02999877929688,463200
2026-01-05,180.6199951171875,187.5,179.1199951171875,185.10000610351562,1405700
2026-01-06,184.10000610351562,187.92999267578125,181.8699951171875,186.00999450683594,1425600
2026-01-07,186.4600067138672,190.6699981689453,183.8800048828125,189.55999755859375,1286800
2026-01-08,189.88999938964844,192.27000427246094,188.99000549316406,190.75999450683594,1352200
2026-01-09,191.1699981689453,194.0399932861328,188.33999633789062,192.6699981689453,1666300
2026-01-12,193.5,195.41000366210938,189.97000122070312,190.0,1674300
2026-01-13,188.52999877929688,189.0800018310547,182.5,186.57000732421875,1363900
2026-01-14,187.35000610351562,192.27999877929688,185.66000366210938,188.1699981689453,1659100
2026-01-15,188.5500030517578,193.9600067138672,186.32000732421875,188.5399932861328,1314300
2026-01-16,188.11000061035156,188.6999969482422,185.3000030517578,185.5399932861328,1137500
2026-01-20,182.75999450683594,185.5,178.2100067138672,178.7100067138672,1484600
2026-01-21,177.82000732421875,179.50999450683594,173.77000427246094,174.36000061035156,1541200
2026-01-22,175.47999572753906,178.57000732421875,175.02000427246094,178.16000366210938,970400
2026-01-23,179.77000427246094,183.6199951171875,179.0500030517578,181.22999572753906,845700
2026-01-26,182.6699981689453,184.86000061035156,181.5,184.7100067138672,1021700
2026-01-27,186.17999267578125,186.58999633789062,180.25999450683594,182.94000244140625,768400
2026-01-28,182.00999450683594,183.1999969482422,177.94000244140625,180.24000549316406,1061400
2026-01-29,177.8300018310547,179.1999969482422,173.55999755859375,178.2100067138672,1547900
2026-01-30,176.3699951171875,180.5,176.05999755859375,179.50999450683594,1226000
2026-02-02,178.22000122070312,181.57000732421875,178.1199951171875,180.2100067138672,1262700
2026-02-03,177.7899932861328,178.4199981689453,173.14999389648438,174.07000732421875,1542900
2026-02-04,171.63999938964844,177.72999572753906,170.49000549316406,176.49000549316406,1710900
2026-02-05,177.83999633789062,180.0,175.22000122070312,176.25,1228700
2026-02-06,178.2100067138672,180.99000549316406,175.74000549316406,180.91000366210938,1105100
2026-02-09,180.5800018310547,181.7100067138672,178.41000366210938,181.27000427246094,1047300
2026-02-10,182.22999572753906,185.4199981689453,180.30999755859375,180.57000732421875,1251300
2026-02-11,180.66000366210938,182.08999633789062,176.05999755859375,176.47000122070312,1663000
2026-02-12,165.0,178.30999755859375,161.0,164.47000122070312,4146800
2026-02-13,166.50999450683594,176.52000427246094,166.0,171.47999572753906,2087700
2026-02-17,170.77999877929688,170.92999267578125,163.9199981689453,165.02000427246094,2135800
2026-02-18,163.5,166.42999267578125,162.0,164.00999450683594,1834100
2026-02-19,165.32000732421875,165.32000732421875,158.83999633789062,159.0500030517578,2356400
2026-02-20,158.5,163.67999267578125,157.2899932861328,159.0399932861328,1559500
2026-02-23,157.5800018310547,157.8699951171875,153.66000366210938,154.72999572753906,2210600
2026-02-24,154.3800048828125,157.74000549316406,152.27000427246094,152.44000244140625,1480200
2026-02-25,151.6699981689453,153.7899932861328,150.1699981689453,152.83999633789062,2390300
2026-02-26,153.7899932861328,157.25999450683594,152.0,154.8000030517578,1481400
2026-02-27,152.00999450683594,153.27000427246094,150.64999389648438,152.07000732421875,1803900
2026-03-02,154.10000610351562,155.42999267578125,151.30999755859375,154.97000122070312,1448500
2026-03-03,151.8800048828125,160.39999389648438,151.8800048828125,159.6999969482422,1393500
2026-03-04,159.10000610351562,162.0,157.4199981689453,158.0399932861328,1176300
2026-03-05,158.57000732421875,164.6699981689453,158.57000732421875,164.47999572753906,1080900
2026-03-06,164.47999572753906,166.30999755859375,162.4600067138672,165.22000122070312,993800
2026-03-09,163.6999969482422,165.0,159.47000122070312,160.85000610351562,942800
2026-03-10,160.9499969482422,161.60000610351562,155.39999389648438,157.32000732421875,726300
2026-03-11,157.9199981689453,159.8800048828125,153.85000610351562,154.0399932861328,963100
2026-03-12,156.13999938964844,157.86000061035156,154.4600067138672,155.77999877929688,1312800
2026-03-13,155.30999755859375,156.77999877929688,153.19000244140625,153.64999389648438,694900
2026-03-16,153.02000427246094,154.9600067138672,151.72000122070312,152.8300018310547,562000
2026-03-17,152.69000244140625,156.9199981689453,152.69000244140625,153.9499969482422,495900
2026-03-18,152.2100067138672,154.75999450683594,152.1999969482422,153.16000366210938,563400
2026-03-19,153.1300048828125,156.72000122070312,153.1300048828125,154.52000427246094,598900
2026-03-20,153.3699951171875,154.14999389648438,150.41000366210938,152.72999572753906,1341200
2026-03-23,153.69000244140625,155.02000427246094,151.00999450683594,151.25,544100
2026-03-24,150.25,150.3699951171875,143.8000030517578,144.52999877929688,1343700
2026-03-25,144.75,147.0,142.0,142.41000366210938,759000
2026-03-26,141.24000549316406,144.6199951171875,140.5,142.82000732421875,802400
2026-03-27,140.22000122070312,143.6999969482422,135.82000732421875,138.83999633789062,1054900
2026-03-30,140.9199981689453,143.39999389648438,139.7899932861328,141.1999969482422,909500
2026-03-31,141.77999877929688,144.32000732421875,140.66000366210938,142.85000610351562,881800
2026-04-01,142.85000610351562,146.00999450683594,140.17999267578125,145.75999450683594,1162500
2026-04-02,146.02999877929688,148.3699951171875,144.5,148.22999572753906,991500
2026-04-06,148.05999755859375,149.0,146.50999450683594,148.19000244140625,737100
2026-04-07,146.5500030517578,149.4199981689453,146.33999633789062,148.39999389648438,899600
2026-04-08,150.1999969482422,151.85000610351562,145.02000427246094,145.8699951171875,1090200
2026-04-09,144.92999267578125,145.5,139.86000061035156,141.85000610351562,834900
2026-04-10,143.17999267578125,143.30999755859375,134.3800048828125,135.22000122070312,1533400
2026-04-13,135.6199951171875,142.3000030517578,135.47000122070312,142.10000610351562,1081500
2026-04-14,140.77999877929688,143.25,134.3800048828125,134.77999877929688,1588200
2026-04-15,135.5500030517578,137.97999572753906,132.42999267578125,134.69000244140625,2010800
2026-04-16,137.10000610351562,139.97000122070312,135.32000732421875,137.61000061035156,1490000
2026-04-17,139.44000244140625,139.44000244140625,135.89999389648438,136.42999267578125,1167200
2026-04-20,135.3699951171875,138.32000732421875,134.64999389648438,138.14999389648438,851000
2026-04-21,139.10000610351562,142.42999267578125,138.25999450683594,140.0800018310547,1046600
2026-04-22,140.0800018310547,142.22999572753906,139.5,141.67999267578125,859200
2026-04-23,139.27999877929688,140.44000244140625,130.92999267578125,133.82000732421875,1357900
2026-04-24,133.50999450683594,135.07000732421875,132.38999938964844,134.6699981689453,639100
2026-04-27,134.47000122070312,139.0399932861328,134.00999450683594,138.11000061035156,1121200
2026-04-28,138.47000122070312,140.25999450683594,137.36000061035156,139.2899932861328,1038100
2026-04-29,138.1999969482422,141.4600067138672,136.00999450683594,139.9600067138672,1647600
2026-04-30,122.91000366210938,124.66999816894531,112.2300033569336,112.47000122070312,8489500
2026-05-01,115.0,117.25,114.06999969482422,114.51000213623047,3189100
2026-05-04,114.51000213623047,118.47000122070312,114.20999908447266,116.91000366210938,2740700
2026-05-05,117.69999694824219,117.69999694824219,113.2699966430664,117.63999938964844,2098100
2026-05-06,115.4800033569336,116.18000030517578,112.7300033569336,114.2699966430664,2402700
2026-05-07,115.93000030517578,118.20999908447266,112.87000274658203,115.55999755859375,3433200
2026-05-08,113.29000091552734,115.25,112.33999633789062,114.93000030517578,2016200
2026-05-11,117.68000030517578,117.81999969482422,113.44999694824219,115.41999816894531,1686500
2026-05-12,116.02999877929688,117.25,115.2699966430664,116.33999633789062,1525300
2026-05-13,115.06999969482422,116.61000061035156,113.4800033569336,115.16999816894531,1646200
2026-05-14,115.25,120.88999938964844,114.51000213623047,120.25,1585600
2026-05-15,121.73999786376953,124.31999969482422,119.87999725341797,124.02999877929688,1983300
2026-05-18,122.68000030517578,127.80000305175781,122.23999786376953,127.27999877929688,1682100
2026-05-19,129.19000244140625,130.07000732421875,125.87999725341797,125.9800033569336,1363700
2026-05-20,123.41000366210938,128.5,122.51000213623047,128.3300018310547,1104100
2026-05-21,127.19999694824219,132.67999267578125,126.22000122070312,131.72999572753906,1792200
2026-05-22,131.72999572753906,134.7899932861328,131.16000366210938,133.6300048828125,1330100
2026-05-26,132.35000610351562,132.99000549316406,130.52999877929688,131.0800018310547,1322100
2026-05-27,128.1999969482422,130.47999572753906,127.26000213623047,128.7100067138672,1394600
2026-05-28,128.02000427246094,132.9199981689453,127.26000213623047,131.3300018310547,1530700
2026-05-29,131.52000427246094,135.5800018310547,131.05999755859375,135.0500030517578,2192400
2026-06-01,138.17999267578125,139.86000061035156,134.8000030517578,139.0500030517578,1672500
2026-06-02,134.8300018310547,141.30999755859375,133.64999389648438,140.07000732421875,1505400
2026-06-03,138.00999450683594,139.5800018310547,135.13999938964844,135.67999267578125,1856300
2026-06-04,134.94000244140625,138.6199951171875,134.33999633789062,136.4600067138672,1592300
2026-06-05,136.4600067138672,137.2899932861328,134.99000549316406,135.82000732421875,1794400
2026-06-08,131.8699951171875,134.77000427246094,128.47000122070312,129.27999877929688,1784800
2026-06-09,128.8699951171875,129.89999389648438,125.55000305175781,127.43000030517578,1236100
2026-06-10,125.6500015258789,128.83999633789062,124.0199966430664,125.69000244140625,976200
2026-06-11,123.18000030517578,124.62999725341797,120.93000030517578,123.12000274658203,1322100
2026-06-12,123.12000274658203,125.94999694824219,121.25,124.05999755859375,973100
2026-06-15,123.54000091552734,126.26000213623047,122.13999938964844,123.45999908447266,934200
2026-06-16,122.6500015258789,125.12999725341797,121.36000061035156,121.95999908447266,787100
2026-06-17,121.11000061035156,122.87999725341797,119.30000305175781,121.88999938964844,1083800
2026-06-18,120.55999755859375,123.77999877929688,117.5199966430664,122.33000183105469,2331600
2026-06-22,120.80999755859375,124.66000366210938,119.04000091552734,120.30000305175781,1066000
2026-06-23,123.25,125.12999725341797,120.93000030517578,123.88999938964844,1088800
2026-06-24,123.88999938964844,127.19999694824219,122.79000091552734,124.68000030517578,842600
2026-06-25,123.55999755859375,125.86000061035156,121.83999633789062,122.83999633789062,1598400
2026-06-26,123.26000213623047,130.3300018310547,123.26000213623047,130.0500030517578,1165400
2026-06-29,131.94000244140625,132.2899932861328,128.33999633789062,128.75,1096600
2026-06-30,127.51000213623047,131.9600067138672,126.75,131.42999267578125,1144600
2026-07-01,135.0,136.99000549316406,133.05999755859375,134.2899932861328,1641000
2026-07-02,134.85000610351562,137.92999267578125,133.10000610351562,136.5800018310547,1063300
2026-07-06,136.5800018310547,139.92999267578125,135.02999877929688,138.8699951171875,1012500
2026-07-07,140.4499969482422,142.10000610351562,138.60000610351562,138.75,1209200
2026-07-08,136.97999572753906,138.6199951171875,135.47000122070312,136.85000610351562,1066500
2026-07-09,132.99000549316406,138.36000061035156,132.42999267578125,138.16000366210938,953000
2026-07-10,138.86000061035156,139.24000549316406,130.22999572753906,131.6999969482422,1132400
2026-07-13,134.58999633789062,135.61000061035156,131.3699951171875,134.32000732421875,1022300
2026-07-14,130.30999755859375,138.19000244140625,130.0,137.02000427246094,1240600
2026-07-15,132.22000122070312,136.2100067138672,131.5399932861328,132.38999938964844,1491300
2026-07-16,134.3800048828125,136.72999572753906,130.80999755859375,136.50999450683594,1580200
2026-07-17,134.3699951171875,139.22000122070312,134.3699951171875,137.10000610351562,1610700
