Date,Open,High,Low,Close,Volume
2016-07-18,45.70000076293945,46.0,44.20000076293945,44.20000076293945,4980
2016-07-19,44.099998474121094,44.900001525878906,43.599998474121094,44.0,1800
2016-07-20,43.900001525878906,44.79999923706055,43.20000076293945,44.5,1830
2016-07-21,43.0,44.79999923706055,42.0,43.5,2340
2016-07-22,43.5,43.900001525878906,42.599998474121094,42.900001525878906,3600
2016-07-25,42.70000076293945,42.900001525878906,42.20000076293945,42.5,1990
2016-07-26,42.20000076293945,42.20000076293945,40.0,41.599998474121094,7910
2016-07-27,42.099998474121094,42.70000076293945,41.5,42.29999923706055,3140
2016-07-28,41.900001525878906,42.599998474121094,40.0,42.599998474121094,5720
2016-07-29,42.20000076293945,42.70000076293945,40.20000076293945,42.5,3160
2016-08-01,42.0,42.900001525878906,41.20000076293945,41.400001525878906,1030
2016-08-02,41.400001525878906,42.20000076293945,39.79999923706055,42.099998474121094,4230
2016-08-03,42.599998474121094,42.900001525878906,41.099998474121094,42.900001525878906,3570
2016-08-04,44.70000076293945,52.099998474121094,44.70000076293945,48.5,23300
2016-08-05,48.900001525878906,52.099998474121094,48.900001525878906,51.400001525878906,6130
2016-08-08,52.0,52.0,50.099998474121094,50.70000076293945,2350
2016-08-09,50.5,50.900001525878906,49.29999923706055,50.20000076293945,3900
2016-08-10,50.70000076293945,51.0,46.79999923706055,46.79999923706055,5090
2016-08-11,47.599998474121094,50.79999923706055,47.599998474121094,50.099998474121094,15620
2016-08-12,48.20000076293945,49.29999923706055,47.70000076293945,48.599998474121094,4580
2016-08-15,48.29999923706055,49.599998474121094,47.099998474121094,48.79999923706055,13920
2016-08-16,48.20000076293945,48.20000076293945,45.599998474121094,45.900001525878906,3900
2016-08-17,46.0,46.0,43.900001525878906,44.599998474121094,5060
2016-08-18,44.099998474121094,45.0,43.099998474121094,43.900001525878906,7090
2016-08-19,43.5,43.5,42.79999923706055,43.400001525878906,3790
2016-08-22,43.79999923706055,46.400001525878906,40.5,46.29999923706055,4670
2016-08-23,45.0,50.29999923706055,44.20000076293945,48.400001525878906,8200
2016-08-24,47.099998474121094,51.29999923706055,45.79999923706055,50.400001525878906,11050
2016-08-25,49.79999923706055,51.400001525878906,47.599998474121094,48.400001525878906,6320
2016-08-26,47.29999923706055,48.70000076293945,46.70000076293945,46.79999923706055,1630
2016-08-29,46.5,48.400001525878906,46.0,47.900001525878906,3260
2016-08-30,47.400001525878906,49.5,46.599998474121094,48.20000076293945,830
2016-08-31,48.5,51.79999923706055,47.5,50.70000076293945,8640
2016-09-01,50.20000076293945,55.400001525878906,50.20000076293945,53.70000076293945,12920
2016-09-02,54.79999923706055,56.70000076293945,54.29999923706055,54.5,7250
2016-09-06,56.0,56.20000076293945,54.0,55.900001525878906,3850
2016-09-07,55.5,56.900001525878906,54.400001525878906,56.5,9560
2016-09-08,56.0,56.5,55.5,55.79999923706055,3820
2016-09-09,55.900001525878906,55.900001525878906,53.5,54.400001525878906,4410
2016-09-12,54.0,55.70000076293945,51.0,55.5,5540
2016-09-13,54.79999923706055,54.79999923706055,51.099998474121094,53.29999923706055,4330
2016-09-14,55.0,56.20000076293945,52.900001525878906,54.29999923706055,6070
2016-09-15,55.599998474121094,56.79999923706055,53.70000076293945,55.5,3350
2016-09-16,56.70000076293945,58.0,55.099998474121094,57.79999923706055,12060
2016-09-19,57.599998474121094,58.0,57.20000076293945,57.70000076293945,4820
2016-09-20,57.70000076293945,57.79999923706055,55.29999923706055,57.0,1790
2016-09-21,57.29999923706055,62.400001525878906,56.5,60.0,13500
2016-09-22,60.0,61.20000076293945,59.70000076293945,60.900001525878906,3780
2016-09-23,61.0,61.29999923706055,58.70000076293945,59.900001525878906,9090
2016-09-26,58.70000076293945,60.0,57.79999923706055,58.79999923706055,6030
2016-09-27,59.099998474121094,59.099998474121094,57.0,58.70000076293945,3000
2016-09-28,58.20000076293945,59.900001525878906,56.70000076293945,59.599998474121094,8440
2016-09-29,60.0,61.400001525878906,58.79999923706055,60.20000076293945,5240
2016-09-30,60.0,61.0,59.400001525878906,60.0,5340
2016-10-03,60.5,60.5,59.0,59.20000076293945,3240
2016-10-04,58.79999923706055,61.29999923706055,58.599998474121094,59.70000076293945,3560
2016-10-05,60.5,60.79999923706055,58.900001525878906,60.79999923706055,2250
2016-10-06,60.79999923706055,60.79999923706055,59.900001525878906,60.5,1220
2016-10-07,61.0,61.0,59.0,60.20000076293945,2060
2016-10-10,59.900001525878906,61.20000076293945,59.20000076293945,59.29999923706055,13120
2016-10-11,59.79999923706055,59.900001525878906,58.70000076293945,58.70000076293945,1690
2016-10-12,59.5,59.5,56.20000076293945,57.20000076293945,2710
2016-10-13,56.70000076293945,56.70000076293945,54.599998474121094,55.900001525878906,3080
2016-10-14,56.5,56.599998474121094,54.5,55.0,4920
2016-10-17,55.5,55.5,52.0,53.0,1620
2016-10-18,53.5,58.0,53.5,56.0,5290
2016-10-19,56.5,57.0,55.0,55.5,4500
2016-10-20,55.5,57.5,54.0,55.5,7980
2016-10-21,55.0,56.5,53.0,54.0,3830
2016-10-24,53.5,58.5,53.5,57.5,7760
2016-10-25,57.5,58.0,53.5,54.5,6190
2016-10-26,54.5,57.0,52.5,52.5,2230
2016-10-27,53.0,56.29999923706055,53.0,54.0,3970
2016-10-28,54.5,55.0,53.0,53.0,1530
2016-10-31,53.5,54.5,52.5,52.5,1450
2016-11-01,53.0,53.5,51.5,51.5,1730
2016-11-02,51.5,52.5,48.5,48.5,6030
2016-11-03,49.0,51.599998474121094,46.0,47.0,7040
2016-11-04,47.5,48.0,43.0,44.5,7590
2016-11-07,46.0,47.0,44.5,44.5,7110
2016-11-08,45.0,46.0,44.5,45.5,4440
2016-11-09,43.5,43.5,39.5,41.0,23690
2016-11-10,42.0,42.5,40.5,42.0,8860
2016-11-11,41.5,42.5,41.0,42.0,4650
2016-11-14,42.5,44.0,41.5,44.0,11330
2016-11-15,39.0,43.79999923706055,39.0,43.5,4120
2016-11-16,44.0,44.0,43.5,44.0,2790
2016-11-17,44.0,49.0,43.0,44.0,15290
2016-11-18,44.5,45.0,43.0,44.5,8280
2016-11-21,44.0,45.79999923706055,42.5,43.0,9440
2016-11-22,44.0,44.0,42.0,42.0,1610
2016-11-23,42.5,44.0,41.5,42.5,4450
2016-11-25,41.5,43.5,41.0,41.0,2980
2016-11-28,41.5,42.599998474121094,40.5,40.5,1920
2016-11-29,41.0,42.0,38.5,40.0,6460
2016-11-30,40.0,40.5,39.5,40.0,2140
2016-12-01,39.0,41.5,39.0,40.5,6660
2016-12-02,40.0,41.5,40.0,40.0,2690
2016-12-05,38.5,40.0,38.5,39.0,3950
2016-12-06,38.5,39.29999923706055,38.0,38.5,4130
2016-12-07,39.0,41.0,39.0,40.0,9830
2016-12-08,40.0,40.5,39.5,39.5,7510
2016-12-09,39.5,39.79999923706055,38.0,39.5,11670
2016-12-12,39.0,39.0,35.5,39.0,33500
2016-12-13,38.5,39.0,36.5,36.79999923706055,26570
2016-12-14,36.5,38.5,36.0,37.0,30030
2016-12-15,36.5,36.5,35.5,36.5,6110
2016-12-16,36.0,39.5,35.0,39.0,14740
2016-12-19,38.5,39.5,38.5,39.0,6860
2016-12-20,39.0,40.0,38.5,40.0,4800
2016-12-21,39.0,40.0,39.0,39.0,5290
2016-12-22,39.5,40.0,38.5,40.0,3690
2016-12-23,40.0,40.0,39.0,39.5,4630
2016-12-27,37.5,39.5,37.0,38.5,6040
2016-12-28,39.5,39.5,37.0,37.0,2400
2016-12-29,37.0,37.5,35.0,35.5,7710
2016-12-30,35.0,35.0,31.600000381469727,34.0,14390
2017-01-03,34.0,36.5,33.5,34.0,2550
2017-01-04,33.5,35.099998474121094,32.0,32.0,10220
2017-01-05,32.5,35.0,32.0,34.5,10050
2017-01-06,35.5,36.0,33.5,35.0,6300
2017-01-09,34.5,35.0,34.0,34.0,1040
2017-01-10,34.5,35.0,34.0,34.5,26100
2017-01-11,34.5,35.5,33.5,33.5,8190
2017-01-12,33.0,35.5,32.29999923706055,34.5,6520
2017-01-13,35.0,36.79999923706055,34.0,36.5,7420
2017-01-17,36.0,37.0,34.5,35.0,7630
2017-01-18,35.5,35.5,34.0,34.5,2850
2017-01-19,34.5,35.0,32.5,34.5,1310
2017-01-20,34.5,35.5,33.5,33.5,2690
2017-01-23,33.5,34.0,32.0,32.0,6880
2017-01-24,32.0,33.5,32.0,32.5,3850
2017-01-25,32.0,34.0,32.0,33.5,3820
2017-01-26,34.0,34.400001525878906,32.5,32.5,2300
2017-01-27,32.0,32.0,30.5,31.5,7620
2017-01-30,31.5,31.5,30.0,31.0,4850
2017-01-31,31.0,31.0,30.399999618530273,30.5,2220
2017-02-01,30.5,31.5,30.5,31.0,3280
2017-02-02,30.5,31.5,30.5,31.5,3220
2017-02-03,31.5,31.5,31.0,31.0,3080
2017-02-06,30.5,31.5,30.5,31.5,2970
2017-02-07,31.5,34.0,31.5,33.5,5550
2017-02-08,32.5,36.0,32.5,35.0,7810
2017-02-09,35.5,36.0,34.5,35.5,6930
2017-02-10,35.5,36.0,35.0,36.0,2350
2017-02-13,36.0,37.0,35.0,36.0,4860
2017-02-14,38.400001525878906,38.400001525878906,35.5,38.400001525878906,13940
2017-02-15,38.5,39.099998474121094,37.29999923706055,39.0,16000
2017-02-16,39.0,43.29999923706055,38.599998474121094,42.5,25260
2017-02-17,44.0,46.0,43.400001525878906,44.0,23570
2017-02-21,45.5,45.5,44.5,45.5,11110
2017-02-22,46.0,46.0,43.5,43.5,10650
2017-02-23,44.0,44.0,40.0,41.0,10590
2017-02-24,40.0,42.0,38.5,39.0,12300
2017-02-27,39.5,40.0,39.0,40.0,2540
2017-02-28,39.5,40.0,38.5,39.0,5370
2017-03-01,39.5,41.5,38.0,39.5,9340
2017-03-02,40.0,40.0,38.0,38.0,3080
2017-03-03,38.0,38.400001525878906,34.5,37.0,8340
2017-03-06,36.0,37.5,35.0,37.29999923706055,6840
2017-03-07,37.5,38.400001525878906,36.5,36.5,3230
2017-03-08,36.5,36.5,35.5,36.0,6970
2017-03-09,35.5,38.0,35.5,37.0,2090
2017-03-10,37.0,38.0,37.0,37.0,1120
2017-03-13,36.5,38.0,36.5,37.0,2580
2017-03-14,36.5,37.5,36.0,36.0,1920
2017-03-15,36.5,36.5,36.0,36.0,4030
2017-03-16,37.0,37.0,34.0,35.5,8270
2017-03-17,36.0,38.0,35.5,35.5,14130
2017-03-20,37.5,39.5,36.5,37.5,6830
2017-03-21,39.0,40.599998474121094,36.0,37.5,19350
2017-03-22,38.0,39.5,36.0,39.0,14550
2017-03-23,39.5,39.5,38.5,39.0,5460
2017-03-24,40.0,40.0,37.099998474121094,37.5,8310
2017-03-27,37.5,39.0,35.5,38.0,13670
2017-03-28,37.5,37.5,36.5,36.5,5840
2017-03-29,36.0,37.0,35.79999923706055,36.5,2510
2017-03-30,36.5,38.5,35.5,38.5,3370
2017-03-31,37.5,39.5,37.5,39.0,3960
2017-04-03,39.5,39.5,36.5,36.5,5570
2017-04-04,36.5,37.5,36.0,36.5,3700
2017-04-05,37.5,37.5,36.0,36.5,2140
2017-04-06,36.0,37.5,36.0,37.0,2920
2017-04-07,37.5,38.0,36.5,37.0,1930
2017-04-10,36.5,38.5,36.0,36.0,5300
2017-04-11,36.5,37.79999923706055,36.0,36.5,3620
2017-04-12,37.0,37.0,35.5,37.0,2880
2017-04-13,36.5,37.20000076293945,35.5,36.79999923706055,3040
2017-04-17,37.0,37.0,35.0,35.5,2090
2017-04-18,36.0,36.5,35.0,35.5,2240
2017-04-19,37.0,37.0,35.0,37.0,3630
2017-04-20,37.0,37.0,36.0,36.0,1210
2017-04-21,36.0,36.5,36.0,36.0,1280
2017-04-24,36.5,36.5,35.5,36.0,4090
2017-04-25,36.0,36.0,35.0,35.5,6060
2017-04-26,35.0,36.0,33.0,35.0,2930
2017-04-27,35.0,36.0,35.0,35.0,2250
2017-04-28,35.5,36.0,34.0,34.5,4810
2017-05-01,35.0,35.5,34.0,34.5,5420
2017-05-02,34.5,35.5,34.29999923706055,34.79999923706055,1380
2017-05-03,34.5,35.0,34.5,34.5,1550
2017-05-04,35.0,35.5,33.0,33.0,3770
2017-05-05,33.5,35.5,33.0,35.5,4680
2017-05-08,35.0,35.0,34.0,34.0,4700
2017-05-09,34.5,35.0,34.0,35.0,4510
2017-05-10,35.0,36.0,34.5,36.0,1350
2017-05-11,34.5,36.20000076293945,34.0,35.5,7690
2017-05-12,36.0,37.5,35.5,36.0,11010
2017-05-15,35.5,37.0,35.5,37.0,1500
2017-05-16,35.5,40.0,35.5,39.0,7340
2017-05-17,39.0,39.0,37.0,38.0,3170
2017-05-18,38.0,41.0,38.0,41.0,9280
2017-05-19,42.0,43.0,40.5,42.5,23490
2017-05-22,42.099998474121094,42.099998474121094,39.5,40.0,7120
2017-05-23,40.0,40.0,38.0,39.5,3990
2017-05-24,39.0,40.0,39.0,40.0,2590
2017-05-25,40.5,40.5,38.0,38.0,2400
2017-05-26,38.0,39.29999923706055,36.0,37.5,9480
2017-05-30,38.5,38.5,36.0,37.5,3360
2017-05-31,36.5,37.5,36.0,36.5,2800
2017-06-01,36.0,37.5,35.5,37.0,10530
2017-06-02,37.099998474121094,38.0,36.0,36.0,600
2017-06-05,36.0,37.5,35.0,35.5,4890
2017-06-06,35.0,37.0,35.0,36.0,3450
2017-06-07,36.5,36.5,35.5,35.5,980
2017-06-08,36.0,36.5,36.0,36.29999923706055,1850
2017-06-09,35.5,36.5,35.0,36.0,4480
2017-06-12,36.5,37.5,36.0,36.79999923706055,880
2017-06-13,37.0,37.29999923706055,35.5,37.0,4240
2017-06-14,37.5,38.5,36.5,37.5,3420
2017-06-15,37.5,39.5,37.5,39.099998474121094,5280
2017-06-16,39.0,39.0,37.0,37.5,4860
2017-06-19,38.0,39.5,38.0,38.5,2530
2017-06-20,38.5,38.5,36.5,37.5,2350
2017-06-21,36.0,37.5,36.0,37.0,1750
2017-06-22,37.0,37.0,36.0,36.0,1850
2017-06-23,36.0,38.0,35.5,38.0,6440
2017-06-26,37.5,37.5,36.0,36.5,3810
2017-06-27,36.5,37.5,35.5,37.5,4870
2017-06-28,37.5,38.0,36.5,37.0,1300
2017-06-29,36.5,37.0,36.5,36.5,400
2017-06-30,37.0,38.0,36.599998474121094,38.0,1270
2017-07-03,38.5,38.5,38.0,38.5,520
2017-07-05,38.0,38.5,37.0,37.0,1250
2017-07-06,37.0,37.0,36.0,36.5,900
2017-07-07,36.5,37.0,36.0,36.0,2040
2017-07-10,36.0,36.79999923706055,36.0,36.79999923706055,1300
2017-07-11,36.5,37.0,35.599998474121094,36.0,4100
2017-07-12,36.20000076293945,37.0,36.0,37.0,5420
2017-07-13,37.0,37.0,35.5,36.0,3960
2017-07-14,40.0,41.29999923706055,37.5,40.0,29870
2017-07-17,41.0,41.5,36.5,37.0,9920
2017-07-18,36.70000076293945,38.20000076293945,36.5,37.5,4460
2017-07-19,37.79999923706055,37.900001525878906,37.0,37.0,3320
2017-07-20,36.5,37.5,36.5,37.0,2340
2017-07-21,36.5,37.70000076293945,35.5,36.29999923706055,8250
2017-07-24,36.0,36.0,35.5,35.5,4320
2017-07-25,35.5,36.5,34.5,35.0,11240
2017-07-26,36.0,36.0,34.5,34.5,13950
2017-07-27,35.0,35.599998474121094,34.0,34.0,4900
2017-07-28,34.0,34.5,33.5,34.0,5860
2017-07-31,34.0,34.0,32.5,33.5,9130
2017-08-01,33.5,34.0,33.5,34.0,3190
2017-08-02,34.0,34.0,31.799999237060547,32.0,4720
2017-08-03,32.0,36.5,31.5,35.0,14470
2017-08-04,35.5,38.5,35.0,36.0,13980
2017-08-07,36.0,38.0,33.5,34.0,5560
2017-08-08,34.5,34.5,33.5,33.5,3890
2017-08-09,34.0,34.0,32.5,32.5,4230
2017-08-10,33.0,33.5,30.5,31.5,8080
2017-08-11,33.5,34.5,33.0,34.0,16420
2017-08-14,34.5,35.5,33.5,34.0,6600
2017-08-15,32.5,33.0,27.799999237060547,31.0,17770
2017-08-16,31.0,34.5,30.5,33.29999923706055,4250
2017-08-17,33.5,33.5,31.0,32.5,4390
2017-08-18,32.0,32.0,30.5,31.0,5790
2017-08-21,31.0,31.0,29.0,29.0,6650
2017-08-22,30.0,32.0,27.5,29.0,8450
2017-08-23,29.0,30.799999237060547,28.0,30.0,3630
2017-08-24,30.5,31.5,30.0,31.5,3890
2017-08-25,31.5,31.5,29.5,30.0,4470
2017-08-28,30.5,30.5,29.0,30.0,4160
2017-08-29,29.5,30.5,29.5,30.5,4130
2017-08-30,30.0,31.0,29.5,30.5,1740
2017-08-31,30.5,31.5,30.0,30.5,3620
2017-09-01,30.5,31.5,30.0,31.5,3070
2017-09-05,31.0,31.5,30.5,31.5,3720
2017-09-06,30.0,33.0,29.5,32.0,6080
2017-09-07,32.0,32.5,31.5,31.5,3670
2017-09-08,31.5,32.0,31.0,31.5,1140
2017-09-11,32.0,32.0,29.5,30.5,11650
2017-09-12,30.399999618530273,32.0,30.0,32.0,3480
2017-09-13,31.5,32.0,31.5,32.0,1780
2017-09-14,31.5,32.5,31.0,32.5,2870
2017-09-15,32.5,32.79999923706055,30.5,31.0,8650
2017-09-18,30.5,31.0,28.5,29.0,6660
2017-09-19,29.5,33.0,29.5,32.5,5970
2017-09-20,33.0,37.5,31.5,32.400001525878906,54440
2017-09-21,32.5,32.5,31.0,31.5,4590
2017-09-22,31.5,32.0,30.0,31.0,17510
2017-09-25,30.5,31.5,30.0,30.5,3500
2017-09-26,30.0,30.5,30.0,30.0,1330
2017-09-27,30.100000381469727,33.0,30.100000381469727,33.0,5000
2017-09-28,33.0,36.0,31.5,34.5,15420
2017-09-29,34.0,36.5,34.0,35.5,6180
2017-10-02,35.5,37.0,33.5,34.5,10710
2017-10-03,35.0,35.0,33.0,34.0,5450
2017-10-04,34.5,35.29999923706055,33.0,35.0,1920
2017-10-05,34.0,35.5,34.0,34.79999923706055,2200
2017-10-06,34.5,35.5,34.5,35.5,1080
2017-10-09,35.0,35.5,32.5,33.0,6160
2017-10-10,33.0,34.5,32.0,32.5,2070
2017-10-11,32.0,33.0,32.0,32.0,720
2017-10-12,31.5,33.0,31.5,31.5,1700
2017-10-13,32.400001525878906,33.0,30.5,33.0,6260
2017-10-16,33.5,33.5,31.5,32.0,3350
2017-10-17,31.5,33.0,31.5,32.0,4800
2017-10-18,33.0,33.0,31.200000762939453,31.5,2420
2017-10-19,31.5,31.5,31.0,31.0,1050
2017-10-20,31.5,31.5,30.0,31.0,9250
2017-10-23,30.5,30.899999618530273,30.0,30.0,5340
2017-10-24,31.0,33.0,31.0,32.5,6420
2017-10-25,33.0,33.0,30.0,30.5,4540
2017-10-26,30.5,32.0,30.5,31.799999237060547,1580
2017-10-27,31.0,32.5,31.0,32.0,2620
2017-10-30,31.5,34.0,30.5,33.0,8400
2017-10-31,32.5,33.5,31.5,32.0,2130
2017-11-01,31.5,33.0,31.5,31.5,1260
2017-11-02,33.0,33.0,31.0,31.0,1520
2017-11-03,31.5,31.899999618530273,30.5,30.5,1670
2017-11-06,30.5,31.899999618530273,30.5,31.0,3180
2017-11-07,31.5,33.400001525878906,31.0,31.5,5010
2017-11-08,33.5,35.0,32.5,34.5,12970
2017-11-09,34.5,35.5,33.5,34.5,14790
2017-11-10,32.0,32.5,28.100000381469727,29.0,20190
2017-11-13,31.5,31.5,29.5,30.0,5940
2017-11-14,30.0,31.0,27.5,28.5,16360
2017-11-15,28.5,28.5,24.5,26.5,18010
2017-11-16,27.0,29.5,26.700000762939453,29.299999237060547,8090
2017-11-17,28.5,29.0,27.5,28.0,4500
2017-11-20,30.0,32.0,28.5,29.5,15560
2017-11-21,30.5,30.5,26.700000762939453,29.0,12580
2017-11-22,28.5,28.5,27.0,28.0,4910
2017-11-24,28.5,28.5,26.5,28.0,2080
2017-11-27,30.0,30.0,25.0,26.799999237060547,28910
2017-11-28,27.5,27.799999237060547,26.0,26.5,3740
2017-11-29,26.5,26.5,23.0,23.0,14980
2017-11-30,23.5,24.0,22.0,22.799999237060547,18890
2017-12-01,23.0,23.0,19.5,20.799999237060547,46590
2017-12-04,21.0,23.5,20.0,20.799999237060547,35300
2017-12-05,20.5,27.799999237060547,17.5,25.0,139830
2017-12-06,27.0,34.5,24.0,33.5,363900
2017-12-07,34.5,38.5,34.0,36.5,185620
2017-12-08,37.5,39.0,33.0,35.0,79320
2017-12-11,34.5,39.0,34.5,35.5,34960
2017-12-12,36.0,37.5,35.5,37.0,19160
2017-12-13,37.5,38.5,36.0,37.5,28160
2017-12-14,37.5,40.900001525878906,37.5,40.0,39130
2017-12-15,40.0,43.0,40.0,43.0,58210
2017-12-18,43.0,43.0,40.5,42.0,36760
2017-12-19,41.0,44.5,37.5,44.5,128240
2017-12-20,46.0,47.0,44.0,44.5,54650
2017-12-21,45.0,46.0,42.0,43.5,29840
2017-12-22,42.5,43.5,41.0,41.0,18460
2017-12-26,41.0,41.5,38.0,38.0,17270
2017-12-27,38.5,39.5,38.5,39.0,10750
2017-12-28,39.0,39.5,36.599998474121094,38.5,22070
2017-12-29,39.0,39.5,35.5,36.0,24840
2018-01-02,35.5,36.0,33.0,35.0,36350
2018-01-03,35.0,35.5,33.5,33.5,18640
2018-01-04,33.0,34.0,31.799999237060547,32.0,27760
2018-01-05,32.0,33.5,28.5,30.5,65220
2018-01-08,30.0,31.299999237060547,29.5,29.5,25100
2018-01-09,29.5,30.5,28.5,29.0,39320
2018-01-10,28.5,33.5,28.5,31.0,34720
2018-01-11,30.0,32.0,28.5,28.5,24510
2018-01-12,28.0,29.0,25.0,25.0,28100
2018-01-16,24.5,25.0,24.0,25.0,21340
2018-01-17,25.5,25.5,23.0,23.0,29440
2018-01-18,23.5,25.0,23.0,25.0,14060
2018-01-19,24.5,26.0,24.5,25.0,8910
2018-01-22,25.0,25.5,23.5,23.5,16580
2018-01-23,23.5,24.399999618530273,22.0,22.799999237060547,32950
2018-01-24,22.5,23.5,21.5,22.5,23220
2018-01-25,22.0,23.5,22.0,23.0,24360
2018-01-26,22.5,27.0,22.5,26.0,28500
2018-01-29,26.0,26.5,24.0,25.0,31610
2018-01-30,25.0,25.299999237060547,23.5,23.5,12780
2018-01-31,23.5,24.0,21.5,21.5,15520
2018-02-01,22.0,23.399999618530273,21.0,21.5,10470
2018-02-02,21.5,23.0,21.0,22.0,15040
2018-02-05,22.0,23.0,20.5,21.0,20470
2018-02-06,20.5,21.5,20.5,21.5,14670
2018-02-07,21.5,23.5,21.0,22.5,16660
2018-02-08,22.5,22.5,21.0,22.0,11100
2018-02-09,22.0,24.5,21.5,24.0,25190
2018-02-12,24.0,25.0,22.0,23.799999237060547,15260
2018-02-13,23.5,28.5,23.5,26.5,26510
2018-02-14,26.5,30.0,26.5,28.0,23450
2018-02-15,28.5,28.5,26.799999237060547,28.0,12860
2018-02-16,28.0,28.0,26.5,27.299999237060547,7420
2018-02-20,25.0,27.5,25.0,26.5,9630
2018-02-21,26.0,26.5,25.5,25.5,6810
2018-02-22,26.5,26.5,23.0,23.5,48380
2018-02-23,24.0,27.0,23.5,24.799999237060547,235330
2018-02-26,27.0,27.0,23.600000381469727,24.5,38580
2018-02-27,24.0,24.299999237060547,23.0,23.299999237060547,21850
2018-02-28,23.0,23.5,21.5,22.5,36280
2018-03-01,23.0,24.0,22.0,22.5,32770
2018-03-02,22.0,23.5,22.0,23.299999237060547,14390
2018-03-05,23.0,24.0,23.0,23.0,16600
2018-03-06,23.0,23.5,22.0,23.299999237060547,22190
2018-03-07,23.0,24.0,22.0,23.299999237060547,33330
2018-03-08,23.5,24.5,22.5,24.5,37950
2018-03-09,24.5,24.5,23.0,23.0,18480
2018-03-12,23.0,23.5,22.5,23.0,11480
2018-03-13,23.5,24.0,23.0,23.0,6770
2018-03-14,23.0,23.5,22.5,23.0,9990
2018-03-15,23.0,24.0,22.5,23.5,20460
2018-03-16,23.5,24.0,23.0,23.5,5420
2018-03-19,23.5,23.5,22.5,22.899999618530273,13980
2018-03-20,22.5,23.5,21.5,23.0,43250
2018-03-21,23.0,23.5,20.700000762939453,22.299999237060547,36350
2018-03-22,22.0,22.399999618530273,21.0,22.0,20650
2018-03-23,21.5,21.5,20.5,20.5,25140
2018-03-26,20.5,21.5,19.5,20.5,43890
2018-03-27,20.5,21.0,20.0,20.0,20420
2018-03-28,20.0,20.0,18.0,19.299999237060547,26350
2018-03-29,20.0,21.0,20.0,20.299999237060547,12280
2018-04-02,20.0,20.5,19.5,20.0,7890
2018-04-03,20.0,20.5,19.100000381469727,20.0,8130
2018-04-04,20.0,21.100000381469727,19.0,21.0,6580
2018-04-05,21.0,22.5,19.5,21.5,17320
2018-04-06,21.0,22.0,19.5,20.5,7100
2018-04-09,20.5,22.0,19.5,20.0,25200
2018-04-10,20.5,21.0,18.5,20.0,27990
2018-04-11,19.5,20.5,19.5,20.0,4820
2018-04-12,20.0,20.600000381469727,18.5,19.0,20960
2018-04-13,19.5,20.5,18.5,20.0,16810
2018-04-16,20.0,20.5,19.0,19.799999237060547,12020
2018-04-17,19.5,20.5,19.5,19.5,7450
2018-04-18,19.5,19.5,19.0,19.0,5130
2018-04-19,19.0,19.5,19.0,19.5,3640
2018-04-20,19.5,19.5,18.0,18.5,8250
2018-04-23,18.5,19.0,16.5,17.5,29230
2018-04-24,17.0,18.0,16.5,17.5,12660
2018-04-25,18.5,18.5,17.0,18.0,6190
2018-04-26,17.5,18.0,17.0,17.5,5670
2018-04-27,18.0,18.5,17.5,18.299999237060547,2710
2018-04-30,18.0,19.0,18.0,18.0,1390
2018-05-01,18.0,18.5,18.0,18.299999237060547,2750
2018-05-02,18.0,18.5,17.5,18.299999237060547,7120
2018-05-03,18.0,18.5,17.5,18.5,7420
2018-05-04,18.0,18.5,17.5,18.0,4310
2018-05-07,18.0,18.0,17.5,17.5,1240
2018-05-08,17.5,18.0,17.0,17.5,17710
2018-05-09,17.5,18.0,17.0,17.5,1870
2018-05-10,17.5,18.899999618530273,17.5,18.0,6180
2018-05-11,18.0,20.0,18.0,19.299999237060547,9270
2018-05-14,19.5,20.0,19.0,20.0,3210
2018-05-15,19.5,20.0,19.5,19.799999237060547,2920
2018-05-16,20.0,20.0,19.0,19.5,7760
2018-05-17,19.5,20.5,19.5,19.799999237060547,5350
2018-05-18,20.5,20.5,20.0,20.5,2310
2018-05-21,20.5,20.5,19.5,19.5,4400
2018-05-22,20.0,20.0,19.0,19.5,1670
2018-05-23,19.0,20.0,18.5,20.0,2410
2018-05-24,19.5,20.0,19.5,19.5,4380
2018-05-25,19.5,20.0,18.5,19.5,5010
2018-05-29,19.5,21.0,18.5,21.0,9210
2018-05-30,21.0,21.0,20.0,20.0,4210
2018-05-31,20.5,21.0,18.600000381469727,20.0,5500
2018-06-01,20.0,21.0,20.0,20.799999237060547,7040
2018-06-04,20.5,21.0,20.5,20.5,4030
2018-06-05,20.5,21.0,20.0,20.5,4950
2018-06-06,21.0,21.0,20.5,20.5,5920
2018-06-07,20.600000381469727,21.299999237060547,20.5,20.5,4570
2018-06-08,21.0,21.0,20.600000381469727,20.799999237060547,2130
2018-06-11,20.5,21.0,20.5,20.5,2430
2018-06-12,20.5,21.0,20.5,21.0,2110
2018-06-13,20.5,21.0,20.5,20.5,3120
2018-06-14,20.5,22.0,20.5,21.0,9750
2018-06-15,21.5,22.0,20.5,21.299999237060547,5340
2018-06-18,21.5,21.5,20.0,20.0,7210
2018-06-19,20.0,20.5,19.0,19.0,9540
2018-06-20,19.0,20.0,18.600000381469727,19.0,9110
2018-06-21,19.5,19.5,18.100000381469727,18.5,7110
2018-06-22,18.5,19.0,17.5,18.5,22000
2018-06-25,18.5,18.5,17.0,17.5,14110
2018-06-26,17.5,18.0,17.5,17.799999237060547,1440
2018-06-27,18.0,19.0,17.600000381469727,18.0,9860
2018-06-28,18.0,20.0,18.0,20.0,9250
2018-06-29,20.0,20.0,19.0,20.0,16750
2018-07-02,19.5,20.0,19.0,20.0,2770
2018-07-03,20.0,20.0,19.0,19.0,4310
2018-07-05,19.399999618530273,20.0,19.0,20.0,1430
2018-07-06,19.600000381469727,20.0,19.100000381469727,19.799999237060547,9600
2018-07-09,20.0,20.0,19.5,19.5,4890
2018-07-10,19.5,20.0,19.5,19.5,3110
2018-07-11,19.5,20.0,19.5,19.799999237060547,1960
2018-07-12,20.0,20.100000381469727,19.5,20.0,5770
2018-07-13,20.0,20.0,19.5,19.799999237060547,1730
2018-07-16,19.5,20.0,19.5,19.5,8660
2018-07-17,20.5,21.0,20.0,20.0,19580
2018-07-18,20.5,20.5,19.100000381469727,20.0,14180
2018-07-19,19.5,20.0,19.0,19.5,10560
2018-07-20,19.5,20.0,19.5,19.799999237060547,2170
2018-07-23,20.0,20.100000381469727,19.5,19.799999237060547,2010
2018-07-24,20.0,20.0,19.5,19.5,3910
2018-07-25,20.0,20.0,19.5,19.799999237060547,8850
2018-07-26,20.0,20.5,19.5,20.299999237060547,5320
2018-07-27,20.5,20.5,19.5,19.5,6160
2018-07-30,19.5,20.5,19.100000381469727,19.799999237060547,8840
2018-07-31,19.5,20.200000762939453,19.0,19.0,4830
2018-08-01,19.0,19.399999618530273,18.5,18.799999237060547,2530
2018-08-02,18.5,19.0,18.5,19.0,3900
2018-08-03,19.100000381469727,19.100000381469727,18.5,18.5,5900
2018-08-06,18.5,19.799999237060547,18.5,19.299999237060547,8030
2018-08-07,19.0,19.5,18.5,19.5,10690
2018-08-08,19.100000381469727,19.5,18.5,19.0,4950
2018-08-09,19.0,20.0,18.899999618530273,19.0,6340
2018-08-10,18.5,19.5,18.5,19.299999237060547,2080
2018-08-13,19.0,19.299999237060547,18.5,19.0,1750
2018-08-14,19.0,20.0,18.5,20.0,16100
2018-08-15,19.5,21.5,19.0,21.5,17390
2018-08-16,21.5,22.5,21.0,21.0,27040
2018-08-17,21.0,21.5,20.700000762939453,21.5,3130
2018-08-20,21.5,21.5,20.5,21.0,5560
2018-08-21,21.0,22.0,21.0,21.0,9520
2018-08-22,21.0,22.0,21.0,21.5,7690
2018-08-23,21.0,21.5,21.0,21.0,4360
2018-08-24,21.0,22.0,21.0,21.0,5550
2018-08-27,21.0,22.0,20.600000381469727,21.0,7710
2018-08-28,21.0,22.0,20.799999237060547,21.0,5290
2018-08-29,21.0,21.5,20.0,21.5,6670
2018-08-30,21.5,22.0,20.5,21.700000762939453,13350
2018-08-31,21.5,22.0,20.5,20.5,14460
2018-09-04,20.5,21.0,20.5,21.0,6740
2018-09-05,20.600000381469727,21.0,20.0,20.0,7010
2018-09-06,20.5,20.5,19.0,19.5,7300
2018-09-07,19.0,19.5,19.0,19.5,5360
2018-09-10,19.0,19.5,18.5,19.0,9140
2018-09-11,19.0,20.0,18.5,19.299999237060547,9640
2018-09-12,19.5,19.5,17.0,18.799999237060547,21530
2018-09-13,18.5,19.0,18.0,18.0,7280
2018-09-14,18.5,18.799999237060547,18.0,18.0,2200
2018-09-17,18.0,18.5,14.0,16.0,55270
2018-09-18,17.5,18.5,17.0,18.0,16870
2018-09-19,17.5,18.0,17.5,17.5,2220
2018-09-20,18.0,18.5,16.5,17.5,12280
2018-09-21,17.5,17.5,17.0,17.0,9150
2018-09-24,17.5,17.799999237060547,16.5,17.0,5880
2018-09-25,16.5,18.0,16.5,17.0,9690
2018-09-26,17.0,17.0,16.5,16.5,6450
2018-09-27,16.5,17.0,16.5,16.799999237060547,6750
2018-09-28,16.5,17.0,16.0,16.0,9410
2018-10-01,16.200000762939453,17.0,16.0,16.0,3970
2018-10-02,16.100000381469727,16.799999237060547,16.0,16.600000381469727,7830
2018-10-03,16.5,16.899999618530273,16.0,16.0,14210
2018-10-04,16.100000381469727,16.600000381469727,16.0,16.5,6180
2018-10-05,16.299999237060547,16.899999618530273,16.0,16.0,5820
2018-10-08,16.0,16.200000762939453,15.0,15.300000190734863,10010
2018-10-09,15.600000381469727,15.600000381469727,14.199999809265137,14.5,10550
2018-10-10,14.600000381469727,15.300000190734863,14.300000190734863,14.399999618530273,9580
2018-10-11,14.5,15.5,14.300000190734863,14.699999809265137,3990
2018-10-12,15.0,16.600000381469727,15.0,15.300000190734863,10550
2018-10-15,15.399999618530273,16.0,14.5,14.5,14200
2018-10-16,14.699999809265137,15.5,14.699999809265137,15.0,5520
2018-10-17,15.0,15.600000381469727,14.800000190734863,15.100000381469727,16860
2018-10-18,16.0,16.100000381469727,14.600000381469727,14.800000190734863,6580
2018-10-19,14.899999618530273,15.100000381469727,14.699999809265137,14.699999809265137,9430
2018-10-22,14.800000190734863,15.5,14.699999809265137,15.199999809265137,5420
2018-10-23,15.100000381469727,15.399999618530273,14.0,14.5,6700
2018-10-24,14.399999618530273,15.199999809265137,14.399999618530273,14.899999618530273,1680
2018-10-25,14.800000190734863,15.100000381469727,13.5,14.300000190734863,16370
2018-10-26,15.0,15.0,13.5,13.800000190734863,8350
2018-10-29,13.800000190734863,14.399999618530273,13.800000190734863,14.199999809265137,1920
2018-10-30,14.100000381469727,15.0,13.899999618530273,14.399999618530273,1950
2018-10-31,14.399999618530273,14.5,13.800000190734863,14.399999618530273,5290
2018-11-01,14.399999618530273,14.5,13.899999618530273,14.100000381469727,1860
2018-11-02,14.100000381469727,14.300000190734863,13.699999809265137,13.699999809265137,3670
2018-11-05,13.899999618530273,14.5,13.600000381469727,13.600000381469727,7610
2018-11-06,13.699999809265137,14.399999618530273,13.0,14.100000381469727,8160
2018-11-07,14.0,14.399999618530273,13.5,13.5,2110
2018-11-08,13.300000190734863,14.5,13.300000190734863,14.5,4440
2018-11-09,13.5,16.5,13.5,15.800000190734863,4990
2018-11-12,14.5,15.5,14.5,14.5,1190
2018-11-13,14.699999809265137,16.100000381469727,14.5,15.800000190734863,5470
2018-11-14,15.699999809265137,16.5,15.0,16.5,3290
2018-11-15,16.0,17.200000762939453,16.0,17.200000762939453,4470
2018-11-16,16.899999618530273,18.0,16.0,16.899999618530273,2700
2018-11-19,17.0,18.0,16.0,17.5,6840
2018-11-20,17.899999618530273,17.899999618530273,16.100000381469727,16.5,10020
2018-11-21,16.5,17.5,16.5,17.5,3500
2018-11-23,17.200000762939453,18.0,16.600000381469727,16.799999237060547,2540
2018-11-26,17.0,17.700000762939453,16.5,16.5,4290
2018-11-27,16.5,17.5,16.5,17.299999237060547,7240
2018-11-28,17.399999618530273,17.700000762939453,16.600000381469727,16.799999237060547,2510
2018-11-29,17.5,17.899999618530273,16.0,16.899999618530273,9240
2018-11-30,16.899999618530273,16.899999618530273,15.5,15.600000381469727,9380
2018-12-03,15.199999809265137,16.200000762939453,14.399999618530273,14.5,1710
2018-12-04,14.600000381469727,15.899999618530273,14.600000381469727,14.699999809265137,220
2018-12-06,15.300000190734863,15.5,13.300000190734863,13.300000190734863,6730
2018-12-07,13.5,14.199999809265137,13.0,14.0,5630
2018-12-10,13.899999618530273,14.0,12.100000381469727,12.5,10490
2018-12-11,12.600000381469727,12.600000381469727,11.5,11.600000381469727,10960
2018-12-12,11.699999809265137,12.300000190734863,11.100000381469727,11.800000190734863,17840
2018-12-13,11.199999809265137,11.699999809265137,11.199999809265137,11.199999809265137,12840
2018-12-14,11.199999809265137,13.399999618530273,11.199999809265137,11.600000381469727,2280
2018-12-17,11.5,11.899999618530273,11.199999809265137,11.5,1790
2018-12-18,11.399999618530273,12.800000190734863,11.199999809265137,11.300000190734863,10040
2018-12-19,11.199999809265137,12.100000381469727,11.199999809265137,11.399999618530273,7950
2018-12-20,11.600000381469727,12.0,10.199999809265137,10.600000381469727,10090
2018-12-21,10.5,10.600000381469727,9.699999809265137,10.100000381469727,25330
2018-12-24,10.100000381469727,11.5,10.0,11.5,5210
2018-12-26,11.5,12.0,10.699999809265137,10.699999809265137,6780
2018-12-27,10.199999809265137,11.5,7.699999809265137,8.800000190734863,35250
2018-12-28,8.600000381469727,10.699999809265137,8.300000190734863,10.699999809265137,30290
2018-12-31,10.899999618530273,11.0,9.899999618530273,10.199999809265137,28380
2019-01-02,10.100000381469727,10.199999809265137,10.0,10.0,1210
2019-01-03,10.100000381469727,10.699999809265137,10.100000381469727,10.600000381469727,1520
2019-01-04,10.800000190734863,11.899999618530273,10.800000190734863,11.899999618530273,3250
2019-01-07,12.199999809265137,13.300000190734863,12.0,12.699999809265137,5810
2019-01-08,12.800000190734863,13.199999809265137,11.600000381469727,11.600000381469727,3800
2019-01-09,12.0,12.5,11.699999809265137,12.0,2130
2019-01-10,12.0,13.0,11.699999809265137,12.0,4170
2019-01-11,12.199999809265137,12.699999809265137,11.699999809265137,12.5,2710
2019-01-14,12.300000190734863,12.5,12.300000190734863,12.300000190734863,950
2019-01-15,11.800000190734863,12.399999618530273,11.600000381469727,11.699999809265137,4770
2019-01-16,11.899999618530273,12.5,11.5,12.5,7920
2019-01-17,12.300000190734863,12.5,11.699999809265137,11.800000190734863,1740
2019-01-18,12.0,12.5,11.600000381469727,12.0,1700
2019-01-22,12.0,12.300000190734863,11.899999618530273,11.899999618530273,5170
2019-01-23,12.100000381469727,12.100000381469727,11.5,11.600000381469727,860
2019-01-24,11.5,11.600000381469727,11.5,11.600000381469727,3650
2019-01-25,11.600000381469727,11.600000381469727,11.300000190734863,11.5,570
2019-01-28,11.100000381469727,11.399999618530273,10.600000381469727,10.899999618530273,1840
2019-01-29,11.0,11.800000190734863,10.800000190734863,11.600000381469727,2440
2019-01-30,11.800000190734863,12.899999618530273,11.800000190734863,12.100000381469727,11270
2019-01-31,12.199999809265137,12.699999809265137,12.100000381469727,12.699999809265137,2350
2019-02-01,12.600000381469727,12.699999809265137,12.0,12.199999809265137,800
2019-02-04,12.300000190734863,12.699999809265137,12.100000381469727,12.199999809265137,590
2019-02-05,13.0,13.899999618530273,12.399999618530273,12.600000381469727,15180
2019-02-06,12.600000381469727,13.199999809265137,11.800000190734863,12.100000381469727,2810
2019-02-07,12.199999809265137,12.399999618530273,11.300000190734863,12.399999618530273,2580
2019-02-08,12.100000381469727,12.199999809265137,11.199999809265137,11.399999618530273,4760
2019-02-11,11.5,12.600000381469727,11.0,11.5,2660
2019-02-12,11.5,12.800000190734863,10.600000381469727,10.600000381469727,3040
2019-02-13,10.800000190734863,14.0,10.399999618530273,12.199999809265137,15080
2019-02-14,10.699999809265137,13.0,10.699999809265137,12.0,3090
2019-02-15,12.0,12.5,11.100000381469727,12.5,1210
2019-02-19,12.0,12.600000381469727,11.800000190734863,11.800000190734863,1230
2019-02-20,11.800000190734863,12.600000381469727,11.5,11.5,9250
2019-02-21,12.199999809265137,12.300000190734863,11.100000381469727,12.199999809265137,4050
2019-02-22,12.399999618530273,12.399999618530273,11.600000381469727,11.600000381469727,990
2019-02-25,11.800000190734863,12.0,11.5,11.899999618530273,2600
2019-02-26,12.0,12.0,11.5,11.5,4610
2019-02-27,11.5,11.5,10.5,10.5,3530
2019-02-28,10.600000381469727,11.0,10.5,10.600000381469727,1880
2019-03-01,10.699999809265137,11.0,10.5,10.800000190734863,2320
2019-03-04,11.0,11.0,10.5,10.699999809265137,2480
2019-03-05,10.600000381469727,10.699999809265137,10.100000381469727,10.100000381469727,3610
2019-03-06,10.0,10.5,9.5,9.5,13030
2019-03-07,9.600000381469727,10.0,9.0,9.399999618530273,6020
2019-03-08,9.0,9.899999618530273,9.0,9.399999618530273,1270
2019-03-11,9.600000381469727,9.600000381469727,9.0,9.0,3270
2019-03-12,9.0,9.5,9.0,9.199999809265137,1880
2019-03-13,9.199999809265137,10.0,9.0,9.899999618530273,4480
2019-03-14,9.899999618530273,10.0,8.899999618530273,9.199999809265137,6530
2019-03-15,9.199999809265137,9.399999618530273,9.199999809265137,9.300000190734863,1620
2019-03-18,9.0,9.300000190734863,9.0,9.300000190734863,1580
2019-03-19,9.300000190734863,9.399999618530273,9.0,9.399999618530273,4840
2019-03-20,9.399999618530273,9.5,9.199999809265137,9.399999618530273,4470
2019-03-21,9.399999618530273,9.399999618530273,9.199999809265137,9.199999809265137,3760
2019-03-22,9.399999618530273,9.399999618530273,9.199999809265137,9.399999618530273,4070
2019-03-25,9.399999618530273,9.399999618530273,9.300000190734863,9.399999618530273,1390
2019-03-26,9.5,9.5,9.199999809265137,9.300000190734863,850
2019-03-27,9.399999618530273,9.5,9.199999809265137,9.300000190734863,2430
2019-03-28,9.300000190734863,9.5,8.5,8.699999809265137,3700
2019-03-29,8.800000190734863,9.199999809265137,8.5,9.0,5530
2019-04-01,8.899999618530273,9.0,8.5,8.5,2010
2019-04-02,8.800000190734863,9.100000381469727,8.600000381469727,9.100000381469727,7870
2019-04-03,8.800000190734863,9.100000381469727,8.5,9.0,4430
2019-04-04,8.899999618530273,9.5,8.899999618530273,9.100000381469727,25750
2019-04-05,9.0,9.899999618530273,8.5,9.5,2630
2019-04-08,9.399999618530273,9.699999809265137,9.0,9.5,790
2019-04-09,9.5,9.5,8.5,8.800000190734863,3170
2019-04-10,8.699999809265137,9.300000190734863,8.600000381469727,8.800000190734863,2940
2019-04-11,8.699999809265137,9.399999618530273,8.600000381469727,8.800000190734863,2430
2019-04-12,8.800000190734863,8.800000190734863,8.5,8.600000381469727,1340
2019-04-15,8.5,8.699999809265137,8.5,8.699999809265137,1100
2019-04-16,8.600000381469727,8.699999809265137,8.600000381469727,8.600000381469727,1350
2019-04-17,8.699999809265137,9.0,8.5,8.5,3260
2019-04-18,8.600000381469727,9.0,8.5,8.699999809265137,3790
2019-04-22,8.800000190734863,9.0,8.5,8.800000190734863,5490
2019-04-23,8.800000190734863,8.800000190734863,8.5,8.800000190734863,420
2019-04-24,8.699999809265137,8.800000190734863,8.0,8.0,7700
2019-04-25,8.199999809265137,8.5,8.0,8.300000190734863,1100
2019-04-26,8.199999809265137,8.399999618530273,8.0,8.100000381469727,25010
2019-04-29,8.100000381469727,8.399999618530273,8.0,8.300000190734863,1130
2019-04-30,8.399999618530273,8.399999618530273,8.100000381469727,8.399999618530273,190
2019-05-01,8.399999618530273,8.699999809265137,8.100000381469727,8.699999809265137,1240
2019-05-02,8.800000190734863,9.0,7.699999809265137,7.900000095367432,17230
2019-05-03,7.900000095367432,8.5,7.699999809265137,8.0,9730
2019-05-06,7.900000095367432,8.199999809265137,7.599999904632568,7.699999809265137,8720
2019-05-07,7.900000095367432,7.900000095367432,7.599999904632568,7.599999904632568,2530
2019-05-08,7.699999809265137,8.100000381469727,7.599999904632568,7.699999809265137,3360
2019-05-09,8.0,8.0,7.800000190734863,8.0,1530
2019-05-10,7.5,9.199999809265137,7.5,8.699999809265137,11490
2019-05-13,10.0,14.899999618530273,9.5,10.699999809265137,111690
2019-05-14,10.5,12.0,9.100000381469727,10.699999809265137,31280
2019-05-15,10.399999618530273,10.600000381469727,9.100000381469727,9.100000381469727,9720
2019-05-16,9.800000190734863,10.199999809265137,9.5,10.0,9540
2019-05-17,9.5,11.0,9.5,10.399999618530273,18740
2019-05-20,10.699999809265137,11.0,10.0,10.100000381469727,4960
2019-05-21,10.800000190734863,10.800000190734863,9.100000381469727,9.5,9550
2019-05-22,9.0,9.600000381469727,8.800000190734863,9.0,6900
2019-05-23,9.0,9.899999618530273,9.0,9.5,3110
2019-05-24,10.0,10.0,9.199999809265137,9.300000190734863,5530
2019-05-28,9.300000190734863,9.899999618530273,9.199999809265137,9.5,3740
2019-05-29,9.5,9.600000381469727,8.300000190734863,9.0,23320
2019-05-30,9.5,9.699999809265137,8.699999809265137,9.0,7250
2019-05-31,8.899999618530273,9.199999809265137,8.899999618530273,9.0,1080
2019-06-03,9.100000381469727,9.100000381469727,8.800000190734863,9.100000381469727,510
2019-06-04,8.899999618530273,9.100000381469727,8.899999618530273,8.899999618530273,2590
2019-06-05,8.899999618530273,8.899999618530273,8.899999618530273,8.899999618530273,540
2019-06-06,9.100000381469727,12.0,8.5,8.800000190734863,57680
2019-06-07,8.899999618530273,8.899999618530273,8.699999809265137,8.800000190734863,2530
2019-06-10,8.5,8.899999618530273,8.5,8.899999618530273,3980
2019-06-11,8.800000190734863,9.899999618530273,8.699999809265137,8.899999618530273,6310
2019-06-12,9.100000381469727,9.5,9.100000381469727,9.100000381469727,3220
2019-06-13,9.0,9.300000190734863,9.0,9.199999809265137,4200
2019-06-14,9.699999809265137,10.5,9.199999809265137,10.199999809265137,7390
2019-06-17,10.199999809265137,10.5,10.0,10.100000381469727,2100
2019-06-18,10.100000381469727,10.800000190734863,10.0,10.600000381469727,5630
2019-06-19,10.800000190734863,11.0,10.5,10.800000190734863,2510
2019-06-20,10.800000190734863,11.199999809265137,10.199999809265137,10.899999618530273,3560
2019-06-21,11.199999809265137,11.199999809265137,10.699999809265137,10.899999618530273,370
2019-06-24,10.699999809265137,10.899999618530273,10.199999809265137,10.399999618530273,3770
2019-06-25,10.899999618530273,11.0,10.5,10.899999618530273,910
2019-06-26,10.5,11.699999809265137,10.199999809265137,10.199999809265137,1970
2019-06-27,10.199999809265137,11.300000190734863,10.199999809265137,10.5,2550
2019-06-28,10.5,12.0,10.5,11.5,14040
2019-07-01,11.899999618530273,12.199999809265137,11.600000381469727,12.0,8140
2019-07-02,12.100000381469727,12.199999809265137,11.800000190734863,12.100000381469727,4060
2019-07-03,12.300000190734863,12.600000381469727,12.0,12.399999618530273,5200
2019-07-05,12.399999618530273,12.399999618530273,12.0,12.300000190734863,2360
2019-07-08,12.699999809265137,13.0,12.300000190734863,12.899999618530273,2820
2019-07-09,13.0,15.0,13.0,14.199999809265137,10050
2019-07-10,14.5,14.800000190734863,13.800000190734863,14.600000381469727,16250
2019-07-11,14.199999809265137,14.899999618530273,13.5,13.899999618530273,6760
2019-07-12,14.0,14.0,13.399999618530273,13.399999618530273,4910
2019-07-15,13.399999618530273,13.699999809265137,13.100000381469727,13.5,3580
2019-07-16,13.699999809265137,13.699999809265137,13.100000381469727,13.100000381469727,1510
2019-07-17,13.399999618530273,13.600000381469727,13.100000381469727,13.300000190734863,4330
2019-07-18,13.399999618530273,13.600000381469727,12.699999809265137,13.100000381469727,5930
2019-07-19,13.199999809265137,13.399999618530273,12.5,12.5,3090
2019-07-22,12.100000381469727,12.800000190734863,11.0,11.0,6330
2019-07-23,11.0,12.699999809265137,11.0,12.5,3090
2019-07-24,12.699999809265137,12.699999809265137,11.699999809265137,12.699999809265137,2320
2019-07-25,11.899999618530273,12.5,11.899999618530273,12.199999809265137,1850
2019-07-26,12.399999618530273,12.699999809265137,12.0,12.399999618530273,4400
2019-07-29,11.899999618530273,12.899999618530273,11.699999809265137,12.399999618530273,6630
2019-07-30,12.5,13.0,11.5,12.5,8050
2019-07-31,12.100000381469727,13.300000190734863,12.100000381469727,12.5,4560
2019-08-01,12.600000381469727,12.899999618530273,12.0,12.300000190734863,6770
2019-08-02,12.199999809265137,12.5,11.5,12.5,2440
2019-08-05,12.399999618530273,12.399999618530273,11.199999809265137,11.199999809265137,5940
2019-08-06,11.199999809265137,12.899999618530273,11.199999809265137,12.199999809265137,3240
2019-08-07,12.399999618530273,12.5,12.0,12.5,570
2019-08-08,12.5,12.699999809265137,12.0,12.100000381469727,1690
2019-08-09,12.0,12.0,11.699999809265137,11.800000190734863,2030
2019-08-12,11.899999618530273,12.0,11.800000190734863,12.0,640
2019-08-13,11.5,12.0,11.199999809265137,11.699999809265137,810
2019-08-14,12.0,12.0,11.199999809265137,11.399999618530273,1020
2019-08-15,11.5,12.0,11.5,11.800000190734863,1860
2019-08-16,11.5,12.0,11.100000381469727,11.399999618530273,1320
2019-08-19,11.399999618530273,11.399999618530273,10.600000381469727,10.800000190734863,3360
2019-08-20,10.899999618530273,11.0,10.800000190734863,10.800000190734863,1710
2019-08-21,10.800000190734863,11.0,10.800000190734863,11.0,1520
2019-08-22,11.0,11.5,11.0,11.399999618530273,3760
2019-08-23,11.899999618530273,13.399999618530273,11.899999618530273,13.399999618530273,12380
2019-08-26,13.399999618530273,13.800000190734863,13.0,13.800000190734863,4380
2019-08-27,13.5,13.5,12.0,12.199999809265137,13960
2019-08-28,12.699999809265137,13.399999618530273,12.699999809265137,13.199999809265137,3640
2019-08-29,13.300000190734863,13.300000190734863,12.5,12.899999618530273,4300
2019-08-30,13.0,13.5,13.0,13.5,6640
2019-09-03,13.5,14.0,13.199999809265137,13.699999809265137,18630
2019-09-04,13.800000190734863,13.800000190734863,12.800000190734863,13.399999618530273,5990
2019-09-05,13.399999618530273,13.399999618530273,12.399999618530273,12.5,6300
2019-09-06,12.399999618530273,12.600000381469727,12.0,12.0,7410
2019-09-09,12.0,12.600000381469727,12.0,12.100000381469727,2300
2019-09-10,12.0,12.0,11.800000190734863,11.800000190734863,550
2019-09-11,12.5,14.0,12.0,12.5,7370
2019-09-12,12.300000190734863,12.699999809265137,12.300000190734863,12.300000190734863,1380
2019-09-13,12.300000190734863,12.600000381469727,12.0,12.199999809265137,990
2019-09-16,12.0,12.699999809265137,12.0,12.699999809265137,1410
2019-09-17,12.0,13.0,12.0,12.100000381469727,1450
2019-09-18,12.300000190734863,12.699999809265137,12.0,12.100000381469727,1240
2019-09-19,12.100000381469727,12.5,11.800000190734863,12.5,2780
2019-09-20,12.199999809265137,12.600000381469727,11.5,12.100000381469727,2190
2019-09-23,12.100000381469727,12.5,12.100000381469727,12.399999618530273,360
2019-09-24,12.199999809265137,12.5,12.199999809265137,12.399999618530273,470
2019-09-25,12.5,12.699999809265137,12.300000190734863,12.300000190734863,3460
2019-09-26,12.5,12.600000381469727,12.300000190734863,12.399999618530273,400
2019-09-27,12.199999809265137,12.399999618530273,10.600000381469727,11.5,5100
2019-09-30,12.100000381469727,12.300000190734863,11.5,12.300000190734863,150
2019-10-01,12.399999618530273,12.399999618530273,11.699999809265137,12.100000381469727,2050
2019-10-02,11.5,12.399999618530273,10.899999618530273,11.199999809265137,2560
2019-10-03,11.5,13.0,10.800000190734863,11.199999809265137,21170
2019-10-04,12.300000190734863,12.300000190734863,10.800000190734863,11.199999809265137,1040
2019-10-07,11.300000190734863,11.300000190734863,10.800000190734863,10.899999618530273,1310
2019-10-08,10.800000190734863,11.300000190734863,10.800000190734863,11.300000190734863,430
2019-10-09,11.0,11.199999809265137,10.800000190734863,10.800000190734863,4140
2019-10-10,10.800000190734863,11.399999618530273,10.800000190734863,11.0,200
2019-10-11,11.0,11.0,10.899999618530273,11.0,930
2019-10-14,11.399999618530273,11.899999618530273,11.399999618530273,11.699999809265137,270
2019-10-15,11.699999809265137,11.699999809265137,11.0,11.199999809265137,530
2019-10-16,11.399999618530273,11.5,10.600000381469727,10.600000381469727,3150
2019-10-17,10.899999618530273,11.0,10.0,10.5,6450
2019-10-18,13.5,14.199999809265137,10.600000381469727,12.699999809265137,368900
2019-10-21,12.399999618530273,12.5,10.600000381469727,11.199999809265137,40440
2019-10-22,11.300000190734863,12.0,10.699999809265137,11.600000381469727,12720
2019-10-23,11.5,12.0,10.699999809265137,10.699999809265137,6750
2019-10-24,11.0,11.300000190734863,9.699999809265137,10.899999618530273,14420
2019-10-25,11.0,11.0,10.0,11.0,5110
2019-10-28,10.899999618530273,11.0,10.199999809265137,10.300000190734863,2530
2019-10-29,10.600000381469727,10.699999809265137,10.0,10.100000381469727,11190
2019-10-30,10.199999809265137,10.899999618530273,10.0,10.300000190734863,4170
2019-10-31,10.100000381469727,10.300000190734863,8.899999618530273,9.300000190734863,9870
2019-11-01,9.5,10.0,9.5,10.0,2580
2019-11-04,10.0,10.300000190734863,9.5,10.300000190734863,2500
2019-11-05,9.5,10.199999809265137,9.5,10.0,3470
2019-11-06,9.899999618530273,10.199999809265137,9.5,10.0,2220
2019-11-07,9.600000381469727,10.199999809265137,9.600000381469727,10.0,4190
2019-11-08,9.899999618530273,10.5,9.899999618530273,10.5,1390
2019-11-11,10.100000381469727,10.5,9.699999809265137,10.5,4990
2019-11-12,10.5,10.5,9.899999618530273,10.5,4560
2019-11-13,10.5,10.600000381469727,9.399999618530273,9.399999618530273,11010
2019-11-14,9.5,10.5,9.5,9.800000190734863,6530
2019-11-15,10.5,10.600000381469727,10.0,10.100000381469727,1230
2019-11-18,10.199999809265137,10.199999809265137,9.600000381469727,9.800000190734863,2660
2019-11-19,9.600000381469727,10.199999809265137,9.5,9.5,2560
2019-11-20,9.600000381469727,10.0,9.0,9.0,11200
2019-11-21,9.0,9.899999618530273,9.0,9.399999618530273,5040
2019-11-22,9.600000381469727,9.600000381469727,9.100000381469727,9.300000190734863,1060
2019-11-25,9.300000190734863,9.399999618530273,9.0,9.199999809265137,2420
2019-11-26,9.0,9.600000381469727,9.0,9.300000190734863,8260
2019-11-27,9.800000190734863,10.100000381469727,9.300000190734863,10.100000381469727,1660
2019-11-29,9.699999809265137,10.300000190734863,9.699999809265137,10.300000190734863,2030
2019-12-02,10.0,10.600000381469727,9.699999809265137,9.899999618530273,3870
2019-12-03,9.100000381469727,10.100000381469727,8.5,9.100000381469727,12590
2019-12-04,9.899999618530273,9.899999618530273,8.800000190734863,8.800000190734863,3520
2019-12-05,8.600000381469727,9.5,8.600000381469727,8.899999618530273,1180
2019-12-06,9.199999809265137,9.5,8.800000190734863,9.100000381469727,5310
2019-12-09,9.100000381469727,9.199999809265137,8.5,8.699999809265137,6650
2019-12-10,8.5,10.100000381469727,8.5,8.899999618530273,5540
2019-12-11,8.600000381469727,8.899999618530273,8.600000381469727,8.800000190734863,5990
2019-12-12,8.699999809265137,8.699999809265137,8.0,8.100000381469727,21650
2019-12-13,8.0,8.399999618530273,7.599999904632568,7.800000190734863,19790
2019-12-16,8.0,8.199999809265137,7.599999904632568,7.800000190734863,7170
2019-12-17,8.100000381469727,8.100000381469727,7.5,7.599999904632568,7570
2019-12-18,7.599999904632568,7.699999809265137,7.099999904632568,7.300000190734863,11430
2019-12-19,7.5,8.0,7.099999904632568,7.300000190734863,12330
2019-12-20,7.5,7.800000190734863,7.400000095367432,7.800000190734863,8560
2019-12-23,7.900000095367432,8.399999618530273,7.699999809265137,8.399999618530273,12340
2019-12-24,8.300000190734863,8.300000190734863,7.800000190734863,8.300000190734863,2290
2019-12-26,8.0,8.399999618530273,7.099999904632568,7.5,29750
2019-12-27,7.400000095367432,8.399999618530273,7.300000190734863,7.699999809265137,20700
2019-12-30,7.699999809265137,8.0,7.5,7.900000095367432,6870
2019-12-31,7.800000190734863,7.800000190734863,7.599999904632568,7.599999904632568,8860
2020-01-02,7.300000190734863,8.699999809265137,7.300000190734863,8.300000190734863,5820
2020-01-03,8.5,8.5,8.0,8.100000381469727,1860
2020-01-06,7.900000095367432,8.699999809265137,7.800000190734863,8.100000381469727,6100
2020-01-07,8.300000190734863,8.600000381469727,8.100000381469727,8.5,6410
2020-01-08,8.699999809265137,8.699999809265137,8.399999618530273,8.600000381469727,1190
2020-01-09,8.600000381469727,9.0,8.5,8.899999618530273,2960
2020-01-10,9.0,9.5,9.0,9.300000190734863,840
2020-01-13,9.5,10.5,8.600000381469727,9.899999618530273,3740
2020-01-14,9.899999618530273,10.5,9.899999618530273,10.100000381469727,10340
2020-01-15,10.0,10.300000190734863,9.5,9.5,3810
2020-01-16,9.600000381469727,10.300000190734863,9.600000381469727,10.0,2440
2020-01-17,10.199999809265137,10.300000190734863,9.699999809265137,10.0,3050
2020-01-21,10.100000381469727,10.100000381469727,9.600000381469727,10.100000381469727,580
2020-01-22,10.0,10.899999618530273,9.600000381469727,10.899999618530273,14940
2020-01-23,10.600000381469727,10.600000381469727,10.100000381469727,10.300000190734863,4500
2020-01-24,10.300000190734863,10.300000190734863,9.5,10.300000190734863,5060
2020-01-27,10.300000190734863,10.600000381469727,9.5,9.899999618530273,2780
2020-01-28,9.899999618530273,10.300000190734863,9.600000381469727,10.300000190734863,350
2020-01-29,10.100000381469727,10.399999618530273,9.600000381469727,9.600000381469727,960
2020-01-30,10.100000381469727,10.399999618530273,9.699999809265137,10.199999809265137,2640
2020-01-31,10.5,10.5,9.600000381469727,10.0,9370
2020-02-03,9.5,9.699999809265137,9.300000190734863,9.399999618530273,5520
2020-02-04,9.5,10.300000190734863,9.300000190734863,9.899999618530273,2340
2020-02-05,10.5,10.5,9.399999618530273,10.0,5060
2020-02-06,10.0,10.0,9.399999618530273,9.5,4570
2020-02-07,9.399999618530273,10.199999809265137,9.300000190734863,10.100000381469727,8470
2020-02-10,9.899999618530273,10.5,9.699999809265137,9.699999809265137,1940
2020-02-11,9.5,10.100000381469727,9.300000190734863,9.600000381469727,1220
2020-02-12,9.5,9.800000190734863,9.300000190734863,9.399999618530273,5560
2020-02-13,8.5,9.100000381469727,7.5,8.399999618530273,24160
2020-02-14,8.399999618530273,8.399999618530273,7.5,8.199999809265137,3750
2020-02-18,8.300000190734863,8.300000190734863,7.699999809265137,7.699999809265137,2720
2020-02-19,7.699999809265137,8.0,7.599999904632568,7.800000190734863,5550
2020-02-20,7.5,8.600000381469727,7.5,8.5,7170
2020-02-21,8.600000381469727,8.600000381469727,8.199999809265137,8.399999618530273,2700
2020-02-24,8.399999618530273,8.5,7.900000095367432,8.199999809265137,1020
2020-02-25,7.900000095367432,8.100000381469727,7.5,7.5,4920
2020-02-26,7.5,8.0,7.5,8.0,770
2020-02-27,8.0,8.199999809265137,6.699999809265137,7.099999904632568,8760
2020-02-28,7.0,7.300000190734863,6.699999809265137,6.800000190734863,5390
2020-03-02,6.900000095367432,7.599999904632568,6.800000190734863,7.300000190734863,2620
2020-03-03,7.5,7.900000095367432,7.400000095367432,7.800000190734863,1940
2020-03-04,7.800000190734863,8.5,7.199999809265137,8.0,9440
2020-03-05,8.5,8.5,7.199999809265137,7.800000190734863,2430
2020-03-06,7.0,8.0,7.0,7.800000190734863,5120
2020-03-09,7.5,7.5,7.0,7.0,1770
2020-03-10,7.699999809265137,8.100000381469727,7.099999904632568,7.099999904632568,910
2020-03-11,7.099999904632568,7.900000095367432,7.0,7.199999809265137,6100
2020-03-12,7.0,7.0,6.0,6.900000095367432,8960
2020-03-13,6.199999809265137,6.800000190734863,3.799999952316284,6.5,37910
2020-03-16,5.0,5.5,4.099999904632568,5.300000190734863,32210
2020-03-17,5.800000190734863,5.800000190734863,4.0,4.900000095367432,6740
2020-03-18,4.900000095367432,5.400000095367432,4.0,4.099999904632568,5880
2020-03-19,4.099999904632568,4.5,3.700000047683716,4.199999809265137,9390
2020-03-20,4.5,4.5,3.5,3.9000000953674316,10040
2020-03-23,4.099999904632568,4.300000190734863,3.5,4.0,4720
2020-03-24,4.0,4.199999809265137,3.9000000953674316,4.0,4060
2020-03-25,4.0,8.5,4.0,8.100000381469727,29910
2020-03-26,7.300000190734863,8.399999618530273,7.0,7.900000095367432,4220
2020-03-27,7.800000190734863,7.800000190734863,7.0,7.099999904632568,1610
2020-03-30,6.400000095367432,6.5,6.300000190734863,6.400000095367432,1000
2020-03-31,6.599999904632568,8.0,6.599999904632568,7.199999809265137,1310
2020-04-01,6.400000095367432,7.199999809265137,5.099999904632568,7.199999809265137,4160
2020-04-02,7.199999809265137,7.800000190734863,6.900000095367432,6.900000095367432,1450
2020-04-03,7.099999904632568,7.300000190734863,5.400000095367432,5.599999904632568,4630
2020-04-06,5.599999904632568,5.599999904632568,5.0,5.300000190734863,1920
2020-04-07,5.599999904632568,6.900000095367432,5.5,6.5,8360
2020-04-08,6.5,8.100000381469727,6.5,6.900000095367432,14860
2020-04-09,6.0,7.699999809265137,6.0,7.5,5040
2020-04-13,7.0,7.800000190734863,6.0,7.800000190734863,4920
2020-04-14,7.5,8.199999809265137,6.900000095367432,7.900000095367432,15540
2020-04-15,8.0,9.5,7.5,8.699999809265137,7450
2020-04-16,8.399999618530273,10.0,8.0,9.100000381469727,7150
2020-04-17,9.100000381469727,9.600000381469727,8.5,8.600000381469727,2140
2020-04-20,9.0,9.399999618530273,7.5,8.5,4950
2020-04-21,7.5,8.899999618530273,7.5,7.900000095367432,1040
2020-04-22,8.5,8.899999618530273,7.5,8.0,2010
2020-04-23,7.900000095367432,8.899999618530273,7.5,8.0,1210
2020-04-24,7.599999904632568,8.199999809265137,7.5,7.599999904632568,2400
2020-04-27,7.300000190734863,7.800000190734863,7.0,7.699999809265137,5300
2020-04-28,7.5,9.5,7.099999904632568,9.199999809265137,9550
2020-04-29,9.5,10.100000381469727,8.699999809265137,9.699999809265137,7360
2020-04-30,9.699999809265137,9.899999618530273,8.600000381469727,9.0,7310
2020-05-01,8.600000381469727,10.199999809265137,8.399999618530273,8.399999618530273,6970
2020-05-04,8.399999618530273,9.0,7.5,7.800000190734863,4840
2020-05-05,7.900000095367432,8.0,7.599999904632568,7.599999904632568,1930
2020-05-06,7.5,7.599999904632568,6.5,7.0,7910
2020-05-07,7.199999809265137,7.199999809265137,6.5,7.0,5130
2020-05-08,6.5,7.0,6.099999904632568,6.300000190734863,10180
2020-05-11,6.5,6.5,5.900000095367432,5.900000095367432,15420
2020-05-12,6.5,6.599999904632568,5.199999809265137,5.5,13860
2020-05-13,5.5,6.599999904632568,5.5,5.699999809265137,10730
2020-05-14,5.800000190734863,6.5,5.300000190734863,6.0,44500
2020-05-15,5.900000095367432,5.900000095367432,5.300000190734863,5.5,13030
2020-05-18,5.400000095367432,5.5,5.300000190734863,5.400000095367432,11420
2020-05-19,5.400000095367432,5.5,4.5,4.900000095367432,99740
2020-05-20,5.0,6.400000095367432,5.0,6.400000095367432,63130
2020-05-21,6.400000095367432,6.599999904632568,5.900000095367432,6.199999809265137,27590
2020-05-22,6.300000190734863,6.400000095367432,5.099999904632568,5.699999809265137,47620
2020-05-26,5.599999904632568,5.699999809265137,4.800000190734863,5.099999904632568,76680
2020-05-27,5.199999809265137,5.300000190734863,4.900000095367432,5.0,24300
2020-05-28,5.199999809265137,5.900000095367432,5.0,5.5,35910
2020-05-29,5.400000095367432,5.400000095367432,5.099999904632568,5.199999809265137,16930
2020-06-01,5.099999904632568,5.599999904632568,5.099999904632568,5.599999904632568,35450
2020-06-02,5.599999904632568,6.800000190734863,5.5,5.599999904632568,66690
2020-06-03,5.800000190734863,7.199999809265137,5.5,6.800000190734863,61930
2020-06-04,7.199999809265137,7.5,7.0,7.099999904632568,25000
2020-06-05,7.099999904632568,7.5,7.0,7.400000095367432,14100
2020-06-08,7.400000095367432,8.800000190734863,7.099999904632568,8.5,27200
2020-06-09,8.399999618530273,8.5,8.0,8.199999809265137,4790
2020-06-10,8.100000381469727,8.100000381469727,7.699999809265137,8.100000381469727,2480
2020-06-11,7.300000190734863,8.100000381469727,7.099999904632568,7.900000095367432,4210
2020-06-12,8.0,9.5,8.0,8.5,10920
2020-06-15,8.5,8.5,7.699999809265137,7.900000095367432,330700
2020-06-16,15.399999618530273,33.29999923706055,14.0,23.700000762939453,22706670
2020-06-17,29.899999618530273,41.099998474121094,24.100000381469727,25.5,6241150
2020-06-18,23.600000381469727,24.799999237060547,18.5,22.200000762939453,748090
2020-06-19,22.700000762939453,22.799999237060547,19.5,22.299999237060547,215820
2020-06-22,20.0,21.600000381469727,19.0,20.399999618530273,117790
2020-06-23,19.600000381469727,19.700000762939453,17.0,18.899999618530273,119620
2020-06-24,17.600000381469727,19.0,17.5,18.899999618530273,97400
2020-06-25,17.899999618530273,19.799999237060547,17.899999618530273,19.5,80650
2020-06-26,18.899999618530273,21.200000762939453,18.0,19.799999237060547,77840
2020-06-29,19.600000381469727,20.899999618530273,19.0,20.100000381469727,41420
2020-06-30,20.5,20.899999618530273,19.5,20.799999237060547,50470
2020-07-01,20.600000381469727,23.700000762939453,19.600000381469727,22.0,91250
2020-07-02,21.799999237060547,23.700000762939453,21.5,23.600000381469727,75020
2020-07-06,23.700000762939453,23.700000762939453,22.299999237060547,23.200000762939453,35040
2020-07-07,21.799999237060547,23.0,20.299999237060547,21.399999618530273,28330
2020-07-08,20.899999618530273,24.0,20.799999237060547,21.899999618530273,81400
2020-07-09,22.299999237060547,22.399999618530273,21.0,21.5,21050
2020-07-10,21.899999618530273,21.899999618530273,20.5,20.799999237060547,22860
2020-07-13,20.799999237060547,21.799999237060547,20.600000381469727,21.700000762939453,19210
2020-07-14,20.299999237060547,21.299999237060547,20.0,21.100000381469727,21990
2020-07-15,21.100000381469727,21.200000762939453,20.200000762939453,20.899999618530273,24460
2020-07-16,20.600000381469727,21.299999237060547,20.5,21.100000381469727,18380
2020-07-17,21.0,23.0,20.700000762939453,22.5,19300
2020-07-20,22.200000762939453,23.0,21.399999618530273,22.5,18320
2020-07-21,23.200000762939453,26.899999618530273,22.899999618530273,24.200000762939453,79840
2020-07-22,25.600000381469727,25.899999618530273,24.0,24.700000762939453,28160
2020-07-23,24.700000762939453,25.100000381469727,20.700000762939453,22.5,33930
2020-07-24,22.700000762939453,22.799999237060547,21.299999237060547,21.600000381469727,9750
2020-07-27,22.100000381469727,22.200000762939453,20.700000762939453,21.200000762939453,10690
2020-07-28,21.299999237060547,21.899999618530273,20.5,21.0,13180
2020-07-29,21.0,21.5,20.5,21.399999618530273,8810
2020-07-30,20.600000381469727,22.5,20.600000381469727,21.799999237060547,15380
2020-07-31,22.200000762939453,23.399999618530273,21.0,22.600000381469727,14270
2020-08-03,23.0,25.0,22.600000381469727,24.5,25560
2020-08-04,24.600000381469727,29.299999237060547,24.600000381469727,28.700000762939453,72090
2020-08-05,28.5,30.299999237060547,25.600000381469727,27.100000381469727,61130
2020-08-06,26.799999237060547,27.600000381469727,24.299999237060547,25.899999618530273,22300
2020-08-07,25.700000762939453,27.100000381469727,22.299999237060547,22.799999237060547,15400
2020-08-10,22.700000762939453,24.600000381469727,22.700000762939453,24.600000381469727,14330
2020-08-11,24.700000762939453,25.0,22.899999618530273,23.700000762939453,10760
2020-08-12,23.899999618530273,24.100000381469727,21.700000762939453,22.899999618530273,22950
2020-08-13,24.399999618530273,26.5,23.0,24.600000381469727,34640
2020-08-14,24.299999237060547,24.399999618530273,22.799999237060547,23.5,14760
2020-08-17,23.100000381469727,23.799999237060547,22.5,23.600000381469727,11830
2020-08-18,23.700000762939453,23.700000762939453,22.100000381469727,23.0,8970
2020-08-19,23.0,23.299999237060547,22.100000381469727,23.200000762939453,14570
2020-08-20,21.5,25.0,20.799999237060547,24.5,81310
2020-08-21,24.5,25.0,22.299999237060547,22.799999237060547,17480
2020-08-24,23.0,24.399999618530273,22.100000381469727,22.200000762939453,12970
2020-08-25,22.100000381469727,23.200000762939453,22.100000381469727,22.899999618530273,11690
2020-08-26,22.799999237060547,24.0,22.5,23.5,18390
2020-08-27,24.0,24.399999618530273,22.899999618530273,23.0,14530
2020-08-28,24.0,24.399999618530273,22.0,22.899999618530273,12230
2020-08-31,22.100000381469727,23.399999618530273,22.0,22.899999618530273,24390
2020-09-01,24.0,24.100000381469727,22.200000762939453,22.299999237060547,28620
2020-09-02,22.100000381469727,23.399999618530273,22.100000381469727,22.700000762939453,19350
2020-09-03,22.600000381469727,23.5,22.0,23.0,25220
2020-09-04,22.899999618530273,23.0,21.5,22.0,27020
2020-09-08,21.5,22.100000381469727,21.5,21.700000762939453,14090
2020-09-09,22.0,23.0,21.5,22.700000762939453,10490
2020-09-10,23.200000762939453,23.200000762939453,21.700000762939453,21.799999237060547,6100
2020-09-11,21.799999237060547,23.200000762939453,21.799999237060547,22.700000762939453,7320
2020-09-14,23.0,23.5,22.600000381469727,23.100000381469727,9530
2020-09-15,23.399999618530273,26.399999618530273,23.100000381469727,25.100000381469727,45170
2020-09-16,23.899999618530273,25.600000381469727,22.0,24.600000381469727,34550
2020-09-17,24.5,25.200000762939453,23.600000381469727,24.600000381469727,10120
2020-09-18,24.399999618530273,24.600000381469727,23.100000381469727,24.299999237060547,7830
2020-09-21,23.399999618530273,24.0,22.200000762939453,22.5,9470
2020-09-22,22.5,23.5,22.0,22.5,7050
2020-09-23,22.299999237060547,23.299999237060547,21.0,22.700000762939453,24550
2020-09-24,22.700000762939453,22.700000762939453,22.0,22.100000381469727,4530
2020-09-25,22.299999237060547,23.100000381469727,21.399999618530273,21.899999618530273,10680
2020-09-28,22.5,22.600000381469727,21.600000381469727,22.200000762939453,7440
2020-09-29,21.899999618530273,22.700000762939453,21.399999618530273,22.5,4570
2020-09-30,22.200000762939453,22.899999618530273,22.0,22.600000381469727,6420
2020-10-01,22.5,25.299999237060547,22.5,25.0,19710
2020-10-02,24.0,25.5,23.5,24.799999237060547,10130
2020-10-05,24.600000381469727,25.399999618530273,24.0,24.5,5050
2020-10-06,24.200000762939453,25.299999237060547,24.200000762939453,24.5,10130
2020-10-07,24.600000381469727,27.299999237060547,24.600000381469727,26.100000381469727,25540
2020-10-08,26.399999618530273,29.200000762939453,24.799999237060547,25.899999618530273,110340
2020-10-09,25.899999618530273,28.899999618530273,25.200000762939453,28.700000762939453,68230
2020-10-12,29.0,29.899999618530273,26.0,26.5,40600
2020-10-13,26.399999618530273,28.399999618530273,26.100000381469727,27.200000762939453,45720
2020-10-14,27.700000762939453,27.899999618530273,25.299999237060547,25.399999618530273,12680
2020-10-15,25.299999237060547,25.399999618530273,23.799999237060547,24.899999618530273,11800
2020-10-16,24.899999618530273,25.200000762939453,24.600000381469727,25.100000381469727,4320
2020-10-19,25.100000381469727,25.399999618530273,24.100000381469727,24.299999237060547,5020
2020-10-20,24.0,24.399999618530273,23.200000762939453,23.799999237060547,6560
2020-10-21,23.899999618530273,25.0,23.5,24.399999618530273,2900
2020-10-22,24.299999237060547,25.100000381469727,23.700000762939453,24.799999237060547,5080
2020-10-23,25.700000762939453,26.899999618530273,24.899999618530273,25.700000762939453,14360
2020-10-26,25.899999618530273,26.0,24.799999237060547,25.200000762939453,4900
2020-10-27,24.799999237060547,25.0,24.0,25.0,3730
2020-10-28,23.899999618530273,24.799999237060547,22.5,23.700000762939453,10600
2020-10-29,23.700000762939453,24.600000381469727,23.100000381469727,23.399999618530273,4790
2020-10-30,23.0,24.200000762939453,22.399999618530273,22.399999618530273,6710
2020-11-02,22.5,22.899999618530273,22.100000381469727,22.299999237060547,4410
2020-11-03,22.600000381469727,23.700000762939453,22.5,23.5,3240
2020-11-04,23.600000381469727,23.899999618530273,23.299999237060547,23.700000762939453,1210
2020-11-05,23.399999618530273,23.600000381469727,23.200000762939453,23.299999237060547,2420
2020-11-06,23.299999237060547,23.600000381469727,22.5,23.200000762939453,8100
2020-11-09,22.899999618530273,23.600000381469727,22.899999618530273,23.200000762939453,2080
2020-11-10,23.200000762939453,23.399999618530273,22.700000762939453,23.0,4690
2020-11-11,23.0,23.399999618530273,22.0,23.299999237060547,12180
2020-11-12,23.299999237060547,24.0,22.600000381469727,23.799999237060547,4590
2020-11-13,24.0,24.5,23.100000381469727,23.399999618530273,6170
2020-11-16,23.5,24.200000762939453,23.100000381469727,23.399999618530273,4750
2020-11-17,23.399999618530273,23.799999237060547,23.200000762939453,23.799999237060547,4700
2020-11-18,23.799999237060547,24.600000381469727,22.299999237060547,23.299999237060547,18640
2020-11-19,23.399999618530273,24.399999618530273,22.899999618530273,23.799999237060547,10910
2020-11-20,22.5,23.799999237060547,22.200000762939453,23.200000762939453,12790
2020-11-23,23.100000381469727,23.5,22.799999237060547,23.100000381469727,9820
2020-11-24,25.0,28.0,24.5,26.799999237060547,69600
2020-11-25,26.399999618530273,27.399999618530273,24.0,25.600000381469727,15540
2020-11-27,25.600000381469727,27.399999618530273,25.399999618530273,26.200000762939453,17320
2020-11-30,27.0,27.0,25.200000762939453,25.600000381469727,10640
2020-12-01,25.799999237060547,26.299999237060547,24.5,25.399999618530273,15830
2020-12-02,25.399999618530273,26.600000381469727,25.299999237060547,25.799999237060547,4940
2020-12-03,26.399999618530273,30.0,26.0,28.100000381469727,63480
2020-12-04,28.5,28.5,26.899999618530273,27.5,18200
2020-12-07,28.100000381469727,28.5,26.299999237060547,26.899999618530273,18850
2020-12-08,27.0,28.5,26.299999237060547,28.200000762939453,22260
2020-12-09,29.0,29.200000762939453,25.700000762939453,26.5,28320
2020-12-10,26.799999237060547,27.700000762939453,25.700000762939453,27.5,13680
2020-12-11,27.200000762939453,28.200000762939453,26.600000381469727,27.399999618530273,11920
2020-12-14,27.700000762939453,28.0,25.799999237060547,26.200000762939453,13370
2020-12-15,26.200000762939453,27.600000381469727,25.799999237060547,27.399999618530273,10000
2020-12-16,27.5,29.100000381469727,27.5,29.0,20180
2020-12-17,29.299999237060547,36.099998474121094,27.299999237060547,29.899999618530273,234120
2020-12-18,30.0,30.399999618530273,28.5,28.5,48540
2020-12-21,28.5,32.20000076293945,28.0,31.5,42310
2020-12-22,31.600000381469727,32.0,30.399999618530273,31.700000762939453,35490
2020-12-23,32.099998474121094,33.5,30.600000381469727,32.79999923706055,43890
2020-12-24,31.799999237060547,34.400001525878906,29.399999618530273,33.5,34760
2020-12-28,33.400001525878906,33.400001525878906,30.299999237060547,31.600000381469727,19550
2020-12-29,31.600000381469727,32.5,30.399999618530273,32.099998474121094,14450
2020-12-30,32.0,33.0,28.0,29.600000381469727,36110
2020-12-31,29.899999618530273,29.899999618530273,29.100000381469727,29.299999237060547,7950
2021-01-04,29.5,29.5,26.600000381469727,28.799999237060547,22760
2021-01-05,28.299999237060547,30.899999618530273,28.200000762939453,29.399999618530273,12490
2021-01-06,29.600000381469727,30.799999237060547,29.399999618530273,29.899999618530273,11100
2021-01-07,30.399999618530273,32.400001525878906,30.200000762939453,31.700000762939453,21220
2021-01-08,31.399999618530273,33.900001525878906,31.399999618530273,33.70000076293945,56620
2021-01-11,33.099998474121094,38.900001525878906,33.099998474121094,38.599998474121094,47840
2021-01-12,38.70000076293945,39.70000076293945,37.0,38.5,39580
2021-01-13,38.099998474121094,40.0,37.29999923706055,39.099998474121094,15320
2021-01-14,39.0,39.599998474121094,37.29999923706055,39.099998474121094,22600
2021-01-15,39.099998474121094,41.0,38.099998474121094,39.29999923706055,26530
2021-01-19,41.0,41.79999923706055,39.20000076293945,39.29999923706055,26370
2021-01-20,39.900001525878906,40.5,37.099998474121094,38.5,24470
2021-01-21,37.0,40.0,37.0,39.400001525878906,8040
2021-01-22,39.0,39.900001525878906,38.900001525878906,39.70000076293945,8410
2021-01-25,40.400001525878906,41.20000076293945,38.5,39.20000076293945,18220
2021-01-26,39.099998474121094,39.5,37.599998474121094,38.29999923706055,8660
2021-01-27,38.5,39.70000076293945,35.0,39.599998474121094,25650
2021-01-28,39.0,40.400001525878906,38.900001525878906,40.20000076293945,10360
2021-01-29,39.70000076293945,40.599998474121094,38.0,39.900001525878906,16040
2021-02-01,39.29999923706055,40.599998474121094,39.0,39.900001525878906,7340
2021-02-02,40.0,41.400001525878906,39.20000076293945,39.5,59670
2021-02-03,43.0,46.0,42.20000076293945,45.20000076293945,83170
2021-02-04,45.400001525878906,45.400001525878906,42.599998474121094,43.099998474121094,26110
2021-02-05,42.79999923706055,45.099998474121094,42.79999923706055,44.20000076293945,21130
2021-02-08,45.29999923706055,47.5,44.29999923706055,45.29999923706055,27730
2021-02-09,45.29999923706055,46.0,44.5,45.0,20890
2021-02-10,45.0,45.5,43.599998474121094,44.400001525878906,14620
2021-02-11,44.0,44.20000076293945,40.20000076293945,40.79999923706055,32700
2021-02-12,40.79999923706055,44.400001525878906,40.0,43.29999923706055,14120
2021-02-16,45.0,46.70000076293945,44.5,46.0,34370
2021-02-17,46.900001525878906,47.0,42.599998474121094,46.20000076293945,28920
2021-02-18,45.5,47.400001525878906,43.5,46.70000076293945,19710
2021-02-19,47.29999923706055,50.79999923706055,46.20000076293945,50.29999923706055,47660
2021-02-22,49.900001525878906,50.400001525878906,42.70000076293945,42.70000076293945,27320
2021-02-23,42.0,44.900001525878906,32.70000076293945,43.29999923706055,42680
2021-02-24,42.70000076293945,49.0,42.70000076293945,48.70000076293945,20190
2021-02-25,49.599998474121094,50.5,46.29999923706055,47.400001525878906,29930
2021-02-26,49.29999923706055,49.29999923706055,43.599998474121094,47.29999923706055,23340
2021-03-01,47.099998474121094,48.099998474121094,45.599998474121094,47.900001525878906,8990
2021-03-02,47.70000076293945,49.400001525878906,46.0,48.099998474121094,9350
2021-03-03,48.5,49.5,45.79999923706055,46.099998474121094,11290
2021-03-04,45.599998474121094,46.599998474121094,40.400001525878906,42.0,20610
2021-03-05,42.0,44.79999923706055,37.70000076293945,44.599998474121094,28060
2021-03-08,48.0,48.0,43.79999923706055,44.0,11060
2021-03-09,44.70000076293945,46.400001525878906,42.70000076293945,45.900001525878906,11590
2021-03-10,45.900001525878906,47.0,44.900001525878906,45.70000076293945,6480
2021-03-11,46.29999923706055,47.5,45.70000076293945,46.79999923706055,5310
2021-03-12,47.29999923706055,51.5,46.29999923706055,50.29999923706055,31740
2021-03-15,50.400001525878906,50.70000076293945,48.20000076293945,48.599998474121094,8170
2021-03-16,49.400001525878906,49.599998474121094,47.599998474121094,47.79999923706055,6270
2021-03-17,47.5,49.400001525878906,45.70000076293945,48.5,7350
2021-03-18,48.599998474121094,48.599998474121094,43.20000076293945,45.70000076293945,15730
2021-03-19,45.099998474121094,48.5,45.099998474121094,48.099998474121094,13530
2021-03-22,49.400001525878906,54.29999923706055,48.70000076293945,53.20000076293945,42980
2021-03-23,54.29999923706055,54.29999923706055,46.5,47.0,31540
2021-03-24,52.900001525878906,52.900001525878906,47.5,49.70000076293945,27660
2021-03-25,49.70000076293945,52.79999923706055,45.900001525878906,51.0,17900
2021-03-26,50.599998474121094,52.79999923706055,49.400001525878906,52.79999923706055,12920
2021-03-29,52.79999923706055,56.0,51.70000076293945,53.900001525878906,21240
2021-03-30,53.099998474121094,60.0,52.5,56.0,47800
2021-03-31,56.900001525878906,58.099998474121094,54.099998474121094,56.79999923706055,64600
2021-04-01,58.79999923706055,59.79999923706055,56.0,58.0,48930
2021-04-05,58.0,58.29999923706055,55.0,56.900001525878906,27350
2021-04-06,57.400001525878906,57.400001525878906,51.599998474121094,54.400001525878906,30600
2021-04-07,54.0,55.599998474121094,50.29999923706055,50.5,22210
2021-04-08,51.70000076293945,53.400001525878906,50.5,52.20000076293945,11170
2021-04-09,52.5,53.20000076293945,48.79999923706055,50.099998474121094,19010
2021-04-12,50.20000076293945,50.900001525878906,45.20000076293945,45.79999923706055,23190
2021-04-13,47.0,47.79999923706055,42.70000076293945,44.29999923706055,21660
2021-04-14,44.20000076293945,45.5,41.900001525878906,44.0,18180
2021-04-15,44.70000076293945,46.599998474121094,43.29999923706055,46.599998474121094,18340
2021-04-16,46.70000076293945,51.79999923706055,45.70000076293945,51.29999923706055,29350
2021-04-19,51.29999923706055,51.29999923706055,44.29999923706055,45.79999923706055,27330
2021-04-20,45.29999923706055,45.5,42.599998474121094,44.20000076293945,14850
2021-04-21,44.0,45.599998474121094,41.900001525878906,42.900001525878906,15310
2021-04-22,42.5,43.0,40.5,41.5,24970
2021-04-23,41.70000076293945,44.5,41.70000076293945,43.70000076293945,8510
2021-04-26,43.400001525878906,44.900001525878906,43.0,43.70000076293945,12030
2021-04-27,44.29999923706055,44.599998474121094,42.29999923706055,43.0,13390
2021-04-28,47.400001525878906,54.400001525878906,42.5,50.0,102590
2021-04-29,50.5,51.29999923706055,45.70000076293945,47.79999923706055,38990
2021-04-30,46.70000076293945,49.5,45.400001525878906,47.79999923706055,11580
2021-05-03,48.400001525878906,49.400001525878906,46.0,46.400001525878906,22110
2021-05-04,46.0,46.5,42.599998474121094,43.29999923706055,16480
2021-05-05,44.79999923706055,45.5,43.29999923706055,44.79999923706055,11350
2021-05-06,44.79999923706055,44.79999923706055,42.0,42.20000076293945,21090
2021-05-07,43.0,45.70000076293945,42.5,44.20000076293945,12570
2021-05-10,44.0,44.0,40.79999923706055,41.5,18950
2021-05-11,40.20000076293945,43.79999923706055,40.099998474121094,43.599998474121094,12750
2021-05-12,42.900001525878906,43.29999923706055,40.70000076293945,41.099998474121094,10150
2021-05-13,41.5,43.5,38.099998474121094,39.900001525878906,19790
2021-05-14,40.29999923706055,42.20000076293945,39.70000076293945,41.70000076293945,10480
2021-05-17,41.29999923706055,41.400001525878906,39.5,40.20000076293945,16310
2021-05-18,40.20000076293945,43.0,40.20000076293945,42.400001525878906,6440
2021-05-19,41.5,44.29999923706055,41.20000076293945,43.900001525878906,6060
2021-05-20,44.0,47.0,43.79999923706055,46.400001525878906,6050
2021-05-21,46.400001525878906,48.29999923706055,45.20000076293945,46.70000076293945,6960
2021-05-24,47.400001525878906,47.400001525878906,45.599998474121094,45.900001525878906,3860
2021-05-25,46.099998474121094,46.79999923706055,44.20000076293945,44.599998474121094,3130
2021-05-26,44.70000076293945,47.400001525878906,44.70000076293945,47.099998474121094,5830
2021-05-27,47.400001525878906,49.20000076293945,45.900001525878906,48.099998474121094,8760
2021-05-28,49.099998474121094,49.900001525878906,48.5,49.20000076293945,14760
2021-06-01,49.5,49.599998474121094,47.70000076293945,49.099998474121094,5650
2021-06-02,49.70000076293945,50.900001525878906,48.5,50.70000076293945,12160
2021-06-03,50.400001525878906,52.0,49.099998474121094,51.79999923706055,10870
2021-06-04,51.79999923706055,51.900001525878906,48.79999923706055,49.20000076293945,6960
2021-06-07,49.900001525878906,51.79999923706055,49.0,50.400001525878906,8950
2021-06-08,51.099998474121094,52.79999923706055,51.0,52.29999923706055,10650
2021-06-09,52.900001525878906,53.099998474121094,51.29999923706055,51.29999923706055,4630
2021-06-10,52.0,53.400001525878906,51.599998474121094,52.20000076293945,5420
2021-06-11,52.900001525878906,53.400001525878906,51.79999923706055,52.70000076293945,3520
2021-06-14,53.599998474121094,53.79999923706055,52.099998474121094,52.099998474121094,8570
2021-06-15,52.099998474121094,52.099998474121094,49.0,51.0,10530
2021-06-16,51.0,51.20000076293945,46.5,49.099998474121094,25020
2021-06-17,49.0,49.79999923706055,46.5,47.5,6450
2021-06-18,46.599998474121094,47.79999923706055,45.70000076293945,46.0,8290
2021-06-21,46.099998474121094,49.20000076293945,46.0,47.599998474121094,6850
2021-06-22,47.599998474121094,48.5,46.5,47.79999923706055,3660
2021-06-23,48.0,50.29999923706055,47.900001525878906,49.5,6270
2021-06-24,49.900001525878906,49.900001525878906,48.5,49.5,3950
2021-06-25,49.5,49.900001525878906,47.900001525878906,49.5,14450
2021-06-28,49.20000076293945,49.5,46.29999923706055,47.099998474121094,7270
2021-06-29,47.5,49.099998474121094,46.900001525878906,48.0,3460
2021-06-30,47.900001525878906,48.20000076293945,47.20000076293945,48.0,4870
2021-07-01,47.900001525878906,49.5,46.29999923706055,49.0,9070
2021-07-02,49.20000076293945,49.5,47.5,48.599998474121094,5740
2021-07-06,48.0,48.5,46.0,46.599998474121094,6230
2021-07-07,46.099998474121094,46.599998474121094,43.599998474121094,44.20000076293945,11490
2021-07-08,43.20000076293945,44.5,43.0,44.5,3020
2021-07-09,44.900001525878906,46.5,44.900001525878906,46.400001525878906,1970
2021-07-12,45.79999923706055,47.0,45.20000076293945,46.599998474121094,2570
2021-07-13,45.900001525878906,46.599998474121094,44.79999923706055,46.29999923706055,3660
2021-07-14,46.0,46.0,43.0,43.0,6760
2021-07-15,43.0,43.400001525878906,41.5,42.0,7000
2021-07-16,43.29999923706055,44.20000076293945,41.79999923706055,42.099998474121094,6250
2021-07-19,40.5,40.900001525878906,37.900001525878906,38.79999923706055,13350
2021-07-20,39.20000076293945,44.099998474121094,38.900001525878906,42.70000076293945,14240
2021-07-21,43.0,45.0,43.0,44.099998474121094,3370
2021-07-22,44.400001525878906,44.400001525878906,42.5,43.599998474121094,2120
2021-07-23,43.20000076293945,43.900001525878906,42.70000076293945,43.29999923706055,1770
2021-07-26,43.099998474121094,43.20000076293945,40.5,40.599998474121094,5070
2021-07-27,40.5,41.29999923706055,39.599998474121094,41.20000076293945,3630
2021-07-28,41.29999923706055,42.0,40.900001525878906,41.5,2390
2021-07-29,41.70000076293945,42.0,40.099998474121094,42.0,4760
2021-07-30,41.599998474121094,42.70000076293945,39.900001525878906,41.0,8270
2021-08-02,41.099998474121094,41.099998474121094,36.5,36.70000076293945,21870
2021-08-03,37.20000076293945,38.400001525878906,33.79999923706055,36.099998474121094,19710
2021-08-04,36.0,36.400001525878906,33.900001525878906,35.5,4390
2021-08-05,35.5,37.0,35.5,36.400001525878906,3280
2021-08-06,36.599998474121094,36.900001525878906,34.599998474121094,36.20000076293945,4100
2021-08-09,36.29999923706055,36.900001525878906,35.0,35.5,3610
2021-08-10,35.5,36.400001525878906,35.0,35.5,2700
2021-08-11,35.0,36.5,34.599998474121094,35.79999923706055,3400
2021-08-12,37.5,37.5,36.0,36.70000076293945,3500
2021-08-13,36.5,38.0,35.79999923706055,36.70000076293945,5840
2021-08-16,36.29999923706055,37.099998474121094,31.5,33.79999923706055,15580
2021-08-17,32.900001525878906,37.0,32.900001525878906,34.400001525878906,9320
2021-08-18,34.5,34.70000076293945,32.70000076293945,33.20000076293945,3080
2021-08-19,32.5,33.0,31.100000381469727,32.20000076293945,7040
2021-08-20,31.5,31.5,28.899999618530273,30.100000381469727,20750
2021-08-23,29.799999237060547,31.0,29.600000381469727,30.600000381469727,10740
2021-08-24,35.29999923706055,35.29999923706055,28.799999237060547,29.0,8240
2021-08-25,27.899999618530273,30.700000762939453,27.100000381469727,30.200000762939453,14890
2021-08-26,30.0,30.600000381469727,29.5,30.299999237060547,3280
2021-08-27,30.200000762939453,30.5,29.299999237060547,29.600000381469727,7220
2021-08-30,29.700000762939453,31.899999618530273,29.600000381469727,30.899999618530273,2170
2021-08-31,30.799999237060547,32.5,30.200000762939453,31.399999618530273,3500
2021-09-01,31.299999237060547,31.799999237060547,29.899999618530273,30.399999618530273,8030
2021-09-02,30.200000762939453,30.700000762939453,29.600000381469727,30.100000381469727,3960
2021-09-03,25.200000762939453,26.799999237060547,21.600000381469727,22.0,112990
2021-09-07,22.5,25.899999618530273,22.0,24.899999618530273,111910
2021-09-08,24.600000381469727,24.799999237060547,22.399999618530273,22.5,21250
2021-09-09,22.5,24.0,22.5,23.100000381469727,17380
2021-09-10,22.700000762939453,23.200000762939453,22.5,22.600000381469727,8450
2021-09-13,23.0,23.5,22.600000381469727,23.100000381469727,11290
2021-09-14,22.399999618530273,23.299999237060547,21.399999618530273,21.799999237060547,12450
2021-09-15,21.600000381469727,22.600000381469727,21.5,22.299999237060547,9740
2021-09-16,22.100000381469727,22.799999237060547,21.5,21.899999618530273,7360
2021-09-17,21.899999618530273,25.0,20.299999237060547,24.0,25700
2021-09-20,23.299999237060547,23.299999237060547,21.100000381469727,22.600000381469727,7870
2021-09-21,22.600000381469727,22.600000381469727,21.5,22.399999618530273,6710
2021-09-22,22.799999237060547,23.799999237060547,21.799999237060547,22.799999237060547,12900
2021-09-23,23.299999237060547,23.799999237060547,22.5,23.700000762939453,4670
2021-09-24,23.299999237060547,23.700000762939453,22.5,23.0,7870
2021-09-27,23.399999618530273,23.399999618530273,22.0,22.899999618530273,11030
2021-09-28,22.600000381469727,22.899999618530273,21.5,22.100000381469727,8380
2021-09-29,22.0,22.0,20.100000381469727,20.899999618530273,16070
2021-09-30,20.700000762939453,21.299999237060547,19.299999237060547,20.0,24530
2021-10-01,20.0,21.0,19.299999237060547,20.399999618530273,8650
2021-10-04,20.399999618530273,20.700000762939453,19.799999237060547,19.799999237060547,6020
2021-10-05,19.899999618530273,20.600000381469727,18.600000381469727,19.5,18440
2021-10-06,19.0,19.5,17.200000762939453,17.600000381469727,21230
2021-10-07,18.299999237060547,18.5,17.5,17.700000762939453,21440
2021-10-08,18.100000381469727,18.299999237060547,17.5,18.100000381469727,12720
2021-10-11,18.0,18.600000381469727,17.0,17.299999237060547,8650
2021-10-12,17.600000381469727,20.600000381469727,17.200000762939453,20.200000762939453,25120
2021-10-13,20.299999237060547,20.600000381469727,19.5,19.899999618530273,7540
2021-10-14,20.5,20.5,18.0,18.600000381469727,21180
2021-10-15,18.600000381469727,18.899999618530273,18.200000762939453,18.700000762939453,6350
2021-10-18,18.5,18.5,17.799999237060547,18.299999237060547,5030
2021-10-19,18.200000762939453,18.5,18.100000381469727,18.399999618530273,2090
2021-10-20,18.299999237060547,18.799999237060547,18.100000381469727,18.600000381469727,2430
2021-10-21,18.600000381469727,20.399999618530273,18.200000762939453,19.700000762939453,10700
2021-10-22,19.299999237060547,19.399999618530273,18.0,18.100000381469727,5800
2021-10-25,18.100000381469727,18.799999237060547,17.5,17.899999618530273,7620
2021-10-26,18.799999237060547,18.799999237060547,17.5,18.100000381469727,8490
2021-10-27,18.100000381469727,18.299999237060547,16.899999618530273,17.100000381469727,8810
2021-10-28,16.899999618530273,17.200000762939453,16.0,16.399999618530273,17420
2021-10-29,16.299999237060547,16.899999618530273,15.800000190734863,16.200000762939453,15300
2021-11-01,16.600000381469727,16.700000762939453,16.200000762939453,16.600000381469727,4680
2021-11-02,16.399999618530273,16.799999237060547,15.5,16.0,23950
2021-11-03,16.0,16.0,14.800000190734863,15.5,48330
2021-11-04,15.5,16.200000762939453,14.899999618530273,16.100000381469727,19310
2021-11-05,16.399999618530273,16.399999618530273,15.100000381469727,15.300000190734863,21100
2021-11-08,15.100000381469727,16.0,14.100000381469727,16.0,44280
2021-11-09,15.699999809265137,16.200000762939453,15.300000190734863,16.0,13880
2021-11-10,16.0,16.299999237060547,15.600000381469727,16.200000762939453,9450
2021-11-11,16.0,16.799999237060547,15.800000190734863,16.600000381469727,6410
2021-11-12,16.799999237060547,18.299999237060547,16.5,18.299999237060547,22990
2021-11-15,18.299999237060547,18.299999237060547,17.299999237060547,17.799999237060547,8420
2021-11-16,17.200000762939453,17.5,15.300000190734863,16.0,23730
2021-11-17,15.600000381469727,15.699999809265137,14.199999809265137,15.100000381469727,19850
2021-11-18,18.5,26.799999237060547,16.0,20.600000381469727,1786110
2021-11-19,18.700000762939453,19.600000381469727,17.899999618530273,19.299999237060547,124050
2021-11-22,18.799999237060547,22.700000762939453,17.899999618530273,21.799999237060547,114670
2021-11-23,21.0,22.0,18.200000762939453,18.5,85540
2021-11-24,20.200000762939453,20.299999237060547,16.399999618530273,18.700000762939453,61560
2021-11-26,18.0,18.5,17.100000381469727,18.399999618530273,20660
2021-11-29,19.0,19.799999237060547,16.600000381469727,17.200000762939453,32310
2021-11-30,17.0,17.799999237060547,15.5,16.600000381469727,30480
2021-12-01,16.600000381469727,17.799999237060547,15.300000190734863,16.0,14950
2021-12-02,15.800000190734863,16.299999237060547,14.5,15.399999618530273,17010
2021-12-03,15.300000190734863,15.5,12.800000190734863,13.399999618530273,32840
2021-12-06,13.100000381469727,14.600000381469727,12.300000190734863,14.199999809265137,20520
2021-12-07,14.699999809265137,16.0,14.699999809265137,15.199999809265137,8380
2021-12-08,15.5,15.800000190734863,14.800000190734863,15.100000381469727,13810
2021-12-09,14.699999809265137,15.5,14.100000381469727,14.699999809265137,11530
2021-12-10,15.399999618530273,15.399999618530273,14.199999809265137,14.399999618530273,6070
2021-12-13,14.199999809265137,14.5,13.100000381469727,13.5,14090
2021-12-14,13.5,15.0,12.399999618530273,14.199999809265137,19220
2021-12-15,13.899999618530273,14.600000381469727,12.600000381469727,13.899999618530273,8950
2021-12-16,14.0,14.5,13.699999809265137,13.800000190734863,11250
2021-12-17,13.5,14.399999618530273,12.399999618530273,12.399999618530273,27990
2021-12-20,12.5,13.0,11.899999618530273,12.600000381469727,18790
2021-12-21,12.399999618530273,14.300000190734863,12.399999618530273,13.899999618530273,14150
2021-12-22,14.0,15.0,13.800000190734863,14.600000381469727,10030
2021-12-23,14.699999809265137,15.5,13.800000190734863,14.5,10410
2021-12-27,14.5,15.100000381469727,13.800000190734863,14.199999809265137,8110
2021-12-28,14.100000381469727,14.5,13.100000381469727,13.5,15270
2021-12-29,13.199999809265137,14.399999618530273,13.100000381469727,13.899999618530273,13990
2021-12-30,13.699999809265137,14.5,13.600000381469727,14.100000381469727,7110
2021-12-31,14.0,14.5,13.800000190734863,13.800000190734863,8980
2022-01-03,13.800000190734863,14.800000190734863,13.699999809265137,14.399999618530273,4010
2022-01-04,14.399999618530273,15.399999618530273,14.0,14.5,12430
2022-01-05,14.199999809265137,14.800000190734863,14.100000381469727,14.5,5090
2022-01-06,14.5,14.699999809265137,13.800000190734863,13.899999618530273,7730
2022-01-07,13.899999618530273,14.600000381469727,13.399999618530273,14.399999618530273,5670
2022-01-10,14.300000190734863,14.300000190734863,13.199999809265137,13.600000381469727,5610
2022-01-11,13.899999618530273,14.100000381469727,13.5,13.899999618530273,2270
2022-01-12,13.699999809265137,14.300000190734863,13.300000190734863,13.300000190734863,3520
2022-01-13,13.699999809265137,13.899999618530273,13.300000190734863,13.399999618530273,3260
2022-01-14,13.0,13.600000381469727,12.899999618530273,13.199999809265137,6710
2022-01-18,13.199999809265137,13.199999809265137,12.5,13.0,3930
2022-01-19,12.800000190734863,13.300000190734863,12.0,12.699999809265137,7860
2022-01-20,12.300000190734863,14.399999618530273,12.300000190734863,12.300000190734863,6570
2022-01-21,12.0,12.899999618530273,10.600000381469727,10.899999618530273,16160
2022-01-24,10.899999618530273,12.600000381469727,10.5,11.300000190734863,16500
2022-01-25,11.5,11.899999618530273,10.100000381469727,11.399999618530273,9270
2022-01-26,12.100000381469727,12.199999809265137,10.5,11.199999809265137,12660
2022-01-27,11.5,11.5,10.5,10.5,6040
2022-01-28,10.5,11.5,10.0,11.199999809265137,7790
2022-01-31,11.199999809265137,13.0,10.5,12.300000190734863,4790
2022-02-01,12.300000190734863,13.0,11.899999618530273,12.5,5700
2022-02-02,12.600000381469727,12.899999618530273,12.5,12.699999809265137,830
2022-02-03,12.399999618530273,12.699999809265137,11.199999809265137,12.199999809265137,6060
2022-02-04,12.300000190734863,12.899999618530273,11.0,11.800000190734863,9440
2022-02-07,12.5,12.5,11.800000190734863,12.199999809265137,1140
2022-02-08,11.899999618530273,12.0,11.399999618530273,11.600000381469727,2040
2022-02-09,12.399999618530273,12.399999618530273,11.399999618530273,11.699999809265137,3450
2022-02-10,11.300000190734863,12.100000381469727,11.300000190734863,11.399999618530273,2430
2022-02-11,11.600000381469727,11.899999618530273,11.100000381469727,11.399999618530273,4120
2022-02-14,11.600000381469727,11.899999618530273,11.100000381469727,11.399999618530273,1210
2022-02-15,11.899999618530273,12.100000381469727,11.600000381469727,11.899999618530273,8510
2022-02-16,11.600000381469727,12.300000190734863,11.600000381469727,11.800000190734863,3530
2022-02-17,12.199999809265137,12.600000381469727,11.5,11.899999618530273,4510
2022-02-18,11.5,12.100000381469727,11.399999618530273,12.0,5940
2022-02-22,11.800000190734863,11.800000190734863,10.600000381469727,10.600000381469727,8230
2022-02-23,11.100000381469727,11.600000381469727,10.5,10.600000381469727,2420
2022-02-24,11.699999809265137,11.699999809265137,10.699999809265137,11.300000190734863,60120
2022-02-25,11.5,12.399999618530273,11.399999618530273,11.899999618530273,20990
2022-02-28,12.399999618530273,12.899999618530273,12.0,12.699999809265137,15030
2022-03-01,12.899999618530273,12.899999618530273,12.0,12.5,7540
2022-03-02,12.699999809265137,14.100000381469727,12.399999618530273,13.600000381469727,15890
2022-03-03,13.600000381469727,14.100000381469727,12.899999618530273,13.5,5080
2022-03-04,13.100000381469727,14.199999809265137,12.600000381469727,13.699999809265137,6270
2022-03-07,14.199999809265137,14.699999809265137,12.699999809265137,13.399999618530273,9180
2022-03-08,13.699999809265137,14.100000381469727,12.300000190734863,12.800000190734863,18200
2022-03-09,13.100000381469727,14.100000381469727,12.600000381469727,13.899999618530273,7550
2022-03-10,14.0,15.699999809265137,13.100000381469727,15.399999618530273,12170
2022-03-11,15.800000190734863,15.800000190734863,14.0,14.5,7760
2022-03-14,14.300000190734863,14.300000190734863,12.300000190734863,12.600000381469727,8590
2022-03-15,13.0,13.0,12.300000190734863,12.600000381469727,1830
2022-03-16,12.600000381469727,12.899999618530273,12.0,12.600000381469727,4010
2022-03-17,12.800000190734863,14.300000190734863,12.600000381469727,14.300000190734863,3600
2022-03-18,14.699999809265137,14.699999809265137,13.300000190734863,13.800000190734863,6150
2022-03-21,13.899999618530273,13.899999618530273,12.899999618530273,13.399999618530273,4660
2022-03-22,13.399999618530273,14.300000190734863,13.300000190734863,14.300000190734863,1930
2022-03-23,14.100000381469727,14.300000190734863,13.199999809265137,14.300000190734863,3870
2022-03-24,14.300000190734863,15.399999618530273,14.0,14.399999618530273,6690
2022-03-25,14.300000190734863,16.0,14.100000381469727,15.300000190734863,9100
2022-03-28,15.100000381469727,15.399999618530273,14.600000381469727,15.0,3870
2022-03-29,16.0,17.399999618530273,15.899999618530273,16.600000381469727,29340
2022-03-30,16.899999618530273,17.5,16.100000381469727,16.700000762939453,7890
2022-03-31,16.700000762939453,17.799999237060547,16.0,16.299999237060547,4320
2022-04-01,16.399999618530273,17.0,16.0,16.5,4650
2022-04-04,17.700000762939453,17.700000762939453,15.800000190734863,17.399999618530273,14760
2022-04-05,17.5,17.600000381469727,16.0,16.5,8450
2022-04-06,15.800000190734863,16.799999237060547,15.5,16.200000762939453,6420
2022-04-07,16.0,16.100000381469727,15.0,15.0,15500
2022-04-08,15.300000190734863,16.799999237060547,13.800000190734863,14.5,7660
2022-04-11,14.0,14.199999809265137,13.0,13.300000190734863,4950
2022-04-12,13.100000381469727,14.0,13.100000381469727,13.100000381469727,2670
2022-04-13,13.300000190734863,14.0,13.199999809265137,13.800000190734863,3290
2022-04-14,13.600000381469727,15.0,13.600000381469727,14.300000190734863,4060
2022-04-18,14.100000381469727,14.699999809265137,13.0,13.600000381469727,5770
2022-04-19,13.100000381469727,13.699999809265137,13.0,13.699999809265137,2690
2022-04-20,13.699999809265137,14.0,13.5,13.800000190734863,910
2022-04-21,13.899999618530273,14.300000190734863,13.699999809265137,13.899999618530273,2980
2022-04-22,13.5,14.100000381469727,12.600000381469727,12.800000190734863,2570
2022-04-25,12.5,13.100000381469727,12.5,12.699999809265137,1600
2022-04-26,12.300000190734863,12.5,11.800000190734863,11.899999618530273,4620
2022-04-27,11.800000190734863,13.100000381469727,11.800000190734863,12.600000381469727,2410
2022-04-28,12.600000381469727,13.600000381469727,12.300000190734863,13.0,3480
2022-04-29,13.199999809265137,13.5,12.699999809265137,13.100000381469727,2220
2022-05-02,13.5,13.5,13.300000190734863,13.300000190734863,2170
2022-05-03,13.800000190734863,13.800000190734863,12.699999809265137,13.0,1890
2022-05-04,12.800000190734863,14.199999809265137,12.600000381469727,14.100000381469727,2770
2022-05-05,13.5,14.300000190734863,13.399999618530273,13.899999618530273,1010
2022-05-06,13.600000381469727,14.199999809265137,13.5,14.0,1490
2022-05-09,13.5,14.0,12.0,12.199999809265137,6550
2022-05-10,12.899999618530273,13.699999809265137,10.899999618530273,12.100000381469727,7610
2022-05-11,12.0,12.5,11.899999618530273,12.199999809265137,4950
2022-05-12,11.699999809265137,12.600000381469727,11.5,12.399999618530273,5980
2022-05-13,12.399999618530273,13.0,12.0,12.300000190734863,4060
2022-05-16,12.399999618530273,12.800000190734863,12.300000190734863,12.300000190734863,450
2022-05-17,12.0,12.699999809265137,12.0,12.100000381469727,1860
2022-05-18,12.699999809265137,13.0,11.699999809265137,11.800000190734863,2900
2022-05-19,11.5,12.600000381469727,11.5,12.100000381469727,800
2022-05-20,12.0,12.100000381469727,11.100000381469727,11.600000381469727,3910
2022-05-23,11.5,12.300000190734863,11.5,11.800000190734863,3250
2022-05-24,11.699999809265137,12.300000190734863,11.600000381469727,11.899999618530273,3190
2022-05-25,11.899999618530273,12.800000190734863,11.899999618530273,12.399999618530273,1450
2022-05-26,13.399999618530273,13.800000190734863,12.5,13.100000381469727,7880
2022-05-27,11.100000381469727,14.199999809265137,11.100000381469727,12.5,25170
2022-05-31,12.0,13.300000190734863,11.899999618530273,12.300000190734863,5600
2022-06-01,12.699999809265137,14.199999809265137,12.100000381469727,12.300000190734863,6770
2022-06-02,13.0,13.300000190734863,11.5,12.399999618530273,7030
2022-06-03,13.300000190734863,14.0,12.699999809265137,13.5,13540
2022-06-06,12.399999618530273,13.5,12.399999618530273,12.899999618530273,6970
2022-06-07,13.0,13.100000381469727,12.0,12.600000381469727,6710
2022-06-08,12.600000381469727,13.300000190734863,12.5,13.199999809265137,2630
2022-06-09,13.199999809265137,13.199999809265137,11.699999809265137,11.899999618530273,5420
2022-06-10,12.100000381469727,12.899999618530273,12.100000381469727,12.399999618530273,2540
2022-06-13,11.5,12.0,11.199999809265137,11.199999809265137,6490
2022-06-14,11.199999809265137,11.5,10.0,11.199999809265137,22610
2022-06-15,11.0,11.5,10.899999618530273,11.0,940
2022-06-16,10.899999618530273,11.100000381469727,10.199999809265137,10.5,14520
2022-06-17,10.800000190734863,12.199999809265137,10.800000190734863,11.399999618530273,4750
2022-06-21,11.300000190734863,12.899999618530273,10.899999618530273,12.199999809265137,5410
2022-06-22,12.199999809265137,12.899999618530273,11.100000381469727,11.600000381469727,3510
2022-06-23,11.899999618530273,12.699999809265137,11.199999809265137,11.399999618530273,7510
2022-06-24,10.899999618530273,11.800000190734863,10.899999618530273,11.699999809265137,440
2022-06-27,11.899999618530273,12.899999618530273,11.600000381469727,12.399999618530273,5820
2022-06-28,12.300000190734863,13.199999809265137,12.100000381469727,12.300000190734863,2880
2022-06-29,11.899999618530273,12.0,10.5,11.800000190734863,4820
2022-06-30,11.600000381469727,12.300000190734863,11.100000381469727,12.100000381469727,3420
2022-07-01,13.0,13.0,12.399999618530273,12.600000381469727,530
2022-07-05,12.899999618530273,12.899999618530273,11.600000381469727,12.0,4640
2022-07-06,12.5,13.0,12.0,12.0,480
2022-07-07,11.5,12.399999618530273,11.199999809265137,12.100000381469727,5980
2022-07-08,12.300000190734863,12.300000190734863,11.600000381469727,11.800000190734863,1230
2022-07-11,11.399999618530273,12.199999809265137,11.399999618530273,11.800000190734863,440
2022-07-12,12.0,12.199999809265137,11.600000381469727,11.600000381469727,3520
2022-07-13,12.199999809265137,13.399999618530273,11.399999618530273,11.800000190734863,19260
2022-07-14,11.600000381469727,12.5,11.600000381469727,11.800000190734863,2330
2022-07-15,12.0,12.100000381469727,11.399999618530273,11.600000381469727,3210
2022-07-18,11.800000190734863,13.0,11.5,11.800000190734863,3510
2022-07-19,11.5,12.0,11.0,11.600000381469727,9090
2022-07-20,12.0,12.100000381469727,11.300000190734863,11.600000381469727,8860
2022-07-21,11.5,12.0,11.199999809265137,11.899999618530273,1430
2022-07-22,11.899999618530273,11.899999618530273,10.899999618530273,11.100000381469727,4980
2022-07-25,11.199999809265137,11.899999618530273,11.0,11.300000190734863,1950
2022-07-26,10.899999618530273,11.0,10.5,10.5,3710
2022-07-27,11.5,11.5,10.300000190734863,10.300000190734863,6410
2022-07-28,10.199999809265137,10.899999618530273,9.800000190734863,10.199999809265137,12120
2022-07-29,10.5,10.5,9.899999618530273,10.0,15650
2022-08-01,10.199999809265137,10.600000381469727,10.199999809265137,10.5,4240
2022-08-02,10.800000190734863,11.399999618530273,10.5,11.399999618530273,3870
2022-08-03,11.199999809265137,11.5,10.399999618530273,10.699999809265137,5530
2022-08-04,10.600000381469727,11.100000381469727,10.399999618530273,11.0,2450
2022-08-05,11.100000381469727,11.5,10.800000190734863,11.0,2260
2022-08-08,11.399999618530273,11.5,10.5,11.100000381469727,4420
2022-08-09,10.800000190734863,11.100000381469727,10.399999618530273,10.899999618530273,3380
2022-08-10,10.899999618530273,11.100000381469727,10.800000190734863,11.100000381469727,2480
2022-08-11,11.100000381469727,11.5,11.0,11.199999809265137,2220
2022-08-12,11.5,11.600000381469727,11.399999618530273,11.5,2100
2022-08-15,11.600000381469727,11.800000190734863,11.399999618530273,11.399999618530273,1500
2022-08-16,11.5,11.5,9.100000381469727,9.399999618530273,19710
2022-08-17,9.899999618530273,10.100000381469727,8.199999809265137,9.5,10870
2022-08-18,9.600000381469727,9.899999618530273,9.399999618530273,9.399999618530273,1670
2022-08-19,9.399999618530273,9.899999618530273,9.199999809265137,9.699999809265137,3880
2022-08-22,9.399999618530273,9.699999809265137,8.399999618530273,9.600000381469727,15420
2022-08-23,9.800000190734863,9.800000190734863,8.899999618530273,9.300000190734863,3370
2022-08-24,9.5,10.100000381469727,8.399999618530273,8.5,7480
2022-08-25,9.600000381469727,9.699999809265137,9.100000381469727,9.5,2110
2022-08-26,9.600000381469727,9.899999618530273,9.5,9.5,5020
2022-08-29,9.899999618530273,9.899999618530273,9.300000190734863,9.5,2980
2022-08-30,9.600000381469727,10.0,9.5,9.5,4830
2022-08-31,9.800000190734863,10.0,9.600000381469727,9.899999618530273,880
2022-09-01,10.0,10.800000190734863,9.699999809265137,10.600000381469727,3430
2022-09-02,10.800000190734863,11.5,10.100000381469727,10.300000190734863,3500
2022-09-06,10.699999809265137,11.300000190734863,10.100000381469727,10.600000381469727,3830
2022-09-07,11.399999618530273,11.399999618530273,10.800000190734863,11.399999618530273,3140
2022-09-08,11.399999618530273,12.0,10.300000190734863,11.800000190734863,6660
2022-09-09,11.399999618530273,12.5,11.399999618530273,12.300000190734863,3860
2022-09-12,12.5,12.5,11.600000381469727,11.800000190734863,3510
2022-09-13,11.800000190734863,12.399999618530273,11.699999809265137,12.0,3170
2022-09-14,11.899999618530273,12.5,11.800000190734863,12.300000190734863,3150
2022-09-15,12.0,13.0,12.0,12.5,4090
2022-09-16,12.699999809265137,12.699999809265137,9.5,9.5,11870
2022-09-19,10.199999809265137,10.699999809265137,10.0,10.199999809265137,8100
2022-09-20,9.899999618530273,10.5,9.199999809265137,9.600000381469727,7760
2022-09-21,10.0,10.399999618530273,9.699999809265137,9.699999809265137,1340
2022-09-22,9.100000381469727,11.100000381469727,9.100000381469727,9.100000381469727,4130
2022-09-23,9.5,9.5,9.0,9.300000190734863,5030
2022-09-26,9.0,9.5,8.600000381469727,8.899999618530273,1630
2022-09-27,9.899999618530273,9.899999618530273,9.0,9.5,2300
2022-09-28,9.899999618530273,9.899999618530273,9.300000190734863,9.300000190734863,1870
2022-09-29,9.399999618530273,9.5,8.5,8.699999809265137,5190
2022-09-30,8.899999618530273,9.600000381469727,8.899999618530273,9.199999809265137,4770
2022-10-03,9.600000381469727,9.800000190734863,8.600000381469727,9.5,5300
2022-10-04,9.800000190734863,9.800000190734863,9.0,9.399999618530273,4960
2022-10-05,9.399999618530273,9.800000190734863,7.699999809265137,8.399999618530273,11650
2022-10-06,8.199999809265137,8.600000381469727,7.900000095367432,8.0,9220
2022-10-07,8.300000190734863,8.300000190734863,7.900000095367432,8.100000381469727,3980
2022-10-10,8.0,8.600000381469727,7.800000190734863,8.0,1600
2022-10-11,8.399999618530273,8.399999618530273,7.599999904632568,7.800000190734863,2180
2022-10-12,7.5,8.100000381469727,7.5,7.699999809265137,3540
2022-10-13,8.0,8.100000381469727,7.5,7.800000190734863,2990
2022-10-14,7.900000095367432,8.100000381469727,7.5,7.900000095367432,2370
2022-10-17,7.5,8.100000381469727,7.0,7.5,10110
2022-10-18,7.699999809265137,7.800000190734863,7.5,7.599999904632568,1160
2022-10-19,7.900000095367432,8.0,7.199999809265137,7.599999904632568,2000
2022-10-20,7.800000190734863,7.800000190734863,7.199999809265137,7.599999904632568,2960
2022-10-21,7.300000190734863,7.400000095367432,7.199999809265137,7.199999809265137,3580
2022-10-24,7.300000190734863,7.699999809265137,7.0,7.199999809265137,6490
2022-10-25,7.5,7.5,7.0,7.0,3060
2022-10-26,7.099999904632568,7.699999809265137,7.099999904632568,7.199999809265137,3090
2022-10-27,7.099999904632568,8.100000381469727,7.0,7.900000095367432,2290
2022-10-28,7.300000190734863,8.100000381469727,7.199999809265137,7.900000095367432,3460
2022-10-31,7.900000095367432,8.699999809265137,7.599999904632568,8.300000190734863,11920
2022-11-01,8.0,8.0,7.699999809265137,7.800000190734863,940
2022-11-02,8.100000381469727,8.100000381469727,7.800000190734863,7.800000190734863,1310
2022-11-03,8.199999809265137,8.199999809265137,7.5,7.599999904632568,780
2022-11-04,7.699999809265137,7.800000190734863,7.0,7.0,7300
2022-11-07,7.400000095367432,7.400000095367432,6.0,6.800000190734863,3690
2022-11-08,6.800000190734863,7.400000095367432,6.099999904632568,7.0,6800
2022-11-09,7.0,7.0,5.599999904632568,6.400000095367432,4730
2022-11-10,7.0,7.099999904632568,6.699999809265137,6.800000190734863,3450
2022-11-11,6.599999904632568,7.199999809265137,6.0,6.5,4550
2022-11-14,6.800000190734863,7.0,6.5,6.800000190734863,3070
2022-11-15,7.0,7.0,6.5,6.800000190734863,2330
2022-11-16,7.0,7.0,6.0,6.400000095367432,1980
2022-11-17,6.5,6.699999809265137,6.0,6.599999904632568,4930
2022-11-18,7.5,7.5,6.699999809265137,6.699999809265137,9150
2022-11-21,6.199999809265137,7.0,6.199999809265137,6.599999904632568,3970
2022-11-22,6.5,7.400000095367432,6.5,7.300000190734863,3130
2022-11-23,6.699999809265137,7.400000095367432,6.099999904632568,6.5,1840
2022-11-25,6.599999904632568,6.900000095367432,6.400000095367432,6.699999809265137,210
2022-11-28,6.5,6.900000095367432,6.300000190734863,6.900000095367432,2890
2022-11-29,6.599999904632568,6.900000095367432,6.599999904632568,6.900000095367432,240
2022-11-30,6.900000095367432,7.5,6.300000190734863,6.900000095367432,12720
2022-12-01,6.599999904632568,9.0,6.599999904632568,8.300000190734863,6390
2022-12-02,7.5,8.0,6.5,7.0,19260
2022-12-05,7.0,7.5,6.5,6.5,4150
2022-12-06,6.699999809265137,6.900000095367432,5.5,5.900000095367432,13770
2022-12-07,5.800000190734863,6.199999809265137,5.400000095367432,5.900000095367432,11390
2022-12-08,5.599999904632568,5.800000190734863,5.099999904632568,5.599999904632568,9040
2022-12-09,5.5,6.0,5.300000190734863,5.800000190734863,3370
2022-12-12,5.400000095367432,5.800000190734863,5.400000095367432,5.800000190734863,2760
2022-12-13,5.599999904632568,7.5,5.599999904632568,6.5,21390
2022-12-14,6.900000095367432,7.599999904632568,6.0,6.900000095367432,13030
2022-12-15,6.800000190734863,7.5,6.199999809265137,6.699999809265137,7090
2022-12-16,7.5,7.5,5.900000095367432,5.900000095367432,8190
2022-12-19,6.099999904632568,7.0,5.400000095367432,5.699999809265137,15010
2022-12-20,5.900000095367432,6.199999809265137,5.300000190734863,5.800000190734863,6070
2022-12-21,5.900000095367432,6.0,5.400000095367432,5.699999809265137,6390
2022-12-22,5.900000095367432,6.199999809265137,5.5,6.099999904632568,5660
2022-12-23,6.199999809265137,6.900000095367432,6.099999904632568,6.400000095367432,7700
2022-12-27,6.400000095367432,6.5,5.199999809265137,5.400000095367432,18490
2022-12-28,5.199999809265137,5.699999809265137,5.199999809265137,5.699999809265137,9150
2022-12-29,5.900000095367432,6.0,5.300000190734863,5.699999809265137,6520
2022-12-30,5.5,5.699999809265137,5.0,5.400000095367432,21260
2023-01-03,5.5,5.599999904632568,5.0,5.300000190734863,2310
2023-01-04,5.199999809265137,5.5,5.199999809265137,5.300000190734863,3540
2023-01-05,5.099999904632568,5.400000095367432,5.099999904632568,5.400000095367432,3360
2023-01-06,5.199999809265137,5.599999904632568,5.099999904632568,5.599999904632568,6450
2023-01-09,5.300000190734863,5.599999904632568,5.300000190734863,5.5,2610
2023-01-10,5.599999904632568,6.300000190734863,5.400000095367432,6.0,4440
2023-01-11,6.199999809265137,7.5,5.699999809265137,7.199999809265137,6660
2023-01-12,7.0,7.0,6.300000190734863,6.800000190734863,2710
2023-01-13,6.699999809265137,7.0,6.099999904632568,6.800000190734863,4420
2023-01-17,6.5,7.199999809265137,6.5,7.199999809265137,2950
2023-01-18,7.199999809265137,7.800000190734863,7.0,7.199999809265137,3050
2023-01-19,7.599999904632568,7.599999904632568,7.0,7.400000095367432,2550
2023-01-20,7.699999809265137,7.699999809265137,6.800000190734863,6.900000095367432,1680
2023-01-23,7.099999904632568,7.599999904632568,6.5,7.300000190734863,4010
2023-01-24,7.5,7.699999809265137,7.0,7.699999809265137,2570
2023-01-25,7.400000095367432,7.400000095367432,7.199999809265137,7.199999809265137,530
2023-01-26,6.900000095367432,7.400000095367432,6.5,7.300000190734863,2570
2023-01-27,7.300000190734863,7.300000190734863,7.0,7.300000190734863,1650
2023-01-30,7.400000095367432,7.5,6.5,7.300000190734863,1470
2023-01-31,7.099999904632568,7.5,6.800000190734863,7.400000095367432,1850
2023-02-01,7.400000095367432,7.800000190734863,7.400000095367432,7.5,2400
2023-02-02,7.900000095367432,8.0,7.599999904632568,7.900000095367432,4960
2023-02-03,7.900000095367432,8.600000381469727,7.900000095367432,8.300000190734863,5070
2023-02-06,8.0,8.5,7.900000095367432,8.5,1600
2023-02-07,8.5,8.5,7.900000095367432,7.900000095367432,910
2023-02-08,7.599999904632568,8.399999618530273,7.599999904632568,7.599999904632568,3480
2023-02-09,8.0,8.600000381469727,7.400000095367432,7.699999809265137,720
2023-02-10,8.0,8.0,7.599999904632568,7.599999904632568,660
2023-02-13,8.0,8.100000381469727,7.0,8.0,1680
2023-02-14,8.100000381469727,8.199999809265137,7.300000190734863,7.599999904632568,3530
2023-02-15,7.699999809265137,8.0,7.699999809265137,7.699999809265137,2680
2023-02-16,8.0,8.199999809265137,7.800000190734863,8.0,4240
2023-02-17,8.0,8.800000190734863,8.0,8.5,2050
2023-02-21,8.699999809265137,8.699999809265137,8.0,8.0,4330
2023-02-22,8.199999809265137,8.800000190734863,8.100000381469727,8.100000381469727,590
2023-02-23,8.5,8.5,8.100000381469727,8.5,4680
2023-02-24,8.100000381469727,8.5,8.100000381469727,8.199999809265137,1700
2023-02-27,8.300000190734863,8.399999618530273,8.300000190734863,8.300000190734863,1610
2023-02-28,8.5,8.5,8.100000381469727,8.100000381469727,2310
2023-03-01,8.399999618530273,8.399999618530273,8.0,8.100000381469727,1770
2023-03-02,8.100000381469727,8.199999809265137,8.0,8.199999809265137,750
2023-03-03,8.100000381469727,8.300000190734863,8.100000381469727,8.199999809265137,1130
2023-03-06,8.100000381469727,8.399999618530273,8.100000381469727,8.300000190734863,1520
2023-03-07,8.100000381469727,8.399999618530273,7.900000095367432,8.0,1870
2023-03-08,8.0,8.0,7.900000095367432,7.900000095367432,460
2023-03-09,7.900000095367432,8.100000381469727,7.900000095367432,7.900000095367432,1250
2023-03-10,7.900000095367432,8.399999618530273,6.599999904632568,7.800000190734863,10190
2023-03-13,7.699999809265137,8.300000190734863,7.599999904632568,8.100000381469727,2550
2023-03-14,7.599999904632568,8.5,7.599999904632568,8.0,3790
2023-03-15,7.599999904632568,8.399999618530273,7.599999904632568,7.599999904632568,1200
2023-03-16,7.599999904632568,8.199999809265137,7.599999904632568,7.900000095367432,1980
2023-03-17,8.0,8.5,7.699999809265137,8.0,2030
2023-03-20,7.900000095367432,8.399999618530273,7.900000095367432,8.0,4020
2023-03-21,8.399999618530273,8.399999618530273,8.0,8.0,920
2023-03-22,8.399999618530273,8.5,7.699999809265137,7.699999809265137,4990
2023-03-23,7.900000095367432,8.100000381469727,7.699999809265137,8.100000381469727,1040
2023-03-24,8.399999618530273,8.399999618530273,8.0,8.300000190734863,1030
2023-03-27,8.300000190734863,8.300000190734863,8.100000381469727,8.199999809265137,540
2023-03-28,7.800000190734863,8.399999618530273,7.800000190734863,8.399999618530273,3130
2023-03-29,8.300000190734863,8.800000190734863,8.300000190734863,8.399999618530273,2320
2023-03-30,8.5,8.5,8.0,8.399999618530273,3870
2023-03-31,8.300000190734863,8.600000381469727,6.199999809265137,8.0,7670
2023-04-03,8.0,8.300000190734863,7.900000095367432,7.900000095367432,1020
2023-04-04,7.900000095367432,8.199999809265137,7.900000095367432,8.199999809265137,2220
2023-04-05,8.399999618530273,8.399999618530273,8.0,8.199999809265137,800
2023-04-06,8.100000381469727,9.0,7.900000095367432,9.0,9940
2023-04-10,9.0,10.800000190734863,9.0,10.600000381469727,16540
2023-04-11,10.600000381469727,11.100000381469727,9.199999809265137,9.199999809265137,17110
2023-04-12,9.899999618530273,9.899999618530273,9.5,9.899999618530273,2940
2023-04-13,9.800000190734863,10.199999809265137,9.5,9.5,4140
2023-04-14,9.600000381469727,9.899999618530273,9.5,9.699999809265137,670
2023-04-17,9.5,9.699999809265137,8.100000381469727,8.399999618530273,5660
2023-04-18,8.899999618530273,9.0,8.699999809265137,8.699999809265137,2890
2023-04-19,9.0,9.399999618530273,8.699999809265137,9.399999618530273,2590
2023-04-20,9.0,9.399999618530273,9.0,9.100000381469727,1060
2023-04-21,9.100000381469727,9.199999809265137,9.100000381469727,9.199999809265137,620
2023-04-24,9.0,10.0,9.0,9.699999809265137,3730
2023-04-25,9.300000190734863,9.899999618530273,9.300000190734863,9.899999618530273,920
2023-04-26,9.5,9.899999618530273,8.600000381469727,9.300000190734863,7360
2023-04-27,8.800000190734863,10.0,8.600000381469727,10.0,3260
2023-04-28,10.0,11.300000190734863,9.800000190734863,10.600000381469727,6150
2023-05-01,11.0,11.0,10.199999809265137,10.199999809265137,3400
2023-05-02,10.600000381469727,10.600000381469727,10.100000381469727,10.399999618530273,3320
2023-05-03,10.399999618530273,10.600000381469727,10.300000190734863,10.300000190734863,5650
2023-05-04,9.899999618530273,10.399999618530273,9.899999618530273,10.100000381469727,2020
2023-05-05,10.100000381469727,10.199999809265137,9.300000190734863,9.899999618530273,2460
2023-05-08,9.699999809265137,10.199999809265137,9.199999809265137,10.199999809265137,770
2023-05-09,9.300000190734863,10.300000190734863,9.300000190734863,9.899999618530273,2290
2023-05-10,9.600000381469727,10.100000381469727,9.600000381469727,10.0,1720
2023-05-11,10.0,10.899999618530273,10.0,10.300000190734863,4730
2023-05-12,10.699999809265137,11.0,10.399999618530273,10.899999618530273,6090
2023-05-15,11.0,12.0,10.699999809265137,12.0,2920
2023-05-16,12.0,13.199999809265137,12.0,13.199999809265137,9680
2023-05-17,14.199999809265137,14.5,13.0,13.5,5350
2023-05-18,13.899999618530273,14.0,13.300000190734863,13.5,11230
2023-05-19,14.0,17.5,13.5,14.5,32530
2023-05-22,15.600000381469727,16.200000762939453,14.100000381469727,14.399999618530273,9840
2023-05-23,14.600000381469727,14.600000381469727,12.300000190734863,14.399999618530273,6540
2023-05-24,13.800000190734863,14.899999618530273,13.5,14.100000381469727,4420
2023-05-25,13.699999809265137,16.399999618530273,13.699999809265137,15.600000381469727,22200
2023-05-26,15.899999618530273,15.899999618530273,14.600000381469727,15.0,3480
2023-05-30,14.699999809265137,17.5,14.699999809265137,16.299999237060547,13510
2023-05-31,16.5,17.5,14.300000190734863,15.300000190734863,11420
2023-06-01,14.699999809265137,16.100000381469727,14.699999809265137,15.5,7060
2023-06-02,15.5,15.5,15.0,15.199999809265137,3270
2023-06-05,14.800000190734863,15.699999809265137,14.0,14.0,6710
2023-06-06,14.5,14.5,12.600000381469727,12.699999809265137,8660
2023-06-07,13.100000381469727,14.5,12.100000381469727,12.800000190734863,18430
2023-06-08,13.300000190734863,14.0,12.5,13.600000381469727,9470
2023-06-09,13.800000190734863,15.0,12.100000381469727,12.100000381469727,19190
2023-06-12,11.899999618530273,13.199999809265137,11.899999618530273,13.0,6170
2023-06-13,13.0,14.0,11.399999618530273,11.5,14280
2023-06-14,12.0,12.300000190734863,11.800000190734863,12.100000381469727,4240
2023-06-15,12.300000190734863,13.0,11.800000190734863,12.300000190734863,2840
2023-06-16,12.399999618530273,14.699999809265137,12.199999809265137,14.5,19510
2023-06-20,14.100000381469727,14.300000190734863,14.100000381469727,14.100000381469727,2670
2023-06-21,14.5,14.5,13.199999809265137,13.800000190734863,3090
2023-06-22,13.5,13.800000190734863,12.899999618530273,13.199999809265137,2670
2023-06-23,13.199999809265137,13.5,13.0,13.5,3230
2023-06-26,13.399999618530273,13.699999809265137,12.899999618530273,13.699999809265137,2330
2023-06-27,13.300000190734863,13.399999618530273,12.5,13.0,4960
2023-06-28,12.899999618530273,12.899999618530273,12.0,12.399999618530273,5530
2023-06-29,12.5,12.899999618530273,12.0,12.600000381469727,1330
2023-06-30,12.800000190734863,13.100000381469727,12.600000381469727,13.100000381469727,1460
2023-07-03,13.0,14.0,13.0,13.600000381469727,3030
2023-07-05,14.100000381469727,14.199999809265137,13.5,14.0,6190
2023-07-06,14.399999618530273,14.399999618530273,13.600000381469727,14.0,1720
2023-07-07,13.800000190734863,14.199999809265137,13.0,13.899999618530273,2040
2023-07-10,13.600000381469727,14.199999809265137,13.399999618530273,13.699999809265137,10210
2023-07-11,13.800000190734863,15.100000381469727,13.600000381469727,14.600000381469727,7320
2023-07-12,14.199999809265137,14.5,13.5,13.899999618530273,3110
2023-07-13,13.399999618530273,14.300000190734863,13.399999618530273,13.899999618530273,1570
2023-07-14,13.699999809265137,14.399999618530273,13.5,13.600000381469727,2300
2023-07-17,13.600000381469727,14.100000381469727,12.699999809265137,13.300000190734863,7240
2023-07-18,12.899999618530273,14.0,12.899999618530273,14.0,1540
2023-07-19,14.0,14.100000381469727,13.399999618530273,13.699999809265137,2420
2023-07-20,14.0,14.100000381469727,13.100000381469727,13.300000190734863,2770
2023-07-21,13.699999809265137,14.0,13.100000381469727,13.5,2310
2023-07-24,13.800000190734863,13.800000190734863,12.5,12.5,6920
2023-07-25,13.0,13.0,12.600000381469727,12.600000381469727,1040
2023-07-26,12.600000381469727,12.800000190734863,12.0,12.5,2720
2023-07-27,12.399999618530273,12.699999809265137,12.300000190734863,12.600000381469727,1600
2023-07-28,12.5,13.600000381469727,12.5,13.199999809265137,8880
2023-07-31,13.600000381469727,13.600000381469727,12.800000190734863,13.100000381469727,1550
2023-08-01,13.300000190734863,13.800000190734863,12.699999809265137,12.800000190734863,4740
2023-08-02,13.100000381469727,13.100000381469727,12.100000381469727,12.5,2570
2023-08-03,12.699999809265137,12.699999809265137,12.300000190734863,12.5,1020
2023-08-04,12.399999618530273,12.399999618530273,10.399999618530273,11.100000381469727,6490
2023-08-07,11.300000190734863,12.199999809265137,11.0,11.600000381469727,4320
2023-08-08,11.600000381469727,12.5,10.0,10.800000190734863,13140
2023-08-09,11.300000190734863,11.300000190734863,10.199999809265137,10.600000381469727,6530
2023-08-10,11.0,11.0,10.100000381469727,10.5,5100
2023-08-11,10.5,10.600000381469727,10.399999618530273,10.399999618530273,3330
2023-08-14,10.100000381469727,10.600000381469727,10.0,10.0,4590
2023-08-15,10.300000190734863,10.300000190734863,9.5,9.800000190734863,9990
2023-08-16,9.699999809265137,9.699999809265137,9.0,9.600000381469727,1900
2023-08-17,9.800000190734863,10.0,9.0,10.0,7200
2023-08-18,10.0,10.199999809265137,9.699999809265137,10.100000381469727,1960
2023-08-21,10.199999809265137,10.899999618530273,10.0,10.0,3870
2023-08-22,10.0,10.0,9.0,9.600000381469727,4740
2023-08-23,9.600000381469727,9.800000190734863,9.300000190734863,9.800000190734863,330
2023-08-24,9.800000190734863,10.800000190734863,9.600000381469727,10.199999809265137,1220
2023-08-25,10.300000190734863,11.399999618530273,10.300000190734863,11.0,4820
2023-08-28,11.199999809265137,11.699999809265137,10.800000190734863,11.199999809265137,5640
2023-08-29,11.300000190734863,13.199999809265137,10.199999809265137,12.300000190734863,7930
2023-08-30,11.699999809265137,12.0,11.100000381469727,11.100000381469727,2130
2023-08-31,11.899999618530273,11.899999618530273,10.600000381469727,11.5,6530
2023-09-01,11.199999809265137,12.399999618530273,10.199999809265137,10.199999809265137,7750
2023-09-05,10.199999809265137,10.5,9.699999809265137,9.800000190734863,4200
2023-09-06,9.399999618530273,10.100000381469727,9.100000381469727,9.5,3600
2023-09-07,9.800000190734863,9.899999618530273,9.100000381469727,9.800000190734863,5820
2023-09-08,10.199999809265137,10.199999809265137,9.5,9.899999618530273,2110
2023-09-11,9.699999809265137,9.899999618530273,9.5,9.5,4800
2023-09-12,9.5,9.600000381469727,9.0,9.399999618530273,4430
2023-09-13,9.100000381469727,9.5,9.100000381469727,9.100000381469727,2570
2023-09-14,9.0,9.399999618530273,9.0,9.300000190734863,3290
2023-09-15,9.199999809265137,9.300000190734863,9.0,9.199999809265137,1110
2023-09-18,9.399999618530273,10.600000381469727,9.300000190734863,10.399999618530273,16100
2023-09-19,11.600000381469727,13.199999809265137,11.5,12.5,26250
2023-09-20,13.699999809265137,14.199999809265137,11.100000381469727,11.300000190734863,22640
2023-09-21,12.300000190734863,12.600000381469727,11.300000190734863,11.699999809265137,7400
2023-09-22,11.5,12.399999618530273,11.5,12.199999809265137,8150
2023-09-25,13.0,13.399999618530273,11.300000190734863,11.399999618530273,13520
2023-09-26,11.600000381469727,12.0,11.100000381469727,11.399999618530273,4860
2023-09-27,11.899999618530273,12.100000381469727,11.5,11.600000381469727,1970
2023-09-28,12.100000381469727,12.100000381469727,11.100000381469727,11.199999809265137,3730
2023-09-29,11.399999618530273,11.399999618530273,10.5,10.899999618530273,3370
2023-10-02,11.199999809265137,11.199999809265137,10.199999809265137,10.5,1510
2023-10-03,10.199999809265137,10.600000381469727,10.0,10.300000190734863,2680
2023-10-04,10.199999809265137,10.199999809265137,9.5,10.100000381469727,2190
2023-10-05,10.100000381469727,10.5,9.899999618530273,10.100000381469727,2550
2023-10-06,10.100000381469727,10.5,9.5,10.100000381469727,5020
2023-10-09,9.899999618530273,10.0,9.899999618530273,10.0,1090
2023-10-10,10.0,10.399999618530273,9.899999618530273,10.199999809265137,1580
2023-10-11,10.5,11.199999809265137,10.399999618530273,10.899999618530273,5810
2023-10-12,11.199999809265137,11.199999809265137,10.300000190734863,10.899999618530273,2420
2023-10-13,10.699999809265137,10.800000190734863,10.300000190734863,10.5,1540
2023-10-16,9.699999809265137,10.699999809265137,9.699999809265137,10.199999809265137,5360
2023-10-17,10.0,10.5,9.699999809265137,10.0,7940
2023-10-18,9.800000190734863,10.399999618530273,9.600000381469727,9.600000381469727,1590
2023-10-19,9.300000190734863,10.0,9.100000381469727,9.300000190734863,1980
2023-10-20,8.699999809265137,9.5,8.600000381469727,9.100000381469727,3190
2023-10-23,8.699999809265137,9.399999618530273,8.699999809265137,9.300000190734863,3270
2023-10-24,9.300000190734863,9.300000190734863,9.0,9.0,990
2023-10-25,9.0,9.0,8.600000381469727,8.699999809265137,1740
2023-10-26,8.399999618530273,9.0,8.399999618530273,8.600000381469727,3740
2023-10-27,8.600000381469727,8.699999809265137,7.5,8.300000190734863,9120
2023-10-30,8.100000381469727,8.600000381469727,7.5,8.100000381469727,7900
2023-10-31,8.199999809265137,8.300000190734863,8.100000381469727,8.199999809265137,1320
2023-11-01,8.100000381469727,8.600000381469727,7.800000190734863,8.300000190734863,2940
2023-11-02,8.600000381469727,9.300000190734863,7.900000095367432,9.100000381469727,3500
2023-11-03,8.800000190734863,9.199999809265137,7.699999809265137,9.0,4340
2023-11-06,9.0,9.300000190734863,8.600000381469727,9.100000381469727,1010
2023-11-07,9.5,10.0,9.199999809265137,9.699999809265137,3000
2023-11-08,9.899999618530273,10.5,9.300000190734863,10.399999618530273,3320
2023-11-09,10.100000381469727,10.800000190734863,9.5,9.899999618530273,6020
2023-11-10,9.699999809265137,9.699999809265137,8.0,8.600000381469727,2070
2023-11-13,9.0,9.300000190734863,8.199999809265137,8.600000381469727,3260
2023-11-14,8.300000190734863,9.399999618530273,8.300000190734863,9.0,5860
2023-11-15,7.5,9.0,7.5,8.399999618530273,4850
2023-11-16,8.699999809265137,8.899999618530273,7.599999904632568,8.100000381469727,7810
2023-11-17,8.5,8.5,8.100000381469727,8.300000190734863,2130
2023-11-20,8.300000190734863,10.0,8.300000190734863,9.199999809265137,22330
2023-11-21,10.199999809265137,11.0,9.800000190734863,9.800000190734863,21750
2023-11-22,10.0,11.5,10.0,11.100000381469727,19280
2023-11-24,12.100000381469727,14.199999809265137,11.600000381469727,13.199999809265137,31660
2023-11-27,14.600000381469727,17.200000762939453,13.899999618530273,15.0,76820
2023-11-28,15.899999618530273,16.100000381469727,12.399999618530273,13.800000190734863,32980
2023-11-29,14.600000381469727,15.199999809265137,11.100000381469727,12.399999618530273,24400
2023-11-30,12.300000190734863,12.399999618530273,11.100000381469727,12.399999618530273,11230
2023-12-01,11.899999618530273,12.899999618530273,11.0,11.699999809265137,12300
2023-12-04,11.5,12.100000381469727,11.100000381469727,11.5,6000
2023-12-05,11.0,11.600000381469727,11.0,11.199999809265137,6770
2023-12-06,11.300000190734863,11.5,10.800000190734863,11.0,7050
2023-12-07,10.5,10.800000190734863,10.399999618530273,10.5,3880
2023-12-08,10.5,10.800000190734863,10.199999809265137,10.199999809265137,2440
2023-12-11,10.199999809265137,12.600000381469727,10.199999809265137,11.899999618530273,16270
2023-12-12,13.300000190734863,13.300000190734863,11.0,11.300000190734863,10320
2023-12-13,12.100000381469727,12.5,11.600000381469727,11.600000381469727,8290
2023-12-14,12.199999809265137,14.0,10.100000381469727,13.100000381469727,36980
2023-12-15,12.800000190734863,14.199999809265137,11.800000190734863,11.899999618530273,20050
2023-12-18,12.600000381469727,13.100000381469727,11.800000190734863,12.100000381469727,12810
2023-12-19,12.0,13.5,12.0,12.800000190734863,9120
2023-12-20,13.5,13.5,11.199999809265137,11.800000190734863,14420
2023-12-21,12.0,12.199999809265137,11.100000381469727,12.0,9350
2023-12-22,11.699999809265137,12.399999618530273,11.199999809265137,12.100000381469727,8190
2023-12-26,12.300000190734863,12.300000190734863,11.0,11.5,8100
2023-12-27,11.600000381469727,11.899999618530273,11.199999809265137,11.300000190734863,2890
2023-12-28,11.5,11.5,11.0,11.199999809265137,16650
2023-12-29,11.300000190734863,11.300000190734863,10.600000381469727,11.100000381469727,38720
2024-01-02,11.199999809265137,11.300000190734863,10.300000190734863,10.699999809265137,5970
2024-01-03,11.0,11.199999809265137,10.399999618530273,11.0,4420
2024-01-04,11.199999809265137,11.199999809265137,10.699999809265137,11.199999809265137,4380
2024-01-05,11.600000381469727,12.5,10.5,11.100000381469727,25240
2024-01-08,11.699999809265137,11.699999809265137,10.5,11.199999809265137,7860
2024-01-09,10.899999618530273,11.300000190734863,10.600000381469727,10.899999618530273,2120
2024-01-10,10.600000381469727,11.100000381469727,10.5,11.100000381469727,1540
2024-01-11,10.699999809265137,11.0,10.600000381469727,10.899999618530273,2880
2024-01-12,11.5,11.600000381469727,10.5,11.399999618530273,4360
2024-01-16,11.699999809265137,11.899999618530273,11.100000381469727,11.100000381469727,6450
2024-01-17,11.100000381469727,11.399999618530273,10.699999809265137,11.0,6360
2024-01-18,11.399999618530273,11.399999618530273,10.300000190734863,10.300000190734863,6270
2024-01-19,10.300000190734863,11.5,10.199999809265137,10.399999618530273,5980
2024-01-22,10.199999809265137,10.899999618530273,10.100000381469727,10.600000381469727,3540
2024-01-23,10.800000190734863,11.300000190734863,10.600000381469727,11.100000381469727,2960
2024-01-24,10.899999618530273,11.300000190734863,10.899999618530273,11.199999809265137,2100
2024-01-25,11.300000190734863,11.300000190734863,10.600000381469727,11.100000381469727,5650
2024-01-26,10.300000190734863,11.199999809265137,10.199999809265137,10.800000190734863,2930
2024-01-29,10.800000190734863,11.100000381469727,10.399999618530273,10.899999618530273,3710
2024-01-30,10.399999618530273,11.100000381469727,10.300000190734863,10.399999618530273,6040
2024-01-31,10.300000190734863,10.300000190734863,9.5,9.899999618530273,13150
2024-02-01,9.899999618530273,10.399999618530273,9.699999809265137,10.300000190734863,3650
2024-02-02,10.199999809265137,10.300000190734863,9.800000190734863,10.100000381469727,2090
2024-02-05,10.100000381469727,10.199999809265137,9.899999618530273,10.0,1770
2024-02-06,10.100000381469727,10.199999809265137,9.699999809265137,10.0,2780
2024-02-07,10.0,11.0,9.800000190734863,10.5,6340
2024-02-08,10.800000190734863,10.800000190734863,9.199999809265137,9.5,29090
2024-02-09,10.100000381469727,10.100000381469727,9.300000190734863,10.100000381469727,16090
2024-02-12,10.100000381469727,10.399999618530273,10.0,10.0,3930
2024-02-13,10.0,10.0,9.399999618530273,9.600000381469727,6030
2024-02-14,10.100000381469727,10.600000381469727,9.699999809265137,10.100000381469727,5740
2024-02-15,10.100000381469727,10.100000381469727,10.0,10.0,1910
2024-02-16,9.800000190734863,10.100000381469727,9.800000190734863,9.899999618530273,3310
2024-02-20,10.100000381469727,10.5,10.0,10.100000381469727,8570
2024-02-21,10.199999809265137,10.5,9.800000190734863,10.0,4620
2024-02-22,10.300000190734863,10.600000381469727,9.899999618530273,10.5,7750
2024-02-23,10.300000190734863,11.5,10.100000381469727,11.399999618530273,6600
2024-02-26,11.199999809265137,12.699999809265137,10.5,11.5,24090
2024-02-27,11.899999618530273,11.899999618530273,11.199999809265137,11.5,3150
2024-02-28,11.699999809265137,12.399999618530273,11.699999809265137,11.699999809265137,4590
2024-02-29,12.300000190734863,13.199999809265137,11.899999618530273,12.800000190734863,9370
2024-03-01,13.0,13.199999809265137,11.699999809265137,11.899999618530273,6190
2024-03-04,11.899999618530273,12.699999809265137,11.899999618530273,12.5,4760
2024-03-05,12.5,12.600000381469727,12.100000381469727,12.399999618530273,1540
2024-03-06,12.800000190734863,12.899999618530273,12.0,12.0,1590
2024-03-07,12.100000381469727,12.199999809265137,11.199999809265137,11.300000190734863,5450
2024-03-08,11.600000381469727,12.300000190734863,11.300000190734863,11.699999809265137,5990
2024-03-11,11.699999809265137,11.699999809265137,10.699999809265137,10.800000190734863,4960
2024-03-12,10.800000190734863,11.399999618530273,10.800000190734863,10.800000190734863,5470
2024-03-13,10.800000190734863,10.899999618530273,10.199999809265137,10.300000190734863,3050
2024-03-14,10.300000190734863,10.800000190734863,9.0,9.699999809265137,20400
2024-03-15,9.600000381469727,10.399999618530273,9.600000381469727,9.800000190734863,6190
2024-03-18,9.899999618530273,10.5,9.199999809265137,10.0,7890
2024-03-19,10.399999618530273,10.899999618530273,9.899999618530273,10.399999618530273,5040
2024-03-20,10.699999809265137,10.800000190734863,9.100000381469727,9.800000190734863,6460
2024-03-21,9.5,10.199999809265137,9.5,9.699999809265137,3020
2024-03-22,10.100000381469727,10.100000381469727,9.5,9.899999618530273,2220
2024-03-25,9.899999618530273,10.199999809265137,9.699999809265137,10.100000381469727,3280
2024-03-26,9.899999618530273,10.100000381469727,9.300000190734863,9.300000190734863,1500
2024-03-27,9.300000190734863,9.800000190734863,9.300000190734863,9.600000381469727,1730
2024-03-28,9.899999618530273,10.100000381469727,9.600000381469727,9.699999809265137,6270
2024-04-01,9.800000190734863,10.0,9.600000381469727,9.600000381469727,1660
2024-04-02,9.600000381469727,10.100000381469727,9.600000381469727,9.899999618530273,4830
2024-04-03,10.0,10.0,9.899999618530273,10.0,2030
2024-04-04,9.899999618530273,10.100000381469727,9.899999618530273,9.899999618530273,5670
2024-04-05,9.899999618530273,10.300000190734863,9.800000190734863,9.899999618530273,4750
2024-04-08,9.800000190734863,10.100000381469727,9.600000381469727,9.600000381469727,2470
2024-04-09,10.100000381469727,10.199999809265137,9.699999809265137,9.899999618530273,4990
2024-04-10,9.699999809265137,9.899999618530273,9.5,9.600000381469727,2370
2024-04-11,9.699999809265137,9.899999618530273,9.5,9.800000190734863,1760
2024-04-12,9.800000190734863,9.800000190734863,9.5,9.5,940
2024-04-15,9.5,9.800000190734863,7.5,8.800000190734863,14630
2024-04-16,8.899999618530273,9.100000381469727,8.0,8.899999618530273,4050
2024-04-17,9.300000190734863,9.300000190734863,8.600000381469727,8.699999809265137,1550
2024-04-18,9.100000381469727,9.100000381469727,8.5,8.600000381469727,1140
2024-04-19,9.0,9.600000381469727,9.0,9.100000381469727,6280
2024-04-22,9.0,9.100000381469727,8.0,8.199999809265137,9240
2024-04-23,8.199999809265137,9.699999809265137,8.199999809265137,8.699999809265137,12710
2024-04-24,9.100000381469727,9.699999809265137,7.599999904632568,7.900000095367432,15620
2024-04-25,9.5,9.5,8.0,8.100000381469727,18870
2024-04-26,8.5,8.5,7.400000095367432,7.400000095367432,23280
2024-04-29,7.699999809265137,8.300000190734863,7.400000095367432,8.100000381469727,15320
2024-04-30,8.199999809265137,8.899999618530273,7.5,7.900000095367432,8100
2024-05-01,8.0,8.5,7.800000190734863,8.0,2970
2024-05-02,8.199999809265137,8.600000381469727,8.0,8.5,6270
2024-05-03,8.699999809265137,8.699999809265137,8.199999809265137,8.600000381469727,1900
2024-05-06,8.399999618530273,8.699999809265137,7.900000095367432,8.199999809265137,6450
2024-05-07,8.0,8.5,8.0,8.199999809265137,2640
2024-05-08,8.399999618530273,8.399999618530273,7.900000095367432,8.100000381469727,4150
2024-05-09,7.900000095367432,8.300000190734863,7.900000095367432,8.0,3000
2024-05-10,7.900000095367432,8.100000381469727,7.699999809265137,7.800000190734863,2710
2024-05-13,7.900000095367432,8.0,7.599999904632568,7.699999809265137,4110
2024-05-14,7.800000190734863,8.300000190734863,7.699999809265137,8.300000190734863,5350
2024-05-15,8.199999809265137,8.5,7.800000190734863,8.199999809265137,2640
2024-05-16,8.0,8.300000190734863,7.800000190734863,8.199999809265137,6430
2024-05-17,8.300000190734863,8.300000190734863,7.800000190734863,7.800000190734863,3380
2024-05-20,7.900000095367432,8.199999809265137,7.400000095367432,7.599999904632568,6950
2024-05-21,7.900000095367432,7.900000095367432,7.300000190734863,7.5,2580
2024-05-22,7.300000190734863,7.800000190734863,7.300000190734863,7.599999904632568,5070
2024-05-23,7.699999809265137,7.699999809265137,7.5,7.599999904632568,4210
2024-05-24,7.599999904632568,9.600000381469727,7.599999904632568,9.0,32400
2024-05-28,9.199999809265137,9.199999809265137,8.100000381469727,8.300000190734863,3910
2024-05-29,8.399999618530273,9.399999618530273,8.100000381469727,8.199999809265137,3590
2024-05-30,8.300000190734863,9.0,7.900000095367432,7.900000095367432,5810
2024-05-31,7.900000095367432,8.5,7.900000095367432,8.300000190734863,6340
2024-06-03,8.199999809265137,8.5,7.800000190734863,8.300000190734863,4150
2024-06-04,8.300000190734863,8.399999618530273,8.0,8.100000381469727,1420
2024-06-05,8.100000381469727,8.300000190734863,7.800000190734863,7.800000190734863,6850
2024-06-06,7.800000190734863,8.199999809265137,7.800000190734863,8.100000381469727,1040
2024-06-07,8.100000381469727,8.100000381469727,7.5,8.0,6090
2024-06-10,7.599999904632568,7.800000190734863,7.199999809265137,7.400000095367432,9520
2024-06-11,7.300000190734863,7.900000095367432,7.0,7.699999809265137,3190
2024-06-12,7.599999904632568,7.800000190734863,7.599999904632568,7.699999809265137,2870
2024-06-13,7.5,7.800000190734863,7.0,7.199999809265137,13820
2024-06-14,7.199999809265137,7.400000095367432,7.0,7.199999809265137,7680
2024-06-17,7.199999809265137,7.300000190734863,6.800000190734863,7.099999904632568,4560
2024-06-18,7.099999904632568,7.599999904632568,7.0,7.099999904632568,10330
2024-06-20,7.199999809265137,7.5,7.199999809265137,7.199999809265137,4500
2024-06-21,7.400000095367432,7.400000095367432,6.5,6.599999904632568,24090
2024-06-24,6.699999809265137,7.0,6.5,6.5,12920
2024-06-25,6.5,6.699999809265137,6.199999809265137,6.5,4560
2024-06-26,6.699999809265137,8.100000381469727,6.400000095367432,7.900000095367432,78470
2024-06-27,8.5,9.300000190734863,8.300000190734863,9.199999809265137,42020
2024-06-28,9.100000381469727,9.5,8.300000190734863,8.300000190734863,28780
2024-07-01,8.0,9.300000190734863,8.0,8.800000190734863,10580
2024-07-02,8.899999618530273,9.300000190734863,8.5,8.600000381469727,4280
2024-07-03,9.0,9.300000190734863,8.399999618530273,8.699999809265137,4740
2024-07-05,8.699999809265137,8.800000190734863,8.399999618530273,8.800000190734863,3150
2024-07-08,8.800000190734863,9.300000190734863,8.800000190734863,9.0,4380
2024-07-09,9.300000190734863,9.300000190734863,8.600000381469727,9.199999809265137,6860
2024-07-10,8.899999618530273,9.199999809265137,8.5,8.699999809265137,7600
2024-07-11,8.399999618530273,8.699999809265137,7.900000095367432,8.199999809265137,7220
2024-07-12,8.600000381469727,8.600000381469727,8.0,8.300000190734863,6110
2024-07-15,8.399999618530273,8.5,8.199999809265137,8.5,2600
2024-07-16,8.699999809265137,9.0,8.199999809265137,8.199999809265137,2610
2024-07-17,8.399999618530273,9.800000190734863,8.399999618530273,9.300000190734863,33830
2024-07-18,9.100000381469727,9.5,8.0,8.5,17460
2024-07-19,8.5,9.300000190734863,8.5,8.800000190734863,2460
2024-07-22,9.0,9.199999809265137,8.800000190734863,9.0,3080
2024-07-23,8.899999618530273,9.199999809265137,8.600000381469727,9.0,2530
2024-07-24,8.699999809265137,9.100000381469727,8.699999809265137,9.0,1100
2024-07-25,9.0,9.0,8.300000190734863,8.5,3130
2024-07-26,8.600000381469727,9.0,8.5,8.899999618530273,1990
2024-07-29,9.0,9.399999618530273,8.5,8.699999809265137,2870
2024-07-30,8.800000190734863,9.0,8.5,8.600000381469727,4510
2024-07-31,8.699999809265137,8.899999618530273,8.300000190734863,8.600000381469727,2050
2024-08-01,8.399999618530273,8.800000190734863,7.900000095367432,8.0,7550
2024-08-02,8.300000190734863,8.300000190734863,7.5,7.599999904632568,3060
2024-08-05,7.5,7.699999809265137,6.900000095367432,7.599999904632568,2090
2024-08-06,7.699999809265137,7.699999809265137,6.699999809265137,7.400000095367432,7670
2024-08-07,7.5,7.5,7.0,7.300000190734863,2150
2024-08-08,7.300000190734863,7.300000190734863,6.5,6.699999809265137,3320
2024-08-09,6.800000190734863,7.199999809265137,6.599999904632568,7.099999904632568,6830
2024-08-12,6.5,7.5,6.5,7.199999809265137,7150
2024-08-13,7.0,7.5,7.0,7.199999809265137,2880
2024-08-14,7.400000095367432,7.5,7.0,7.400000095367432,1100
2024-08-15,7.400000095367432,7.5,7.199999809265137,7.300000190734863,780
2024-08-16,7.300000190734863,7.5,7.099999904632568,7.5,600
2024-08-19,7.5,7.5,7.099999904632568,7.300000190734863,1890
2024-08-20,7.300000190734863,7.400000095367432,6.800000190734863,7.199999809265137,2220
2024-08-21,6.900000095367432,7.5,6.900000095367432,7.400000095367432,2740
2024-08-22,7.0,7.5,7.0,7.099999904632568,2550
2024-08-23,6.900000095367432,8.5,6.900000095367432,8.100000381469727,8490
2024-08-26,8.199999809265137,8.300000190734863,7.599999904632568,7.699999809265137,6270
2024-08-27,7.5,8.0,7.199999809265137,7.400000095367432,9300
2024-08-28,7.5,7.900000095367432,7.0,7.099999904632568,3640
2024-08-29,7.599999904632568,7.699999809265137,7.0,7.300000190734863,1580
2024-08-30,7.599999904632568,7.599999904632568,6.5,7.5,2780
2024-09-03,7.5,7.5,7.099999904632568,7.099999904632568,1340
2024-09-04,7.400000095367432,7.400000095367432,7.099999904632568,7.099999904632568,1250
2024-09-05,6.900000095367432,7.300000190734863,6.900000095367432,6.900000095367432,840
2024-09-06,6.900000095367432,7.400000095367432,6.800000190734863,7.400000095367432,3640
2024-09-09,7.099999904632568,8.0,7.099999904632568,7.599999904632568,4070
2024-09-10,7.800000190734863,7.800000190734863,7.5,7.5,4380
2024-09-11,7.599999904632568,8.199999809265137,7.099999904632568,8.100000381469727,2470
2024-09-12,7.900000095367432,8.5,7.300000190734863,7.800000190734863,6820
2024-09-13,7.699999809265137,8.399999618530273,7.099999904632568,7.5,6140
2024-09-16,7.300000190734863,7.300000190734863,7.099999904632568,7.099999904632568,6990
2024-09-17,7.400000095367432,7.699999809265137,7.099999904632568,7.099999904632568,1490
2024-09-18,7.5,7.599999904632568,7.199999809265137,7.5,5910
2024-09-19,7.800000190734863,7.800000190734863,7.300000190734863,7.300000190734863,2910
2024-09-20,7.599999904632568,9.0,7.199999809265137,8.800000190734863,31950
2024-09-23,8.800000190734863,8.800000190734863,8.300000190734863,8.300000190734863,3600
2024-09-24,8.600000381469727,8.699999809265137,8.0,8.0,4960
2024-09-25,8.0,9.0,8.0,8.399999618530273,3960
2024-09-26,8.600000381469727,8.899999618530273,8.300000190734863,8.899999618530273,2300
2024-09-27,8.800000190734863,8.800000190734863,8.199999809265137,8.399999618530273,1330
2024-09-30,8.800000190734863,8.800000190734863,8.199999809265137,8.5,2530
2024-10-01,8.5,8.5,8.100000381469727,8.100000381469727,1160
2024-10-02,8.5,8.600000381469727,8.100000381469727,8.199999809265137,3470
2024-10-03,8.5,8.5,8.199999809265137,8.199999809265137,1610
2024-10-04,8.199999809265137,8.5,8.100000381469727,8.300000190734863,1720
2024-10-07,8.800000190734863,8.800000190734863,8.199999809265137,8.699999809265137,4950
2024-10-08,8.800000190734863,9.0,8.5,8.699999809265137,5140
2024-10-09,8.699999809265137,9.199999809265137,8.0,8.399999618530273,5230
2024-10-10,8.199999809265137,8.5,7.599999904632568,8.399999618530273,10890
2024-10-11,8.0,8.699999809265137,8.0,8.399999618530273,4070
2024-10-14,8.800000190734863,8.800000190734863,8.100000381469727,8.300000190734863,6720
2024-10-15,8.600000381469727,8.600000381469727,8.100000381469727,8.300000190734863,5580
2024-10-16,8.5,8.699999809265137,8.199999809265137,8.5,6570
2024-10-17,8.300000190734863,8.699999809265137,8.0,8.300000190734863,10010
2024-10-18,8.199999809265137,8.5,8.199999809265137,8.199999809265137,6370
2024-10-21,8.5,8.5,8.199999809265137,8.399999618530273,7640
2024-10-22,8.399999618530273,8.399999618530273,7.900000095367432,8.199999809265137,9670
2024-10-23,8.5,8.600000381469727,8.199999809265137,8.600000381469727,5860
2024-10-24,8.600000381469727,8.600000381469727,7.900000095367432,8.300000190734863,11210
2024-10-25,7.699999809265137,8.5,7.699999809265137,8.199999809265137,5080
2024-10-28,8.399999618530273,8.399999618530273,8.100000381469727,8.199999809265137,15230
2024-10-29,8.100000381469727,8.5,8.100000381469727,8.5,10750
2024-10-30,8.199999809265137,8.699999809265137,8.199999809265137,8.300000190734863,18720
2024-10-31,8.100000381469727,8.600000381469727,8.100000381469727,8.600000381469727,10180
2024-11-01,8.300000190734863,8.800000190734863,8.300000190734863,8.800000190734863,10150
2024-11-04,8.699999809265137,8.800000190734863,8.399999618530273,8.800000190734863,15730
2024-11-05,8.600000381469727,9.399999618530273,8.399999618530273,9.199999809265137,25960
2024-11-06,9.300000190734863,9.399999618530273,8.5,8.899999618530273,9400
2024-11-07,8.600000381469727,9.0,8.399999618530273,8.5,9840
2024-11-08,8.199999809265137,9.199999809265137,8.199999809265137,9.199999809265137,10890
2024-11-11,9.199999809265137,9.5,8.699999809265137,9.0,27680
2024-11-12,9.100000381469727,9.699999809265137,8.5,9.399999618530273,41520
2024-11-13,9.300000190734863,9.899999618530273,9.100000381469727,9.399999618530273,22870
2024-11-14,9.199999809265137,9.800000190734863,9.0,9.199999809265137,16320
2024-11-15,9.100000381469727,9.399999618530273,8.5,8.600000381469727,18920
2024-11-18,8.800000190734863,8.800000190734863,8.600000381469727,8.699999809265137,18260
2024-11-19,8.899999618530273,9.300000190734863,8.800000190734863,9.0,10220
2024-11-20,9.300000190734863,10.0,9.300000190734863,9.699999809265137,20890
2024-11-21,9.800000190734863,12.800000190734863,9.800000190734863,11.300000190734863,82580
2024-11-22,11.300000190734863,12.5,11.300000190734863,11.800000190734863,29060
2024-11-25,11.899999618530273,12.600000381469727,10.399999618530273,10.399999618530273,26660
2024-11-26,10.300000190734863,11.0,10.100000381469727,10.300000190734863,5410
2024-11-27,10.899999618530273,11.800000190734863,10.600000381469727,11.199999809265137,20400
2024-11-29,11.399999618530273,12.600000381469727,11.100000381469727,11.800000190734863,11740
2024-12-02,12.0,12.300000190734863,11.5,11.699999809265137,9140
2024-12-03,12.399999618530273,12.399999618530273,11.0,11.5,9830
2024-12-04,11.5,12.5,11.300000190734863,12.199999809265137,18820
2024-12-05,12.399999618530273,13.199999809265137,11.899999618530273,12.100000381469727,19680
2024-12-06,13.0,13.0,11.699999809265137,11.800000190734863,10210
2024-12-09,11.699999809265137,12.199999809265137,11.0,11.199999809265137,14090
2024-12-10,11.199999809265137,11.800000190734863,11.0,11.600000381469727,15240
2024-12-11,11.600000381469727,11.699999809265137,11.100000381469727,11.300000190734863,10560
2024-12-12,11.300000190734863,11.699999809265137,11.0,11.199999809265137,4160
2024-12-13,11.300000190734863,11.600000381469727,10.600000381469727,11.600000381469727,7050
2024-12-16,11.600000381469727,11.699999809265137,10.699999809265137,11.5,13360
2024-12-17,11.300000190734863,11.5,10.899999618530273,11.0,6520
2024-12-18,11.0,11.800000190734863,10.800000190734863,10.899999618530273,11160
2024-12-19,11.5,11.899999618530273,10.5,10.899999618530273,5760
2024-12-20,10.899999618530273,11.300000190734863,10.600000381469727,11.300000190734863,10590
2024-12-23,11.600000381469727,11.600000381469727,10.699999809265137,10.800000190734863,11420
2024-12-24,10.699999809265137,11.199999809265137,10.699999809265137,11.100000381469727,1880
2024-12-26,11.0,11.199999809265137,11.0,11.100000381469727,1630
2024-12-27,11.100000381469727,12.699999809265137,11.100000381469727,12.199999809265137,22170
2024-12-30,14.199999809265137,15.699999809265137,13.300000190734863,15.100000381469727,72240
2024-12-31,16.899999618530273,17.200000762939453,13.600000381469727,14.399999618530273,45100
2025-01-02,15.0,15.0,13.5,13.899999618530273,14990
2025-01-03,13.600000381469727,14.0,13.300000190734863,13.699999809265137,13370
2025-01-06,14.100000381469727,14.5,12.899999618530273,13.199999809265137,23650
2025-01-07,13.100000381469727,13.100000381469727,10.800000190734863,11.0,50400
2025-01-08,10.800000190734863,11.199999809265137,10.600000381469727,10.899999618530273,12770
2025-01-10,11.199999809265137,11.600000381469727,10.5,11.600000381469727,12640
2025-01-13,11.600000381469727,11.600000381469727,10.800000190734863,11.100000381469727,6550
2025-01-14,10.899999618530273,11.5,10.899999618530273,11.300000190734863,7740
2025-01-15,11.300000190734863,11.5,10.699999809265137,10.899999618530273,8040
2025-01-16,11.199999809265137,14.0,11.100000381469727,12.899999618530273,23430
2025-01-17,13.199999809265137,16.0,12.899999618530273,15.100000381469727,31680
2025-01-21,15.300000190734863,15.300000190734863,13.699999809265137,13.800000190734863,11350
2025-01-22,13.399999618530273,14.100000381469727,13.100000381469727,13.399999618530273,8220
2025-01-23,13.399999618530273,13.5,12.5,13.0,6560
2025-01-24,12.699999809265137,13.300000190734863,12.699999809265137,13.100000381469727,6160
2025-01-27,13.0,13.300000190734863,12.0,12.300000190734863,7420
2025-01-28,12.600000381469727,12.600000381469727,11.899999618530273,12.100000381469727,4910
2025-01-29,12.5,12.5,11.399999618530273,11.899999618530273,5220
2025-01-30,12.100000381469727,12.300000190734863,11.5,12.199999809265137,7860
2025-01-31,12.5,14.0,12.0,12.199999809265137,11570
2025-02-03,12.100000381469727,12.100000381469727,11.0,12.0,6600
2025-02-04,11.5,11.899999618530273,11.399999618530273,11.699999809265137,6980
2025-02-05,11.5,11.899999618530273,11.399999618530273,11.600000381469727,4740
2025-02-06,11.5,12.0,11.100000381469727,11.199999809265137,7430
2025-02-07,11.100000381469727,11.399999618530273,11.100000381469727,11.399999618530273,4460
2025-02-10,11.100000381469727,11.199999809265137,10.600000381469727,10.699999809265137,14150
2025-02-11,10.800000190734863,10.899999618530273,10.0,10.399999618530273,13770
2025-02-12,10.199999809265137,10.199999809265137,8.899999618530273,9.699999809265137,14850
2025-02-13,9.600000381469727,9.899999618530273,9.199999809265137,9.699999809265137,9050
2025-02-14,9.600000381469727,10.600000381469727,9.5,10.0,8060
2025-02-18,10.199999809265137,10.5,9.0,9.100000381469727,11720
2025-02-19,9.100000381469727,9.5,8.100000381469727,8.600000381469727,15360
2025-02-20,8.600000381469727,9.0,8.199999809265137,8.600000381469727,18730
2025-02-21,8.600000381469727,8.800000190734863,7.900000095367432,8.0,10540
2025-02-24,8.199999809265137,8.199999809265137,7.199999809265137,8.0,7970
2025-02-25,8.0,8.399999618530273,7.699999809265137,7.800000190734863,3400
2025-02-26,8.100000381469727,8.699999809265137,8.0,8.300000190734863,5600
2025-02-27,8.199999809265137,9.5,8.0,8.0,7880
2025-02-28,8.0,8.0,7.0,7.599999904632568,28970
2025-03-03,7.699999809265137,9.0,6.699999809265137,7.900000095367432,24820
2025-03-04,8.300000190734863,8.699999809265137,7.900000095367432,8.699999809265137,13040
2025-03-05,8.699999809265137,8.699999809265137,8.199999809265137,8.399999618530273,4050
2025-03-06,8.300000190734863,8.600000381469727,8.0,8.199999809265137,3560
2025-03-07,8.0,8.699999809265137,7.699999809265137,8.5,8040
2025-03-10,8.199999809265137,8.399999618530273,7.599999904632568,7.699999809265137,8260
2025-03-11,7.699999809265137,8.300000190734863,7.400000095367432,7.900000095367432,3470
2025-03-12,8.300000190734863,8.5,7.699999809265137,8.399999618530273,8170
2025-03-13,8.800000190734863,8.800000190734863,7.5,7.699999809265137,10040
2025-03-14,7.900000095367432,8.199999809265137,7.900000095367432,8.100000381469727,2630
2025-03-17,8.100000381469727,8.100000381469727,7.5,7.800000190734863,5060
2025-03-18,7.900000095367432,8.100000381469727,7.900000095367432,8.0,2060
2025-03-19,8.0,8.199999809265137,7.699999809265137,7.699999809265137,4110
2025-03-20,7.699999809265137,8.100000381469727,7.699999809265137,7.900000095367432,3290
2025-03-21,7.699999809265137,8.0,7.699999809265137,7.699999809265137,2850
2025-03-24,8.0,8.0,7.599999904632568,7.699999809265137,6180
2025-03-25,7.599999904632568,7.900000095367432,7.599999904632568,7.599999904632568,3170
2025-03-26,7.699999809265137,7.900000095367432,7.599999904632568,7.599999904632568,3840
2025-03-27,7.699999809265137,7.900000095367432,7.699999809265137,7.900000095367432,1580
2025-03-28,7.699999809265137,7.900000095367432,7.5,7.699999809265137,4980
2025-03-31,7.800000190734863,7.800000190734863,7.300000190734863,7.5,4630
2025-04-01,7.5,7.800000190734863,7.5,7.599999904632568,2640
2025-04-02,7.599999904632568,7.800000190734863,7.300000190734863,7.300000190734863,7560
2025-04-03,7.199999809265137,7.300000190734863,6.0,6.099999904632568,32900
2025-04-04,6.0,6.0,5.0,5.0,46340
2025-04-07,4.699999809265137,5.599999904632568,4.599999904632568,5.199999809265137,30930
2025-04-08,5.400000095367432,6.0,5.0,5.0,12580
2025-04-09,5.599999904632568,6.0,5.099999904632568,6.0,6500
2025-04-10,6.199999809265137,6.199999809265137,5.5,5.5,4970
2025-04-11,5.5,5.800000190734863,5.400000095367432,5.699999809265137,2590
2025-04-14,6.199999809265137,6.199999809265137,5.599999904632568,5.599999904632568,1430
2025-04-15,5.900000095367432,6.099999904632568,5.599999904632568,5.900000095367432,3200
2025-04-16,6.199999809265137,6.199999809265137,5.400000095367432,5.599999904632568,9500
2025-04-17,6.0,6.0,5.699999809265137,5.800000190734863,1080
2025-04-21,6.099999904632568,6.099999904632568,5.699999809265137,5.900000095367432,2040
2025-04-22,6.0,6.0,5.699999809265137,5.800000190734863,1540
2025-04-23,5.599999904632568,6.0,5.599999904632568,5.800000190734863,4140
2025-04-24,5.699999809265137,6.0,5.199999809265137,5.900000095367432,17810
2025-04-25,5.699999809265137,5.800000190734863,5.199999809265137,5.699999809265137,10650
2025-04-28,5.400000095367432,6.0,5.300000190734863,5.5,3070
2025-04-29,5.699999809265137,5.699999809265137,5.400000095367432,5.400000095367432,4090
2025-04-30,5.599999904632568,6.0,5.5,5.900000095367432,3510
2025-05-01,5.599999904632568,6.0,5.5,5.699999809265137,6860
2025-05-02,6.0,6.0,5.5,5.900000095367432,1610
2025-05-05,6.0,6.0,5.599999904632568,5.900000095367432,4120
2025-05-06,5.900000095367432,5.900000095367432,5.699999809265137,5.699999809265137,2580
2025-05-07,5.800000190734863,6.0,5.400000095367432,5.400000095367432,5530
2025-05-08,5.800000190734863,5.800000190734863,5.300000190734863,5.300000190734863,1960
2025-05-09,5.800000190734863,5.800000190734863,5.400000095367432,5.400000095367432,3140
2025-05-12,5.5,5.800000190734863,5.300000190734863,5.699999809265137,5260
2025-05-13,5.699999809265137,5.699999809265137,5.5,5.699999809265137,3420
2025-05-14,5.699999809265137,7.099999904632568,5.699999809265137,6.199999809265137,15790
2025-05-15,6.199999809265137,6.699999809265137,6.199999809265137,6.5,5250
2025-05-16,6.699999809265137,7.699999809265137,6.5,7.400000095367432,13000
2025-05-19,7.199999809265137,7.699999809265137,6.5,7.300000190734863,10570
2025-05-20,7.599999904632568,7.599999904632568,6.599999904632568,7.099999904632568,4380
2025-05-21,7.0,7.5,6.599999904632568,7.099999904632568,6870
2025-05-22,6.900000095367432,6.900000095367432,5.800000190734863,6.199999809265137,14880
2025-05-23,6.300000190734863,6.5,5.800000190734863,6.199999809265137,8510
2025-05-27,6.300000190734863,6.300000190734863,5.599999904632568,5.699999809265137,2320
2025-05-28,5.699999809265137,6.199999809265137,5.699999809265137,6.099999904632568,5060
2025-05-29,6.300000190734863,7.0,5.800000190734863,6.5,11460
2025-05-30,7.0,7.0,6.199999809265137,6.800000190734863,1510
2025-06-02,6.800000190734863,7.0,5.900000095367432,6.900000095367432,7180
2025-06-03,6.900000095367432,7.0,6.300000190734863,6.300000190734863,3090
2025-06-04,6.199999809265137,6.5,6.0,6.099999904632568,5600
2025-06-05,6.300000190734863,6.699999809265137,6.099999904632568,6.5,4450
2025-06-06,6.599999904632568,6.800000190734863,6.099999904632568,6.599999904632568,4580
2025-06-09,6.599999904632568,6.699999809265137,5.5,6.199999809265137,7670
2025-06-10,6.0,6.5,5.800000190734863,6.199999809265137,3030
2025-06-11,6.300000190734863,6.599999904632568,6.0,6.099999904632568,6470
2025-06-12,6.400000095367432,6.400000095367432,6.0,6.0,3090
2025-06-13,6.099999904632568,6.199999809265137,6.0,6.0,1970
2025-06-16,6.300000190734863,6.300000190734863,6.099999904632568,6.099999904632568,1440
2025-06-17,6.199999809265137,6.400000095367432,6.0,6.199999809265137,3400
2025-06-18,6.300000190734863,6.400000095367432,5.699999809265137,6.099999904632568,4320
2025-06-20,6.0,6.400000095367432,6.0,6.199999809265137,3830
2025-06-23,6.300000190734863,6.300000190734863,5.300000190734863,5.800000190734863,16520
2025-06-24,5.800000190734863,6.0,5.5,6.0,2140
2025-06-25,5.800000190734863,6.099999904632568,5.5,5.599999904632568,2610
2025-06-26,5.5,6.0,5.300000190734863,5.699999809265137,3140
2025-06-27,5.699999809265137,5.900000095367432,5.199999809265137,5.599999904632568,3720
2025-06-30,5.199999809265137,5.800000190734863,5.199999809265137,5.599999904632568,2350
2025-07-01,5.599999904632568,5.699999809265137,5.099999904632568,5.400000095367432,11370
2025-07-02,5.400000095367432,5.400000095367432,5.199999809265137,5.300000190734863,2220
2025-07-03,5.400000095367432,6.0,5.300000190734863,5.400000095367432,5660
2025-07-07,5.0,5.800000190734863,5.0,5.400000095367432,13180
2025-07-08,5.400000095367432,5.599999904632568,5.400000095367432,5.400000095367432,3910
2025-07-09,5.099999904632568,5.800000190734863,5.0,5.5,15460
2025-07-10,5.599999904632568,5.800000190734863,5.300000190734863,5.5,5160
2025-07-11,5.400000095367432,5.599999904632568,5.300000190734863,5.400000095367432,4920
2025-07-14,5.599999904632568,5.599999904632568,5.300000190734863,5.300000190734863,3610
2025-07-15,5.300000190734863,5.5,5.300000190734863,5.300000190734863,2670
2025-07-16,5.300000190734863,5.400000095367432,4.900000095367432,5.0,6810
2025-07-17,5.099999904632568,5.699999809265137,4.900000095367432,5.400000095367432,13330
2025-07-18,5.800000190734863,6.300000190734863,5.699999809265137,5.800000190734863,14840
2025-07-21,5.800000190734863,6.099999904632568,5.699999809265137,5.900000095367432,8450
2025-07-22,6.0,6.300000190734863,5.699999809265137,6.0,13230
2025-07-23,5.800000190734863,6.199999809265137,5.699999809265137,5.800000190734863,9620
2025-07-24,5.900000095367432,6.0,5.699999809265137,5.900000095367432,7330
2025-07-25,5.699999809265137,6.199999809265137,5.699999809265137,6.0,9520
2025-07-28,6.099999904632568,6.5,6.099999904632568,6.300000190734863,20440
2025-07-29,6.400000095367432,6.5,6.0,6.0,5450
2025-07-30,6.0,6.300000190734863,5.699999809265137,5.699999809265137,6500
2025-07-31,6.0,6.0,5.699999809265137,5.800000190734863,1350
2025-08-01,5.699999809265137,5.800000190734863,5.400000095367432,5.5,4510
2025-08-04,5.599999904632568,5.699999809265137,5.400000095367432,5.5,2920
2025-08-05,5.699999809265137,5.699999809265137,5.400000095367432,5.5,5990
2025-08-06,5.599999904632568,5.800000190734863,5.599999904632568,5.800000190734863,3060
2025-08-07,5.599999904632568,5.900000095367432,5.400000095367432,5.599999904632568,5890
2025-08-08,5.699999809265137,5.699999809265137,5.5,5.599999904632568,9860
2025-08-11,5.5,5.699999809265137,5.300000190734863,5.400000095367432,8010
2025-08-12,5.699999809265137,5.699999809265137,5.0,5.300000190734863,11810
2025-08-13,5.5,5.900000095367432,5.5,5.900000095367432,6210
2025-08-14,6.199999809265137,6.199999809265137,5.800000190734863,6.099999904632568,7670
2025-08-15,6.0,6.0,5.599999904632568,5.599999904632568,7940
2025-08-18,5.699999809265137,5.900000095367432,5.599999904632568,5.599999904632568,3510
2025-08-19,5.5,5.5,5.199999809265137,5.5,4370
2025-08-20,5.5,5.5,5.400000095367432,5.400000095367432,3000
2025-08-21,5.800000190734863,5.800000190734863,5.5,5.699999809265137,10180
2025-08-22,6.0,6.199999809265137,5.800000190734863,5.900000095367432,9100
2025-08-25,6.099999904632568,6.099999904632568,5.699999809265137,5.900000095367432,8160
2025-08-26,5.800000190734863,6.099999904632568,5.699999809265137,5.800000190734863,8860
2025-08-27,5.800000190734863,6.0,5.800000190734863,5.900000095367432,3590
2025-08-28,5.900000095367432,6.0,5.800000190734863,5.900000095367432,4020
2025-08-29,5.900000095367432,6.0,5.800000190734863,5.800000190734863,1660
2025-09-02,6.099999904632568,6.099999904632568,5.800000190734863,6.0,4600
2025-09-03,5.900000095367432,6.0,5.800000190734863,6.0,3620
2025-09-04,6.0,6.0,5.800000190734863,5.800000190734863,4930
2025-09-05,6.0,6.0,5.800000190734863,5.900000095367432,4070
2025-09-08,6.0,6.0,5.900000095367432,5.900000095367432,5360
2025-09-09,5.699999809265137,6.0,5.699999809265137,5.800000190734863,4330
2025-09-10,5.900000095367432,6.0,5.699999809265137,5.699999809265137,6830
2025-09-11,5.599999904632568,5.800000190734863,5.400000095367432,5.5,8760
2025-09-12,5.5,5.599999904632568,5.400000095367432,5.400000095367432,10390
2025-09-15,5.599999904632568,5.699999809265137,5.300000190734863,5.300000190734863,16110
2025-09-16,5.199999809265137,5.300000190734863,4.599999904632568,5.0,55100
2025-09-17,5.0,5.300000190734863,4.800000190734863,5.099999904632568,18030
2025-09-18,5.099999904632568,5.400000095367432,4.800000190734863,5.0,39280
2025-09-19,5.099999904632568,9.5,5.099999904632568,6.800000190734863,3619730
2025-09-22,6.599999904632568,9.0,6.099999904632568,8.399999618530273,268130
2025-09-23,8.0,8.899999618530273,6.400000095367432,7.199999809265137,95130
2025-09-24,7.199999809265137,7.699999809265137,7.199999809265137,7.599999904632568,19730
2025-09-25,7.699999809265137,7.800000190734863,7.099999904632568,7.300000190734863,15440
2025-09-26,8.0,8.600000381469727,7.800000190734863,8.100000381469727,46870
2025-09-29,8.600000381469727,8.699999809265137,7.800000190734863,8.0,29770
2025-09-30,8.300000190734863,8.300000190734863,7.5,7.699999809265137,11280
2025-10-01,7.699999809265137,8.100000381469727,7.699999809265137,7.900000095367432,6700
2025-10-02,8.0,8.600000381469727,7.900000095367432,8.399999618530273,25650
2025-10-03,8.399999618530273,8.800000190734863,8.199999809265137,8.600000381469727,18920
2025-10-06,9.0,11.199999809265137,8.800000190734863,10.600000381469727,135440
2025-10-07,10.899999618530273,11.100000381469727,8.600000381469727,9.600000381469727,118950
2025-10-08,9.300000190734863,9.899999618530273,8.800000190734863,9.800000190734863,17100
2025-10-09,10.0,10.0,9.100000381469727,9.199999809265137,20260
2025-10-10,9.199999809265137,9.199999809265137,8.100000381469727,8.600000381469727,25440
2025-10-13,8.800000190734863,9.300000190734863,8.100000381469727,9.199999809265137,20870
2025-10-14,8.600000381469727,10.100000381469727,8.300000190734863,10.0,19280
2025-10-15,9.100000381469727,10.0,9.100000381469727,9.699999809265137,24050
2025-10-16,10.199999809265137,10.199999809265137,8.5,8.699999809265137,20630
2025-10-17,8.100000381469727,9.0,8.100000381469727,8.5,19810
2025-10-20,8.399999618530273,9.800000190734863,8.399999618530273,9.5,13150
2025-10-21,9.100000381469727,9.699999809265137,8.300000190734863,8.600000381469727,19530
2025-10-22,8.5,8.5,7.699999809265137,8.300000190734863,23290
2025-10-23,8.699999809265137,9.699999809265137,8.5,9.5,23170
2025-10-24,9.5,9.5,8.600000381469727,8.899999618530273,21120
2025-10-27,8.800000190734863,8.899999618530273,8.100000381469727,8.399999618530273,18440
2025-10-28,8.699999809265137,10.199999809265137,8.699999809265137,9.100000381469727,39930
2025-10-29,9.100000381469727,9.199999809265137,9.0,9.0,11080
2025-10-30,9.0,9.399999618530273,8.600000381469727,8.800000190734863,4710
2025-10-31,9.0,9.199999809265137,8.5,8.699999809265137,7000
2025-11-03,8.899999618530273,8.899999618530273,8.300000190734863,8.5,3960
2025-11-04,8.800000190734863,9.100000381469727,8.399999618530273,8.600000381469727,14230
2025-11-05,8.5,9.600000381469727,8.399999618530273,9.199999809265137,16460
2025-11-06,9.300000190734863,9.399999618530273,8.800000190734863,9.0,3580
2025-11-07,9.199999809265137,9.300000190734863,9.0,9.300000190734863,11200
2025-11-10,9.5,9.600000381469727,9.100000381469727,9.300000190734863,4310
2025-11-11,9.5,9.5,8.5,8.600000381469727,13590
2025-11-12,8.5,8.899999618530273,8.300000190734863,8.300000190734863,7540
2025-11-13,8.300000190734863,9.699999809265137,7.5,8.699999809265137,44610
2025-11-14,8.600000381469727,9.800000190734863,7.800000190734863,8.800000190734863,26570
2025-11-17,8.600000381469727,8.800000190734863,7.900000095367432,8.300000190734863,11250
2025-11-18,8.399999618530273,8.399999618530273,7.900000095367432,8.300000190734863,3260
2025-11-19,8.0,8.699999809265137,8.0,8.600000381469727,7260
2025-11-20,8.699999809265137,8.699999809265137,8.199999809265137,8.199999809265137,3400
2025-11-21,8.399999618530273,8.5,7.900000095367432,8.100000381469727,8820
2025-11-24,8.199999809265137,8.199999809265137,7.5,7.800000190734863,10100
2025-11-25,7.699999809265137,7.800000190734863,6.800000190734863,7.5,20020
2025-11-26,7.5,7.5,7.300000190734863,7.400000095367432,6120
2025-11-28,7.400000095367432,7.5,7.400000095367432,7.400000095367432,4490
2025-12-01,7.300000190734863,7.400000095367432,6.699999809265137,7.199999809265137,8160
2025-12-02,7.0,7.199999809265137,7.0,7.199999809265137,3370
2025-12-03,7.199999809265137,8.0,7.199999809265137,7.699999809265137,8730
2025-12-04,7.699999809265137,7.800000190734863,7.5,7.599999904632568,1980
2025-12-05,7.699999809265137,7.699999809265137,7.5,7.699999809265137,2570
2025-12-08,7.5,7.800000190734863,7.400000095367432,7.5,3250
2025-12-09,7.699999809265137,7.800000190734863,7.5,7.5,3040
2025-12-10,7.5,7.800000190734863,6.800000190734863,6.800000190734863,18130
2025-12-11,6.800000190734863,6.800000190734863,5.800000190734863,6.099999904632568,30290
2025-12-12,7.0,7.400000095367432,6.5,6.599999904632568,31410
2025-12-15,6.400000095367432,6.599999904632568,5.800000190734863,5.800000190734863,32240
2025-12-16,5.800000190734863,6.300000190734863,5.800000190734863,5.900000095367432,5920
2025-12-17,5.800000190734863,5.900000095367432,5.5,5.5,21670
2025-12-18,6.400000095367432,6.699999809265137,5.800000190734863,5.900000095367432,10950
2025-12-19,6.099999904632568,6.300000190734863,5.5,5.699999809265137,17640
2025-12-22,5.699999809265137,6.0,5.699999809265137,5.800000190734863,6190
2025-12-23,5.599999904632568,6.0,5.599999904632568,6.0,3320
2025-12-24,6.0,6.300000190734863,5.900000095367432,6.300000190734863,2140
2025-12-26,6.099999904632568,6.5,6.0,6.099999904632568,7030
2025-12-29,5.900000095367432,6.0,5.599999904632568,5.800000190734863,15810
2025-12-30,5.5,5.800000190734863,5.5,5.599999904632568,8160
2025-12-31,5.599999904632568,5.699999809265137,5.5,5.599999904632568,13410
2026-01-02,5.599999904632568,5.900000095367432,5.5,5.699999809265137,11170
2026-01-05,6.0,6.900000095367432,5.800000190734863,6.400000095367432,18140
2026-01-06,6.900000095367432,6.900000095367432,5.800000190734863,6.0,25850
2026-01-07,6.5,7.900000095367432,6.0,7.699999809265137,43760
2026-01-08,7.699999809265137,7.900000095367432,6.900000095367432,7.300000190734863,12510
2026-01-09,7.699999809265137,8.100000381469727,7.400000095367432,7.800000190734863,26430
2026-01-12,7.800000190734863,7.800000190734863,7.0,7.400000095367432,22540
2026-01-13,7.300000190734863,7.699999809265137,7.0,7.699999809265137,10720
2026-01-14,7.699999809265137,7.800000190734863,7.5,7.5,3520
2026-01-15,7.5,8.100000381469727,7.5,7.900000095367432,24910
2026-01-16,7.900000095367432,8.100000381469727,7.599999904632568,7.599999904632568,9370
2026-01-20,7.800000190734863,7.900000095367432,7.5,7.5,7360
2026-01-21,7.5,7.699999809265137,6.300000190734863,6.800000190734863,22650
2026-01-22,6.800000190734863,7.5,6.699999809265137,7.199999809265137,23790
2026-01-23,7.199999809265137,7.5,7.0,7.0,3180
2026-01-26,7.199999809265137,7.199999809265137,7.0,7.0,5390
2026-01-27,6.900000095367432,7.199999809265137,6.699999809265137,6.699999809265137,14630
2026-01-28,6.5,6.900000095367432,6.099999904632568,6.199999809265137,13560
2026-01-29,6.400000095367432,6.5,5.800000190734863,6.0,11850
2026-01-30,6.099999904632568,6.5,6.0,6.0,130620
2026-02-02,5.900000095367432,6.5,5.400000095367432,6.0,16100
2026-02-03,5.699999809265137,6.199999809265137,5.599999904632568,6.099999904632568,6860
2026-02-04,6.0,6.099999904632568,5.699999809265137,5.900000095367432,8270
2026-02-05,5.699999809265137,5.900000095367432,5.599999904632568,5.699999809265137,8670
2026-02-06,5.800000190734863,5.900000095367432,5.5,5.800000190734863,5430
2026-02-09,6.199999809265137,7.0,5.900000095367432,6.599999904632568,24760
2026-02-10,6.5,6.5,6.099999904632568,6.099999904632568,6610
2026-02-11,6.099999904632568,6.300000190734863,5.800000190734863,5.800000190734863,8440
2026-02-12,5.900000095367432,6.099999904632568,5.599999904632568,6.099999904632568,8170
2026-02-13,6.0,6.300000190734863,5.900000095367432,6.099999904632568,12360
2026-02-17,6.099999904632568,6.300000190734863,5.900000095367432,6.300000190734863,2220
2026-02-18,6.199999809265137,6.5,6.0,6.099999904632568,4250
2026-02-19,6.199999809265137,6.400000095367432,6.099999904632568,6.199999809265137,7340
2026-02-20,6.199999809265137,6.400000095367432,5.900000095367432,5.900000095367432,3720
2026-02-23,5.900000095367432,6.0,5.800000190734863,5.900000095367432,4690
2026-02-24,6.0,6.099999904632568,5.5,5.900000095367432,7690
2026-02-25,5.699999809265137,5.900000095367432,5.599999904632568,5.800000190734863,6790
2026-02-26,5.5,5.800000190734863,5.5,5.599999904632568,6700
2026-02-27,5.400000095367432,5.699999809265137,5.400000095367432,5.599999904632568,4400
2026-03-02,5.699999809265137,5.800000190734863,5.599999904632568,5.599999904632568,5860
2026-03-03,5.400000095367432,5.599999904632568,5.400000095367432,5.5,2530
2026-03-04,5.5,5.5,5.099999904632568,5.400000095367432,18930
2026-03-05,5.199999809265137,5.400000095367432,5.199999809265137,5.199999809265137,9280
2026-03-06,5.199999809265137,5.800000190734863,5.199999809265137,5.400000095367432,19330
2026-03-09,5.599999904632568,5.599999904632568,5.199999809265137,5.400000095367432,6300
2026-03-10,5.400000095367432,6.400000095367432,5.400000095367432,5.699999809265137,63670
2026-03-11,5.099999904632568,5.099999904632568,4.400000095367432,4.5,61920
2026-03-12,4.800000190734863,5.0,4.400000095367432,4.400000095367432,32570
2026-03-13,4.199999809265137,4.400000095367432,3.9000000953674316,4.300000190734863,32170
2026-03-16,4.619999885559082,4.75,4.260000228881836,4.360000133514404,24900
2026-03-17,4.260000228881836,4.340000152587891,4.010000228881836,4.039999961853027,25800
2026-03-18,4.0,4.03000020980835,3.6700000762939453,3.7300000190734863,28700
2026-03-19,3.6600000858306885,3.8299999237060547,3.559999942779541,3.609999895095825,16500
2026-03-20,3.630000114440918,3.9600000381469727,3.369999885559082,3.4600000381469727,33100
2026-03-23,3.7799999713897705,3.8399999141693115,3.5199999809265137,3.5999999046325684,14700
2026-03-24,3.5299999713897705,3.7100000381469727,3.5299999713897705,3.5299999713897705,8000
2026-03-25,3.6500000953674316,3.7300000190734863,3.569999933242798,3.569999933242798,7100
2026-03-26,3.5,4.059999942779541,3.5,3.7200000286102295,19400
2026-03-27,3.7100000381469727,3.759999990463257,3.240000009536743,3.740000009536743,9800
2026-03-30,3.7799999713897705,4.039999961853027,3.5999999046325684,3.8499999046325684,43900
2026-03-31,3.690000057220459,4.460000038146973,3.690000057220459,4.360000133514404,10700
2026-04-01,4.389999866485596,4.710000038146973,4.349999904632568,4.710000038146973,13600
2026-04-02,4.71999979019165,4.940000057220459,4.309999942779541,4.829999923706055,8400
2026-04-06,4.849999904632568,7.559999942779541,4.800000190734863,6.940000057220459,691000
2026-04-07,6.449999809265137,6.980000019073486,5.550000190734863,6.150000095367432,76900
2026-04-08,6.579999923706055,6.590000152587891,5.989999771118164,6.46999979019165,40200
2026-04-09,6.300000190734863,6.869999885559082,5.989999771118164,6.179999828338623,58100
2026-04-10,6.28000020980835,6.590000152587891,4.730000019073486,5.289999961853027,133100
2026-04-13,5.289999961853027,5.389999866485596,4.929999828338623,5.389999866485596,47800
2026-04-14,5.46999979019165,5.599999904632568,5.260000228881836,5.380000114440918,18700
2026-04-15,5.599999904632568,5.960000038146973,5.599999904632568,5.840000152587891,17700
2026-04-16,5.900000095367432,6.139999866485596,5.21999979019165,5.329999923706055,17500
2026-04-17,5.329999923706055,5.679999828338623,5.329999923706055,5.449999809265137,21200
2026-04-20,5.559999942779541,5.659999847412109,5.190000057220459,5.409999847412109,56000
2026-04-21,5.440000057220459,5.53000020980835,5.210000038146973,5.400000095367432,11900
2026-04-22,5.480000019073486,5.800000190734863,5.480000019073486,5.590000152587891,13000
2026-04-23,5.480000019073486,5.5,5.059999942779541,5.159999847412109,15200
2026-04-24,5.079999923706055,5.260000228881836,5.0,5.0,5700
2026-04-27,4.880000114440918,5.329999923706055,4.730000019073486,5.230000019073486,14700
2026-04-28,5.320000171661377,5.510000228881836,5.320000171661377,5.329999923706055,9400
2026-04-29,5.329999923706055,5.559999942779541,5.329999923706055,5.369999885559082,2900
2026-04-30,5.329999923706055,5.329999923706055,5.0,5.0,9100
2026-05-01,5.050000190734863,5.21999979019165,5.010000228881836,5.119999885559082,14600
2026-05-04,5.03000020980835,5.099999904632568,4.570000171661377,5.059999942779541,16100
2026-05-05,4.940000057220459,4.989999771118164,4.880000114440918,4.909999847412109,5000
2026-05-06,4.909999847412109,5.010000228881836,4.800000190734863,4.909999847412109,15700
2026-05-07,4.96999979019165,4.980000019073486,4.619999885559082,4.829999923706055,16300
2026-05-08,4.800000190734863,4.800000190734863,4.210000038146973,4.539999961853027,26200
2026-05-11,4.610000133514404,4.610000133514404,4.179999828338623,4.360000133514404,22500
2026-05-12,4.380000114440918,4.75,4.369999885559082,4.550000190734863,17300
2026-05-13,4.489999771118164,4.739999771118164,4.349999904632568,4.449999809265137,16100
2026-05-14,4.610000133514404,5.559999942779541,4.570000171661377,5.210000038146973,29300
2026-05-15,4.860000133514404,5.070000171661377,4.619999885559082,4.710000038146973,21700
2026-05-18,4.710000038146973,4.820000171661377,4.409999847412109,4.409999847412109,25400
2026-05-19,4.46999979019165,4.650000095367432,4.460000038146973,4.599999904632568,6200
2026-05-20,4.610000133514404,5.090000152587891,4.510000228881836,4.900000095367432,16900
2026-05-21,4.730000019073486,5.010000228881836,4.590000152587891,5.010000228881836,8100
2026-05-22,4.739999771118164,4.889999866485596,4.610000133514404,4.849999904632568,17900
2026-05-26,4.610000133514404,4.880000114440918,4.599999904632568,4.630000114440918,51500
2026-05-27,4.400000095367432,4.650000095367432,4.400000095367432,4.449999809265137,14500
2026-05-28,4.449999809265137,4.75,4.409999847412109,4.559999942779541,43400
2026-05-29,4.389999866485596,4.690000057220459,4.269999980926514,4.630000114440918,58000
2026-06-01,4.550000190734863,4.659999847412109,3.7300000190734863,4.46999979019165,7900
2026-06-02,4.449999809265137,4.550000190734863,4.360000133514404,4.460000038146973,9700
2026-06-03,4.400000095367432,4.46999979019165,4.380000114440918,4.380000114440918,11000
2026-06-04,4.349999904632568,4.480000019073486,4.28000020980835,4.28000020980835,17500
2026-06-05,4.309999942779541,4.400000095367432,3.940000057220459,3.940000057220459,9500
2026-06-08,3.930000066757202,4.25,3.930000066757202,4.150000095367432,19700
2026-06-09,4.25,4.429999828338623,4.070000171661377,4.159999847412109,22800
2026-06-10,4.28000020980835,4.340000152587891,4.070000171661377,4.190000057220459,18200
2026-06-11,4.320000171661377,4.320000171661377,4.070000171661377,4.170000076293945,16100
2026-06-12,4.179999828338623,4.289999961853027,4.079999923706055,4.079999923706055,11000
2026-06-15,4.28000020980835,4.28000020980835,4.079999923706055,4.139999866485596,12500
2026-06-16,4.329999923706055,4.329999923706055,4.070000171661377,4.119999885559082,25800
2026-06-17,4.139999866485596,4.139999866485596,4.019999980926514,4.050000190734863,14000
2026-06-18,4.099999904632568,4.099999904632568,3.7100000381469727,3.7899999618530273,34000
2026-06-22,3.890000104904175,3.940000057220459,3.619999885559082,3.7200000286102295,19000
2026-06-23,3.6700000762939453,3.7699999809265137,3.5899999141693115,3.7100000381469727,4900
2026-06-24,3.690000057220459,3.859999895095825,3.5199999809265137,3.5199999809265137,5200
2026-06-25,3.5399999618530273,3.630000114440918,3.390000104904175,3.390000104904175,14400
2026-06-26,3.4000000953674316,3.700000047683716,3.390000104904175,3.619999885559082,14700
2026-06-29,3.549999952316284,3.690000057220459,3.5,3.640000104904175,6300
2026-06-30,3.609999895095825,3.880000114440918,3.5799999237060547,3.6700000762939453,17500
2026-07-01,3.7899999618530273,4.269999980926514,3.759999990463257,4.119999885559082,34100
2026-07-02,4.079999923706055,4.239999771118164,4.059999942779541,4.059999942779541,9500
2026-07-06,4.03000020980835,4.099999904632568,3.950000047683716,4.099999904632568,10100
2026-07-07,4.079999923706055,4.139999866485596,3.819999933242798,3.8399999141693115,13000
2026-07-08,3.9100000858306885,3.9100000858306885,3.609999895095825,3.700000047683716,6000
2026-07-09,3.7200000286102295,3.799999952316284,3.700000047683716,3.75,6000
2026-07-10,3.75,3.75,3.6600000858306885,3.7200000286102295,6200
2026-07-13,3.7100000381469727,3.7899999618530273,3.609999895095825,3.619999885559082,16700
2026-07-14,3.680000066757202,3.869999885559082,3.680000066757202,3.7100000381469727,10600
2026-07-15,3.5999999046325684,3.7200000286102295,3.5999999046325684,3.7200000286102295,3600
2026-07-16,3.640000104904175,3.690000057220459,3.640000104904175,3.640000104904175,2800
2026-07-17,3.6500000953674316,3.6600000858306885,3.5199999809265137,3.619999885559082,3800
