Date,Open,High,Low,Close,Volume
2016-07-18,5.019999980926514,5.079999923706055,4.920000076293945,5.059999942779541,46700
2016-07-19,5.070000171661377,5.079999923706055,4.889999866485596,4.909999847412109,36800
2016-07-20,4.940000057220459,5.019999980926514,4.889999866485596,4.909999847412109,50500
2016-07-21,4.909999847412109,4.960000038146973,4.75,4.760000228881836,38900
2016-07-22,4.760000228881836,4.880000114440918,4.71999979019165,4.869999885559082,67700
2016-07-25,4.840000152587891,5.0,4.840000152587891,4.980000019073486,69300
2016-07-26,5.0,5.03000020980835,4.900000095367432,5.010000228881836,33400
2016-07-27,4.980000019073486,5.010000228881836,4.96999979019165,5.0,46600
2016-07-28,4.989999771118164,5.070000171661377,4.96999979019165,5.059999942779541,30400
2016-07-29,5.050000190734863,5.170000076293945,4.050000190734863,5.159999847412109,111900
2016-08-01,5.179999828338623,5.25,4.96999979019165,4.980000019073486,53800
2016-08-02,5.099999904632568,5.179999828338623,4.78000020980835,4.820000171661377,88000
2016-08-03,4.800000190734863,4.849999904632568,4.78000020980835,4.809999942779541,43600
2016-08-04,5.039999961853027,5.039999961853027,4.829999923706055,4.929999828338623,30100
2016-08-05,5.010000228881836,5.090000152587891,4.940000057220459,5.03000020980835,69800
2016-08-08,4.989999771118164,5.03000020980835,4.96999979019165,5.019999980926514,34500
2016-08-09,4.989999771118164,4.989999771118164,4.880000114440918,4.900000095367432,27800
2016-08-10,4.889999866485596,4.949999809265137,4.75,4.900000095367432,11900
2016-08-11,4.889999866485596,5.03000020980835,4.889999866485596,5.010000228881836,41200
2016-08-12,5.010000228881836,5.079999923706055,4.989999771118164,5.059999942779541,23100
2016-08-15,5.079999923706055,5.25,5.019999980926514,5.230000019073486,64500
2016-08-16,5.179999828338623,5.420000076293945,5.099999904632568,5.389999866485596,185500
2016-08-17,5.340000152587891,5.420000076293945,5.329999923706055,5.400000095367432,111100
2016-08-18,5.440000057220459,5.510000228881836,5.429999828338623,5.5,108500
2016-08-19,5.5,5.519999980926514,5.46999979019165,5.46999979019165,58600
2016-08-22,5.460000038146973,5.480000019073486,5.360000133514404,5.429999828338623,61700
2016-08-23,5.440000057220459,5.539999961853027,5.429999828338623,5.480000019073486,111400
2016-08-24,5.449999809265137,5.570000171661377,5.369999885559082,5.409999847412109,77800
2016-08-25,5.0,5.119999885559082,4.800000190734863,4.880000114440918,125900
2016-08-26,4.949999809265137,4.980000019073486,4.829999923706055,4.860000133514404,77600
2016-08-29,4.909999847412109,4.909999847412109,4.710000038146973,4.75,95700
2016-08-30,4.75,4.769999980926514,4.619999885559082,4.659999847412109,73600
2016-08-31,4.679999828338623,4.699999809265137,4.590000152587891,4.630000114440918,79400
2016-09-01,4.630000114440918,4.71999979019165,4.559999942779541,4.690000057220459,95400
2016-09-02,4.730000019073486,4.769999980926514,4.690000057220459,4.760000228881836,52400
2016-09-06,4.710000038146973,4.789999961853027,4.710000038146973,4.75,39700
2016-09-07,4.769999980926514,4.820000171661377,4.739999771118164,4.800000190734863,73100
2016-09-08,4.800000190734863,4.820000171661377,4.71999979019165,4.71999979019165,26100
2016-09-09,4.699999809265137,4.710000038146973,4.489999771118164,4.489999771118164,102500
2016-09-12,4.460000038146973,4.619999885559082,4.460000038146973,4.559999942779541,78600
2016-09-13,4.570000171661377,4.570000171661377,4.460000038146973,4.5,62500
2016-09-14,4.480000019073486,4.699999809265137,4.449999809265137,4.679999828338623,85700
2016-09-15,4.710000038146973,4.75,4.619999885559082,4.650000095367432,37800
2016-09-16,4.670000076293945,4.679999828338623,4.630000114440918,4.670000076293945,113300
2016-09-19,4.699999809265137,4.71999979019165,4.539999961853027,4.590000152587891,49200
2016-09-20,4.590000152587891,4.599999904632568,4.489999771118164,4.489999771118164,38200
2016-09-21,4.519999980926514,4.519999980926514,4.400000095367432,4.489999771118164,55000
2016-09-22,4.489999771118164,4.590000152587891,4.489999771118164,4.519999980926514,84900
2016-09-23,4.53000020980835,4.559999942779541,4.449999809265137,4.480000019073486,93900
2016-09-26,4.449999809265137,4.46999979019165,4.28000020980835,4.340000152587891,85600
2016-09-27,4.329999923706055,4.389999866485596,4.320000171661377,4.329999923706055,44000
2016-09-28,4.260000228881836,4.349999904632568,4.260000228881836,4.320000171661377,62600
2016-09-29,4.329999923706055,4.340000152587891,4.130000114440918,4.190000057220459,272700
2016-09-30,4.199999809265137,4.380000114440918,4.190000057220459,4.329999923706055,65900
2016-10-03,4.289999961853027,4.349999904632568,4.21999979019165,4.28000020980835,42300
2016-10-04,4.260000228881836,4.380000114440918,4.210000038146973,4.360000133514404,63000
2016-10-05,4.369999885559082,4.480000019073486,4.320000171661377,4.360000133514404,37400
2016-10-06,4.360000133514404,4.53000020980835,4.360000133514404,4.5,52600
2016-10-07,4.599999904632568,4.599999904632568,4.409999847412109,4.429999828338623,37700
2016-10-10,4.449999809265137,4.519999980926514,4.449999809265137,4.489999771118164,38500
2016-10-11,4.5,4.5,4.329999923706055,4.360000133514404,23600
2016-10-12,4.389999866485596,4.510000228881836,4.260000228881836,4.300000190734863,78000
2016-10-13,4.260000228881836,4.269999980926514,4.21999979019165,4.21999979019165,30600
2016-10-14,4.25,4.289999961853027,4.199999809265137,4.230000019073486,24000
2016-10-17,4.199999809265137,4.300000190734863,4.199999809265137,4.25,16300
2016-10-18,4.349999904632568,4.349999904632568,4.150000095367432,4.25,21400
2016-10-19,4.25,4.25,4.179999828338623,4.25,35100
2016-10-20,4.25,4.300000190734863,4.150000095367432,4.199999809265137,55100
2016-10-21,4.150000095367432,4.199999809265137,3.950000047683716,4.150000095367432,154400
2016-10-24,4.199999809265137,4.449999809265137,4.150000095367432,4.400000095367432,31400
2016-10-25,4.449999809265137,4.449999809265137,4.349999904632568,4.400000095367432,21500
2016-10-26,4.449999809265137,4.449999809265137,4.349999904632568,4.349999904632568,31700
2016-10-27,4.400000095367432,4.400000095367432,4.349999904632568,4.349999904632568,23400
2016-10-28,4.28000020980835,4.349999904632568,4.150000095367432,4.300000190734863,19100
2016-10-31,4.300000190734863,4.300000190734863,3.950000047683716,4.050000190734863,221300
2016-11-01,4.099999904632568,4.179999828338623,3.9000000953674316,3.950000047683716,172800
2016-11-02,3.950000047683716,4.050000190734863,3.950000047683716,3.950000047683716,42700
2016-11-03,4.0,4.050000190734863,3.9000000953674316,3.9000000953674316,83400
2016-11-04,3.950000047683716,4.300000190734863,3.9000000953674316,4.099999904632568,49900
2016-11-07,4.199999809265137,4.199999809265137,4.099999904632568,4.199999809265137,33800
2016-11-08,4.199999809265137,4.349999904632568,4.150000095367432,4.300000190734863,29500
2016-11-09,4.25,4.5,4.090000152587891,4.5,61200
2016-11-10,4.550000190734863,4.699999809265137,4.199999809265137,4.5,104800
2016-11-11,4.599999904632568,4.699999809265137,4.0,4.699999809265137,198000
2016-11-14,4.699999809265137,5.0,4.550000190734863,4.900000095367432,85700
2016-11-15,4.900000095367432,4.900000095367432,4.559999942779541,4.849999904632568,33100
2016-11-16,4.900000095367432,4.900000095367432,4.75,4.900000095367432,51100
2016-11-17,4.949999809265137,4.949999809265137,4.699999809265137,4.849999904632568,52700
2016-11-18,4.550000190734863,4.550000190734863,4.050000190734863,4.199999809265137,135400
2016-11-21,4.150000095367432,4.260000228881836,4.03000020980835,4.099999904632568,222900
2016-11-22,4.150000095367432,4.25,4.0,4.099999904632568,254300
2016-11-23,4.099999904632568,4.25,4.050000190734863,4.150000095367432,145000
2016-11-25,4.099999904632568,4.349999904632568,4.079999923706055,4.199999809265137,87800
2016-11-28,4.25,4.300000190734863,4.050000190734863,4.199999809265137,109200
2016-11-29,4.300000190734863,4.400000095367432,4.199999809265137,4.199999809265137,65100
2016-11-30,4.25,4.300000190734863,4.050000190734863,4.099999904632568,80000
2016-12-01,4.050000190734863,4.25,4.050000190734863,4.099999904632568,73700
2016-12-02,4.150000095367432,4.25,4.050000190734863,4.099999904632568,65700
2016-12-05,4.150000095367432,4.25,4.150000095367432,4.199999809265137,56700
2016-12-06,4.150000095367432,4.300000190734863,4.150000095367432,4.25,127100
2016-12-07,4.199999809265137,4.300000190734863,4.150000095367432,4.199999809265137,93500
2016-12-08,4.150000095367432,4.300000190734863,4.110000133514404,4.150000095367432,90000
2016-12-09,4.099999904632568,4.25,4.099999904632568,4.199999809265137,147500
2016-12-12,4.150000095367432,4.25,4.099999904632568,4.150000095367432,123900
2016-12-13,4.150000095367432,4.199999809265137,4.050000190734863,4.099999904632568,86200
2016-12-14,4.099999904632568,4.150000095367432,4.050000190734863,4.099999904632568,85800
2016-12-15,4.099999904632568,4.25,4.050000190734863,4.050000190734863,175800
2016-12-16,4.099999904632568,4.150000095367432,4.099999904632568,4.099999904632568,193300
2016-12-19,4.150000095367432,4.179999828338623,4.079999923706055,4.099999904632568,103100
2016-12-20,4.150000095367432,4.449999809265137,4.150000095367432,4.300000190734863,98900
2016-12-21,4.349999904632568,4.400000095367432,4.199999809265137,4.25,77400
2016-12-22,4.25,4.25,4.150000095367432,4.150000095367432,56300
2016-12-23,4.150000095367432,4.25,4.050000190734863,4.150000095367432,45700
2016-12-27,4.150000095367432,4.400000095367432,4.150000095367432,4.25,113000
2016-12-28,4.25,4.300000190734863,4.150000095367432,4.199999809265137,79200
2016-12-29,4.199999809265137,4.400000095367432,4.099999904632568,4.300000190734863,75900
2016-12-30,4.25,4.349999904632568,4.199999809265137,4.25,99400
2017-01-03,4.25,4.300000190734863,4.099999904632568,4.150000095367432,74400
2017-01-04,4.150000095367432,4.25,4.099999904632568,4.150000095367432,52300
2017-01-05,4.150000095367432,4.150000095367432,3.8499999046325684,3.9000000953674316,87100
2017-01-06,3.950000047683716,3.950000047683716,3.7200000286102295,3.799999952316284,92400
2017-01-09,3.5,3.5999999046325684,3.1500000953674316,3.25,443700
2017-01-10,3.25,3.5,3.25,3.5,112900
2017-01-11,3.430000066757202,3.75,3.430000066757202,3.549999952316284,117600
2017-01-12,3.5799999237060547,3.6500000953674316,3.549999952316284,3.5999999046325684,74600
2017-01-13,3.6500000953674316,3.8499999046325684,3.549999952316284,3.700000047683716,312800
2017-01-17,3.75,3.75,3.5,3.549999952316284,144400
2017-01-18,3.5999999046325684,3.5999999046325684,3.4000000953674316,3.450000047683716,140800
2017-01-19,3.4000000953674316,3.5,3.3499999046325684,3.4000000953674316,65500
2017-01-20,3.3499999046325684,3.4000000953674316,3.3499999046325684,3.3499999046325684,63900
2017-01-23,3.3499999046325684,3.4000000953674316,3.25,3.299999952316284,217700
2017-01-24,3.299999952316284,3.3299999237060547,3.1500000953674316,3.25,112000
2017-01-25,3.25,3.3499999046325684,3.200000047683716,3.299999952316284,172500
2017-01-26,3.299999952316284,3.3499999046325684,3.200000047683716,3.299999952316284,74600
2017-01-27,3.4000000953674316,3.4000000953674316,3.25,3.299999952316284,28100
2017-01-30,3.299999952316284,3.299999952316284,3.25,3.25,46100
2017-01-31,3.25,3.700000047683716,3.180000066757202,3.549999952316284,350300
2017-02-01,3.5999999046325684,3.5999999046325684,3.200000047683716,3.200000047683716,97600
2017-02-02,3.200000047683716,3.25,3.0999999046325684,3.200000047683716,95400
2017-02-03,3.25,3.25,3.049999952316284,3.25,117800
2017-02-06,3.25,3.3499999046325684,3.049999952316284,3.0999999046325684,167300
2017-02-07,3.0999999046325684,3.0999999046325684,3.0299999713897705,3.049999952316284,46300
2017-02-08,3.0,3.0999999046325684,2.9000000953674316,3.0,180400
2017-02-09,3.0,3.200000047683716,3.0,3.1500000953674316,74500
2017-02-10,3.1500000953674316,3.299999952316284,3.1500000953674316,3.299999952316284,68100
2017-02-13,3.299999952316284,3.299999952316284,3.1500000953674316,3.25,79300
2017-02-14,3.25,3.25,3.049999952316284,3.1500000953674316,127500
2017-02-15,3.1500000953674316,3.1500000953674316,3.049999952316284,3.1500000953674316,44700
2017-02-16,3.0999999046325684,3.299999952316284,3.0299999713897705,3.25,97700
2017-02-17,3.25,3.4000000953674316,3.119999885559082,3.3499999046325684,169200
2017-02-21,3.3499999046325684,3.4000000953674316,3.25,3.299999952316284,52400
2017-02-22,3.25,3.299999952316284,3.049999952316284,3.200000047683716,51100
2017-02-23,3.200000047683716,3.2300000190734863,3.049999952316284,3.0999999046325684,59400
2017-02-24,3.049999952316284,3.130000114440918,3.0,3.049999952316284,81400
2017-02-27,3.0,3.1500000953674316,3.0,3.0999999046325684,76400
2017-02-28,3.200000047683716,3.200000047683716,2.8299999237060547,3.0,241000
2017-03-01,3.0999999046325684,3.0999999046325684,2.9000000953674316,2.950000047683716,213800
2017-03-02,2.9000000953674316,2.950000047683716,2.799999952316284,2.8499999046325684,403600
2017-03-03,2.9000000953674316,2.9000000953674316,2.5999999046325684,2.700000047683716,180100
2017-03-06,2.6500000953674316,2.700000047683716,2.5999999046325684,2.6500000953674316,71100
2017-03-07,2.5999999046325684,2.5999999046325684,2.5,2.549999952316284,125300
2017-03-08,2.5999999046325684,2.700000047683716,2.549999952316284,2.549999952316284,81900
2017-03-09,2.549999952316284,2.5999999046325684,2.450000047683716,2.450000047683716,66800
2017-03-10,2.5,2.5999999046325684,2.5,2.5,77600
2017-03-13,2.549999952316284,2.950000047683716,2.450000047683716,2.700000047683716,93400
2017-03-14,2.75,2.9000000953674316,2.549999952316284,2.799999952316284,390400
2017-03-15,2.8499999046325684,2.880000114440918,2.700000047683716,2.799999952316284,79300
2017-03-16,2.8499999046325684,2.8499999046325684,2.700000047683716,2.75,102600
2017-03-17,2.700000047683716,2.799999952316284,2.3499999046325684,2.4000000953674316,292100
2017-03-20,2.200000047683716,2.4000000953674316,2.0999999046325684,2.3499999046325684,420700
2017-03-21,2.3499999046325684,2.549999952316284,2.1500000953674316,2.5,364500
2017-03-22,2.549999952316284,2.700000047683716,2.299999952316284,2.450000047683716,287100
2017-03-23,2.4000000953674316,2.6500000953674316,2.4000000953674316,2.549999952316284,183900
2017-03-24,2.5999999046325684,2.8499999046325684,2.549999952316284,2.5999999046325684,422000
2017-03-27,2.549999952316284,2.5999999046325684,2.3499999046325684,2.4000000953674316,456700
2017-03-28,2.4000000953674316,2.5,2.3499999046325684,2.5,408700
2017-03-29,2.450000047683716,2.799999952316284,2.450000047683716,2.6500000953674316,255300
2017-03-30,2.6500000953674316,2.8499999046325684,2.5999999046325684,2.8499999046325684,248600
2017-03-31,2.9000000953674316,2.950000047683716,2.75,2.8499999046325684,393900
2017-04-03,2.8499999046325684,3.0,2.6500000953674316,2.700000047683716,363500
2017-04-04,2.700000047683716,2.8499999046325684,2.5999999046325684,2.8499999046325684,271800
2017-04-05,2.8499999046325684,2.8499999046325684,2.6500000953674316,2.6500000953674316,197800
2017-04-06,2.6500000953674316,2.700000047683716,2.5999999046325684,2.6500000953674316,158100
2017-04-07,2.5999999046325684,2.799999952316284,2.5999999046325684,2.75,242100
2017-04-10,2.700000047683716,2.799999952316284,2.6500000953674316,2.6500000953674316,188200
2017-04-11,2.6500000953674316,2.799999952316284,2.5999999046325684,2.75,136100
2017-04-12,2.75,2.799999952316284,2.5999999046325684,2.700000047683716,94200
2017-04-13,2.6500000953674316,2.700000047683716,2.5999999046325684,2.5999999046325684,91500
2017-04-17,2.6500000953674316,2.6500000953674316,2.5,2.549999952316284,78000
2017-04-18,2.549999952316284,2.6500000953674316,2.450000047683716,2.5999999046325684,66100
2017-04-19,2.5999999046325684,2.700000047683716,2.549999952316284,2.549999952316284,75900
2017-04-20,2.5999999046325684,2.75,2.549999952316284,2.75,139600
2017-04-21,2.75,2.799999952316284,2.6500000953674316,2.6500000953674316,163000
2017-04-24,2.75,2.799999952316284,2.6500000953674316,2.700000047683716,126300
2017-04-25,2.700000047683716,2.799999952316284,2.6500000953674316,2.6500000953674316,139300
2017-04-26,2.700000047683716,2.799999952316284,2.6500000953674316,2.75,146000
2017-04-27,2.75,2.8499999046325684,2.700000047683716,2.75,127200
2017-04-28,2.799999952316284,2.799999952316284,2.5,2.549999952316284,230100
2017-05-01,2.4800000190734863,2.6500000953674316,2.4800000190734863,2.549999952316284,123800
2017-05-02,2.5,2.5799999237060547,2.450000047683716,2.450000047683716,144500
2017-05-03,2.450000047683716,2.5,2.4000000953674316,2.450000047683716,100900
2017-05-04,2.450000047683716,2.450000047683716,2.299999952316284,2.299999952316284,344900
2017-05-05,2.3299999237060547,2.3499999046325684,2.25,2.25,289000
2017-05-08,2.25,2.3299999237060547,2.25,2.299999952316284,185600
2017-05-09,2.299999952316284,2.3499999046325684,2.1500000953674316,2.200000047683716,308200
2017-05-10,2.200000047683716,2.4000000953674316,2.1500000953674316,2.299999952316284,408200
2017-05-11,2.25,2.3399999141693115,2.1700000762939453,2.25,257200
2017-05-12,2.200000047683716,2.2799999713897705,2.1500000953674316,2.1500000953674316,215600
2017-05-15,2.200000047683716,2.3499999046325684,1.9500000476837158,2.0,825600
2017-05-16,2.049999952316284,2.299999952316284,2.0,2.25,551900
2017-05-17,2.299999952316284,2.380000114440918,2.200000047683716,2.200000047683716,233800
2017-05-18,2.200000047683716,2.299999952316284,1.9500000476837158,2.0,393400
2017-05-19,2.0999999046325684,2.450000047683716,2.0999999046325684,2.4000000953674316,1571800
2017-05-22,2.450000047683716,2.5,2.200000047683716,2.25,316200
2017-05-23,2.299999952316284,2.3499999046325684,2.2799999713897705,2.299999952316284,141600
2017-05-24,2.299999952316284,2.3499999046325684,2.200000047683716,2.25,253200
2017-05-25,2.25,2.299999952316284,2.200000047683716,2.200000047683716,210300
2017-05-26,2.200000047683716,2.299999952316284,2.200000047683716,2.25,231400
2017-05-30,2.25,2.299999952316284,2.25,2.25,157300
2017-05-31,2.25,2.450000047683716,2.200000047683716,2.4000000953674316,226000
2017-06-01,2.4000000953674316,2.5299999713897705,2.3499999046325684,2.4000000953674316,246500
2017-06-02,2.4000000953674316,2.5299999713897705,2.4000000953674316,2.5,211200
2017-06-05,2.5,2.5999999046325684,2.450000047683716,2.5,200200
2017-06-06,2.450000047683716,2.5299999713897705,2.25,2.3499999046325684,341100
2017-06-07,2.3499999046325684,2.3499999046325684,2.299999952316284,2.3299999237060547,153300
2017-06-08,2.299999952316284,2.3299999237060547,2.200000047683716,2.2300000190734863,210700
2017-06-09,2.200000047683716,2.3499999046325684,2.1500000953674316,2.3499999046325684,212200
2017-06-12,2.299999952316284,2.4000000953674316,2.1500000953674316,2.1500000953674316,397500
2017-06-13,2.200000047683716,2.4000000953674316,2.1500000953674316,2.3499999046325684,315900
2017-06-14,2.4000000953674316,2.5,2.25,2.450000047683716,380900
2017-06-15,2.4000000953674316,2.630000114440918,2.4000000953674316,2.5,241900
2017-06-16,2.450000047683716,2.5299999713897705,2.4000000953674316,2.5,375800
2017-06-19,2.5,2.6500000953674316,2.4000000953674316,2.549999952316284,351700
2017-06-20,2.5999999046325684,2.6500000953674316,2.5,2.549999952316284,196800
2017-06-21,2.5999999046325684,2.700000047683716,2.549999952316284,2.6500000953674316,230700
2017-06-22,2.700000047683716,2.700000047683716,2.549999952316284,2.5999999046325684,444400
2017-06-23,2.6500000953674316,2.6500000953674316,2.4000000953674316,2.450000047683716,4397100
2017-06-26,2.5,2.680000066757202,2.5,2.6500000953674316,409500
2017-06-27,2.5999999046325684,2.75,2.549999952316284,2.6500000953674316,409400
2017-06-28,2.700000047683716,2.75,2.3499999046325684,2.3499999046325684,373700
2017-06-29,2.3499999046325684,2.380000114440918,2.25,2.299999952316284,230600
2017-06-30,2.299999952316284,2.3499999046325684,2.200000047683716,2.3499999046325684,724900
2017-07-03,2.4000000953674316,2.5,2.25,2.3499999046325684,120600
2017-07-05,2.3499999046325684,2.4000000953674316,2.200000047683716,2.25,289100
2017-07-06,2.25,2.25,2.0,2.0,407200
2017-07-07,2.0,2.049999952316284,1.909999966621399,2.049999952316284,264500
2017-07-10,2.049999952316284,2.130000114440918,1.850000023841858,2.0,386800
2017-07-11,2.049999952316284,2.049999952316284,1.899999976158142,1.9500000476837158,266100
2017-07-12,1.9500000476837158,2.0,1.899999976158142,1.9500000476837158,175900
2017-07-13,1.9500000476837158,2.0,1.899999976158142,2.0,140600
2017-07-14,2.0,2.049999952316284,1.9500000476837158,2.0,307000
2017-07-17,2.0,2.049999952316284,1.9299999475479126,2.049999952316284,160900
2017-07-18,2.0,2.1500000953674316,1.9800000190734863,2.1500000953674316,231900
2017-07-19,2.1500000953674316,2.1500000953674316,2.049999952316284,2.049999952316284,151200
2017-07-20,2.049999952316284,2.1500000953674316,1.9500000476837158,2.0,147800
2017-07-21,2.0,2.0,1.850000023841858,1.899999976158142,234200
2017-07-24,1.899999976158142,1.9500000476837158,1.7999999523162842,1.7999999523162842,196500
2017-07-25,1.840000033378601,1.8799999952316284,1.7000000476837158,1.75,420300
2017-07-26,1.75,1.899999976158142,1.75,1.850000023841858,171100
2017-07-27,1.850000023841858,2.1500000953674316,1.850000023841858,2.0,282700
2017-07-28,2.0,2.0999999046325684,2.0,2.0,62800
2017-07-31,2.0,2.0,1.8700000047683716,2.0,231900
2017-08-01,2.0,2.0,1.899999976158142,1.9500000476837158,250600
2017-08-02,1.9500000476837158,2.049999952316284,1.899999976158142,1.899999976158142,781600
2017-08-03,1.9500000476837158,2.0,1.850000023841858,1.899999976158142,282000
2017-08-04,1.899999976158142,2.0,1.850000023841858,1.850000023841858,220100
2017-08-07,1.899999976158142,1.899999976158142,1.7999999523162842,1.899999976158142,215300
2017-08-08,1.899999976158142,1.899999976158142,1.7999999523162842,1.850000023841858,270700
2017-08-09,1.850000023841858,1.850000023841858,1.7999999523162842,1.7999999523162842,116500
2017-08-10,1.7999999523162842,1.899999976158142,1.7799999713897705,1.850000023841858,312100
2017-08-11,1.850000023841858,1.8799999952316284,1.7999999523162842,1.850000023841858,261500
2017-08-14,1.850000023841858,1.899999976158142,1.75,1.75,267500
2017-08-15,1.75,1.7999999523162842,1.649999976158142,1.7000000476837158,504000
2017-08-16,1.7000000476837158,1.7799999713897705,1.649999976158142,1.7000000476837158,264900
2017-08-17,1.7000000476837158,1.75,1.5800000429153442,1.7000000476837158,666100
2017-08-18,1.649999976158142,1.649999976158142,1.5499999523162842,1.5499999523162842,162900
2017-08-21,1.600000023841858,1.649999976158142,1.5499999523162842,1.600000023841858,653300
2017-08-22,1.649999976158142,1.649999976158142,1.5499999523162842,1.600000023841858,597300
2017-08-23,1.5499999523162842,1.600000023841858,1.5499999523162842,1.600000023841858,241100
2017-08-24,1.600000023841858,1.75,1.4600000381469727,1.75,688900
2017-08-25,1.7999999523162842,1.7999999523162842,1.7000000476837158,1.7000000476837158,224200
2017-08-28,1.7000000476837158,1.9500000476837158,1.7000000476837158,1.850000023841858,1482500
2017-08-29,1.7999999523162842,1.899999976158142,1.75,1.850000023841858,775400
2017-08-30,1.850000023841858,1.9500000476837158,1.7999999523162842,1.7999999523162842,474700
2017-08-31,1.850000023841858,1.9299999475479126,1.7999999523162842,1.850000023841858,419100
2017-09-01,1.850000023841858,2.0999999046325684,1.850000023841858,2.0,796100
2017-09-05,2.0,2.130000114440918,1.9500000476837158,2.049999952316284,317200
2017-09-06,2.049999952316284,2.0799999237060547,1.9500000476837158,2.0,194300
2017-09-07,2.0,2.0999999046325684,2.0,2.049999952316284,138800
2017-09-08,2.049999952316284,2.0999999046325684,1.9500000476837158,2.0999999046325684,317600
2017-09-11,2.0999999046325684,2.0999999046325684,2.0,2.0,168200
2017-09-12,2.0,2.049999952316284,1.9500000476837158,2.0,130200
2017-09-13,2.0,2.0999999046325684,1.9500000476837158,1.9500000476837158,255500
2017-09-14,1.9500000476837158,2.0299999713897705,1.899999976158142,1.9500000476837158,216100
2017-09-15,1.9500000476837158,2.0,1.899999976158142,2.0,104500
2017-09-18,2.0,2.049999952316284,1.9299999475479126,2.0,159600
2017-09-19,2.0,2.049999952316284,1.850000023841858,1.8799999952316284,134500
2017-09-20,1.899999976158142,1.9500000476837158,1.840000033378601,1.899999976158142,254100
2017-09-21,1.899999976158142,1.9500000476837158,1.899999976158142,1.899999976158142,30000
2017-09-22,1.899999976158142,1.9500000476837158,1.899999976158142,1.9500000476837158,52200
2017-09-25,1.9500000476837158,2.0,1.850000023841858,1.9500000476837158,93500
2017-09-26,1.9500000476837158,2.0,1.899999976158142,1.9800000190734863,93300
2017-09-27,2.0,2.0999999046325684,1.9500000476837158,2.0,127800
2017-09-28,2.0,2.0,1.9500000476837158,1.9500000476837158,14000
2017-09-29,1.9500000476837158,2.0,1.850000023841858,1.899999976158142,221200
2017-10-02,1.899999976158142,1.9500000476837158,1.75,1.7999999523162842,266600
2017-10-03,1.850000023841858,1.899999976158142,1.75,1.850000023841858,427600
2017-10-04,1.899999976158142,1.9500000476837158,1.850000023841858,1.899999976158142,337400
2017-10-05,1.899999976158142,2.0999999046325684,1.850000023841858,1.9500000476837158,229900
2017-10-06,2.0,2.049999952316284,1.9500000476837158,2.049999952316284,232300
2017-10-09,2.049999952316284,2.0799999237060547,1.899999976158142,1.9299999475479126,61700
2017-10-10,1.9500000476837158,2.0999999046325684,1.9500000476837158,2.049999952316284,76400
2017-10-11,2.049999952316284,2.0999999046325684,2.0299999713897705,2.049999952316284,46700
2017-10-12,2.049999952316284,2.0999999046325684,2.0,2.0799999237060547,46500
2017-10-13,2.0,2.1500000953674316,1.9500000476837158,2.0999999046325684,213700
2017-10-16,2.049999952316284,2.049999952316284,1.9500000476837158,1.9500000476837158,47200
2017-10-17,1.9500000476837158,2.0,1.899999976158142,1.899999976158142,56200
2017-10-18,1.899999976158142,2.0,1.899999976158142,1.9500000476837158,67700
2017-10-19,1.899999976158142,1.9500000476837158,1.850000023841858,1.899999976158142,59600
2017-10-20,1.899999976158142,2.0,1.899999976158142,1.899999976158142,46200
2017-10-23,1.899999976158142,2.0,1.899999976158142,1.9500000476837158,33100
2017-10-24,1.9500000476837158,1.9800000190734863,1.899999976158142,1.9299999475479126,131400
2017-10-25,1.899999976158142,2.0,1.899999976158142,1.9500000476837158,45400
2017-10-26,1.899999976158142,1.9500000476837158,1.75,1.9500000476837158,203700
2017-10-27,1.899999976158142,2.0,1.8799999952316284,1.9500000476837158,84400
2017-10-30,1.899999976158142,2.0,1.850000023841858,1.9500000476837158,184900
2017-10-31,1.899999976158142,2.049999952316284,1.899999976158142,2.0,112300
2017-11-01,2.0,2.049999952316284,1.9500000476837158,1.9500000476837158,50100
2017-11-02,2.0,2.049999952316284,1.9500000476837158,2.0299999713897705,76600
2017-11-03,2.049999952316284,2.049999952316284,2.0,2.0299999713897705,56800
2017-11-06,2.0,2.0299999713897705,1.899999976158142,1.9500000476837158,32900
2017-11-07,1.9500000476837158,2.049999952316284,1.899999976158142,2.0,101200
2017-11-08,2.0,2.049999952316284,2.0,2.0,37900
2017-11-09,2.0,2.049999952316284,1.899999976158142,1.899999976158142,186700
2017-11-10,1.9500000476837158,2.049999952316284,1.9500000476837158,1.9500000476837158,77500
2017-11-13,1.9500000476837158,2.0,1.899999976158142,2.0,102400
2017-11-14,2.0,2.0399999618530273,1.9500000476837158,2.0,33800
2017-11-15,2.0,2.049999952316284,1.9500000476837158,2.0,32800
2017-11-16,2.0,2.5,2.0,2.299999952316284,298700
2017-11-17,2.1500000953674316,2.1500000953674316,1.7999999523162842,1.8300000429153442,168800
2017-11-20,1.7999999523162842,1.9500000476837158,1.7999999523162842,1.9299999475479126,218700
2017-11-21,1.9500000476837158,2.0,1.9500000476837158,2.0,160400
2017-11-22,2.0,2.0999999046325684,1.9500000476837158,2.0,117900
2017-11-24,2.0,2.0399999618530273,1.899999976158142,1.9500000476837158,92400
2017-11-27,2.0,2.0,1.899999976158142,1.9500000476837158,99100
2017-11-28,1.9500000476837158,2.130000114440918,1.9500000476837158,2.0999999046325684,393400
2017-11-29,2.1500000953674316,2.1500000953674316,1.9500000476837158,2.049999952316284,47100
2017-11-30,2.0999999046325684,2.0999999046325684,1.9500000476837158,2.0299999713897705,110300
2017-12-01,2.049999952316284,2.0999999046325684,1.9500000476837158,2.049999952316284,157000
2017-12-04,2.049999952316284,2.1500000953674316,2.049999952316284,2.1500000953674316,106800
2017-12-05,2.1500000953674316,2.2300000190734863,2.0999999046325684,2.200000047683716,158800
2017-12-06,2.1500000953674316,2.200000047683716,2.0999999046325684,2.1500000953674316,40500
2017-12-07,2.1500000953674316,2.1500000953674316,2.0999999046325684,2.1500000953674316,70200
2017-12-08,2.200000047683716,2.299999952316284,2.0999999046325684,2.2799999713897705,400400
2017-12-11,2.3499999046325684,2.3499999046325684,2.2300000190734863,2.3499999046325684,456000
2017-12-12,2.3499999046325684,2.3499999046325684,2.1500000953674316,2.25,279300
2017-12-13,2.25,2.25,2.049999952316284,2.1500000953674316,287800
2017-12-14,2.1500000953674316,2.200000047683716,2.049999952316284,2.200000047683716,260100
2017-12-15,2.25,2.25,2.049999952316284,2.0999999046325684,198700
2017-12-18,2.299999952316284,2.299999952316284,2.0999999046325684,2.200000047683716,575700
2017-12-19,2.200000047683716,2.200000047683716,2.0999999046325684,2.1500000953674316,392500
2017-12-20,2.1500000953674316,2.1500000953674316,2.049999952316284,2.0799999237060547,100200
2017-12-21,2.049999952316284,2.1500000953674316,2.0,2.0999999046325684,206200
2017-12-22,2.049999952316284,2.1500000953674316,2.0,2.0999999046325684,389800
2017-12-26,2.049999952316284,2.0999999046325684,2.0,2.049999952316284,202200
2017-12-27,2.049999952316284,2.0999999046325684,2.0,2.049999952316284,122700
2017-12-28,2.049999952316284,2.1500000953674316,2.049999952316284,2.049999952316284,56400
2017-12-29,2.0999999046325684,2.200000047683716,2.0,2.200000047683716,473300
2018-01-02,2.200000047683716,2.299999952316284,2.0999999046325684,2.2799999713897705,99100
2018-01-03,2.25,2.299999952316284,2.200000047683716,2.25,40200
2018-01-04,2.25,2.3499999046325684,2.1500000953674316,2.299999952316284,53600
2018-01-05,2.3499999046325684,2.3499999046325684,2.25,2.299999952316284,18200
2018-01-08,2.0,2.25,2.0,2.200000047683716,114800
2018-01-09,2.2699999809265137,2.299999952316284,2.25,2.25,3600
2018-01-10,2.25,2.299999952316284,2.200000047683716,2.25,49700
2018-01-11,2.25,2.5,2.2200000286102295,2.5,193500
2018-01-12,2.549999952316284,2.5999999046325684,2.4000000953674316,2.4000000953674316,54200
2018-01-16,2.4000000953674316,2.5,2.25,2.4000000953674316,47400
2018-01-17,2.3499999046325684,2.5,2.3499999046325684,2.4000000953674316,94800
2018-01-18,2.4000000953674316,2.549999952316284,2.4000000953674316,2.5,59400
2018-01-19,2.5,2.5999999046325684,2.5,2.549999952316284,58000
2018-01-22,2.549999952316284,2.6500000953674316,2.549999952316284,2.5999999046325684,64300
2018-01-23,2.6500000953674316,2.6500000953674316,2.549999952316284,2.6500000953674316,53000
2018-01-24,2.5999999046325684,2.680000066757202,2.5999999046325684,2.6500000953674316,38000
2018-01-25,2.700000047683716,2.700000047683716,2.5999999046325684,2.6500000953674316,59300
2018-01-26,2.5999999046325684,2.700000047683716,2.5999999046325684,2.680000066757202,42400
2018-01-29,2.6500000953674316,2.6500000953674316,2.5,2.5,108700
2018-01-30,2.5,2.5999999046325684,2.4000000953674316,2.5999999046325684,76800
2018-01-31,2.549999952316284,2.5999999046325684,2.549999952316284,2.5999999046325684,56500
2018-02-01,2.549999952316284,2.5999999046325684,2.549999952316284,2.5999999046325684,94700
2018-02-02,2.549999952316284,2.5999999046325684,2.549999952316284,2.5799999237060547,119700
2018-02-05,2.549999952316284,2.5999999046325684,2.450000047683716,2.450000047683716,264900
2018-02-06,2.4000000953674316,2.5,2.3499999046325684,2.4000000953674316,142700
2018-02-07,2.4000000953674316,2.450000047683716,2.3499999046325684,2.3499999046325684,26900
2018-02-08,2.4000000953674316,2.450000047683716,2.25,2.299999952316284,67200
2018-02-09,2.25,2.299999952316284,2.200000047683716,2.25,32900
2018-02-12,2.25,2.3499999046325684,2.25,2.25,24500
2018-02-13,2.25,2.3499999046325684,2.25,2.25,8500
2018-02-14,2.299999952316284,2.299999952316284,2.200000047683716,2.299999952316284,30900
2018-02-15,2.299999952316284,2.299999952316284,2.25,2.25,11100
2018-02-16,2.25,2.450000047683716,2.200000047683716,2.299999952316284,161700
2018-02-20,2.299999952316284,2.3499999046325684,2.25,2.3299999237060547,41500
2018-02-21,2.3499999046325684,2.3499999046325684,2.25,2.3299999237060547,7900
2018-02-22,2.3499999046325684,2.4000000953674316,2.299999952316284,2.4000000953674316,53500
2018-02-23,2.4000000953674316,2.450000047683716,2.25,2.450000047683716,15800
2018-02-26,2.450000047683716,2.549999952316284,2.3499999046325684,2.450000047683716,97600
2018-02-27,2.450000047683716,2.5,2.299999952316284,2.450000047683716,147700
2018-02-28,2.450000047683716,2.5,2.3499999046325684,2.450000047683716,83300
2018-03-01,2.450000047683716,2.549999952316284,2.4000000953674316,2.5,47300
2018-03-02,2.5,2.5999999046325684,2.5,2.549999952316284,18300
2018-03-05,2.549999952316284,2.549999952316284,2.5,2.5,13300
2018-03-06,2.5,2.549999952316284,2.4800000190734863,2.5,60800
2018-03-07,2.5,2.549999952316284,2.450000047683716,2.5,27500
2018-03-08,2.5,2.549999952316284,2.5,2.5299999713897705,53800
2018-03-09,2.549999952316284,2.5999999046325684,2.5,2.549999952316284,22600
2018-03-12,2.5,2.549999952316284,2.4000000953674316,2.549999952316284,110300
2018-03-13,2.549999952316284,2.549999952316284,2.5,2.5,39300
2018-03-14,2.5,2.549999952316284,2.450000047683716,2.4800000190734863,20300
2018-03-15,2.450000047683716,2.549999952316284,2.450000047683716,2.450000047683716,28600
2018-03-16,2.450000047683716,2.5,2.200000047683716,2.4000000953674316,582900
2018-03-19,2.4000000953674316,2.5,2.3499999046325684,2.3499999046325684,73400
2018-03-20,2.3499999046325684,2.4200000762939453,2.299999952316284,2.3499999046325684,59000
2018-03-21,2.3499999046325684,2.4200000762939453,2.2799999713897705,2.299999952316284,89600
2018-03-22,2.299999952316284,2.4000000953674316,2.25,2.299999952316284,61300
2018-03-23,2.299999952316284,2.299999952316284,1.850000023841858,2.0,684900
2018-03-26,2.049999952316284,2.049999952316284,1.899999976158142,2.0,194100
2018-03-27,2.0,2.049999952316284,1.850000023841858,1.9500000476837158,898700
2018-03-28,1.9500000476837158,2.049999952316284,1.7999999523162842,1.850000023841858,288500
2018-03-29,1.9500000476837158,1.9500000476837158,1.75,1.75,55900
2018-04-02,1.75,1.7999999523162842,1.600000023841858,1.649999976158142,229800
2018-04-03,1.649999976158142,1.7799999713897705,1.600000023841858,1.649999976158142,178400
2018-04-04,1.7000000476837158,1.7999999523162842,1.649999976158142,1.7000000476837158,183500
2018-04-05,1.75,1.75,1.7000000476837158,1.7000000476837158,160200
2018-04-06,1.7000000476837158,1.75,1.600000023841858,1.7000000476837158,389300
2018-04-09,1.7000000476837158,1.75,1.649999976158142,1.649999976158142,107000
2018-04-10,1.649999976158142,1.7999999523162842,1.649999976158142,1.75,223500
2018-04-11,1.75,1.7999999523162842,1.7000000476837158,1.7999999523162842,133800
2018-04-12,1.7999999523162842,1.7999999523162842,1.75,1.75,86400
2018-04-13,1.7999999523162842,1.7999999523162842,1.75,1.7799999713897705,94300
2018-04-16,1.7999999523162842,1.850000023841858,1.75,1.75,77800
2018-04-17,1.7999999523162842,1.7999999523162842,1.7000000476837158,1.7300000190734863,111900
2018-04-18,1.75,1.7999999523162842,1.7000000476837158,1.7999999523162842,158300
2018-04-19,1.7999999523162842,1.850000023841858,1.75,1.75,58000
2018-04-20,1.75,1.7999999523162842,1.7000000476837158,1.7999999523162842,139900
2018-04-23,1.7999999523162842,1.7999999523162842,1.75,1.75,51300
2018-04-24,1.7999999523162842,1.7999999523162842,1.75,1.75,28100
2018-04-25,1.7999999523162842,1.7999999523162842,1.7300000190734863,1.75,22700
2018-04-26,1.7999999523162842,1.7999999523162842,1.7000000476837158,1.75,51100
2018-04-27,1.7999999523162842,1.850000023841858,1.75,1.7999999523162842,110400
2018-04-30,1.7999999523162842,1.7999999523162842,1.7000000476837158,1.7000000476837158,75600
2018-05-01,1.7000000476837158,1.7000000476837158,1.600000023841858,1.6299999952316284,140800
2018-05-02,1.600000023841858,1.649999976158142,1.5499999523162842,1.5499999523162842,103600
2018-05-03,1.5499999523162842,1.600000023841858,1.5499999523162842,1.600000023841858,48600
2018-05-04,1.600000023841858,1.649999976158142,1.5,1.600000023841858,70000
2018-05-07,1.600000023841858,1.600000023841858,1.5,1.5499999523162842,152500
2018-05-08,1.600000023841858,1.6299999952316284,1.5499999523162842,1.600000023841858,157600
2018-05-09,1.600000023841858,1.600000023841858,1.5,1.600000023841858,1297800
2018-05-10,1.600000023841858,1.600000023841858,1.5,1.5800000429153442,36200
2018-05-11,1.5499999523162842,1.649999976158142,1.5,1.600000023841858,87000
2018-05-14,1.600000023841858,1.600000023841858,1.5,1.5299999713897705,76500
2018-05-15,1.5499999523162842,1.5499999523162842,1.4500000476837158,1.5,115800
2018-05-16,1.5,1.5299999713897705,1.4500000476837158,1.4500000476837158,147800
2018-05-17,1.5,1.649999976158142,1.5,1.5800000429153442,689500
2018-05-18,1.5499999523162842,1.600000023841858,1.5,1.5499999523162842,577300
2018-05-21,1.5499999523162842,1.5499999523162842,1.5,1.5,143100
2018-05-22,1.5,1.5499999523162842,1.5,1.5,78500
2018-05-23,1.5,1.5,1.4500000476837158,1.5,146700
2018-05-24,1.4500000476837158,1.5,1.4500000476837158,1.4500000476837158,111700
2018-05-25,1.5,1.5499999523162842,1.4500000476837158,1.5499999523162842,271400
2018-05-29,1.5499999523162842,1.7000000476837158,1.5499999523162842,1.649999976158142,149000
2018-05-30,1.7000000476837158,1.850000023841858,1.600000023841858,1.649999976158142,731100
2018-05-31,1.7000000476837158,1.7000000476837158,1.600000023841858,1.7000000476837158,76600
2018-06-01,1.7000000476837158,1.7000000476837158,1.600000023841858,1.7000000476837158,70000
2018-06-04,1.649999976158142,1.75,1.600000023841858,1.7000000476837158,120000
2018-06-05,1.7000000476837158,1.75,1.7000000476837158,1.75,226400
2018-06-06,1.75,2.0,1.75,1.899999976158142,223700
2018-06-07,1.899999976158142,1.899999976158142,1.7999999523162842,1.7999999523162842,50000
2018-06-08,1.850000023841858,1.850000023841858,1.75,1.75,38100
2018-06-11,1.7899999618530273,1.8899999856948853,1.7899999618530273,1.850000023841858,55000
2018-06-12,1.7999999523162842,1.8600000143051147,1.7999999523162842,1.850000023841858,70100
2018-06-13,1.7999999523162842,1.850000023841858,1.7999999523162842,1.7999999523162842,12000
2018-06-14,1.7999999523162842,1.850000023841858,1.7000000476837158,1.7300000190734863,204800
2018-06-15,1.7000000476837158,1.7999999523162842,1.7000000476837158,1.75,41700
2018-06-18,1.75,1.899999976158142,1.75,1.899999976158142,44000
2018-06-19,1.899999976158142,2.0,1.850000023841858,1.9500000476837158,170900
2018-06-20,1.9500000476837158,2.0,1.899999976158142,1.9500000476837158,175400
2018-06-21,1.9500000476837158,2.0,1.9500000476837158,2.0,42500
2018-06-22,2.0,2.0999999046325684,1.9500000476837158,2.049999952316284,309300
2018-06-25,2.049999952316284,2.049999952316284,1.9500000476837158,2.0,46800
2018-06-26,2.0,2.25,2.0,2.130000114440918,132200
2018-06-27,2.1500000953674316,2.3499999046325684,2.1500000953674316,2.299999952316284,232100
2018-06-28,2.25,2.299999952316284,2.200000047683716,2.25,107800
2018-06-29,2.1500000953674316,2.25,2.1500000953674316,2.25,65800
2018-07-02,2.1600000858306885,2.200000047683716,2.109999895095825,2.200000047683716,18100
2018-07-03,2.0999999046325684,2.200000047683716,2.0999999046325684,2.200000047683716,25300
2018-07-05,2.1500000953674316,2.200000047683716,2.1500000953674316,2.1500000953674316,5400
2018-07-06,2.1500000953674316,2.25,2.1500000953674316,2.200000047683716,69900
2018-07-09,2.200000047683716,2.25,2.1500000953674316,2.200000047683716,25500
2018-07-10,2.200000047683716,2.25,2.200000047683716,2.200000047683716,35100
2018-07-11,2.200000047683716,2.200000047683716,2.1500000953674316,2.200000047683716,29400
2018-07-12,2.200000047683716,2.25,2.1500000953674316,2.25,10400
2018-07-13,2.200000047683716,2.25,2.200000047683716,2.25,35800
2018-07-16,2.200000047683716,2.25,2.1500000953674316,2.200000047683716,31600
2018-07-17,2.1500000953674316,2.200000047683716,2.0999999046325684,2.1500000953674316,27000
2018-07-18,2.0999999046325684,2.200000047683716,2.0999999046325684,2.200000047683716,20000
2018-07-19,2.1500000953674316,2.200000047683716,2.0999999046325684,2.130000114440918,22200
2018-07-20,2.0999999046325684,2.1500000953674316,2.0899999141693115,2.130000114440918,18400
2018-07-23,2.0999999046325684,2.1500000953674316,2.0999999046325684,2.119999885559082,5100
2018-07-24,2.1500000953674316,2.1500000953674316,2.049999952316284,2.0999999046325684,25200
2018-07-25,2.049999952316284,2.1500000953674316,2.049999952316284,2.049999952316284,17000
2018-07-26,2.049999952316284,2.0999999046325684,2.0,2.049999952316284,185600
2018-07-27,2.049999952316284,2.0999999046325684,2.0,2.049999952316284,24500
2018-07-30,2.0999999046325684,2.0999999046325684,2.0,2.0799999237060547,5300
2018-07-31,2.049999952316284,2.0799999237060547,1.9500000476837158,2.0299999713897705,30600
2018-08-01,2.0,2.0999999046325684,1.9500000476837158,2.0,51000
2018-08-02,2.0,2.0999999046325684,2.0,2.049999952316284,5400
2018-08-03,2.049999952316284,2.0999999046325684,2.049999952316284,2.0799999237060547,51200
2018-08-06,2.0999999046325684,2.130000114440918,1.9500000476837158,2.0,90300
2018-08-07,2.049999952316284,2.049999952316284,1.9500000476837158,2.0,47700
2018-08-08,1.9500000476837158,2.1500000953674316,1.9500000476837158,2.1500000953674316,71800
2018-08-09,2.1500000953674316,2.200000047683716,2.049999952316284,2.049999952316284,31600
2018-08-10,2.049999952316284,2.140000104904175,2.049999952316284,2.0999999046325684,35500
2018-08-13,2.0999999046325684,2.1500000953674316,2.0799999237060547,2.0799999237060547,5000
2018-08-14,2.0999999046325684,2.1500000953674316,2.0999999046325684,2.1500000953674316,16300
2018-08-15,2.0999999046325684,2.1500000953674316,2.0999999046325684,2.1500000953674316,17100
2018-08-16,2.1500000953674316,2.200000047683716,2.0999999046325684,2.1500000953674316,37500
2018-08-17,2.1500000953674316,2.200000047683716,2.0999999046325684,2.1500000953674316,77100
2018-08-20,2.200000047683716,2.25,2.200000047683716,2.200000047683716,31000
2018-08-21,2.200000047683716,2.25,2.1500000953674316,2.1500000953674316,29700
2018-08-22,2.1500000953674316,2.25,2.1500000953674316,2.25,20400
2018-08-23,2.25,2.25,2.1500000953674316,2.1500000953674316,17700
2018-08-24,2.1500000953674316,2.25,2.1500000953674316,2.1500000953674316,28300
2018-08-27,2.1500000953674316,2.25,2.1500000953674316,2.200000047683716,49300
2018-08-28,2.200000047683716,2.25,2.200000047683716,2.200000047683716,63500
2018-08-29,2.200000047683716,2.3499999046325684,2.200000047683716,2.3299999237060547,96300
2018-08-30,2.4000000953674316,2.950000047683716,2.299999952316284,2.9000000953674316,473600
2018-08-31,3.0,3.049999952316284,2.7100000381469727,2.75,238200
2018-09-04,2.799999952316284,2.950000047683716,2.6500000953674316,2.75,123300
2018-09-05,2.75,2.8499999046325684,2.680000066757202,2.700000047683716,46300
2018-09-06,2.700000047683716,2.700000047683716,2.5,2.549999952316284,84600
2018-09-07,2.549999952316284,2.549999952316284,2.4000000953674316,2.549999952316284,50400
2018-09-10,2.5,2.6500000953674316,2.450000047683716,2.450000047683716,47500
2018-09-11,2.450000047683716,2.549999952316284,2.4000000953674316,2.5,78900
2018-09-12,2.5,2.6500000953674316,2.5,2.549999952316284,30100
2018-09-13,2.549999952316284,2.75,2.5,2.75,45100
2018-09-14,2.799999952316284,2.799999952316284,2.559999942779541,2.700000047683716,20100
2018-09-17,2.700000047683716,2.75,2.5,2.700000047683716,82400
2018-09-18,2.700000047683716,2.700000047683716,2.5,2.6600000858306885,276500
2018-09-19,2.6500000953674316,2.700000047683716,2.5999999046325684,2.5999999046325684,55800
2018-09-20,2.6500000953674316,2.700000047683716,2.450000047683716,2.450000047683716,100800
2018-09-21,2.450000047683716,2.6500000953674316,2.450000047683716,2.5999999046325684,103000
2018-09-24,2.5999999046325684,2.6500000953674316,2.450000047683716,2.5,44800
2018-09-25,2.5,2.5999999046325684,2.5,2.549999952316284,16700
2018-09-26,2.5999999046325684,2.5999999046325684,2.5,2.549999952316284,34400
2018-09-27,2.549999952316284,2.5999999046325684,2.5,2.5299999713897705,24600
2018-09-28,2.509999990463257,2.5999999046325684,2.5,2.5,13300
2018-10-01,2.5299999713897705,2.5799999237060547,2.450000047683716,2.549999952316284,43800
2018-10-02,2.559999942779541,2.5899999141693115,2.4600000381469727,2.5199999809265137,31600
2018-10-03,2.509999990463257,2.5999999046325684,2.4700000286102295,2.549999952316284,31700
2018-10-04,2.549999952316284,2.700000047683716,2.509999990463257,2.509999990463257,62200
2018-10-05,2.5399999618530273,2.5999999046325684,2.509999990463257,2.5799999237060547,29300
2018-10-08,2.549999952316284,2.630000114440918,2.5199999809265137,2.559999942779541,19300
2018-10-09,2.609999895095825,2.680000066757202,2.509999990463257,2.5199999809265137,86000
2018-10-10,2.5299999713897705,2.5299999713897705,2.450000047683716,2.450000047683716,12200
2018-10-11,2.450000047683716,2.5199999809265137,2.450000047683716,2.4800000190734863,25300
2018-10-12,2.5,2.6700000762939453,2.4800000190734863,2.5799999237060547,49200
2018-10-15,2.569999933242798,2.640000104904175,2.4700000286102295,2.5199999809265137,20200
2018-10-16,2.5199999809265137,2.75,2.5199999809265137,2.690000057220459,139400
2018-10-17,2.700000047683716,2.7799999713897705,2.640000104904175,2.7799999713897705,37500
2018-10-18,2.759999990463257,2.759999990463257,2.6600000858306885,2.6600000858306885,108300
2018-10-19,2.6700000762939453,2.75,2.6500000953674316,2.7300000190734863,18100
2018-10-22,2.75,2.7699999809265137,2.690000057220459,2.759999990463257,31000
2018-10-23,2.75,2.880000114440918,2.7300000190734863,2.809999942779541,601600
2018-10-24,2.8399999141693115,3.0399999618530273,2.8299999237060547,2.9200000762939453,167500
2018-10-25,2.9000000953674316,3.1500000953674316,2.9000000953674316,3.0299999713897705,181900
2018-10-26,3.0399999618530273,3.1500000953674316,2.9600000381469727,3.009999990463257,95000
2018-10-29,3.0299999713897705,3.1500000953674316,3.0,3.009999990463257,119200
2018-10-30,3.0,3.1500000953674316,3.0,3.119999885559082,46500
2018-10-31,3.180000066757202,3.200000047683716,3.009999990463257,3.059999942779541,114700
2018-11-01,3.119999885559082,3.3299999237060547,3.119999885559082,3.200000047683716,167300
2018-11-02,3.2699999809265137,3.299999952316284,3.200000047683716,3.2300000190734863,320700
2018-11-05,3.25,3.450000047683716,3.25,3.430000066757202,563500
2018-11-06,3.450000047683716,3.5199999809265137,3.369999885559082,3.430000066757202,760600
2018-11-07,3.5,3.5,2.869999885559082,3.049999952316284,382100
2018-11-08,2.9700000286102295,3.2300000190734863,2.9000000953674316,3.190000057220459,110100
2018-11-09,3.140000104904175,3.2100000381469727,3.0199999809265137,3.1700000762939453,64400
2018-11-12,3.0999999046325684,3.200000047683716,2.9700000286102295,2.9800000190734863,87000
2018-11-13,3.0799999237060547,3.1500000953674316,3.049999952316284,3.119999885559082,119000
2018-11-14,3.119999885559082,3.2799999713897705,3.0799999237060547,3.130000114440918,72700
2018-11-15,3.140000104904175,3.3299999237060547,3.069999933242798,3.2799999713897705,116100
2018-11-16,3.2899999618530273,3.380000114440918,3.1500000953674316,3.359999895095825,140000
2018-11-19,3.369999885559082,3.4200000762939453,2.8299999237060547,2.869999885559082,248600
2018-11-20,2.8299999237060547,3.0799999237060547,2.4600000381469727,2.5799999237060547,135500
2018-11-21,2.569999933242798,2.680000066757202,2.5199999809265137,2.5199999809265137,39500
2018-11-23,2.5199999809265137,2.6700000762939453,2.4800000190734863,2.5399999618530273,16000
2018-11-26,2.5299999713897705,2.740000009536743,2.430000066757202,2.690000057220459,105300
2018-11-27,2.6600000858306885,2.8499999046325684,2.6600000858306885,2.7300000190734863,61300
2018-11-28,2.759999990463257,2.799999952316284,2.4700000286102295,2.5199999809265137,300600
2018-11-29,2.569999933242798,2.7300000190734863,2.559999942779541,2.7200000286102295,131400
2018-11-30,2.8399999141693115,2.950000047683716,2.740000009536743,2.799999952316284,172100
2018-12-03,2.799999952316284,2.799999952316284,2.5899999141693115,2.6500000953674316,123700
2018-12-04,2.6600000858306885,2.6600000858306885,2.5199999809265137,2.619999885559082,109000
2018-12-06,2.549999952316284,2.6500000953674316,2.4600000381469727,2.4700000286102295,111400
2018-12-07,2.490000009536743,2.559999942779541,2.4000000953674316,2.440000057220459,83200
2018-12-10,2.450000047683716,2.559999942779541,2.450000047683716,2.509999990463257,59400
2018-12-11,2.5199999809265137,2.809999942779541,2.5,2.5199999809265137,97500
2018-12-12,2.559999942779541,2.5799999237060547,2.5,2.5,132600
2018-12-13,2.509999990463257,2.5399999618530273,2.390000104904175,2.4600000381469727,76800
2018-12-14,2.4200000762939453,2.4700000286102295,2.2300000190734863,2.2699999809265137,94500
2018-12-17,2.259999990463257,2.380000114440918,2.140000104904175,2.1500000953674316,69600
2018-12-18,2.1600000858306885,2.2300000190734863,2.0199999809265137,2.0999999046325684,92600
2018-12-19,2.109999895095825,2.25,2.109999895095825,2.1500000953674316,31200
2018-12-20,2.1500000953674316,2.190000057220459,2.119999885559082,2.140000104904175,15700
2018-12-21,2.1500000953674316,2.1600000858306885,1.9800000190734863,1.9900000095367432,38000
2018-12-24,1.9500000476837158,2.0899999141693115,1.8899999856948853,2.059999942779541,72600
2018-12-26,2.069999933242798,2.1700000762939453,2.0,2.1700000762939453,41100
2018-12-27,2.130000114440918,2.1700000762939453,2.0199999809265137,2.0399999618530273,59100
2018-12-28,2.049999952316284,2.140000104904175,2.0,2.119999885559082,74100
2018-12-31,2.119999885559082,2.2300000190734863,2.0899999141693115,2.1700000762939453,60600
2019-01-02,2.1500000953674316,2.25,2.1500000953674316,2.200000047683716,25800
2019-01-03,2.190000057220459,2.259999990463257,2.190000057220459,2.2200000286102295,50300
2019-01-04,2.25,2.359999895095825,2.180000066757202,2.2100000381469727,23600
2019-01-07,2.2100000381469727,2.309999942779541,2.180000066757202,2.259999990463257,12700
2019-01-08,2.319999933242798,2.380000114440918,2.240000009536743,2.3499999046325684,26700
2019-01-09,2.3499999046325684,2.380000114440918,2.2699999809265137,2.299999952316284,24800
2019-01-10,2.259999990463257,2.309999942779541,2.180000066757202,2.2799999713897705,17600
2019-01-11,2.2799999713897705,2.3399999141693115,2.25,2.319999933242798,51600
2019-01-14,2.4200000762939453,2.740000009536743,2.4000000953674316,2.5799999237060547,80300
2019-01-15,2.5899999141693115,2.7300000190734863,2.4700000286102295,2.559999942779541,421800
2019-01-16,2.559999942779541,2.630000114440918,2.5,2.5999999046325684,271500
2019-01-17,2.5999999046325684,2.630000114440918,2.5199999809265137,2.5799999237060547,173800
2019-01-18,2.5999999046325684,2.690000057220459,2.559999942779541,2.5799999237060547,21200
2019-01-22,2.690000057220459,2.690000057220459,2.5,2.5,25700
2019-01-23,2.5,2.559999942779541,2.4800000190734863,2.5199999809265137,13300
2019-01-24,2.5399999618530273,2.569999933242798,2.430000066757202,2.4800000190734863,21100
2019-01-25,2.490000009536743,2.609999895095825,2.490000009536743,2.609999895095825,12200
2019-01-28,2.5999999046325684,2.5999999046325684,2.5299999713897705,2.5999999046325684,3100
2019-01-29,2.5999999046325684,2.619999885559082,2.549999952316284,2.609999895095825,21200
2019-01-30,2.609999895095825,2.609999895095825,2.5,2.559999942779541,119400
2019-01-31,2.569999933242798,2.690000057220459,2.5,2.5799999237060547,49000
2019-02-01,2.559999942779541,2.5899999141693115,2.4700000286102295,2.5199999809265137,40900
2019-02-04,2.5,2.5899999141693115,2.490000009536743,2.549999952316284,35100
2019-02-05,2.549999952316284,2.5899999141693115,2.4800000190734863,2.5199999809265137,30300
2019-02-06,2.509999990463257,2.569999933242798,2.4800000190734863,2.5399999618530273,38300
2019-02-07,2.509999990463257,2.549999952316284,2.4800000190734863,2.5299999713897705,15700
2019-02-08,2.490000009536743,2.569999933242798,2.4700000286102295,2.490000009536743,18700
2019-02-11,2.509999990463257,2.5299999713897705,2.4000000953674316,2.4800000190734863,24300
2019-02-12,2.5299999713897705,2.5299999713897705,2.4700000286102295,2.5,12300
2019-02-13,2.490000009536743,2.559999942779541,2.440000057220459,2.5199999809265137,177800
2019-02-14,2.5299999713897705,2.5899999141693115,2.4600000381469727,2.490000009536743,180300
2019-02-15,2.4800000190734863,2.549999952316284,2.4800000190734863,2.5199999809265137,53600
2019-02-19,2.5299999713897705,2.549999952316284,2.490000009536743,2.5,60600
2019-02-20,2.5399999618530273,2.6700000762939453,2.5399999618530273,2.559999942779541,438000
2019-02-21,2.5799999237060547,2.609999895095825,2.5,2.5999999046325684,81400
2019-02-22,2.5899999141693115,2.6600000858306885,2.5799999237060547,2.5799999237060547,46200
2019-02-25,2.5899999141693115,2.7100000381469727,2.5799999237060547,2.6500000953674316,116600
2019-02-26,2.630000114440918,2.7200000286102295,2.5899999141693115,2.619999885559082,55600
2019-02-27,2.619999885559082,2.690000057220459,2.5999999046325684,2.609999895095825,28800
2019-02-28,2.5899999141693115,2.6600000858306885,2.509999990463257,2.609999895095825,35100
2019-03-01,2.6600000858306885,2.6700000762939453,2.5299999713897705,2.5999999046325684,32800
2019-03-04,2.5799999237060547,2.5799999237060547,2.5199999809265137,2.549999952316284,11500
2019-03-05,2.549999952316284,2.549999952316284,2.5,2.5,4600
2019-03-06,2.490000009536743,2.609999895095825,2.4700000286102295,2.5199999809265137,35100
2019-03-07,2.7200000286102295,2.7200000286102295,2.5,2.5,16200
2019-03-08,2.5,2.5199999809265137,2.4700000286102295,2.4800000190734863,33700
2019-03-11,2.4600000381469727,2.490000009536743,2.359999895095825,2.4700000286102295,41600
2019-03-12,2.4700000286102295,2.490000009536743,2.440000057220459,2.4700000286102295,7000
2019-03-13,2.5,2.5,2.4600000381469727,2.4700000286102295,15800
2019-03-14,2.4600000381469727,2.609999895095825,2.390000104904175,2.5899999141693115,57600
2019-03-15,2.569999933242798,2.619999885559082,2.4600000381469727,2.4800000190734863,82600
2019-03-18,2.5,2.5199999809265137,2.4200000762939453,2.490000009536743,33400
2019-03-19,2.5,2.509999990463257,2.4200000762939453,2.4700000286102295,23000
2019-03-20,2.450000047683716,2.450000047683716,2.2899999618530273,2.4000000953674316,44400
2019-03-21,2.430000066757202,2.680000066757202,2.4100000858306885,2.630000114440918,72300
2019-03-22,2.7699999809265137,2.799999952316284,2.5199999809265137,2.5899999141693115,127500
2019-03-25,2.5899999141693115,2.6600000858306885,2.5799999237060547,2.5999999046325684,45900
2019-03-26,2.5999999046325684,2.630000114440918,2.559999942779541,2.559999942779541,10000
2019-03-27,2.5799999237060547,2.5999999046325684,2.5299999713897705,2.569999933242798,39800
2019-03-28,2.549999952316284,2.549999952316284,2.4600000381469727,2.4600000381469727,39100
2019-03-29,2.4600000381469727,2.509999990463257,2.4100000858306885,2.450000047683716,42200
2019-04-01,2.450000047683716,2.4800000190734863,2.440000057220459,2.4600000381469727,56600
2019-04-02,2.4800000190734863,2.5299999713897705,2.450000047683716,2.5,116100
2019-04-03,2.5,2.5,2.4700000286102295,2.4800000190734863,84100
2019-04-04,2.4700000286102295,2.4700000286102295,2.359999895095825,2.380000114440918,51100
2019-04-05,2.369999885559082,2.369999885559082,2.2799999713897705,2.319999933242798,67500
2019-04-08,2.2899999618530273,2.3399999141693115,2.0899999141693115,2.200000047683716,100700
2019-04-09,2.200000047683716,2.240000009536743,2.190000057220459,2.2100000381469727,11500
2019-04-10,2.200000047683716,2.240000009536743,2.119999885559082,2.2200000286102295,13900
2019-04-11,2.2200000286102295,2.2799999713897705,2.1500000953674316,2.1500000953674316,15100
2019-04-12,2.180000066757202,2.25,2.1500000953674316,2.2300000190734863,38700
2019-04-15,2.2200000286102295,2.3299999237060547,2.2200000286102295,2.259999990463257,11700
2019-04-16,2.25,2.2899999618530273,2.2300000190734863,2.2699999809265137,8600
2019-04-17,2.259999990463257,2.2899999618530273,2.200000047683716,2.200000047683716,11100
2019-04-18,2.2200000286102295,2.25,2.1700000762939453,2.2200000286102295,10900
2019-04-22,2.200000047683716,2.299999952316284,2.200000047683716,2.259999990463257,61600
2019-04-23,2.2699999809265137,2.2699999809265137,2.1700000762939453,2.180000066757202,12900
2019-04-24,2.180000066757202,2.2300000190734863,2.140000104904175,2.1500000953674316,39400
2019-04-25,2.1600000858306885,2.1600000858306885,2.119999885559082,2.1500000953674316,14400
2019-04-26,2.1500000953674316,2.1600000858306885,2.119999885559082,2.119999885559082,4000
2019-04-29,2.119999885559082,2.1500000953674316,2.119999885559082,2.119999885559082,6500
2019-04-30,2.140000104904175,2.140000104904175,2.0799999237060547,2.109999895095825,16900
2019-05-01,2.0799999237060547,2.0999999046325684,1.9500000476837158,1.9500000476837158,84900
2019-05-02,1.9700000286102295,2.0399999618530273,1.9700000286102295,2.0199999809265137,37700
2019-05-03,2.0199999809265137,2.0999999046325684,1.9800000190734863,2.0399999618530273,41700
2019-05-06,2.0199999809265137,2.0799999237060547,2.0199999809265137,2.049999952316284,9400
2019-05-07,2.0299999713897705,2.049999952316284,1.9500000476837158,1.9500000476837158,12100
2019-05-08,1.9600000381469727,2.0,1.809999942779541,1.909999966621399,64600
2019-05-09,1.909999966621399,1.9299999475479126,1.809999942779541,1.9299999475479126,23100
2019-05-10,1.909999966621399,1.9500000476837158,1.909999966621399,1.9500000476837158,3500
2019-05-13,1.8899999856948853,1.899999976158142,1.8200000524520874,1.8300000429153442,36000
2019-05-14,1.840000033378601,1.840000033378601,1.7300000190734863,1.7300000190734863,65000
2019-05-15,1.7400000095367432,1.8799999952316284,1.6799999475479126,1.8799999952316284,76800
2019-05-16,1.8700000047683716,1.8899999856948853,1.6399999856948853,1.8799999952316284,22300
2019-05-17,1.850000023841858,1.9199999570846558,1.850000023841858,1.9199999570846558,20900
2019-05-20,1.909999966621399,1.909999966621399,1.809999942779541,1.8799999952316284,5400
2019-05-21,1.8600000143051147,1.9299999475479126,1.7599999904632568,1.9199999570846558,56800
2019-05-22,1.8899999856948853,1.9500000476837158,1.8799999952316284,1.940000057220459,26200
2019-05-23,1.9500000476837158,1.9800000190734863,1.649999976158142,1.809999942779541,147200
2019-05-24,1.7699999809265137,1.840000033378601,1.7100000381469727,1.7400000095367432,399200
2019-05-28,1.7400000095367432,1.809999942779541,1.7100000381469727,1.7599999904632568,227500
2019-05-29,1.75,1.7599999904632568,1.7100000381469727,1.7400000095367432,190100
2019-05-30,1.7300000190734863,1.850000023841858,1.5299999713897705,1.7699999809265137,284900
2019-05-31,1.7200000286102295,1.7200000286102295,1.6799999475479126,1.6799999475479126,11300
2019-06-03,1.6699999570846558,1.75,1.6399999856948853,1.690000057220459,31200
2019-06-04,1.7000000476837158,1.75,1.6799999475479126,1.75,19300
2019-06-05,1.75,1.7799999713897705,1.5399999618530273,1.590000033378601,128800
2019-06-06,1.600000023841858,1.690000057220459,1.600000023841858,1.6299999952316284,25800
2019-06-07,1.6200000047683716,1.6399999856948853,1.5800000429153442,1.590000033378601,86600
2019-06-10,1.600000023841858,1.6399999856948853,1.590000033378601,1.590000033378601,2800
2019-06-11,1.6200000047683716,1.6399999856948853,1.590000033378601,1.600000023841858,68800
2019-06-12,1.6100000143051147,1.6299999952316284,1.590000033378601,1.600000023841858,42800
2019-06-13,1.6299999952316284,1.8600000143051147,1.6100000143051147,1.8600000143051147,39400
2019-06-14,1.8600000143051147,1.9500000476837158,1.649999976158142,1.7100000381469727,158500
2019-06-17,1.690000057220459,1.8600000143051147,1.6699999570846558,1.7300000190734863,72400
2019-06-18,1.7300000190734863,1.8300000429153442,1.6699999570846558,1.7400000095367432,107500
2019-06-19,1.75,1.8300000429153442,1.7000000476837158,1.7300000190734863,55400
2019-06-20,1.7300000190734863,1.809999942779541,1.7000000476837158,1.7300000190734863,61900
2019-06-21,1.75,1.7999999523162842,1.6699999570846558,1.7000000476837158,56200
2019-06-24,1.7000000476837158,1.75,1.6699999570846558,1.7000000476837158,73500
2019-06-25,1.690000057220459,1.7200000286102295,1.6699999570846558,1.6799999475479126,52300
2019-06-26,1.7000000476837158,1.7400000095367432,1.6799999475479126,1.690000057220459,40400
2019-06-27,1.7000000476837158,1.7599999904632568,1.6799999475479126,1.690000057220459,37600
2019-06-28,1.7100000381469727,1.7999999523162842,1.690000057220459,1.7599999904632568,35800
2019-07-01,1.7699999809265137,1.8899999856948853,1.690000057220459,1.8600000143051147,67200
2019-07-02,1.8899999856948853,1.8899999856948853,1.690000057220459,1.7599999904632568,25300
2019-07-03,1.7599999904632568,1.7699999809265137,1.7200000286102295,1.7300000190734863,15100
2019-07-05,1.7300000190734863,1.8799999952316284,1.7000000476837158,1.8300000429153442,21500
2019-07-08,1.850000023841858,1.8799999952316284,1.840000033378601,1.8600000143051147,15000
2019-07-09,1.8799999952316284,1.8799999952316284,1.8200000524520874,1.8300000429153442,30300
2019-07-10,1.8799999952316284,1.8899999856948853,1.8600000143051147,1.8799999952316284,3200
2019-07-11,1.8899999856948853,1.8899999856948853,1.8300000429153442,1.8799999952316284,13100
2019-07-12,1.8799999952316284,1.9199999570846558,1.8799999952316284,1.8899999856948853,30600
2019-07-15,1.9299999475479126,1.9299999475479126,1.8799999952316284,1.8899999856948853,12400
2019-07-16,1.8799999952316284,1.909999966621399,1.8700000047683716,1.8700000047683716,15400
2019-07-17,1.8899999856948853,1.8899999856948853,1.809999942779541,1.8200000524520874,14300
2019-07-18,1.840000033378601,1.840000033378601,1.7999999523162842,1.8300000429153442,13700
2019-07-19,1.7999999523162842,1.850000023841858,1.7999999523162842,1.809999942779541,25600
2019-07-22,1.809999942779541,1.8200000524520874,1.7699999809265137,1.8200000524520874,26300
2019-07-23,1.8200000524520874,1.8200000524520874,1.7599999904632568,1.7699999809265137,13000
2019-07-24,1.7400000095367432,1.7799999713897705,1.7400000095367432,1.75,33100
2019-07-25,1.7300000190734863,1.7899999618530273,1.690000057220459,1.7699999809265137,54100
2019-07-26,1.7599999904632568,1.8799999952316284,1.7599999904632568,1.7799999713897705,23700
2019-07-29,1.6799999475479126,1.7899999618530273,1.6799999475479126,1.7200000286102295,92400
2019-07-30,1.8600000143051147,1.8600000143051147,1.7100000381469727,1.75,13700
2019-07-31,1.7699999809265137,1.850000023841858,1.7599999904632568,1.7599999904632568,40800
2019-08-01,1.7799999713897705,1.840000033378601,1.7599999904632568,1.7599999904632568,39600
2019-08-02,1.7400000095367432,1.7699999809265137,1.7300000190734863,1.7599999904632568,21100
2019-08-05,1.7599999904632568,1.7699999809265137,1.690000057220459,1.690000057220459,39400
2019-08-06,1.7000000476837158,1.7300000190734863,1.690000057220459,1.690000057220459,16500
2019-08-07,1.690000057220459,1.7200000286102295,1.690000057220459,1.7100000381469727,22800
2019-08-08,1.7000000476837158,1.7200000286102295,1.6799999475479126,1.690000057220459,43300
2019-08-09,1.7000000476837158,1.7000000476837158,1.5499999523162842,1.5700000524520874,56000
2019-08-12,1.5800000429153442,1.659999966621399,1.5499999523162842,1.6100000143051147,13100
2019-08-13,1.600000023841858,1.600000023841858,1.5700000524520874,1.5800000429153442,33300
2019-08-14,1.5700000524520874,1.590000033378601,1.5499999523162842,1.590000033378601,13700
2019-08-15,1.5700000524520874,1.6299999952316284,1.5,1.590000033378601,163100
2019-08-16,1.600000023841858,1.6299999952316284,1.590000033378601,1.600000023841858,7900
2019-08-19,1.6100000143051147,1.6399999856948853,1.600000023841858,1.6200000047683716,2300
2019-08-20,1.6200000047683716,1.7000000476837158,1.6200000047683716,1.7000000476837158,8800
2019-08-21,1.7000000476837158,1.75,1.5199999809265137,1.649999976158142,104300
2019-08-22,1.6399999856948853,1.7699999809265137,1.590000033378601,1.7000000476837158,51000
2019-08-23,1.649999976158142,1.7000000476837158,1.600000023841858,1.6200000047683716,15100
2019-08-26,1.5499999523162842,1.8799999952316284,1.5499999523162842,1.850000023841858,372100
2019-08-27,1.7699999809265137,1.8899999856948853,1.7000000476837158,1.7400000095367432,9200
2019-08-28,1.649999976158142,1.7300000190734863,1.5399999618530273,1.690000057220459,23000
2019-08-29,1.690000057220459,1.899999976158142,1.659999966621399,1.809999942779541,48300
2019-08-30,1.840000033378601,1.840000033378601,1.7599999904632568,1.7899999618530273,6000
2019-09-03,1.7899999618530273,1.7899999618530273,1.75,1.7599999904632568,7800
2019-09-04,1.7699999809265137,1.7999999523162842,1.7200000286102295,1.7400000095367432,16100
2019-09-05,1.7599999904632568,1.7999999523162842,1.75,1.7599999904632568,32400
2019-09-06,1.7599999904632568,1.7799999713897705,1.690000057220459,1.7300000190734863,39900
2019-09-09,1.7300000190734863,1.7400000095367432,1.5499999523162842,1.6299999952316284,61800
2019-09-10,1.6399999856948853,1.7000000476837158,1.559999942779541,1.600000023841858,85700
2019-09-11,1.6299999952316284,1.6299999952316284,1.5399999618530273,1.5499999523162842,39100
2019-09-12,1.5499999523162842,1.590000033378601,1.4299999475479126,1.5199999809265137,75800
2019-09-13,1.5199999809265137,1.5499999523162842,1.4700000286102295,1.4900000095367432,57900
2019-09-16,1.5099999904632568,1.5299999713897705,1.409999966621399,1.4600000381469727,69700
2019-09-17,1.4600000381469727,1.4900000095367432,1.3899999856948853,1.440000057220459,335200
2019-09-18,1.4299999475479126,1.4900000095367432,1.309999942779541,1.309999942779541,230600
2019-09-19,1.3200000524520874,1.440000057220459,1.2799999713897705,1.4199999570846558,261600
2019-09-20,1.4299999475479126,1.5099999904632568,1.399999976158142,1.5,478000
2019-09-23,1.4700000286102295,1.5299999713897705,1.4500000476837158,1.5,104400
2019-09-24,1.5,1.5199999809265137,1.4199999570846558,1.4199999570846558,88100
2019-09-25,1.4299999475479126,1.5800000429153442,1.4199999570846558,1.5399999618530273,370900
2019-09-26,1.5299999713897705,1.600000023841858,1.5299999713897705,1.5800000429153442,45400
2019-09-27,1.5800000429153442,1.600000023841858,1.5199999809265137,1.5800000429153442,92100
2019-09-30,1.5700000524520874,1.7000000476837158,1.5399999618530273,1.690000057220459,39000
2019-10-01,1.659999966621399,1.7999999523162842,1.6399999856948853,1.690000057220459,125800
2019-10-02,1.690000057220459,1.7000000476837158,1.5499999523162842,1.5800000429153442,274000
2019-10-03,1.590000033378601,1.600000023841858,1.4600000381469727,1.5700000524520874,9300
2019-10-04,1.5700000524520874,1.5700000524520874,1.4500000476837158,1.4700000286102295,53400
2019-10-07,1.4800000190734863,1.5700000524520874,1.4299999475479126,1.5199999809265137,10000
2019-10-08,1.5199999809265137,1.559999942779541,1.4500000476837158,1.5299999713897705,9100
2019-10-09,1.5399999618530273,1.5700000524520874,1.4900000095367432,1.5099999904632568,27700
2019-10-10,1.5199999809265137,1.6299999952316284,1.5199999809265137,1.559999942779541,38300
2019-10-11,1.559999942779541,1.6299999952316284,1.559999942779541,1.5800000429153442,73400
2019-10-14,1.5800000429153442,1.590000033378601,1.5700000524520874,1.590000033378601,2200
2019-10-15,1.590000033378601,1.600000023841858,1.5,1.5299999713897705,19100
2019-10-16,1.5099999904632568,1.5700000524520874,1.5,1.5099999904632568,25800
2019-10-17,1.5800000429153442,1.5800000429153442,1.4700000286102295,1.4800000190734863,163700
2019-10-18,1.4900000095367432,1.5099999904632568,1.3899999856948853,1.3899999856948853,126600
2019-10-21,1.3899999856948853,1.409999966621399,1.3200000524520874,1.3200000524520874,36700
2019-10-22,1.3300000429153442,1.3700000047683716,1.2799999713897705,1.3200000524520874,57000
2019-10-23,1.3300000429153442,1.340000033378601,1.2999999523162842,1.309999942779541,16900
2019-10-24,1.309999942779541,1.350000023841858,1.2799999713897705,1.2899999618530273,21700
2019-10-25,1.2899999618530273,1.3899999856948853,1.25,1.3799999952316284,51200
2019-10-28,1.350000023841858,1.649999976158142,1.340000033378601,1.559999942779541,707100
2019-10-29,1.559999942779541,1.600000023841858,1.5299999713897705,1.5399999618530273,15600
2019-10-30,1.5499999523162842,1.5499999523162842,1.4700000286102295,1.5,16200
2019-10-31,1.4700000286102295,1.4900000095367432,1.4299999475479126,1.4500000476837158,15600
2019-11-01,1.4800000190734863,1.5399999618530273,1.4700000286102295,1.5299999713897705,8200
2019-11-04,1.5399999618530273,1.5700000524520874,1.5099999904632568,1.5399999618530273,6900
2019-11-05,1.590000033378601,1.590000033378601,1.4600000381469727,1.5,21000
2019-11-06,1.4900000095367432,1.5499999523162842,1.4900000095367432,1.5199999809265137,17100
2019-11-07,1.5399999618530273,1.5700000524520874,1.5299999713897705,1.5499999523162842,26500
2019-11-08,1.5700000524520874,1.5700000524520874,1.5199999809265137,1.5700000524520874,3100
2019-11-11,1.5299999713897705,1.5499999523162842,1.5199999809265137,1.5299999713897705,3400
2019-11-12,1.5099999904632568,1.559999942779541,1.5099999904632568,1.5499999523162842,2500
2019-11-13,1.5099999904632568,1.559999942779541,1.4500000476837158,1.4800000190734863,88800
2019-11-14,1.4900000095367432,1.5299999713897705,1.4700000286102295,1.4800000190734863,4100
2019-11-15,1.5299999713897705,1.5299999713897705,1.4900000095367432,1.5099999904632568,2200
2019-11-18,1.5299999713897705,1.5299999713897705,1.4600000381469727,1.4900000095367432,7200
2019-11-19,1.5099999904632568,1.5199999809265137,1.4800000190734863,1.4800000190734863,23100
2019-11-20,1.4900000095367432,1.5199999809265137,1.4500000476837158,1.4500000476837158,31400
2019-11-21,1.5,1.5099999904632568,1.440000057220459,1.4600000381469727,29000
2019-11-22,1.399999976158142,1.4600000381469727,1.3300000429153442,1.4600000381469727,25100
2019-11-25,1.409999966621399,1.440000057220459,1.3799999952316284,1.409999966621399,21600
2019-11-26,1.3799999952316284,1.3899999856948853,1.2699999809265137,1.2799999713897705,112800
2019-11-27,1.2999999523162842,1.3300000429153442,1.190000057220459,1.2300000190734863,128600
2019-11-29,1.2599999904632568,1.2699999809265137,1.2000000476837158,1.2400000095367432,29100
2019-12-02,1.2699999809265137,1.3799999952316284,1.2100000381469727,1.309999942779541,296100
2019-12-03,1.3200000524520874,1.3300000429153442,1.2599999904632568,1.2999999523162842,20000
2019-12-04,1.3200000524520874,1.3200000524520874,1.2699999809265137,1.2899999618530273,17200
2019-12-05,1.2599999904632568,1.340000033378601,1.2599999904632568,1.2999999523162842,65100
2019-12-06,1.309999942779541,1.3300000429153442,1.2999999523162842,1.2999999523162842,66200
2019-12-09,1.3600000143051147,1.3600000143051147,1.2999999523162842,1.2999999523162842,27200
2019-12-10,1.2799999713897705,1.3300000429153442,1.2799999713897705,1.309999942779541,39600
2019-12-11,1.3200000524520874,1.350000023841858,1.309999942779541,1.3200000524520874,11600
2019-12-12,1.3200000524520874,1.350000023841858,1.2799999713897705,1.3200000524520874,29800
2019-12-13,1.340000033378601,1.350000023841858,1.2699999809265137,1.2999999523162842,15300
2019-12-16,1.2699999809265137,1.309999942779541,1.2400000095367432,1.2799999713897705,62900
2019-12-17,1.2599999904632568,1.350000023841858,1.2599999904632568,1.3200000524520874,44400
2019-12-18,1.340000033378601,1.3600000143051147,1.2799999713897705,1.309999942779541,10900
2019-12-19,1.2999999523162842,1.309999942779541,1.2799999713897705,1.2899999618530273,8600
2019-12-20,1.2999999523162842,1.309999942779541,1.2000000476837158,1.2000000476837158,47800
2019-12-23,1.190000057220459,1.2300000190734863,1.1799999475479126,1.2100000381469727,37700
2019-12-24,1.2100000381469727,1.2300000190734863,1.190000057220459,1.190000057220459,14300
2019-12-26,1.1799999475479126,1.2899999618530273,1.1799999475479126,1.2699999809265137,34900
2019-12-27,1.2899999618530273,1.2999999523162842,1.2300000190734863,1.25,10300
2019-12-30,1.2699999809265137,1.2799999713897705,1.1799999475479126,1.2100000381469727,30800
2019-12-31,1.2300000190734863,1.2999999523162842,1.2300000190734863,1.2799999713897705,46400
2020-01-02,1.2799999713897705,1.309999942779541,1.2799999713897705,1.2899999618530273,27700
2020-01-03,1.2899999618530273,1.309999942779541,1.2799999713897705,1.2799999713897705,32200
2020-01-06,1.2799999713897705,1.2999999523162842,1.25,1.25,68700
2020-01-07,1.2799999713897705,1.2799999713897705,1.2400000095367432,1.2400000095367432,12500
2020-01-08,1.25,1.25,1.090000033378601,1.1200000047683716,139300
2020-01-09,1.159999966621399,1.1699999570846558,1.1299999952316284,1.1699999570846558,47400
2020-01-10,1.1799999475479126,1.2100000381469727,1.1299999952316284,1.1399999856948853,51600
2020-01-13,1.1699999570846558,1.190000057220459,1.1200000047683716,1.1200000047683716,19700
2020-01-14,1.1200000047683716,1.1200000047683716,1.0199999809265137,1.0399999618530273,80200
2020-01-15,1.090000033378601,1.1699999570846558,1.0800000429153442,1.149999976158142,650100
2020-01-16,1.190000057220459,1.2799999713897705,1.1399999856948853,1.25,420400
2020-01-17,1.2699999809265137,1.2699999809265137,1.2200000286102295,1.2599999904632568,169500
2020-01-21,1.2899999618530273,1.309999942779541,1.25,1.2899999618530273,296800
2020-01-22,1.2799999713897705,1.2799999713897705,1.2599999904632568,1.2799999713897705,401800
2020-01-23,1.2799999713897705,1.2799999713897705,1.2599999904632568,1.2599999904632568,73900
2020-01-24,1.2599999904632568,1.2599999904632568,1.1799999475479126,1.190000057220459,91500
2020-01-27,1.1799999475479126,1.2000000476837158,1.159999966621399,1.159999966621399,45700
2020-01-28,1.149999976158142,1.1799999475479126,1.1399999856948853,1.159999966621399,76000
2020-01-29,1.159999966621399,1.1799999475479126,1.1399999856948853,1.1699999570846558,21700
2020-01-30,1.1399999856948853,1.159999966621399,1.1200000047683716,1.1399999856948853,46100
2020-01-31,1.149999976158142,1.1699999570846558,1.100000023841858,1.1100000143051147,65800
2020-02-03,1.1299999952316284,1.1299999952316284,1.059999942779541,1.0800000429153442,66600
2020-02-04,1.090000033378601,1.1200000047683716,1.0,1.0499999523162842,75200
2020-02-05,1.059999942779541,1.0700000524520874,1.0099999904632568,1.0499999523162842,14700
2020-02-06,1.0499999523162842,1.0700000524520874,1.0499999523162842,1.0700000524520874,32800
2020-02-07,1.059999942779541,1.0800000429153442,1.0499999523162842,1.0700000524520874,29700
2020-02-10,1.0700000524520874,1.0700000524520874,1.0499999523162842,1.0700000524520874,14000
2020-02-11,1.059999942779541,1.0700000524520874,1.0199999809265137,1.0700000524520874,52200
2020-02-12,1.059999942779541,1.0700000524520874,1.0199999809265137,1.0199999809265137,42400
2020-02-13,1.0299999713897705,1.0499999523162842,1.0,1.0299999713897705,51500
2020-02-14,1.0199999809265137,1.0700000524520874,0.8700000047683716,0.8799999952316284,287200
2020-02-18,0.9599999785423279,1.0299999713897705,0.9200000166893005,0.9399999976158142,218500
2020-02-19,0.9399999976158142,0.9599999785423279,0.9100000262260437,0.9399999976158142,76600
2020-02-20,1.0299999713897705,1.1299999952316284,1.0099999904632568,1.090000033378601,269700
2020-02-21,1.159999966621399,1.1699999570846558,1.0099999904632568,1.059999942779541,64400
2020-02-24,1.0,1.0199999809265137,0.8999999761581421,0.9200000166893005,52700
2020-02-25,0.9300000071525574,0.9700000286102295,0.8899999856948853,0.9200000166893005,170900
2020-02-26,0.9399999976158142,0.9399999976158142,0.8700000047683716,0.8700000047683716,52000
2020-02-27,0.8899999856948853,0.9200000166893005,0.75,0.800000011920929,126400
2020-02-28,0.7900000214576721,0.8500000238418579,0.7200000286102295,0.800000011920929,99100
2020-03-02,0.8299999833106995,0.8899999856948853,0.7699999809265137,0.7799999713897705,66200
2020-03-03,0.800000011920929,0.8999999761581421,0.7599999904632568,0.7699999809265137,43600
2020-03-04,0.8199999928474426,0.8199999928474426,0.7699999809265137,0.7699999809265137,132200
2020-03-05,0.800000011920929,0.800000011920929,0.6700000166893005,0.699999988079071,240000
2020-03-06,0.7300000190734863,0.7300000190734863,0.6299999952316284,0.6700000166893005,284200
2020-03-09,0.6200000047683716,0.699999988079071,0.5799999833106995,0.6200000047683716,75500
2020-03-10,0.6299999952316284,0.6800000071525574,0.5799999833106995,0.5899999737739563,104100
2020-03-11,0.5799999833106995,0.6299999952316284,0.44999998807907104,0.47999998927116394,140500
2020-03-12,0.41999998688697815,0.5799999833106995,0.4000000059604645,0.47999998927116394,150600
2020-03-13,0.5,0.5899999737739563,0.4300000071525574,0.5199999809265137,55200
2020-03-16,0.47999998927116394,0.47999998927116394,0.3400000035762787,0.4099999964237213,52900
2020-03-17,0.3700000047683716,0.44999998807907104,0.2800000011920929,0.28999999165534973,122900
2020-03-18,0.28999999165534973,0.28999999165534973,0.2199999988079071,0.23000000417232513,256300
2020-03-19,0.23999999463558197,0.30000001192092896,0.23999999463558197,0.23999999463558197,378200
2020-03-20,0.25,0.41999998688697815,0.25,0.33000001311302185,264600
2020-03-23,0.33000001311302185,0.5899999737739563,0.33000001311302185,0.3700000047683716,98000
2020-03-24,0.4000000059604645,0.44999998807907104,0.36000001430511475,0.3700000047683716,84100
2020-03-25,0.3799999952316284,0.4699999988079071,0.3799999952316284,0.4399999976158142,138900
2020-03-26,0.46000000834465027,0.46000000834465027,0.3799999952316284,0.4000000059604645,151000
2020-03-27,0.41999998688697815,0.41999998688697815,0.38999998569488525,0.41999998688697815,41200
2020-03-30,0.4000000059604645,0.41999998688697815,0.3799999952316284,0.38999998569488525,59200
2020-03-31,0.36000001430511475,0.4099999964237213,0.3499999940395355,0.3499999940395355,68800
2020-04-01,0.3700000047683716,0.4000000059604645,0.3199999928474426,0.33000001311302185,72800
2020-04-02,0.3700000047683716,0.3799999952316284,0.3499999940395355,0.3499999940395355,72200
2020-04-03,0.3700000047683716,0.3799999952316284,0.30000001192092896,0.3199999928474426,109700
2020-04-06,0.33000001311302185,0.5,0.33000001311302185,0.4099999964237213,264900
2020-04-07,0.41999998688697815,0.47999998927116394,0.4099999964237213,0.41999998688697815,120300
2020-04-08,0.4300000071525574,0.4399999976158142,0.3499999940395355,0.38999998569488525,210300
2020-04-09,0.3799999952316284,0.44999998807907104,0.3799999952316284,0.38999998569488525,183000
2020-04-13,0.4099999964237213,0.41999998688697815,0.33000001311302185,0.3799999952316284,228400
2020-04-14,0.38999998569488525,0.4000000059604645,0.3400000035762787,0.3499999940395355,131800
2020-04-15,0.36000001430511475,0.3799999952316284,0.33000001311302185,0.3400000035762787,61200
2020-04-16,0.36000001430511475,0.36000001430511475,0.25999999046325684,0.2800000011920929,268500
2020-04-17,0.3100000023841858,0.3400000035762787,0.30000001192092896,0.3199999928474426,221400
2020-04-20,0.3400000035762787,0.3400000035762787,0.30000001192092896,0.30000001192092896,223400
2020-04-21,0.3100000023841858,0.33000001311302185,0.27000001072883606,0.28999999165534973,363500
2020-04-22,0.30000001192092896,0.30000001192092896,0.27000001072883606,0.27000001072883606,98000
2020-04-23,0.2800000011920929,0.28999999165534973,0.27000001072883606,0.2800000011920929,108000
2020-04-24,0.28999999165534973,0.30000001192092896,0.2800000011920929,0.2800000011920929,152300
2020-04-27,0.30000001192092896,0.41999998688697815,0.2800000011920929,0.4099999964237213,2591200
2020-04-28,0.36000001430511475,0.4000000059604645,0.33000001311302185,0.38999998569488525,395400
2020-04-29,0.3799999952316284,0.49000000953674316,0.3799999952316284,0.41999998688697815,593800
2020-04-30,0.4399999976158142,0.44999998807907104,0.3499999940395355,0.38999998569488525,1115800
2020-05-01,0.3799999952316284,0.3799999952316284,0.3400000035762787,0.3499999940395355,187900
2020-05-04,0.38999998569488525,0.38999998569488525,0.3199999928474426,0.3799999952316284,204100
2020-05-05,0.3499999940395355,0.3499999940395355,0.33000001311302185,0.3400000035762787,94800
2020-05-06,0.3499999940395355,0.44999998807907104,0.30000001192092896,0.3499999940395355,2162000
2020-05-07,0.3799999952316284,0.4099999964237213,0.3700000047683716,0.38999998569488525,436900
2020-05-08,0.3799999952316284,0.38999998569488525,0.36000001430511475,0.3799999952316284,177000
2020-05-11,0.4000000059604645,0.4000000059604645,0.36000001430511475,0.36000001430511475,153500
2020-05-12,0.3799999952316284,0.3799999952316284,0.3400000035762787,0.36000001430511475,215100
2020-05-13,0.36000001430511475,0.4399999976158142,0.3499999940395355,0.4099999964237213,2119300
2020-05-14,0.4300000071525574,0.4300000071525574,0.3199999928474426,0.36000001430511475,547800
2020-05-15,0.3799999952316284,0.4000000059604645,0.36000001430511475,0.3799999952316284,360800
2020-05-18,0.4000000059604645,0.4099999964237213,0.36000001430511475,0.38999998569488525,543800
2020-05-19,0.38999998569488525,0.550000011920929,0.38999998569488525,0.4099999964237213,1617300
2020-05-20,0.4099999964237213,0.4300000071525574,0.3799999952316284,0.4300000071525574,539000
2020-05-21,0.41999998688697815,0.4399999976158142,0.4099999964237213,0.41999998688697815,255100
2020-05-22,0.4300000071525574,0.44999998807907104,0.4000000059604645,0.41999998688697815,234900
2020-05-26,0.41999998688697815,0.4300000071525574,0.3799999952316284,0.41999998688697815,358400
2020-05-27,0.4300000071525574,0.5199999809265137,0.4000000059604645,0.4699999988079071,4913300
2020-05-28,0.4699999988079071,0.47999998927116394,0.4099999964237213,0.44999998807907104,2254100
2020-05-29,0.41999998688697815,0.5,0.41999998688697815,0.4300000071525574,2369300
2020-06-01,0.41999998688697815,0.41999998688697815,0.36000001430511475,0.4000000059604645,1350800
2020-06-02,0.4000000059604645,0.4000000059604645,0.3700000047683716,0.3799999952316284,471000
2020-06-03,0.3799999952316284,0.38999998569488525,0.36000001430511475,0.36000001430511475,1219900
2020-06-04,0.3799999952316284,0.5199999809265137,0.3199999928474426,0.36000001430511475,7869800
2020-06-05,0.36000001430511475,0.7400000095367432,0.36000001430511475,0.550000011920929,13677400
2020-06-08,0.6299999952316284,0.6499999761581421,0.5600000023841858,0.6000000238418579,2741700
2020-06-09,0.6200000047683716,0.8700000047683716,0.550000011920929,0.7799999713897705,12342700
2020-06-10,0.6899999976158142,0.7400000095367432,0.5799999833106995,0.6399999856948853,6176300
2020-06-11,0.550000011920929,0.6200000047683716,0.5,0.5299999713897705,2198900
2020-06-12,0.5600000023841858,0.5899999737739563,0.47999998927116394,0.5400000214576721,4920900
2020-06-15,0.5199999809265137,0.5600000023841858,0.4699999988079071,0.5199999809265137,1761100
2020-06-16,0.5400000214576721,0.6299999952316284,0.5400000214576721,0.5600000023841858,4355400
2020-06-17,0.5600000023841858,0.6000000238418579,0.5099999904632568,0.550000011920929,3114400
2020-06-18,0.5199999809265137,0.6899999976158142,0.5199999809265137,0.6100000143051147,8048300
2020-06-19,0.6200000047683716,0.6200000047683716,0.5600000023841858,0.5899999737739563,1798200
2020-06-22,0.5899999737739563,0.6499999761581421,0.550000011920929,0.6200000047683716,4582800
2020-06-23,0.6200000047683716,0.800000011920929,0.5799999833106995,0.7200000286102295,12315400
2020-06-24,0.699999988079071,0.7799999713897705,0.6100000143051147,0.75,8464000
2020-06-25,0.7099999785423279,0.75,0.6499999761581421,0.7300000190734863,3969400
2020-06-26,0.7200000286102295,0.7300000190734863,0.6600000262260437,0.6600000262260437,2186700
2020-06-29,0.6800000071525574,0.7099999785423279,0.6200000047683716,0.6299999952316284,3659600
2020-06-30,0.6100000143051147,0.7400000095367432,0.6100000143051147,0.6499999761581421,7361000
2020-07-01,0.6399999856948853,0.6399999856948853,0.5799999833106995,0.6000000238418579,3715500
2020-07-02,0.6100000143051147,0.6299999952316284,0.550000011920929,0.5799999833106995,4139300
2020-07-06,0.5799999833106995,0.5899999737739563,0.5600000023841858,0.5699999928474426,1437500
2020-07-07,0.5600000023841858,0.5899999737739563,0.5400000214576721,0.550000011920929,1655300
2020-07-08,0.550000011920929,0.6000000238418579,0.550000011920929,0.5600000023841858,1993100
2020-07-09,0.5699999928474426,0.5699999928474426,0.5199999809265137,0.5299999713897705,1293200
2020-07-10,0.5199999809265137,0.5400000214576721,0.5199999809265137,0.5199999809265137,607800
2020-07-13,0.5199999809265137,0.5199999809265137,0.4399999976158142,0.44999998807907104,1923900
2020-07-14,0.4000000059604645,0.44999998807907104,0.38999998569488525,0.4399999976158142,1113900
2020-07-15,0.41999998688697815,0.47999998927116394,0.41999998688697815,0.46000000834465027,932600
2020-07-16,0.49000000953674316,0.5199999809265137,0.44999998807907104,0.4699999988079071,2566200
2020-07-17,0.47999998927116394,0.49000000953674316,0.46000000834465027,0.4699999988079071,826100
2020-07-20,0.4699999988079071,0.4699999988079071,0.4399999976158142,0.46000000834465027,1028700
2020-07-21,0.4699999988079071,0.49000000953674316,0.4399999976158142,0.4699999988079071,985600
2020-07-22,0.47999998927116394,0.5,0.44999998807907104,0.47999998927116394,905000
2020-07-23,0.4699999988079071,0.49000000953674316,0.4399999976158142,0.4399999976158142,662600
2020-07-24,0.44999998807907104,0.4699999988079071,0.41999998688697815,0.4399999976158142,2918500
2020-07-27,0.4399999976158142,0.44999998807907104,0.4099999964237213,0.4099999964237213,677900
2020-07-28,0.4399999976158142,0.4399999976158142,0.4000000059604645,0.4099999964237213,2194000
2020-07-29,0.3799999952316284,0.4099999964237213,0.3799999952316284,0.3799999952316284,1118500
2020-07-30,0.38999998569488525,0.38999998569488525,0.36000001430511475,0.3700000047683716,1404200
2020-07-31,0.3700000047683716,0.3799999952316284,0.3400000035762787,0.3400000035762787,1175600
2020-08-03,0.3400000035762787,0.36000001430511475,0.33000001311302185,0.3499999940395355,1415900
2020-08-04,0.3499999940395355,0.3499999940395355,0.3100000023841858,0.3199999928474426,4869400
2020-08-05,0.3199999928474426,0.3400000035762787,0.3199999928474426,0.33000001311302185,2058300
2020-08-06,0.3400000035762787,0.3400000035762787,0.3199999928474426,0.33000001311302185,2068800
2020-08-07,0.33000001311302185,0.33000001311302185,0.3100000023841858,0.3199999928474426,2984600
2020-08-10,0.33000001311302185,0.33000001311302185,0.3100000023841858,0.3199999928474426,3455100
2020-08-11,0.33000001311302185,0.3499999940395355,0.3100000023841858,0.3400000035762787,4881600
2020-08-12,0.33000001311302185,0.36000001430511475,0.3199999928474426,0.33000001311302185,4593100
2020-08-13,0.33000001311302185,0.3400000035762787,0.3199999928474426,0.33000001311302185,2451100
2020-08-14,0.3199999928474426,0.33000001311302185,0.28999999165534973,0.30000001192092896,2865600
2020-08-17,0.3199999928474426,0.3199999928474426,0.28999999165534973,0.28999999165534973,1357300
2020-08-18,0.30000001192092896,0.30000001192092896,0.25999999046325684,0.27000001072883606,3342100
2020-08-19,0.25,0.27000001072883606,0.25,0.27000001072883606,1065400
2020-08-20,0.2800000011920929,0.3100000023841858,0.27000001072883606,0.28999999165534973,2656600
2020-08-21,0.2800000011920929,0.2800000011920929,0.27000001072883606,0.2800000011920929,1457300
2020-08-24,0.2800000011920929,0.28999999165534973,0.25999999046325684,0.2800000011920929,1438700
2020-08-25,0.2800000011920929,0.28999999165534973,0.2800000011920929,0.2800000011920929,698700
2020-08-26,0.28999999165534973,0.30000001192092896,0.2800000011920929,0.28999999165534973,1317900
2020-08-27,0.3100000023841858,0.5199999809265137,0.3100000023841858,0.44999998807907104,64385100
2020-08-28,0.38999998569488525,0.44999998807907104,0.33000001311302185,0.3499999940395355,11867600
2020-08-31,0.3499999940395355,0.36000001430511475,0.3100000023841858,0.33000001311302185,4866100
2020-09-01,0.3199999928474426,0.3700000047683716,0.3100000023841858,0.3199999928474426,9911100
2020-09-02,0.3199999928474426,0.3199999928474426,0.2800000011920929,0.3100000023841858,3481300
2020-09-03,0.28999999165534973,0.30000001192092896,0.2800000011920929,0.28999999165534973,2087000
2020-09-04,0.2800000011920929,0.28999999165534973,0.25999999046325684,0.27000001072883606,1729700
2020-09-08,0.27000001072883606,0.3100000023841858,0.25999999046325684,0.28999999165534973,2911400
2020-09-09,0.27000001072883606,0.28999999165534973,0.27000001072883606,0.2800000011920929,1116900
2020-09-10,0.2800000011920929,0.2800000011920929,0.27000001072883606,0.27000001072883606,1168300
2020-09-11,0.2800000011920929,0.2800000011920929,0.25999999046325684,0.25999999046325684,1175000
2020-09-14,0.27000001072883606,0.30000001192092896,0.27000001072883606,0.2800000011920929,3228400
2020-09-15,0.27000001072883606,0.3100000023841858,0.27000001072883606,0.30000001192092896,2042500
2020-09-16,0.2800000011920929,0.30000001192092896,0.2800000011920929,0.2800000011920929,954200
2020-09-17,0.2800000011920929,0.2800000011920929,0.27000001072883606,0.27000001072883606,804800
2020-09-18,0.27000001072883606,0.28999999165534973,0.27000001072883606,0.28999999165534973,837000
2020-09-21,0.2800000011920929,0.2800000011920929,0.27000001072883606,0.27000001072883606,809600
2020-09-22,0.27000001072883606,0.2800000011920929,0.25999999046325684,0.25999999046325684,1180100
2020-09-23,0.25999999046325684,0.25999999046325684,0.23999999463558197,0.23999999463558197,1386800
2020-09-24,0.23999999463558197,0.25,0.2199999988079071,0.25,1475200
2020-09-25,0.25,0.25,0.23000000417232513,0.23999999463558197,989800
2020-09-28,0.23999999463558197,0.23999999463558197,0.23000000417232513,0.23000000417232513,368500
2020-09-29,0.23000000417232513,0.2800000011920929,0.23000000417232513,0.27000001072883606,7715900
2020-09-30,0.25,0.27000001072883606,0.25,0.25999999046325684,1268500
2020-10-01,0.27000001072883606,0.2800000011920929,0.25,0.27000001072883606,1925100
2020-10-02,0.25999999046325684,0.30000001192092896,0.25999999046325684,0.27000001072883606,3589000
2020-10-05,0.28999999165534973,0.28999999165534973,0.27000001072883606,0.27000001072883606,845600
2020-10-06,0.2800000011920929,0.2800000011920929,0.25,0.25999999046325684,1319400
2020-10-07,0.25,0.27000001072883606,0.25,0.27000001072883606,700800
2020-10-08,0.25,0.3499999940395355,0.25,0.3199999928474426,9469000
2020-10-09,0.3100000023841858,0.33000001311302185,0.30000001192092896,0.3100000023841858,1804100
2020-10-12,0.30000001192092896,0.3799999952316284,0.30000001192092896,0.3700000047683716,11436500
2020-10-13,0.3499999940395355,0.3700000047683716,0.2800000011920929,0.28999999165534973,6670100
2020-10-14,0.2800000011920929,0.3100000023841858,0.27000001072883606,0.2800000011920929,2149600
2020-10-15,0.2800000011920929,0.2800000011920929,0.25999999046325684,0.2800000011920929,1993300
2020-10-16,0.27000001072883606,0.28999999165534973,0.25999999046325684,0.27000001072883606,1229400
2020-10-19,0.25999999046325684,0.30000001192092896,0.25999999046325684,0.25999999046325684,1220300
2020-10-20,0.25999999046325684,0.2800000011920929,0.25999999046325684,0.27000001072883606,600000
2020-10-21,0.25999999046325684,0.27000001072883606,0.25,0.25999999046325684,755200
2020-10-22,0.2800000011920929,0.3199999928474426,0.25999999046325684,0.28999999165534973,7278800
2020-10-23,0.2800000011920929,0.28999999165534973,0.27000001072883606,0.2800000011920929,1470900
2020-10-26,0.27000001072883606,0.30000001192092896,0.25999999046325684,0.2800000011920929,2666700
2020-10-27,0.27000001072883606,0.28999999165534973,0.25999999046325684,0.2800000011920929,1157700
2020-10-28,0.2800000011920929,0.2800000011920929,0.27000001072883606,0.27000001072883606,860500
2020-10-29,0.27000001072883606,0.28999999165534973,0.25999999046325684,0.27000001072883606,969600
2020-10-30,0.27000001072883606,0.2800000011920929,0.25999999046325684,0.25999999046325684,657100
2020-11-02,0.25999999046325684,0.27000001072883606,0.25999999046325684,0.25999999046325684,408300
2020-11-03,0.25999999046325684,0.2800000011920929,0.25999999046325684,0.27000001072883606,841100
2020-11-04,0.2800000011920929,0.28999999165534973,0.25999999046325684,0.27000001072883606,949100
2020-11-05,0.2800000011920929,0.28999999165534973,0.27000001072883606,0.27000001072883606,1180000
2020-11-06,0.27000001072883606,0.2800000011920929,0.25999999046325684,0.27000001072883606,920100
2020-11-09,0.30000001192092896,0.38999998569488525,0.28999999165534973,0.36000001430511475,26149000
2020-11-10,0.33000001311302185,0.3400000035762787,0.28999999165534973,0.3100000023841858,8363100
2020-11-11,0.28999999165534973,0.30000001192092896,0.2800000011920929,0.30000001192092896,1737800
2020-11-12,0.30000001192092896,0.3199999928474426,0.28999999165534973,0.28999999165534973,1772500
2020-11-13,0.30000001192092896,0.33000001311302185,0.30000001192092896,0.3199999928474426,1966800
2020-11-16,0.3199999928474426,0.3400000035762787,0.3199999928474426,0.3400000035762787,2365200
2020-11-17,0.33000001311302185,0.36000001430511475,0.33000001311302185,0.3499999940395355,1873300
2020-11-18,0.3499999940395355,0.3700000047683716,0.3400000035762787,0.36000001430511475,2068700
2020-11-19,0.36000001430511475,0.38999998569488525,0.3499999940395355,0.3799999952316284,3201000
2020-11-20,0.33000001311302185,0.33000001311302185,0.28999999165534973,0.3100000023841858,6124000
2020-11-23,0.3199999928474426,0.3799999952316284,0.3100000023841858,0.36000001430511475,10035000
2020-11-24,0.36000001430511475,0.4000000059604645,0.36000001430511475,0.3799999952316284,6550700
2020-11-25,0.38999998569488525,0.38999998569488525,0.36000001430511475,0.3799999952316284,2178400
2020-11-27,0.3700000047683716,0.4300000071525574,0.3499999940395355,0.4000000059604645,4801700
2020-11-30,0.4000000059604645,0.4000000059604645,0.3499999940395355,0.3499999940395355,3092600
2020-12-01,0.3799999952316284,0.4000000059604645,0.3499999940395355,0.3700000047683716,4676200
2020-12-02,0.36000001430511475,0.3799999952316284,0.3400000035762787,0.36000001430511475,1626700
2020-12-03,0.36000001430511475,0.3799999952316284,0.3499999940395355,0.3700000047683716,998900
2020-12-04,0.3700000047683716,0.3700000047683716,0.3499999940395355,0.3700000047683716,1261600
2020-12-07,0.36000001430511475,0.3700000047683716,0.33000001311302185,0.3400000035762787,1642100
2020-12-08,0.3499999940395355,0.3499999940395355,0.3199999928474426,0.3400000035762787,4230300
2020-12-09,0.3400000035762787,0.3400000035762787,0.3199999928474426,0.33000001311302185,1014000
2020-12-10,0.33000001311302185,0.3400000035762787,0.3199999928474426,0.3199999928474426,769300
2020-12-11,0.3199999928474426,0.33000001311302185,0.30000001192092896,0.3100000023841858,4533100
2020-12-14,0.23000000417232513,0.27000001072883606,0.2199999988079071,0.27000001072883606,8554200
2020-12-15,0.25,0.27000001072883606,0.23999999463558197,0.25,2778500
2020-12-16,0.23999999463558197,0.25,0.23000000417232513,0.23999999463558197,1302100
2020-12-17,0.23999999463558197,0.25,0.2199999988079071,0.23000000417232513,2220100
2020-12-18,0.23999999463558197,0.25,0.23000000417232513,0.23000000417232513,3326300
2020-12-21,0.23000000417232513,0.23000000417232513,0.20999999344348907,0.20999999344348907,6256300
2020-12-22,0.23000000417232513,0.23999999463558197,0.20000000298023224,0.20999999344348907,4344200
2020-12-23,0.2199999988079071,0.23999999463558197,0.20000000298023224,0.20000000298023224,4200800
2020-12-24,0.20000000298023224,0.23000000417232513,0.20000000298023224,0.23000000417232513,637400
2020-12-28,0.23000000417232513,0.23000000417232513,0.2199999988079071,0.2199999988079071,1007000
2020-12-29,0.2199999988079071,0.25,0.2199999988079071,0.25,1269500
2020-12-30,0.1899999976158142,0.27000001072883606,0.1899999976158142,0.25999999046325684,913200
2020-12-31,0.25,0.28999999165534973,0.25,0.27000001072883606,1611500
2021-01-04,0.25999999046325684,0.2800000011920929,0.25999999046325684,0.27000001072883606,328800
2021-01-05,0.25999999046325684,0.2800000011920929,0.25,0.25999999046325684,533200
2021-01-06,0.25,0.27000001072883606,0.25,0.27000001072883606,334300
2021-01-07,0.25999999046325684,0.28999999165534973,0.25,0.2800000011920929,412700
2021-01-08,0.2800000011920929,0.30000001192092896,0.27000001072883606,0.2800000011920929,225800
2021-01-11,0.27000001072883606,0.30000001192092896,0.27000001072883606,0.2800000011920929,1205500
2021-01-12,0.2800000011920929,0.3100000023841858,0.27000001072883606,0.30000001192092896,639500
2021-01-13,0.3199999928474426,0.3400000035762787,0.30000001192092896,0.33000001311302185,1116800
2021-01-14,0.3400000035762787,0.38999998569488525,0.33000001311302185,0.3700000047683716,1495000
2021-01-15,0.3700000047683716,0.38999998569488525,0.36000001430511475,0.36000001430511475,798300
2021-01-19,0.3799999952316284,0.4099999964237213,0.36000001430511475,0.4000000059604645,1609800
2021-01-20,0.4000000059604645,0.5199999809265137,0.4000000059604645,0.5,1972500
2021-01-21,0.5099999904632568,0.550000011920929,0.46000000834465027,0.5099999904632568,1678100
2021-01-22,0.5,0.5199999809265137,0.4699999988079071,0.5199999809265137,1382200
2021-01-25,0.5199999809265137,0.6899999976158142,0.5199999809265137,0.6899999976158142,3229600
2021-01-26,0.6899999976158142,0.7200000286102295,0.6299999952316284,0.6800000071525574,827300
2021-01-27,0.699999988079071,0.8600000143051147,0.6399999856948853,0.75,2080700
2021-01-28,0.7699999809265137,0.7799999713897705,0.6499999761581421,0.75,1034800
2021-01-29,0.7300000190734863,0.8500000238418579,0.7300000190734863,0.800000011920929,738400
2021-02-01,0.7400000095367432,0.8500000238418579,0.6899999976158142,0.699999988079071,744400
2021-02-02,0.7400000095367432,0.7400000095367432,0.5199999809265137,0.550000011920929,1259600
2021-02-03,0.6399999856948853,0.7400000095367432,0.5400000214576721,0.6100000143051147,527200
2021-02-04,0.6499999761581421,0.6800000071525574,0.6100000143051147,0.6299999952316284,349800
2021-02-05,0.5600000023841858,0.7400000095367432,0.5299999713897705,0.6899999976158142,804200
2021-02-08,0.6899999976158142,0.699999988079071,0.550000011920929,0.6600000262260437,758500
2021-02-09,0.6200000047683716,0.75,0.6100000143051147,0.6299999952316284,512800
2021-02-10,0.6200000047683716,0.6600000262260437,0.6100000143051147,0.6399999856948853,158700
2021-02-11,0.6399999856948853,0.6700000166893005,0.6200000047683716,0.6499999761581421,185600
2021-02-12,0.6299999952316284,0.7099999785423279,0.6200000047683716,0.6499999761581421,329700
2021-02-16,0.6399999856948853,0.699999988079071,0.6399999856948853,0.6800000071525574,261500
2021-02-17,0.6499999761581421,0.699999988079071,0.6399999856948853,0.6700000166893005,115900
2021-02-18,0.6700000166893005,0.6700000166893005,0.6399999856948853,0.6600000262260437,278000
2021-02-19,0.6600000262260437,0.6800000071525574,0.6499999761581421,0.6600000262260437,119200
2021-02-22,0.6600000262260437,0.7400000095367432,0.6600000262260437,0.7200000286102295,344400
2021-02-23,0.699999988079071,0.7599999904632568,0.699999988079071,0.7099999785423279,1328500
2021-02-24,0.7099999785423279,0.7699999809265137,0.7099999785423279,0.75,284800
2021-02-25,0.75,0.7699999809265137,0.699999988079071,0.7200000286102295,199800
2021-02-26,0.7099999785423279,0.7200000286102295,0.699999988079071,0.7200000286102295,84800
2021-03-01,0.699999988079071,0.699999988079071,0.6700000166893005,0.699999988079071,124500
2021-03-02,0.6800000071525574,0.75,0.6800000071525574,0.75,926000
2021-03-03,0.7799999713897705,0.7799999713897705,0.7200000286102295,0.7599999904632568,100100
2021-03-04,0.7400000095367432,0.7599999904632568,0.6899999976158142,0.6899999976158142,555800
2021-03-05,0.6700000166893005,0.7099999785423279,0.6399999856948853,0.6800000071525574,128800
2021-03-08,0.6800000071525574,0.75,0.6499999761581421,0.6899999976158142,20600
2021-03-09,0.6800000071525574,0.75,0.6700000166893005,0.75,17900
2021-03-10,0.699999988079071,0.7099999785423279,0.6499999761581421,0.6800000071525574,334100
2021-03-11,0.6800000071525574,0.7099999785423279,0.6499999761581421,0.6800000071525574,236400
2021-03-12,0.6800000071525574,0.7400000095367432,0.6600000262260437,0.6899999976158142,114500
2021-03-15,0.6800000071525574,0.7200000286102295,0.6800000071525574,0.7099999785423279,75500
2021-03-16,0.7200000286102295,0.7200000286102295,0.6499999761581421,0.6899999976158142,56400
2021-03-17,0.6800000071525574,0.7200000286102295,0.6600000262260437,0.7200000286102295,140800
2021-03-18,0.6600000262260437,0.8199999928474426,0.6600000262260437,0.7900000214576721,945600
2021-03-19,0.8199999928474426,0.8600000143051147,0.7799999713897705,0.8600000143051147,439600
2021-03-22,0.8600000143051147,0.949999988079071,0.800000011920929,0.8600000143051147,464200
2021-03-23,0.8700000047683716,0.8700000047683716,0.800000011920929,0.8600000143051147,430000
2021-03-24,0.8199999928474426,0.8899999856948853,0.800000011920929,0.8799999952316284,335500
2021-03-25,0.8899999856948853,0.9100000262260437,0.8199999928474426,0.8500000238418579,296300
2021-03-26,0.8199999928474426,0.9300000071525574,0.8199999928474426,0.9300000071525574,501800
2021-03-29,0.949999988079071,0.9900000095367432,0.9100000262260437,0.9900000095367432,206400
2021-03-30,0.9900000095367432,1.090000033378601,0.9700000286102295,1.090000033378601,231100
2021-03-31,1.1399999856948853,1.2000000476837158,1.0700000524520874,1.2000000476837158,329200
2021-04-01,1.2000000476837158,1.2999999523162842,1.1100000143051147,1.2000000476837158,359800
2021-04-05,1.350000023841858,1.350000023841858,1.2300000190734863,1.2799999713897705,492200
2021-04-06,1.350000023841858,1.350000023841858,1.0700000524520874,1.090000033378601,384300
2021-04-07,1.090000033378601,1.100000023841858,1.0099999904632568,1.0199999809265137,380100
2021-04-08,0.9599999785423279,1.149999976158142,0.9599999785423279,1.0399999618530273,664200
2021-04-09,1.0199999809265137,1.100000023841858,0.9900000095367432,1.0399999618530273,427200
2021-04-12,1.0800000429153442,1.1799999475479126,1.0399999618530273,1.1799999475479126,225100
2021-04-13,1.1799999475479126,1.2100000381469727,1.0800000429153442,1.2000000476837158,155200
2021-04-14,1.1799999475479126,1.350000023841858,1.0399999618530273,1.25,306600
2021-04-15,1.2999999523162842,1.5499999523162842,1.2999999523162842,1.5,1289400
2021-04-16,1.4500000476837158,1.600000023841858,1.4199999570846558,1.5499999523162842,686200
2021-04-19,1.5800000429153442,1.5800000429153442,1.5,1.5,331000
2021-04-20,1.5,1.5,1.2999999523162842,1.4500000476837158,235100
2021-04-21,1.340000033378601,1.4800000190734863,1.340000033378601,1.440000057220459,148200
2021-04-22,1.4500000476837158,1.4900000095367432,1.399999976158142,1.4500000476837158,96400
2021-04-23,1.4500000476837158,1.4600000381469727,1.3899999856948853,1.4199999570846558,118200
2021-04-26,1.399999976158142,1.4700000286102295,1.3700000047683716,1.4199999570846558,95600
2021-04-27,1.399999976158142,1.4700000286102295,1.399999976158142,1.4500000476837158,99300
2021-04-28,1.4600000381469727,1.4700000286102295,1.409999966621399,1.4500000476837158,77500
2021-04-29,1.4500000476837158,1.5199999809265137,1.409999966621399,1.5,204800
2021-04-30,1.4600000381469727,1.5499999523162842,1.4299999475479126,1.5399999618530273,158000
2021-05-03,1.4800000190734863,1.600000023841858,1.4800000190734863,1.5499999523162842,365900
2021-05-04,1.5199999809265137,1.590000033378601,1.4900000095367432,1.5700000524520874,240400
2021-05-05,1.5399999618530273,1.590000033378601,1.4900000095367432,1.5700000524520874,317800
2021-05-06,1.5,1.5700000524520874,1.4600000381469727,1.5099999904632568,160300
2021-05-07,1.4800000190734863,1.4900000095367432,1.399999976158142,1.4299999475479126,172400
2021-05-10,1.409999966621399,1.440000057220459,1.1399999856948853,1.440000057220459,313700
2021-05-11,1.3200000524520874,1.600000023841858,1.2300000190734863,1.590000033378601,301300
2021-05-12,1.559999942779541,1.6399999856948853,1.350000023841858,1.6200000047683716,431000
2021-05-13,1.4900000095367432,1.6399999856948853,1.4800000190734863,1.6200000047683716,106200
2021-05-14,1.559999942779541,1.9800000190734863,1.5399999618530273,1.9700000286102295,1201800
2021-05-17,1.9700000286102295,2.0999999046325684,1.899999976158142,2.0399999618530273,451300
2021-05-18,2.0399999618530273,2.0999999046325684,2.0,2.0899999141693115,287300
2021-05-19,1.9900000095367432,2.119999885559082,1.9500000476837158,2.059999942779541,236700
2021-05-20,2.0799999237060547,2.1500000953674316,2.0,2.109999895095825,289600
2021-05-21,2.0,2.1500000953674316,1.9600000381469727,2.0799999237060547,292600
2021-05-24,2.069999933242798,2.2899999618530273,2.069999933242798,2.25,1244800
2021-05-25,2.259999990463257,2.3399999141693115,2.109999895095825,2.299999952316284,447800
2021-05-26,2.299999952316284,2.5,2.1700000762939453,2.450000047683716,1219500
2021-05-27,2.4800000190734863,3.2699999809265137,2.4800000190734863,3.0999999046325684,1987000
2021-05-28,3.009999990463257,3.5299999713897705,2.9800000190734863,3.5,830900
2021-06-01,3.5199999809265137,3.9000000953674316,3.5,3.7300000190734863,578200
2021-06-02,3.509999990463257,3.7899999618530273,3.2100000381469727,3.390000104904175,373700
2021-06-03,3.380000114440918,3.450000047683716,3.190000057220459,3.359999895095825,323500
2021-06-04,3.4000000953674316,3.6500000953674316,3.3299999237060547,3.509999990463257,334200
2021-06-07,3.450000047683716,3.799999952316284,3.430000066757202,3.75,219000
2021-06-08,3.740000009536743,3.819999933242798,3.5999999046325684,3.75,132100
2021-06-09,3.5999999046325684,3.8399999141693115,3.549999952316284,3.7799999713897705,125700
2021-06-10,3.549999952316284,3.859999895095825,3.549999952316284,3.799999952316284,358200
2021-06-11,3.700000047683716,3.859999895095825,3.549999952316284,3.799999952316284,457200
2021-06-14,3.700000047683716,3.75,3.5799999237060547,3.6500000953674316,261900
2021-06-15,3.6500000953674316,3.740000009536743,3.609999895095825,3.6500000953674316,153200
2021-06-16,3.619999885559082,3.700000047683716,3.4000000953674316,3.5999999046325684,198900
2021-06-17,3.5999999046325684,3.680000066757202,3.4000000953674316,3.549999952316284,142600
2021-06-18,3.4700000286102295,3.549999952316284,3.25,3.4000000953674316,215100
2021-06-21,3.5299999713897705,3.5299999713897705,3.200000047683716,3.450000047683716,186900
2021-06-22,3.5,3.5,3.25,3.4000000953674316,127800
2021-06-23,3.3499999046325684,3.4000000953674316,3.200000047683716,3.3299999237060547,210800
2021-06-24,3.3499999046325684,3.390000104904175,3.200000047683716,3.2300000190734863,152900
2021-06-25,3.6500000953674316,3.9800000190734863,3.509999990463257,3.7699999809265137,1380900
2021-06-28,3.700000047683716,3.8299999237060547,3.609999895095825,3.799999952316284,296700
2021-06-29,3.8299999237060547,3.8399999141693115,3.700000047683716,3.7699999809265137,322600
2021-06-30,3.7699999809265137,3.809999942779541,3.7100000381469727,3.7799999713897705,331500
2021-07-01,3.819999933242798,3.8399999141693115,3.7899999618530273,3.819999933242798,117300
2021-07-02,3.8299999237060547,3.8399999141693115,3.700000047683716,3.75,244700
2021-07-06,3.75,3.7699999809265137,3.619999885559082,3.7100000381469727,172200
2021-07-07,3.700000047683716,3.7899999618530273,3.5999999046325684,3.7200000286102295,421800
2021-07-08,3.680000066757202,3.809999942779541,3.619999885559082,3.799999952316284,103800
2021-07-09,3.809999942779541,3.9700000286102295,3.759999990463257,3.890000104904175,223100
2021-07-12,3.890000104904175,3.9600000381469727,3.7799999713897705,3.9000000953674316,138600
2021-07-13,3.869999885559082,4.170000076293945,3.799999952316284,4.139999866485596,377600
2021-07-14,4.079999923706055,4.170000076293945,3.9600000381469727,4.0,215200
2021-07-15,4.0,4.0,3.5999999046325684,3.7200000286102295,161700
2021-07-16,3.690000057220459,3.809999942779541,3.559999942779541,3.6600000858306885,166900
2021-07-19,3.7300000190734863,3.7300000190734863,3.25,3.450000047683716,314100
2021-07-20,3.549999952316284,3.7699999809265137,3.359999895095825,3.700000047683716,115200
2021-07-21,3.7799999713897705,4.25,3.7799999713897705,4.25,432600
2021-07-22,4.239999771118164,4.5,4.110000133514404,4.449999809265137,459700
2021-07-23,4.460000038146973,4.840000152587891,4.400000095367432,4.75,667400
2021-07-26,4.739999771118164,4.889999866485596,4.650000095367432,4.889999866485596,261100
2021-07-27,4.900000095367432,4.909999847412109,4.25,4.800000190734863,116700
2021-07-28,4.619999885559082,4.929999828338623,4.619999885559082,4.880000114440918,88400
2021-07-29,4.610000133514404,4.96999979019165,4.610000133514404,4.960000038146973,117900
2021-07-30,4.960000038146973,4.96999979019165,4.75,4.940000057220459,93800
2021-08-02,4.900000095367432,5.039999961853027,4.900000095367432,5.010000228881836,245100
2021-08-03,5.010000228881836,5.090000152587891,4.949999809265137,5.079999923706055,97000
2021-08-04,5.050000190734863,5.079999923706055,4.75,4.900000095367432,137300
2021-08-05,5.090000152587891,5.090000152587891,4.800000190734863,4.920000076293945,189700
2021-08-06,4.829999923706055,5.0,4.570000171661377,4.860000133514404,217300
2021-08-09,4.860000133514404,5.019999980926514,4.769999980926514,4.949999809265137,257500
2021-08-10,4.929999828338623,5.110000133514404,4.929999828338623,5.110000133514404,164300
2021-08-11,5.050000190734863,5.230000019073486,5.010000228881836,5.190000057220459,191400
2021-08-12,5.170000076293945,5.230000019073486,5.0,5.119999885559082,203600
2021-08-13,5.119999885559082,5.159999847412109,5.03000020980835,5.130000114440918,190900
2021-08-16,5.03000020980835,5.170000076293945,4.989999771118164,5.050000190734863,187000
2021-08-17,5.03000020980835,5.059999942779541,4.880000114440918,5.019999980926514,586600
2021-08-18,5.0,5.019999980926514,4.929999828338623,4.989999771118164,459100
2021-08-19,4.929999828338623,4.980000019073486,4.849999904632568,4.960000038146973,269100
2021-08-20,4.940000057220459,5.420000076293945,4.789999961853027,5.099999904632568,636600
2021-08-23,5.150000095367432,5.400000095367432,5.099999904632568,5.329999923706055,461600
2021-08-24,5.230000019073486,5.449999809265137,5.199999809265137,5.25,458000
2021-08-25,5.309999942779541,5.440000057220459,5.21999979019165,5.369999885559082,328100
2021-08-26,5.170000076293945,5.300000190734863,5.099999904632568,5.170000076293945,582300
2021-08-27,5.159999847412109,5.449999809265137,5.130000114440918,5.369999885559082,393300
2021-08-30,5.369999885559082,5.46999979019165,5.210000038146973,5.239999771118164,1090400
2021-08-31,5.449999809265137,6.170000076293945,5.449999809265137,5.989999771118164,1224100
2021-09-01,6.199999809265137,6.869999885559082,6.199999809265137,6.510000228881836,1217700
2021-09-02,6.460000038146973,6.730000019073486,6.309999942779541,6.449999809265137,408300
2021-09-03,6.739999771118164,7.010000228881836,6.340000152587891,6.949999809265137,702000
2021-09-07,6.960000038146973,7.420000076293945,6.960000038146973,7.03000020980835,652100
2021-09-08,7.090000152587891,7.340000152587891,6.610000133514404,6.739999771118164,569800
2021-09-09,6.699999809265137,6.699999809265137,6.159999847412109,6.28000020980835,829000
2021-09-10,6.849999904632568,7.079999923706055,6.710000038146973,6.760000228881836,1382500
2021-09-13,7.0,7.0,6.380000114440918,6.550000190734863,471300
2021-09-14,6.869999885559082,6.869999885559082,6.25,6.25,537600
2021-09-15,6.210000038146973,6.360000133514404,6.079999923706055,6.28000020980835,410600
2021-09-16,6.320000171661377,6.690000057220459,6.25,6.340000152587891,379600
2021-09-17,6.360000133514404,6.409999847412109,6.099999904632568,6.199999809265137,361900
2021-09-20,6.110000133514404,6.150000095367432,5.849999904632568,6.039999961853027,445400
2021-09-21,6.050000190734863,6.420000076293945,5.980000019073486,6.28000020980835,385000
2021-09-22,6.230000019073486,6.440000057220459,6.099999904632568,6.360000133514404,539500
2021-09-23,6.429999828338623,6.679999828338623,6.269999980926514,6.320000171661377,464900
2021-09-24,6.239999771118164,6.460000038146973,6.159999847412109,6.320000171661377,325600
2021-09-27,6.349999904632568,6.650000095367432,6.25,6.389999866485596,446900
2021-09-28,6.300000190734863,6.409999847412109,6.119999885559082,6.309999942779541,373100
2021-09-29,6.349999904632568,6.480000019073486,6.21999979019165,6.340000152587891,244800
2021-09-30,6.429999828338623,6.670000076293945,5.980000019073486,6.119999885559082,602000
2021-10-01,6.090000152587891,6.199999809265137,6.010000228881836,6.170000076293945,402600
2021-10-04,6.170000076293945,6.25,5.96999979019165,6.079999923706055,289900
2021-10-05,6.090000152587891,6.159999847412109,5.889999866485596,6.0,356000
2021-10-06,5.989999771118164,6.03000020980835,5.659999847412109,5.820000171661377,334500
2021-10-07,5.849999904632568,6.190000057220459,5.829999923706055,6.090000152587891,269800
2021-10-08,6.099999904632568,6.199999809265137,5.840000152587891,6.039999961853027,248300
2021-10-11,5.96999979019165,6.0,5.570000171661377,5.570000171661377,406800
2021-10-12,5.570000171661377,5.929999828338623,5.510000228881836,5.869999885559082,324100
2021-10-13,5.769999980926514,6.0,5.659999847412109,5.889999866485596,178500
2021-10-14,5.849999904632568,5.980000019073486,5.710000038146973,5.909999847412109,231600
2021-10-15,6.0,6.400000095367432,5.920000076293945,6.130000114440918,522700
2021-10-18,6.239999771118164,6.539999961853027,6.21999979019165,6.46999979019165,337000
2021-10-19,6.630000114440918,6.800000190734863,6.320000171661377,6.46999979019165,277800
2021-10-20,6.480000019073486,6.650000095367432,6.420000076293945,6.5,238800
2021-10-21,6.28000020980835,6.550000190734863,6.150000095367432,6.480000019073486,256400
2021-10-22,6.53000020980835,6.53000020980835,6.340000152587891,6.5,161100
2021-10-25,6.440000057220459,6.639999866485596,6.329999923706055,6.599999904632568,230100
2021-10-26,6.489999771118164,6.599999904632568,6.349999904632568,6.440000057220459,184300
2021-10-27,6.5,6.570000171661377,6.269999980926514,6.289999961853027,225100
2021-10-28,6.349999904632568,6.920000076293945,6.300000190734863,6.840000152587891,995400
2021-10-29,6.860000133514404,7.159999847412109,6.659999847412109,7.110000133514404,472600
2021-11-01,7.179999828338623,7.550000190734863,7.119999885559082,7.46999979019165,837300
2021-11-02,7.599999904632568,7.949999809265137,7.579999923706055,7.739999771118164,989400
2021-11-03,7.670000076293945,7.900000095367432,7.570000171661377,7.760000228881836,431200
2021-11-04,7.800000190734863,7.800000190734863,7.260000228881836,7.550000190734863,684200
2021-11-05,7.659999847412109,7.670000076293945,7.28000020980835,7.489999771118164,296300
2021-11-08,7.690000057220459,7.710000038146973,7.409999847412109,7.550000190734863,342100
2021-11-09,7.570000171661377,7.820000171661377,7.349999904632568,7.730000019073486,438100
2021-11-10,7.570000171661377,7.880000114440918,7.409999847412109,7.630000114440918,380400
2021-11-11,7.46999979019165,7.929999828338623,7.380000114440918,7.860000133514404,363900
2021-11-12,7.949999809265137,8.319999694824219,7.769999980926514,8.300000190734863,953600
2021-11-15,8.329999923706055,8.680000305175781,8.210000038146973,8.449999809265137,742700
2021-11-16,8.5,8.819999694824219,8.40999984741211,8.600000381469727,854000
2021-11-17,8.800000190734863,8.989999771118164,8.699999809265137,8.850000381469727,877200
2021-11-18,8.010000228881836,8.649999618530273,7.28000020980835,8.399999618530273,2106000
2021-11-19,8.239999771118164,8.579999923706055,8.050000190734863,8.399999618530273,726500
2021-11-22,8.609999656677246,8.869999885559082,8.130000114440918,8.380000114440918,865000
2021-11-23,8.180000305175781,8.380000114440918,7.619999885559082,7.690000057220459,726400
2021-11-24,7.599999904632568,8.069999694824219,7.510000228881836,7.989999771118164,560200
2021-11-26,7.71999979019165,8.050000190734863,7.570000171661377,7.900000095367432,290100
2021-11-29,7.920000076293945,7.960000038146973,7.329999923706055,7.369999885559082,709300
2021-11-30,7.420000076293945,7.690000057220459,6.710000038146973,7.150000095367432,1166500
2021-12-01,7.25,7.349999904632568,6.760000228881836,6.789999961853027,674600
2021-12-02,6.710000038146973,6.900000095367432,6.590000152587891,6.78000020980835,542900
2021-12-03,6.78000020980835,6.869999885559082,6.320000171661377,6.440000057220459,784500
2021-12-06,6.369999885559082,7.050000190734863,6.349999904632568,6.849999904632568,1060400
2021-12-07,6.909999847412109,7.25,6.800000190734863,6.889999866485596,819100
2021-12-08,6.75,7.019999980926514,6.71999979019165,6.840000152587891,420400
2021-12-09,6.800000190734863,7.079999923706055,6.78000020980835,6.840000152587891,497100
2021-12-10,6.820000171661377,7.119999885559082,6.670000076293945,6.710000038146973,600500
2021-12-13,6.710000038146973,6.78000020980835,5.949999809265137,6.210000038146973,1086900
2021-12-14,6.090000152587891,6.449999809265137,5.980000019073486,6.239999771118164,714600
2021-12-15,6.090000152587891,6.519999980926514,6.03000020980835,6.46999979019165,962700
2021-12-16,6.590000152587891,6.599999904632568,5.849999904632568,5.889999866485596,1302100
2021-12-17,5.929999828338623,6.010000228881836,5.53000020980835,5.550000190734863,4132500
2021-12-20,5.539999961853027,5.829999923706055,5.010000228881836,5.28000020980835,1599600
2021-12-21,5.389999866485596,5.5,5.21999979019165,5.449999809265137,1139000
2021-12-22,5.400000095367432,5.639999866485596,5.400000095367432,5.550000190734863,364400
2021-12-23,5.579999923706055,5.789999961853027,5.579999923706055,5.610000133514404,496800
2021-12-27,5.610000133514404,5.769999980926514,5.53000020980835,5.599999904632568,604300
2021-12-28,5.670000076293945,5.809999942779541,5.369999885559082,5.480000019073486,472300
2021-12-29,5.460000038146973,5.599999904632568,5.400000095367432,5.570000171661377,397500
2021-12-30,5.550000190734863,5.800000190734863,5.519999980926514,5.739999771118164,661000
2021-12-31,5.739999771118164,5.789999961853027,5.539999961853027,5.679999828338623,496100
2022-01-03,5.710000038146973,6.170000076293945,5.710000038146973,6.059999942779541,1005900
2022-01-04,6.179999828338623,6.570000171661377,6.179999828338623,6.389999866485596,1570300
2022-01-05,6.599999904632568,6.679999828338623,5.949999809265137,6.0,618800
2022-01-06,5.980000019073486,6.260000228881836,5.769999980926514,5.940000057220459,490800
2022-01-07,5.940000057220459,6.010000228881836,5.079999923706055,5.460000038146973,994000
2022-01-10,5.559999942779541,5.760000228881836,5.210000038146973,5.440000057220459,893400
2022-01-11,5.5,5.889999866485596,5.239999771118164,5.840000152587891,629200
2022-01-12,5.920000076293945,6.139999866485596,5.760000228881836,6.019999980926514,541100
2022-01-13,6.079999923706055,6.269999980926514,5.929999828338623,6.0,506600
2022-01-14,5.949999809265137,6.019999980926514,5.539999961853027,5.670000076293945,618600
2022-01-18,5.5,5.599999904632568,5.360000133514404,5.5,350600
2022-01-19,5.510000228881836,5.559999942779541,4.980000019073486,5.039999961853027,963900
2022-01-20,5.099999904632568,5.25,4.75,4.769999980926514,898300
2022-01-21,4.75,4.929999828338623,4.590000152587891,4.639999866485596,830900
2022-01-24,4.5,4.980000019073486,4.309999942779541,4.909999847412109,848800
2022-01-25,4.78000020980835,5.019999980926514,4.630000114440918,4.889999866485596,540800
2022-01-26,5.050000190734863,5.070000171661377,4.559999942779541,4.610000133514404,380800
2022-01-27,4.699999809265137,4.809999942779541,4.360000133514404,4.380000114440918,539800
2022-01-28,4.340000152587891,4.449999809265137,4.199999809265137,4.329999923706055,600300
2022-01-31,4.260000228881836,4.559999942779541,4.260000228881836,4.440000057220459,837500
2022-02-01,4.360000133514404,4.869999885559082,4.309999942779541,4.849999904632568,960300
2022-02-02,4.849999904632568,4.889999866485596,4.730000019073486,4.860000133514404,542000
2022-02-03,4.71999979019165,4.75,4.550000190734863,4.659999847412109,360300
2022-02-04,4.670000076293945,4.739999771118164,4.519999980926514,4.659999847412109,175300
2022-02-07,4.619999885559082,4.809999942779541,4.400000095367432,4.71999979019165,327600
2022-02-08,4.690000057220459,4.980000019073486,4.690000057220459,4.849999904632568,540000
2022-02-09,4.909999847412109,5.070000171661377,4.909999847412109,4.960000038146973,239500
2022-02-10,4.880000114440918,5.130000114440918,4.840000152587891,4.900000095367432,251400
2022-02-11,4.889999866485596,4.900000095367432,4.630000114440918,4.690000057220459,234100
2022-02-14,4.570000171661377,4.619999885559082,4.389999866485596,4.409999847412109,299000
2022-02-15,4.440000057220459,4.710000038146973,4.440000057220459,4.650000095367432,341400
2022-02-16,4.619999885559082,4.75,4.510000228881836,4.579999923706055,201300
2022-02-17,4.489999771118164,4.570000171661377,4.440000057220459,4.5,209900
2022-02-18,4.510000228881836,4.570000171661377,4.28000020980835,4.28000020980835,868500
2022-02-22,4.369999885559082,4.550000190734863,4.150000095367432,4.199999809265137,619000
2022-02-23,4.28000020980835,4.300000190734863,4.039999961853027,4.050000190734863,394300
2022-02-24,3.740000009536743,4.300000190734863,3.7300000190734863,4.21999979019165,858200
2022-02-25,4.269999980926514,4.380000114440918,4.099999904632568,4.320000171661377,242000
2022-02-28,4.300000190734863,4.369999885559082,4.070000171661377,4.139999866485596,436400
2022-03-01,4.099999904632568,4.230000019073486,3.9700000286102295,4.110000133514404,766400
2022-03-02,4.099999904632568,4.360000133514404,4.099999904632568,4.269999980926514,380900
2022-03-03,4.260000228881836,4.400000095367432,4.110000133514404,4.369999885559082,548800
2022-03-04,4.289999961853027,4.360000133514404,4.079999923706055,4.139999866485596,582800
2022-03-07,4.079999923706055,4.110000133514404,3.7200000286102295,3.759999990463257,685700
2022-03-08,3.7300000190734863,4.039999961853027,3.7100000381469727,3.880000114440918,383300
2022-03-09,3.990000009536743,4.179999828338623,3.990000009536743,4.079999923706055,521700
2022-03-10,4.070000171661377,4.199999809265137,4.010000228881836,4.199999809265137,204000
2022-03-11,4.190000057220459,4.25,4.099999904632568,4.159999847412109,372700
2022-03-14,4.139999866485596,4.369999885559082,3.990000009536743,4.019999980926514,483100
2022-03-15,3.990000009536743,4.320000171661377,3.990000009536743,4.300000190734863,604300
2022-03-16,4.389999866485596,4.650000095367432,4.309999942779541,4.579999923706055,1179000
2022-03-17,4.75,5.139999866485596,4.409999847412109,5.090000152587891,1236100
2022-03-18,5.039999961853027,5.570000171661377,4.989999771118164,5.380000114440918,1694000
2022-03-21,5.260000228881836,5.349999904632568,4.849999904632568,4.980000019073486,1449700
2022-03-22,5.070000171661377,5.170000076293945,4.840000152587891,4.909999847412109,451700
2022-03-23,4.860000133514404,5.150000095367432,4.849999904632568,5.0,563100
2022-03-24,5.0,5.079999923706055,4.889999866485596,5.050000190734863,556300
2022-03-25,5.099999904632568,5.119999885559082,4.96999979019165,4.989999771118164,545000
2022-03-28,4.96999979019165,5.070000171661377,4.949999809265137,5.050000190734863,349100
2022-03-29,5.070000171661377,5.5,5.070000171661377,5.449999809265137,401000
2022-03-30,5.449999809265137,5.449999809265137,5.110000133514404,5.130000114440918,309900
2022-03-31,5.099999904632568,5.269999980926514,4.880000114440918,4.880000114440918,641300
2022-04-01,4.960000038146973,5.019999980926514,4.800000190734863,4.869999885559082,1507700
2022-04-04,4.840000152587891,5.039999961853027,4.840000152587891,4.900000095367432,2032400
2022-04-05,4.869999885559082,4.989999771118164,4.809999942779541,4.869999885559082,406800
2022-04-06,4.769999980926514,5.019999980926514,4.639999866485596,5.010000228881836,455900
2022-04-07,4.829999923706055,5.190000057220459,4.829999923706055,5.130000114440918,374500
2022-04-08,5.130000114440918,5.340000152587891,5.0,5.019999980926514,444200
2022-04-11,4.960000038146973,5.119999885559082,4.849999904632568,5.019999980926514,469000
2022-04-12,5.090000152587891,5.420000076293945,5.010000228881836,5.059999942779541,728300
2022-04-13,5.110000133514404,5.329999923706055,4.900000095367432,5.25,432500
2022-04-14,5.269999980926514,5.429999828338623,4.800000190734863,5.289999961853027,400600
2022-04-18,5.269999980926514,5.440000057220459,5.21999979019165,5.409999847412109,348700
2022-04-19,5.380000114440918,5.539999961853027,5.190000057220459,5.25,742500
2022-04-20,5.269999980926514,5.46999979019165,4.949999809265137,5.110000133514404,409500
2022-04-21,5.110000133514404,5.110000133514404,4.800000190734863,4.900000095367432,427800
2022-04-22,4.860000133514404,4.909999847412109,4.630000114440918,4.690000057220459,364800
2022-04-25,4.679999828338623,4.909999847412109,4.590000152587891,4.869999885559082,343900
2022-04-26,4.840000152587891,4.849999904632568,4.650000095367432,4.679999828338623,344100
2022-04-27,4.659999847412109,4.900000095367432,4.650000095367432,4.730000019073486,352200
2022-04-28,4.78000020980835,5.010000228881836,4.760000228881836,5.0,532900
2022-04-29,4.960000038146973,5.090000152587891,4.789999961853027,4.949999809265137,300700
2022-05-02,4.949999809265137,5.130000114440918,4.869999885559082,5.119999885559082,324900
2022-05-03,5.119999885559082,5.179999828338623,4.949999809265137,5.050000190734863,352600
2022-05-04,5.090000152587891,5.110000133514404,4.789999961853027,5.079999923706055,349700
2022-05-05,4.96999979019165,4.989999771118164,4.769999980926514,4.889999866485596,264100
2022-05-06,4.849999904632568,4.880000114440918,4.449999809265137,4.46999979019165,561900
2022-05-09,4.360000133514404,4.389999866485596,4.090000152587891,4.150000095367432,536700
2022-05-10,4.190000057220459,4.190000057220459,3.799999952316284,3.940000057220459,677700
2022-05-11,3.9200000762939453,4.159999847412109,3.7699999809265137,3.9200000762939453,580200
2022-05-12,3.8499999046325684,4.289999961853027,3.809999942779541,4.139999866485596,812500
2022-05-13,4.190000057220459,4.510000228881836,4.190000057220459,4.360000133514404,343200
2022-05-16,4.300000190734863,4.510000228881836,4.289999961853027,4.400000095367432,359700
2022-05-17,4.510000228881836,4.739999771118164,4.449999809265137,4.739999771118164,1010100
2022-05-18,4.670000076293945,4.670000076293945,4.010000228881836,4.050000190734863,1352400
2022-05-19,3.9700000286102295,4.159999847412109,3.930000066757202,4.039999961853027,938200
2022-05-20,4.139999866485596,4.25,3.930000066757202,4.130000114440918,892300
2022-05-23,4.159999847412109,4.21999979019165,3.9600000381469727,4.130000114440918,552200
2022-05-24,4.039999961853027,4.199999809265137,3.6700000762939453,3.690000057220459,2232800
2022-05-25,3.700000047683716,4.210000038146973,3.700000047683716,4.199999809265137,1252400
2022-05-26,4.639999866485596,4.699999809265137,4.230000019073486,4.400000095367432,2379700
2022-05-27,4.389999866485596,4.519999980926514,4.360000133514404,4.440000057220459,840700
2022-05-31,4.46999979019165,4.769999980926514,4.460000038146973,4.679999828338623,1036500
2022-06-01,4.699999809265137,4.800000190734863,4.639999866485596,4.659999847412109,618200
2022-06-02,4.699999809265137,4.929999828338623,4.679999828338623,4.869999885559082,929500
2022-06-03,4.809999942779541,4.880000114440918,4.650000095367432,4.760000228881836,661800
2022-06-06,4.880000114440918,4.880000114440918,4.619999885559082,4.670000076293945,691200
2022-06-07,4.53000020980835,4.699999809265137,4.440000057220459,4.630000114440918,734200
2022-06-08,4.610000133514404,4.800000190734863,4.539999961853027,4.639999866485596,595900
2022-06-09,4.539999961853027,4.710000038146973,4.510000228881836,4.579999923706055,463900
2022-06-10,4.429999828338623,4.590000152587891,4.409999847412109,4.480000019073486,319800
2022-06-13,4.300000190734863,4.400000095367432,4.099999904632568,4.139999866485596,671800
2022-06-14,4.139999866485596,4.269999980926514,4.099999904632568,4.210000038146973,233300
2022-06-15,4.25,4.400000095367432,4.050000190734863,4.239999771118164,602200
2022-06-16,4.130000114440918,4.179999828338623,3.880000114440918,3.9100000858306885,649900
2022-06-17,3.940000057220459,4.150000095367432,3.880000114440918,4.090000152587891,582100
2022-06-21,4.099999904632568,4.28000020980835,3.880000114440918,3.880000114440918,637700
2022-06-22,3.799999952316284,3.930000066757202,3.6700000762939453,3.700000047683716,664900
2022-06-23,3.7300000190734863,3.7799999713897705,3.559999942779541,3.7200000286102295,807800
2022-06-24,3.7300000190734863,4.0,3.569999933242798,3.6700000762939453,7034100
2022-06-27,3.7200000286102295,4.019999980926514,3.6500000953674316,3.859999895095825,886700
2022-06-28,3.8499999046325684,4.050000190734863,3.630000114440918,3.680000066757202,581200
2022-06-29,3.6700000762939453,3.700000047683716,3.4600000381469727,3.490000009536743,707900
2022-06-30,3.430000066757202,3.5,3.3499999046325684,3.390000104904175,714900
2022-07-01,3.3399999141693115,3.5,3.2699999809265137,3.4200000762939453,728600
2022-07-05,3.3299999237060547,3.640000104904175,3.3299999237060547,3.640000104904175,557800
2022-07-06,3.5999999046325684,3.630000114440918,3.4700000286102295,3.509999990463257,481400
2022-07-07,3.5299999713897705,3.7100000381469727,3.5299999713897705,3.690000057220459,409900
2022-07-08,3.640000104904175,3.7200000286102295,3.5899999141693115,3.6500000953674316,521300
2022-07-11,3.630000114440918,3.6700000762939453,3.4800000190734863,3.509999990463257,291000
2022-07-12,3.5199999809265137,3.6600000858306885,3.509999990463257,3.559999942779541,353400
2022-07-13,3.4600000381469727,3.740000009536743,3.4200000762939453,3.680000066757202,432700
2022-07-14,3.630000114440918,3.6700000762939453,3.549999952316284,3.640000104904175,378400
2022-07-15,3.7300000190734863,3.950000047683716,3.6700000762939453,3.930000066757202,653600
2022-07-18,3.950000047683716,4.130000114440918,3.950000047683716,4.019999980926514,379000
2022-07-19,4.070000171661377,4.309999942779541,4.070000171661377,4.239999771118164,487300
2022-07-20,4.269999980926514,4.409999847412109,4.170000076293945,4.360000133514404,491000
2022-07-21,4.320000171661377,4.380000114440918,4.150000095367432,4.349999904632568,297100
2022-07-22,4.360000133514404,4.400000095367432,4.179999828338623,4.300000190734863,258200
2022-07-25,4.289999961853027,4.340000152587891,4.21999979019165,4.25,208200
2022-07-26,4.190000057220459,4.210000038146973,3.930000066757202,3.9800000190734863,361300
2022-07-27,4.0,4.179999828338623,3.9100000858306885,4.179999828338623,268400
2022-07-28,4.179999828338623,4.300000190734863,4.050000190734863,4.25,272600
2022-07-29,4.25,4.25,4.110000133514404,4.139999866485596,358900
2022-08-01,4.099999904632568,4.170000076293945,3.990000009536743,4.110000133514404,353300
2022-08-02,4.059999942779541,4.139999866485596,4.0,4.119999885559082,322400
2022-08-03,4.139999866485596,4.400000095367432,4.139999866485596,4.369999885559082,207100
2022-08-04,4.360000133514404,4.409999847412109,4.21999979019165,4.360000133514404,195700
2022-08-05,4.289999961853027,4.480000019073486,4.260000228881836,4.429999828338623,234000
2022-08-08,4.429999828338623,4.619999885559082,4.429999828338623,4.510000228881836,445300
2022-08-09,4.46999979019165,4.5,4.300000190734863,4.420000076293945,262600
2022-08-10,4.519999980926514,4.630000114440918,4.340000152587891,4.440000057220459,738500
2022-08-11,4.449999809265137,4.590000152587891,4.139999866485596,4.190000057220459,702500
2022-08-12,4.230000019073486,4.289999961853027,4.039999961853027,4.28000020980835,708700
2022-08-15,4.260000228881836,4.46999979019165,4.150000095367432,4.429999828338623,298300
2022-08-16,4.420000076293945,4.579999923706055,4.389999866485596,4.489999771118164,455700
2022-08-17,4.46999979019165,4.489999771118164,4.289999961853027,4.380000114440918,413200
2022-08-18,4.329999923706055,4.429999828338623,4.25,4.300000190734863,343900
2022-08-19,4.25,4.449999809265137,4.179999828338623,4.389999866485596,504800
2022-08-22,4.340000152587891,4.409999847412109,4.260000228881836,4.329999923706055,572400
2022-08-23,4.309999942779541,4.420000076293945,4.260000228881836,4.320000171661377,555500
2022-08-24,4.289999961853027,4.320000171661377,4.170000076293945,4.199999809265137,739800
2022-08-25,4.980000019073486,5.059999942779541,4.659999847412109,5.03000020980835,3049900
2022-08-26,5.039999961853027,5.650000095367432,4.96999979019165,5.579999923706055,2540300
2022-08-29,5.539999961853027,5.820000171661377,5.510000228881836,5.800000190734863,1295400
2022-08-30,5.849999904632568,5.96999979019165,5.840000152587891,5.900000095367432,785500
2022-08-31,5.880000114440918,5.900000095367432,5.429999828338623,5.510000228881836,703800
2022-09-01,5.5,5.690000057220459,5.449999809265137,5.639999866485596,560600
2022-09-02,5.639999866485596,5.820000171661377,5.449999809265137,5.699999809265137,756400
2022-09-06,5.75,5.96999979019165,5.670000076293945,5.699999809265137,583400
2022-09-07,5.699999809265137,5.980000019073486,5.699999809265137,5.929999828338623,607400
2022-09-08,6.050000190734863,6.050000190734863,5.849999904632568,5.980000019073486,925800
2022-09-09,6.0,6.21999979019165,6.0,6.159999847412109,668800
2022-09-12,6.210000038146973,6.369999885559082,6.159999847412109,6.190000057220459,473300
2022-09-13,6.0,6.179999828338623,5.829999923706055,6.0,722800
2022-09-14,6.079999923706055,6.139999866485596,5.860000133514404,5.909999847412109,617300
2022-09-15,5.869999885559082,6.159999847412109,5.869999885559082,5.96999979019165,643700
2022-09-16,5.900000095367432,5.960000038146973,5.630000114440918,5.829999923706055,1964200
2022-09-19,5.769999980926514,6.050000190734863,5.710000038146973,5.989999771118164,529900
2022-09-20,5.980000019073486,6.010000228881836,5.739999771118164,5.869999885559082,466700
2022-09-21,5.829999923706055,5.920000076293945,5.679999828338623,5.71999979019165,410600
2022-09-22,5.690000057220459,5.699999809265137,5.380000114440918,5.46999979019165,554000
2022-09-23,5.329999923706055,5.389999866485596,5.199999809265137,5.300000190734863,514600
2022-09-26,5.309999942779541,5.550000190734863,5.28000020980835,5.429999828338623,688600
2022-09-27,5.460000038146973,5.690000057220459,5.289999961853027,5.5,648000
2022-09-28,5.519999980926514,5.670000076293945,5.420000076293945,5.599999904632568,711800
2022-09-29,5.460000038146973,5.519999980926514,5.349999904632568,5.429999828338623,543500
2022-09-30,5.340000152587891,5.510000228881836,5.110000133514404,5.420000076293945,2670600
2022-10-03,5.480000019073486,5.809999942779541,5.369999885559082,5.75,709900
2022-10-04,5.820000171661377,5.909999847412109,5.650000095367432,5.769999980926514,518700
2022-10-05,5.75,5.940000057220459,5.619999885559082,5.880000114440918,429700
2022-10-06,5.880000114440918,6.139999866485596,5.849999904632568,6.090000152587891,818600
2022-10-07,6.090000152587891,6.090000152587891,5.809999942779541,5.869999885559082,348700
2022-10-10,5.789999961853027,5.869999885559082,5.5,5.71999979019165,599000
2022-10-11,5.730000019073486,5.989999771118164,5.599999904632568,5.920000076293945,996700
2022-10-12,5.860000133514404,5.880000114440918,5.71999979019165,5.78000020980835,451600
2022-10-13,5.710000038146973,5.880000114440918,5.510000228881836,5.800000190734863,548600
2022-10-14,5.820000171661377,5.840000152587891,5.590000152587891,5.599999904632568,422800
2022-10-17,5.699999809265137,5.980000019073486,5.670000076293945,5.900000095367432,619500
2022-10-18,5.920000076293945,6.159999847412109,5.920000076293945,6.110000133514404,802100
2022-10-19,6.130000114440918,6.260000228881836,6.050000190734863,6.25,785100
2022-10-20,6.28000020980835,6.320000171661377,6.050000190734863,6.139999866485596,929400
2022-10-21,6.179999828338623,6.300000190734863,6.119999885559082,6.21999979019165,772300
2022-10-24,6.230000019073486,6.309999942779541,6.070000171661377,6.150000095367432,736900
2022-10-25,6.099999904632568,6.599999904632568,6.099999904632568,6.590000152587891,1152000
2022-10-26,6.630000114440918,6.769999980926514,6.619999885559082,6.690000057220459,633300
2022-10-27,6.710000038146973,6.800000190734863,6.519999980926514,6.570000171661377,571600
2022-10-28,6.570000171661377,6.760000228881836,6.460000038146973,6.75,515800
2022-10-31,6.739999771118164,6.75,6.409999847412109,6.679999828338623,641700
2022-11-01,6.769999980926514,6.849999904632568,6.639999866485596,6.75,410100
2022-11-02,6.659999847412109,6.929999828338623,6.46999979019165,6.53000020980835,550100
2022-11-03,6.5,6.860000133514404,6.289999961853027,6.650000095367432,598500
2022-11-04,6.690000057220459,6.909999847412109,6.519999980926514,6.760000228881836,550000
2022-11-07,6.75,6.949999809265137,6.650000095367432,6.940000057220459,658000
2022-11-08,7.0,7.0,6.579999923706055,6.699999809265137,959600
2022-11-09,6.670000076293945,6.760000228881836,6.309999942779541,6.409999847412109,787700
2022-11-10,6.730000019073486,7.010000228881836,6.610000133514404,6.920000076293945,1175700
2022-11-11,6.909999847412109,7.03000020980835,6.699999809265137,6.800000190734863,1225700
2022-11-14,6.78000020980835,7.03000020980835,6.619999885559082,6.630000114440918,1115700
2022-11-15,6.809999942779541,7.019999980926514,6.730000019073486,6.889999866485596,1569300
2022-11-16,6.78000020980835,6.809999942779541,6.5,6.760000228881836,1746400
2022-11-17,7.03000020980835,7.03000020980835,6.110000133514404,6.429999828338623,1090500
2022-11-18,6.650000095367432,6.900000095367432,6.400000095367432,6.610000133514404,1031100
2022-11-21,6.539999961853027,6.809999942779541,6.53000020980835,6.699999809265137,1020600
2022-11-22,6.800000190734863,7.079999923706055,6.710000038146973,6.980000019073486,873300
2022-11-23,6.940000057220459,7.199999809265137,6.889999866485596,7.099999904632568,865300
2022-11-25,7.079999923706055,7.210000038146973,7.039999961853027,7.199999809265137,471000
2022-11-28,7.179999828338623,7.239999771118164,6.920000076293945,6.940000057220459,679200
2022-11-29,6.909999847412109,7.139999866485596,6.610000133514404,6.909999847412109,950700
2022-11-30,6.869999885559082,6.889999866485596,6.610000133514404,6.659999847412109,765400
2022-12-01,6.710000038146973,6.840000152587891,6.639999866485596,6.71999979019165,759100
2022-12-02,6.650000095367432,6.869999885559082,6.550000190734863,6.78000020980835,795300
2022-12-05,6.71999979019165,6.78000020980835,6.389999866485596,6.429999828338623,862100
2022-12-06,6.429999828338623,6.599999904632568,6.320000171661377,6.369999885559082,872200
2022-12-07,6.349999904632568,6.519999980926514,6.28000020980835,6.329999923706055,693600
2022-12-08,6.329999923706055,6.489999771118164,6.28000020980835,6.429999828338623,431900
2022-12-09,6.300000190734863,6.380000114440918,6.170000076293945,6.179999828338623,400400
2022-12-12,6.190000057220459,6.349999904632568,6.170000076293945,6.199999809265137,501700
2022-12-13,6.480000019073486,6.53000020980835,6.269999980926514,6.360000133514404,839100
2022-12-14,6.360000133514404,6.46999979019165,6.150000095367432,6.239999771118164,625300
2022-12-15,6.159999847412109,6.25,6.050000190734863,6.090000152587891,540800
2022-12-16,6.059999942779541,6.150000095367432,5.989999771118164,6.039999961853027,775400
2022-12-19,6.0,6.119999885559082,5.960000038146973,6.079999923706055,454500
2022-12-20,6.03000020980835,6.099999904632568,5.949999809265137,6.03000020980835,426500
2022-12-21,6.139999866485596,6.320000171661377,6.079999923706055,6.320000171661377,449800
2022-12-22,6.21999979019165,6.239999771118164,6.090000152587891,6.130000114440918,487400
2022-12-23,6.150000095367432,6.449999809265137,6.130000114440918,6.449999809265137,382600
2022-12-27,6.409999847412109,6.570000171661377,6.389999866485596,6.409999847412109,426500
2022-12-28,6.420000076293945,6.550000190734863,6.300000190734863,6.389999866485596,333400
2022-12-29,6.400000095367432,6.610000133514404,6.380000114440918,6.579999923706055,559000
2022-12-30,6.570000171661377,6.78000020980835,6.570000171661377,6.75,698000
2023-01-03,6.789999961853027,6.820000171661377,6.460000038146973,6.539999961853027,742900
2023-01-04,6.639999866485596,6.849999904632568,6.519999980926514,6.800000190734863,441300
2023-01-05,6.75,6.829999923706055,6.610000133514404,6.690000057220459,418400
2023-01-06,6.75,6.940000057220459,6.710000038146973,6.739999771118164,556200
2023-01-09,6.800000190734863,6.900000095367432,6.610000133514404,6.760000228881836,730500
2023-01-10,6.75,7.059999942779541,6.739999771118164,7.019999980926514,834600
2023-01-11,7.099999904632568,7.190000057220459,6.940000057220459,6.989999771118164,650900
2023-01-12,7.0,7.079999923706055,6.900000095367432,6.949999809265137,661600
2023-01-13,6.809999942779541,7.090000152587891,6.809999942779541,6.989999771118164,633700
2023-01-17,6.900000095367432,7.019999980926514,6.730000019073486,6.989999771118164,476300
2023-01-18,6.980000019073486,7.110000133514404,6.730000019073486,6.769999980926514,548000
2023-01-19,6.769999980926514,6.769999980926514,6.5,6.559999942779541,501600
2023-01-20,6.650000095367432,6.909999847412109,6.53000020980835,6.900000095367432,539800
2023-01-23,6.949999809265137,7.170000076293945,6.860000133514404,7.139999866485596,747500
2023-01-24,7.110000133514404,7.28000020980835,7.070000171661377,7.199999809265137,453700
2023-01-25,7.190000057220459,7.409999847412109,7.010000228881836,7.340000152587891,363800
2023-01-26,7.380000114440918,7.539999961853027,7.25,7.429999828338623,464200
2023-01-27,7.449999809265137,7.53000020980835,7.289999961853027,7.360000133514404,686000
2023-01-30,7.300000190734863,7.309999942779541,7.099999904632568,7.119999885559082,376500
2023-01-31,7.110000133514404,7.309999942779541,7.099999904632568,7.130000114440918,661100
2023-02-01,7.170000076293945,7.460000038146973,7.159999847412109,7.389999866485596,568000
2023-02-02,7.460000038146973,7.570000171661377,7.28000020980835,7.349999904632568,628600
2023-02-03,7.340000152587891,7.440000057220459,7.260000228881836,7.389999866485596,628800
2023-02-06,7.389999866485596,7.389999866485596,7.150000095367432,7.150000095367432,576500
2023-02-07,7.099999904632568,7.269999980926514,6.809999942779541,6.940000057220459,672800
2023-02-08,6.889999866485596,6.929999828338623,6.730000019073486,6.769999980926514,692900
2023-02-09,6.900000095367432,7.03000020980835,6.730000019073486,6.739999771118164,404000
2023-02-10,6.710000038146973,6.71999979019165,6.579999923706055,6.690000057220459,561600
2023-02-13,6.699999809265137,6.769999980926514,6.409999847412109,6.760000228881836,513700
2023-02-14,6.730000019073486,6.769999980926514,6.539999961853027,6.599999904632568,445600
2023-02-15,6.559999942779541,6.590000152587891,6.46999979019165,6.550000190734863,322600
2023-02-16,6.46999979019165,6.519999980926514,6.28000020980835,6.300000190734863,683100
2023-02-17,6.340000152587891,6.380000114440918,6.139999866485596,6.21999979019165,678300
2023-02-21,6.199999809265137,6.199999809265137,5.789999961853027,5.809999942779541,729100
2023-02-22,5.820000171661377,5.989999771118164,5.75,5.940000057220459,861800
2023-02-23,5.96999979019165,6.059999942779541,5.909999847412109,6.03000020980835,724900
2023-02-24,5.949999809265137,5.96999979019165,5.889999866485596,5.909999847412109,382300
2023-02-27,5.920000076293945,5.980000019073486,5.900000095367432,5.909999847412109,286400
2023-02-28,5.909999847412109,6.03000020980835,5.900000095367432,5.980000019073486,341000
2023-03-01,5.940000057220459,6.079999923706055,5.920000076293945,6.0,335900
2023-03-02,5.949999809265137,6.170000076293945,5.949999809265137,6.059999942779541,401600
2023-03-03,6.090000152587891,6.21999979019165,6.050000190734863,6.199999809265137,345200
2023-03-06,6.210000038146973,6.269999980926514,5.809999942779541,5.860000133514404,921300
2023-03-07,5.840000152587891,5.940000057220459,5.829999923706055,5.869999885559082,509800
2023-03-08,5.889999866485596,6.139999866485596,5.889999866485596,6.039999961853027,449000
2023-03-09,6.0,6.260000228881836,5.989999771118164,6.130000114440918,611500
2023-03-10,6.130000114440918,6.130000114440918,5.96999979019165,6.0,721100
2023-03-13,5.889999866485596,5.889999866485596,5.420000076293945,5.659999847412109,1159500
2023-03-14,5.760000228881836,5.96999979019165,5.760000228881836,5.900000095367432,1069500
2023-03-15,5.769999980926514,5.840000152587891,5.690000057220459,5.71999979019165,998600
2023-03-16,6.099999904632568,6.320000171661377,6.0,6.159999847412109,1678600
2023-03-17,6.079999923706055,6.079999923706055,5.059999942779541,5.429999828338623,2531600
2023-03-20,5.050000190734863,5.400000095367432,5.050000190734863,5.199999809265137,1197400
2023-03-21,5.28000020980835,5.400000095367432,5.159999847412109,5.159999847412109,710400
2023-03-22,5.159999847412109,5.239999771118164,5.079999923706055,5.119999885559082,716200
2023-03-23,5.159999847412109,5.28000020980835,5.090000152587891,5.179999828338623,890100
2023-03-24,5.159999847412109,5.159999847412109,4.960000038146973,5.099999904632568,636300
2023-03-27,5.099999904632568,5.139999866485596,5.0,5.03000020980835,594400
2023-03-28,5.039999961853027,5.28000020980835,5.039999961853027,5.190000057220459,546600
2023-03-29,5.210000038146973,5.300000190734863,5.159999847412109,5.28000020980835,635600
2023-03-30,5.329999923706055,5.429999828338623,5.300000190734863,5.340000152587891,467500
2023-03-31,5.369999885559082,5.539999961853027,5.360000133514404,5.510000228881836,2490700
2023-04-03,5.610000133514404,5.710000038146973,5.550000190734863,5.690000057220459,456100
2023-04-04,5.710000038146973,5.760000228881836,5.559999942779541,5.579999923706055,412200
2023-04-05,5.579999923706055,5.579999923706055,5.440000057220459,5.460000038146973,415600
2023-04-06,5.440000057220459,5.510000228881836,5.409999847412109,5.489999771118164,318300
2023-04-10,5.489999771118164,5.559999942779541,5.409999847412109,5.429999828338623,514000
2023-04-11,5.429999828338623,5.489999771118164,5.369999885559082,5.449999809265137,475400
2023-04-12,5.480000019073486,5.5,5.119999885559082,5.150000095367432,704400
2023-04-13,5.170000076293945,5.210000038146973,4.900000095367432,4.96999979019165,1114000
2023-04-14,4.96999979019165,5.050000190734863,4.809999942779541,4.909999847412109,1096400
2023-04-17,4.909999847412109,5.070000171661377,4.880000114440918,5.050000190734863,921600
2023-04-18,5.059999942779541,5.139999866485596,4.880000114440918,4.889999866485596,494400
2023-04-19,4.880000114440918,4.929999828338623,4.670000076293945,4.679999828338623,831800
2023-04-20,4.670000076293945,4.809999942779541,4.650000095367432,4.739999771118164,778800
2023-04-21,4.71999979019165,4.760000228881836,4.639999866485596,4.650000095367432,958500
2023-04-24,4.659999847412109,4.670000076293945,4.440000057220459,4.599999904632568,1019700
2023-04-25,4.579999923706055,4.619999885559082,4.409999847412109,4.420000076293945,401000
2023-04-26,4.420000076293945,4.630000114440918,4.409999847412109,4.53000020980835,601500
2023-04-27,4.53000020980835,4.550000190734863,4.349999904632568,4.369999885559082,517400
2023-04-28,4.360000133514404,4.420000076293945,4.269999980926514,4.389999866485596,613400
2023-05-01,4.400000095367432,4.510000228881836,4.400000095367432,4.460000038146973,543200
2023-05-02,4.440000057220459,4.480000019073486,4.369999885559082,4.440000057220459,599400
2023-05-03,4.46999979019165,4.539999961853027,4.340000152587891,4.349999904632568,371300
2023-05-04,4.300000190734863,4.349999904632568,4.25,4.329999923706055,450200
2023-05-05,4.369999885559082,4.550000190734863,4.369999885559082,4.489999771118164,462500
2023-05-08,4.460000038146973,4.489999771118164,4.389999866485596,4.449999809265137,357300
2023-05-09,4.409999847412109,4.420000076293945,4.239999771118164,4.349999904632568,216400
2023-05-10,4.420000076293945,4.429999828338623,4.329999923706055,4.349999904632568,230600
2023-05-11,4.340000152587891,4.380000114440918,4.300000190734863,4.369999885559082,304500
2023-05-12,4.349999904632568,4.5,4.349999904632568,4.449999809265137,357400
2023-05-15,4.460000038146973,4.480000019073486,4.400000095367432,4.449999809265137,252000
2023-05-16,4.480000019073486,4.480000019073486,4.320000171661377,4.400000095367432,481800
2023-05-17,4.409999847412109,4.579999923706055,4.400000095367432,4.550000190734863,495600
2023-05-18,4.519999980926514,4.679999828338623,4.449999809265137,4.53000020980835,628000
2023-05-19,4.550000190734863,4.590000152587891,3.9000000953674316,4.179999828338623,1184400
2023-05-22,4.179999828338623,4.210000038146973,4.059999942779541,4.070000171661377,412900
2023-05-23,4.070000171661377,4.070000171661377,3.8399999141693115,3.890000104904175,891400
2023-05-24,3.890000104904175,3.930000066757202,3.7799999713897705,3.809999942779541,1019400
2023-05-25,3.9000000953674316,4.079999923706055,3.690000057220459,4.0,1458600
2023-05-26,4.0,4.28000020980835,4.0,4.179999828338623,670900
2023-05-30,4.190000057220459,4.380000114440918,4.070000171661377,4.099999904632568,938600
2023-05-31,4.070000171661377,4.25,4.070000171661377,4.159999847412109,672900
2023-06-01,4.139999866485596,4.329999923706055,4.139999866485596,4.190000057220459,492000
2023-06-02,4.239999771118164,4.449999809265137,4.190000057220459,4.409999847412109,457300
2023-06-05,4.449999809265137,4.610000133514404,4.420000076293945,4.489999771118164,459700
2023-06-06,4.480000019073486,4.75,4.46999979019165,4.710000038146973,422400
2023-06-07,4.71999979019165,4.980000019073486,4.71999979019165,4.929999828338623,602700
2023-06-08,4.920000076293945,4.980000019073486,4.849999904632568,4.860000133514404,453600
2023-06-09,4.840000152587891,4.940000057220459,4.840000152587891,4.900000095367432,343900
2023-06-12,4.900000095367432,5.099999904632568,4.889999866485596,4.989999771118164,472800
2023-06-13,4.989999771118164,5.090000152587891,4.929999828338623,5.03000020980835,495100
2023-06-14,5.03000020980835,5.079999923706055,4.889999866485596,4.909999847412109,402900
2023-06-15,4.900000095367432,5.019999980926514,4.860000133514404,4.980000019073486,355400
2023-06-16,5.010000228881836,5.070000171661377,4.920000076293945,5.010000228881836,583600
2023-06-20,4.980000019073486,5.239999771118164,4.980000019073486,5.170000076293945,605700
2023-06-21,5.170000076293945,5.360000133514404,5.139999866485596,5.239999771118164,457100
2023-06-22,5.230000019073486,5.230000019073486,5.079999923706055,5.139999866485596,390100
2023-06-23,5.050000190734863,5.079999923706055,4.829999923706055,4.860000133514404,2678500
2023-06-26,4.889999866485596,5.28000020980835,4.889999866485596,5.099999904632568,933100
2023-06-27,5.059999942779541,5.099999904632568,4.880000114440918,4.900000095367432,786900
2023-06-28,4.880000114440918,4.989999771118164,4.820000171661377,4.849999904632568,705700
2023-06-29,4.820000171661377,4.889999866485596,4.760000228881836,4.849999904632568,697200
2023-06-30,4.909999847412109,4.96999979019165,4.840000152587891,4.900000095367432,3108700
2023-07-03,4.929999828338623,5.159999847412109,4.929999828338623,5.059999942779541,358000
2023-07-05,5.019999980926514,5.070000171661377,4.949999809265137,5.03000020980835,532100
2023-07-06,4.949999809265137,4.96999979019165,4.789999961853027,4.820000171661377,395100
2023-07-07,4.800000190734863,4.989999771118164,4.800000190734863,4.940000057220459,637200
2023-07-10,4.889999866485596,4.989999771118164,4.880000114440918,4.949999809265137,238900
2023-07-11,4.949999809265137,5.0,4.889999866485596,4.960000038146973,504500
2023-07-12,5.079999923706055,5.079999923706055,4.880000114440918,4.900000095367432,251900
2023-07-13,4.920000076293945,4.929999828338623,4.71999979019165,4.760000228881836,399500
2023-07-14,4.760000228881836,4.800000190734863,4.570000171661377,4.71999979019165,531800
2023-07-17,4.739999771118164,4.989999771118164,4.710000038146973,4.909999847412109,537000
2023-07-18,4.889999866485596,5.059999942779541,4.889999866485596,5.059999942779541,291700
2023-07-19,5.090000152587891,5.150000095367432,5.010000228881836,5.03000020980835,292200
2023-07-20,5.010000228881836,5.059999942779541,5.0,5.010000228881836,210800
2023-07-21,5.070000171661377,5.119999885559082,5.010000228881836,5.010000228881836,230000
2023-07-24,5.0,5.130000114440918,4.989999771118164,5.110000133514404,242400
2023-07-25,5.079999923706055,5.179999828338623,5.070000171661377,5.079999923706055,251000
2023-07-26,5.079999923706055,5.199999809265137,5.070000171661377,5.150000095367432,312000
2023-07-27,5.190000057220459,5.230000019073486,5.039999961853027,5.070000171661377,265100
2023-07-28,5.099999904632568,5.28000020980835,5.079999923706055,5.190000057220459,524400
2023-07-31,5.190000057220459,5.25,5.150000095367432,5.159999847412109,248800
2023-08-01,5.159999847412109,5.179999828338623,4.960000038146973,5.0,450900
2023-08-02,4.980000019073486,5.039999961853027,4.940000057220459,4.949999809265137,250100
2023-08-03,4.949999809265137,5.070000171661377,4.949999809265137,5.019999980926514,231300
2023-08-04,5.079999923706055,5.079999923706055,4.940000057220459,4.980000019073486,272500
2023-08-07,5.010000228881836,5.159999847412109,5.0,5.150000095367432,307900
2023-08-08,5.059999942779541,5.059999942779541,4.960000038146973,5.03000020980835,243900
2023-08-09,5.050000190734863,5.050000190734863,4.940000057220459,4.949999809265137,225800
2023-08-10,4.980000019073486,5.090000152587891,4.960000038146973,5.019999980926514,272300
2023-08-11,5.010000228881836,5.090000152587891,4.960000038146973,4.980000019073486,231400
2023-08-14,4.960000038146973,4.980000019073486,4.860000133514404,4.880000114440918,225300
2023-08-15,4.889999866485596,4.889999866485596,4.610000133514404,4.630000114440918,334600
2023-08-16,4.630000114440918,4.769999980926514,4.53000020980835,4.550000190734863,407700
2023-08-17,4.570000171661377,4.679999828338623,4.449999809265137,4.510000228881836,395100
2023-08-18,4.46999979019165,4.579999923706055,4.420000076293945,4.440000057220459,531900
2023-08-21,4.440000057220459,4.579999923706055,4.349999904632568,4.380000114440918,490100
2023-08-22,4.360000133514404,4.360000133514404,4.170000076293945,4.21999979019165,472700
2023-08-23,4.190000057220459,4.21999979019165,4.099999904632568,4.199999809265137,521600
2023-08-24,3.869999885559082,4.369999885559082,3.809999942779541,4.260000228881836,979500
2023-08-25,4.260000228881836,4.460000038146973,4.070000171661377,4.159999847412109,603000
2023-08-28,4.170000076293945,4.300000190734863,4.170000076293945,4.260000228881836,247900
2023-08-29,4.260000228881836,4.409999847412109,4.239999771118164,4.349999904632568,282200
2023-08-30,4.320000171661377,4.409999847412109,4.239999771118164,4.369999885559082,372400
2023-08-31,4.429999828338623,4.710000038146973,4.349999904632568,4.559999942779541,1015100
2023-09-01,4.630000114440918,4.800000190734863,4.570000171661377,4.650000095367432,538100
2023-09-05,4.590000152587891,4.599999904632568,4.449999809265137,4.539999961853027,325700
2023-09-06,4.5,4.579999923706055,4.420000076293945,4.429999828338623,226100
2023-09-07,4.349999904632568,4.46999979019165,4.340000152587891,4.369999885559082,691100
2023-09-08,4.380000114440918,4.940000057220459,4.309999942779541,4.519999980926514,1461600
2023-09-11,4.539999961853027,4.639999866485596,4.510000228881836,4.610000133514404,232600
2023-09-12,4.570000171661377,4.670000076293945,4.519999980926514,4.579999923706055,259600
2023-09-13,4.559999942779541,4.559999942779541,4.449999809265137,4.519999980926514,347600
2023-09-14,4.550000190734863,4.670000076293945,4.539999961853027,4.619999885559082,270300
2023-09-15,4.579999923706055,4.619999885559082,4.449999809265137,4.5,537600
2023-09-18,4.519999980926514,4.550000190734863,4.46999979019165,4.5,329500
2023-09-19,4.489999771118164,4.539999961853027,4.349999904632568,4.489999771118164,214000
2023-09-20,4.5,4.570000171661377,4.460000038146973,4.46999979019165,239800
2023-09-21,4.429999828338623,4.539999961853027,4.190000057220459,4.349999904632568,1396300
2023-09-22,4.360000133514404,4.5,4.25,4.309999942779541,245200
2023-09-25,4.260000228881836,4.409999847412109,4.210000038146973,4.239999771118164,591500
2023-09-26,4.239999771118164,4.309999942779541,4.139999866485596,4.159999847412109,1038000
2023-09-27,4.159999847412109,4.260000228881836,4.010000228881836,4.139999866485596,1049300
2023-09-28,4.159999847412109,4.389999866485596,4.159999847412109,4.349999904632568,561100
2023-09-29,4.349999904632568,4.510000228881836,4.349999904632568,4.480000019073486,3135600
2023-10-02,4.510000228881836,4.650000095367432,4.480000019073486,4.519999980926514,540600
2023-10-03,4.510000228881836,4.659999847412109,4.369999885559082,4.429999828338623,373900
2023-10-04,4.420000076293945,4.460000038146973,4.329999923706055,4.409999847412109,210000
2023-10-05,4.389999866485596,4.409999847412109,4.300000190734863,4.360000133514404,246000
2023-10-06,4.320000171661377,4.5,4.25,4.449999809265137,273600
2023-10-09,4.409999847412109,4.420000076293945,4.300000190734863,4.320000171661377,235600
2023-10-10,4.329999923706055,4.489999771118164,4.309999942779541,4.460000038146973,316500
2023-10-11,4.46999979019165,4.519999980926514,4.260000228881836,4.320000171661377,192800
2023-10-12,4.340000152587891,4.389999866485596,4.099999904632568,4.150000095367432,350200
2023-10-13,4.179999828338623,4.190000057220459,4.099999904632568,4.110000133514404,186300
2023-10-16,4.139999866485596,4.289999961853027,4.139999866485596,4.25,161200
2023-10-17,4.210000038146973,4.429999828338623,4.110000133514404,4.400000095367432,305200
2023-10-18,4.369999885559082,4.369999885559082,4.269999980926514,4.340000152587891,415400
2023-10-19,4.340000152587891,4.380000114440918,4.28000020980835,4.320000171661377,198400
2023-10-20,4.329999923706055,4.349999904632568,4.260000228881836,4.309999942779541,175900
2023-10-23,4.309999942779541,4.309999942779541,4.150000095367432,4.170000076293945,291400
2023-10-24,4.170000076293945,4.239999771118164,4.050000190734863,4.079999923706055,324100
2023-10-25,4.070000171661377,4.079999923706055,3.940000057220459,4.039999961853027,445100
2023-10-26,4.059999942779541,4.170000076293945,4.059999942779541,4.110000133514404,224200
2023-10-27,4.119999885559082,4.130000114440918,3.9600000381469727,4.03000020980835,272500
2023-10-30,4.090000152587891,4.099999904632568,4.010000228881836,4.099999904632568,142900
2023-10-31,4.059999942779541,4.170000076293945,4.010000228881836,4.159999847412109,321300
2023-11-01,4.150000095367432,4.260000228881836,3.990000009536743,4.25,296700
2023-11-02,4.300000190734863,4.400000095367432,4.260000228881836,4.389999866485596,212900
2023-11-03,4.5,4.650000095367432,4.46999979019165,4.519999980926514,330600
2023-11-06,4.519999980926514,4.519999980926514,4.289999961853027,4.480000019073486,456800
2023-11-07,4.460000038146973,4.5,4.300000190734863,4.460000038146973,219800
2023-11-08,4.480000019073486,4.480000019073486,4.380000114440918,4.449999809265137,210500
2023-11-09,4.480000019073486,4.539999961853027,4.25,4.369999885559082,439200
2023-11-10,4.389999866485596,4.519999980926514,4.269999980926514,4.449999809265137,228900
2023-11-13,4.400000095367432,4.409999847412109,4.139999866485596,4.340000152587891,171100
2023-11-14,4.559999942779541,4.860000133514404,4.550000190734863,4.760000228881836,417600
2023-11-15,4.760000228881836,4.900000095367432,4.75,4.78000020980835,189800
2023-11-16,4.760000228881836,4.760000228881836,4.599999904632568,4.690000057220459,278600
2023-11-17,3.950000047683716,4.519999980926514,3.9000000953674316,4.510000228881836,805000
2023-11-20,3.990000009536743,4.380000114440918,3.9000000953674316,4.159999847412109,1165900
2023-11-21,4.159999847412109,4.210000038146973,4.070000171661377,4.110000133514404,443400
2023-11-22,4.110000133514404,4.130000114440918,3.9700000286102295,4.010000228881836,437000
2023-11-24,3.9800000190734863,4.03000020980835,3.9700000286102295,4.010000228881836,165800
2023-11-27,4.03000020980835,4.03000020980835,3.9600000381469727,3.9600000381469727,332000
2023-11-28,3.9800000190734863,3.9800000190734863,3.819999933242798,3.819999933242798,704300
2023-11-29,3.869999885559082,4.010000228881836,3.869999885559082,3.9200000762939453,501600
2023-11-30,3.950000047683716,4.03000020980835,3.7799999713897705,3.7799999713897705,334800
2023-12-01,3.7799999713897705,3.859999895095825,3.700000047683716,3.819999933242798,533800
2023-12-04,3.8399999141693115,3.990000009536743,3.8299999237060547,3.8499999046325684,473900
2023-12-05,3.8399999141693115,3.8399999141693115,3.640000104904175,3.680000066757202,469600
2023-12-06,3.7300000190734863,3.869999885559082,3.700000047683716,3.8399999141693115,486200
2023-12-07,3.8399999141693115,4.010000228881836,3.819999933242798,3.990000009536743,441000
2023-12-08,3.9800000190734863,4.130000114440918,3.9100000858306885,4.119999885559082,639300
2023-12-11,4.079999923706055,4.440000057220459,4.010000228881836,4.070000171661377,619900
2023-12-12,4.099999904632568,4.139999866485596,4.0,4.090000152587891,418600
2023-12-13,4.119999885559082,4.519999980926514,4.019999980926514,4.340000152587891,578700
2023-12-14,4.300000190734863,4.590000152587891,4.21999979019165,4.570000171661377,748900
2023-12-15,4.610000133514404,4.610000133514404,4.409999847412109,4.5,931900
2023-12-18,4.519999980926514,4.579999923706055,4.340000152587891,4.460000038146973,924000
2023-12-19,4.5,4.71999979019165,4.5,4.610000133514404,792500
2023-12-20,4.599999904632568,4.760000228881836,4.46999979019165,4.519999980926514,699800
2023-12-21,4.599999904632568,4.650000095367432,4.519999980926514,4.599999904632568,258500
2023-12-22,4.619999885559082,4.650000095367432,4.5,4.519999980926514,346600
2023-12-26,4.559999942779541,4.639999866485596,4.480000019073486,4.559999942779541,243100
2023-12-27,4.53000020980835,4.610000133514404,4.5,4.579999923706055,184700
2023-12-28,4.550000190734863,4.679999828338623,4.550000190734863,4.599999904632568,238600
2023-12-29,4.590000152587891,4.619999885559082,4.360000133514404,4.400000095367432,943900
2024-01-02,4.400000095367432,4.579999923706055,4.320000171661377,4.329999923706055,591300
2024-01-03,4.300000190734863,4.400000095367432,4.070000171661377,4.079999923706055,406200
2024-01-04,4.099999904632568,4.130000114440918,3.990000009536743,4.090000152587891,322500
2024-01-05,4.039999961853027,4.179999828338623,3.9800000190734863,4.0,877800
2024-01-08,4.0,4.25,3.990000009536743,4.139999866485596,768900
2024-01-09,4.039999961853027,4.150000095367432,4.0,4.119999885559082,417100
2024-01-10,4.090000152587891,4.179999828338623,4.050000190734863,4.059999942779541,248800
2024-01-11,4.090000152587891,4.090000152587891,3.950000047683716,4.019999980926514,355600
2024-01-12,4.059999942779541,4.130000114440918,3.940000057220459,4.010000228881836,471200
2024-01-16,3.950000047683716,4.059999942779541,3.940000057220459,4.039999961853027,306500
2024-01-17,3.9700000286102295,4.090000152587891,3.9700000286102295,4.059999942779541,374500
2024-01-18,4.059999942779541,4.119999885559082,3.940000057220459,4.110000133514404,572300
2024-01-19,4.130000114440918,4.179999828338623,4.039999961853027,4.119999885559082,453300
2024-01-22,4.139999866485596,4.25,4.079999923706055,4.21999979019165,308500
2024-01-23,4.260000228881836,4.320000171661377,4.230000019073486,4.289999961853027,249200
2024-01-24,4.369999885559082,4.380000114440918,4.210000038146973,4.21999979019165,213600
2024-01-25,4.269999980926514,4.329999923706055,4.210000038146973,4.289999961853027,269900
2024-01-26,4.340000152587891,4.400000095367432,4.25,4.269999980926514,255600
2024-01-29,4.269999980926514,4.400000095367432,4.170000076293945,4.389999866485596,332200
2024-01-30,4.340000152587891,4.429999828338623,4.300000190734863,4.380000114440918,348800
2024-01-31,4.380000114440918,4.510000228881836,4.269999980926514,4.269999980926514,309300
2024-02-01,4.300000190734863,4.349999904632568,4.170000076293945,4.300000190734863,290300
2024-02-02,4.239999771118164,4.300000190734863,4.159999847412109,4.159999847412109,287200
2024-02-05,4.090000152587891,4.090000152587891,3.9000000953674316,3.9000000953674316,234100
2024-02-06,3.869999885559082,3.940000057220459,3.819999933242798,3.819999933242798,137700
2024-02-07,3.8499999046325684,3.8499999046325684,3.759999990463257,3.759999990463257,140200
2024-02-08,3.740000009536743,3.940000057220459,3.700000047683716,3.890000104904175,293800
2024-02-09,3.890000104904175,3.930000066757202,3.8299999237060547,3.8499999046325684,246300
2024-02-12,3.859999895095825,4.0,3.859999895095825,3.9700000286102295,181300
2024-02-13,3.809999942779541,3.859999895095825,3.7200000286102295,3.8299999237060547,453300
2024-02-14,3.9000000953674316,3.9000000953674316,3.819999933242798,3.8499999046325684,160200
2024-02-15,3.9100000858306885,4.070000171661377,3.869999885559082,4.0,333500
2024-02-16,3.9600000381469727,4.019999980926514,3.940000057220459,4.0,180100
2024-02-20,3.930000066757202,4.010000228881836,3.880000114440918,3.9000000953674316,190400
2024-02-21,3.9000000953674316,3.9100000858306885,3.8399999141693115,3.869999885559082,137700
2024-02-22,3.869999885559082,3.9100000858306885,3.740000009536743,3.799999952316284,313400
2024-02-23,3.7899999618530273,4.03000020980835,3.7899999618530273,4.010000228881836,497700
2024-02-26,3.9700000286102295,4.079999923706055,3.9700000286102295,4.0,345600
2024-02-27,4.059999942779541,4.159999847412109,3.869999885559082,4.039999961853027,373500
2024-02-28,3.990000009536743,4.039999961853027,3.890000104904175,3.940000057220459,318700
2024-02-29,4.039999961853027,4.039999961853027,3.9200000762939453,3.990000009536743,304600
2024-03-01,3.9800000190734863,4.0,3.930000066757202,3.9700000286102295,237300
2024-03-04,3.9800000190734863,4.0,3.940000057220459,3.950000047683716,90000
2024-03-05,3.9200000762939453,3.9600000381469727,3.880000114440918,3.890000104904175,130100
2024-03-06,3.9200000762939453,3.9200000762939453,3.75,3.819999933242798,219300
2024-03-07,3.8399999141693115,3.8399999141693115,3.700000047683716,3.7300000190734863,290600
2024-03-08,3.7799999713897705,3.819999933242798,3.740000009536743,3.809999942779541,258100
2024-03-11,3.809999942779541,3.8499999046325684,3.7200000286102295,3.7200000286102295,107200
2024-03-12,3.7300000190734863,3.7699999809265137,3.6500000953674316,3.740000009536743,227800
2024-03-13,3.740000009536743,3.7799999713897705,3.690000057220459,3.740000009536743,122900
2024-03-14,3.700000047683716,3.75,3.619999885559082,3.7200000286102295,298500
2024-03-15,3.680000066757202,3.7899999618530273,3.680000066757202,3.75,415300
2024-03-18,3.75,3.75,3.549999952316284,3.559999942779541,369800
2024-03-19,3.559999942779541,3.5999999046325684,3.509999990463257,3.569999933242798,209500
2024-03-20,3.559999942779541,3.680000066757202,3.5199999809265137,3.5899999141693115,318000
2024-03-21,3.319999933242798,3.4600000381469727,3.2300000190734863,3.299999952316284,1330300
2024-03-22,3.259999990463257,3.4600000381469727,3.259999990463257,3.3499999046325684,333900
2024-03-25,3.380000114440918,3.380000114440918,3.25,3.319999933242798,294200
2024-03-26,3.3299999237060547,3.3499999046325684,3.309999942779541,3.3499999046325684,171800
2024-03-27,3.4200000762939453,3.4600000381469727,3.369999885559082,3.450000047683716,164500
2024-03-28,3.4800000190734863,3.740000009536743,3.4800000190734863,3.5999999046325684,648800
2024-04-01,3.619999885559082,3.640000104904175,3.509999990463257,3.549999952316284,326600
2024-04-02,3.5199999809265137,3.559999942779541,3.450000047683716,3.4700000286102295,252100
2024-04-03,3.430000066757202,3.4800000190734863,3.4000000953674316,3.440000057220459,167300
2024-04-04,3.4800000190734863,3.4800000190734863,3.4100000858306885,3.4200000762939453,194900
2024-04-05,3.4000000953674316,3.4600000381469727,3.4000000953674316,3.430000066757202,202900
2024-04-08,3.440000057220459,3.4600000381469727,3.4200000762939453,3.430000066757202,115000
2024-04-09,3.440000057220459,3.4700000286102295,3.4200000762939453,3.4200000762939453,158500
2024-04-10,3.3399999141693115,3.4200000762939453,3.299999952316284,3.380000114440918,363700
2024-04-11,3.4000000953674316,3.4000000953674316,3.299999952316284,3.3399999141693115,171000
2024-04-12,3.309999942779541,3.3399999141693115,3.190000057220459,3.2799999713897705,437100
2024-04-15,3.309999942779541,3.3399999141693115,3.25,3.309999942779541,330400
2024-04-16,3.309999942779541,3.380000114440918,3.240000009536743,3.2699999809265137,319500
2024-04-17,3.2699999809265137,3.319999933242798,3.2100000381469727,3.2100000381469727,191800
2024-04-18,3.2100000381469727,3.259999990463257,3.1600000858306885,3.1600000858306885,212000
2024-04-19,3.1500000953674316,3.2699999809265137,3.1500000953674316,3.259999990463257,484700
2024-04-22,3.2699999809265137,3.3299999237060547,3.259999990463257,3.2699999809265137,102200
2024-04-23,3.259999990463257,3.359999895095825,3.25,3.3299999237060547,212900
2024-04-24,3.3299999237060547,3.369999885559082,3.309999942779541,3.319999933242798,140600
2024-04-25,3.299999952316284,3.4200000762939453,3.2200000286102295,3.4000000953674316,302700
2024-04-26,3.4100000858306885,3.450000047683716,3.3299999237060547,3.369999885559082,247600
2024-04-29,3.390000104904175,3.4600000381469727,3.309999942779541,3.369999885559082,260800
2024-04-30,3.3399999141693115,3.369999885559082,3.2100000381469727,3.2100000381469727,88400
2024-05-01,3.2300000190734863,3.2300000190734863,3.119999885559082,3.1600000858306885,137800
2024-05-02,3.2100000381469727,3.309999942779541,3.180000066757202,3.299999952316284,144200
2024-05-03,3.3499999046325684,3.390000104904175,3.1500000953674316,3.240000009536743,289500
2024-05-06,3.240000009536743,3.309999942779541,3.2200000286102295,3.2699999809265137,186400
2024-05-07,3.2699999809265137,3.3499999046325684,3.259999990463257,3.319999933242798,164300
2024-05-08,3.259999990463257,3.3299999237060547,3.259999990463257,3.259999990463257,145500
2024-05-09,3.2699999809265137,3.3299999237060547,3.259999990463257,3.2799999713897705,145400
2024-05-10,3.299999952316284,3.3299999237060547,3.180000066757202,3.2699999809265137,305700
2024-05-13,3.309999942779541,3.369999885559082,3.309999942779541,3.309999942779541,88200
2024-05-14,3.369999885559082,3.4100000858306885,3.3299999237060547,3.369999885559082,101000
2024-05-15,3.4000000953674316,3.440000057220459,3.299999952316284,3.359999895095825,148800
2024-05-16,3.369999885559082,3.5299999713897705,3.369999885559082,3.490000009536743,430600
2024-05-17,3.509999990463257,3.559999942779541,3.4000000953674316,3.490000009536743,176900
2024-05-20,3.4800000190734863,3.509999990463257,3.4000000953674316,3.440000057220459,169800
2024-05-21,3.4200000762939453,3.4600000381469727,3.3399999141693115,3.430000066757202,175400
2024-05-22,3.430000066757202,3.5,3.309999942779541,3.4600000381469727,195500
2024-05-23,3.4600000381469727,3.4600000381469727,3.3499999046325684,3.440000057220459,220700
2024-05-24,3.430000066757202,3.6500000953674316,3.430000066757202,3.640000104904175,248900
2024-05-28,3.6600000858306885,3.7799999713897705,3.5899999141693115,3.5899999141693115,272300
2024-05-29,3.549999952316284,3.6500000953674316,3.440000057220459,3.569999933242798,417200
2024-05-30,3.0999999046325684,3.380000114440918,3.009999990463257,3.299999952316284,694200
2024-05-31,3.25,3.5799999237060547,3.25,3.549999952316284,255500
2024-06-03,3.609999895095825,3.630000114440918,3.509999990463257,3.609999895095825,429900
2024-06-04,3.5999999046325684,3.7200000286102295,3.5,3.6700000762939453,261800
2024-06-05,3.680000066757202,3.690000057220459,3.5299999713897705,3.6700000762939453,175000
2024-06-06,3.609999895095825,3.6600000858306885,3.569999933242798,3.630000114440918,230000
2024-06-07,3.5999999046325684,3.680000066757202,3.5399999618530273,3.640000104904175,314600
2024-06-10,3.5799999237060547,3.619999885559082,3.5299999713897705,3.5999999046325684,169700
2024-06-11,3.559999942779541,3.619999885559082,3.4600000381469727,3.5999999046325684,194100
2024-06-12,3.700000047683716,3.809999942779541,3.5399999618530273,3.609999895095825,428200
2024-06-13,3.569999933242798,3.640000104904175,3.509999990463257,3.5999999046325684,225000
2024-06-14,3.559999942779541,3.680000066757202,3.509999990463257,3.559999942779541,322700
2024-06-17,3.549999952316284,3.640000104904175,3.450000047683716,3.619999885559082,222300
2024-06-18,3.609999895095825,3.619999885559082,3.430000066757202,3.5999999046325684,362400
2024-06-20,3.5399999618530273,3.6500000953674316,3.450000047683716,3.509999990463257,444100
2024-06-21,3.5299999713897705,3.6600000858306885,3.5199999809265137,3.549999952316284,379400
2024-06-24,3.569999933242798,3.630000114440918,3.4800000190734863,3.619999885559082,260700
2024-06-25,3.619999885559082,3.700000047683716,3.4700000286102295,3.569999933242798,398600
2024-06-26,3.559999942779541,3.6700000762939453,3.5399999618530273,3.549999952316284,519000
2024-06-27,3.6600000858306885,3.7200000286102295,3.4600000381469727,3.559999942779541,485100
2024-06-28,3.569999933242798,3.680000066757202,3.5,3.640000104904175,545500
2024-07-01,3.630000114440918,3.630000114440918,3.549999952316284,3.5899999141693115,190100
2024-07-02,3.5999999046325684,3.630000114440918,3.5399999618530273,3.5399999618530273,77600
2024-07-03,3.559999942779541,3.559999942779541,3.4600000381469727,3.509999990463257,151700
2024-07-05,3.490000009536743,3.490000009536743,3.319999933242798,3.4200000762939453,527400
2024-07-08,3.4600000381469727,3.490000009536743,3.3299999237060547,3.3399999141693115,261800
2024-07-09,3.319999933242798,3.369999885559082,3.25,3.3299999237060547,126200
2024-07-10,3.3399999141693115,3.430000066757202,3.2799999713897705,3.390000104904175,118800
2024-07-11,3.440000057220459,3.5999999046325684,3.440000057220459,3.5,254100
2024-07-12,3.549999952316284,3.609999895095825,3.5,3.549999952316284,159900
2024-07-15,3.5799999237060547,3.640000104904175,3.5199999809265137,3.609999895095825,197300
2024-07-16,3.6700000762939453,3.7799999713897705,3.6500000953674316,3.7799999713897705,295400
2024-07-17,3.759999990463257,3.8399999141693115,3.6700000762939453,3.7899999618530273,285700
2024-07-18,3.759999990463257,3.799999952316284,3.5899999141693115,3.619999885559082,258500
2024-07-19,3.630000114440918,3.75,3.569999933242798,3.6600000858306885,211100
2024-07-22,3.6500000953674316,3.7100000381469727,3.5399999618530273,3.640000104904175,130200
2024-07-23,3.630000114440918,3.740000009536743,3.630000114440918,3.680000066757202,153800
2024-07-24,3.6600000858306885,3.690000057220459,3.5,3.5199999809265137,249900
2024-07-25,3.5399999618530273,3.5999999046325684,3.4100000858306885,3.569999933242798,214900
2024-07-26,3.630000114440918,3.680000066757202,3.5199999809265137,3.559999942779541,111100
2024-07-29,3.549999952316284,3.5999999046325684,3.4700000286102295,3.4700000286102295,84800
2024-07-30,3.5,3.5799999237060547,3.4800000190734863,3.559999942779541,74700
2024-07-31,3.5799999237060547,3.930000066757202,3.3499999046325684,3.7300000190734863,946200
2024-08-01,3.75,3.7799999713897705,3.4700000286102295,3.559999942779541,233500
2024-08-02,3.390000104904175,3.4600000381469727,3.259999990463257,3.369999885559082,1260400
2024-08-05,3.1600000858306885,3.2300000190734863,3.0899999141693115,3.190000057220459,257100
2024-08-06,3.1700000762939453,3.2899999618530273,2.9600000381469727,3.069999933242798,272200
2024-08-07,3.109999895095825,3.119999885559082,2.940000057220459,3.0199999809265137,277100
2024-08-08,3.069999933242798,3.109999895095825,3.0299999713897705,3.049999952316284,125700
2024-08-09,3.0799999237060547,3.0799999237060547,2.930000066757202,2.9800000190734863,208600
2024-08-12,2.9700000286102295,3.0199999809265137,2.890000104904175,2.9800000190734863,192100
2024-08-13,3.0,3.0299999713897705,2.880000114440918,2.9800000190734863,100100
2024-08-14,3.009999990463257,3.009999990463257,2.8399999141693115,2.890000104904175,259700
2024-08-15,2.9800000190734863,3.069999933242798,2.880000114440918,3.0199999809265137,1390000
2024-08-16,3.0199999809265137,3.119999885559082,2.9800000190734863,2.9800000190734863,231200
2024-08-19,2.950000047683716,3.0399999618530273,2.950000047683716,2.9800000190734863,81600
2024-08-20,2.9700000286102295,3.0,2.8499999046325684,2.869999885559082,245500
2024-08-21,2.9200000762939453,3.0,2.859999895095825,2.940000057220459,324000
2024-08-22,2.950000047683716,2.9800000190734863,2.75,2.7699999809265137,1617300
2024-08-23,2.819999933242798,3.0299999713897705,2.819999933242798,2.950000047683716,470300
2024-08-26,2.9600000381469727,2.9700000286102295,2.880000114440918,2.930000066757202,179700
2024-08-27,2.9000000953674316,2.9100000858306885,2.75,2.759999990463257,207000
2024-08-28,2.799999952316284,2.8499999046325684,2.7100000381469727,2.799999952316284,432800
2024-08-29,2.190000057220459,2.7799999713897705,2.190000057220459,2.7200000286102295,662500
2024-08-30,2.700000047683716,2.7699999809265137,2.6500000953674316,2.75,276600
2024-09-03,2.7100000381469727,2.75,2.569999933242798,2.700000047683716,433900
2024-09-04,2.740000009536743,2.759999990463257,2.5899999141693115,2.700000047683716,362200
2024-09-05,2.7100000381469727,2.7100000381469727,2.619999885559082,2.6600000858306885,335100
2024-09-06,2.6500000953674316,2.700000047683716,2.5299999713897705,2.630000114440918,338600
2024-09-09,2.619999885559082,2.6500000953674316,2.5299999713897705,2.609999895095825,361200
2024-09-10,2.619999885559082,2.630000114440918,2.5799999237060547,2.5999999046325684,267900
2024-09-11,2.5799999237060547,2.6500000953674316,2.5,2.630000114440918,437600
2024-09-12,2.640000104904175,2.6500000953674316,2.5799999237060547,2.619999885559082,352900
2024-09-13,2.6500000953674316,2.869999885559082,2.5799999237060547,2.7899999618530273,332800
2024-09-16,2.809999942779541,2.9600000381469727,2.7799999713897705,2.799999952316284,393600
2024-09-17,2.8299999237060547,2.9100000858306885,2.7799999713897705,2.809999942779541,351500
2024-09-18,2.809999942779541,2.9100000858306885,2.75,2.7699999809265137,294200
2024-09-19,2.819999933242798,2.880000114440918,2.7799999713897705,2.7799999713897705,249900
2024-09-20,2.75,2.859999895095825,2.700000047683716,2.809999942779541,1262600
2024-09-23,2.8299999237060547,2.940000057220459,2.7699999809265137,2.859999895095825,616400
2024-09-24,2.869999885559082,2.9800000190734863,2.869999885559082,2.940000057220459,546200
2024-09-25,2.9200000762939453,2.940000057220459,2.809999942779541,2.819999933242798,430300
2024-09-26,2.869999885559082,2.869999885559082,2.7799999713897705,2.809999942779541,335600
2024-09-27,2.819999933242798,2.9800000190734863,2.690000057220459,2.9200000762939453,421300
2024-09-30,2.930000066757202,2.9600000381469727,2.869999885559082,2.940000057220459,609900
2024-10-01,2.9100000858306885,2.9100000858306885,2.740000009536743,2.75,610300
2024-10-02,2.7200000286102295,2.7699999809265137,2.6600000858306885,2.7100000381469727,478100
2024-10-03,2.680000066757202,2.819999933242798,2.6600000858306885,2.75,309900
2024-10-04,2.7799999713897705,2.950000047683716,2.7799999713897705,2.880000114440918,284100
2024-10-07,2.8399999141693115,2.8499999046325684,2.75,2.809999942779541,221600
2024-10-08,2.809999942779541,2.8499999046325684,2.7899999618530273,2.809999942779541,179400
2024-10-09,2.799999952316284,2.869999885559082,2.7100000381469727,2.740000009536743,272100
2024-10-10,2.690000057220459,2.7699999809265137,2.640000104904175,2.75,234100
2024-10-11,2.7200000286102295,2.890000104904175,2.690000057220459,2.880000114440918,203000
2024-10-14,2.859999895095825,2.940000057220459,2.7899999618530273,2.799999952316284,377900
2024-10-15,2.7799999713897705,3.0,2.7799999713897705,2.819999933242798,391400
2024-10-16,2.8499999046325684,3.009999990463257,2.809999942779541,2.950000047683716,306300
2024-10-17,2.9600000381469727,3.009999990463257,2.9000000953674316,2.950000047683716,283800
2024-10-18,2.950000047683716,3.0,2.869999885559082,2.930000066757202,303200
2024-10-21,2.9100000858306885,2.950000047683716,2.819999933242798,2.819999933242798,225000
2024-10-22,2.799999952316284,2.9200000762939453,2.75,2.759999990463257,219200
2024-10-23,2.7300000190734863,2.7699999809265137,2.680000066757202,2.690000057220459,206700
2024-10-24,2.690000057220459,2.7699999809265137,2.680000066757202,2.690000057220459,205000
2024-10-25,2.75,2.7899999618530273,2.630000114440918,2.6600000858306885,215600
2024-10-28,2.690000057220459,2.799999952316284,2.680000066757202,2.740000009536743,225700
2024-10-29,2.690000057220459,2.799999952316284,2.6700000762939453,2.7699999809265137,140300
2024-10-30,2.75,2.8299999237060547,2.700000047683716,2.700000047683716,192000
2024-10-31,2.700000047683716,2.7300000190734863,2.6700000762939453,2.680000066757202,182800
2024-11-01,2.680000066757202,2.7200000286102295,2.6700000762939453,2.690000057220459,210600
2024-11-04,2.6700000762939453,2.809999942779541,2.6700000762939453,2.7300000190734863,243900
2024-11-05,2.7300000190734863,2.8399999141693115,2.7200000286102295,2.799999952316284,249200
2024-11-06,3.009999990463257,3.049999952316284,2.9100000858306885,2.9600000381469727,451900
2024-11-07,2.9700000286102295,3.069999933242798,2.759999990463257,3.0,169600
2024-11-08,3.009999990463257,3.049999952316284,2.9200000762939453,2.940000057220459,207900
2024-11-11,2.950000047683716,3.059999942779541,2.9100000858306885,3.0199999809265137,171600
2024-11-12,3.0,3.0399999618530273,2.940000057220459,2.950000047683716,256200
2024-11-13,2.990000009536743,3.0399999618530273,2.9600000381469727,2.9800000190734863,197900
2024-11-14,2.9700000286102295,3.0199999809265137,2.9700000286102295,3.0,168900
2024-11-15,2.7799999713897705,3.009999990463257,2.740000009536743,2.8399999141693115,345400
2024-11-18,2.8499999046325684,2.9000000953674316,2.799999952316284,2.799999952316284,183300
2024-11-19,2.7799999713897705,2.799999952316284,2.569999933242798,2.569999933242798,373600
2024-11-20,2.549999952316284,2.6500000953674316,2.430000066757202,2.5,357300
2024-11-21,2.5,2.6500000953674316,2.5,2.5799999237060547,361000
2024-11-22,2.440000057220459,2.4800000190734863,2.299999952316284,2.319999933242798,515000
2024-11-25,2.3399999141693115,2.5899999141693115,2.25,2.2799999713897705,387400
2024-11-26,2.259999990463257,2.380000114440918,2.240000009536743,2.299999952316284,406500
2024-11-27,2.309999942779541,2.4600000381469727,2.309999942779541,2.3499999046325684,308200
2024-11-29,2.380000114440918,2.490000009536743,2.369999885559082,2.4100000858306885,167800
2024-12-02,2.450000047683716,2.640000104904175,2.440000057220459,2.5399999618530273,403200
2024-12-03,2.5299999713897705,2.559999942779541,2.430000066757202,2.4800000190734863,289600
2024-12-04,2.4800000190734863,2.630000114440918,2.4600000381469727,2.5899999141693115,314300
2024-12-05,2.569999933242798,2.5999999046325684,2.509999990463257,2.559999942779541,212800
2024-12-06,2.559999942779541,2.6600000858306885,2.509999990463257,2.609999895095825,137600
2024-12-09,2.619999885559082,2.7200000286102295,2.5799999237060547,2.609999895095825,198400
2024-12-10,2.609999895095825,2.630000114440918,2.5,2.5899999141693115,147400
2024-12-11,2.609999895095825,2.690000057220459,2.5799999237060547,2.630000114440918,241000
2024-12-12,2.630000114440918,2.680000066757202,2.5299999713897705,2.569999933242798,118300
2024-12-13,2.5199999809265137,2.609999895095825,2.4700000286102295,2.5199999809265137,130500
2024-12-16,2.5299999713897705,2.5299999713897705,2.4000000953674316,2.4600000381469727,153600
2024-12-17,2.4600000381469727,2.5299999713897705,2.4100000858306885,2.430000066757202,126300
2024-12-18,2.4200000762939453,2.440000057220459,2.240000009536743,2.240000009536743,204200
2024-12-19,2.2699999809265137,2.3299999237060547,2.1500000953674316,2.25,321400
2024-12-20,2.2100000381469727,2.2799999713897705,2.1700000762939453,2.180000066757202,449200
2024-12-23,2.5399999618530273,2.640000104904175,2.440000057220459,2.609999895095825,1090600
2024-12-24,2.5899999141693115,2.859999895095825,2.569999933242798,2.7899999618530273,406300
2024-12-26,2.7899999618530273,2.9600000381469727,2.75,2.9100000858306885,355900
2024-12-27,2.880000114440918,2.880000114440918,2.640000104904175,2.809999942779541,395600
2024-12-30,2.799999952316284,2.799999952316284,2.690000057220459,2.7300000190734863,238300
2024-12-31,2.7699999809265137,2.7699999809265137,2.6600000858306885,2.690000057220459,343000
2025-01-02,2.6700000762939453,2.759999990463257,2.619999885559082,2.6700000762939453,317400
2025-01-03,2.680000066757202,2.740000009536743,2.619999885559082,2.7100000381469727,228900
2025-01-06,2.7200000286102295,2.759999990463257,2.680000066757202,2.700000047683716,177600
2025-01-07,2.7100000381469727,2.740000009536743,2.680000066757202,2.690000057220459,173100
2025-01-08,2.690000057220459,2.690000057220459,2.5999999046325684,2.619999885559082,109500
2025-01-10,2.690000057220459,2.700000047683716,2.5399999618530273,2.630000114440918,449000
2025-01-13,2.619999885559082,2.630000114440918,2.4700000286102295,2.549999952316284,257900
2025-01-14,2.569999933242798,2.609999895095825,2.549999952316284,2.5899999141693115,155400
2025-01-15,2.640000104904175,2.6700000762939453,2.5999999046325684,2.6700000762939453,102200
2025-01-16,2.6500000953674316,2.759999990463257,2.6500000953674316,2.75,192400
2025-01-17,2.759999990463257,2.7899999618530273,2.7200000286102295,2.759999990463257,101900
2025-01-21,2.7899999618530273,2.859999895095825,2.75,2.819999933242798,123700
2025-01-22,2.7899999618530273,2.809999942779541,2.740000009536743,2.740000009536743,95600
2025-01-23,2.7699999809265137,2.7699999809265137,2.7100000381469727,2.7300000190734863,122800
2025-01-24,2.7100000381469727,2.799999952316284,2.680000066757202,2.799999952316284,159200
2025-01-27,2.9000000953674316,3.0999999046325684,2.8499999046325684,3.0799999237060547,422900
2025-01-28,3.0899999141693115,3.0999999046325684,2.880000114440918,2.890000104904175,282300
2025-01-29,2.880000114440918,2.880000114440918,2.799999952316284,2.8299999237060547,135400
2025-01-30,2.8299999237060547,2.859999895095825,2.7300000190734863,2.740000009536743,81300
2025-01-31,2.7200000286102295,2.740000009536743,2.6600000858306885,2.7200000286102295,204700
2025-02-03,2.6500000953674316,2.690000057220459,2.5899999141693115,2.6600000858306885,158800
2025-02-04,2.6500000953674316,2.759999990463257,2.640000104904175,2.740000009536743,124200
2025-02-05,2.740000009536743,2.759999990463257,2.680000066757202,2.7300000190734863,95500
2025-02-06,2.759999990463257,2.7699999809265137,2.6500000953674316,2.740000009536743,92300
2025-02-07,2.75,2.75,2.630000114440918,2.630000114440918,122700
2025-02-10,2.6500000953674316,2.6500000953674316,2.5399999618530273,2.5399999618530273,161300
2025-02-11,2.5,2.5799999237060547,2.4800000190734863,2.559999942779541,157500
2025-02-12,2.5199999809265137,2.5999999046325684,2.509999990463257,2.509999990463257,75300
2025-02-13,2.5199999809265137,2.5299999713897705,2.4800000190734863,2.5,128800
2025-02-14,2.5199999809265137,2.5299999713897705,2.490000009536743,2.490000009536743,59800
2025-02-18,2.5,2.5899999141693115,2.5,2.5199999809265137,96400
2025-02-19,2.5199999809265137,2.5299999713897705,2.440000057220459,2.440000057220459,109500
2025-02-20,2.440000057220459,2.450000047683716,2.3499999046325684,2.369999885559082,130100
2025-02-21,2.4100000858306885,2.450000047683716,2.359999895095825,2.359999895095825,135800
2025-02-24,2.4000000953674316,2.4000000953674316,2.3299999237060547,2.369999885559082,146900
2025-02-25,2.4000000953674316,2.4000000953674316,2.259999990463257,2.259999990463257,136100
2025-02-26,2.309999942779541,2.369999885559082,2.2200000286102295,2.2799999713897705,203500
2025-02-27,2.2899999618530273,2.2899999618530273,2.2200000286102295,2.25,113700
2025-02-28,2.259999990463257,2.299999952316284,2.240000009536743,2.2899999618530273,128400
2025-03-03,2.319999933242798,2.3499999046325684,2.0999999046325684,2.0999999046325684,152100
2025-03-04,2.049999952316284,2.109999895095825,2.0,2.049999952316284,327000
2025-03-05,2.0799999237060547,2.0899999141693115,1.9600000381469727,1.9900000095367432,293200
2025-03-06,1.9500000476837158,2.0299999713897705,1.909999966621399,1.9700000286102295,237800
2025-03-07,1.9500000476837158,1.9800000190734863,1.8899999856948853,1.9500000476837158,265500
2025-03-10,1.940000057220459,2.0199999809265137,1.9299999475479126,1.9299999475479126,158900
2025-03-11,1.9600000381469727,1.9800000190734863,1.8200000524520874,1.9500000476837158,274900
2025-03-12,1.9600000381469727,1.9600000381469727,1.8600000143051147,1.909999966621399,145200
2025-03-13,1.9199999570846558,1.9199999570846558,1.7699999809265137,1.809999942779541,200100
2025-03-14,1.8300000429153442,1.8799999952316284,1.8200000524520874,1.850000023841858,122800
2025-03-17,1.8600000143051147,1.9199999570846558,1.850000023841858,1.909999966621399,120300
2025-03-18,1.8899999856948853,2.009999990463257,1.840000033378601,2.009999990463257,291600
2025-03-19,2.0,2.069999933242798,1.9800000190734863,2.0199999809265137,158100
2025-03-20,1.7999999523162842,1.8799999952316284,1.7999999523162842,1.850000023841858,334900
2025-03-21,1.850000023841858,1.8799999952316284,1.75,1.7599999904632568,643500
2025-03-24,1.7799999713897705,1.7799999713897705,1.649999976158142,1.7100000381469727,246000
2025-03-25,1.6799999475479126,1.690000057220459,1.5299999713897705,1.5800000429153442,736500
2025-03-26,1.5800000429153442,1.600000023841858,1.559999942779541,1.5800000429153442,642400
2025-03-27,1.559999942779541,1.600000023841858,1.5099999904632568,1.5700000524520874,982800
2025-03-28,1.5499999523162842,1.649999976158142,1.4500000476837158,1.4500000476837158,237100
2025-03-31,1.4500000476837158,1.4800000190734863,1.4199999570846558,1.4600000381469727,227300
2025-04-01,1.4800000190734863,1.5099999904632568,1.4500000476837158,1.5,266800
2025-04-02,1.4800000190734863,1.5499999523162842,1.4700000286102295,1.4900000095367432,208500
2025-04-03,1.409999966621399,1.5399999618530273,1.2400000095367432,1.2699999809265137,482500
2025-04-04,1.2100000381469727,1.3799999952316284,1.1799999475479126,1.3799999952316284,380100
2025-04-07,1.3799999952316284,1.3799999952316284,1.2400000095367432,1.25,254800
2025-04-08,1.2799999713897705,1.340000033378601,1.25,1.2599999904632568,189700
2025-04-09,1.2599999904632568,1.3700000047683716,1.149999976158142,1.2699999809265137,511400
2025-04-10,1.2200000286102295,1.25,1.1200000047683716,1.1200000047683716,189400
2025-04-11,1.1200000047683716,1.149999976158142,1.059999942779541,1.0700000524520874,219100
2025-04-14,1.090000033378601,1.1399999856948853,0.9900000095367432,1.0399999618530273,402500
2025-04-15,1.0099999904632568,1.2200000286102295,0.9700000286102295,1.0,346900
2025-04-16,0.9900000095367432,1.0499999523162842,0.9200000166893005,0.9399999976158142,261600
2025-04-17,0.949999988079071,1.1100000143051147,0.949999988079071,1.0299999713897705,546400
2025-04-21,1.0199999809265137,1.0199999809265137,0.8999999761581421,0.949999988079071,406600
2025-04-22,0.9700000286102295,0.9700000286102295,0.9300000071525574,0.9399999976158142,256400
2025-04-23,0.9399999976158142,1.0199999809265137,0.8999999761581421,0.9900000095367432,429800
2025-04-24,1.0,1.0099999904632568,0.949999988079071,0.9700000286102295,433600
2025-04-25,0.949999988079071,0.9900000095367432,0.9200000166893005,0.9800000190734863,309200
2025-04-28,0.9800000190734863,1.0,0.9399999976158142,0.949999988079071,144400
2025-04-29,0.9300000071525574,0.9700000286102295,0.8999999761581421,0.949999988079071,198900
2025-04-30,0.9599999785423279,1.0499999523162842,0.8999999761581421,0.9900000095367432,500700
2025-05-01,0.9800000190734863,1.0399999618530273,0.9800000190734863,1.0099999904632568,370700
2025-05-02,1.0499999523162842,1.190000057220459,1.0499999523162842,1.1699999570846558,489100
2025-05-05,1.149999976158142,1.2000000476837158,1.0099999904632568,1.0199999809265137,167100
2025-05-06,1.0099999904632568,1.090000033378601,0.9300000071525574,0.9700000286102295,159600
2025-05-07,0.949999988079071,1.0199999809265137,0.9399999976158142,0.9900000095367432,142800
2025-05-08,0.9900000095367432,1.0399999618530273,0.9800000190734863,1.0099999904632568,93300
2025-05-09,0.9900000095367432,1.0399999618530273,0.9900000095367432,1.0,113900
2025-05-12,1.0800000429153442,1.149999976158142,1.0299999713897705,1.100000023841858,315200
2025-05-13,1.1200000047683716,1.1200000047683716,1.059999942779541,1.1100000143051147,136900
2025-05-14,1.1100000143051147,1.1100000143051147,1.0499999523162842,1.059999942779541,127900
2025-05-15,1.0399999618530273,1.059999942779541,1.0,1.0499999523162842,85600
2025-05-16,1.0399999618530273,1.100000023841858,1.0399999618530273,1.100000023841858,90000
2025-05-19,1.100000023841858,1.1100000143051147,1.0700000524520874,1.0800000429153442,100600
2025-05-20,1.059999942779541,1.1200000047683716,1.0499999523162842,1.100000023841858,118100
2025-05-21,1.090000033378601,1.100000023841858,1.0,1.0199999809265137,126500
2025-05-22,1.0,1.059999942779541,1.0,1.0499999523162842,97000
2025-05-23,1.0199999809265137,1.1200000047683716,1.0199999809265137,1.090000033378601,341300
2025-05-27,1.0800000429153442,1.1799999475479126,1.0800000429153442,1.149999976158142,322900
2025-05-28,1.159999966621399,1.2100000381469727,1.149999976158142,1.1799999475479126,401300
2025-05-29,1.2400000095367432,1.2999999523162842,1.1799999475479126,1.2999999523162842,371500
2025-05-30,1.25,1.2899999618530273,1.1200000047683716,1.1299999952316284,134600
2025-06-02,1.1299999952316284,1.1299999952316284,1.0199999809265137,1.0299999713897705,240300
2025-06-03,1.0299999713897705,1.0700000524520874,0.9900000095367432,1.0299999713897705,144200
2025-06-04,1.0299999713897705,1.0800000429153442,1.0199999809265137,1.0800000429153442,194700
2025-06-05,1.0800000429153442,1.1299999952316284,1.0099999904632568,1.0299999713897705,114400
2025-06-06,1.059999942779541,1.059999942779541,1.0,1.0499999523162842,103200
2025-06-09,1.0499999523162842,1.2799999713897705,1.0499999523162842,1.190000057220459,697500
2025-06-10,1.2000000476837158,1.2599999904632568,1.1699999570846558,1.190000057220459,147200
2025-06-11,1.2100000381469727,1.2200000286102295,1.159999966621399,1.159999966621399,239100
2025-06-12,1.159999966621399,1.159999966621399,1.1200000047683716,1.1299999952316284,151900
2025-06-13,1.1200000047683716,1.1399999856948853,1.1200000047683716,1.1200000047683716,131000
2025-06-16,1.100000023841858,1.159999966621399,1.100000023841858,1.1399999856948853,187700
2025-06-17,1.1200000047683716,1.1399999856948853,1.1200000047683716,1.1299999952316284,134600
2025-06-18,1.1200000047683716,1.1299999952316284,1.0,1.0299999713897705,1034200
2025-06-20,1.0700000524520874,1.0700000524520874,1.0199999809265137,1.0199999809265137,226800
2025-06-23,1.0199999809265137,1.0499999523162842,0.9800000190734863,1.0499999523162842,238900
2025-06-24,1.0499999523162842,1.090000033378601,1.0299999713897705,1.059999942779541,276900
2025-06-25,1.0499999523162842,1.0800000429153442,1.0499999523162842,1.0700000524520874,265100
2025-06-26,1.0700000524520874,1.100000023841858,1.0199999809265137,1.0299999713897705,318000
2025-06-27,1.0399999618530273,1.149999976158142,1.0,1.1299999952316284,7795200
2025-06-30,1.1299999952316284,1.2300000190734863,1.1100000143051147,1.1100000143051147,526700
2025-07-01,1.100000023841858,1.190000057220459,1.100000023841858,1.149999976158142,429200
2025-07-02,1.1399999856948853,1.190000057220459,1.1399999856948853,1.1799999475479126,185600
2025-07-03,1.2000000476837158,1.2400000095367432,1.2000000476837158,1.2000000476837158,152700
2025-07-07,1.2000000476837158,1.25,1.2000000476837158,1.2200000286102295,151500
2025-07-08,1.2200000286102295,1.2300000190734863,1.1699999570846558,1.1699999570846558,159100
2025-07-09,1.1699999570846558,1.1799999475479126,1.100000023841858,1.1200000047683716,108300
2025-07-10,1.1200000047683716,1.2100000381469727,1.1200000047683716,1.1699999570846558,116400
2025-07-11,1.159999966621399,1.2000000476837158,1.159999966621399,1.2000000476837158,65700
2025-07-14,1.2000000476837158,1.2200000286102295,1.1699999570846558,1.1799999475479126,32600
2025-07-15,1.1699999570846558,1.2000000476837158,1.1299999952316284,1.1299999952316284,95400
2025-07-16,1.1399999856948853,1.2400000095367432,1.1100000143051147,1.2300000190734863,117600
2025-07-17,1.2400000095367432,1.350000023841858,1.2300000190734863,1.2899999618530273,424600
2025-07-18,1.2799999713897705,1.3200000524520874,1.25,1.309999942779541,670700
2025-07-21,1.3200000524520874,1.4700000286102295,1.3200000524520874,1.4700000286102295,206200
2025-07-22,1.4700000286102295,1.690000057220459,1.4700000286102295,1.5800000429153442,547200
2025-07-23,1.600000023841858,1.600000023841858,1.4900000095367432,1.5,273300
2025-07-24,1.4800000190734863,1.4800000190734863,1.399999976158142,1.409999966621399,194000
2025-07-25,1.4199999570846558,1.440000057220459,1.3899999856948853,1.4199999570846558,138700
2025-07-28,1.4299999475479126,1.440000057220459,1.3700000047683716,1.399999976158142,335600
2025-07-29,1.399999976158142,1.4700000286102295,1.350000023841858,1.3600000143051147,320300
2025-07-30,1.3700000047683716,1.3799999952316284,1.2999999523162842,1.3300000429153442,311900
2025-07-31,1.350000023841858,1.350000023841858,1.2899999618530273,1.2999999523162842,170300
2025-08-01,1.2999999523162842,1.3200000524520874,1.2400000095367432,1.2599999904632568,219800
2025-08-04,1.309999942779541,1.350000023841858,1.2599999904632568,1.2899999618530273,179600
2025-08-05,1.2899999618530273,1.409999966621399,1.2899999618530273,1.3600000143051147,328000
2025-08-06,1.3700000047683716,1.3899999856948853,1.3300000429153442,1.3799999952316284,130800
2025-08-07,1.3799999952316284,1.3899999856948853,1.2999999523162842,1.2999999523162842,628600
2025-08-08,1.2899999618530273,1.3200000524520874,1.2000000476837158,1.2000000476837158,123400
2025-08-11,1.2100000381469727,1.2699999809265137,1.2000000476837158,1.2200000286102295,93500
2025-08-12,1.2100000381469727,1.2999999523162842,1.2100000381469727,1.2699999809265137,89300
2025-08-13,1.2799999713897705,1.2899999618530273,1.2300000190734863,1.2699999809265137,138200
2025-08-14,1.25,1.3200000524520874,1.2400000095367432,1.309999942779541,78600
2025-08-15,1.25,1.2999999523162842,1.25,1.2699999809265137,109200
2025-08-18,1.2799999713897705,1.3700000047683716,1.2699999809265137,1.350000023841858,82900
2025-08-19,1.3799999952316284,1.409999966621399,1.2999999523162842,1.2999999523162842,89600
2025-08-20,1.2999999523162842,1.3200000524520874,1.2899999618530273,1.3200000524520874,351900
2025-08-21,1.2999999523162842,1.309999942779541,1.2899999618530273,1.2899999618530273,50300
2025-08-22,1.2999999523162842,1.3899999856948853,1.2799999713897705,1.340000033378601,209100
2025-08-25,1.350000023841858,1.4199999570846558,1.3200000524520874,1.3300000429153442,63100
2025-08-26,1.350000023841858,1.3600000143051147,1.2899999618530273,1.2999999523162842,101000
2025-08-27,1.4600000381469727,1.4700000286102295,1.2699999809265137,1.309999942779541,285500
2025-08-28,1.309999942779541,1.350000023841858,1.2799999713897705,1.309999942779541,194300
2025-08-29,1.309999942779541,1.350000023841858,1.2799999713897705,1.2899999618530273,53800
2025-09-02,1.2899999618530273,1.350000023841858,1.2899999618530273,1.3300000429153442,75200
2025-09-03,1.3200000524520874,1.350000023841858,1.2699999809265137,1.2999999523162842,347500
2025-09-04,1.2899999618530273,1.340000033378601,1.2699999809265137,1.3300000429153442,993600
2025-09-05,1.3200000524520874,1.3200000524520874,1.2000000476837158,1.2400000095367432,698400
2025-09-08,1.2300000190734863,1.2599999904632568,1.2100000381469727,1.2599999904632568,48100
2025-09-09,1.25,1.2899999618530273,1.2300000190734863,1.2899999618530273,138800
2025-09-10,1.2599999904632568,1.2799999713897705,1.2400000095367432,1.2599999904632568,33500
2025-09-11,1.2599999904632568,1.409999966621399,1.2599999904632568,1.3899999856948853,542100
2025-09-12,1.4299999475479126,1.4900000095367432,1.3899999856948853,1.4900000095367432,79600
2025-09-15,1.5199999809265137,1.5199999809265137,1.4299999475479126,1.4500000476837158,35500
2025-09-16,1.4500000476837158,1.4500000476837158,1.409999966621399,1.4199999570846558,11800
2025-09-17,1.440000057220459,1.4800000190734863,1.409999966621399,1.409999966621399,18700
2025-09-18,1.4299999475479126,1.4600000381469727,1.4199999570846558,1.4600000381469727,27100
2025-09-19,1.4500000476837158,1.4700000286102295,1.3799999952316284,1.3799999952316284,132500
2025-09-22,1.399999976158142,1.4199999570846558,1.3700000047683716,1.399999976158142,54600
2025-09-23,1.3899999856948853,1.4500000476837158,1.309999942779541,1.3200000524520874,98700
2025-09-24,1.3200000524520874,1.3700000047683716,1.2999999523162842,1.3200000524520874,59100
2025-09-25,1.2899999618530273,1.3300000429153442,1.2899999618530273,1.2999999523162842,35500
2025-09-26,1.2999999523162842,1.3600000143051147,1.2999999523162842,1.350000023841858,52100
2025-09-29,1.350000023841858,1.350000023841858,1.3300000429153442,1.340000033378601,17400
2025-09-30,1.340000033378601,1.3700000047683716,1.2899999618530273,1.309999942779541,26600
2025-10-01,1.2899999618530273,1.2999999523162842,1.2599999904632568,1.2799999713897705,44200
2025-10-02,1.2999999523162842,1.2999999523162842,1.2000000476837158,1.2599999904632568,84500
2025-10-03,1.25,1.309999942779541,1.2000000476837158,1.2300000190734863,36000
2025-10-06,1.2599999904632568,1.2999999523162842,1.2300000190734863,1.2300000190734863,33400
2025-10-07,1.25,1.2699999809265137,1.159999966621399,1.1799999475479126,51700
2025-10-08,1.2000000476837158,1.25,1.190000057220459,1.2000000476837158,37000
2025-10-09,1.1799999475479126,1.2100000381469727,1.1399999856948853,1.1399999856948853,47600
2025-10-10,1.1399999856948853,1.1799999475479126,1.0299999713897705,1.0700000524520874,239600
2025-10-13,1.0800000429153442,1.1399999856948853,1.0399999618530273,1.0499999523162842,56300
2025-10-14,1.0499999523162842,1.090000033378601,1.0299999713897705,1.0299999713897705,36200
2025-10-15,1.1200000047683716,1.1299999952316284,1.0299999713897705,1.0399999618530273,61300
2025-10-16,1.0299999713897705,1.0700000524520874,1.0,1.0499999523162842,75500
2025-10-17,1.0499999523162842,1.059999942779541,1.0,1.0499999523162842,69000
2025-10-20,1.0399999618530273,1.1200000047683716,1.0199999809265137,1.0700000524520874,103400
2025-10-21,1.090000033378601,1.1100000143051147,1.0399999618530273,1.0499999523162842,72800
2025-10-22,1.0299999713897705,1.090000033378601,1.0299999713897705,1.059999942779541,40900
2025-10-23,1.0800000429153442,1.1399999856948853,1.0800000429153442,1.100000023841858,28600
2025-10-24,1.100000023841858,1.1299999952316284,1.0800000429153442,1.090000033378601,37900
2025-10-27,1.0700000524520874,1.090000033378601,1.0299999713897705,1.0399999618530273,55100
2025-10-28,1.0499999523162842,1.0800000429153442,1.0299999713897705,1.0499999523162842,41600
2025-10-29,1.0299999713897705,1.0800000429153442,1.0199999809265137,1.0800000429153442,69100
2025-10-30,1.0700000524520874,1.0700000524520874,1.0,1.0199999809265137,72700
2025-10-31,1.0199999809265137,1.0199999809265137,0.9700000286102295,1.0,35300
2025-11-03,1.0,1.0,0.9300000071525574,0.9399999976158142,74100
2025-11-04,0.9300000071525574,0.9800000190734863,0.9100000262260437,0.9200000166893005,30200
2025-11-05,0.8999999761581421,1.0,0.8999999761581421,0.949999988079071,104100
2025-11-06,0.9300000071525574,0.9599999785423279,0.9300000071525574,0.949999988079071,19000
2025-11-07,0.9399999976158142,0.949999988079071,0.9100000262260437,0.9399999976158142,18400
2025-11-10,0.9100000262260437,0.949999988079071,0.8999999761581421,0.8999999761581421,31400
2025-11-11,0.8999999761581421,0.949999988079071,0.8899999856948853,0.9399999976158142,27900
2025-11-12,0.8999999761581421,1.0,0.8999999761581421,0.949999988079071,56200
2025-11-13,0.9900000095367432,0.9900000095367432,0.9300000071525574,0.9599999785423279,23500
2025-11-14,0.9399999976158142,0.9599999785423279,0.9100000262260437,0.9200000166893005,43600
2025-11-17,0.8999999761581421,0.949999988079071,0.8899999856948853,0.8899999856948853,40600
2025-11-18,0.8799999952316284,0.9200000166893005,0.8799999952316284,0.8799999952316284,59800
2025-11-19,0.8799999952316284,0.9100000262260437,0.8799999952316284,0.8999999761581421,72200
2025-11-20,0.9100000262260437,0.9300000071525574,0.8999999761581421,0.8999999761581421,35400
2025-11-21,0.8899999856948853,0.9399999976158142,0.8799999952316284,0.8999999761581421,48900
2025-11-24,0.8999999761581421,0.9300000071525574,0.8999999761581421,0.9200000166893005,31800
2025-11-25,0.9399999976158142,0.9700000286102295,0.9200000166893005,0.9399999976158142,31700
2025-11-26,0.9300000071525574,0.9700000286102295,0.9100000262260437,0.9100000262260437,62900
2025-11-28,0.8999999761581421,1.0,0.8999999761581421,0.9700000286102295,59800
2025-12-01,0.9800000190734863,0.9800000190734863,0.9200000166893005,0.9200000166893005,29700
2025-12-02,0.9200000166893005,0.9800000190734863,0.9200000166893005,0.9599999785423279,108400
2025-12-03,0.9800000190734863,1.0800000429153442,0.9800000190734863,1.0700000524520874,217400
2025-12-04,1.059999942779541,1.2200000286102295,1.0299999713897705,1.1299999952316284,257300
2025-12-05,1.2300000190734863,1.2300000190734863,1.1100000143051147,1.1399999856948853,161200
2025-12-08,1.149999976158142,1.1799999475479126,1.0099999904632568,1.1299999952316284,93800
2025-12-09,1.1399999856948853,1.159999966621399,1.0800000429153442,1.100000023841858,105100
2025-12-10,1.0800000429153442,1.1399999856948853,1.0099999904632568,1.0800000429153442,225800
2025-12-11,1.1100000143051147,1.5800000429153442,1.0399999618530273,1.559999942779541,2131200
2025-12-12,1.340000033378601,1.440000057220459,1.100000023841858,1.1399999856948853,910100
2025-12-15,1.1299999952316284,1.159999966621399,1.0399999618530273,1.0800000429153442,275500
2025-12-16,1.0700000524520874,1.1200000047683716,1.0399999618530273,1.100000023841858,299300
2025-12-17,1.0800000429153442,1.100000023841858,0.9900000095367432,1.059999942779541,322400
2025-12-18,1.0800000429153442,1.090000033378601,1.0099999904632568,1.0099999904632568,460400
2025-12-19,1.0,1.0,0.9100000262260437,0.9399999976158142,1391400
2025-12-22,0.949999988079071,0.9900000095367432,0.8299999833106995,0.8700000047683716,1043400
2025-12-23,0.8600000143051147,0.9700000286102295,0.8600000143051147,0.8999999761581421,273900
2025-12-24,0.9100000262260437,0.9300000071525574,0.8600000143051147,0.9300000071525574,76500
2025-12-26,0.949999988079071,0.9800000190734863,0.8899999856948853,0.9300000071525574,62600
2025-12-29,0.9200000166893005,0.9399999976158142,0.8600000143051147,0.8600000143051147,975700
2025-12-30,0.8600000143051147,0.9100000262260437,0.8600000143051147,0.8999999761581421,513900
2025-12-31,0.8899999856948853,0.9200000166893005,0.8600000143051147,0.9200000166893005,88500
2026-01-02,0.949999988079071,0.949999988079071,0.8999999761581421,0.8999999761581421,96200
2026-01-05,0.8999999761581421,0.9300000071525574,0.8899999856948853,0.9200000166893005,132100
2026-01-06,0.949999988079071,0.949999988079071,0.8799999952316284,0.8899999856948853,70600
2026-01-07,0.8999999761581421,0.9800000190734863,0.8899999856948853,0.9200000166893005,74200
2026-01-08,0.9200000166893005,0.9599999785423279,0.8899999856948853,0.9200000166893005,57600
2026-01-09,0.9399999976158142,0.949999988079071,0.9100000262260437,0.9399999976158142,113200
2026-01-12,0.9300000071525574,0.9399999976158142,0.8899999856948853,0.9300000071525574,75700
2026-01-13,0.9300000071525574,0.949999988079071,0.8799999952316284,0.8899999856948853,121800
2026-01-14,0.8999999761581421,0.9300000071525574,0.8799999952316284,0.8999999761581421,257900
2026-01-15,0.9200000166893005,0.9300000071525574,0.8600000143051147,0.8899999856948853,164400
2026-01-16,0.8899999856948853,0.9200000166893005,0.8399999737739563,0.8600000143051147,76200
2026-01-20,0.8700000047683716,0.8700000047683716,0.800000011920929,0.8199999928474426,82600
2026-01-21,0.8100000023841858,0.8199999928474426,0.7900000214576721,0.800000011920929,118800
2026-01-22,0.800000011920929,0.8100000023841858,0.7699999809265137,0.7799999713897705,116700
2026-01-23,0.7699999809265137,0.7900000214576721,0.7200000286102295,0.7300000190734863,184600
2026-01-26,0.7400000095367432,0.7699999809265137,0.7400000095367432,0.75,73200
2026-01-27,0.75,0.75,0.7099999785423279,0.7099999785423279,90200
2026-01-28,0.7200000286102295,0.75,0.699999988079071,0.7099999785423279,61100
2026-01-29,0.7400000095367432,0.7400000095367432,0.699999988079071,0.7099999785423279,89500
2026-01-30,0.7099999785423279,0.7300000190734863,0.6800000071525574,0.6800000071525574,90900
2026-02-02,0.6899999976158142,0.7099999785423279,0.6800000071525574,0.7099999785423279,189300
2026-02-03,0.7099999785423279,0.75,0.6700000166893005,0.6899999976158142,81400
2026-02-04,0.7099999785423279,0.7200000286102295,0.6800000071525574,0.699999988079071,29700
2026-02-05,0.699999988079071,0.7099999785423279,0.6700000166893005,0.6700000166893005,68000
2026-02-06,0.6800000071525574,0.6899999976158142,0.6200000047683716,0.6299999952316284,114000
2026-02-09,0.6299999952316284,0.6499999761581421,0.5799999833106995,0.6000000238418579,147000
2026-02-10,0.5899999737739563,0.6499999761581421,0.5899999737739563,0.6000000238418579,159300
2026-02-11,0.6200000047683716,0.6200000047683716,0.5699999928474426,0.5799999833106995,214400
2026-02-12,0.5899999737739563,0.6499999761581421,0.5400000214576721,0.5799999833106995,201800
2026-02-13,0.5799999833106995,0.5799999833106995,0.5600000023841858,0.5600000023841858,33900
2026-02-17,0.5799999833106995,0.5799999833106995,0.5199999809265137,0.5299999713897705,101900
2026-02-18,0.5299999713897705,0.5699999928474426,0.5299999713897705,0.550000011920929,52900
2026-02-19,0.5600000023841858,0.6200000047683716,0.5600000023841858,0.5799999833106995,40900
2026-02-20,0.5899999737739563,0.7300000190734863,0.5799999833106995,0.6600000262260437,490500
2026-02-23,0.6499999761581421,0.6899999976158142,0.5899999737739563,0.5899999737739563,60700
2026-02-24,0.6000000238418579,0.6299999952316284,0.550000011920929,0.550000011920929,73500
2026-02-25,0.5799999833106995,0.5799999833106995,0.5299999713897705,0.5299999713897705,126200
2026-02-26,0.5299999713897705,0.5600000023841858,0.5299999713897705,0.5400000214576721,69100
2026-02-27,0.550000011920929,0.550000011920929,0.49000000953674316,0.5,283200
2026-03-02,0.4699999988079071,0.5199999809265137,0.4699999988079071,0.5,103800
2026-03-03,0.5199999809265137,0.5199999809265137,0.49000000953674316,0.5,78800
2026-03-04,0.49000000953674316,0.5600000023841858,0.49000000953674316,0.550000011920929,63700
2026-03-05,0.5600000023841858,0.5699999928474426,0.5299999713897705,0.5299999713897705,26800
2026-03-06,0.5199999809265137,0.5400000214576721,0.47999998927116394,0.49000000953674316,156800
2026-03-09,0.49000000953674316,0.5099999904632568,0.47999998927116394,0.49000000953674316,138000
2026-03-10,0.49000000953674316,0.5400000214576721,0.49000000953674316,0.5199999809265137,53400
2026-03-11,0.5,0.5299999713897705,0.47999998927116394,0.49000000953674316,47500
2026-03-12,0.5099999904632568,0.5299999713897705,0.47999998927116394,0.47999998927116394,90700
2026-03-13,0.47999998927116394,0.5,0.47999998927116394,0.49000000953674316,43200
2026-03-16,0.5,0.550000011920929,0.47999998927116394,0.5299999713897705,69500
2026-03-17,0.5400000214576721,0.5799999833106995,0.5199999809265137,0.5699999928474426,68200
2026-03-18,0.5899999737739563,0.5899999737739563,0.5199999809265137,0.550000011920929,78900
2026-03-19,0.550000011920929,0.7200000286102295,0.46000000834465027,0.5199999809265137,1994400
2026-03-20,0.47999998927116394,0.550000011920929,0.47999998927116394,0.5099999904632568,271100
2026-03-23,0.5199999809265137,0.550000011920929,0.5,0.5199999809265137,45900
2026-03-24,0.5199999809265137,0.5600000023841858,0.46000000834465027,0.49000000953674316,420200
2026-03-25,0.5,0.5299999713897705,0.49000000953674316,0.5299999713897705,202000
2026-03-26,0.5400000214576721,0.550000011920929,0.49000000953674316,0.49000000953674316,32800
2026-03-27,0.49000000953674316,0.49000000953674316,0.4699999988079071,0.47999998927116394,58200
2026-03-30,0.47999998927116394,0.47999998927116394,0.4399999976158142,0.4399999976158142,155300
2026-03-31,0.44999998807907104,0.5199999809265137,0.44999998807907104,0.5099999904632568,188400
2026-04-01,0.5299999713897705,0.6100000143051147,0.5199999809265137,0.5899999737739563,376200
2026-04-02,0.5799999833106995,0.6000000238418579,0.5,0.5899999737739563,64400
2026-04-06,0.5699999928474426,0.5899999737739563,0.5199999809265137,0.5400000214576721,69700
2026-04-07,0.5400000214576721,0.550000011920929,0.5099999904632568,0.5199999809265137,53400
2026-04-08,0.5299999713897705,0.5600000023841858,0.5,0.5,187100
2026-04-09,0.5,0.5199999809265137,0.49000000953674316,0.5,90600
2026-04-10,0.49000000953674316,0.5199999809265137,0.49000000953674316,0.5,15600
2026-04-13,0.49000000953674316,0.5299999713897705,0.47999998927116394,0.5199999809265137,63000
2026-04-14,0.5099999904632568,0.5699999928474426,0.5,0.5699999928474426,124800
2026-04-15,0.5600000023841858,0.5899999737739563,0.5600000023841858,0.5699999928474426,170500
2026-04-16,0.5699999928474426,0.5799999833106995,0.5600000023841858,0.5699999928474426,72300
2026-04-17,0.550000011920929,0.5899999737739563,0.5299999713897705,0.5600000023841858,25600
2026-04-20,0.5400000214576721,0.6100000143051147,0.5400000214576721,0.5899999737739563,70400
2026-04-21,0.6000000238418579,0.6499999761581421,0.6000000238418579,0.6299999952316284,201900
2026-04-22,0.6600000262260437,0.7699999809265137,0.6299999952316284,0.7599999904632568,194300
2026-04-23,0.8199999928474426,0.8199999928474426,0.699999988079071,0.7200000286102295,106000
2026-04-24,0.699999988079071,0.75,0.6600000262260437,0.6899999976158142,75500
2026-04-27,0.6899999976158142,0.699999988079071,0.6499999761581421,0.6499999761581421,60800
2026-04-28,0.6299999952316284,0.6399999856948853,0.6200000047683716,0.6200000047683716,65400
2026-04-29,0.6399999856948853,0.6399999856948853,0.6200000047683716,0.6299999952316284,38200
2026-04-30,0.6200000047683716,0.6499999761581421,0.6100000143051147,0.6200000047683716,89900
2026-05-01,0.6499999761581421,0.6899999976158142,0.6100000143051147,0.6200000047683716,18500
2026-05-04,0.6200000047683716,0.6499999761581421,0.5899999737739563,0.6299999952316284,78100
2026-05-05,0.6200000047683716,0.7200000286102295,0.6000000238418579,0.6700000166893005,116400
2026-05-06,0.6800000071525574,0.7400000095367432,0.6600000262260437,0.6600000262260437,123000
2026-05-07,0.6700000166893005,0.7200000286102295,0.6299999952316284,0.6399999856948853,67300
2026-05-08,0.6299999952316284,0.699999988079071,0.6299999952316284,0.6600000262260437,83200
2026-05-11,0.6499999761581421,0.6700000166893005,0.6499999761581421,0.6499999761581421,33800
2026-05-12,0.7300000190734863,0.8199999928474426,0.6899999976158142,0.7099999785423279,780900
2026-05-13,0.6899999976158142,0.6899999976158142,0.6499999761581421,0.6600000262260437,44200
2026-05-14,0.7300000190734863,0.7300000190734863,0.6600000262260437,0.7099999785423279,35800
2026-05-15,0.699999988079071,0.7200000286102295,0.699999988079071,0.7099999785423279,42200
2026-05-18,0.7099999785423279,0.7300000190734863,0.6800000071525574,0.6899999976158142,74000
2026-05-19,0.6899999976158142,0.7300000190734863,0.6899999976158142,0.6899999976158142,7100
2026-05-20,0.6700000166893005,0.7300000190734863,0.6700000166893005,0.7099999785423279,117900
2026-05-21,0.7200000286102295,0.7200000286102295,0.6700000166893005,0.699999988079071,38900
2026-05-22,0.699999988079071,0.8199999928474426,0.699999988079071,0.7400000095367432,142200
2026-05-26,0.8199999928474426,0.8199999928474426,0.7300000190734863,0.7300000190734863,33400
2026-05-27,0.75,0.75,0.7099999785423279,0.7300000190734863,105000
2026-05-28,0.7400000095367432,0.7900000214576721,0.7200000286102295,0.7300000190734863,78900
2026-05-29,0.7300000190734863,0.7400000095367432,0.7200000286102295,0.7300000190734863,117800
2026-06-01,0.7400000095367432,0.7599999904632568,0.699999988079071,0.699999988079071,94900
2026-06-02,0.7099999785423279,0.75,0.6899999976158142,0.6899999976158142,126700
2026-06-03,0.7300000190734863,0.7300000190734863,0.6800000071525574,0.6800000071525574,276300
2026-06-04,0.699999988079071,0.7400000095367432,0.6399999856948853,0.7300000190734863,636200
2026-06-05,0.7300000190734863,0.7599999904632568,0.7099999785423279,0.7300000190734863,158800
2026-06-08,0.7400000095367432,0.7599999904632568,0.699999988079071,0.7300000190734863,147400
2026-06-09,0.7300000190734863,0.75,0.699999988079071,0.7099999785423279,38700
2026-06-10,0.699999988079071,0.7699999809265137,0.699999988079071,0.7200000286102295,61800
2026-06-11,0.7300000190734863,0.7400000095367432,0.7200000286102295,0.7200000286102295,31400
2026-06-12,0.7200000286102295,0.75,0.6899999976158142,0.6899999976158142,64300
2026-06-15,0.6700000166893005,0.7400000095367432,0.6700000166893005,0.6899999976158142,115200
2026-06-16,0.7099999785423279,0.7400000095367432,0.7099999785423279,0.7099999785423279,1039900
2026-06-17,0.7099999785423279,0.7300000190734863,0.6800000071525574,0.7099999785423279,25700
2026-06-18,0.6800000071525574,0.7400000095367432,0.6800000071525574,0.699999988079071,59900
2026-06-22,0.7099999785423279,0.7099999785423279,0.6600000262260437,0.6600000262260437,23900
2026-06-23,0.6600000262260437,0.7200000286102295,0.6600000262260437,0.6899999976158142,175500
2026-06-24,0.6899999976158142,0.7400000095367432,0.6700000166893005,0.6700000166893005,97300
2026-06-25,0.699999988079071,0.7099999785423279,0.6499999761581421,0.6499999761581421,23600
2026-06-26,0.6600000262260437,0.6700000166893005,0.6200000047683716,0.6600000262260437,111500
2026-06-29,0.6499999761581421,0.6600000262260437,0.6200000047683716,0.6600000262260437,381100
2026-06-30,0.6299999952316284,0.7099999785423279,0.6299999952316284,0.6700000166893005,60700
2026-07-01,0.6700000166893005,0.699999988079071,0.6399999856948853,0.6600000262260437,45600
2026-07-02,0.6499999761581421,0.6899999976158142,0.6499999761581421,0.6600000262260437,82800
2026-07-06,0.6899999976158142,0.6899999976158142,0.6200000047683716,0.6299999952316284,35900
2026-07-07,0.6200000047683716,0.6399999856948853,0.6200000047683716,0.6200000047683716,46800
2026-07-08,0.6200000047683716,0.6399999856948853,0.6100000143051147,0.6299999952316284,76700
2026-07-09,0.6399999856948853,0.6499999761581421,0.6200000047683716,0.6299999952316284,14600
2026-07-10,0.6200000047683716,0.6399999856948853,0.6200000047683716,0.6200000047683716,34600
2026-07-13,0.6299999952316284,0.6399999856948853,0.6200000047683716,0.6200000047683716,37200
2026-07-14,0.6200000047683716,0.6499999761581421,0.6200000047683716,0.6299999952316284,93400
2026-07-15,0.6499999761581421,0.6499999761581421,0.6200000047683716,0.6399999856948853,15400
2026-07-16,0.6200000047683716,0.6700000166893005,0.6200000047683716,0.6299999952316284,81700
2026-07-17,0.6200000047683716,0.6399999856948853,0.6200000047683716,0.6399999856948853,24400
