Date,Open,High,Low,Close,Volume
2016-07-18,23.219999313354492,23.969999313354492,23.219999313354492,23.940000534057617,9300
2016-07-19,23.700000762939453,24.110000610351562,23.700000762939453,24.0,7800
2016-07-20,24.190000534057617,24.739999771118164,23.899999618530273,24.700000762939453,16700
2016-07-21,24.729999542236328,24.729999542236328,24.25,24.25,6300
2016-07-22,24.25,24.479999542236328,24.25,24.450000762939453,5700
2016-07-25,24.450000762939453,24.450000762939453,24.25,24.25,2400
2016-07-26,23.420000076293945,24.459999084472656,23.420000076293945,24.43000030517578,8800
2016-07-27,24.3700008392334,24.690000534057617,24.25,24.350000381469727,4600
2016-07-28,24.360000610351562,24.719999313354492,24.290000915527344,24.479999542236328,3500
2016-07-29,24.5,24.5,23.020000457763672,23.709999084472656,22600
2016-08-01,23.520000457763672,23.520000457763672,22.049999237060547,22.920000076293945,26100
2016-08-02,22.940000534057617,23.0,22.68000030517578,22.81999969482422,29000
2016-08-03,22.799999237060547,22.799999237060547,22.520000457763672,22.59000015258789,13900
2016-08-04,22.649999618530273,22.799999237060547,22.5,22.770000457763672,67400
2016-08-05,22.799999237060547,23.329999923706055,22.649999618530273,23.219999313354492,10800
2016-08-08,22.690000534057617,23.440000534057617,22.690000534057617,23.219999313354492,11500
2016-08-09,23.1299991607666,23.75,23.100000381469727,23.100000381469727,11700
2016-08-10,23.299999237060547,23.299999237060547,22.559999465942383,22.760000228881836,9300
2016-08-11,22.6299991607666,22.799999237060547,22.530000686645508,22.739999771118164,23300
2016-08-12,22.579999923706055,22.59000015258789,22.360000610351562,22.510000228881836,16900
2016-08-15,22.399999618530273,22.84000015258789,22.3799991607666,22.739999771118164,20900
2016-08-16,22.860000610351562,23.0,22.709999084472656,22.90999984741211,12700
2016-08-17,22.850000381469727,22.979999542236328,22.5,22.809999465942383,3900
2016-08-18,22.729999542236328,22.850000381469727,22.6299991607666,22.670000076293945,10000
2016-08-19,22.700000762939453,22.729999542236328,22.219999313354492,22.239999771118164,14600
2016-08-22,22.31999969482422,22.31999969482422,22.0,22.139999389648438,11200
2016-08-23,22.040000915527344,22.520000457763672,21.889999389648438,22.15999984741211,8000
2016-08-24,22.200000762939453,22.25,22.100000381469727,22.190000534057617,4800
2016-08-25,22.190000534057617,22.6200008392334,20.959999084472656,22.530000686645508,12200
2016-08-26,22.649999618530273,22.649999618530273,22.510000228881836,22.600000381469727,9000
2016-08-29,22.559999465942383,22.600000381469727,22.5,22.579999923706055,3900
2016-08-30,22.649999618530273,22.729999542236328,22.59000015258789,22.59000015258789,16000
2016-08-31,22.549999237060547,23.0,22.549999237060547,22.780000686645508,23200
2016-09-01,22.959999084472656,23.170000076293945,22.700000762939453,23.100000381469727,14400
2016-09-02,23.040000915527344,23.110000610351562,22.920000076293945,23.100000381469727,4000
2016-09-06,23.149999618530273,23.149999618530273,22.700000762939453,22.790000915527344,13700
2016-09-07,22.90999984741211,23.25,22.850000381469727,23.1200008392334,12100
2016-09-08,23.200000762939453,23.25,23.0,23.15999984741211,5500
2016-09-09,22.969999313354492,23.200000762939453,22.790000915527344,22.799999237060547,10900
2016-09-12,22.709999084472656,22.719999313354492,22.549999237060547,22.690000534057617,8100
2016-09-13,22.649999618530273,22.940000534057617,22.600000381469727,22.649999618530273,14900
2016-09-14,22.68000030517578,23.030000686645508,22.670000076293945,22.670000076293945,2000
2016-09-15,22.690000534057617,23.079999923706055,22.649999618530273,22.809999465942383,10200
2016-09-16,22.93000030517578,23.09000015258789,22.760000228881836,23.040000915527344,22900
2016-09-19,23.010000228881836,23.200000762939453,22.899999618530273,23.190000534057617,20700
2016-09-20,23.170000076293945,23.200000762939453,23.110000610351562,23.149999618530273,5700
2016-09-21,23.200000762939453,23.200000762939453,23.100000381469727,23.190000534057617,3800
2016-09-22,23.25,23.25,23.149999618530273,23.200000762939453,7400
2016-09-23,23.219999313354492,24.1299991607666,23.18000030517578,23.950000762939453,13600
2016-09-26,23.770000457763672,24.030000686645508,23.209999084472656,23.209999084472656,9200
2016-09-27,23.40999984741211,23.440000534057617,23.209999084472656,23.270000457763672,6300
2016-09-28,23.219999313354492,23.670000076293945,23.110000610351562,23.489999771118164,12300
2016-09-29,23.3700008392334,23.719999313354492,23.219999313354492,23.329999923706055,6400
2016-09-30,23.329999923706055,23.549999237060547,23.1299991607666,23.5,8200
2016-10-03,23.479999542236328,23.479999542236328,23.15999984741211,23.209999084472656,5300
2016-10-04,23.260000228881836,23.459999084472656,23.110000610351562,23.139999389648438,3200
2016-10-05,23.170000076293945,23.200000762939453,22.969999313354492,23.0,32900
2016-10-06,23.030000686645508,23.049999237060547,22.959999084472656,22.979999542236328,3400
2016-10-07,23.059999465942383,23.059999465942383,22.8799991607666,22.889999389648438,2800
2016-10-10,22.920000076293945,23.06999969482422,22.8799991607666,23.06999969482422,11000
2016-10-11,23.059999465942383,23.100000381469727,22.889999389648438,22.90999984741211,11400
2016-10-12,23.020000457763672,23.15999984741211,22.899999618530273,23.030000686645508,41600
2016-10-13,22.8799991607666,22.979999542236328,22.84000015258789,22.8799991607666,8200
2016-10-14,22.889999389648438,23.100000381469727,22.84000015258789,22.889999389648438,3900
2016-10-17,22.950000762939453,22.950000762939453,22.780000686645508,22.809999465942383,3100
2016-10-18,22.8799991607666,22.8799991607666,22.639999389648438,22.670000076293945,11800
2016-10-19,22.6299991607666,22.719999313354492,22.520000457763672,22.59000015258789,3300
2016-10-20,22.639999389648438,22.75,22.639999389648438,22.65999984741211,9400
2016-10-21,22.610000610351562,22.969999313354492,22.540000915527344,22.540000915527344,3300
2016-10-24,22.75,22.75,22.639999389648438,22.709999084472656,3700
2016-10-25,22.6299991607666,22.68000030517578,22.579999923706055,22.600000381469727,4800
2016-10-26,22.690000534057617,22.75,22.559999465942383,22.639999389648438,28700
2016-10-27,22.700000762939453,22.700000762939453,22.549999237060547,22.559999465942383,9400
2016-10-28,22.0,22.0,19.209999084472656,19.549999237060547,58400
2016-10-31,19.5,19.5,18.760000228881836,18.850000381469727,64300
2016-11-01,18.8799991607666,20.149999618530273,18.8799991607666,19.030000686645508,41900
2016-11-02,19.110000610351562,19.200000762939453,18.940000534057617,19.0,51700
2016-11-03,19.059999465942383,19.280000686645508,19.049999237060547,19.1200008392334,13800
2016-11-04,18.8700008392334,19.760000228881836,18.8700008392334,18.889999389648438,10500
2016-11-07,19.170000076293945,19.170000076293945,18.780000686645508,18.850000381469727,17000
2016-11-08,18.850000381469727,19.31999969482422,18.799999237060547,18.889999389648438,21100
2016-11-09,18.979999542236328,19.520000457763672,18.979999542236328,19.25,57200
2016-11-10,19.450000762939453,20.84000015258789,19.270000457763672,20.639999389648438,18900
2016-11-11,20.540000915527344,20.610000610351562,20.18000030517578,20.510000228881836,52900
2016-11-14,20.709999084472656,22.09000015258789,20.700000762939453,21.06999969482422,26700
2016-11-15,21.100000381469727,21.479999542236328,20.93000030517578,21.299999237060547,10200
2016-11-16,21.239999771118164,21.56999969482422,21.239999771118164,21.5,12200
2016-11-17,21.450000762939453,21.850000381469727,20.90999984741211,21.65999984741211,13100
2016-11-18,21.709999084472656,21.989999771118164,21.079999923706055,21.950000762939453,21300
2016-11-21,22.020000457763672,22.389999389648438,21.760000228881836,22.030000686645508,19900
2016-11-22,22.15999984741211,22.15999984741211,21.209999084472656,21.940000534057617,7800
2016-11-23,21.8700008392334,22.350000381469727,21.600000381469727,22.190000534057617,8500
2016-11-25,22.209999084472656,22.329999923706055,21.5,21.940000534057617,8900
2016-11-28,21.719999313354492,22.399999618530273,21.549999237060547,21.950000762939453,9900
2016-11-29,22.0,22.469999313354492,21.809999465942383,22.139999389648438,7600
2016-11-30,22.270000457763672,22.43000030517578,21.829999923706055,21.950000762939453,12400
2016-12-01,22.110000610351562,22.5,22.020000457763672,22.329999923706055,11600
2016-12-02,22.40999984741211,22.579999923706055,21.600000381469727,22.34000015258789,7200
2016-12-05,22.399999618530273,22.860000610351562,22.110000610351562,22.65999984741211,18700
2016-12-06,22.610000610351562,22.770000457763672,21.6299991607666,22.600000381469727,40600
2016-12-07,22.5,22.84000015258789,22.479999542236328,22.790000915527344,35800
2016-12-08,22.639999389648438,23.040000915527344,22.420000076293945,22.770000457763672,40500
2016-12-09,22.850000381469727,23.989999771118164,22.850000381469727,23.8799991607666,53200
2016-12-12,23.75,23.75,23.5,23.530000686645508,37000
2016-12-13,23.700000762939453,23.700000762939453,23.290000915527344,23.290000915527344,13800
2016-12-14,22.360000610351562,23.600000381469727,22.360000610351562,23.40999984741211,49100
2016-12-15,23.450000762939453,23.65999984741211,23.350000381469727,23.559999465942383,27700
2016-12-16,23.68000030517578,23.690000534057617,22.979999542236328,23.600000381469727,109200
2016-12-19,23.670000076293945,23.75,23.5,23.709999084472656,23900
2016-12-20,23.68000030517578,24.1299991607666,23.68000030517578,23.940000534057617,44300
2016-12-21,23.979999542236328,24.0,23.600000381469727,23.729999542236328,46400
2016-12-22,23.739999771118164,23.989999771118164,23.600000381469727,23.809999465942383,10700
2016-12-23,23.889999389648438,24.110000610351562,23.719999313354492,23.809999465942383,10800
2016-12-27,23.68000030517578,24.020000457763672,23.549999237060547,23.899999618530273,14200
2016-12-28,23.790000915527344,24.139999389648438,23.75,23.770000457763672,11300
2016-12-29,23.700000762939453,24.020000457763672,23.649999618530273,23.709999084472656,4400
2016-12-30,23.739999771118164,24.040000915527344,23.530000686645508,23.719999313354492,6800
2017-01-03,23.829999923706055,23.829999923706055,23.5,23.59000015258789,9700
2017-01-04,23.700000762939453,23.700000762939453,23.450000762939453,23.639999389648438,26900
2017-01-05,23.479999542236328,23.940000534057617,23.06999969482422,23.579999923706055,18800
2017-01-06,23.6200008392334,23.6200008392334,23.450000762939453,23.5,5900
2017-01-09,23.450000762939453,23.690000534057617,23.239999771118164,23.559999465942383,103600
2017-01-10,23.559999465942383,24.239999771118164,23.469999313354492,24.190000534057617,13900
2017-01-11,24.079999923706055,24.239999771118164,24.0,24.079999923706055,11900
2017-01-12,24.010000228881836,24.540000915527344,24.010000228881836,24.5,80500
2017-01-13,24.65999984741211,24.860000610351562,24.3799991607666,24.5,31400
2017-01-17,24.5,24.5,24.309999465942383,24.329999923706055,16300
2017-01-18,24.440000534057617,24.440000534057617,24.110000610351562,24.229999542236328,4400
2017-01-19,24.489999771118164,24.65999984741211,23.81999969482422,23.969999313354492,13000
2017-01-20,23.8700008392334,24.719999313354492,23.8700008392334,24.1200008392334,13500
2017-01-23,24.25,24.25,23.860000610351562,24.110000610351562,20300
2017-01-24,24.200000762939453,24.399999618530273,24.0,24.209999084472656,15800
2017-01-25,24.399999618530273,24.829999923706055,24.34000015258789,24.559999465942383,20800
2017-01-26,24.229999542236328,24.8799991607666,24.229999542236328,24.360000610351562,42400
2017-01-27,24.670000076293945,25.459999084472656,24.610000610351562,25.329999923706055,36200
2017-01-30,25.360000610351562,25.450000762939453,24.65999984741211,24.65999984741211,12600
2017-01-31,24.65999984741211,24.75,23.639999389648438,24.229999542236328,40900
2017-02-01,24.350000381469727,24.940000534057617,24.100000381469727,24.350000381469727,26400
2017-02-02,24.360000610351562,24.719999313354492,23.860000610351562,24.040000915527344,31300
2017-02-03,24.190000534057617,24.540000915527344,24.190000534057617,24.450000762939453,12700
2017-02-06,24.450000762939453,24.600000381469727,24.399999618530273,24.450000762939453,10600
2017-02-07,24.709999084472656,24.770000457763672,24.1200008392334,24.360000610351562,26600
2017-02-08,24.280000686645508,24.600000381469727,24.110000610351562,24.329999923706055,12000
2017-02-09,24.549999237060547,24.920000076293945,24.5,24.639999389648438,23200
2017-02-10,24.780000686645508,25.309999465942383,24.780000686645508,25.299999237060547,12700
2017-02-13,25.399999618530273,25.399999618530273,25.040000915527344,25.110000610351562,7800
2017-02-14,24.709999084472656,25.34000015258789,24.709999084472656,25.209999084472656,9000
2017-02-15,25.09000015258789,25.3799991607666,25.09000015258789,25.31999969482422,15400
2017-02-16,25.360000610351562,25.59000015258789,25.149999618530273,25.520000457763672,62000
2017-02-17,25.520000457763672,25.75,25.31999969482422,25.700000762939453,41700
2017-02-21,25.65999984741211,25.75,25.649999618530273,25.719999313354492,40200
2017-02-22,25.75,26.43000030517578,25.709999084472656,26.1200008392334,12500
2017-02-23,26.100000381469727,26.43000030517578,26.100000381469727,26.280000686645508,8200
2017-02-24,26.469999313354492,26.469999313354492,25.5,25.639999389648438,20800
2017-02-27,25.469999313354492,25.90999984741211,25.209999084472656,25.579999923706055,13300
2017-02-28,25.75,25.75,24.959999084472656,25.219999313354492,15200
2017-03-01,25.399999618530273,25.899999618530273,25.399999618530273,25.68000030517578,13400
2017-03-02,25.350000381469727,25.450000762939453,24.739999771118164,24.979999542236328,22400
2017-03-03,24.899999618530273,25.0,24.75,24.93000030517578,11300
2017-03-06,24.690000534057617,24.979999542236328,24.5,24.860000610351562,17300
2017-03-07,24.6299991607666,25.15999984741211,24.6299991607666,25.06999969482422,35800
2017-03-08,25.010000228881836,25.489999771118164,25.0,25.139999389648438,16700
2017-03-09,25.520000457763672,25.520000457763672,25.1299991607666,25.260000228881836,7700
2017-03-10,25.350000381469727,25.420000076293945,25.030000686645508,25.219999313354492,15600
2017-03-13,24.700000762939453,25.43000030517578,24.700000762939453,25.25,12700
2017-03-14,25.25,25.3700008392334,24.899999618530273,25.299999237060547,19900
2017-03-15,25.399999618530273,25.489999771118164,25.15999984741211,25.280000686645508,15000
2017-03-16,25.299999237060547,25.600000381469727,25.299999237060547,25.469999313354492,26200
2017-03-17,25.5,25.780000686645508,25.31999969482422,25.780000686645508,107800
2017-03-20,24.729999542236328,26.229999542236328,24.729999542236328,25.799999237060547,29500
2017-03-21,26.100000381469727,26.100000381469727,24.56999969482422,24.68000030517578,20900
2017-03-22,24.989999771118164,24.989999771118164,24.3700008392334,24.43000030517578,24900
2017-03-23,24.43000030517578,24.700000762939453,24.43000030517578,24.670000076293945,17600
2017-03-24,24.649999618530273,25.139999389648438,24.5,24.790000915527344,12100
2017-03-27,24.5,24.940000534057617,23.790000915527344,24.84000015258789,13800
2017-03-28,24.850000381469727,25.610000610351562,23.780000686645508,25.389999389648438,22500
2017-03-29,25.5,25.829999923706055,25.5,25.68000030517578,12600
2017-03-30,25.530000686645508,26.0,25.530000686645508,25.950000762939453,20300
2017-03-31,25.739999771118164,26.0,25.739999771118164,25.959999084472656,31700
2017-04-03,26.149999618530273,26.149999618530273,25.280000686645508,25.899999618530273,49300
2017-04-04,25.790000915527344,26.0,25.649999618530273,25.860000610351562,7600
2017-04-05,25.799999237060547,26.270000457763672,25.520000457763672,25.520000457763672,26600
2017-04-06,25.399999618530273,26.079999923706055,25.399999618530273,25.670000076293945,13500
2017-04-07,25.3799991607666,25.829999923706055,25.3799991607666,25.530000686645508,23200
2017-04-10,25.65999984741211,26.0,25.65999984741211,25.90999984741211,7200
2017-04-11,25.850000381469727,25.989999771118164,25.729999542236328,25.940000534057617,4000
2017-04-12,25.729999542236328,25.729999542236328,25.540000915527344,25.549999237060547,6200
2017-04-13,25.450000762939453,25.649999618530273,25.229999542236328,25.3799991607666,12700
2017-04-17,25.489999771118164,26.0,25.3799991607666,25.639999389648438,9200
2017-04-18,25.639999389648438,26.030000686645508,25.540000915527344,25.969999313354492,13900
2017-04-19,25.920000076293945,26.479999542236328,25.690000534057617,25.8700008392334,11300
2017-04-20,26.059999465942383,26.239999771118164,25.700000762939453,26.049999237060547,13000
2017-04-21,25.93000030517578,26.389999389648438,25.93000030517578,26.34000015258789,13900
2017-04-24,26.520000457763672,27.149999618530273,26.34000015258789,26.979999542236328,14100
2017-04-25,26.940000534057617,27.420000076293945,26.940000534057617,27.209999084472656,11600
2017-04-26,27.43000030517578,28.360000610351562,27.43000030517578,28.15999984741211,18000
2017-04-27,28.149999618530273,28.43000030517578,28.0,28.309999465942383,11600
2017-04-28,28.280000686645508,28.280000686645508,26.299999237060547,26.56999969482422,30500
2017-05-01,26.15999984741211,26.15999984741211,25.5,26.049999237060547,101200
2017-05-02,25.829999923706055,26.229999542236328,25.010000228881836,25.1299991607666,42800
2017-05-03,25.1200008392334,25.299999237060547,24.899999618530273,24.989999771118164,81700
2017-05-04,25.110000610351562,25.110000610351562,24.829999923706055,25.010000228881836,36500
2017-05-05,24.65999984741211,25.049999237060547,24.65999984741211,24.899999618530273,11800
2017-05-08,24.959999084472656,24.959999084472656,24.639999389648438,24.709999084472656,11900
2017-05-09,24.5,24.950000762939453,24.25,24.59000015258789,21000
2017-05-10,24.510000228881836,24.799999237060547,24.489999771118164,24.489999771118164,11300
2017-05-11,24.459999084472656,24.479999542236328,23.709999084472656,23.75,23000
2017-05-12,23.700000762939453,24.049999237060547,23.700000762939453,23.959999084472656,33700
2017-05-15,24.100000381469727,24.149999618530273,23.920000076293945,23.989999771118164,26000
2017-05-16,24.09000015258789,24.09000015258789,23.760000228881836,23.889999389648438,20300
2017-05-17,23.639999389648438,24.06999969482422,22.920000076293945,23.030000686645508,21400
2017-05-18,23.34000015258789,23.579999923706055,23.020000457763672,23.15999984741211,14400
2017-05-19,23.059999465942383,23.3799991607666,23.0,23.170000076293945,21700
2017-05-22,23.329999923706055,23.5,23.100000381469727,23.329999923706055,17800
2017-05-23,23.440000534057617,23.479999542236328,23.149999618530273,23.309999465942383,25500
2017-05-24,23.549999237060547,23.549999237060547,23.18000030517578,23.18000030517578,17500
2017-05-25,23.299999237060547,23.299999237060547,23.200000762939453,23.219999313354492,17300
2017-05-26,23.399999618530273,23.399999618530273,23.0,23.06999969482422,11900
2017-05-30,22.940000534057617,23.06999969482422,22.780000686645508,23.010000228881836,11200
2017-05-31,22.989999771118164,23.020000457763672,22.700000762939453,22.850000381469727,18900
2017-06-01,23.010000228881836,23.200000762939453,22.889999389648438,23.06999969482422,30500
2017-06-02,23.0,23.309999465942383,23.0,23.049999237060547,36700
2017-06-05,23.020000457763672,23.299999237060547,23.0,23.06999969482422,18400
2017-06-06,23.030000686645508,23.719999313354492,22.709999084472656,22.899999618530273,11600
2017-06-07,23.0,23.399999618530273,23.0,23.190000534057617,21000
2017-06-08,23.5,24.559999465942383,23.219999313354492,23.889999389648438,20500
2017-06-09,24.059999465942383,25.239999771118164,24.059999465942383,24.989999771118164,23400
2017-06-12,25.100000381469727,25.100000381469727,24.18000030517578,24.450000762939453,16600
2017-06-13,24.459999084472656,24.709999084472656,24.149999618530273,24.639999389648438,9200
2017-06-14,24.479999542236328,24.829999923706055,24.100000381469727,24.770000457763672,8000
2017-06-15,24.469999313354492,24.809999465942383,24.309999465942383,24.399999618530273,58600
2017-06-16,24.110000610351562,24.110000610351562,23.8700008392334,23.93000030517578,30400
2017-06-19,24.0,24.0,23.5,23.549999237060547,15200
2017-06-20,23.40999984741211,23.6299991607666,23.06999969482422,23.229999542236328,34500
2017-06-21,23.100000381469727,23.309999465942383,22.799999237060547,22.809999465942383,12700
2017-06-22,22.81999969482422,22.969999313354492,22.489999771118164,22.719999313354492,7200
2017-06-23,22.729999542236328,23.6299991607666,22.579999923706055,22.969999313354492,74800
2017-06-26,22.959999084472656,23.049999237060547,22.770000457763672,22.950000762939453,15900
2017-06-27,22.969999313354492,23.25,22.84000015258789,23.0,57800
2017-06-28,23.049999237060547,23.510000228881836,22.899999618530273,23.040000915527344,11000
2017-06-29,23.200000762939453,23.600000381469727,23.0,23.34000015258789,57400
2017-06-30,23.329999923706055,23.649999618530273,23.020000457763672,23.079999923706055,13900
2017-07-03,23.06999969482422,23.700000762939453,23.06999969482422,23.5,12300
2017-07-05,23.469999313354492,23.68000030517578,23.200000762939453,23.459999084472656,7700
2017-07-06,23.450000762939453,23.75,23.239999771118164,23.489999771118164,10300
2017-07-07,23.559999465942383,23.600000381469727,23.290000915527344,23.600000381469727,12400
2017-07-10,23.440000534057617,23.709999084472656,23.350000381469727,23.549999237060547,10900
2017-07-11,22.860000610351562,23.639999389648438,22.860000610351562,23.239999771118164,8900
2017-07-12,23.15999984741211,23.170000076293945,22.889999389648438,23.1299991607666,10300
2017-07-13,22.860000610351562,23.299999237060547,22.860000610351562,23.299999237060547,10100
2017-07-14,23.0,23.329999923706055,22.75,22.959999084472656,21900
2017-07-17,23.020000457763672,23.020000457763672,22.709999084472656,22.8799991607666,15400
2017-07-18,22.75,22.940000534057617,22.649999618530273,22.719999313354492,4700
2017-07-19,22.729999542236328,22.959999084472656,22.719999313354492,22.8799991607666,4600
2017-07-20,22.81999969482422,22.989999771118164,22.6200008392334,22.950000762939453,2500
2017-07-21,23.0,23.0,22.75,22.799999237060547,12900
2017-07-24,22.709999084472656,22.850000381469727,22.549999237060547,22.56999969482422,10400
2017-07-25,22.8799991607666,22.950000762939453,22.670000076293945,22.780000686645508,14400
2017-07-26,22.799999237060547,22.979999542236328,22.549999237060547,22.549999237060547,8700
2017-07-27,22.739999771118164,22.950000762939453,22.450000762939453,22.520000457763672,7400
2017-07-28,22.18000030517578,22.190000534057617,21.280000686645508,21.459999084472656,31700
2017-07-31,21.190000534057617,21.399999618530273,21.110000610351562,21.260000228881836,27300
2017-08-01,21.360000610351562,21.809999465942383,21.290000915527344,21.40999984741211,15000
2017-08-02,21.5,21.5,21.260000228881836,21.290000915527344,13500
2017-08-03,21.25,21.399999618530273,21.170000076293945,21.280000686645508,27200
2017-08-04,21.3700008392334,21.43000030517578,21.18000030517578,21.18000030517578,9500
2017-08-07,21.020000457763672,21.31999969482422,21.0,21.209999084472656,81400
2017-08-08,21.329999923706055,21.600000381469727,21.209999084472656,21.299999237060547,18900
2017-08-09,20.850000381469727,21.18000030517578,20.850000381469727,21.040000915527344,27000
2017-08-10,21.010000228881836,21.40999984741211,21.010000228881836,21.170000076293945,21400
2017-08-11,21.329999923706055,21.329999923706055,20.780000686645508,20.889999389648438,9100
2017-08-14,21.0,21.3700008392334,20.920000076293945,21.280000686645508,22800
2017-08-15,21.360000610351562,21.5,21.280000686645508,21.280000686645508,14100
2017-08-16,21.149999618530273,21.450000762939453,21.079999923706055,21.350000381469727,15300
2017-08-17,21.389999389648438,21.450000762939453,21.049999237060547,21.1200008392334,11400
2017-08-18,21.040000915527344,21.200000762939453,21.020000457763672,21.1200008392334,9000
2017-08-21,20.989999771118164,21.420000076293945,20.989999771118164,21.1200008392334,9500
2017-08-22,21.170000076293945,21.18000030517578,21.049999237060547,21.149999618530273,9800
2017-08-23,20.989999771118164,21.1200008392334,20.899999618530273,20.899999618530273,7600
2017-08-24,20.989999771118164,21.06999969482422,20.8799991607666,21.06999969482422,2800
2017-08-25,21.040000915527344,21.18000030517578,20.979999542236328,21.149999618530273,9900
2017-08-28,21.309999465942383,21.309999465942383,20.969999313354492,21.020000457763672,3900
2017-08-29,20.889999389648438,21.1200008392334,20.889999389648438,21.1200008392334,10100
2017-08-30,21.1200008392334,21.420000076293945,20.8799991607666,21.139999389648438,21200
2017-08-31,21.1299991607666,21.5,21.049999237060547,21.309999465942383,21900
2017-09-01,21.34000015258789,21.5,21.34000015258789,21.440000534057617,3600
2017-09-05,21.399999618530273,21.549999237060547,21.280000686645508,21.450000762939453,12100
2017-09-06,21.440000534057617,21.440000534057617,20.950000762939453,21.270000457763672,6800
2017-09-07,21.219999313354492,21.219999313354492,20.56999969482422,20.790000915527344,8900
2017-09-08,20.579999923706055,21.079999923706055,20.579999923706055,20.90999984741211,13400
2017-09-11,21.100000381469727,21.520000457763672,21.100000381469727,21.440000534057617,6900
2017-09-12,21.299999237060547,21.600000381469727,21.299999237060547,21.389999389648438,5900
2017-09-13,21.450000762939453,21.450000762939453,21.200000762939453,21.200000762939453,14700
2017-09-14,21.309999465942383,21.389999389648438,21.219999313354492,21.290000915527344,8700
2017-09-15,21.25,21.5,20.829999923706055,21.280000686645508,27500
2017-09-18,21.5,21.829999923706055,21.3799991607666,21.479999542236328,13400
2017-09-19,21.540000915527344,21.84000015258789,21.270000457763672,21.360000610351562,21600
2017-09-20,21.40999984741211,21.799999237060547,20.770000457763672,21.5,50600
2017-09-21,21.610000610351562,21.799999237060547,21.40999984741211,21.520000457763672,47500
2017-09-22,21.579999923706055,21.899999618530273,21.579999923706055,21.700000762939453,28200
2017-09-25,21.739999771118164,21.790000915527344,21.489999771118164,21.5,23200
2017-09-26,21.59000015258789,22.43000030517578,21.59000015258789,22.0,22800
2017-09-27,22.43000030517578,22.84000015258789,22.09000015258789,22.600000381469727,35000
2017-09-28,22.600000381469727,22.969999313354492,22.34000015258789,22.639999389648438,20400
2017-09-29,22.709999084472656,22.899999618530273,22.520000457763672,22.75,29100
2017-10-02,22.709999084472656,23.0,22.709999084472656,22.979999542236328,25700
2017-10-03,23.0,23.100000381469727,22.719999313354492,22.84000015258789,29500
2017-10-04,22.829999923706055,23.31999969482422,22.479999542236328,22.479999542236328,8500
2017-10-05,22.520000457763672,22.829999923706055,22.450000762939453,22.600000381469727,12400
2017-10-06,22.670000076293945,23.059999465942383,22.299999237060547,22.440000534057617,25400
2017-10-09,23.040000915527344,23.09000015258789,22.489999771118164,22.649999618530273,5300
2017-10-10,23.06999969482422,23.200000762939453,22.829999923706055,22.8700008392334,11800
2017-10-11,22.809999465942383,23.25,22.68000030517578,22.700000762939453,17300
2017-10-12,22.760000228881836,22.90999984741211,22.540000915527344,22.649999618530273,21800
2017-10-13,22.65999984741211,22.989999771118164,22.559999465942383,22.56999969482422,18600
2017-10-16,22.68000030517578,23.059999465942383,22.440000534057617,22.889999389648438,25600
2017-10-17,23.010000228881836,23.219999313354492,22.510000228881836,22.68000030517578,13500
2017-10-18,23.389999389648438,23.389999389648438,22.6299991607666,22.719999313354492,10300
2017-10-19,22.729999542236328,23.170000076293945,22.729999542236328,22.780000686645508,10200
2017-10-20,23.059999465942383,23.15999984741211,22.770000457763672,22.799999237060547,17600
2017-10-23,22.81999969482422,22.850000381469727,22.329999923706055,22.5,25700
2017-10-24,22.68000030517578,23.15999984741211,22.68000030517578,22.950000762939453,14000
2017-10-25,22.8799991607666,23.09000015258789,22.450000762939453,22.770000457763672,8700
2017-10-26,22.989999771118164,22.989999771118164,22.739999771118164,22.899999618530273,4400
2017-10-27,22.600000381469727,22.649999618530273,22.489999771118164,22.56999969482422,33000
2017-10-30,22.31999969482422,22.540000915527344,21.8799991607666,21.940000534057617,13800
2017-10-31,21.8700008392334,22.3799991607666,21.8700008392334,22.229999542236328,17600
2017-11-01,22.280000686645508,22.280000686645508,21.790000915527344,21.989999771118164,34100
2017-11-02,21.899999618530273,22.6200008392334,21.860000610351562,22.3700008392334,25600
2017-11-03,22.1299991607666,22.229999542236328,22.010000228881836,22.010000228881836,12200
2017-11-06,22.100000381469727,22.100000381469727,21.93000030517578,22.049999237060547,16000
2017-11-07,22.010000228881836,22.010000228881836,21.299999237060547,21.31999969482422,20700
2017-11-08,21.15999984741211,21.200000762939453,20.93000030517578,21.149999618530273,14100
2017-11-09,21.3799991607666,22.219999313354492,20.760000228881836,21.649999618530273,27500
2017-11-10,21.540000915527344,21.540000915527344,21.260000228881836,21.260000228881836,8700
2017-11-13,21.059999465942383,21.43000030517578,21.059999465942383,21.360000610351562,5900
2017-11-14,21.280000686645508,21.899999618530273,21.280000686645508,21.790000915527344,11500
2017-11-15,22.110000610351562,22.110000610351562,21.350000381469727,21.8700008392334,13700
2017-11-16,22.079999923706055,22.649999618530273,22.079999923706055,22.420000076293945,12200
2017-11-17,22.280000686645508,22.829999923706055,22.1299991607666,22.739999771118164,13100
2017-11-20,22.700000762939453,22.860000610351562,22.530000686645508,22.809999465942383,9400
2017-11-21,22.520000457763672,23.139999389648438,22.520000457763672,23.079999923706055,11500
2017-11-22,22.610000610351562,23.209999084472656,22.549999237060547,23.030000686645508,8000
2017-11-24,23.030000686645508,23.059999465942383,22.729999542236328,23.059999465942383,6700
2017-11-27,23.0,23.389999389648438,22.950000762939453,23.149999618530273,11100
2017-11-28,22.65999984741211,23.5,22.65999984741211,23.3799991607666,23300
2017-11-29,23.389999389648438,24.239999771118164,23.299999237060547,23.81999969482422,16400
2017-11-30,23.940000534057617,23.940000534057617,23.34000015258789,23.3700008392334,16800
2017-12-01,23.0,23.229999542236328,22.309999465942383,23.190000534057617,10400
2017-12-04,23.549999237060547,23.8799991607666,23.270000457763672,23.479999542236328,7400
2017-12-05,23.43000030517578,23.600000381469727,23.350000381469727,23.510000228881836,21400
2017-12-06,23.81999969482422,23.84000015258789,23.399999618530273,23.450000762939453,7500
2017-12-07,23.209999084472656,23.579999923706055,23.209999084472656,23.399999618530273,14000
2017-12-08,23.350000381469727,23.399999618530273,23.149999618530273,23.149999618530273,8500
2017-12-11,22.6200008392334,23.09000015258789,22.6200008392334,22.75,17200
2017-12-12,22.690000534057617,22.950000762939453,22.579999923706055,22.579999923706055,7200
2017-12-13,22.6200008392334,22.799999237060547,22.510000228881836,22.600000381469727,6900
2017-12-14,22.56999969482422,22.860000610351562,22.309999465942383,22.31999969482422,14700
2017-12-15,22.200000762939453,22.850000381469727,22.200000762939453,22.700000762939453,49000
2017-12-18,22.8799991607666,23.31999969482422,22.860000610351562,23.0,26600
2017-12-19,22.899999618530273,22.940000534057617,22.719999313354492,22.799999237060547,17700
2017-12-20,22.8799991607666,22.8799991607666,22.520000457763672,22.540000915527344,12700
2017-12-21,22.700000762939453,22.770000457763672,22.6299991607666,22.739999771118164,7700
2017-12-22,22.540000915527344,22.729999542236328,22.510000228881836,22.510000228881836,5000
2017-12-26,22.31999969482422,23.389999389648438,22.270000457763672,22.399999618530273,24800
2017-12-27,22.739999771118164,22.739999771118164,22.309999465942383,22.399999618530273,3900
2017-12-28,22.31999969482422,22.399999618530273,22.15999984741211,22.360000610351562,8000
2017-12-29,22.280000686645508,22.600000381469727,22.110000610351562,22.1200008392334,21600
2018-01-02,22.360000610351562,23.049999237060547,22.219999313354492,22.399999618530273,46400
2018-01-03,22.540000915527344,22.670000076293945,22.260000228881836,22.56999969482422,13300
2018-01-04,22.59000015258789,22.8700008392334,22.56999969482422,22.610000610351562,15200
2018-01-05,22.5,22.760000228881836,22.43000030517578,22.639999389648438,10300
2018-01-08,22.440000534057617,22.440000534057617,22.049999237060547,22.219999313354492,15600
2018-01-09,21.969999313354492,22.540000915527344,21.969999313354492,22.520000457763672,17100
2018-01-10,22.579999923706055,22.719999313354492,22.43000030517578,22.719999313354492,10600
2018-01-11,22.600000381469727,23.18000030517578,22.459999084472656,23.040000915527344,17500
2018-01-12,23.5,23.5,23.100000381469727,23.229999542236328,4400
2018-01-16,23.389999389648438,23.450000762939453,22.850000381469727,22.90999984741211,13600
2018-01-17,23.1299991607666,23.1299991607666,22.809999465942383,22.940000534057617,8600
2018-01-18,22.75,22.920000076293945,22.75,22.75,3700
2018-01-19,22.739999771118164,23.0,22.739999771118164,22.989999771118164,6700
2018-01-22,22.860000610351562,22.959999084472656,22.780000686645508,22.8700008392334,4600
2018-01-23,22.81999969482422,22.850000381469727,22.649999618530273,22.850000381469727,3600
2018-01-24,22.760000228881836,22.790000915527344,22.649999618530273,22.649999618530273,9000
2018-01-25,22.81999969482422,22.81999969482422,22.6299991607666,22.670000076293945,4000
2018-01-26,23.0,24.479999542236328,22.940000534057617,24.020000457763672,28500
2018-01-29,24.0,24.459999084472656,24.0,24.100000381469727,29600
2018-01-30,24.09000015258789,24.3799991607666,24.0,24.25,23300
2018-01-31,24.18000030517578,24.850000381469727,24.139999389648438,24.469999313354492,40800
2018-02-01,24.309999465942383,24.34000015258789,24.15999984741211,24.200000762939453,8100
2018-02-02,24.1299991607666,24.299999237060547,23.950000762939453,23.950000762939453,8600
2018-02-05,23.799999237060547,24.079999923706055,23.5,23.5,23900
2018-02-06,23.229999542236328,23.709999084472656,23.149999618530273,23.520000457763672,22600
2018-02-07,23.760000228881836,24.030000686645508,23.760000228881836,23.90999984741211,13600
2018-02-08,23.899999618530273,24.18000030517578,23.850000381469727,24.0,39800
2018-02-09,24.010000228881836,24.209999084472656,24.0,24.049999237060547,20500
2018-02-12,24.100000381469727,24.200000762939453,23.959999084472656,24.010000228881836,33100
2018-02-13,24.0,24.06999969482422,23.81999969482422,24.010000228881836,15400
2018-02-14,24.0,24.25,24.0,24.110000610351562,25800
2018-02-15,24.31999969482422,24.479999542236328,24.299999237060547,24.459999084472656,25900
2018-02-16,24.3700008392334,24.68000030517578,24.34000015258789,24.68000030517578,6500
2018-02-20,24.520000457763672,24.739999771118164,24.309999465942383,24.469999313354492,11300
2018-02-21,24.68000030517578,25.0,24.540000915527344,24.65999984741211,37800
2018-02-22,24.8700008392334,24.90999984741211,24.329999923706055,24.329999923706055,6500
2018-02-23,24.25,24.579999923706055,24.229999542236328,24.579999923706055,8300
2018-02-26,24.579999923706055,24.719999313354492,24.3799991607666,24.6200008392334,11200
2018-02-27,24.649999618530273,24.649999618530273,24.309999465942383,24.329999923706055,15300
2018-02-28,24.329999923706055,24.760000228881836,23.940000534057617,24.049999237060547,19000
2018-03-01,24.100000381469727,24.420000076293945,24.100000381469727,24.200000762939453,14400
2018-03-02,24.200000762939453,24.43000030517578,24.1200008392334,24.399999618530273,26100
2018-03-05,24.260000228881836,24.549999237060547,24.15999984741211,24.530000686645508,15600
2018-03-06,24.5,24.6299991607666,24.0,24.420000076293945,18300
2018-03-07,24.420000076293945,24.889999389648438,24.420000076293945,24.56999969482422,9200
2018-03-08,23.530000686645508,24.729999542236328,23.530000686645508,24.719999313354492,7900
2018-03-09,24.540000915527344,24.90999984741211,24.260000228881836,24.84000015258789,19600
2018-03-12,24.950000762939453,25.0,24.700000762939453,24.989999771118164,7200
2018-03-13,24.790000915527344,25.309999465942383,24.770000457763672,24.90999984741211,20200
2018-03-14,24.709999084472656,25.360000610351562,24.549999237060547,25.229999542236328,8600
2018-03-15,25.1200008392334,25.479999542236328,25.1200008392334,25.469999313354492,9400
2018-03-16,25.3700008392334,25.93000030517578,25.3700008392334,25.739999771118164,37300
2018-03-19,25.600000381469727,25.989999771118164,24.770000457763672,25.8700008392334,15400
2018-03-20,25.729999542236328,26.0,25.239999771118164,25.56999969482422,13200
2018-03-21,25.399999618530273,25.700000762939453,25.18000030517578,25.469999313354492,7400
2018-03-22,25.270000457763672,25.81999969482422,24.969999313354492,25.0,13100
2018-03-23,25.110000610351562,25.670000076293945,24.3799991607666,24.389999389648438,14500
2018-03-26,24.780000686645508,25.200000762939453,24.3700008392334,25.100000381469727,16700
2018-03-27,25.3799991607666,25.440000534057617,25.100000381469727,25.1200008392334,8300
2018-03-28,25.100000381469727,25.280000686645508,25.0,25.100000381469727,22200
2018-03-29,25.1299991607666,25.610000610351562,25.1299991607666,25.15999984741211,10200
2018-04-02,25.010000228881836,25.3799991607666,24.760000228881836,24.8799991607666,22200
2018-04-03,25.420000076293945,25.5,24.93000030517578,25.0,5600
2018-04-04,25.350000381469727,25.469999313354492,25.34000015258789,25.34000015258789,7100
2018-04-05,25.079999923706055,25.829999923706055,25.020000457763672,25.6299991607666,12200
2018-04-06,25.790000915527344,25.790000915527344,25.170000076293945,25.170000076293945,8500
2018-04-09,24.799999237060547,25.690000534057617,24.799999237060547,25.540000915527344,5500
2018-04-10,25.559999465942383,25.559999465942383,25.280000686645508,25.280000686645508,4100
2018-04-11,25.34000015258789,25.5,25.329999923706055,25.329999923706055,8200
2018-04-12,25.270000457763672,25.799999237060547,25.270000457763672,25.389999389648438,2500
2018-04-13,25.600000381469727,25.600000381469727,25.200000762939453,25.350000381469727,6000
2018-04-16,25.290000915527344,25.729999542236328,25.110000610351562,25.610000610351562,3100
2018-04-17,25.299999237060547,25.8799991607666,25.299999237060547,25.489999771118164,6600
2018-04-18,24.899999618530273,25.790000915527344,24.899999618530273,25.559999465942383,5500
2018-04-19,25.299999237060547,25.8799991607666,24.899999618530273,25.56999969482422,7300
2018-04-20,25.389999389648438,26.0,25.389999389648438,25.8799991607666,8000
2018-04-23,26.450000762939453,26.450000762939453,25.709999084472656,25.809999465942383,2700
2018-04-24,24.989999771118164,26.0,24.989999771118164,25.709999084472656,7600
2018-04-25,25.3700008392334,25.739999771118164,25.299999237060547,25.299999237060547,5400
2018-04-26,25.350000381469727,25.43000030517578,25.049999237060547,25.190000534057617,6400
2018-04-27,25.790000915527344,26.700000762939453,25.5,25.809999465942383,16500
2018-04-30,26.09000015258789,26.950000762939453,25.850000381469727,25.989999771118164,37800
2018-05-01,26.030000686645508,26.100000381469727,25.860000610351562,26.010000228881836,10700
2018-05-02,26.020000457763672,26.399999618530273,25.5,26.010000228881836,26300
2018-05-03,26.0,26.850000381469727,25.670000076293945,25.719999313354492,3500
2018-05-04,25.530000686645508,26.239999771118164,25.530000686645508,25.989999771118164,7400
2018-05-07,26.0,26.260000228881836,25.799999237060547,25.799999237060547,8500
2018-05-08,25.979999542236328,25.989999771118164,25.520000457763672,25.959999084472656,6500
2018-05-09,25.979999542236328,26.389999389648438,25.790000915527344,25.979999542236328,11700
2018-05-10,26.0,26.239999771118164,25.920000076293945,25.969999313354492,12700
2018-05-11,25.989999771118164,25.989999771118164,25.6299991607666,25.809999465942383,8400
2018-05-14,25.899999618530273,25.899999618530273,25.440000534057617,25.549999237060547,6200
2018-05-15,25.540000915527344,25.940000534057617,25.43000030517578,25.700000762939453,21900
2018-05-16,25.940000534057617,26.100000381469727,25.600000381469727,25.969999313354492,14100
2018-05-17,26.0,26.219999313354492,25.780000686645508,26.0,11300
2018-05-18,26.0,26.489999771118164,26.0,26.260000228881836,43100
2018-05-21,26.100000381469727,26.190000534057617,25.81999969482422,25.93000030517578,20000
2018-05-22,25.850000381469727,26.31999969482422,25.829999923706055,26.0,13200
2018-05-23,26.219999313354492,26.239999771118164,25.940000534057617,26.0,27800
2018-05-24,26.0,26.15999984741211,25.899999618530273,26.0,12100
2018-05-25,26.0,26.100000381469727,25.799999237060547,26.030000686645508,8500
2018-05-29,26.040000915527344,26.040000915527344,25.719999313354492,25.889999389648438,10500
2018-05-30,25.90999984741211,26.190000534057617,25.780000686645508,25.790000915527344,14000
2018-05-31,25.950000762939453,26.15999984741211,25.780000686645508,25.8799991607666,15200
2018-06-01,26.0,26.450000762939453,25.93000030517578,26.1299991607666,27600
2018-06-04,26.059999465942383,26.440000534057617,25.739999771118164,25.739999771118164,10600
2018-06-05,25.729999542236328,26.43000030517578,25.700000762939453,26.399999618530273,9700
2018-06-06,26.329999923706055,26.639999389648438,26.020000457763672,26.399999618530273,10000
2018-06-07,26.399999618530273,26.829999923706055,26.020000457763672,26.100000381469727,29400
2018-06-08,26.329999923706055,26.329999923706055,25.850000381469727,25.860000610351562,11300
2018-06-11,25.989999771118164,26.6200008392334,25.989999771118164,26.3700008392334,10400
2018-06-12,26.389999389648438,26.40999984741211,25.780000686645508,26.149999618530273,5900
2018-06-13,25.8700008392334,26.34000015258789,25.3700008392334,26.1299991607666,51300
2018-06-14,26.100000381469727,26.200000762939453,25.899999618530273,25.989999771118164,9500
2018-06-15,25.829999923706055,26.290000915527344,25.829999923706055,26.0,27600
2018-06-18,25.65999984741211,26.5,25.65999984741211,26.1299991607666,19100
2018-06-19,25.799999237060547,26.5,25.799999237060547,26.360000610351562,57300
2018-06-20,26.299999237060547,26.56999969482422,26.139999389648438,26.309999465942383,33500
2018-06-21,26.18000030517578,26.56999969482422,26.18000030517578,26.25,39100
2018-06-22,26.229999542236328,26.549999237060547,25.979999542236328,26.139999389648438,74500
2018-06-25,25.979999542236328,26.6299991607666,25.829999923706055,26.25,18600
2018-06-26,26.239999771118164,26.540000915527344,26.110000610351562,26.1299991607666,18500
2018-06-27,26.15999984741211,26.5,25.860000610351562,25.920000076293945,15700
2018-06-28,25.90999984741211,26.25,25.729999542236328,26.059999465942383,8000
2018-06-29,26.049999237060547,26.190000534057617,25.90999984741211,26.0,14800
2018-07-02,25.920000076293945,26.170000076293945,25.739999771118164,25.989999771118164,13200
2018-07-03,25.93000030517578,26.5,25.860000610351562,25.8700008392334,9400
2018-07-05,26.010000228881836,26.3799991607666,25.899999618530273,25.969999313354492,18400
2018-07-06,26.280000686645508,26.280000686645508,25.84000015258789,25.979999542236328,10400
2018-07-09,26.1200008392334,26.459999084472656,25.969999313354492,25.979999542236328,14400
2018-07-10,26.329999923706055,26.329999923706055,25.950000762939453,25.969999313354492,14100
2018-07-11,25.940000534057617,26.030000686645508,25.760000228881836,25.809999465942383,5200
2018-07-12,25.84000015258789,25.84000015258789,25.6299991607666,25.770000457763672,4600
2018-07-13,25.760000228881836,25.760000228881836,25.15999984741211,25.209999084472656,13500
2018-07-16,25.440000534057617,25.520000457763672,25.190000534057617,25.350000381469727,6900
2018-07-17,25.420000076293945,25.520000457763672,25.239999771118164,25.260000228881836,5600
2018-07-18,25.270000457763672,25.489999771118164,25.18000030517578,25.309999465942383,9900
2018-07-19,25.100000381469727,25.3700008392334,24.719999313354492,24.950000762939453,13300
2018-07-20,24.809999465942383,25.219999313354492,24.65999984741211,24.729999542236328,6900
2018-07-23,25.020000457763672,25.020000457763672,24.719999313354492,25.0,3100
2018-07-24,24.850000381469727,24.850000381469727,24.700000762939453,24.780000686645508,7400
2018-07-25,24.75,24.84000015258789,24.309999465942383,24.360000610351562,12800
2018-07-26,24.469999313354492,24.790000915527344,24.469999313354492,24.770000457763672,5200
2018-07-27,24.420000076293945,24.6200008392334,23.809999465942383,23.950000762939453,8100
2018-07-30,23.969999313354492,24.030000686645508,23.65999984741211,23.65999984741211,4800
2018-07-31,23.65999984741211,23.770000457763672,23.510000228881836,23.760000228881836,8500
2018-08-01,23.969999313354492,25.190000534057617,23.969999313354492,24.280000686645508,7600
2018-08-02,24.079999923706055,24.100000381469727,23.93000030517578,23.989999771118164,6100
2018-08-03,23.540000915527344,23.899999618530273,23.520000457763672,23.520000457763672,8500
2018-08-06,23.549999237060547,23.549999237060547,23.15999984741211,23.239999771118164,11500
2018-08-07,23.15999984741211,23.299999237060547,23.15999984741211,23.229999542236328,2400
2018-08-08,23.110000610351562,23.170000076293945,23.110000610351562,23.149999618530273,6400
2018-08-09,23.209999084472656,23.209999084472656,23.010000228881836,23.15999984741211,4500
2018-08-10,23.010000228881836,23.100000381469727,22.809999465942383,23.030000686645508,7500
2018-08-13,22.84000015258789,22.93000030517578,22.610000610351562,22.860000610351562,9600
2018-08-14,22.829999923706055,22.84000015258789,22.5,22.530000686645508,15700
2018-08-15,23.0,23.0,22.420000076293945,22.420000076293945,4600
2018-08-16,22.389999389648438,22.510000228881836,22.1200008392334,22.290000915527344,19900
2018-08-17,22.1200008392334,22.299999237060547,22.079999923706055,22.110000610351562,13200
2018-08-20,21.920000076293945,22.149999618530273,21.90999984741211,21.959999084472656,8100
2018-08-21,21.90999984741211,22.200000762939453,21.860000610351562,22.190000534057617,8200
2018-08-22,22.0,22.100000381469727,21.809999465942383,22.030000686645508,10000
2018-08-23,21.920000076293945,22.049999237060547,21.90999984741211,21.950000762939453,11800
2018-08-24,21.920000076293945,21.920000076293945,21.739999771118164,21.829999923706055,9600
2018-08-27,21.75,21.979999542236328,21.739999771118164,21.760000228881836,13500
2018-08-28,22.3799991607666,22.760000228881836,22.229999542236328,22.260000228881836,14000
2018-08-29,22.31999969482422,22.489999771118164,22.200000762939453,22.270000457763672,9400
2018-08-30,22.200000762939453,22.219999313354492,21.969999313354492,22.190000534057617,20200
2018-08-31,22.06999969482422,22.299999237060547,22.020000457763672,22.15999984741211,18300
2018-09-04,22.110000610351562,22.5,22.110000610351562,22.459999084472656,39000
2018-09-05,22.459999084472656,22.5,22.309999465942383,22.360000610351562,16100
2018-09-06,22.360000610351562,22.600000381469727,22.360000610351562,22.440000534057617,11600
2018-09-07,22.440000534057617,22.8700008392334,22.440000534057617,22.709999084472656,5000
2018-09-10,22.8700008392334,22.8700008392334,22.709999084472656,22.770000457763672,9900
2018-09-11,22.799999237060547,22.799999237060547,22.610000610351562,22.6299991607666,8900
2018-09-12,22.579999923706055,22.59000015258789,22.360000610351562,22.459999084472656,33100
2018-09-13,22.219999313354492,22.709999084472656,22.209999084472656,22.600000381469727,15800
2018-09-14,22.06999969482422,22.719999313354492,22.06999969482422,22.670000076293945,7600
2018-09-17,22.780000686645508,22.780000686645508,22.5,22.65999984741211,29800
2018-09-18,22.760000228881836,22.760000228881836,22.6200008392334,22.6299991607666,9200
2018-09-19,22.559999465942383,22.989999771118164,22.420000076293945,22.600000381469727,18000
2018-09-20,22.899999618530273,23.010000228881836,22.690000534057617,22.93000030517578,13600
2018-09-21,22.889999389648438,23.989999771118164,22.709999084472656,23.989999771118164,66700
2018-09-24,23.649999618530273,23.709999084472656,23.100000381469727,23.440000534057617,18400
2018-09-25,23.25,23.770000457763672,23.100000381469727,23.31999969482422,17700
2018-09-26,23.309999465942383,23.510000228881836,23.149999618530273,23.15999984741211,9600
2018-09-27,23.139999389648438,23.399999618530273,23.100000381469727,23.100000381469727,12400
2018-09-28,23.09000015258789,23.459999084472656,23.0,23.18000030517578,6400
2018-10-01,23.270000457763672,23.270000457763672,22.729999542236328,22.84000015258789,6700
2018-10-02,22.59000015258789,22.59000015258789,21.979999542236328,22.34000015258789,17300
2018-10-03,22.549999237060547,22.600000381469727,22.219999313354492,22.43000030517578,16300
2018-10-04,22.450000762939453,22.989999771118164,22.399999618530273,22.399999618530273,8900
2018-10-05,22.450000762939453,23.200000762939453,22.420000076293945,22.420000076293945,6600
2018-10-08,22.739999771118164,22.93000030517578,22.399999618530273,22.40999984741211,13700
2018-10-09,22.940000534057617,22.940000534057617,22.040000915527344,22.110000610351562,7800
2018-10-10,22.149999618530273,22.520000457763672,22.149999618530273,22.149999618530273,12000
2018-10-11,22.09000015258789,22.549999237060547,21.719999313354492,21.719999313354492,9100
2018-10-12,22.059999465942383,22.059999465942383,20.84000015258789,21.149999618530273,20300
2018-10-15,21.5,21.75,21.200000762939453,21.3700008392334,4800
2018-10-16,21.360000610351562,21.6200008392334,21.229999542236328,21.600000381469727,7800
2018-10-17,21.440000534057617,21.540000915527344,21.239999771118164,21.25,8400
2018-10-18,21.190000534057617,21.5,20.899999618530273,21.079999923706055,8600
2018-10-19,20.950000762939453,21.040000915527344,20.510000228881836,20.520000457763672,12800
2018-10-22,20.940000534057617,21.200000762939453,20.200000762939453,20.329999923706055,8200
2018-10-23,20.0,20.790000915527344,19.549999237060547,19.920000076293945,21400
2018-10-24,20.0,20.469999313354492,20.0,20.0,18000
2018-10-25,20.600000381469727,20.799999237060547,20.0,20.0,10100
2018-10-26,20.719999313354492,20.850000381469727,19.8799991607666,20.110000610351562,20700
2018-10-29,20.110000610351562,20.719999313354492,20.110000610351562,20.68000030517578,8100
2018-10-30,20.75,20.940000534057617,20.549999237060547,20.8799991607666,13900
2018-10-31,20.829999923706055,21.079999923706055,19.84000015258789,20.93000030517578,26000
2018-11-01,20.850000381469727,20.850000381469727,20.549999237060547,20.549999237060547,9300
2018-11-02,20.600000381469727,20.649999618530273,20.399999618530273,20.610000610351562,14600
2018-11-05,20.520000457763672,20.690000534057617,20.5,20.65999984741211,10900
2018-11-06,20.979999542236328,21.299999237060547,20.40999984741211,20.559999465942383,10100
2018-11-07,20.739999771118164,21.040000915527344,20.299999237060547,21.040000915527344,8500
2018-11-08,20.729999542236328,21.0,20.43000030517578,20.610000610351562,6900
2018-11-09,20.719999313354492,21.579999923706055,20.219999313354492,20.239999771118164,12900
2018-11-12,20.459999084472656,20.479999542236328,20.059999465942383,20.06999969482422,6400
2018-11-13,20.049999237060547,20.399999618530273,20.0,20.239999771118164,3200
2018-11-14,20.25,20.25,20.0,20.149999618530273,9700
2018-11-15,19.979999542236328,20.889999389648438,19.979999542236328,20.700000762939453,127800
2018-11-16,20.600000381469727,21.049999237060547,20.600000381469727,20.760000228881836,20100
2018-11-19,20.850000381469727,20.850000381469727,20.260000228881836,20.3700008392334,7300
2018-11-20,20.469999313354492,20.56999969482422,20.100000381469727,20.299999237060547,22900
2018-11-21,20.31999969482422,20.530000686645508,20.270000457763672,20.350000381469727,9200
2018-11-23,20.329999923706055,20.950000762939453,20.329999923706055,20.93000030517578,31000
2018-11-26,20.969999313354492,21.329999923706055,20.969999313354492,21.229999542236328,13500
2018-11-27,21.899999618530273,21.940000534057617,21.06999969482422,21.110000610351562,4300
2018-11-28,21.690000534057617,21.8700008392334,20.760000228881836,21.709999084472656,10600
2018-11-29,21.700000762939453,21.920000076293945,21.290000915527344,21.6299991607666,12200
2018-11-30,21.739999771118164,21.809999465942383,21.18000030517578,21.450000762939453,7900
2018-12-03,21.450000762939453,21.760000228881836,20.920000076293945,21.360000610351562,6000
2018-12-04,21.010000228881836,21.270000457763672,20.219999313354492,20.219999313354492,11200
2018-12-06,20.110000610351562,21.149999618530273,19.860000610351562,20.209999084472656,12900
2018-12-07,20.40999984741211,20.40999984741211,19.81999969482422,20.280000686645508,27400
2018-12-10,20.290000915527344,20.290000915527344,19.93000030517578,20.200000762939453,5800
2018-12-11,20.399999618530273,20.780000686645508,19.979999542236328,20.100000381469727,6100
2018-12-12,20.170000076293945,21.31999969482422,20.170000076293945,20.950000762939453,6700
2018-12-13,20.540000915527344,20.799999237060547,20.110000610351562,20.5,8800
2018-12-14,20.489999771118164,21.18000030517578,20.110000610351562,20.219999313354492,13700
2018-12-17,20.290000915527344,20.290000915527344,19.6299991607666,20.030000686645508,8000
2018-12-18,20.09000015258789,20.299999237060547,19.799999237060547,19.809999465942383,28600
2018-12-19,19.56999969482422,20.459999084472656,19.15999984741211,19.420000076293945,12600
2018-12-20,19.309999465942383,20.639999389648438,19.309999465942383,20.18000030517578,33500
2018-12-21,20.0,20.0,19.610000610351562,19.700000762939453,33300
2018-12-24,19.760000228881836,19.989999771118164,19.290000915527344,19.31999969482422,7500
2018-12-26,19.5,19.799999237060547,19.239999771118164,19.239999771118164,13500
2018-12-27,19.389999389648438,19.790000915527344,18.760000228881836,19.0,38500
2018-12-28,19.200000762939453,19.81999969482422,19.049999237060547,19.479999542236328,11100
2018-12-31,19.549999237060547,19.889999389648438,19.5,19.510000228881836,24700
2019-01-02,19.360000610351562,19.959999084472656,19.360000610351562,19.950000762939453,3600
2019-01-03,19.809999465942383,20.59000015258789,19.809999465942383,20.239999771118164,20200
2019-01-04,20.329999923706055,21.049999237060547,20.329999923706055,20.920000076293945,9400
2019-01-07,20.690000534057617,21.239999771118164,20.459999084472656,21.219999313354492,10500
2019-01-08,21.34000015258789,21.34000015258789,21.18000030517578,21.209999084472656,3600
2019-01-09,20.739999771118164,21.100000381469727,20.520000457763672,21.049999237060547,13400
2019-01-10,20.889999389648438,21.059999465942383,20.790000915527344,20.899999618530273,6900
2019-01-11,20.690000534057617,20.690000534057617,20.139999389648438,20.600000381469727,16000
2019-01-14,20.270000457763672,21.1200008392334,20.260000228881836,20.270000457763672,13300
2019-01-15,20.3799991607666,20.709999084472656,20.0,20.709999084472656,12700
2019-01-16,20.6299991607666,20.6299991607666,20.290000915527344,20.360000610351562,13300
2019-01-17,20.239999771118164,20.600000381469727,20.219999313354492,20.350000381469727,26600
2019-01-18,20.290000915527344,20.530000686645508,20.280000686645508,20.40999984741211,35100
2019-01-22,20.229999542236328,20.459999084472656,20.1200008392334,20.40999984741211,25300
2019-01-23,20.399999618530273,20.450000762939453,20.280000686645508,20.450000762939453,7800
2019-01-24,20.479999542236328,20.81999969482422,20.3799991607666,20.700000762939453,31700
2019-01-25,20.559999465942383,20.969999313354492,20.549999237060547,20.959999084472656,29100
2019-01-28,20.639999389648438,20.75,20.549999237060547,20.75,14900
2019-01-29,20.889999389648438,20.889999389648438,20.520000457763672,20.559999465942383,16600
2019-01-30,20.780000686645508,21.079999923706055,20.43000030517578,20.739999771118164,11200
2019-01-31,20.75,20.84000015258789,20.559999465942383,20.639999389648438,8800
2019-02-01,20.700000762939453,20.75,20.540000915527344,20.59000015258789,16900
2019-02-04,20.469999313354492,20.850000381469727,20.3700008392334,20.65999984741211,27100
2019-02-05,20.809999465942383,21.059999465942383,20.6200008392334,20.690000534057617,11000
2019-02-06,20.75,20.75,20.700000762939453,20.75,13000
2019-02-07,20.75,20.829999923706055,20.65999984741211,20.670000076293945,14900
2019-02-08,20.760000228881836,20.899999618530273,20.6299991607666,20.860000610351562,18100
2019-02-11,21.030000686645508,21.850000381469727,20.850000381469727,21.700000762939453,6900
2019-02-12,21.90999984741211,22.100000381469727,21.8799991607666,21.959999084472656,7200
2019-02-13,22.239999771118164,22.239999771118164,21.459999084472656,21.889999389648438,11800
2019-02-14,21.690000534057617,21.979999542236328,21.440000534057617,21.719999313354492,8600
2019-02-15,21.860000610351562,22.510000228881836,21.260000228881836,22.1200008392334,27600
2019-02-19,22.06999969482422,23.3799991607666,22.06999969482422,23.100000381469727,23700
2019-02-20,23.0,23.049999237060547,22.15999984741211,22.209999084472656,19400
2019-02-21,21.950000762939453,22.639999389648438,21.700000762939453,22.450000762939453,12700
2019-02-22,22.09000015258789,22.530000686645508,22.09000015258789,22.5,13500
2019-02-25,22.459999084472656,22.459999084472656,22.06999969482422,22.110000610351562,14100
2019-02-26,23.020000457763672,23.020000457763672,22.149999618530273,22.399999618530273,12700
2019-02-27,22.170000076293945,22.510000228881836,22.049999237060547,22.399999618530273,9100
2019-02-28,22.1200008392334,22.479999542236328,22.059999465942383,22.059999465942383,9500
2019-03-01,22.299999237060547,22.530000686645508,22.0,22.530000686645508,12600
2019-03-04,21.739999771118164,22.3700008392334,21.739999771118164,22.1200008392334,3100
2019-03-05,22.3700008392334,22.5,22.209999084472656,22.229999542236328,5500
2019-03-06,22.15999984741211,22.5,22.1299991607666,22.1299991607666,13500
2019-03-07,21.729999542236328,22.0,21.510000228881836,21.549999237060547,13900
2019-03-08,21.079999923706055,21.770000457763672,21.079999923706055,21.329999923706055,7900
2019-03-11,21.719999313354492,21.81999969482422,21.329999923706055,21.809999465942383,3200
2019-03-12,21.389999389648438,21.65999984741211,21.389999389648438,21.6200008392334,5500
2019-03-13,22.059999465942383,22.06999969482422,21.43000030517578,21.479999542236328,3900
2019-03-14,21.469999313354492,21.739999771118164,21.459999084472656,21.5,2600
2019-03-15,21.5,21.729999542236328,20.920000076293945,20.920000076293945,27300
2019-03-18,21.0,21.350000381469727,20.899999618530273,21.139999389648438,6600
2019-03-19,21.229999542236328,21.229999542236328,20.780000686645508,20.8799991607666,6200
2019-03-20,20.5,20.530000686645508,20.5,20.5,2400
2019-03-21,20.700000762939453,20.8700008392334,19.920000076293945,20.09000015258789,6700
2019-03-22,20.030000686645508,21.200000762939453,20.0,20.399999618530273,12600
2019-03-25,20.399999618530273,20.530000686645508,20.18000030517578,20.34000015258789,13800
2019-03-26,20.280000686645508,20.809999465942383,19.940000534057617,20.1200008392334,16700
2019-03-27,20.3700008392334,20.459999084472656,19.90999984741211,20.09000015258789,14000
2019-03-28,20.329999923706055,20.450000762939453,20.15999984741211,20.299999237060547,8700
2019-03-29,20.15999984741211,20.299999237060547,20.010000228881836,20.020000457763672,20300
2019-04-01,20.579999923706055,20.719999313354492,20.31999969482422,20.719999313354492,13800
2019-04-02,20.709999084472656,21.0,20.350000381469727,20.68000030517578,9600
2019-04-03,20.780000686645508,20.959999084472656,20.729999542236328,20.8799991607666,3000
2019-04-04,20.75,20.889999389648438,20.510000228881836,20.639999389648438,4900
2019-04-05,20.6299991607666,20.899999618530273,20.6299991607666,20.799999237060547,7800
2019-04-08,20.6200008392334,21.0,20.6200008392334,20.81999969482422,7200
2019-04-09,20.899999618530273,21.200000762939453,20.8799991607666,21.030000686645508,15800
2019-04-10,20.690000534057617,21.200000762939453,20.690000534057617,21.170000076293945,4400
2019-04-11,20.93000030517578,21.18000030517578,20.719999313354492,20.809999465942383,5900
2019-04-12,20.84000015258789,21.5,20.84000015258789,21.200000762939453,8000
2019-04-15,21.209999084472656,21.209999084472656,20.84000015258789,21.010000228881836,11700
2019-04-16,21.229999542236328,21.260000228881836,21.010000228881836,21.010000228881836,10500
2019-04-17,21.149999618530273,21.25,20.899999618530273,20.899999618530273,5100
2019-04-18,21.0,21.25,21.0,21.25,7100
2019-04-22,21.25,21.25,20.739999771118164,21.0,5300
2019-04-23,21.100000381469727,21.25,21.0,21.25,18500
2019-04-24,21.25,21.25,21.100000381469727,21.1299991607666,7100
2019-04-25,21.309999465942383,21.350000381469727,21.149999618530273,21.309999465942383,25900
2019-04-26,21.510000228881836,22.989999771118164,21.510000228881836,22.649999618530273,27600
2019-04-29,22.93000030517578,23.530000686645508,22.719999313354492,23.489999771118164,9200
2019-04-30,23.200000762939453,23.459999084472656,22.489999771118164,23.030000686645508,30500
2019-05-01,23.200000762939453,23.5,22.920000076293945,23.229999542236328,16400
2019-05-02,23.389999389648438,23.5,23.1299991607666,23.1299991607666,8200
2019-05-03,23.309999465942383,24.0,23.309999465942383,23.989999771118164,21000
2019-05-06,24.0,24.149999618530273,23.850000381469727,24.020000457763672,23400
2019-05-07,24.030000686645508,24.239999771118164,23.950000762939453,24.229999542236328,10400
2019-05-08,24.09000015258789,24.18000030517578,23.149999618530273,24.110000610351562,4300
2019-05-09,24.040000915527344,24.389999389648438,23.84000015258789,24.0,39800
2019-05-10,24.059999465942383,24.309999465942383,23.299999237060547,23.40999984741211,11100
2019-05-13,23.260000228881836,23.610000610351562,23.239999771118164,23.239999771118164,13100
2019-05-14,23.43000030517578,24.040000915527344,23.43000030517578,23.969999313354492,6200
2019-05-15,23.719999313354492,23.75,23.329999923706055,23.690000534057617,8500
2019-05-16,23.75,23.81999969482422,23.5,23.81999969482422,9400
2019-05-17,23.760000228881836,23.899999618530273,23.75,23.899999618530273,9000
2019-05-20,23.920000076293945,24.049999237060547,23.610000610351562,23.610000610351562,14600
2019-05-21,23.649999618530273,23.799999237060547,23.360000610351562,23.540000915527344,12200
2019-05-22,23.1299991607666,23.479999542236328,23.100000381469727,23.329999923706055,5300
2019-05-23,23.170000076293945,23.280000686645508,22.5,22.559999465942383,19100
2019-05-24,23.110000610351562,23.450000762939453,22.979999542236328,23.399999618530273,8200
2019-05-28,23.399999618530273,23.5,23.020000457763672,23.020000457763672,9100
2019-05-29,23.06999969482422,23.5,23.0,23.020000457763672,8300
2019-05-30,23.209999084472656,23.43000030517578,23.100000381469727,23.200000762939453,14400
2019-05-31,23.190000534057617,23.190000534057617,22.690000534057617,22.8799991607666,17100
2019-06-03,22.709999084472656,23.15999984741211,22.469999313354492,22.8700008392334,15300
2019-06-04,22.93000030517578,23.5,22.670000076293945,23.5,9800
2019-06-05,23.780000686645508,23.780000686645508,23.0,23.25,9400
2019-06-06,23.149999618530273,23.190000534057617,22.899999618530273,23.18000030517578,2200
2019-06-07,23.25,23.280000686645508,22.6200008392334,23.020000457763672,5400
2019-06-10,23.06999969482422,23.239999771118164,22.950000762939453,23.149999618530273,7900
2019-06-11,23.239999771118164,23.239999771118164,23.010000228881836,23.1299991607666,12200
2019-06-12,23.020000457763672,23.200000762939453,23.010000228881836,23.030000686645508,4500
2019-06-13,23.09000015258789,23.5,23.09000015258789,23.489999771118164,8400
2019-06-14,23.280000686645508,23.5,23.110000610351562,23.110000610351562,7700
2019-06-17,23.1200008392334,23.5,23.1200008392334,23.5,6500
2019-06-18,23.5,23.520000457763672,23.299999237060547,23.5,8000
2019-06-19,23.34000015258789,23.5,23.34000015258789,23.479999542236328,9800
2019-06-20,23.3700008392334,23.5,23.3700008392334,23.399999618530273,6300
2019-06-21,23.260000228881836,23.5,23.260000228881836,23.5,21900
2019-06-24,23.5,23.5,23.399999618530273,23.399999618530273,9100
2019-06-25,23.329999923706055,23.5,23.25,23.3799991607666,9200
2019-06-26,23.3799991607666,23.489999771118164,23.3799991607666,23.489999771118164,4200
2019-06-27,23.399999618530273,23.510000228881836,23.3700008392334,23.5,39700
2019-06-28,23.5,23.520000457763672,23.450000762939453,23.5,65700
2019-07-01,23.549999237060547,24.200000762939453,23.549999237060547,24.100000381469727,24900
2019-07-02,24.1200008392334,24.25,24.06999969482422,24.25,16800
2019-07-03,24.25,24.6200008392334,24.25,24.6200008392334,8100
2019-07-05,24.530000686645508,24.850000381469727,23.440000534057617,24.829999923706055,8800
2019-07-08,24.209999084472656,24.989999771118164,24.209999084472656,24.989999771118164,5100
2019-07-09,24.600000381469727,25.0,23.700000762939453,24.700000762939453,20700
2019-07-10,24.59000015258789,24.59000015258789,24.020000457763672,24.309999465942383,12900
2019-07-11,24.309999465942383,24.559999465942383,23.6200008392334,24.43000030517578,18100
2019-07-12,24.260000228881836,24.5,23.950000762939453,24.3700008392334,9000
2019-07-15,24.299999237060547,24.299999237060547,23.510000228881836,23.700000762939453,12300
2019-07-16,23.889999389648438,23.889999389648438,23.15999984741211,23.549999237060547,14600
2019-07-17,23.020000457763672,23.280000686645508,22.81999969482422,22.860000610351562,5500
2019-07-18,23.0,23.1299991607666,22.700000762939453,22.889999389648438,10900
2019-07-19,22.75,22.75,22.139999389648438,22.59000015258789,13800
2019-07-22,22.709999084472656,22.709999084472656,21.850000381469727,22.219999313354492,25200
2019-07-23,22.270000457763672,22.270000457763672,22.170000076293945,22.25,8000
2019-07-24,22.25,22.670000076293945,22.0,22.43000030517578,30300
2019-07-25,22.719999313354492,23.3799991607666,22.6299991607666,23.139999389648438,5300
2019-07-26,23.399999618530273,24.420000076293945,23.399999618530273,24.15999984741211,9000
2019-07-29,23.56999969482422,24.200000762939453,23.56999969482422,24.010000228881836,9100
2019-07-30,24.079999923706055,24.170000076293945,23.950000762939453,23.959999084472656,14600
2019-07-31,24.100000381469727,24.190000534057617,23.829999923706055,23.829999923706055,36000
2019-08-01,23.989999771118164,24.049999237060547,23.40999984741211,23.610000610351562,14700
2019-08-02,23.610000610351562,23.610000610351562,22.799999237060547,23.420000076293945,6500
2019-08-05,23.200000762939453,23.280000686645508,22.3700008392334,22.799999237060547,25000
2019-08-06,22.959999084472656,23.040000915527344,22.559999465942383,22.81999969482422,11700
2019-08-07,22.5,22.829999923706055,22.299999237060547,22.559999465942383,9900
2019-08-08,22.850000381469727,23.43000030517578,22.850000381469727,23.190000534057617,12300
2019-08-09,23.200000762939453,23.510000228881836,23.030000686645508,23.399999618530273,10800
2019-08-12,23.229999542236328,23.969999313354492,23.229999542236328,23.81999969482422,5300
2019-08-13,23.81999969482422,23.979999542236328,23.5,23.760000228881836,17100
2019-08-14,23.34000015258789,23.389999389648438,22.719999313354492,22.829999923706055,28100
2019-08-15,22.700000762939453,23.479999542236328,22.559999465942383,23.450000762939453,30400
2019-08-16,23.489999771118164,24.0,23.489999771118164,23.81999969482422,20000
2019-08-19,24.049999237060547,24.139999389648438,23.93000030517578,24.049999237060547,5400
2019-08-20,24.18000030517578,24.18000030517578,23.90999984741211,24.100000381469727,9700
2019-08-21,24.1200008392334,24.149999618530273,23.899999618530273,24.139999389648438,10500
2019-08-22,24.15999984741211,24.290000915527344,24.149999618530273,24.149999618530273,7300
2019-08-23,24.139999389648438,24.139999389648438,21.850000381469727,22.059999465942383,40000
2019-08-26,22.3700008392334,22.8799991607666,22.309999465942383,22.799999237060547,13700
2019-08-27,23.1200008392334,23.149999618530273,22.15999984741211,22.43000030517578,10300
2019-08-28,22.06999969482422,22.479999542236328,22.06999969482422,22.479999542236328,24100
2019-08-29,22.280000686645508,23.09000015258789,22.260000228881836,22.670000076293945,7100
2019-08-30,22.780000686645508,22.780000686645508,22.260000228881836,22.549999237060547,9900
2019-09-03,22.239999771118164,22.440000534057617,22.06999969482422,22.079999923706055,10500
2019-09-04,22.43000030517578,22.43000030517578,21.850000381469727,22.010000228881836,9100
2019-09-05,22.18000030517578,23.0,22.110000610351562,22.780000686645508,12000
2019-09-06,22.790000915527344,22.860000610351562,22.139999389648438,22.299999237060547,6700
2019-09-09,22.239999771118164,22.989999771118164,22.139999389648438,22.860000610351562,8600
2019-09-10,22.979999542236328,23.239999771118164,22.639999389648438,23.0,21100
2019-09-11,23.209999084472656,23.549999237060547,22.889999389648438,23.450000762939453,17400
2019-09-12,23.309999465942383,23.979999542236328,23.239999771118164,23.579999923706055,52400
2019-09-13,23.850000381469727,24.5,23.440000534057617,23.860000610351562,21500
2019-09-16,23.709999084472656,24.389999389648438,23.479999542236328,24.040000915527344,20800
2019-09-17,23.809999465942383,24.149999618530273,23.719999313354492,23.920000076293945,22800
2019-09-18,23.979999542236328,24.100000381469727,23.420000076293945,23.81999969482422,25400
2019-09-19,23.600000381469727,24.229999542236328,23.59000015258789,23.889999389648438,25900
2019-09-20,24.020000457763672,24.56999969482422,23.639999389648438,24.5,68100
2019-09-23,24.309999465942383,24.530000686645508,24.15999984741211,24.450000762939453,31600
2019-09-24,24.389999389648438,24.520000457763672,24.030000686645508,24.209999084472656,19700
2019-09-25,24.360000610351562,24.920000076293945,24.360000610351562,24.670000076293945,24400
2019-09-26,24.530000686645508,24.799999237060547,24.34000015258789,24.350000381469727,10900
2019-09-27,24.360000610351562,24.510000228881836,24.260000228881836,24.31999969482422,13100
2019-09-30,24.110000610351562,24.360000610351562,24.040000915527344,24.079999923706055,20700
2019-10-01,23.81999969482422,23.850000381469727,23.170000076293945,23.299999237060547,14500
2019-10-02,23.299999237060547,23.649999618530273,23.209999084472656,23.420000076293945,12100
2019-10-03,23.40999984741211,23.889999389648438,23.219999313354492,23.510000228881836,12600
2019-10-04,23.799999237060547,23.799999237060547,23.360000610351562,23.450000762939453,12500
2019-10-07,23.540000915527344,23.59000015258789,23.329999923706055,23.329999923706055,8200
2019-10-08,22.969999313354492,23.5,22.969999313354492,23.18000030517578,9800
2019-10-09,23.290000915527344,23.549999237060547,23.100000381469727,23.399999618530273,19900
2019-10-10,23.530000686645508,23.979999542236328,23.360000610351562,23.489999771118164,14200
2019-10-11,23.65999984741211,24.360000610351562,23.65999984741211,23.959999084472656,18600
2019-10-14,23.959999084472656,24.389999389648438,23.700000762939453,24.06999969482422,17100
2019-10-15,24.229999542236328,24.6299991607666,23.790000915527344,24.6299991607666,18900
2019-10-16,24.59000015258789,24.75,24.530000686645508,24.649999618530273,10100
2019-10-17,24.75,24.989999771118164,24.56999969482422,24.8700008392334,38500
2019-10-18,24.690000534057617,24.989999771118164,24.600000381469727,24.889999389648438,12000
2019-10-21,25.280000686645508,25.549999237060547,25.100000381469727,25.540000915527344,21300
2019-10-22,25.530000686645508,25.610000610351562,25.18000030517578,25.450000762939453,4500
2019-10-23,25.260000228881836,25.920000076293945,25.030000686645508,25.25,11300
2019-10-24,25.229999542236328,25.5,24.510000228881836,25.079999923706055,9000
2019-10-25,25.06999969482422,25.06999969482422,24.350000381469727,24.3700008392334,23100
2019-10-28,24.700000762939453,24.760000228881836,23.739999771118164,24.440000534057617,21800
2019-10-29,24.399999618530273,24.559999465942383,24.09000015258789,24.479999542236328,13900
2019-10-30,24.25,24.559999465942383,24.25,24.520000457763672,7800
2019-10-31,24.309999465942383,24.5,24.190000534057617,24.31999969482422,9100
2019-11-01,24.450000762939453,24.549999237060547,24.31999969482422,24.549999237060547,10600
2019-11-04,24.549999237060547,24.790000915527344,24.5,24.59000015258789,21500
2019-11-05,24.549999237060547,24.739999771118164,24.299999237060547,24.739999771118164,11700
2019-11-06,24.729999542236328,24.75,24.56999969482422,24.56999969482422,8900
2019-11-07,24.75,24.75,24.489999771118164,24.719999313354492,11800
2019-11-08,24.520000457763672,24.75,24.479999542236328,24.6299991607666,9100
2019-11-11,24.43000030517578,24.729999542236328,24.43000030517578,24.729999542236328,4100
2019-11-12,24.600000381469727,24.649999618530273,24.549999237060547,24.549999237060547,5700
2019-11-13,24.549999237060547,24.709999084472656,24.139999389648438,24.479999542236328,8600
2019-11-14,24.56999969482422,24.700000762939453,24.110000610351562,24.459999084472656,12300
2019-11-15,24.670000076293945,24.75,24.479999542236328,24.479999542236328,12700
2019-11-18,24.440000534057617,24.65999984741211,24.389999389648438,24.610000610351562,8200
2019-11-19,24.56999969482422,24.709999084472656,24.170000076293945,24.170000076293945,17900
2019-11-20,24.049999237060547,24.65999984741211,23.8799991607666,24.100000381469727,22000
2019-11-21,24.020000457763672,24.5,24.020000457763672,24.219999313354492,9600
2019-11-22,24.420000076293945,24.530000686645508,24.040000915527344,24.530000686645508,11100
2019-11-25,24.559999465942383,24.75,24.3799991607666,24.40999984741211,36600
2019-11-26,24.229999542236328,24.739999771118164,24.229999542236328,24.700000762939453,9000
2019-11-27,24.579999923706055,24.75,24.3799991607666,24.739999771118164,12500
2019-11-29,24.75,25.209999084472656,24.59000015258789,24.979999542236328,10500
2019-12-02,24.920000076293945,25.0,24.530000686645508,24.540000915527344,7900
2019-12-03,24.5,24.600000381469727,24.09000015258789,24.280000686645508,7700
2019-12-04,24.420000076293945,24.420000076293945,24.110000610351562,24.139999389648438,9100
2019-12-05,24.280000686645508,24.719999313354492,24.100000381469727,24.530000686645508,5600
2019-12-06,24.790000915527344,25.0,24.56999969482422,24.59000015258789,18300
2019-12-09,24.6299991607666,25.1299991607666,24.6299991607666,25.040000915527344,17500
2019-12-10,24.950000762939453,25.690000534057617,24.770000457763672,25.549999237060547,15400
2019-12-11,25.510000228881836,25.8700008392334,25.510000228881836,25.790000915527344,12400
2019-12-12,25.889999389648438,26.010000228881836,25.75,25.969999313354492,32900
2019-12-13,25.969999313354492,26.049999237060547,25.799999237060547,25.979999542236328,19300
2019-12-16,26.0,26.15999984741211,25.809999465942383,26.0,5900
2019-12-17,26.0,26.020000457763672,25.969999313354492,25.989999771118164,16500
2019-12-18,26.149999618530273,26.149999618530273,25.899999618530273,25.90999984741211,18600
2019-12-19,26.010000228881836,26.31999969482422,26.010000228881836,26.200000762939453,13100
2019-12-20,26.260000228881836,26.489999771118164,26.040000915527344,26.479999542236328,41800
2019-12-23,26.489999771118164,26.489999771118164,26.049999237060547,26.200000762939453,12200
2019-12-24,26.290000915527344,26.389999389648438,26.190000534057617,26.3799991607666,3400
2019-12-26,26.350000381469727,26.459999084472656,26.100000381469727,26.110000610351562,7500
2019-12-27,26.079999923706055,26.18000030517578,25.959999084472656,26.15999984741211,6100
2019-12-30,26.170000076293945,26.3799991607666,26.1200008392334,26.25,11200
2019-12-31,26.350000381469727,26.489999771118164,26.260000228881836,26.329999923706055,16300
2020-01-02,26.350000381469727,26.479999542236328,26.270000457763672,26.40999984741211,8200
2020-01-03,26.149999618530273,26.270000457763672,26.059999465942383,26.15999984741211,7000
2020-01-06,26.040000915527344,26.219999313354492,25.90999984741211,26.0,15000
2020-01-07,26.09000015258789,26.09000015258789,25.780000686645508,25.899999618530273,11000
2020-01-08,25.93000030517578,26.110000610351562,25.5,25.760000228881836,13500
2020-01-09,25.8799991607666,25.90999984741211,25.75,25.90999984741211,5700
2020-01-10,25.799999237060547,25.969999313354492,25.43000030517578,25.969999313354492,17800
2020-01-13,25.920000076293945,25.940000534057617,25.799999237060547,25.899999618530273,10900
2020-01-14,25.829999923706055,25.899999618530273,25.43000030517578,25.43000030517578,11100
2020-01-15,25.479999542236328,25.8700008392334,25.360000610351562,25.84000015258789,14500
2020-01-16,25.8700008392334,26.459999084472656,25.8700008392334,26.270000457763672,12900
2020-01-17,26.489999771118164,26.600000381469727,26.1299991607666,26.1299991607666,14600
2020-01-21,26.0,26.18000030517578,25.860000610351562,25.920000076293945,9400
2020-01-22,25.739999771118164,25.920000076293945,25.649999618530273,25.670000076293945,5600
2020-01-23,25.420000076293945,25.5,25.0,25.020000457763672,16200
2020-01-24,25.25,27.350000381469727,25.020000457763672,26.15999984741211,31300
2020-01-27,26.049999237060547,26.969999313354492,25.809999465942383,26.600000381469727,20900
2020-01-28,26.600000381469727,26.84000015258789,26.040000915527344,26.600000381469727,8500
2020-01-29,26.399999618530273,26.719999313354492,25.950000762939453,25.950000762939453,9400
2020-01-30,26.0,26.3700008392334,25.3799991607666,26.3700008392334,16000
2020-01-31,26.34000015258789,26.43000030517578,24.969999313354492,25.18000030517578,18900
2020-02-03,25.1299991607666,25.829999923706055,24.90999984741211,25.239999771118164,13700
2020-02-04,25.190000534057617,25.770000457763672,25.190000534057617,25.329999923706055,11000
2020-02-05,25.489999771118164,26.020000457763672,25.450000762939453,25.729999542236328,8800
2020-02-06,25.799999237060547,25.81999969482422,25.59000015258789,25.719999313354492,12100
2020-02-07,25.65999984741211,25.709999084472656,25.6200008392334,25.6200008392334,7000
2020-02-10,25.649999618530273,26.280000686645508,25.5,25.920000076293945,11100
2020-02-11,26.06999969482422,26.209999084472656,25.360000610351562,25.520000457763672,12300
2020-02-12,25.770000457763672,25.770000457763672,25.3700008392334,25.3700008392334,3900
2020-02-13,25.489999771118164,25.81999969482422,25.489999771118164,25.81999969482422,3500
2020-02-14,25.75,26.09000015258789,25.65999984741211,25.81999969482422,10800
2020-02-18,25.950000762939453,25.969999313354492,25.079999923706055,25.079999923706055,7000
2020-02-19,25.239999771118164,25.579999923706055,25.239999771118164,25.420000076293945,4700
2020-02-20,25.420000076293945,25.520000457763672,25.399999618530273,25.510000228881836,2300
2020-02-21,25.559999465942383,25.68000030517578,25.399999618530273,25.5,11900
2020-02-24,25.3799991607666,25.579999923706055,25.040000915527344,25.18000030517578,15200
2020-02-25,24.989999771118164,25.270000457763672,24.459999084472656,24.700000762939453,16300
2020-02-26,24.799999237060547,25.0,24.280000686645508,24.579999923706055,6300
2020-02-27,24.190000534057617,24.690000534057617,24.010000228881836,24.010000228881836,19400
2020-02-28,24.3700008392334,24.3700008392334,22.260000228881836,24.0,25400
2020-03-02,24.1299991607666,24.280000686645508,22.959999084472656,23.850000381469727,12100
2020-03-03,23.75,23.8700008392334,22.260000228881836,22.3700008392334,15000
2020-03-04,22.860000610351562,25.09000015258789,22.75,24.280000686645508,7600
2020-03-05,23.84000015258789,24.280000686645508,21.979999542236328,22.25,13100
2020-03-06,21.559999465942383,22.770000457763672,21.559999465942383,22.520000457763672,8500
2020-03-09,21.6200008392334,22.399999618530273,19.049999237060547,19.719999313354492,23800
2020-03-10,20.139999389648438,20.3700008392334,19.049999237060547,20.3700008392334,16500
2020-03-11,19.770000457763672,22.299999237060547,19.18000030517578,19.25,15700
2020-03-12,18.34000015258789,20.18000030517578,15.8100004196167,16.670000076293945,24400
2020-03-13,17.940000534057617,17.940000534057617,17.0,17.639999389648438,18200
2020-03-16,15.760000228881836,16.709999084472656,15.510000228881836,15.520000457763672,39100
2020-03-17,15.09000015258789,16.040000915527344,15.020000457763672,15.529999732971191,39200
2020-03-18,14.520000457763672,15.6899995803833,13.859999656677246,13.869999885559082,22100
2020-03-19,13.65999984741211,15.039999961853027,13.449999809265137,15.039999961853027,22000
2020-03-20,14.739999771118164,16.06999969482422,13.770000457763672,14.609999656677246,42000
2020-03-23,14.829999923706055,15.350000381469727,12.859999656677246,13.15999984741211,27500
2020-03-24,13.289999961853027,14.949999809265137,13.289999961853027,14.0,40300
2020-03-25,13.779999732971191,16.81999969482422,13.779999732971191,15.180000305175781,21800
2020-03-26,15.100000381469727,19.139999389648438,15.100000381469727,17.459999084472656,29800
2020-03-27,16.329999923706055,19.040000915527344,15.289999961853027,15.6899995803833,31800
2020-03-30,16.100000381469727,17.3799991607666,15.489999771118164,16.389999389648438,27000
2020-03-31,16.100000381469727,16.280000686645508,14.270000457763672,15.5,33100
2020-04-01,15.699999809265137,16.3700008392334,13.550000190734863,14.010000228881836,32200
2020-04-02,14.770000457763672,15.4399995803833,13.100000381469727,13.779999732971191,31300
2020-04-03,13.350000381469727,15.0,13.130000114440918,13.34000015258789,30900
2020-04-06,14.800000190734863,14.819999694824219,13.699999809265137,14.789999961853027,35200
2020-04-07,15.0,15.359999656677246,14.010000228881836,14.829999923706055,30600
2020-04-08,14.800000190734863,14.800000190734863,13.270000457763672,14.34000015258789,103500
2020-04-09,14.529999732971191,16.68000030517578,14.489999771118164,16.399999618530273,34500
2020-04-13,16.139999389648438,16.139999389648438,14.520000457763672,15.399999618530273,36200
2020-04-14,15.90999984741211,16.399999618530273,15.050000190734863,15.359999656677246,22200
2020-04-15,14.890000343322754,15.449999809265137,14.109999656677246,14.829999923706055,31500
2020-04-16,14.8100004196167,15.100000381469727,13.670000076293945,14.15999984741211,44000
2020-04-17,14.649999618530273,15.899999618530273,14.649999618530273,15.880000114440918,27200
2020-04-20,15.300000190734863,15.739999771118164,14.319999694824219,15.149999618530273,35600
2020-04-21,14.470000267028809,15.359999656677246,14.300000190734863,15.180000305175781,26600
2020-04-22,15.0,15.510000228881836,14.510000228881836,14.510000228881836,17200
2020-04-23,14.270000457763672,15.380000114440918,14.270000457763672,14.899999618530273,13700
2020-04-24,14.670000076293945,14.75,14.300000190734863,14.630000114440918,28000
2020-04-27,15.100000381469727,17.229999542236328,15.100000381469727,16.989999771118164,21500
2020-04-28,17.510000228881836,17.950000762939453,16.309999465942383,16.56999969482422,27400
2020-04-29,17.260000228881836,17.989999771118164,16.8700008392334,17.799999237060547,39700
2020-04-30,17.170000076293945,18.75,16.90999984741211,17.18000030517578,21100
2020-05-01,16.799999237060547,16.799999237060547,15.109999656677246,16.200000762939453,32600
2020-05-04,15.8100004196167,16.3700008392334,15.369999885559082,15.930000305175781,24900
2020-05-05,16.200000762939453,16.700000762939453,14.579999923706055,15.020000457763672,25100
2020-05-06,14.949999809265137,15.359999656677246,14.220000267028809,14.670000076293945,24900
2020-05-07,14.979999542236328,15.430000305175781,14.5600004196167,15.039999961853027,30600
2020-05-08,15.199999809265137,15.489999771118164,14.90999984741211,15.300000190734863,35000
2020-05-11,14.989999771118164,15.800000190734863,14.529999732971191,15.069999694824219,26600
2020-05-12,15.359999656677246,15.359999656677246,14.779999732971191,14.829999923706055,27400
2020-05-13,14.720000267028809,14.960000038146973,14.399999618530273,14.850000381469727,26900
2020-05-14,14.40999984741211,14.640000343322754,13.430000305175781,13.789999961853027,40500
2020-05-15,13.779999732971191,14.199999809265137,13.5600004196167,13.800000190734863,11900
2020-05-18,14.399999618530273,16.280000686645508,14.319999694824219,16.170000076293945,33300
2020-05-19,16.030000686645508,16.030000686645508,14.510000228881836,14.5600004196167,13900
2020-05-20,14.899999618530273,15.5600004196167,14.869999885559082,15.390000343322754,13800
2020-05-21,15.600000381469727,15.800000190734863,15.130000114440918,15.210000038146973,15400
2020-05-22,15.350000381469727,15.470000267028809,15.029999732971191,15.210000038146973,14600
2020-05-26,15.9399995803833,16.360000610351562,15.319999694824219,15.789999961853027,11000
2020-05-27,16.360000610351562,16.979999542236328,16.309999465942383,16.84000015258789,30900
2020-05-28,17.239999771118164,17.299999237060547,15.75,15.75,33400
2020-05-29,15.460000038146973,16.760000228881836,15.369999885559082,16.549999237060547,18700
2020-06-01,16.770000457763672,16.950000762939453,15.489999771118164,15.489999771118164,27700
2020-06-02,15.75,15.75,15.0,15.15999984741211,24100
2020-06-03,15.609999656677246,17.049999237060547,15.289999961853027,16.93000030517578,29800
2020-06-04,16.639999389648438,17.049999237060547,16.18000030517578,16.84000015258789,22500
2020-06-05,17.59000015258789,18.190000534057617,17.030000686645508,17.93000030517578,20500
2020-06-08,18.43000030517578,18.610000610351562,17.940000534057617,18.350000381469727,10600
2020-06-09,18.010000228881836,18.010000228881836,17.0,17.0,8900
2020-06-10,17.299999237060547,17.299999237060547,16.639999389648438,16.760000228881836,8500
2020-06-11,15.960000038146973,15.960000038146973,15.050000190734863,15.449999809265137,20300
2020-06-12,16.139999389648438,16.34000015258789,15.489999771118164,16.299999237060547,20300
2020-06-15,15.5,16.200000762939453,15.5,16.149999618530273,13400
2020-06-16,16.700000762939453,16.93000030517578,16.139999389648438,16.280000686645508,24700
2020-06-17,17.010000228881836,17.010000228881836,16.149999618530273,16.309999465942383,21200
2020-06-18,16.0,16.639999389648438,15.770000457763672,16.3700008392334,13800
2020-06-19,16.600000381469727,16.829999923706055,15.539999961853027,15.65999984741211,39900
2020-06-22,15.4399995803833,16.399999618530273,13.899999618530273,16.399999618530273,19900
2020-06-23,16.389999389648438,16.549999237060547,15.859999656677246,16.399999618530273,19500
2020-06-24,16.100000381469727,16.100000381469727,15.149999618530273,15.15999984741211,21600
2020-06-25,15.0,15.779999732971191,14.899999618530273,15.779999732971191,15300
2020-06-26,15.470000267028809,15.630000114440918,14.979999542236328,15.489999771118164,46200
2020-06-29,15.640000343322754,16.540000915527344,15.3100004196167,16.06999969482422,18800
2020-06-30,15.899999618530273,16.610000610351562,15.510000228881836,16.450000762939453,17000
2020-07-01,16.399999618530273,16.399999618530273,15.899999618530273,16.18000030517578,21100
2020-07-02,16.6299991607666,16.75,16.1200008392334,16.1200008392334,7600
2020-07-06,16.700000762939453,16.700000762939453,15.859999656677246,16.18000030517578,8000
2020-07-07,16.010000228881836,16.040000915527344,15.149999618530273,15.149999618530273,13500
2020-07-08,15.140000343322754,15.399999618530273,14.970000267028809,15.300000190734863,13500
2020-07-09,15.15999984741211,15.5,14.069999694824219,14.380000114440918,28300
2020-07-10,14.390000343322754,15.100000381469727,14.390000343322754,15.09000015258789,7500
2020-07-13,15.210000038146973,15.3100004196167,15.050000190734863,15.050000190734863,4700
2020-07-14,14.979999542236328,15.109999656677246,14.630000114440918,14.859999656677246,12100
2020-07-15,15.300000190734863,16.25,15.300000190734863,15.739999771118164,17000
2020-07-16,15.789999961853027,15.899999618530273,15.510000228881836,15.520000457763672,5200
2020-07-17,15.479999542236328,15.680000305175781,15.149999618530273,15.149999618530273,6900
2020-07-20,15.039999961853027,15.09000015258789,14.8100004196167,15.09000015258789,5900
2020-07-21,15.270000457763672,15.470000267028809,15.0,15.09000015258789,22300
2020-07-22,15.100000381469727,15.100000381469727,14.529999732971191,14.649999618530273,17600
2020-07-23,14.859999656677246,14.920000076293945,14.710000038146973,14.720000267028809,15600
2020-07-24,14.930000305175781,15.239999771118164,14.720000267028809,14.720000267028809,9900
2020-07-27,14.710000038146973,15.0,14.380000114440918,14.5,16800
2020-07-28,14.40999984741211,14.829999923706055,14.40999984741211,14.550000190734863,16200
2020-07-29,14.579999923706055,14.90999984741211,14.40999984741211,14.460000038146973,18100
2020-07-30,14.899999618530273,15.569999694824219,14.649999618530273,14.760000228881836,21700
2020-07-31,15.100000381469727,15.5600004196167,14.289999961853027,14.869999885559082,33100
2020-08-03,15.0,15.449999809265137,14.4399995803833,14.989999771118164,27200
2020-08-04,14.960000038146973,15.210000038146973,14.710000038146973,14.890000343322754,23400
2020-08-05,14.9399995803833,15.6899995803833,14.9399995803833,15.65999984741211,13700
2020-08-06,15.84000015258789,16.110000610351562,15.289999961853027,15.680000305175781,30200
2020-08-07,16.260000228881836,16.309999465942383,15.5,15.90999984741211,15700
2020-08-10,15.899999618530273,17.940000534057617,15.899999618530273,17.690000534057617,53200
2020-08-11,18.18000030517578,18.450000762939453,17.690000534057617,17.690000534057617,19200
2020-08-12,18.110000610351562,18.8799991607666,18.040000915527344,18.8799991607666,34800
2020-08-13,18.75,18.799999237060547,18.149999618530273,18.719999313354492,10000
2020-08-14,18.459999084472656,19.229999542236328,17.90999984741211,18.889999389648438,15200
2020-08-17,18.950000762939453,19.100000381469727,18.229999542236328,18.709999084472656,25900
2020-08-18,17.139999389648438,18.200000762939453,15.420000076293945,17.790000915527344,8200
2020-08-19,17.889999389648438,18.260000228881836,16.059999465942383,16.81999969482422,21900
2020-08-20,16.3799991607666,17.110000610351562,15.90999984741211,16.25,16200
2020-08-21,16.010000228881836,16.6299991607666,15.359999656677246,15.9399995803833,27500
2020-08-24,16.280000686645508,16.280000686645508,15.8100004196167,16.030000686645508,11300
2020-08-25,15.979999542236328,16.100000381469727,15.789999961853027,15.859999656677246,4100
2020-08-26,15.949999809265137,16.15999984741211,15.8100004196167,15.850000381469727,11800
2020-08-27,15.90999984741211,16.100000381469727,15.829999923706055,15.829999923706055,6300
2020-08-28,16.020000457763672,16.1299991607666,15.949999809265137,16.020000457763672,5100
2020-08-31,15.960000038146973,16.219999313354492,15.5,15.5,35800
2020-09-01,15.600000381469727,15.920000076293945,15.5,15.710000038146973,11500
2020-09-02,15.569999694824219,15.819999694824219,15.529999732971191,15.65999984741211,13500
2020-09-03,15.710000038146973,15.829999923706055,15.130000114440918,15.350000381469727,20400
2020-09-04,15.510000228881836,15.760000228881836,14.289999961853027,15.369999885559082,31100
2020-09-08,15.399999618530273,15.510000228881836,15.149999618530273,15.300000190734863,12500
2020-09-09,15.300000190734863,15.430000305175781,15.069999694824219,15.229999542236328,11000
2020-09-10,15.420000076293945,15.430000305175781,15.239999771118164,15.239999771118164,4900
2020-09-11,15.270000457763672,15.279999732971191,14.699999809265137,15.0600004196167,28300
2020-09-14,15.149999618530273,15.5,15.130000114440918,15.260000228881836,6800
2020-09-15,15.260000228881836,15.34000015258789,15.130000114440918,15.180000305175781,9800
2020-09-16,15.100000381469727,15.25,14.460000038146973,14.84000015258789,16500
2020-09-17,14.84000015258789,15.260000228881836,14.84000015258789,15.260000228881836,4700
2020-09-18,15.4399995803833,15.4399995803833,15.069999694824219,15.069999694824219,40100
2020-09-21,14.729999542236328,14.770000457763672,14.069999694824219,14.119999885559082,25900
2020-09-22,14.25,14.3100004196167,13.90999984741211,13.90999984741211,23200
2020-09-23,14.010000228881836,14.15999984741211,13.65999984741211,13.739999771118164,24100
2020-09-24,14.149999618530273,14.6899995803833,13.739999771118164,14.5,26500
2020-09-25,14.619999885559082,14.729999542236328,14.020000457763672,14.300000190734863,28400
2020-09-28,14.350000381469727,14.779999732971191,14.350000381469727,14.520000457763672,14600
2020-09-29,14.470000267028809,14.640000343322754,14.289999961853027,14.329999923706055,11600
2020-09-30,14.329999923706055,14.329999923706055,14.149999618530273,14.289999961853027,18100
2020-10-01,14.199999809265137,14.350000381469727,14.199999809265137,14.25,12600
2020-10-02,14.119999885559082,14.75,14.119999885559082,14.699999809265137,9800
2020-10-05,15.0,15.050000190734863,14.770000457763672,15.0,21800
2020-10-06,14.850000381469727,15.289999961853027,14.550000190734863,15.0,27000
2020-10-07,15.319999694824219,16.239999771118164,15.319999694824219,15.9399995803833,15100
2020-10-08,16.110000610351562,16.56999969482422,16.06999969482422,16.329999923706055,12600
2020-10-09,16.299999237060547,16.6299991607666,16.299999237060547,16.3700008392334,22700
2020-10-12,16.399999618530273,16.899999618530273,16.399999618530273,16.719999313354492,6300
2020-10-13,16.670000076293945,16.68000030517578,16.43000030517578,16.450000762939453,13700
2020-10-14,16.1299991607666,16.489999771118164,16.1299991607666,16.3700008392334,6100
2020-10-15,16.389999389648438,16.8799991607666,15.880000114440918,16.8799991607666,10700
2020-10-16,16.75,17.030000686645508,16.520000457763672,16.889999389648438,8700
2020-10-19,16.93000030517578,16.93000030517578,16.81999969482422,16.81999969482422,1300
2020-10-20,16.8799991607666,17.09000015258789,16.8799991607666,17.09000015258789,4000
2020-10-21,16.989999771118164,17.06999969482422,16.93000030517578,16.959999084472656,6300
2020-10-22,16.850000381469727,18.079999923706055,16.850000381469727,17.68000030517578,7000
2020-10-23,17.649999618530273,17.860000610351562,17.5,17.6200008392334,13600
2020-10-26,17.6200008392334,17.6200008392334,16.75,16.889999389648438,27400
2020-10-27,16.950000762939453,17.030000686645508,16.75,16.75,27300
2020-10-28,16.5,17.1299991607666,16.1200008392334,16.350000381469727,37400
2020-10-29,16.200000762939453,17.3700008392334,16.1299991607666,16.950000762939453,13000
2020-10-30,16.950000762939453,17.200000762939453,16.950000762939453,17.149999618530273,7500
2020-11-02,17.280000686645508,17.899999618530273,17.139999389648438,17.420000076293945,13700
2020-11-03,17.479999542236328,17.899999618530273,17.049999237060547,17.280000686645508,20800
2020-11-04,16.950000762939453,17.670000076293945,15.0,16.1200008392334,28600
2020-11-05,16.0,16.8799991607666,15.680000305175781,16.770000457763672,9900
2020-11-06,16.530000686645508,16.809999465942383,16.25,16.25,20100
2020-11-09,17.079999923706055,19.100000381469727,17.079999923706055,19.059999465942383,34500
2020-11-10,19.139999389648438,20.610000610351562,18.860000610351562,20.3799991607666,17400
2020-11-11,20.219999313354492,20.299999237060547,18.84000015258789,19.260000228881836,23900
2020-11-12,19.139999389648438,19.34000015258789,18.06999969482422,18.43000030517578,16500
2020-11-13,18.829999923706055,18.989999771118164,18.020000457763672,18.479999542236328,13700
2020-11-16,19.149999618530273,19.690000534057617,19.0,19.56999969482422,11000
2020-11-17,19.209999084472656,19.8799991607666,19.0,19.780000686645508,9300
2020-11-18,20.040000915527344,20.139999389648438,19.360000610351562,19.360000610351562,11000
2020-11-19,19.59000015258789,19.59000015258789,19.350000381469727,19.510000228881836,9900
2020-11-20,19.25,19.56999969482422,19.170000076293945,19.559999465942383,13400
2020-11-23,19.670000076293945,19.899999618530273,19.270000457763672,19.43000030517578,10600
2020-11-24,19.719999313354492,20.440000534057617,19.549999237060547,20.420000076293945,15600
2020-11-25,20.389999389648438,20.739999771118164,20.15999984741211,20.719999313354492,8200
2020-11-27,20.18000030517578,20.649999618530273,20.0,20.399999618530273,3400
2020-11-30,20.18000030517578,20.18000030517578,18.739999771118164,18.889999389648438,15400
2020-12-01,19.350000381469727,19.350000381469727,18.290000915527344,19.190000534057617,17100
2020-12-02,19.059999465942383,19.399999618530273,19.059999465942383,19.399999618530273,6100
2020-12-03,19.420000076293945,19.549999237060547,18.889999389648438,19.290000915527344,8100
2020-12-04,19.5,19.8799991607666,19.239999771118164,19.850000381469727,12100
2020-12-07,19.239999771118164,19.850000381469727,19.239999771118164,19.850000381469727,5800
2020-12-08,19.25,19.90999984741211,19.25,19.90999984741211,10100
2020-12-09,19.8799991607666,20.020000457763672,19.729999542236328,19.81999969482422,9800
2020-12-10,19.739999771118164,19.899999618530273,19.260000228881836,19.459999084472656,9200
2020-12-11,19.389999389648438,19.420000076293945,18.809999465942383,19.170000076293945,5300
2020-12-14,19.299999237060547,19.479999542236328,18.75,18.75,9500
2020-12-15,18.899999618530273,19.459999084472656,18.899999618530273,19.1299991607666,9500
2020-12-16,19.139999389648438,19.68000030517578,19.1200008392334,19.530000686645508,14500
2020-12-17,19.5,19.610000610351562,19.40999984741211,19.600000381469727,5500
2020-12-18,19.729999542236328,19.969999313354492,18.479999542236328,18.59000015258789,55700
2020-12-21,18.690000534057617,18.860000610351562,18.15999984741211,18.489999771118164,14900
2020-12-22,18.260000228881836,18.729999542236328,18.040000915527344,18.299999237060547,39800
2020-12-23,18.5,18.690000534057617,18.5,18.530000686645508,6700
2020-12-24,18.639999389648438,18.68000030517578,18.229999542236328,18.229999542236328,3500
2020-12-28,18.549999237060547,18.90999984741211,18.479999542236328,18.790000915527344,25000
2020-12-29,18.93000030517578,19.079999923706055,18.239999771118164,18.25,11600
2020-12-30,18.649999618530273,18.81999969482422,18.200000762939453,18.799999237060547,26900
2020-12-31,18.540000915527344,18.540000915527344,18.40999984741211,18.40999984741211,6700
2021-01-04,18.600000381469727,18.860000610351562,18.139999389648438,18.229999542236328,19900
2021-01-05,18.190000534057617,18.90999984741211,18.149999618530273,18.850000381469727,14100
2021-01-06,19.18000030517578,20.75,19.18000030517578,20.479999542236328,17600
2021-01-07,20.760000228881836,20.760000228881836,20.219999313354492,20.350000381469727,12600
2021-01-08,20.450000762939453,20.510000228881836,19.260000228881836,19.670000076293945,8500
2021-01-11,19.709999084472656,19.860000610351562,19.270000457763672,19.579999923706055,20000
2021-01-12,19.579999923706055,20.700000762939453,19.309999465942383,20.0,17300
2021-01-13,20.059999465942383,20.399999618530273,20.0,20.110000610351562,10400
2021-01-14,20.149999618530273,20.329999923706055,20.059999465942383,20.059999465942383,6100
2021-01-15,19.690000534057617,20.0,19.540000915527344,19.709999084472656,13800
2021-01-19,20.079999923706055,20.079999923706055,19.59000015258789,19.780000686645508,14400
2021-01-20,19.770000457763672,19.8700008392334,19.6200008392334,19.639999389648438,16500
2021-01-21,19.6200008392334,19.829999923706055,19.280000686645508,19.280000686645508,15900
2021-01-22,19.260000228881836,20.40999984741211,19.25,20.40999984741211,15700
2021-01-25,20.010000228881836,20.010000228881836,19.18000030517578,19.809999465942383,10500
2021-01-26,19.700000762939453,19.700000762939453,18.440000534057617,19.030000686645508,34900
2021-01-27,18.469999313354492,18.84000015258789,17.559999465942383,18.219999313354492,20200
2021-01-28,18.65999984741211,18.719999313354492,18.200000762939453,18.600000381469727,15100
2021-01-29,18.899999618530273,19.690000534057617,18.719999313354492,19.260000228881836,24500
2021-02-01,19.559999465942383,19.93000030517578,19.309999465942383,19.90999984741211,32100
2021-02-02,20.1299991607666,20.479999542236328,19.899999618530273,20.239999771118164,17400
2021-02-03,20.459999084472656,20.950000762939453,20.219999313354492,20.520000457763672,19900
2021-02-04,20.65999984741211,22.149999618530273,20.65999984741211,21.809999465942383,27400
2021-02-05,22.0,22.299999237060547,21.079999923706055,21.969999313354492,15600
2021-02-08,21.790000915527344,22.18000030517578,21.520000457763672,22.18000030517578,13900
2021-02-09,21.770000457763672,22.6200008392334,21.420000076293945,22.149999618530273,28400
2021-02-10,22.40999984741211,22.43000030517578,21.59000015258789,21.850000381469727,12400
2021-02-11,21.940000534057617,22.25,20.799999237060547,22.0,23000
2021-02-12,21.920000076293945,21.969999313354492,21.219999313354492,21.489999771118164,11200
2021-02-16,22.1200008392334,22.1200008392334,21.260000228881836,21.68000030517578,7700
2021-02-17,21.59000015258789,21.899999618530273,21.510000228881836,21.81999969482422,13300
2021-02-18,21.6299991607666,22.06999969482422,21.5,21.510000228881836,10300
2021-02-19,21.5,21.799999237060547,21.5,21.68000030517578,18900
2021-02-22,21.5,21.799999237060547,21.5,21.540000915527344,20700
2021-02-23,21.65999984741211,22.889999389648438,21.5,21.5,17700
2021-02-24,21.649999618530273,22.219999313354492,21.600000381469727,22.09000015258789,18200
2021-02-25,22.0,22.75,22.0,22.100000381469727,18400
2021-02-26,22.260000228881836,22.729999542236328,22.059999465942383,22.200000762939453,17200
2021-03-01,22.639999389648438,22.950000762939453,22.510000228881836,22.770000457763672,18500
2021-03-02,22.790000915527344,23.5,22.75,23.020000457763672,20100
2021-03-03,23.25,23.829999923706055,22.950000762939453,23.0,22200
2021-03-04,23.18000030517578,24.290000915527344,23.18000030517578,23.950000762939453,33200
2021-03-05,24.309999465942383,25.75,24.18000030517578,25.75,34100
2021-03-08,25.790000915527344,26.690000534057617,25.790000915527344,26.18000030517578,27100
2021-03-09,26.459999084472656,26.729999542236328,24.959999084472656,25.350000381469727,55900
2021-03-10,25.56999969482422,26.989999771118164,25.56999969482422,26.860000610351562,48900
2021-03-11,26.8700008392334,27.489999771118164,26.760000228881836,27.020000457763672,19800
2021-03-12,27.31999969482422,27.329999923706055,26.75,27.270000457763672,15300
2021-03-15,27.200000762939453,27.200000762939453,26.68000030517578,27.079999923706055,24700
2021-03-16,27.0,27.0,26.40999984741211,26.959999084472656,16900
2021-03-17,27.0,27.0,26.579999923706055,26.6299991607666,27400
2021-03-18,26.790000915527344,27.15999984741211,26.5,26.829999923706055,14000
2021-03-19,26.639999389648438,26.68000030517578,25.940000534057617,26.68000030517578,102500
2021-03-22,26.389999389648438,26.760000228881836,25.639999389648438,25.90999984741211,24700
2021-03-23,25.950000762939453,26.149999618530273,25.6299991607666,26.010000228881836,28700
2021-03-24,26.360000610351562,27.170000076293945,25.75,25.8700008392334,21200
2021-03-25,25.65999984741211,25.8700008392334,25.329999923706055,25.75,18400
2021-03-26,26.56999969482422,26.56999969482422,25.520000457763672,25.809999465942383,14600
2021-03-29,26.079999923706055,26.079999923706055,25.309999465942383,25.309999465942383,17500
2021-03-30,25.18000030517578,25.59000015258789,25.18000030517578,25.25,11900
2021-03-31,25.139999389648438,25.139999389648438,24.56999969482422,24.729999542236328,28600
2021-04-01,24.760000228881836,25.1299991607666,24.760000228881836,25.1299991607666,15900
2021-04-05,25.299999237060547,25.299999237060547,24.809999465942383,25.15999984741211,12300
2021-04-06,25.15999984741211,25.15999984741211,24.360000610351562,24.459999084472656,26400
2021-04-07,24.649999618530273,24.649999618530273,24.18000030517578,24.309999465942383,23800
2021-04-08,24.3700008392334,25.440000534057617,24.329999923706055,24.43000030517578,17600
2021-04-09,24.690000534057617,25.31999969482422,24.3799991607666,24.559999465942383,23600
2021-04-12,24.739999771118164,24.799999237060547,24.1200008392334,24.1200008392334,15800
2021-04-13,24.1200008392334,24.940000534057617,24.1200008392334,24.75,27900
2021-04-14,25.0,25.0,24.360000610351562,24.389999389648438,15900
2021-04-15,24.309999465942383,24.559999465942383,24.18000030517578,24.280000686645508,23900
2021-04-16,24.25,24.8799991607666,24.149999618530273,24.219999313354492,29900
2021-04-19,24.229999542236328,24.420000076293945,23.770000457763672,24.31999969482422,22900
2021-04-20,24.25,24.31999969482422,23.75,24.0,20000
2021-04-21,23.829999923706055,24.3799991607666,23.829999923706055,24.15999984741211,22400
2021-04-22,24.110000610351562,24.360000610351562,24.0,24.040000915527344,24800
2021-04-23,24.020000457763672,24.829999923706055,24.020000457763672,24.649999618530273,21200
2021-04-26,24.719999313354492,24.770000457763672,24.600000381469727,24.649999618530273,17900
2021-04-27,24.600000381469727,25.229999542236328,24.600000381469727,25.209999084472656,52000
2021-04-28,25.239999771118164,25.25,24.649999618530273,24.899999618530273,30800
2021-04-29,25.1299991607666,25.440000534057617,24.5,25.15999984741211,18800
2021-04-30,25.649999618530273,26.860000610351562,25.510000228881836,26.459999084472656,49100
2021-05-03,26.700000762939453,27.3799991607666,26.559999465942383,27.239999771118164,43700
2021-05-04,27.040000915527344,27.940000534057617,27.0,27.799999237060547,36500
2021-05-05,28.309999465942383,28.309999465942383,26.889999389648438,27.190000534057617,42100
2021-05-06,27.1299991607666,27.3700008392334,27.0,27.280000686645508,18600
2021-05-07,27.100000381469727,27.639999389648438,26.530000686645508,26.770000457763672,21000
2021-05-10,26.799999237060547,27.420000076293945,26.65999984741211,26.770000457763672,28200
2021-05-11,26.56999969482422,26.889999389648438,26.209999084472656,26.440000534057617,18400
2021-05-12,26.520000457763672,26.760000228881836,25.8700008392334,26.049999237060547,36600
2021-05-13,26.649999618530273,27.489999771118164,26.1200008392334,27.06999969482422,21700
2021-05-14,27.15999984741211,27.489999771118164,26.8700008392334,27.309999465942383,12300
2021-05-17,27.049999237060547,27.489999771118164,27.020000457763672,27.309999465942383,13400
2021-05-18,27.170000076293945,28.229999542236328,27.170000076293945,28.0,46600
2021-05-19,27.950000762939453,28.610000610351562,27.25,27.6200008392334,35900
2021-05-20,27.6299991607666,27.6299991607666,27.059999465942383,27.399999618530273,37700
2021-05-21,27.559999465942383,28.059999465942383,27.540000915527344,28.010000228881836,21200
2021-05-24,28.0,28.59000015258789,27.950000762939453,28.0,25700
2021-05-25,28.1299991607666,28.219999313354492,27.1299991607666,27.139999389648438,36900
2021-05-26,27.270000457763672,27.40999984741211,27.040000915527344,27.100000381469727,38000
2021-05-27,27.18000030517578,27.739999771118164,27.110000610351562,27.3700008392334,22800
2021-05-28,27.329999923706055,27.700000762939453,27.059999465942383,27.40999984741211,17100
2021-06-01,27.399999618530273,28.059999465942383,27.399999618530273,27.770000457763672,28100
2021-06-02,27.81999969482422,27.81999969482422,27.360000610351562,27.489999771118164,17700
2021-06-03,27.31999969482422,27.719999313354492,27.31999969482422,27.639999389648438,14400
2021-06-04,27.559999465942383,27.989999771118164,27.3799991607666,27.75,20000
2021-06-07,27.920000076293945,28.290000915527344,27.31999969482422,27.40999984741211,42900
2021-06-08,27.459999084472656,28.0,27.299999237060547,27.459999084472656,38800
2021-06-09,27.350000381469727,27.350000381469727,26.989999771118164,27.149999618530273,90100
2021-06-10,27.149999618530273,27.450000762939453,27.100000381469727,27.100000381469727,80600
2021-06-11,27.280000686645508,27.350000381469727,27.200000762939453,27.31999969482422,18400
2021-06-14,27.329999923706055,27.329999923706055,27.06999969482422,27.1200008392334,37500
2021-06-15,27.110000610351562,28.09000015258789,27.059999465942383,27.75,58600
2021-06-16,27.739999771118164,27.790000915527344,27.219999313354492,27.520000457763672,67300
2021-06-17,27.639999389648438,27.860000610351562,26.899999618530273,26.969999313354492,47700
2021-06-18,26.809999465942383,26.920000076293945,26.15999984741211,26.260000228881836,88400
2021-06-21,26.389999389648438,27.170000076293945,26.3700008392334,26.700000762939453,64600
2021-06-22,26.760000228881836,26.940000534057617,26.25,26.610000610351562,75700
2021-06-23,26.610000610351562,27.09000015258789,26.56999969482422,26.639999389648438,60300
2021-06-24,26.780000686645508,27.049999237060547,26.280000686645508,26.90999984741211,74000
2021-06-25,27.0,27.469999313354492,26.6299991607666,26.899999618530273,1167600
2021-06-28,26.899999618530273,28.059999465942383,26.899999618530273,27.90999984741211,56300
2021-06-29,28.079999923706055,28.1299991607666,27.5,27.5,43000
2021-06-30,27.68000030517578,27.68000030517578,26.899999618530273,27.06999969482422,63600
2021-07-01,27.209999084472656,28.219999313354492,27.15999984741211,28.139999389648438,42300
2021-07-02,28.040000915527344,28.1299991607666,27.3700008392334,27.450000762939453,23900
2021-07-06,27.309999465942383,27.309999465942383,26.5,26.670000076293945,49100
2021-07-07,26.530000686645508,26.850000381469727,26.40999984741211,26.6200008392334,32800
2021-07-08,26.309999465942383,26.389999389648438,25.760000228881836,26.040000915527344,41800
2021-07-09,26.260000228881836,26.729999542236328,26.260000228881836,26.709999084472656,21700
2021-07-12,26.43000030517578,26.8799991607666,26.43000030517578,26.739999771118164,29100
2021-07-13,26.700000762939453,26.899999618530273,26.389999389648438,26.600000381469727,26900
2021-07-14,26.6200008392334,26.860000610351562,26.440000534057617,26.56999969482422,27300
2021-07-15,26.5,27.170000076293945,26.5,27.110000610351562,18500
2021-07-16,27.110000610351562,27.149999618530273,26.610000610351562,26.610000610351562,16900
2021-07-19,26.31999969482422,26.579999923706055,25.700000762939453,25.860000610351562,29000
2021-07-20,25.809999465942383,27.299999237060547,25.809999465942383,26.6299991607666,29700
2021-07-21,27.09000015258789,27.600000381469727,26.920000076293945,27.139999389648438,17300
2021-07-22,27.0,27.020000457763672,26.229999542236328,26.43000030517578,35300
2021-07-23,26.540000915527344,26.860000610351562,26.200000762939453,26.860000610351562,7900
2021-07-26,26.6299991607666,27.3700008392334,26.6299991607666,27.0,24300
2021-07-27,26.93000030517578,27.280000686645508,26.719999313354492,26.920000076293945,11700
2021-07-28,26.829999923706055,27.34000015258789,26.700000762939453,27.020000457763672,14300
2021-07-29,26.920000076293945,27.31999969482422,26.90999984741211,27.06999969482422,15200
2021-07-30,27.350000381469727,27.969999313354492,27.350000381469727,27.579999923706055,10100
2021-08-02,27.260000228881836,27.799999237060547,27.110000610351562,27.3799991607666,33800
2021-08-03,27.31999969482422,28.0,27.15999984741211,27.600000381469727,19300
2021-08-04,27.5,27.8799991607666,27.309999465942383,27.3799991607666,26100
2021-08-05,27.549999237060547,28.100000381469727,27.549999237060547,27.729999542236328,33100
2021-08-06,27.93000030517578,28.530000686645508,27.93000030517578,28.1299991607666,26000
2021-08-09,28.170000076293945,29.049999237060547,28.1200008392334,28.540000915527344,21300
2021-08-10,28.389999389648438,29.209999084472656,28.389999389648438,29.15999984741211,13000
2021-08-11,28.950000762939453,29.399999618530273,28.950000762939453,29.31999969482422,11500
2021-08-12,29.34000015258789,29.34000015258789,28.68000030517578,29.09000015258789,8900
2021-08-13,29.1200008392334,29.18000030517578,28.579999923706055,28.760000228881836,10700
2021-08-16,28.709999084472656,29.09000015258789,28.309999465942383,28.649999618530273,12800
2021-08-17,28.59000015258789,28.59000015258789,28.030000686645508,28.100000381469727,21100
2021-08-18,28.100000381469727,28.6299991607666,28.030000686645508,28.299999237060547,10600
2021-08-19,28.0,28.170000076293945,27.780000686645508,27.850000381469727,14200
2021-08-20,27.920000076293945,28.510000228881836,26.950000762939453,28.510000228881836,10200
2021-08-23,28.700000762939453,28.700000762939453,28.030000686645508,28.110000610351562,15300
2021-08-24,28.059999465942383,28.100000381469727,27.809999465942383,27.850000381469727,10100
2021-08-25,27.8700008392334,28.149999618530273,27.739999771118164,28.0,26900
2021-08-26,28.010000228881836,28.229999542236328,27.280000686645508,27.549999237060547,18900
2021-08-27,27.989999771118164,28.239999771118164,27.770000457763672,28.06999969482422,16000
2021-08-30,28.040000915527344,28.09000015258789,27.829999923706055,27.899999618530273,7500
2021-08-31,27.760000228881836,28.399999618530273,27.719999313354492,28.34000015258789,13600
2021-09-01,28.18000030517578,28.18000030517578,27.649999618530273,27.899999618530273,11300
2021-09-02,27.860000610351562,28.100000381469727,27.65999984741211,27.68000030517578,9100
2021-09-03,27.75,28.0,27.489999771118164,28.0,16600
2021-09-07,28.1200008392334,28.329999923706055,27.809999465942383,28.020000457763672,12200
2021-09-08,27.84000015258789,27.8799991607666,27.399999618530273,27.510000228881836,17200
2021-09-09,27.40999984741211,27.989999771118164,27.25,27.6200008392334,20200
2021-09-10,27.790000915527344,27.850000381469727,27.31999969482422,27.579999923706055,12600
2021-09-13,27.59000015258789,27.760000228881836,27.25,27.65999984741211,25700
2021-09-14,27.049999237060547,27.6200008392334,26.90999984741211,27.239999771118164,17500
2021-09-15,27.079999923706055,27.309999465942383,26.850000381469727,27.239999771118164,19800
2021-09-16,27.31999969482422,27.860000610351562,26.959999084472656,27.110000610351562,83700
2021-09-17,27.280000686645508,27.360000610351562,26.809999465942383,26.950000762939453,54200
2021-09-20,26.739999771118164,27.06999969482422,26.56999969482422,27.049999237060547,16800
2021-09-21,27.280000686645508,27.280000686645508,26.709999084472656,26.920000076293945,17600
2021-09-22,27.239999771118164,27.40999984741211,27.100000381469727,27.31999969482422,10900
2021-09-23,27.510000228881836,28.489999771118164,27.5,28.149999618530273,49100
2021-09-24,28.18000030517578,28.510000228881836,28.100000381469727,28.3799991607666,14700
2021-09-27,28.450000762939453,29.3799991607666,28.450000762939453,29.18000030517578,9900
2021-09-28,29.219999313354492,29.239999771118164,28.690000534057617,28.84000015258789,17400
2021-09-29,28.950000762939453,29.329999923706055,28.649999618530273,29.010000228881836,7500
2021-09-30,29.3700008392334,29.420000076293945,28.290000915527344,28.709999084472656,14300
2021-10-01,28.610000610351562,29.149999618530273,28.360000610351562,29.079999923706055,13200
2021-10-04,29.110000610351562,29.239999771118164,29.079999923706055,29.079999923706055,5400
2021-10-05,29.09000015258789,29.309999465942383,29.079999923706055,29.1200008392334,5900
2021-10-06,29.149999618530273,29.399999618530273,29.06999969482422,29.3799991607666,8700
2021-10-07,29.399999618530273,29.399999618530273,29.100000381469727,29.219999313354492,7800
2021-10-08,29.1299991607666,29.350000381469727,28.920000076293945,28.920000076293945,8700
2021-10-11,29.18000030517578,29.290000915527344,28.790000915527344,28.790000915527344,11600
2021-10-12,28.770000457763672,28.989999771118164,28.479999542236328,28.93000030517578,7600
2021-10-13,28.93000030517578,28.959999084472656,28.549999237060547,28.899999618530273,8000
2021-10-14,29.030000686645508,29.030000686645508,28.510000228881836,28.510000228881836,9500
2021-10-15,28.65999984741211,28.93000030517578,28.65999984741211,28.700000762939453,8100
2021-10-18,28.65999984741211,28.690000534057617,28.1200008392334,28.489999771118164,4800
2021-10-19,28.389999389648438,28.540000915527344,28.0,28.190000534057617,15900
2021-10-20,28.0,28.549999237060547,28.0,28.43000030517578,14000
2021-10-21,28.510000228881836,28.770000457763672,28.360000610351562,28.770000457763672,5300
2021-10-22,28.65999984741211,28.940000534057617,28.510000228881836,28.940000534057617,6300
2021-10-25,28.8700008392334,29.350000381469727,28.6200008392334,29.18000030517578,15200
2021-10-26,28.6200008392334,29.0,28.6200008392334,28.920000076293945,4600
2021-10-27,28.81999969482422,28.81999969482422,28.200000762939453,28.200000762939453,17200
2021-10-28,28.549999237060547,29.0,28.200000762939453,28.59000015258789,15400
2021-10-29,29.049999237060547,29.610000610351562,28.790000915527344,29.200000762939453,13100
2021-11-01,29.3799991607666,30.1299991607666,29.31999969482422,30.020000457763672,13400
2021-11-02,30.149999618530273,30.559999465942383,29.899999618530273,30.309999465942383,18300
2021-11-03,29.940000534057617,31.889999389648438,29.940000534057617,30.790000915527344,6300
2021-11-04,30.799999237060547,31.399999618530273,30.3700008392334,30.690000534057617,17000
2021-11-05,31.260000228881836,31.309999465942383,30.34000015258789,30.530000686645508,3800
2021-11-08,31.110000610351562,31.239999771118164,30.639999389648438,31.200000762939453,6300
2021-11-09,30.93000030517578,31.260000228881836,30.270000457763672,30.81999969482422,8500
2021-11-10,30.6200008392334,31.260000228881836,30.559999465942383,30.969999313354492,18300
2021-11-11,30.420000076293945,30.889999389648438,30.420000076293945,30.799999237060547,9100
2021-11-12,31.0,31.239999771118164,30.18000030517578,30.920000076293945,26600
2021-11-15,30.93000030517578,31.889999389648438,30.93000030517578,31.0,8600
2021-11-16,30.950000762939453,31.100000381469727,30.649999618530273,30.649999618530273,7600
2021-11-17,30.649999618530273,30.760000228881836,30.190000534057617,30.190000534057617,6300
2021-11-18,30.15999984741211,30.479999542236328,29.530000686645508,30.43000030517578,11100
2021-11-19,30.229999542236328,30.75,29.549999237060547,30.030000686645508,9200
2021-11-22,30.1200008392334,30.309999465942383,29.780000686645508,29.780000686645508,7900
2021-11-23,29.84000015258789,30.239999771118164,29.6299991607666,29.649999618530273,21300
2021-11-24,29.5,29.559999465942383,28.8799991607666,29.280000686645508,19500
2021-11-26,29.100000381469727,29.780000686645508,28.559999465942383,29.110000610351562,6800
2021-11-29,29.579999923706055,29.649999618530273,28.549999237060547,28.75,8200
2021-11-30,28.649999618530273,28.75,28.309999465942383,28.610000610351562,3000
2021-12-01,30.239999771118164,30.239999771118164,28.719999313354492,28.770000457763672,6300
2021-12-02,28.899999618530273,29.860000610351562,28.549999237060547,29.5,8200
2021-12-03,29.350000381469727,29.559999465942383,28.600000381469727,29.149999618530273,6600
2021-12-06,29.219999313354492,29.219999313354492,28.760000228881836,28.850000381469727,10700
2021-12-07,28.829999923706055,29.43000030517578,28.450000762939453,28.780000686645508,11000
2021-12-08,29.079999923706055,29.110000610351562,28.309999465942383,28.68000030517578,12900
2021-12-09,28.600000381469727,29.3700008392334,28.309999465942383,28.309999465942383,11400
2021-12-10,28.270000457763672,29.260000228881836,28.25,28.420000076293945,15700
2021-12-13,28.700000762939453,29.100000381469727,28.25,28.25,20000
2021-12-14,28.399999618530273,28.59000015258789,28.059999465942383,28.059999465942383,26500
2021-12-15,28.25,29.1200008392334,28.25,28.700000762939453,14300
2021-12-16,28.690000534057617,29.09000015258789,28.299999237060547,28.520000457763672,14000
2021-12-17,28.34000015258789,28.520000457763672,28.209999084472656,28.25,15800
2021-12-20,28.25,28.459999084472656,28.040000915527344,28.31999969482422,12600
2021-12-21,28.420000076293945,29.280000686645508,28.25,28.610000610351562,18200
2021-12-22,28.579999923706055,28.989999771118164,28.450000762939453,28.649999618530273,6400
2021-12-23,28.59000015258789,29.440000534057617,28.579999923706055,28.799999237060547,6000
2021-12-27,28.56999969482422,29.020000457763672,28.200000762939453,28.68000030517578,16600
2021-12-28,28.68000030517578,29.299999237060547,28.600000381469727,29.170000076293945,10400
2021-12-29,29.389999389648438,29.389999389648438,28.920000076293945,29.110000610351562,11600
2021-12-30,29.25,29.290000915527344,28.950000762939453,28.950000762939453,4200
2021-12-31,29.280000686645508,29.40999984741211,29.049999237060547,29.170000076293945,2300
2022-01-03,29.049999237060547,29.15999984741211,28.969999313354492,29.100000381469727,11100
2022-01-04,29.15999984741211,30.190000534057617,29.15999984741211,29.65999984741211,10900
2022-01-05,30.1200008392334,30.350000381469727,29.770000457763672,30.0,18700
2022-01-06,30.139999389648438,30.690000534057617,30.139999389648438,30.5,8300
2022-01-07,30.190000534057617,31.760000228881836,30.190000534057617,30.799999237060547,18800
2022-01-10,30.799999237060547,30.989999771118164,30.209999084472656,30.360000610351562,6300
2022-01-11,30.399999618530273,30.649999618530273,30.329999923706055,30.389999389648438,5100
2022-01-12,30.06999969482422,30.770000457763672,30.06999969482422,30.329999923706055,6700
2022-01-13,30.979999542236328,30.979999542236328,30.190000534057617,30.219999313354492,8000
2022-01-14,30.229999542236328,30.450000762939453,30.200000762939453,30.299999237060547,2800
2022-01-18,30.3700008392334,31.639999389648438,30.3700008392334,31.0,16300
2022-01-19,31.350000381469727,31.520000457763672,31.100000381469727,31.520000457763672,29000
2022-01-20,31.5,33.38999938964844,31.389999389648438,31.579999923706055,14200
2022-01-21,31.729999542236328,32.18000030517578,31.100000381469727,31.780000686645508,28400
2022-01-24,31.760000228881836,32.06999969482422,31.040000915527344,31.450000762939453,31800
2022-01-25,31.450000762939453,32.66999816894531,31.290000915527344,31.440000534057617,13400
2022-01-26,31.739999771118164,32.470001220703125,31.040000915527344,31.25,9400
2022-01-27,31.530000686645508,31.530000686645508,30.5,30.709999084472656,13700
2022-01-28,30.940000534057617,33.4900016784668,30.940000534057617,32.970001220703125,51900
2022-01-31,33.2599983215332,33.970001220703125,33.0099983215332,33.68000030517578,24700
2022-02-01,33.68000030517578,33.970001220703125,33.349998474121094,33.65999984741211,16000
2022-02-02,33.560001373291016,34.06999969482422,33.290000915527344,33.58000183105469,15700
2022-02-03,33.5099983215332,34.220001220703125,33.5099983215332,33.97999954223633,14300
2022-02-04,34.0,34.02000045776367,33.130001068115234,33.5099983215332,16600
2022-02-07,33.83000183105469,34.0,33.40999984741211,33.849998474121094,33000
2022-02-08,33.869998931884766,33.93000030517578,33.47999954223633,33.72999954223633,16900
2022-02-09,33.91999816894531,33.959999084472656,33.52000045776367,33.65999984741211,11700
2022-02-10,33.810001373291016,34.16999816894531,33.5,33.52000045776367,6300
2022-02-11,33.720001220703125,34.13999938964844,33.560001373291016,33.689998626708984,15900
2022-02-14,33.93000030517578,33.93000030517578,33.279998779296875,33.40999984741211,9600
2022-02-15,33.54999923706055,33.599998474121094,33.470001220703125,33.470001220703125,12000
2022-02-16,33.7400016784668,33.9900016784668,33.5,33.599998474121094,8400
2022-02-17,33.65999984741211,33.65999984741211,33.2400016784668,33.4900016784668,7400
2022-02-18,33.58000183105469,33.58000183105469,33.20000076293945,33.31999969482422,7800
2022-02-22,33.47999954223633,33.56999969482422,32.88999938964844,32.88999938964844,15800
2022-02-23,33.02000045776367,33.380001068115234,32.56999969482422,32.900001525878906,58400
2022-02-24,32.68000030517578,33.0099983215332,32.45000076293945,32.54999923706055,14900
2022-02-25,32.790000915527344,33.31999969482422,32.790000915527344,33.310001373291016,7700
2022-02-28,32.93000030517578,33.27000045776367,32.63999938964844,32.95000076293945,11200
2022-03-01,32.7599983215332,33.0,32.040000915527344,32.06999969482422,16200
2022-03-02,32.09000015258789,32.84000015258789,32.09000015258789,32.52000045776367,8100
2022-03-03,32.41999816894531,32.70000076293945,32.29999923706055,32.5,10900
2022-03-04,32.150001525878906,33.029998779296875,32.150001525878906,32.599998474121094,23200
2022-03-07,32.58000183105469,32.58000183105469,31.729999542236328,32.0,21400
2022-03-08,32.0099983215332,32.599998474121094,31.510000228881836,31.510000228881836,23300
2022-03-09,31.850000381469727,32.02000045776367,31.510000228881836,31.700000762939453,12600
2022-03-10,31.5,31.75,31.5,31.729999542236328,15000
2022-03-11,31.68000030517578,32.540000915527344,31.68000030517578,32.0,21500
2022-03-14,32.0,32.29999923706055,31.829999923706055,31.829999923706055,21900
2022-03-15,32.290000915527344,32.290000915527344,31.709999084472656,31.709999084472656,6400
2022-03-16,32.0,32.689998626708984,32.0,32.470001220703125,12800
2022-03-17,32.25,32.25,32.06999969482422,32.130001068115234,9600
2022-03-18,31.959999084472656,32.15999984741211,31.770000457763672,32.09000015258789,14400
2022-03-21,31.90999984741211,32.38999938964844,31.700000762939453,32.15999984741211,15300
2022-03-22,32.20000076293945,32.939998626708984,32.20000076293945,32.540000915527344,12600
2022-03-23,32.90999984741211,32.90999984741211,32.13999938964844,32.79999923706055,16500
2022-03-24,32.93000030517578,33.369998931884766,32.79999923706055,33.11000061035156,14900
2022-03-25,33.33000183105469,33.869998931884766,33.33000183105469,33.779998779296875,50500
2022-03-28,33.869998931884766,33.95000076293945,33.279998779296875,33.45000076293945,14300
2022-03-29,33.43000030517578,33.810001373291016,32.9900016784668,33.58000183105469,38100
2022-03-30,33.459999084472656,33.59000015258789,32.86000061035156,33.0,13600
2022-03-31,32.93000030517578,33.369998931884766,32.810001373291016,32.810001373291016,14400
2022-04-01,33.16999816894531,33.290000915527344,32.81999969482422,32.81999969482422,12800
2022-04-04,32.849998474121094,33.08000183105469,32.40999984741211,32.529998779296875,23000
2022-04-05,32.5099983215332,32.79999923706055,32.5099983215332,32.540000915527344,9600
2022-04-06,32.619998931884766,32.619998931884766,32.11000061035156,32.27000045776367,9100
2022-04-07,32.25,32.34000015258789,31.90999984741211,32.15999984741211,41800
2022-04-08,32.0099983215332,32.41999816894531,32.0099983215332,32.25,9600
2022-04-11,32.0099983215332,32.380001068115234,31.90999984741211,32.09000015258789,14900
2022-04-12,32.0,33.52000045776367,32.0,32.810001373291016,21100
2022-04-13,32.70000076293945,33.380001068115234,32.630001068115234,32.70000076293945,12400
2022-04-14,32.70000076293945,33.27000045776367,32.70000076293945,32.849998474121094,13000
2022-04-18,32.70000076293945,33.290000915527344,32.70000076293945,33.0,17500
2022-04-19,33.119998931884766,33.900001525878906,33.119998931884766,33.88999938964844,17000
2022-04-20,33.88999938964844,35.25,33.88999938964844,35.060001373291016,27000
2022-04-21,35.27000045776367,35.27000045776367,34.63999938964844,34.970001220703125,19000
2022-04-22,34.88999938964844,35.15999984741211,34.52000045776367,34.63999938964844,22100
2022-04-25,34.5,34.650001525878906,33.77000045776367,34.47999954223633,25400
2022-04-26,34.209999084472656,34.459999084472656,33.72999954223633,34.04999923706055,27500
2022-04-27,34.0,34.34000015258789,33.970001220703125,34.150001525878906,49500
2022-04-28,34.29999923706055,34.56999969482422,33.810001373291016,34.33000183105469,42100
2022-04-29,34.5,35.06999969482422,34.290000915527344,34.66999816894531,31700
2022-05-02,34.5,34.849998474121094,34.119998931884766,34.75,39200
2022-05-03,34.81999969482422,35.189998626708984,34.47999954223633,35.040000915527344,52800
2022-05-04,35.189998626708984,35.439998626708984,34.709999084472656,35.08000183105469,47200
2022-05-05,34.810001373291016,35.33000183105469,34.4900016784668,35.33000183105469,29700
2022-05-06,35.11000061035156,35.439998626708984,34.34000015258789,34.95000076293945,32900
2022-05-09,34.79999923706055,35.09000015258789,34.290000915527344,34.81999969482422,39600
2022-05-10,34.900001525878906,35.11000061035156,33.689998626708984,33.81999969482422,33300
2022-05-11,34.0099983215332,34.70000076293945,33.33000183105469,34.47999954223633,30000
2022-05-12,34.36000061035156,34.43000030517578,33.2599983215332,33.45000076293945,43000
2022-05-13,33.75,33.75,33.04999923706055,33.33000183105469,47400
2022-05-16,33.130001068115234,34.040000915527344,33.130001068115234,33.5,29500
2022-05-17,33.650001525878906,34.0,33.52000045776367,33.849998474121094,35100
2022-05-18,33.709999084472656,33.970001220703125,33.040000915527344,33.189998626708984,40800
2022-05-19,33.18000030517578,33.61000061035156,32.75,32.81999969482422,22300
2022-05-20,32.810001373291016,32.810001373291016,32.290000915527344,32.380001068115234,29800
2022-05-23,32.4900016784668,33.27000045776367,32.4900016784668,32.869998931884766,20400
2022-05-24,32.83000183105469,33.099998474121094,32.27000045776367,32.709999084472656,26800
2022-05-25,32.88999938964844,33.18000030517578,32.70000076293945,33.0099983215332,32400
2022-05-26,33.16999816894531,33.4900016784668,33.150001525878906,33.290000915527344,28600
2022-05-27,33.43000030517578,34.0,33.04999923706055,33.95000076293945,23100
2022-05-31,33.529998779296875,34.529998779296875,33.529998779296875,34.400001525878906,37400
2022-06-01,34.540000915527344,35.22999954223633,34.349998474121094,35.209999084472656,42300
2022-06-02,35.0099983215332,35.369998931884766,34.88999938964844,35.220001220703125,29700
2022-06-03,35.369998931884766,35.880001068115234,35.220001220703125,35.38999938964844,82700
2022-06-06,35.689998626708984,35.91999816894531,35.2599983215332,35.380001068115234,49600
2022-06-07,35.11000061035156,35.220001220703125,33.84000015258789,34.09000015258789,94200
2022-06-08,33.95000076293945,34.31999969482422,33.06999969482422,33.63999938964844,51500
2022-06-09,33.63999938964844,33.91999816894531,33.11000061035156,33.119998931884766,45500
2022-06-10,33.060001373291016,33.150001525878906,32.61000061035156,33.11000061035156,36500
2022-06-13,32.65999984741211,32.68000030517578,31.90999984741211,31.93000030517578,41200
2022-06-14,32.11000061035156,32.31999969482422,31.760000228881836,32.220001220703125,30900
2022-06-15,32.34000015258789,33.08000183105469,32.34000015258789,32.720001220703125,42900
2022-06-16,32.61000061035156,32.61000061035156,31.739999771118164,32.0099983215332,52400
2022-06-17,32.119998931884766,32.529998779296875,31.90999984741211,32.290000915527344,51500
2022-06-21,32.2599983215332,33.279998779296875,32.2599983215332,33.0,63100
2022-06-22,32.75,33.029998779296875,32.36000061035156,32.4900016784668,59500
2022-06-23,32.97999954223633,32.97999954223633,31.420000076293945,31.469999313354492,76600
2022-06-24,31.729999542236328,32.689998626708984,30.510000228881836,30.649999618530273,943900
2022-06-27,30.940000534057617,32.459999084472656,30.940000534057617,32.310001373291016,102300
2022-06-28,32.560001373291016,33.529998779296875,31.90999984741211,32.06999969482422,48900
2022-06-29,32.060001373291016,32.060001373291016,31.15999984741211,31.260000228881836,55500
2022-06-30,31.280000686645508,31.280000686645508,31.059999465942383,31.190000534057617,94500
2022-07-01,31.06999969482422,31.790000915527344,31.06999969482422,31.610000610351562,42400
2022-07-05,31.239999771118164,31.739999771118164,30.8700008392334,31.719999313354492,69400
2022-07-06,31.530000686645508,31.579999923706055,31.059999465942383,31.190000534057617,23500
2022-07-07,31.3700008392334,31.59000015258789,31.010000228881836,31.010000228881836,30100
2022-07-08,31.190000534057617,31.219999313354492,30.809999465942383,31.219999313354492,29800
2022-07-11,31.170000076293945,31.190000534057617,30.8799991607666,31.06999969482422,31500
2022-07-12,31.030000686645508,31.489999771118164,31.030000686645508,31.1200008392334,49500
2022-07-13,31.110000610351562,31.290000915527344,30.65999984741211,30.809999465942383,50000
2022-07-14,30.739999771118164,30.739999771118164,29.850000381469727,30.110000610351562,43200
2022-07-15,30.399999618530273,31.15999984741211,30.260000228881836,31.020000457763672,62600
2022-07-18,31.3799991607666,31.3799991607666,31.06999969482422,31.09000015258789,20700
2022-07-19,31.190000534057617,31.969999313354492,31.190000534057617,31.75,20800
2022-07-20,32.189998626708984,32.189998626708984,31.440000534057617,31.670000076293945,21500
2022-07-21,31.969999313354492,32.150001525878906,31.440000534057617,31.690000534057617,16800
2022-07-22,32.060001373291016,32.08000183105469,31.31999969482422,31.579999923706055,18200
2022-07-25,31.809999465942383,32.150001525878906,31.790000915527344,31.950000762939453,21300
2022-07-26,32.099998474121094,32.220001220703125,31.860000610351562,32.09000015258789,21700
2022-07-27,32.04999923706055,32.29999923706055,31.860000610351562,32.27000045776367,29500
2022-07-28,32.4900016784668,33.380001068115234,31.850000381469727,33.22999954223633,34500
2022-07-29,35.15999984741211,35.41999816894531,33.2599983215332,33.45000076293945,40500
2022-08-01,33.310001373291016,33.349998474121094,32.599998474121094,32.68000030517578,48800
2022-08-02,32.79999923706055,33.119998931884766,32.540000915527344,32.93000030517578,23800
2022-08-03,32.970001220703125,33.529998779296875,32.970001220703125,33.290000915527344,24200
2022-08-04,33.029998779296875,33.130001068115234,32.880001068115234,33.02000045776367,24200
2022-08-05,32.91999816894531,33.310001373291016,32.77000045776367,33.18000030517578,27700
2022-08-08,33.45000076293945,34.119998931884766,33.15999984741211,34.02000045776367,46000
2022-08-09,34.119998931884766,34.689998626708984,34.119998931884766,34.54999923706055,26000
2022-08-10,34.810001373291016,34.939998626708984,34.38999938964844,34.470001220703125,14700
2022-08-11,34.56999969482422,34.95000076293945,34.43000030517578,34.880001068115234,15000
2022-08-12,34.900001525878906,35.779998779296875,34.900001525878906,35.5,18600
2022-08-15,35.25,35.810001373291016,35.099998474121094,35.810001373291016,20100
2022-08-16,35.72999954223633,36.58000183105469,35.72999954223633,36.40999984741211,16500
2022-08-17,36.16999816894531,36.27000045776367,35.810001373291016,35.84000015258789,21800
2022-08-18,36.040000915527344,36.5099983215332,35.75,36.18000030517578,20800
2022-08-19,36.119998931884766,36.130001068115234,35.34000015258789,35.959999084472656,45500
2022-08-22,35.75,35.75,35.18000030517578,35.279998779296875,18000
2022-08-23,35.349998474121094,35.40999984741211,34.7599983215332,34.77000045776367,11300
2022-08-24,34.380001068115234,34.380001068115234,33.959999084472656,34.099998474121094,10800
2022-08-25,33.93000030517578,34.4900016784668,33.93000030517578,34.4900016784668,14500
2022-08-26,34.81999969482422,34.81999969482422,33.619998931884766,33.779998779296875,14700
2022-08-29,33.63999938964844,33.849998474121094,33.310001373291016,33.630001068115234,15900
2022-08-30,33.77000045776367,33.779998779296875,33.47999954223633,33.59000015258789,20000
2022-08-31,33.59000015258789,33.70000076293945,33.209999084472656,33.279998779296875,16500
2022-09-01,33.209999084472656,33.5,33.040000915527344,33.400001525878906,13800
2022-09-02,33.529998779296875,33.84000015258789,33.209999084472656,33.279998779296875,12000
2022-09-06,33.560001373291016,33.70000076293945,32.43000030517578,32.86000061035156,19700
2022-09-07,32.5,33.0099983215332,32.5,33.0099983215332,17200
2022-09-08,32.90999984741211,33.18000030517578,32.369998931884766,33.06999969482422,13800
2022-09-09,33.5,33.720001220703125,33.189998626708984,33.560001373291016,17400
2022-09-12,33.599998474121094,33.93000030517578,33.029998779296875,33.900001525878906,21600
2022-09-13,33.70000076293945,33.70000076293945,32.779998779296875,32.86000061035156,17800
2022-09-14,33.04999923706055,33.2599983215332,32.779998779296875,33.25,22200
2022-09-15,33.41999816894531,33.83000183105469,33.400001525878906,33.54999923706055,20600
2022-09-16,33.5,35.279998779296875,33.29999923706055,34.790000915527344,103200
2022-09-19,34.36000061035156,34.54999923706055,33.91999816894531,34.36000061035156,19900
2022-09-20,34.040000915527344,34.70000076293945,34.040000915527344,34.54999923706055,17600
2022-09-21,34.650001525878906,34.650001525878906,33.81999969482422,33.81999969482422,13700
2022-09-22,33.5,34.09000015258789,33.34000015258789,33.959999084472656,30300
2022-09-23,33.54999923706055,33.959999084472656,33.02000045776367,33.31999969482422,15900
2022-09-26,33.29999923706055,33.400001525878906,32.90999984741211,33.11000061035156,11100
2022-09-27,33.43000030517578,33.43000030517578,32.09000015258789,32.470001220703125,16300
2022-09-28,32.68000030517578,33.29999923706055,32.439998626708984,32.95000076293945,17400
2022-09-29,32.81999969482422,32.81999969482422,32.16999816894531,32.4900016784668,8400
2022-09-30,32.45000076293945,32.86000061035156,32.310001373291016,32.310001373291016,16200
2022-10-03,32.790000915527344,33.2400016784668,32.40999984741211,33.099998474121094,11800
2022-10-04,33.279998779296875,34.220001220703125,32.93000030517578,33.900001525878906,26200
2022-10-05,33.77000045776367,34.29999923706055,33.77000045776367,34.060001373291016,15000
2022-10-06,34.04999923706055,34.04999923706055,33.29999923706055,33.40999984741211,12400
2022-10-07,33.349998474121094,33.41999816894531,32.83000183105469,33.06999969482422,11800
2022-10-10,33.130001068115234,33.4900016784668,32.86000061035156,33.41999816894531,9400
2022-10-11,32.38999938964844,33.970001220703125,32.38999938964844,33.529998779296875,17900
2022-10-12,33.599998474121094,33.599998474121094,33.11000061035156,33.439998626708984,9100
2022-10-13,33.13999938964844,34.56999969482422,33.119998931884766,34.369998931884766,27300
2022-10-14,34.130001068115234,34.689998626708984,34.06999969482422,34.2400016784668,19700
2022-10-17,34.619998931884766,36.91999816894531,34.13999938964844,34.66999816894531,23900
2022-10-18,34.93000030517578,35.529998779296875,34.220001220703125,34.380001068115234,30000
2022-10-19,34.369998931884766,34.70000076293945,33.849998474121094,34.400001525878906,23000
2022-10-20,34.5,34.5,33.290000915527344,33.529998779296875,15700
2022-10-21,33.83000183105469,34.150001525878906,33.459999084472656,33.4900016784668,71600
2022-10-24,33.83000183105469,34.560001373291016,33.40999984741211,34.029998779296875,24700
2022-10-25,33.9900016784668,34.68000030517578,33.70000076293945,34.599998474121094,37200
2022-10-26,34.689998626708984,35.72999954223633,34.650001525878906,35.36000061035156,23500
2022-10-27,35.15999984741211,35.599998474121094,35.0099983215332,35.290000915527344,18900
2022-10-28,36.06999969482422,36.7400016784668,34.58000183105469,36.650001525878906,29100
2022-10-31,36.650001525878906,38.33000183105469,35.97999954223633,38.150001525878906,28400
2022-11-01,38.16999816894531,39.27000045776367,37.06999969482422,38.72999954223633,26300
2022-11-02,38.54999923706055,39.119998931884766,38.08000183105469,38.290000915527344,31400
2022-11-03,38.0099983215332,38.189998626708984,37.13999938964844,37.40999984741211,42700
2022-11-04,37.540000915527344,38.7599983215332,37.540000915527344,38.7599983215332,18100
2022-11-07,38.68000030517578,38.91999816894531,37.88999938964844,38.90999984741211,23300
2022-11-08,38.810001373291016,39.58000183105469,38.810001373291016,39.13999938964844,20200
2022-11-09,38.939998626708984,39.20000076293945,38.709999084472656,38.83000183105469,14200
2022-11-10,39.4900016784668,39.7400016784668,38.36000061035156,39.349998474121094,39100
2022-11-11,39.439998626708984,39.439998626708984,37.959999084472656,39.22999954223633,28400
2022-11-14,39.16999816894531,39.47999954223633,38.9900016784668,38.9900016784668,15400
2022-11-15,38.43000030517578,39.189998626708984,38.43000030517578,38.95000076293945,14500
2022-11-16,38.5099983215332,39.040000915527344,38.5099983215332,38.90999984741211,11000
2022-11-17,38.68000030517578,39.27000045776367,38.65999984741211,39.25,12700
2022-11-18,39.439998626708984,39.65999984741211,39.349998474121094,39.38999938964844,16200
2022-11-21,39.29999923706055,39.599998474121094,39.29999923706055,39.540000915527344,15500
2022-11-22,39.52000045776367,39.880001068115234,39.5,39.59000015258789,19200
2022-11-23,39.470001220703125,39.59000015258789,39.02000045776367,39.16999816894531,15100
2022-11-25,39.150001525878906,39.20000076293945,38.900001525878906,39.150001525878906,10200
2022-11-28,38.7599983215332,38.970001220703125,38.45000076293945,38.4900016784668,15600
2022-11-29,38.5,38.52000045776367,38.11000061035156,38.36000061035156,17100
2022-11-30,38.209999084472656,38.43000030517578,37.36000061035156,38.31999969482422,25000
2022-12-01,38.119998931884766,38.599998474121094,38.0,38.470001220703125,28100
2022-12-02,38.41999816894531,39.0,38.33000183105469,38.91999816894531,19200
2022-12-05,38.380001068115234,38.630001068115234,37.439998626708984,37.66999816894531,14300
2022-12-06,37.7599983215332,37.7599983215332,37.209999084472656,37.65999984741211,30100
2022-12-07,37.34000015258789,37.70000076293945,37.34000015258789,37.47999954223633,18400
2022-12-08,37.5,37.529998779296875,37.310001373291016,37.47999954223633,20200
2022-12-09,37.45000076293945,37.66999816894531,37.20000076293945,37.560001373291016,16300
2022-12-12,37.599998474121094,38.060001373291016,37.400001525878906,37.91999816894531,20400
2022-12-13,38.099998474121094,38.5,37.650001525878906,37.790000915527344,24100
2022-12-14,37.58000183105469,37.869998931884766,37.45000076293945,37.45000076293945,20500
2022-12-15,37.22999954223633,37.22999954223633,35.61000061035156,35.900001525878906,22500
2022-12-16,35.369998931884766,37.34000015258789,34.9900016784668,37.18000030517578,128600
2022-12-19,36.970001220703125,37.099998474121094,35.9900016784668,36.150001525878906,32500
2022-12-20,35.9900016784668,36.31999969482422,35.91999816894531,36.22999954223633,21900
2022-12-21,36.20000076293945,37.04999923706055,36.16999816894531,36.83000183105469,15100
2022-12-22,36.720001220703125,36.720001220703125,35.790000915527344,36.099998474121094,33600
2022-12-23,35.95000076293945,36.54999923706055,35.90999984741211,36.45000076293945,20900
2022-12-27,36.599998474121094,36.83000183105469,36.470001220703125,36.54999923706055,14100
2022-12-28,36.59000015258789,36.59000015258789,36.040000915527344,36.16999816894531,12300
2022-12-29,36.119998931884766,36.720001220703125,36.099998474121094,36.65999984741211,14800
2022-12-30,36.599998474121094,36.88999938964844,36.29999923706055,36.54999923706055,63100
2023-01-03,36.5099983215332,36.77000045776367,35.88999938964844,36.2400016784668,24900
2023-01-04,36.349998474121094,36.68000030517578,36.06999969482422,36.150001525878906,17000
2023-01-05,36.08000183105469,36.08000183105469,35.689998626708984,35.79999923706055,14700
2023-01-06,35.79999923706055,35.970001220703125,35.349998474121094,35.95000076293945,65200
2023-01-09,36.060001373291016,36.060001373291016,34.939998626708984,34.939998626708984,18700
2023-01-10,34.7400016784668,35.09000015258789,34.7400016784668,35.0,20600
2023-01-11,35.150001525878906,35.150001525878906,34.84000015258789,34.90999984741211,15700
2023-01-12,35.119998931884766,35.38999938964844,34.900001525878906,35.27000045776367,31100
2023-01-13,35.029998779296875,35.619998931884766,34.939998626708984,35.56999969482422,16700
2023-01-17,35.45000076293945,35.58000183105469,35.38999938964844,35.459999084472656,13900
2023-01-18,35.279998779296875,35.279998779296875,33.22999954223633,33.459999084472656,40200
2023-01-19,33.22999954223633,33.22999954223633,32.560001373291016,32.849998474121094,50500
2023-01-20,33.08000183105469,33.93000030517578,32.849998474121094,33.93000030517578,23800
2023-01-23,33.970001220703125,34.13999938964844,33.599998474121094,33.83000183105469,19800
2023-01-24,33.47999954223633,34.029998779296875,33.279998779296875,33.72999954223633,9300
2023-01-25,33.7599983215332,33.779998779296875,33.529998779296875,33.75,7800
2023-01-26,34.0099983215332,34.0099983215332,33.290000915527344,33.41999816894531,13300
2023-01-27,33.869998931884766,35.119998931884766,33.869998931884766,34.47999954223633,23000
2023-01-30,34.61000061035156,35.099998474121094,34.369998931884766,34.7599983215332,23600
2023-01-31,35.029998779296875,35.849998474121094,34.869998931884766,35.79999923706055,18000
2023-02-01,35.90999984741211,36.279998779296875,35.619998931884766,35.849998474121094,22900
2023-02-02,36.040000915527344,36.150001525878906,35.47999954223633,35.95000076293945,18500
2023-02-03,35.31999969482422,36.47999954223633,35.11000061035156,36.36000061035156,19500
2023-02-06,36.36000061035156,36.5,35.900001525878906,36.38999938964844,20300
2023-02-07,36.2400016784668,37.2599983215332,36.2400016784668,36.84000015258789,19900
2023-02-08,36.88999938964844,37.0,36.16999816894531,36.380001068115234,10700
2023-02-09,36.540000915527344,36.540000915527344,35.540000915527344,35.709999084472656,12300
2023-02-10,35.52000045776367,36.04999923706055,35.52000045776367,35.849998474121094,10700
2023-02-13,36.099998474121094,37.16999816894531,35.849998474121094,36.95000076293945,23200
2023-02-14,37.0099983215332,37.0099983215332,36.40999984741211,36.43000030517578,16900
2023-02-15,36.599998474121094,36.619998931884766,35.900001525878906,36.380001068115234,12900
2023-02-16,36.380001068115234,36.810001373291016,36.02000045776367,36.41999816894531,24900
2023-02-17,36.4900016784668,37.290000915527344,36.33000183105469,37.060001373291016,28300
2023-02-21,36.470001220703125,36.65999984741211,36.209999084472656,36.310001373291016,24100
2023-02-22,36.220001220703125,36.34000015258789,35.81999969482422,35.900001525878906,14000
2023-02-23,36.20000076293945,36.20000076293945,35.75,35.91999816894531,8100
2023-02-24,35.540000915527344,35.650001525878906,34.91999816894531,35.54999923706055,34400
2023-02-27,34.63999938964844,35.790000915527344,34.63999938964844,35.470001220703125,8200
2023-02-28,35.400001525878906,35.7400016784668,35.400001525878906,35.41999816894531,11600
2023-03-01,35.31999969482422,35.65999984741211,35.15999984741211,35.349998474121094,14300
2023-03-02,35.88999938964844,35.88999938964844,35.20000076293945,35.54999923706055,17400
2023-03-03,35.470001220703125,35.91999816894531,35.45000076293945,35.83000183105469,9700
2023-03-06,36.08000183105469,36.540000915527344,35.5,35.540000915527344,34000
2023-03-07,35.529998779296875,35.59000015258789,35.08000183105469,35.099998474121094,21500
2023-03-08,35.0099983215332,35.209999084472656,34.880001068115234,35.209999084472656,12400
2023-03-09,34.900001525878906,34.900001525878906,33.220001220703125,33.279998779296875,26100
2023-03-10,33.29999923706055,33.29999923706055,32.04999923706055,32.560001373291016,32300
2023-03-13,31.520000457763672,31.520000457763672,29.610000610351562,30.209999084472656,57400
2023-03-14,31.149999618530273,32.540000915527344,30.5,30.979999542236328,62900
2023-03-15,30.100000381469727,31.15999984741211,30.100000381469727,30.709999084472656,31600
2023-03-16,30.389999389648438,31.93000030517578,30.260000228881836,31.25,43000
2023-03-17,31.1299991607666,31.1299991607666,30.1299991607666,30.649999618530273,69700
2023-03-20,30.969999313354492,31.399999618530273,30.520000457763672,30.920000076293945,17100
2023-03-21,31.510000228881836,32.220001220703125,31.18000030517578,31.899999618530273,20300
2023-03-22,32.16999816894531,32.16999816894531,30.739999771118164,30.799999237060547,20200
2023-03-23,31.219999313354492,31.5,30.010000228881836,30.1200008392334,27600
2023-03-24,29.860000610351562,30.809999465942383,29.860000610351562,30.56999969482422,17100
2023-03-27,31.139999389648438,31.75,30.329999923706055,31.139999389648438,17400
2023-03-28,31.049999237060547,31.459999084472656,30.520000457763672,30.969999313354492,10300
2023-03-29,31.049999237060547,31.219999313354492,30.8799991607666,31.190000534057617,6900
2023-03-30,31.5,31.6200008392334,30.020000457763672,30.170000076293945,14300
2023-03-31,31.299999237060547,31.299999237060547,30.170000076293945,30.510000228881836,13700
2023-04-03,30.309999465942383,30.940000534057617,29.8700008392334,30.700000762939453,14800
2023-04-04,30.719999313354492,30.719999313354492,29.56999969482422,30.049999237060547,18600
2023-04-05,29.950000762939453,29.950000762939453,29.729999542236328,29.729999542236328,9800
2023-04-06,29.700000762939453,30.260000228881836,29.350000381469727,29.40999984741211,16600
2023-04-10,29.549999237060547,29.780000686645508,28.0,29.09000015258789,26500
2023-04-11,29.149999618530273,29.200000762939453,28.899999618530273,29.059999465942383,18500
2023-04-12,28.940000534057617,28.940000534057617,28.559999465942383,28.6200008392334,9000
2023-04-13,28.65999984741211,28.8799991607666,28.350000381469727,28.75,16700
2023-04-14,29.100000381469727,29.100000381469727,28.110000610351562,28.610000610351562,16700
2023-04-17,28.549999237060547,29.1299991607666,28.3799991607666,29.1299991607666,12200
2023-04-18,29.200000762939453,29.200000762939453,28.760000228881836,28.959999084472656,16600
2023-04-19,29.049999237060547,29.8799991607666,29.049999237060547,29.670000076293945,6700
2023-04-20,29.639999389648438,29.639999389648438,29.0,29.34000015258789,11000
2023-04-21,29.15999984741211,29.59000015258789,29.0,29.049999237060547,9200
2023-04-24,28.899999618530273,29.079999923706055,28.280000686645508,28.309999465942383,12900
2023-04-25,28.149999618530273,28.5,27.950000762939453,27.950000762939453,15600
2023-04-26,27.709999084472656,28.399999618530273,27.709999084472656,28.209999084472656,21300
2023-04-27,28.860000610351562,28.979999542236328,28.43000030517578,28.780000686645508,7100
2023-04-28,29.450000762939453,29.940000534057617,28.540000915527344,28.690000534057617,11700
2023-05-01,28.5,29.290000915527344,27.309999465942383,27.5,21900
2023-05-02,27.40999984741211,29.34000015258789,25.670000076293945,26.049999237060547,25600
2023-05-03,26.170000076293945,27.280000686645508,25.959999084472656,26.1200008392334,21000
2023-05-04,25.84000015258789,26.350000381469727,25.25,25.770000457763672,27300
2023-05-05,26.0,26.290000915527344,25.559999465942383,26.020000457763672,16800
2023-05-08,25.739999771118164,26.790000915527344,25.100000381469727,25.3799991607666,21000
2023-05-09,25.489999771118164,25.489999771118164,24.670000076293945,25.31999969482422,7500
2023-05-10,25.739999771118164,25.739999771118164,25.030000686645508,25.559999465942383,15700
2023-05-11,25.3799991607666,25.549999237060547,24.989999771118164,25.239999771118164,8400
2023-05-12,25.020000457763672,25.350000381469727,24.56999969482422,25.239999771118164,10100
2023-05-15,25.209999084472656,25.8700008392334,25.010000228881836,25.450000762939453,10600
2023-05-16,25.5,25.84000015258789,25.399999618530273,25.510000228881836,8900
2023-05-17,25.6200008392334,26.65999984741211,25.6200008392334,26.56999969482422,10600
2023-05-18,26.760000228881836,27.469999313354492,25.8700008392334,27.1299991607666,15700
2023-05-19,27.530000686645508,28.149999618530273,26.719999313354492,26.75,17400
2023-05-22,26.6299991607666,27.389999389648438,26.6299991607666,27.299999237060547,7700
2023-05-23,27.329999923706055,28.299999237060547,27.329999923706055,28.059999465942383,7800
2023-05-24,27.399999618530273,28.389999389648438,27.399999618530273,28.059999465942383,16500
2023-05-25,27.950000762939453,28.0,27.139999389648438,27.350000381469727,13200
2023-05-26,27.31999969482422,27.790000915527344,27.25,27.649999618530273,5500
2023-05-30,27.540000915527344,28.1299991607666,27.079999923706055,27.5,7800
2023-05-31,27.260000228881836,27.260000228881836,26.559999465942383,26.770000457763672,12600
2023-06-01,27.06999969482422,27.540000915527344,26.889999389648438,26.889999389648438,10100
2023-06-02,27.350000381469727,28.729999542236328,27.350000381469727,28.510000228881836,11900
2023-06-05,28.540000915527344,28.540000915527344,27.270000457763672,27.360000610351562,7700
2023-06-06,27.559999465942383,29.450000762939453,27.040000915527344,29.290000915527344,23900
2023-06-07,29.530000686645508,31.290000915527344,29.40999984741211,31.059999465942383,42100
2023-06-08,31.290000915527344,31.299999237060547,30.600000381469727,30.989999771118164,8900
2023-06-09,30.639999389648438,30.639999389648438,30.059999465942383,30.100000381469727,5800
2023-06-12,30.5,31.34000015258789,30.290000915527344,30.610000610351562,35600
2023-06-13,31.209999084472656,31.479999542236328,31.0,31.3700008392334,35300
2023-06-14,32.0,32.0,29.75,30.110000610351562,16300
2023-06-15,30.1299991607666,30.75,29.829999923706055,30.190000534057617,27100
2023-06-16,30.469999313354492,30.719999313354492,29.700000762939453,29.969999313354492,23600
2023-06-20,29.969999313354492,30.56999969482422,29.6200008392334,30.43000030517578,15100
2023-06-21,30.40999984741211,30.760000228881836,30.15999984741211,30.15999984741211,5500
2023-06-22,30.209999084472656,30.309999465942383,29.34000015258789,29.59000015258789,6000
2023-06-23,29.260000228881836,29.649999618530273,28.59000015258789,29.290000915527344,59500
2023-06-26,29.079999923706055,29.65999984741211,29.040000915527344,29.25,7900
2023-06-27,29.489999771118164,29.940000534057617,29.299999237060547,29.440000534057617,11900
2023-06-28,29.40999984741211,29.600000381469727,29.06999969482422,29.5,7200
2023-06-29,29.600000381469727,29.959999084472656,29.440000534057617,29.799999237060547,4300
2023-06-30,29.889999389648438,29.889999389648438,29.09000015258789,29.489999771118164,10400
2023-07-03,29.209999084472656,29.969999313354492,29.209999084472656,29.969999313354492,3200
2023-07-05,29.950000762939453,30.149999618530273,29.360000610351562,29.360000610351562,10700
2023-07-06,29.190000534057617,29.200000762939453,28.399999618530273,28.950000762939453,11200
2023-07-07,29.18000030517578,29.600000381469727,29.18000030517578,29.600000381469727,34400
2023-07-10,30.219999313354492,30.219999313354492,29.299999237060547,29.829999923706055,13200
2023-07-11,29.860000610351562,29.899999618530273,28.8799991607666,29.09000015258789,16700
2023-07-12,29.5,30.200000762939453,29.229999542236328,29.420000076293945,10700
2023-07-13,29.920000076293945,29.979999542236328,29.829999923706055,29.829999923706055,2300
2023-07-14,29.959999084472656,29.959999084472656,29.309999465942383,29.34000015258789,7300
2023-07-17,29.700000762939453,30.239999771118164,29.700000762939453,29.920000076293945,10100
2023-07-18,29.950000762939453,31.40999984741211,29.600000381469727,31.290000915527344,9400
2023-07-19,31.15999984741211,32.0,31.049999237060547,32.0,9300
2023-07-20,31.889999389648438,32.5,31.350000381469727,32.5,15700
2023-07-21,32.5,32.5,31.84000015258789,32.11000061035156,18400
2023-07-24,32.33000183105469,32.939998626708984,32.33000183105469,32.70000076293945,5300
2023-07-25,32.61000061035156,33.77000045776367,32.56999969482422,33.060001373291016,13800
2023-07-26,33.36000061035156,34.47999954223633,33.36000061035156,34.04999923706055,14100
2023-07-27,34.04999923706055,34.34000015258789,33.630001068115234,33.9900016784668,11400
2023-07-28,34.0,34.189998626708984,33.97999954223633,34.15999984741211,9200
2023-07-31,34.25,34.25,32.810001373291016,33.9900016784668,15500
2023-08-01,33.720001220703125,33.9900016784668,33.099998474121094,33.880001068115234,8700
2023-08-02,33.70000076293945,34.40999984741211,33.2400016784668,33.90999984741211,15100
2023-08-03,34.16999816894531,35.040000915527344,34.08000183105469,34.59000015258789,9200
2023-08-04,34.439998626708984,34.439998626708984,33.7599983215332,33.880001068115234,7500
2023-08-07,33.029998779296875,34.59000015258789,33.029998779296875,34.29999923706055,9800
2023-08-08,33.5099983215332,34.47999954223633,33.400001525878906,34.349998474121094,6600
2023-08-09,34.439998626708984,34.47999954223633,34.209999084472656,34.209999084472656,6900
2023-08-10,33.83000183105469,33.83000183105469,33.61000061035156,33.61000061035156,4900
2023-08-11,33.59000015258789,33.59000015258789,33.38999938964844,33.540000915527344,7300
2023-08-14,33.5,33.5,32.5,33.099998474121094,9500
2023-08-15,33.0099983215332,33.15999984741211,32.54999923706055,32.77000045776367,6000
2023-08-16,32.0,32.7599983215332,32.0,32.099998474121094,3400
2023-08-17,32.95000076293945,33.709999084472656,32.290000915527344,32.310001373291016,7600
2023-08-18,32.16999816894531,32.709999084472656,30.969999313354492,31.149999618530273,33000
2023-08-21,31.260000228881836,31.81999969482422,31.040000915527344,31.81999969482422,8100
2023-08-22,31.899999618530273,33.0,31.15999984741211,32.52000045776367,39100
2023-08-23,32.79999923706055,32.83000183105469,32.20000076293945,32.20000076293945,7000
2023-08-24,32.099998474121094,32.380001068115234,31.75,31.889999389648438,10300
2023-08-25,31.610000610351562,32.209999084472656,31.540000915527344,31.850000381469727,7400
2023-08-28,31.850000381469727,32.63999938964844,31.850000381469727,32.31999969482422,11900
2023-08-29,32.189998626708984,32.279998779296875,31.100000381469727,31.68000030517578,52900
2023-08-30,31.34000015258789,31.559999465942383,30.899999618530273,30.899999618530273,15000
2023-08-31,31.149999618530273,31.530000686645508,30.899999618530273,31.530000686645508,21700
2023-09-01,31.530000686645508,32.790000915527344,31.530000686645508,32.68000030517578,12800
2023-09-05,32.2599983215332,32.2599983215332,31.5,31.5,8300
2023-09-06,30.459999084472656,31.889999389648438,30.459999084472656,30.8700008392334,15600
2023-09-07,30.979999542236328,31.68000030517578,30.889999389648438,31.100000381469727,55200
2023-09-08,31.3799991607666,31.639999389648438,31.059999465942383,31.43000030517578,8100
2023-09-11,31.799999237060547,31.799999237060547,30.719999313354492,31.049999237060547,9100
2023-09-12,30.969999313354492,31.3700008392334,30.899999618530273,30.899999618530273,5900
2023-09-13,31.049999237060547,31.049999237060547,30.510000228881836,30.579999923706055,6900
2023-09-14,30.719999313354492,31.030000686645508,30.610000610351562,31.030000686645508,8600
2023-09-15,31.040000915527344,31.040000915527344,30.559999465942383,30.559999465942383,33200
2023-09-18,30.40999984741211,31.3700008392334,30.149999618530273,30.149999618530273,12900
2023-09-19,29.829999923706055,30.270000457763672,29.760000228881836,29.93000030517578,13200
2023-09-20,30.829999923706055,30.829999923706055,30.040000915527344,30.059999465942383,4700
2023-09-21,30.040000915527344,30.09000015258789,30.040000915527344,30.09000015258789,6300
2023-09-22,29.979999542236328,29.979999542236328,29.75,29.75,6200
2023-09-25,29.84000015258789,29.860000610351562,29.600000381469727,29.6200008392334,5300
2023-09-26,29.84000015258789,29.940000534057617,29.459999084472656,29.459999084472656,19600
2023-09-27,29.520000457763672,29.530000686645508,29.520000457763672,29.530000686645508,4600
2023-09-28,29.799999237060547,29.920000076293945,29.6299991607666,29.6299991607666,7600
2023-09-29,29.739999771118164,30.010000228881836,29.690000534057617,30.010000228881836,8900
2023-10-02,29.790000915527344,29.790000915527344,29.639999389648438,29.65999984741211,5500
2023-10-03,29.260000228881836,29.559999465942383,29.260000228881836,29.280000686645508,7500
2023-10-04,29.31999969482422,29.65999984741211,29.280000686645508,29.309999465942383,12200
2023-10-05,30.010000228881836,30.139999389648438,29.719999313354492,30.1200008392334,12000
2023-10-06,29.829999923706055,30.5,29.829999923706055,30.149999618530273,10600
2023-10-09,29.93000030517578,30.43000030517578,29.93000030517578,29.959999084472656,8800
2023-10-10,29.959999084472656,30.780000686645508,29.950000762939453,30.469999313354492,8800
2023-10-11,30.950000762939453,31.200000762939453,30.920000076293945,31.06999969482422,7000
2023-10-12,30.989999771118164,30.989999771118164,30.65999984741211,30.829999923706055,6400
2023-10-13,30.809999465942383,30.809999465942383,29.8799991607666,30.25,9200
2023-10-16,30.149999618530273,30.5,30.0,30.360000610351562,10500
2023-10-17,30.360000610351562,31.149999618530273,30.18000030517578,30.43000030517578,14400
2023-10-18,30.540000915527344,30.540000915527344,29.670000076293945,29.920000076293945,8400
2023-10-19,30.0,30.0,29.450000762939453,29.450000762939453,7900
2023-10-20,29.600000381469727,29.709999084472656,28.959999084472656,29.399999618530273,11000
2023-10-23,28.360000610351562,29.760000228881836,28.360000610351562,29.459999084472656,8700
2023-10-24,28.5,29.700000762939453,28.5,29.700000762939453,7800
2023-10-25,29.739999771118164,29.850000381469727,28.670000076293945,29.280000686645508,16200
2023-10-26,29.829999923706055,30.350000381469727,29.829999923706055,30.350000381469727,6400
2023-10-27,29.56999969482422,30.020000457763672,29.329999923706055,29.600000381469727,6200
2023-10-30,30.440000534057617,31.489999771118164,29.799999237060547,30.610000610351562,18200
2023-10-31,30.5,31.079999923706055,30.5,30.700000762939453,6400
2023-11-01,30.690000534057617,31.34000015258789,30.690000534057617,31.079999923706055,7600
2023-11-02,31.479999542236328,32.47999954223633,31.389999389648438,32.130001068115234,7200
2023-11-03,32.9900016784668,33.43000030517578,32.709999084472656,33.0,15800
2023-11-06,33.20000076293945,33.20000076293945,31.829999923706055,32.20000076293945,17300
2023-11-07,32.220001220703125,32.220001220703125,31.709999084472656,31.969999313354492,4500
2023-11-08,31.889999389648438,31.889999389648438,31.530000686645508,31.8799991607666,6900
2023-11-09,31.899999618530273,32.2599983215332,31.899999618530273,32.2599983215332,4800
2023-11-10,32.279998779296875,32.47999954223633,32.279998779296875,32.470001220703125,5800
2023-11-13,32.470001220703125,32.599998474121094,32.310001373291016,32.310001373291016,5400
2023-11-14,33.4900016784668,35.689998626708984,33.4900016784668,35.29999923706055,17500
2023-11-15,34.689998626708984,35.09000015258789,34.0,34.029998779296875,9500
2023-11-16,34.380001068115234,34.90999984741211,33.40999984741211,34.29999923706055,5800
2023-11-17,34.84000015258789,35.27000045776367,34.099998474121094,35.09000015258789,19400
2023-11-20,34.08000183105469,34.88999938964844,34.08000183105469,34.27000045776367,5300
2023-11-21,33.709999084472656,34.4900016784668,33.150001525878906,33.63999938964844,7800
2023-11-22,34.0,34.279998779296875,34.0,34.279998779296875,4100
2023-11-24,34.279998779296875,34.279998779296875,34.04999923706055,34.04999923706055,2600
2023-11-27,33.470001220703125,34.040000915527344,33.470001220703125,34.029998779296875,8200
2023-11-28,34.040000915527344,34.06999969482422,33.59000015258789,33.779998779296875,8300
2023-11-29,34.060001373291016,34.65999984741211,33.97999954223633,34.5,9800
2023-11-30,34.95000076293945,35.150001525878906,34.63999938964844,34.97999954223633,8600
2023-12-01,35.25,36.5,35.11000061035156,35.9900016784668,14900
2023-12-04,36.20000076293945,36.7400016784668,35.369998931884766,36.7400016784668,7500
2023-12-05,35.959999084472656,36.36000061035156,35.599998474121094,35.650001525878906,14900
2023-12-06,35.849998474121094,36.20000076293945,34.599998474121094,35.099998474121094,8200
2023-12-07,34.7400016784668,35.400001525878906,34.7400016784668,35.400001525878906,8100
2023-12-08,35.459999084472656,36.0,35.41999816894531,35.93000030517578,4100
2023-12-11,35.91999816894531,36.099998474121094,35.16999816894531,35.599998474121094,19200
2023-12-12,35.650001525878906,35.650001525878906,34.7400016784668,35.119998931884766,12800
2023-12-13,35.459999084472656,37.150001525878906,35.36000061035156,37.150001525878906,19500
2023-12-14,37.58000183105469,37.58000183105469,36.54999923706055,36.86000061035156,26900
2023-12-15,37.0099983215332,38.7400016784668,36.220001220703125,38.650001525878906,69500
2023-12-18,38.540000915527344,39.849998474121094,38.0099983215332,39.689998626708984,20900
2023-12-19,39.47999954223633,39.93000030517578,39.380001068115234,39.65999984741211,27700
2023-12-20,39.209999084472656,40.08000183105469,38.9900016784668,39.04999923706055,66500
2023-12-21,39.290000915527344,39.959999084472656,38.20000076293945,39.54999923706055,22500
2023-12-22,39.54999923706055,40.59000015258789,39.47999954223633,39.650001525878906,18000
2023-12-26,39.63999938964844,40.66999816894531,38.880001068115234,40.25,15200
2023-12-27,40.47999954223633,40.70000076293945,40.0099983215332,40.4900016784668,12700
2023-12-28,40.45000076293945,41.029998779296875,40.45000076293945,41.029998779296875,9400
2023-12-29,41.0,41.0,40.099998474121094,40.099998474121094,5900
2024-01-02,39.68000030517578,40.63999938964844,39.68000030517578,40.439998626708984,21000
2024-01-03,40.36000061035156,40.5,38.77000045776367,38.91999816894531,14800
2024-01-04,39.119998931884766,39.4900016784668,38.810001373291016,38.810001373291016,11800
2024-01-05,38.41999816894531,39.29999923706055,37.9900016784668,38.20000076293945,32200
2024-01-08,37.900001525878906,38.43000030517578,37.11000061035156,38.2400016784668,31500
2024-01-09,37.709999084472656,38.27000045776367,37.709999084472656,38.0,8900
2024-01-10,37.45000076293945,37.720001220703125,37.04999923706055,37.599998474121094,15000
2024-01-11,37.56999969482422,37.900001525878906,37.08000183105469,37.279998779296875,11600
2024-01-12,37.709999084472656,37.709999084472656,36.15999984741211,36.47999954223633,11200
2024-01-16,36.040000915527344,36.20000076293945,35.40999984741211,35.939998626708984,16900
2024-01-17,36.20000076293945,37.08000183105469,35.70000076293945,36.83000183105469,18800
2024-01-18,36.20000076293945,37.849998474121094,35.56999969482422,37.29999923706055,9700
2024-01-19,37.5099983215332,37.88999938964844,36.790000915527344,37.5,11300
2024-01-22,37.81999969482422,38.869998931884766,37.709999084472656,38.540000915527344,13400
2024-01-23,38.9900016784668,39.220001220703125,37.52000045776367,37.599998474121094,11400
2024-01-24,38.15999984741211,38.689998626708984,37.810001373291016,38.13999938964844,8800
2024-01-25,37.38999938964844,38.88999938964844,37.38999938964844,38.869998931884766,12000
2024-01-26,39.4900016784668,39.88999938964844,39.4900016784668,39.560001373291016,6400
2024-01-29,39.150001525878906,39.68000030517578,38.209999084472656,38.779998779296875,9600
2024-01-30,38.0099983215332,39.08000183105469,38.0099983215332,38.58000183105469,7400
2024-01-31,38.0,38.29999923706055,36.459999084472656,36.77000045776367,10600
2024-02-01,36.81999969482422,36.81999969482422,35.45000076293945,35.709999084472656,17200
2024-02-02,35.31999969482422,36.47999954223633,34.41999816894531,35.209999084472656,17700
2024-02-05,34.869998931884766,35.43000030517578,34.5,34.52000045776367,12000
2024-02-06,34.540000915527344,35.220001220703125,33.810001373291016,34.02000045776367,15300
2024-02-07,33.150001525878906,34.029998779296875,32.77000045776367,33.380001068115234,31000
2024-02-08,33.36000061035156,34.459999084472656,33.36000061035156,34.25,8400
2024-02-09,34.29999923706055,35.47999954223633,34.20000076293945,35.11000061035156,15400
2024-02-12,35.27000045776367,36.27000045776367,35.27000045776367,35.83000183105469,15100
2024-02-13,35.119998931884766,35.119998931884766,33.599998474121094,33.599998474121094,26300
2024-02-14,33.7400016784668,35.72999954223633,33.7400016784668,35.18000030517578,16400
2024-02-15,35.41999816894531,37.95000076293945,35.41999816894531,37.34000015258789,20400
2024-02-16,37.20000076293945,38.06999969482422,36.060001373291016,36.060001373291016,11000
2024-02-20,36.0,36.18000030517578,36.0,36.0099983215332,7800
2024-02-21,35.63999938964844,37.97999954223633,34.77000045776367,35.619998931884766,9700
2024-02-22,35.40999984741211,36.560001373291016,34.040000915527344,35.20000076293945,20700
2024-02-23,33.93000030517578,35.97999954223633,33.93000030517578,35.400001525878906,17500
2024-02-26,35.060001373291016,35.2599983215332,34.709999084472656,34.709999084472656,3900
2024-02-27,34.25,35.130001068115234,33.68000030517578,34.31999969482422,14400
2024-02-28,34.29999923706055,34.779998779296875,32.72999954223633,34.0,6100
2024-02-29,34.54999923706055,36.470001220703125,34.33000183105469,35.279998779296875,24400
2024-03-01,35.41999816894531,35.43000030517578,33.880001068115234,34.08000183105469,17300
2024-03-04,33.93000030517578,34.81999969482422,33.43000030517578,33.61000061035156,12300
2024-03-05,33.93000030517578,34.63999938964844,33.93000030517578,34.2599983215332,5600
2024-03-06,33.939998626708984,34.40999984741211,33.70000076293945,34.40999984741211,8200
2024-03-07,34.54999923706055,34.72999954223633,34.310001373291016,34.310001373291016,4700
2024-03-08,34.849998474121094,34.880001068115234,34.400001525878906,34.81999969482422,4700
2024-03-11,34.88999938964844,34.939998626708984,34.650001525878906,34.70000076293945,3700
2024-03-12,34.61000061035156,34.61000061035156,34.61000061035156,34.61000061035156,3400
2024-03-13,34.65999984741211,34.91999816894531,34.40999984741211,34.529998779296875,7600
2024-03-14,34.400001525878906,34.400001525878906,33.40999984741211,33.68000030517578,15200
2024-03-15,33.20000076293945,34.41999816894531,33.20000076293945,33.97999954223633,39100
2024-03-18,34.0,34.0,33.31999969482422,33.5099983215332,9300
2024-03-19,34.0,34.209999084472656,33.40999984741211,34.04999923706055,19700
2024-03-20,33.90999984741211,36.16999816894531,33.90999984741211,35.66999816894531,16400
2024-03-21,35.77000045776367,35.86000061035156,34.47999954223633,35.86000061035156,11900
2024-03-22,35.900001525878906,35.900001525878906,34.83000183105469,34.83000183105469,5400
2024-03-25,34.7599983215332,35.83000183105469,33.0099983215332,35.38999938964844,12900
2024-03-26,35.45000076293945,35.70000076293945,35.029998779296875,35.029998779296875,5600
2024-03-27,36.029998779296875,36.66999816894531,35.27000045776367,36.66999816894531,8300
2024-03-28,37.0,37.5,36.25,37.5,27400
2024-04-01,36.2400016784668,36.599998474121094,36.04999923706055,36.08000183105469,8500
2024-04-02,35.83000183105469,35.83000183105469,34.630001068115234,34.709999084472656,17100
2024-04-03,34.52000045776367,35.150001525878906,34.38999938964844,34.88999938964844,14400
2024-04-04,35.0,35.720001220703125,35.0,35.400001525878906,9000
2024-04-05,35.040000915527344,35.84000015258789,34.849998474121094,35.33000183105469,12900
2024-04-08,34.880001068115234,35.310001373291016,34.66999816894531,35.310001373291016,9600
2024-04-09,35.08000183105469,35.45000076293945,34.470001220703125,35.25,7200
2024-04-10,34.31999969482422,34.9900016784668,34.02000045776367,34.75,17800
2024-04-11,34.290000915527344,35.439998626708984,34.0,34.25,18400
2024-04-12,34.310001373291016,34.45000076293945,33.630001068115234,34.04999923706055,13000
2024-04-15,35.2599983215332,35.2599983215332,33.15999984741211,33.369998931884766,7200
2024-04-16,33.0099983215332,33.400001525878906,33.0099983215332,33.15999984741211,9300
2024-04-17,33.18000030517578,33.25,32.7599983215332,32.880001068115234,7800
2024-04-18,33.150001525878906,33.33000183105469,32.560001373291016,33.33000183105469,11100
2024-04-19,32.86000061035156,34.650001525878906,32.86000061035156,34.29999923706055,9700
2024-04-22,34.29999923706055,35.41999816894531,34.150001525878906,34.599998474121094,27600
2024-04-23,34.31999969482422,35.20000076293945,34.31999969482422,34.33000183105469,9900
2024-04-24,34.400001525878906,34.599998474121094,34.400001525878906,34.599998474121094,10100
2024-04-25,34.290000915527344,34.56999969482422,33.52000045776367,33.88999938964844,15300
2024-04-26,34.52000045776367,34.52000045776367,33.369998931884766,34.2400016784668,12700
2024-04-29,34.369998931884766,34.369998931884766,33.13999938964844,33.20000076293945,13700
2024-04-30,33.20000076293945,33.5,33.0,33.06999969482422,16500
2024-05-01,33.56999969482422,35.5,33.41999816894531,34.7599983215332,20800
2024-05-02,34.86000061035156,35.20000076293945,34.380001068115234,34.83000183105469,11700
2024-05-03,35.06999969482422,35.5,35.06999969482422,35.29999923706055,4400
2024-05-06,35.810001373291016,35.810001373291016,35.02000045776367,35.70000076293945,23800
2024-05-07,35.689998626708984,35.7599983215332,34.900001525878906,34.900001525878906,10600
2024-05-08,34.27000045776367,34.869998931884766,34.27000045776367,34.790000915527344,9500
2024-05-09,34.439998626708984,34.95000076293945,34.290000915527344,34.95000076293945,12700
2024-05-10,35.18000030517578,35.18000030517578,34.84000015258789,34.86000061035156,2400
2024-05-13,34.869998931884766,34.869998931884766,34.02000045776367,34.04999923706055,11900
2024-05-14,34.29999923706055,34.380001068115234,33.56999969482422,34.220001220703125,15200
2024-05-15,34.25,34.619998931884766,34.25,34.43000030517578,5300
2024-05-16,34.70000076293945,34.70000076293945,34.06999969482422,34.5,11100
2024-05-17,34.47999954223633,34.65999984741211,34.25,34.25,8300
2024-05-20,34.349998474121094,34.38999938964844,33.5099983215332,33.529998779296875,10100
2024-05-21,33.75,34.65999984741211,33.58000183105469,34.65999984741211,18500
2024-05-22,34.65999984741211,35.0,34.400001525878906,34.54999923706055,14600
2024-05-23,34.66999816894531,34.75,34.29999923706055,34.33000183105469,14200
2024-05-24,34.72999954223633,34.7599983215332,34.63999938964844,34.75,6000
2024-05-28,35.02000045776367,35.02000045776367,34.189998626708984,34.189998626708984,6200
2024-05-29,34.0099983215332,34.2599983215332,33.27000045776367,33.5,22100
2024-05-30,33.9900016784668,34.279998779296875,33.9900016784668,34.209999084472656,5500
2024-05-31,34.459999084472656,34.869998931884766,33.810001373291016,34.0099983215332,14300
2024-06-03,34.72999954223633,34.72999954223633,34.099998474121094,34.130001068115234,14600
2024-06-04,34.11000061035156,34.18000030517578,33.7599983215332,33.7599983215332,11100
2024-06-05,33.79999923706055,34.2599983215332,33.70000076293945,34.029998779296875,9600
2024-06-06,34.220001220703125,34.29999923706055,34.06999969482422,34.16999816894531,6000
2024-06-07,34.06999969482422,34.11000061035156,33.66999816894531,33.900001525878906,10600
2024-06-10,33.72999954223633,33.72999954223633,33.47999954223633,33.47999954223633,7400
2024-06-11,33.709999084472656,33.709999084472656,33.099998474121094,33.119998931884766,12900
2024-06-12,34.0,34.900001525878906,34.0,34.36000061035156,9300
2024-06-13,34.099998474121094,34.099998474121094,33.5,33.79999923706055,8400
2024-06-14,34.20000076293945,34.20000076293945,33.15999984741211,33.52000045776367,9000
2024-06-17,33.25,34.33000183105469,33.25,34.33000183105469,5500
2024-06-18,34.02000045776367,34.25,33.29999923706055,34.04999923706055,9900
2024-06-20,33.66999816894531,35.58000183105469,33.58000183105469,33.65999984741211,6800
2024-06-21,33.65999984741211,34.369998931884766,33.65999984741211,34.27000045776367,29400
2024-06-24,34.25,34.25,34.20000076293945,34.20000076293945,6000
2024-06-25,34.0099983215332,34.7599983215332,34.0099983215332,34.209999084472656,28200
2024-06-26,33.88999938964844,35.27000045776367,33.79999923706055,34.7599983215332,13800
2024-06-27,35.08000183105469,35.72999954223633,35.08000183105469,35.72999954223633,6600
2024-06-28,35.86000061035156,37.0,35.369998931884766,36.9900016784668,102500
2024-07-01,36.9900016784668,36.9900016784668,36.29999923706055,36.5,13800
2024-07-02,36.77000045776367,36.939998626708984,36.529998779296875,36.529998779296875,4700
2024-07-03,36.810001373291016,36.810001373291016,36.279998779296875,36.279998779296875,2700
2024-07-05,36.04999923706055,36.20000076293945,35.25,35.25,27700
2024-07-08,35.65999984741211,36.150001525878906,35.5,36.150001525878906,10000
2024-07-09,35.47999954223633,35.75,35.279998779296875,35.439998626708984,7300
2024-07-10,35.31999969482422,35.63999938964844,35.25,35.58000183105469,17100
2024-07-11,36.2599983215332,37.77000045776367,36.2599983215332,37.630001068115234,25000
2024-07-12,37.97999954223633,38.630001068115234,37.97999954223633,38.630001068115234,20200
2024-07-15,38.72999954223633,40.04999923706055,38.720001220703125,38.83000183105469,32800
2024-07-16,39.380001068115234,40.95000076293945,39.380001068115234,40.95000076293945,25100
2024-07-17,40.5099983215332,41.72999954223633,40.36000061035156,41.72999954223633,30900
2024-07-18,41.72999954223633,42.4900016784668,40.72999954223633,41.130001068115234,14700
2024-07-19,41.22999954223633,41.22999954223633,40.47999954223633,40.709999084472656,10700
2024-07-22,40.709999084472656,41.439998626708984,40.369998931884766,41.310001373291016,15200
2024-07-23,41.540000915527344,43.41999816894531,41.540000915527344,43.22999954223633,32200
2024-07-24,43.52000045776367,44.16999816894531,42.5099983215332,42.5099983215332,26300
2024-07-25,43.11000061035156,44.290000915527344,43.11000061035156,43.4900016784668,22400
2024-07-26,44.75,45.79999923706055,43.959999084472656,45.689998626708984,19800
2024-07-29,46.77000045776367,46.77000045776367,45.310001373291016,45.72999954223633,15700
2024-07-30,45.959999084472656,46.220001220703125,45.470001220703125,45.93000030517578,27600
2024-07-31,45.400001525878906,47.22999954223633,45.400001525878906,46.02000045776367,24000
2024-08-01,46.380001068115234,46.380001068115234,43.119998931884766,43.72999954223633,29600
2024-08-02,41.880001068115234,42.869998931884766,41.75,42.4900016784668,24500
2024-08-05,41.869998931884766,41.869998931884766,40.29999923706055,41.650001525878906,24000
2024-08-06,41.650001525878906,41.650001525878906,40.59000015258789,41.34000015258789,13600
2024-08-07,41.72999954223633,41.849998474121094,40.58000183105469,40.959999084472656,9700
2024-08-08,40.9900016784668,41.09000015258789,40.58000183105469,41.04999923706055,9600
2024-08-09,40.34000015258789,40.869998931884766,40.310001373291016,40.650001525878906,9600
2024-08-12,40.97999954223633,40.97999954223633,39.650001525878906,39.91999816894531,14600
2024-08-13,40.43000030517578,40.43000030517578,39.72999954223633,40.38999938964844,16300
2024-08-14,40.380001068115234,40.83000183105469,39.90999984741211,40.689998626708984,10400
2024-08-15,41.470001220703125,42.400001525878906,41.0099983215332,42.11000061035156,21600
2024-08-16,42.099998474121094,43.130001068115234,42.099998474121094,42.959999084472656,12300
2024-08-19,42.93000030517578,42.93000030517578,42.75,42.83000183105469,5700
2024-08-20,42.959999084472656,42.959999084472656,42.119998931884766,42.119998931884766,6000
2024-08-21,42.619998931884766,43.38999938964844,42.290000915527344,42.7599983215332,6600
2024-08-22,42.43000030517578,42.650001525878906,42.209999084472656,42.619998931884766,6400
2024-08-23,42.630001068115234,45.11000061035156,42.15999984741211,44.869998931884766,24900
2024-08-26,45.380001068115234,45.38999938964844,44.5,44.54999923706055,14600
2024-08-27,43.939998626708984,44.81999969482422,41.709999084472656,44.7400016784668,18800
2024-08-28,44.380001068115234,45.22999954223633,44.380001068115234,44.86000061035156,13200
2024-08-29,45.0,45.11000061035156,44.83000183105469,45.11000061035156,5900
2024-08-30,44.900001525878906,45.47999954223633,44.63999938964844,45.369998931884766,6800
2024-09-03,45.0099983215332,45.0099983215332,44.040000915527344,44.2400016784668,8500
2024-09-04,44.4900016784668,44.77000045776367,43.7400016784668,43.7400016784668,9800
2024-09-05,43.0,43.38999938964844,42.59000015258789,43.02000045776367,8200
2024-09-06,43.25,43.619998931884766,42.54999923706055,43.18000030517578,19600
2024-09-09,43.5099983215332,43.86000061035156,42.97999954223633,43.099998474121094,11100
2024-09-10,43.0099983215332,43.099998474121094,41.310001373291016,42.52000045776367,17200
2024-09-11,42.060001373291016,42.529998779296875,41.369998931884766,42.5,8500
2024-09-12,42.369998931884766,42.72999954223633,42.369998931884766,42.599998474121094,7400
2024-09-13,42.790000915527344,43.470001220703125,42.790000915527344,43.2400016784668,15100
2024-09-16,43.83000183105469,44.470001220703125,43.83000183105469,44.25,10500
2024-09-17,44.81999969482422,45.29999923706055,43.630001068115234,44.63999938964844,39500
2024-09-18,44.63999938964844,45.9900016784668,44.22999954223633,45.52000045776367,21300
2024-09-19,46.439998626708984,46.439998626708984,45.650001525878906,46.040000915527344,21200
2024-09-20,45.380001068115234,45.790000915527344,44.47999954223633,44.91999816894531,65900
2024-09-23,44.2599983215332,44.63999938964844,44.0,44.52000045776367,10600
2024-09-24,44.29999923706055,44.779998779296875,43.52000045776367,44.22999954223633,18500
2024-09-25,43.93000030517578,44.060001373291016,43.7400016784668,43.88999938964844,6800
2024-09-26,44.34000015258789,44.56999969482422,43.79999923706055,44.209999084472656,20900
2024-09-27,44.459999084472656,45.81999969482422,44.459999084472656,45.220001220703125,60100
2024-09-30,45.45000076293945,46.130001068115234,45.20000076293945,45.59000015258789,20800
2024-10-01,45.220001220703125,45.220001220703125,42.380001068115234,43.470001220703125,23100
2024-10-02,43.5,43.5,42.70000076293945,42.849998474121094,8800
2024-10-03,42.349998474121094,42.599998474121094,41.470001220703125,42.040000915527344,24100
2024-10-04,42.68000030517578,43.290000915527344,42.0099983215332,42.83000183105469,23800
2024-10-07,42.7400016784668,42.97999954223633,42.63999938964844,42.97999954223633,11700
2024-10-08,43.18000030517578,43.18000030517578,42.22999954223633,42.22999954223633,10000
2024-10-09,41.959999084472656,42.65999984741211,41.5099983215332,42.150001525878906,27500
2024-10-10,41.599998474121094,42.04999923706055,41.5,42.04999923706055,12400
2024-10-11,42.0099983215332,43.689998626708984,42.0099983215332,43.689998626708984,28800
2024-10-14,43.650001525878906,44.36000061035156,43.45000076293945,44.34000015258789,23500
2024-10-15,44.36000061035156,45.47999954223633,44.36000061035156,44.630001068115234,22500
2024-10-16,44.75,45.52000045776367,44.7400016784668,45.18000030517578,21100
2024-10-17,45.20000076293945,45.90999984741211,44.9900016784668,45.88999938964844,14900
2024-10-18,45.75,45.75,44.79999923706055,44.959999084472656,13900
2024-10-21,44.0,44.18000030517578,43.189998626708984,43.36000061035156,14400
2024-10-22,43.09000015258789,44.9900016784668,43.09000015258789,44.970001220703125,30000
2024-10-23,44.97999954223633,44.97999954223633,43.900001525878906,44.38999938964844,17400
2024-10-24,44.31999969482422,44.81999969482422,43.52000045776367,44.81999969482422,17600
2024-10-25,44.36000061035156,44.36000061035156,42.65999984741211,42.88999938964844,22900
2024-10-28,43.470001220703125,44.869998931884766,43.470001220703125,44.779998779296875,21400
2024-10-29,44.2400016784668,44.9900016784668,43.93000030517578,44.25,12600
2024-10-30,44.540000915527344,44.9900016784668,43.880001068115234,43.880001068115234,13200
2024-10-31,44.209999084472656,44.209999084472656,42.529998779296875,42.79999923706055,38400
2024-11-01,42.91999816894531,43.54999923706055,42.810001373291016,43.18000030517578,17000
2024-11-04,43.060001373291016,43.119998931884766,42.45000076293945,42.869998931884766,12400
2024-11-05,43.38999938964844,44.54999923706055,43.38999938964844,44.41999816894531,20900
2024-11-06,46.86000061035156,50.220001220703125,46.86000061035156,50.20000076293945,71700
2024-11-07,49.959999084472656,49.959999084472656,48.09000015258789,48.119998931884766,67600
2024-11-08,47.810001373291016,48.939998626708984,47.630001068115234,48.7400016784668,22100
2024-11-11,49.4900016784668,50.7400016784668,49.47999954223633,50.66999816894531,37700
2024-11-12,50.630001068115234,51.2400016784668,50.439998626708984,51.029998779296875,33000
2024-11-13,51.4900016784668,51.91999816894531,50.47999954223633,50.5099983215332,27300
2024-11-14,50.36000061035156,50.36000061035156,49.220001220703125,49.93000030517578,20800
2024-11-15,50.2400016784668,50.27000045776367,49.2400016784668,49.81999969482422,21200
2024-11-18,49.56999969482422,49.56999969482422,48.63999938964844,49.060001373291016,33500
2024-11-19,48.70000076293945,50.06999969482422,48.29999923706055,49.95000076293945,34400
2024-11-20,49.849998474121094,50.20000076293945,49.2599983215332,49.79999923706055,17500
2024-11-21,50.22999954223633,50.599998474121094,50.150001525878906,50.25,23000
2024-11-22,50.5,50.689998626708984,49.93000030517578,50.47999954223633,33500
2024-11-25,50.290000915527344,52.220001220703125,50.290000915527344,51.470001220703125,43300
2024-11-26,51.20000076293945,51.22999954223633,50.34000015258789,50.93000030517578,23000
2024-11-27,50.93000030517578,51.83000183105469,50.189998626708984,50.5099983215332,13400
2024-11-29,50.540000915527344,50.9900016784668,50.0,50.119998931884766,13900
2024-12-02,50.150001525878906,50.72999954223633,49.65999984741211,50.18000030517578,17300
2024-12-03,49.900001525878906,50.72999954223633,49.630001068115234,49.849998474121094,18900
2024-12-04,49.95000076293945,50.29999923706055,49.470001220703125,50.29999923706055,19200
2024-12-05,50.33000183105469,50.7400016784668,49.790000915527344,50.09000015258789,14400
2024-12-06,50.040000915527344,50.040000915527344,49.11000061035156,49.63999938964844,13500
2024-12-09,49.54999923706055,49.65999984741211,49.02000045776367,49.25,19200
2024-12-10,49.0,49.81999969482422,48.939998626708984,49.11000061035156,19800
2024-12-11,49.439998626708984,50.27000045776367,49.439998626708984,50.25,24400
2024-12-12,50.349998474121094,50.380001068115234,49.08000183105469,49.59000015258789,17200
2024-12-13,49.310001373291016,49.310001373291016,48.38999938964844,49.0,31300
2024-12-16,48.91999816894531,49.150001525878906,48.5099983215332,49.040000915527344,29100
2024-12-17,48.68000030517578,49.029998779296875,48.31999969482422,48.93000030517578,20100
2024-12-18,48.81999969482422,49.119998931884766,45.439998626708984,45.959999084472656,52400
2024-12-19,46.20000076293945,46.20000076293945,44.59000015258789,44.97999954223633,27700
2024-12-20,44.529998779296875,46.13999938964844,44.279998779296875,45.939998626708984,88600
2024-12-23,45.72999954223633,46.0,45.279998779296875,45.5099983215332,27100
2024-12-24,45.84000015258789,46.7400016784668,45.41999816894531,46.72999954223633,29600
2024-12-26,46.5,47.15999984741211,46.060001373291016,46.95000076293945,26100
2024-12-27,46.75,47.0,45.470001220703125,45.869998931884766,22200
2024-12-30,45.93000030517578,46.41999816894531,45.93000030517578,46.150001525878906,29700
2024-12-31,46.90999984741211,47.20000076293945,45.900001525878906,46.290000915527344,121700
2025-01-02,46.689998626708984,46.689998626708984,44.75,45.029998779296875,26800
2025-01-03,45.0,45.2599983215332,44.0099983215332,45.130001068115234,30600
2025-01-06,45.25,45.70000076293945,44.880001068115234,44.93000030517578,20100
2025-01-07,44.95000076293945,44.95000076293945,43.709999084472656,44.310001373291016,36600
2025-01-08,44.06999969482422,44.52000045776367,43.90999984741211,44.380001068115234,16400
2025-01-10,43.86000061035156,43.86000061035156,42.279998779296875,42.779998779296875,27500
2025-01-13,42.459999084472656,43.95000076293945,42.459999084472656,43.619998931884766,23900
2025-01-14,43.90999984741211,44.97999954223633,43.90999984741211,44.959999084472656,28000
2025-01-15,46.279998779296875,46.279998779296875,45.220001220703125,45.79999923706055,23600
2025-01-16,45.77000045776367,46.02000045776367,44.95000076293945,45.41999816894531,21100
2025-01-17,45.72999954223633,46.34000015258789,45.20000076293945,45.95000076293945,21600
2025-01-21,46.38999938964844,47.130001068115234,46.38999938964844,46.959999084472656,33400
2025-01-22,47.06999969482422,47.06999969482422,46.4900016784668,46.59000015258789,30600
2025-01-23,46.0,47.2599983215332,46.0,47.150001525878906,31300
2025-01-24,46.95000076293945,47.52000045776367,46.849998474121094,47.5,14700
2025-01-27,47.290000915527344,48.939998626708984,47.09000015258789,48.65999984741211,40700
2025-01-28,48.40999984741211,48.68000030517578,47.849998474121094,48.56999969482422,41300
2025-01-29,48.9900016784668,49.220001220703125,47.91999816894531,48.779998779296875,34900
2025-01-30,49.36000061035156,49.54999923706055,48.5099983215332,49.54999923706055,24200
2025-01-31,49.900001525878906,52.97999954223633,49.88999938964844,51.65999984741211,44100
2025-02-03,51.90999984741211,53.790000915527344,51.5099983215332,52.5099983215332,54700
2025-02-04,53.22999954223633,54.40999984741211,52.25,54.099998474121094,45800
2025-02-05,54.869998931884766,54.95000076293945,53.75,54.810001373291016,33200
2025-02-06,55.04999923706055,56.380001068115234,55.04999923706055,56.349998474121094,49200
2025-02-07,56.459999084472656,56.459999084472656,54.310001373291016,55.099998474121094,36300
2025-02-10,54.970001220703125,55.41999816894531,54.470001220703125,54.470001220703125,39900
2025-02-11,54.04999923706055,55.45000076293945,54.04999923706055,55.45000076293945,50200
2025-02-12,54.619998931884766,54.619998931884766,53.68000030517578,54.09000015258789,46100
2025-02-13,54.470001220703125,54.470001220703125,53.0,53.630001068115234,64200
2025-02-14,53.400001525878906,53.849998474121094,52.63999938964844,52.7599983215332,19700
2025-02-18,52.61000061035156,54.31999969482422,52.61000061035156,54.27000045776367,36300
2025-02-19,53.900001525878906,54.34000015258789,53.470001220703125,54.189998626708984,17100
2025-02-20,53.81999969482422,54.86000061035156,52.4900016784668,53.43000030517578,29900
2025-02-21,53.9900016784668,54.119998931884766,51.83000183105469,52.08000183105469,21800
2025-02-24,52.59000015258789,52.59000015258789,51.59000015258789,51.709999084472656,29100
2025-02-25,51.810001373291016,52.7599983215332,51.810001373291016,52.040000915527344,22300
2025-02-26,52.040000915527344,52.77000045776367,51.54999923706055,52.13999938964844,28200
2025-02-27,51.91999816894531,52.880001068115234,51.70000076293945,52.380001068115234,19600
2025-02-28,52.619998931884766,53.560001373291016,52.619998931884766,53.13999938964844,30500
2025-03-03,53.290000915527344,53.84000015258789,51.70000076293945,52.27000045776367,29400
2025-03-04,51.58000183105469,52.130001068115234,50.45000076293945,50.599998474121094,28900
2025-03-05,50.380001068115234,50.650001525878906,49.56999969482422,49.790000915527344,32400
2025-03-06,49.119998931884766,49.34000015258789,48.189998626708984,49.060001373291016,26200
2025-03-07,48.91999816894531,49.61000061035156,48.09000015258789,48.959999084472656,27500
2025-03-10,48.189998626708984,48.66999816894531,46.400001525878906,46.65999984741211,33700
2025-03-11,46.7400016784668,47.52000045776367,46.34000015258789,46.81999969482422,19100
2025-03-12,47.029998779296875,47.70000076293945,46.310001373291016,47.119998931884766,23900
2025-03-13,47.68000030517578,48.5,46.68000030517578,46.68000030517578,16000
2025-03-14,47.06999969482422,47.5,46.59000015258789,47.38999938964844,20900
2025-03-17,47.040000915527344,47.970001220703125,47.040000915527344,47.54999923706055,26100
2025-03-18,47.02000045776367,48.40999984741211,46.880001068115234,48.0,32700
2025-03-19,47.70000076293945,48.65999984741211,47.470001220703125,48.630001068115234,46000
2025-03-20,48.0,49.150001525878906,48.0,48.560001373291016,67800
2025-03-21,48.08000183105469,48.13999938964844,47.4900016784668,47.4900016784668,62000
2025-03-24,48.36000061035156,49.400001525878906,48.099998474121094,49.060001373291016,22700
2025-03-25,48.77000045776367,50.099998474121094,48.15999984741211,48.31999969482422,21000
2025-03-26,48.61000061035156,49.13999938964844,48.029998779296875,48.630001068115234,21000
2025-03-27,48.65999984741211,48.90999984741211,47.83000183105469,48.86000061035156,23300
2025-03-28,48.81999969482422,48.81999969482422,46.970001220703125,47.63999938964844,26600
2025-03-31,47.119998931884766,47.58000183105469,46.599998474121094,47.150001525878906,53900
2025-04-01,46.900001525878906,48.310001373291016,46.380001068115234,47.779998779296875,20600
2025-04-02,47.0,48.88999938964844,46.959999084472656,47.880001068115234,23700
2025-04-03,45.13999938964844,45.709999084472656,44.0099983215332,44.66999816894531,28500
2025-04-04,43.41999816894531,44.95000076293945,42.18000030517578,44.470001220703125,46000
2025-04-07,43.720001220703125,45.40999984741211,42.75,44.400001525878906,29300
2025-04-08,45.65999984741211,45.65999984741211,43.75,44.70000076293945,21200
2025-04-09,44.47999954223633,48.65999984741211,43.650001525878906,47.29999923706055,56600
2025-04-10,46.09000015258789,46.130001068115234,44.0099983215332,44.599998474121094,24800
2025-04-11,44.36000061035156,45.22999954223633,43.61000061035156,45.040000915527344,17900
2025-04-14,45.189998626708984,45.9900016784668,44.119998931884766,45.70000076293945,24300
2025-04-15,46.459999084472656,46.52000045776367,45.72999954223633,45.7599983215332,19900
2025-04-16,46.08000183105469,46.66999816894531,45.61000061035156,46.459999084472656,20100
2025-04-17,46.439998626708984,47.369998931884766,46.439998626708984,47.36000061035156,29200
2025-04-21,46.970001220703125,47.060001373291016,45.91999816894531,46.56999969482422,23000
2025-04-22,47.380001068115234,48.869998931884766,47.06999969482422,48.650001525878906,36300
2025-04-23,48.97999954223633,51.36000061035156,48.099998474121094,48.65999984741211,24100
2025-04-24,49.060001373291016,49.93000030517578,48.349998474121094,49.93000030517578,19100
2025-04-25,48.959999084472656,48.959999084472656,46.779998779296875,47.88999938964844,41500
2025-04-28,47.91999816894531,48.150001525878906,47.13999938964844,47.689998626708984,23000
2025-04-29,47.18000030517578,48.779998779296875,47.18000030517578,48.5,19900
2025-04-30,47.150001525878906,48.619998931884766,46.86000061035156,48.13999938964844,18900
2025-05-01,48.11000061035156,48.439998626708984,47.77000045776367,47.86000061035156,18400
2025-05-02,48.369998931884766,50.029998779296875,48.369998931884766,49.68000030517578,15400
2025-05-05,49.54999923706055,49.93000030517578,48.41999816894531,48.65999984741211,29200
2025-05-06,48.18000030517578,49.040000915527344,47.689998626708984,48.400001525878906,18600
2025-05-07,49.0,49.369998931884766,47.72999954223633,48.15999984741211,20000
2025-05-08,48.54999923706055,49.0,48.08000183105469,48.61000061035156,18800
2025-05-09,47.689998626708984,48.380001068115234,47.56999969482422,47.58000183105469,21200
2025-05-12,48.939998626708984,49.939998626708984,47.279998779296875,47.77000045776367,57500
2025-05-13,47.900001525878906,49.560001373291016,47.849998474121094,49.290000915527344,26500
2025-05-14,48.900001525878906,49.9900016784668,46.5099983215332,49.54999923706055,55700
2025-05-15,49.13999938964844,50.189998626708984,48.9900016784668,49.939998626708984,50600
2025-05-16,49.77000045776367,49.970001220703125,49.25,49.380001068115234,31900
2025-05-19,48.540000915527344,49.939998626708984,48.41999816894531,49.650001525878906,22500
2025-05-20,49.619998931884766,49.619998931884766,49.15999984741211,49.15999984741211,11200
2025-05-21,48.709999084472656,49.25,47.90999984741211,47.9900016784668,21000
2025-05-22,47.9900016784668,48.52000045776367,47.619998931884766,47.720001220703125,20700
2025-05-23,47.02000045776367,49.58000183105469,47.0,47.75,52800
2025-05-27,48.13999938964844,49.31999969482422,47.650001525878906,48.86000061035156,60800
2025-05-28,48.900001525878906,48.900001525878906,47.75,48.279998779296875,57200
2025-05-29,48.650001525878906,48.880001068115234,47.880001068115234,48.880001068115234,48000
2025-05-30,48.79999923706055,49.209999084472656,48.29999923706055,48.77000045776367,60500
2025-06-02,48.7400016784668,49.0,47.33000183105469,48.0099983215332,54600
2025-06-03,47.880001068115234,48.779998779296875,47.400001525878906,48.099998474121094,43000
2025-06-04,48.04999923706055,48.38999938964844,46.95000076293945,47.0099983215332,45800
2025-06-05,47.43000030517578,47.43000030517578,46.630001068115234,46.79999923706055,28200
2025-06-06,47.27000045776367,48.060001373291016,47.0,48.0,55000
2025-06-09,47.900001525878906,48.439998626708984,47.47999954223633,48.189998626708984,85900
2025-06-10,48.36000061035156,49.34000015258789,48.36000061035156,49.11000061035156,43300
2025-06-11,49.43000030517578,49.619998931884766,48.779998779296875,49.18000030517578,52600
2025-06-12,48.779998779296875,49.11000061035156,48.11000061035156,48.91999816894531,32300
2025-06-13,48.400001525878906,48.720001220703125,47.59000015258789,47.599998474121094,38400
2025-06-16,48.06999969482422,48.06999969482422,46.810001373291016,46.810001373291016,32500
2025-06-17,46.5,47.11000061035156,46.5,46.790000915527344,43800
2025-06-18,46.5099983215332,47.77000045776367,46.439998626708984,47.209999084472656,66600
2025-06-20,47.59000015258789,47.84000015258789,47.029998779296875,47.150001525878906,83600
2025-06-23,47.08000183105469,49.15999984741211,47.06999969482422,49.15999984741211,56600
2025-06-24,49.20000076293945,50.310001373291016,49.20000076293945,49.41999816894531,47900
2025-06-25,48.75,49.310001373291016,48.72999954223633,49.18000030517578,64600
2025-06-26,49.150001525878906,50.72999954223633,49.0099983215332,50.619998931884766,51400
2025-06-27,50.779998779296875,51.47999954223633,50.56999969482422,50.90999984741211,102500
2025-06-30,51.13999938964844,51.369998931884766,50.540000915527344,50.65999984741211,68400
2025-07-01,51.66999816894531,52.86000061035156,51.5099983215332,52.279998779296875,59700
2025-07-02,52.369998931884766,53.52000045776367,52.02000045776367,53.25,99800
2025-07-03,53.400001525878906,55.0,53.34000015258789,54.689998626708984,57400
2025-07-07,54.400001525878906,54.939998626708984,53.56999969482422,53.7400016784668,83300
2025-07-08,53.9900016784668,54.20000076293945,53.58000183105469,53.70000076293945,48600
2025-07-09,54.209999084472656,54.220001220703125,53.459999084472656,53.849998474121094,41300
2025-07-10,53.380001068115234,54.11000061035156,52.11000061035156,53.720001220703125,34800
2025-07-11,53.529998779296875,53.529998779296875,52.59000015258789,52.84000015258789,88200
2025-07-14,53.08000183105469,54.27000045776367,52.849998474121094,54.27000045776367,33700
2025-07-15,54.31999969482422,54.7599983215332,52.40999984741211,52.65999984741211,61000
2025-07-16,52.75,53.31999969482422,51.849998474121094,53.29999923706055,51900
2025-07-17,53.43000030517578,54.29999923706055,53.43000030517578,54.060001373291016,29300
2025-07-18,54.47999954223633,54.779998779296875,53.369998931884766,53.709999084472656,26400
2025-07-21,54.02000045776367,54.33000183105469,53.599998474121094,53.810001373291016,19800
2025-07-22,54.0,54.4900016784668,53.68000030517578,53.68000030517578,29400
2025-07-23,54.06999969482422,54.06999969482422,53.18000030517578,53.5,20700
2025-07-24,53.13999938964844,53.13999938964844,51.5,51.5099983215332,37800
2025-07-25,51.58000183105469,51.58000183105469,48.349998474121094,48.59000015258789,56300
2025-07-28,48.29999923706055,49.5,47.599998474121094,48.79999923706055,45600
2025-07-29,48.810001373291016,48.91999816894531,47.77000045776367,47.77000045776367,42900
2025-07-30,47.90999984741211,48.70000076293945,47.4900016784668,47.68000030517578,61900
2025-07-31,47.369998931884766,47.900001525878906,46.5099983215332,47.619998931884766,46900
2025-08-01,47.619998931884766,47.72999954223633,45.900001525878906,46.88999938964844,87900
2025-08-04,47.5099983215332,48.25,46.619998931884766,46.959999084472656,42000
2025-08-05,46.939998626708984,47.119998931884766,46.06999969482422,46.97999954223633,42300
2025-08-06,46.630001068115234,47.0099983215332,46.630001068115234,46.88999938964844,24300
2025-08-07,47.0099983215332,47.20000076293945,46.54999923706055,46.689998626708984,37200
2025-08-08,46.95000076293945,47.290000915527344,46.77000045776367,47.2400016784668,26500
2025-08-11,47.130001068115234,47.45000076293945,46.95000076293945,47.290000915527344,17500
2025-08-12,47.709999084472656,49.470001220703125,47.709999084472656,49.40999984741211,30100
2025-08-13,50.0,50.209999084472656,49.790000915527344,50.029998779296875,24800
2025-08-14,49.38999938964844,50.02000045776367,49.11000061035156,49.810001373291016,25500
2025-08-15,50.0,50.0,49.0,49.540000915527344,124500
2025-08-18,49.15999984741211,49.29999923706055,48.939998626708984,48.939998626708984,16800
2025-08-19,49.25,50.13999938964844,49.02000045776367,49.47999954223633,33300
2025-08-20,49.93000030517578,49.939998626708984,49.189998626708984,49.790000915527344,21600
2025-08-21,49.43000030517578,49.689998626708984,48.9900016784668,49.34000015258789,18900
2025-08-22,49.689998626708984,52.349998474121094,49.689998626708984,52.08000183105469,47000
2025-08-25,51.88999938964844,52.380001068115234,51.31999969482422,51.5099983215332,17700
2025-08-26,51.83000183105469,52.31999969482422,51.720001220703125,52.060001373291016,25100
2025-08-27,51.869998931884766,52.880001068115234,51.869998931884766,52.4900016784668,24300
2025-08-28,52.290000915527344,52.65999984741211,51.7599983215332,52.380001068115234,19700
2025-08-29,52.439998626708984,52.61000061035156,52.11000061035156,52.31999969482422,23200
2025-09-02,51.790000915527344,51.93000030517578,51.36000061035156,51.79999923706055,31000
2025-09-03,51.52000045776367,51.939998626708984,50.93000030517578,51.709999084472656,24100
2025-09-04,51.97999954223633,52.47999954223633,51.63999938964844,52.31999969482422,18100
2025-09-05,52.689998626708984,53.470001220703125,51.58000183105469,52.0099983215332,26500
2025-09-08,52.27000045776367,52.369998931884766,51.529998779296875,52.2599983215332,18800
2025-09-09,52.060001373291016,52.060001373291016,51.619998931884766,51.779998779296875,14800
2025-09-10,51.75,51.970001220703125,51.290000915527344,51.7400016784668,18900
2025-09-11,51.7400016784668,52.540000915527344,51.720001220703125,52.540000915527344,23700
2025-09-12,51.849998474121094,52.040000915527344,51.56999969482422,51.790000915527344,19100
2025-09-15,51.70000076293945,52.0,51.58000183105469,51.93000030517578,21600
2025-09-16,51.72999954223633,51.72999954223633,50.7400016784668,51.0099983215332,18900
2025-09-17,51.0,52.83000183105469,51.0,51.310001373291016,35100
2025-09-18,52.20000076293945,52.79999923706055,51.369998931884766,52.689998626708984,37200
2025-09-19,52.4900016784668,52.4900016784668,51.54999923706055,52.29999923706055,109200
2025-09-22,51.83000183105469,52.060001373291016,51.09000015258789,51.47999954223633,47200
2025-09-23,51.869998931884766,52.2400016784668,51.220001220703125,51.70000076293945,31200
2025-09-24,51.400001525878906,51.66999816894531,51.13999938964844,51.400001525878906,37400
2025-09-25,51.209999084472656,51.79999923706055,51.119998931884766,51.41999816894531,31900
2025-09-26,51.52000045776367,51.93000030517578,51.22999954223633,51.91999816894531,30100
2025-09-29,51.88999938964844,51.88999938964844,50.70000076293945,51.0099983215332,36800
2025-09-30,50.81999969482422,51.5099983215332,50.5,51.2599983215332,125900
2025-10-01,50.959999084472656,51.209999084472656,49.88999938964844,50.02000045776367,56500
2025-10-02,49.779998779296875,49.97999954223633,49.22999954223633,49.689998626708984,34700
2025-10-03,49.97999954223633,50.709999084472656,49.79999923706055,50.220001220703125,26500
2025-10-06,50.599998474121094,51.52000045776367,50.41999816894531,50.9900016784668,31000
2025-10-07,51.06999969482422,51.939998626708984,50.119998931884766,50.150001525878906,32300
2025-10-08,50.290000915527344,50.540000915527344,49.97999954223633,50.31999969482422,18700
2025-10-09,50.29999923706055,50.63999938964844,49.0,50.34000015258789,21800
2025-10-10,50.18000030517578,50.2400016784668,48.720001220703125,48.720001220703125,20800
2025-10-13,49.43000030517578,49.75,46.06999969482422,49.040000915527344,45500
2025-10-14,48.38999938964844,50.90999984741211,48.38999938964844,50.689998626708984,31000
2025-10-15,50.90999984741211,50.90999984741211,49.459999084472656,50.0099983215332,32400
2025-10-16,49.86000061035156,49.959999084472656,46.900001525878906,47.68000030517578,48100
2025-10-17,47.9900016784668,48.91999816894531,47.9900016784668,48.54999923706055,40500
2025-10-20,48.7599983215332,49.83000183105469,48.7400016784668,49.83000183105469,26900
2025-10-21,49.56999969482422,49.81999969482422,49.38999938964844,49.79999923706055,19600
2025-10-22,49.970001220703125,50.290000915527344,49.459999084472656,49.83000183105469,26100
2025-10-23,49.349998474121094,50.13999938964844,49.150001525878906,49.75,34900
2025-10-24,49.959999084472656,50.75,49.959999084472656,50.61000061035156,10700
2025-10-27,50.849998474121094,50.849998474121094,50.11000061035156,50.22999954223633,15300
2025-10-28,49.79999923706055,50.72999954223633,49.79999923706055,50.09000015258789,19600
2025-10-29,49.86000061035156,50.619998931884766,48.81999969482422,49.58000183105469,36700
2025-10-30,49.279998779296875,50.11000061035156,49.029998779296875,49.119998931884766,25600
2025-10-31,49.720001220703125,51.209999084472656,47.869998931884766,50.61000061035156,54600
2025-11-03,51.04999923706055,51.470001220703125,49.97999954223633,50.81999969482422,38600
2025-11-04,50.47999954223633,50.880001068115234,50.18000030517578,50.56999969482422,18600
2025-11-05,51.060001373291016,52.38999938964844,51.02000045776367,51.91999816894531,24500
2025-11-06,51.459999084472656,52.119998931884766,51.0,51.400001525878906,23800
2025-11-07,51.400001525878906,51.90999984741211,51.29999923706055,51.459999084472656,13700
2025-11-10,51.560001373291016,52.27000045776367,50.79999923706055,52.060001373291016,16100
2025-11-11,52.25,52.720001220703125,51.93000030517578,52.380001068115234,11600
2025-11-12,52.47999954223633,52.959999084472656,52.209999084472656,52.59000015258789,21800
2025-11-13,52.810001373291016,53.16999816894531,52.22999954223633,52.7400016784668,27200
2025-11-14,51.7400016784668,52.5,51.63999938964844,52.27000045776367,11600
2025-11-17,51.83000183105469,52.189998626708984,50.2400016784668,50.34000015258789,15600
2025-11-18,49.9900016784668,50.619998931884766,49.9900016784668,50.29999923706055,10700
2025-11-19,50.130001068115234,50.130001068115234,49.36000061035156,49.79999923706055,16900
2025-11-20,50.47999954223633,50.47999954223633,49.540000915527344,49.869998931884766,15100
2025-11-21,50.02000045776367,51.81999969482422,49.56999969482422,51.540000915527344,25500
2025-11-24,51.150001525878906,51.439998626708984,50.619998931884766,51.04999923706055,17100
2025-11-25,51.099998474121094,52.97999954223633,50.70000076293945,52.599998474121094,26000
2025-11-26,52.18000030517578,52.720001220703125,51.650001525878906,52.529998779296875,29000
2025-11-28,52.400001525878906,52.400001525878906,51.88999938964844,52.220001220703125,9600
2025-12-01,52.68000030517578,53.459999084472656,52.2400016784668,52.97999954223633,26100
2025-12-02,53.529998779296875,53.810001373291016,52.650001525878906,52.650001525878906,23900
2025-12-03,52.7599983215332,54.5,52.689998626708984,54.4900016784668,36700
2025-12-04,54.25,54.779998779296875,53.95000076293945,54.349998474121094,25400
2025-12-05,53.93000030517578,54.13999938964844,53.66999816894531,53.91999816894531,14700
2025-12-08,53.349998474121094,54.5,53.349998474121094,54.220001220703125,21900
2025-12-09,54.209999084472656,55.18000030517578,54.060001373291016,54.439998626708984,26000
2025-12-10,54.540000915527344,57.290000915527344,54.540000915527344,56.560001373291016,46800
2025-12-11,56.29999923706055,57.650001525878906,56.29999923706055,57.43000030517578,25800
2025-12-12,57.04999923706055,57.66999816894531,55.150001525878906,57.2400016784668,33700
2025-12-15,57.79999923706055,58.34000015258789,57.5099983215332,57.90999984741211,29600
2025-12-16,57.84000015258789,58.27000045776367,57.0099983215332,57.5,38300
2025-12-17,57.45000076293945,58.13999938964844,57.31999969482422,57.59000015258789,25800
2025-12-18,57.540000915527344,58.40999984741211,56.88999938964844,57.970001220703125,39400
2025-12-19,57.970001220703125,57.970001220703125,56.38999938964844,56.86000061035156,44600
2025-12-22,57.02000045776367,57.02000045776367,55.88999938964844,55.97999954223633,26900
2025-12-23,55.66999816894531,56.31999969482422,53.47999954223633,55.7599983215332,27300
2025-12-24,55.68000030517578,55.900001525878906,55.40999984741211,55.540000915527344,10600
2025-12-26,55.45000076293945,55.880001068115234,55.0099983215332,55.439998626708984,13800
2025-12-29,54.86000061035156,55.16999816894531,54.2400016784668,54.88999938964844,18800
2025-12-30,54.7599983215332,55.02000045776367,54.20000076293945,54.720001220703125,17600
2025-12-31,54.52000045776367,54.619998931884766,53.900001525878906,54.29999923706055,19100
2026-01-02,53.880001068115234,54.90999984741211,52.790000915527344,53.58000183105469,37200
2026-01-05,53.65999984741211,55.4900016784668,53.310001373291016,54.66999816894531,26600
2026-01-06,54.27000045776367,54.72999954223633,53.75,54.540000915527344,22600
2026-01-07,53.959999084472656,54.29999923706055,53.709999084472656,54.18000030517578,15000
2026-01-08,53.939998626708984,55.810001373291016,53.939998626708984,55.52000045776367,21500
2026-01-09,55.439998626708984,56.11000061035156,54.40999984741211,55.099998474121094,29300
2026-01-12,54.790000915527344,55.349998474121094,54.5099983215332,55.040000915527344,22800
2026-01-13,54.70000076293945,55.4900016784668,54.70000076293945,55.099998474121094,14700
2026-01-14,55.09000015258789,55.97999954223633,54.7599983215332,55.86000061035156,23000
2026-01-15,55.650001525878906,57.45000076293945,55.63999938964844,57.27000045776367,22300
2026-01-16,56.91999816894531,57.86000061035156,56.18000030517578,56.41999816894531,17800
2026-01-20,55.689998626708984,56.83000183105469,55.2400016784668,56.06999969482422,26000
2026-01-21,56.40999984741211,58.790000915527344,56.380001068115234,58.790000915527344,38900
2026-01-22,59.06999969482422,59.86000061035156,56.810001373291016,58.7400016784668,27200
2026-01-23,58.939998626708984,58.939998626708984,56.41999816894531,56.68000030517578,15100
2026-01-26,56.599998474121094,56.83000183105469,56.08000183105469,56.599998474121094,16500
2026-01-27,54.40999984741211,57.310001373291016,54.40999984741211,56.59000015258789,24800
2026-01-28,55.97999954223633,56.349998474121094,55.310001373291016,55.439998626708984,30800
2026-01-29,55.72999954223633,57.900001525878906,55.720001220703125,57.09000015258789,39100
2026-01-30,56.599998474121094,57.45000076293945,56.599998474121094,57.31999969482422,25700
2026-02-02,57.4900016784668,59.15999984741211,56.2400016784668,58.84000015258789,37100
2026-02-03,58.95000076293945,59.38999938964844,58.09000015258789,59.33000183105469,26900
2026-02-04,59.93000030517578,60.43000030517578,59.349998474121094,59.45000076293945,22900
2026-02-05,60.27000045776367,60.43000030517578,58.75,59.5099983215332,23100
2026-02-06,60.20000076293945,60.459999084472656,59.470001220703125,59.849998474121094,32300
2026-02-09,59.849998474121094,60.540000915527344,59.43000030517578,59.65999984741211,37200
2026-02-10,59.34000015258789,59.529998779296875,58.380001068115234,59.27000045776367,24000
2026-02-11,59.83000183105469,60.15999984741211,58.220001220703125,58.400001525878906,19700
2026-02-12,58.79999923706055,58.83000183105469,57.619998931884766,58.709999084472656,35300
2026-02-13,57.459999084472656,58.790000915527344,57.459999084472656,58.36000061035156,26100
2026-02-17,58.599998474121094,59.09000015258789,58.40999984741211,58.720001220703125,19800
2026-02-18,58.77000045776367,59.4900016784668,56.90999984741211,57.41999816894531,38400
2026-02-19,57.04999923706055,57.95000076293945,56.25,57.02000045776367,37300
2026-02-20,57.08000183105469,57.86000061035156,56.9900016784668,57.86000061035156,92400
2026-02-23,57.5,58.0,54.95000076293945,55.16999816894531,35200
2026-02-24,55.08000183105469,55.810001373291016,54.43000030517578,55.189998626708984,30600
2026-02-25,55.220001220703125,56.66999816894531,55.0,56.58000183105469,20400
2026-02-26,56.95000076293945,57.0099983215332,55.880001068115234,56.16999816894531,30600
2026-02-27,55.400001525878906,55.400001525878906,54.099998474121094,54.650001525878906,35800
2026-03-02,53.689998626708984,55.709999084472656,52.06999969482422,54.91999816894531,21800
2026-03-03,53.84000015258789,55.380001068115234,53.84000015258789,54.70000076293945,21900
2026-03-04,55.0099983215332,55.63999938964844,54.779998779296875,54.84000015258789,21100
2026-03-05,54.27000045776367,55.63999938964844,53.119998931884766,54.0,30500
2026-03-06,52.599998474121094,53.400001525878906,51.81999969482422,53.279998779296875,38000
2026-03-09,52.439998626708984,53.25,51.7400016784668,52.810001373291016,31400
2026-03-10,52.43000030517578,54.0,52.43000030517578,52.59000015258789,42400
2026-03-11,52.16999816894531,53.290000915527344,51.66999816894531,52.38999938964844,30800
2026-03-12,51.40999984741211,52.779998779296875,51.40999984741211,52.4900016784668,26300
2026-03-13,52.70000076293945,53.099998474121094,51.13999938964844,51.970001220703125,19300
2026-03-16,52.84000015258789,53.22999954223633,51.90999984741211,52.689998626708984,30700
2026-03-17,53.22999954223633,53.36000061035156,51.95000076293945,52.27000045776367,47100
2026-03-18,51.79999923706055,52.45000076293945,51.20000076293945,51.619998931884766,45500
2026-03-19,51.45000076293945,53.54999923706055,51.04999923706055,52.20000076293945,64500
2026-03-20,52.31999969482422,52.45000076293945,50.75,51.689998626708984,76900
2026-03-23,52.849998474121094,54.41999816894531,52.27000045776367,53.27000045776367,33500
2026-03-24,52.77000045776367,53.88999938964844,52.77000045776367,53.70000076293945,20800
2026-03-25,53.93000030517578,54.22999954223633,52.709999084472656,53.29999923706055,16900
2026-03-26,52.9900016784668,53.470001220703125,52.77000045776367,53.439998626708984,18600
2026-03-27,53.11000061035156,53.650001525878906,52.7400016784668,52.9900016784668,47800
2026-03-30,53.290000915527344,54.279998779296875,53.150001525878906,54.11000061035156,27300
2026-03-31,54.47999954223633,54.529998779296875,53.33000183105469,53.93000030517578,47400
2026-04-01,54.0,55.4900016784668,54.0,54.540000915527344,27500
2026-04-02,53.810001373291016,55.400001525878906,53.41999816894531,55.189998626708984,65100
2026-04-06,55.0,56.47999954223633,53.849998474121094,55.959999084472656,82000
2026-04-07,55.88999938964844,56.720001220703125,55.529998779296875,56.5,65600
2026-04-08,58.130001068115234,58.779998779296875,57.560001373291016,57.83000183105469,43000
2026-04-09,57.459999084472656,59.5,57.33000183105469,59.290000915527344,77100
2026-04-10,59.279998779296875,59.290000915527344,58.06999969482422,58.599998474121094,68400
2026-04-13,58.349998474121094,58.81999969482422,57.95000076293945,58.720001220703125,47800
2026-04-14,58.599998474121094,58.689998626708984,57.849998474121094,58.439998626708984,40500
2026-04-15,58.279998779296875,59.0,57.72999954223633,58.369998931884766,47800
2026-04-16,58.029998779296875,58.220001220703125,57.5099983215332,57.939998626708984,115500
2026-04-17,58.45000076293945,60.5,58.45000076293945,59.33000183105469,75300
2026-04-20,59.380001068115234,60.029998779296875,58.77000045776367,58.790000915527344,44600
2026-04-21,59.13999938964844,59.38999938964844,57.11000061035156,57.29999923706055,38800
2026-04-22,57.38999938964844,57.95000076293945,57.06999969482422,57.27000045776367,34600
2026-04-23,57.0099983215332,57.7400016784668,57.0099983215332,57.290000915527344,24700
2026-04-24,56.5099983215332,56.970001220703125,54.650001525878906,56.029998779296875,45200
2026-04-27,55.83000183105469,57.59000015258789,55.5099983215332,57.08000183105469,62500
2026-04-28,57.380001068115234,58.470001220703125,54.189998626708984,57.9900016784668,43600
2026-04-29,58.290000915527344,58.290000915527344,56.0099983215332,56.470001220703125,49500
2026-04-30,56.40999984741211,57.18000030517578,55.939998626708984,56.20000076293945,36000
2026-05-01,56.20000076293945,57.18000030517578,56.20000076293945,56.540000915527344,32000
2026-05-04,56.22999954223633,56.86000061035156,55.150001525878906,55.540000915527344,31800
2026-05-05,55.66999816894531,56.970001220703125,55.66999816894531,56.459999084472656,29700
2026-05-06,56.439998626708984,56.810001373291016,56.220001220703125,56.380001068115234,23100
2026-05-07,56.29999923706055,56.849998474121094,55.91999816894531,56.720001220703125,28600
2026-05-08,56.529998779296875,56.86000061035156,56.22999954223633,56.59000015258789,20900
2026-05-11,56.4900016784668,56.59000015258789,55.060001373291016,55.5099983215332,24900
2026-05-12,55.209999084472656,55.31999969482422,54.36000061035156,55.029998779296875,19900
2026-05-13,54.70000076293945,54.70000076293945,54.31999969482422,54.540000915527344,19300
2026-05-14,54.81999969482422,55.349998474121094,54.81999969482422,54.880001068115234,20200
2026-05-15,54.83000183105469,54.83000183105469,53.54999923706055,53.810001373291016,45100
2026-05-18,54.45000076293945,55.349998474121094,54.45000076293945,55.220001220703125,23600
2026-05-19,55.0,55.630001068115234,54.77000045776367,55.38999938964844,39100
2026-05-20,55.29999923706055,57.0,55.29999923706055,56.38999938964844,36200
2026-05-21,56.13999938964844,57.22999954223633,55.59000015258789,57.220001220703125,34400
2026-05-22,57.369998931884766,57.650001525878906,56.7599983215332,57.08000183105469,42100
2026-05-26,57.18000030517578,58.29999923706055,56.93000030517578,57.65999984741211,38800
2026-05-27,57.560001373291016,58.0,56.93000030517578,57.2599983215332,22800
2026-05-28,57.06999969482422,57.619998931884766,56.459999084472656,57.4900016784668,33600
2026-05-29,57.400001525878906,57.95000076293945,57.380001068115234,57.52000045776367,20800
2026-06-01,57.65999984741211,57.65999984741211,56.220001220703125,56.41999816894531,29900
2026-06-02,56.099998474121094,57.650001525878906,55.2400016784668,57.41999816894531,31800
2026-06-03,56.900001525878906,57.25,55.599998474121094,55.790000915527344,47200
2026-06-04,56.25,57.9900016784668,56.25,57.70000076293945,30800
2026-06-05,57.66999816894531,58.849998474121094,57.0,58.130001068115234,41500
2026-06-08,58.400001525878906,58.959999084472656,57.70000076293945,58.41999816894531,21500
2026-06-09,58.9900016784668,60.13999938964844,58.9900016784668,59.2400016784668,38400
2026-06-10,59.54999923706055,60.75,59.5,60.09000015258789,53800
2026-06-11,60.20000076293945,60.31999969482422,58.939998626708984,59.77000045776367,57800
2026-06-12,60.16999816894531,60.9900016784668,60.16999816894531,60.619998931884766,28100
2026-06-15,60.86000061035156,61.29999923706055,59.209999084472656,59.36000061035156,30200
2026-06-16,59.5,60.15999984741211,59.09000015258789,59.959999084472656,26100
2026-06-17,60.52000045776367,60.52000045776367,58.90999984741211,59.5099983215332,54400
2026-06-18,60.36000061035156,61.060001373291016,59.65999984741211,60.34000015258789,69600
2026-06-22,60.16999816894531,61.040000915527344,60.119998931884766,60.400001525878906,54500
2026-06-23,60.599998474121094,62.029998779296875,60.4900016784668,62.029998779296875,57400
2026-06-24,62.25,63.20000076293945,62.22999954223633,62.439998626708984,64000
2026-06-25,62.630001068115234,63.040000915527344,62.06999969482422,62.91999816894531,42400
2026-06-26,63.220001220703125,63.880001068115234,61.90999984741211,63.810001373291016,223900
2026-06-29,63.20000076293945,63.56999969482422,62.400001525878906,63.209999084472656,51400
2026-06-30,63.0,63.56999969482422,62.540000915527344,63.16999816894531,31800
2026-07-01,63.5,65.1500015258789,62.630001068115234,64.76000213623047,63900
2026-07-02,65.33000183105469,65.48999786376953,63.470001220703125,63.849998474121094,45400
2026-07-06,63.849998474121094,64.5999984741211,63.29999923706055,64.36000061035156,59700
2026-07-07,64.54000091552734,64.95999908447266,63.34000015258789,63.34000015258789,47800
2026-07-08,62.459999084472656,63.31999969482422,61.91999816894531,62.630001068115234,55900
2026-07-09,62.630001068115234,63.63999938964844,62.290000915527344,63.060001373291016,34800
2026-07-10,62.90999984741211,63.7599983215332,62.61000061035156,63.70000076293945,45300
2026-07-13,63.27000045776367,64.25,63.09000015258789,63.70000076293945,55900
2026-07-14,64.04000091552734,64.2699966430664,63.189998626708984,63.29999923706055,59200
2026-07-15,63.369998931884766,64.4800033569336,63.0099983215332,64.05999755859375,70900
2026-07-16,64.05999755859375,66.66999816894531,64.05999755859375,66.52999877929688,80800
2026-07-17,65.77999877929688,66.7699966430664,64.8499984741211,65.69999694824219,77400
