Date,Open,High,Low,Close,Volume
2016-07-18,51.599998474121094,51.86000061035156,51.220001220703125,51.65999984741211,86900
2016-07-19,51.75,51.849998474121094,51.27000045776367,51.529998779296875,96400
2016-07-20,51.75,52.11000061035156,51.189998626708984,51.63999938964844,82200
2016-07-21,51.81999969482422,51.81999969482422,50.689998626708984,50.810001373291016,68500
2016-07-22,50.720001220703125,52.060001373291016,50.470001220703125,51.79999923706055,89700
2016-07-25,51.90999984741211,51.90999984741211,51.29999923706055,51.540000915527344,70500
2016-07-26,51.58000183105469,52.0099983215332,50.630001068115234,50.7599983215332,99200
2016-07-27,50.72999954223633,51.36000061035156,49.95000076293945,51.279998779296875,177200
2016-07-28,53.18000030517578,53.18000030517578,50.849998474121094,51.02000045776367,191100
2016-07-29,51.0,51.40999984741211,50.22999954223633,51.310001373291016,215000
2016-08-01,51.459999084472656,51.900001525878906,50.810001373291016,51.09000015258789,96900
2016-08-02,51.25,51.369998931884766,50.369998931884766,50.65999984741211,105800
2016-08-03,50.810001373291016,51.150001525878906,50.18000030517578,50.849998474121094,159900
2016-08-04,50.75,51.310001373291016,50.619998931884766,50.810001373291016,87400
2016-08-05,51.060001373291016,51.65999984741211,50.97999954223633,51.15999984741211,142900
2016-08-08,51.09000015258789,51.619998931884766,51.04999923706055,51.43000030517578,110500
2016-08-09,51.2599983215332,51.869998931884766,50.939998626708984,51.18000030517578,197500
2016-08-10,51.209999084472656,51.529998779296875,50.83000183105469,51.40999984741211,289100
2016-08-11,51.5,51.880001068115234,51.29999923706055,51.47999954223633,238800
2016-08-12,51.22999954223633,51.52000045776367,50.22999954223633,51.02000045776367,175600
2016-08-15,51.33000183105469,52.599998474121094,51.33000183105469,52.54999923706055,207000
2016-08-16,52.40999984741211,52.5099983215332,51.63999938964844,51.86000061035156,212400
2016-08-17,51.77000045776367,52.15999984741211,51.29999923706055,51.93000030517578,179800
2016-08-18,52.029998779296875,52.88999938964844,51.790000915527344,52.880001068115234,119800
2016-08-19,52.88999938964844,53.08000183105469,52.38999938964844,53.060001373291016,112100
2016-08-22,52.81999969482422,53.95000076293945,52.47999954223633,53.81999969482422,114300
2016-08-23,53.75,53.75,52.779998779296875,53.439998626708984,138900
2016-08-24,53.43000030517578,53.43000030517578,50.849998474121094,51.7599983215332,182600
2016-08-25,51.79999923706055,51.900001525878906,51.099998474121094,51.349998474121094,140800
2016-08-26,51.4900016784668,51.959999084472656,50.97999954223633,51.84000015258789,130400
2016-08-29,51.90999984741211,52.33000183105469,51.72999954223633,52.290000915527344,78100
2016-08-30,52.119998931884766,52.869998931884766,52.0,52.77000045776367,120600
2016-08-31,52.540000915527344,52.86000061035156,51.54999923706055,51.720001220703125,212600
2016-09-01,49.70000076293945,52.15999984741211,49.70000076293945,50.31999969482422,1873100
2016-09-02,52.4900016784668,53.290000915527344,51.900001525878906,52.83000183105469,311000
2016-09-06,52.779998779296875,52.779998779296875,50.150001525878906,50.540000915527344,524500
2016-09-07,50.27000045776367,51.099998474121094,48.599998474121094,51.08000183105469,684100
2016-09-08,50.40999984741211,50.45000076293945,49.380001068115234,49.7599983215332,398300
2016-09-09,49.470001220703125,49.61000061035156,47.27000045776367,47.349998474121094,354300
2016-09-12,46.790000915527344,47.689998626708984,46.720001220703125,47.380001068115234,292900
2016-09-13,46.83000183105469,47.310001373291016,46.16999816894531,46.66999816894531,252100
2016-09-14,46.5,46.880001068115234,45.41999816894531,45.66999816894531,235300
2016-09-15,45.619998931884766,46.970001220703125,44.939998626708984,46.83000183105469,190200
2016-09-16,46.5,47.099998474121094,46.43000030517578,46.560001373291016,287900
2016-09-19,46.459999084472656,47.060001373291016,45.869998931884766,46.40999984741211,148500
2016-09-20,46.650001525878906,47.08000183105469,45.97999954223633,47.0,279900
2016-09-21,47.38999938964844,47.630001068115234,46.630001068115234,46.939998626708984,272900
2016-09-22,47.34000015258789,47.959999084472656,46.970001220703125,47.880001068115234,262200
2016-09-23,47.689998626708984,48.08000183105469,47.349998474121094,47.439998626708984,187900
2016-09-26,47.0099983215332,47.20000076293945,46.150001525878906,46.310001373291016,240600
2016-09-27,45.9900016784668,46.29999923706055,45.779998779296875,46.2599983215332,213500
2016-09-28,46.529998779296875,47.09000015258789,46.11000061035156,46.93000030517578,227500
2016-09-29,47.61000061035156,47.61000061035156,45.880001068115234,46.2400016784668,149700
2016-09-30,46.70000076293945,47.29999923706055,46.04999923706055,47.08000183105469,230300
2016-10-03,48.209999084472656,50.29999923706055,48.189998626708984,49.09000015258789,699400
2016-10-04,49.369998931884766,49.369998931884766,47.529998779296875,48.0099983215332,283600
2016-10-05,48.08000183105469,48.52000045776367,47.880001068115234,47.90999984741211,129600
2016-10-06,47.88999938964844,47.88999938964844,46.61000061035156,46.63999938964844,216500
2016-10-07,46.689998626708984,47.40999984741211,46.470001220703125,47.29999923706055,232700
2016-10-10,47.400001525878906,48.369998931884766,47.209999084472656,48.29999923706055,150300
2016-10-11,48.869998931884766,48.869998931884766,47.310001373291016,47.619998931884766,102700
2016-10-12,47.599998474121094,47.65999984741211,47.08000183105469,47.380001068115234,115800
2016-10-13,48.95000076293945,49.540000915527344,47.20000076293945,47.380001068115234,288400
2016-10-14,47.72999954223633,47.849998474121094,46.209999084472656,46.560001373291016,169600
2016-10-17,46.5,46.54999923706055,46.0,46.15999984741211,177900
2016-10-18,46.52000045776367,46.59000015258789,46.06999969482422,46.20000076293945,152900
2016-10-19,46.06999969482422,47.43000030517578,46.0,47.04999923706055,165500
2016-10-20,46.79999923706055,47.220001220703125,46.65999984741211,47.0099983215332,109000
2016-10-21,46.310001373291016,46.880001068115234,46.13999938964844,46.849998474121094,132900
2016-10-24,46.95000076293945,47.75,46.95000076293945,47.70000076293945,145200
2016-10-25,47.75,48.25,47.29999923706055,47.900001525878906,234600
2016-10-26,47.400001525878906,47.95000076293945,47.099998474121094,47.400001525878906,207200
2016-10-27,51.95000076293945,53.25,49.5,49.650001525878906,304300
2016-10-28,50.04999923706055,50.04999923706055,46.54999923706055,47.099998474121094,334500
2016-10-31,46.75,47.599998474121094,46.75,47.20000076293945,314000
2016-11-01,47.29999923706055,47.5,46.72999954223633,47.0,240500
2016-11-02,46.849998474121094,46.95000076293945,46.04999923706055,46.099998474121094,274000
2016-11-03,46.349998474121094,46.349998474121094,44.849998474121094,45.04999923706055,186000
2016-11-04,45.25,46.0,45.0,45.45000076293945,319500
2016-11-07,46.54999923706055,48.0,46.25,47.400001525878906,243400
2016-11-08,47.150001525878906,47.599998474121094,46.54999923706055,47.400001525878906,153000
2016-11-09,46.79999923706055,47.400001525878906,46.29999923706055,46.900001525878906,396300
2016-11-10,47.5,49.20000076293945,47.04999923706055,48.099998474121094,543900
2016-11-11,48.349998474121094,49.0,47.54999923706055,48.849998474121094,397700
2016-11-14,49.29999923706055,49.400001525878906,48.45000076293945,49.0,314000
2016-11-15,48.75,48.75,47.099998474121094,47.650001525878906,258500
2016-11-16,47.650001525878906,48.0,46.95000076293945,47.04999923706055,414400
2016-11-17,47.04999923706055,47.75,46.650001525878906,47.0,202000
2016-11-18,47.20000076293945,47.349998474121094,46.70000076293945,46.900001525878906,242000
2016-11-21,47.150001525878906,47.150001525878906,45.5,45.900001525878906,291000
2016-11-22,46.20000076293945,47.599998474121094,45.79999923706055,47.54999923706055,409000
2016-11-23,47.25,47.95000076293945,47.099998474121094,47.79999923706055,256700
2016-11-25,47.95000076293945,48.150001525878906,47.29999923706055,47.79999923706055,80800
2016-11-28,47.650001525878906,48.04999923706055,47.099998474121094,47.400001525878906,228800
2016-11-29,47.599998474121094,48.04999923706055,47.04999923706055,47.900001525878906,324400
2016-11-30,47.900001525878906,48.099998474121094,45.79999923706055,45.900001525878906,532300
2016-12-01,45.900001525878906,46.45000076293945,44.599998474121094,44.95000076293945,292000
2016-12-02,44.95000076293945,45.150001525878906,44.599998474121094,44.79999923706055,260300
2016-12-05,45.150001525878906,45.70000076293945,44.75,45.150001525878906,240200
2016-12-06,45.20000076293945,46.150001525878906,44.70000076293945,46.150001525878906,210700
2016-12-07,46.04999923706055,46.900001525878906,45.29999923706055,46.900001525878906,298800
2016-12-08,47.0,47.95000076293945,46.349998474121094,47.849998474121094,241200
2016-12-09,47.900001525878906,48.599998474121094,47.45000076293945,47.95000076293945,232900
2016-12-12,47.70000076293945,48.099998474121094,46.650001525878906,46.849998474121094,175900
2016-12-13,47.099998474121094,47.45000076293945,45.95000076293945,46.5,220900
2016-12-14,46.20000076293945,46.900001525878906,46.0,46.45000076293945,172900
2016-12-15,46.400001525878906,47.20000076293945,45.95000076293945,46.29999923706055,225300
2016-12-16,46.599998474121094,47.400001525878906,46.20000076293945,47.0,572500
2016-12-19,47.04999923706055,47.400001525878906,46.099998474121094,46.45000076293945,162800
2016-12-20,46.5,46.900001525878906,46.25,46.849998474121094,192100
2016-12-21,46.79999923706055,47.04999923706055,46.04999923706055,46.849998474121094,98900
2016-12-22,46.79999923706055,46.79999923706055,45.54999923706055,45.900001525878906,147600
2016-12-23,46.0,46.20000076293945,45.75,46.0,169800
2016-12-27,46.0,47.25,45.95000076293945,46.75,153900
2016-12-28,46.75,46.95000076293945,45.79999923706055,46.25,155500
2016-12-29,46.29999923706055,47.150001525878906,46.25,46.900001525878906,170600
2016-12-30,46.95000076293945,47.099998474121094,46.599998474121094,47.0,256900
2017-01-03,47.400001525878906,47.5,46.849998474121094,47.29999923706055,267400
2017-01-04,47.75,48.70000076293945,47.5,48.650001525878906,247300
2017-01-05,48.25,48.45000076293945,47.849998474121094,48.150001525878906,220000
2017-01-06,48.20000076293945,48.20000076293945,47.349998474121094,47.75,210700
2017-01-09,47.75,47.75,46.75,46.79999923706055,289200
2017-01-10,46.900001525878906,46.900001525878906,46.25,46.5,298600
2017-01-11,46.5,46.5,44.70000076293945,45.54999923706055,425200
2017-01-12,44.70000076293945,45.0,42.83000183105469,43.54999923706055,717600
2017-01-13,43.599998474121094,44.599998474121094,43.599998474121094,44.0,563200
2017-01-17,43.650001525878906,43.900001525878906,43.04999923706055,43.400001525878906,512800
2017-01-18,43.45000076293945,43.45000076293945,42.70000076293945,43.0,310800
2017-01-19,43.0,43.29999923706055,42.70000076293945,42.95000076293945,264600
2017-01-20,42.849998474121094,43.70000076293945,42.75,43.599998474121094,406000
2017-01-23,43.5,44.0,42.79999923706055,43.04999923706055,286600
2017-01-24,43.099998474121094,43.900001525878906,42.70000076293945,43.25,270500
2017-01-25,43.849998474121094,43.849998474121094,42.650001525878906,43.349998474121094,386000
2017-01-26,43.150001525878906,43.599998474121094,42.5,42.900001525878906,434200
2017-01-27,42.849998474121094,42.900001525878906,41.900001525878906,42.099998474121094,315600
2017-01-30,42.0,42.04999923706055,41.45000076293945,41.849998474121094,313800
2017-01-31,41.599998474121094,42.79999923706055,41.599998474121094,42.70000076293945,345200
2017-02-01,43.0,43.650001525878906,42.650001525878906,42.75,556300
2017-02-02,41.099998474121094,43.650001525878906,39.79999923706055,43.150001525878906,808900
2017-02-03,43.5,44.20000076293945,42.95000076293945,43.54999923706055,459500
2017-02-06,43.349998474121094,43.95000076293945,43.099998474121094,43.29999923706055,387900
2017-02-07,43.599998474121094,43.95000076293945,43.150001525878906,43.5,391300
2017-02-08,43.29999923706055,44.29999923706055,42.75,44.25,473700
2017-02-09,44.099998474121094,45.349998474121094,43.95000076293945,44.75,500700
2017-02-10,44.70000076293945,44.900001525878906,43.900001525878906,44.20000076293945,190700
2017-02-13,44.349998474121094,44.54999923706055,43.599998474121094,43.75,210500
2017-02-14,43.54999923706055,43.650001525878906,43.04999923706055,43.5,239800
2017-02-15,43.29999923706055,43.79999923706055,43.20000076293945,43.79999923706055,146000
2017-02-16,43.70000076293945,43.95000076293945,43.25,43.900001525878906,194100
2017-02-17,43.95000076293945,43.95000076293945,43.29999923706055,43.54999923706055,202200
2017-02-21,43.599998474121094,43.70000076293945,42.70000076293945,43.20000076293945,122900
2017-02-22,43.099998474121094,43.380001068115234,42.70000076293945,43.349998474121094,131200
2017-02-23,43.400001525878906,44.29999923706055,43.0,43.79999923706055,274200
2017-02-24,43.5,44.20000076293945,43.150001525878906,44.150001525878906,266400
2017-02-27,44.20000076293945,44.849998474121094,44.04999923706055,44.79999923706055,395800
2017-02-28,44.650001525878906,44.75,44.04999923706055,44.349998474121094,360800
2017-03-01,44.95000076293945,45.900001525878906,44.650001525878906,45.79999923706055,481800
2017-03-02,45.849998474121094,45.849998474121094,44.5,44.599998474121094,244600
2017-03-03,44.54999923706055,44.849998474121094,44.0,44.20000076293945,136100
2017-03-06,43.95000076293945,44.04999923706055,43.47999954223633,44.04999923706055,153100
2017-03-07,43.900001525878906,44.04999923706055,43.5,43.70000076293945,250600
2017-03-08,43.79999923706055,44.0,43.0,43.0,137600
2017-03-09,43.04999923706055,44.099998474121094,43.04999923706055,43.95000076293945,246300
2017-03-10,43.20000076293945,44.54999923706055,43.04999923706055,43.5,442500
2017-03-13,43.5,44.0,43.5,43.849998474121094,138000
2017-03-14,43.75,44.08000183105469,43.349998474121094,43.650001525878906,235400
2017-03-15,43.95000076293945,44.599998474121094,43.650001525878906,44.400001525878906,247700
2017-03-16,44.45000076293945,45.47999954223633,44.400001525878906,45.29999923706055,263400
2017-03-17,45.349998474121094,45.43000030517578,44.29999923706055,45.29999923706055,420400
2017-03-20,45.29999923706055,45.45000076293945,45.0,45.150001525878906,133600
2017-03-21,45.349998474121094,45.599998474121094,44.5,45.400001525878906,386300
2017-03-22,45.20000076293945,45.20000076293945,44.349998474121094,44.70000076293945,418500
2017-03-23,44.599998474121094,44.900001525878906,44.45000076293945,44.650001525878906,243200
2017-03-24,44.79999923706055,45.529998779296875,44.70000076293945,45.349998474121094,279800
2017-03-27,44.79999923706055,45.599998474121094,44.79999923706055,45.349998474121094,248900
2017-03-28,45.150001525878906,45.70000076293945,45.0,45.70000076293945,199700
2017-03-29,45.599998474121094,46.75,45.5,46.650001525878906,176800
2017-03-30,46.599998474121094,48.349998474121094,46.599998474121094,48.25,302200
2017-03-31,48.099998474121094,49.599998474121094,48.099998474121094,49.150001525878906,482700
2017-04-03,49.150001525878906,49.400001525878906,48.75,49.0,298000
2017-04-04,48.95000076293945,49.43000030517578,48.650001525878906,49.04999923706055,223700
2017-04-05,49.29999923706055,49.54999923706055,48.150001525878906,48.25,235300
2017-04-06,48.25,48.54999923706055,47.849998474121094,48.5,223400
2017-04-07,48.25,48.599998474121094,48.0,48.04999923706055,261800
2017-04-10,48.04999923706055,48.70000076293945,47.79999923706055,48.54999923706055,258300
2017-04-11,48.5,48.79999923706055,48.25,48.70000076293945,252300
2017-04-12,48.599998474121094,48.75,48.0,48.20000076293945,132100
2017-04-13,48.150001525878906,48.25,47.599998474121094,47.70000076293945,108900
2017-04-17,47.75,48.650001525878906,47.75,48.54999923706055,114100
2017-04-18,48.349998474121094,48.79999923706055,48.0,48.79999923706055,147000
2017-04-19,48.900001525878906,49.150001525878906,48.45000076293945,48.900001525878906,182300
2017-04-20,49.0,50.58000183105469,48.95000076293945,50.150001525878906,290200
2017-04-21,50.099998474121094,50.5,49.95000076293945,50.099998474121094,207100
2017-04-24,50.900001525878906,51.150001525878906,50.47999954223633,50.95000076293945,180200
2017-04-25,51.25,51.900001525878906,51.20000076293945,51.45000076293945,228100
2017-04-26,51.29999923706055,51.70000076293945,50.54999923706055,51.45000076293945,424600
2017-04-27,52.5,54.95000076293945,51.04999923706055,52.04999923706055,401200
2017-04-28,52.29999923706055,52.75,51.29999923706055,51.95000076293945,255000
2017-05-01,52.04999923706055,52.150001525878906,50.95000076293945,51.349998474121094,237400
2017-05-02,51.29999923706055,53.150001525878906,51.29999923706055,53.04999923706055,338100
2017-05-03,52.650001525878906,53.150001525878906,52.45000076293945,53.04999923706055,154900
2017-05-04,53.150001525878906,53.45000076293945,53.0,53.25,236600
2017-05-05,53.29999923706055,53.599998474121094,52.900001525878906,53.29999923706055,176700
2017-05-08,53.29999923706055,53.45000076293945,52.79999923706055,53.04999923706055,120100
2017-05-09,53.20000076293945,53.599998474121094,53.0,53.400001525878906,175500
2017-05-10,53.29999923706055,53.58000183105469,53.04999923706055,53.20000076293945,128100
2017-05-11,52.900001525878906,53.0,52.20000076293945,52.400001525878906,172200
2017-05-12,52.150001525878906,52.29999923706055,51.630001068115234,51.900001525878906,157300
2017-05-15,51.97999954223633,52.45000076293945,51.95000076293945,52.29999923706055,137000
2017-05-16,53.5,54.099998474121094,52.900001525878906,54.0,280200
2017-05-17,54.0,54.150001525878906,53.150001525878906,53.650001525878906,230600
2017-05-18,53.54999923706055,54.22999954223633,53.5,54.04999923706055,292400
2017-05-19,54.0,54.650001525878906,53.70000076293945,53.70000076293945,137100
2017-05-22,53.75,54.5,53.650001525878906,54.45000076293945,107600
2017-05-23,54.599998474121094,54.599998474121094,53.5,54.150001525878906,170400
2017-05-24,54.04999923706055,54.650001525878906,53.29999923706055,53.400001525878906,209800
2017-05-25,53.54999923706055,53.900001525878906,53.20000076293945,53.45000076293945,275300
2017-05-26,53.45000076293945,53.849998474121094,53.0,53.75,121100
2017-05-30,53.599998474121094,53.70000076293945,53.099998474121094,53.150001525878906,141100
2017-05-31,53.45000076293945,53.70000076293945,52.650001525878906,53.650001525878906,260300
2017-06-01,53.54999923706055,54.25,53.400001525878906,54.0,322600
2017-06-02,53.95000076293945,54.75,53.650001525878906,54.29999923706055,141900
2017-06-05,54.20000076293945,54.43000030517578,53.599998474121094,53.599998474121094,95100
2017-06-06,53.349998474121094,54.29999923706055,53.099998474121094,54.20000076293945,167500
2017-06-07,54.150001525878906,54.70000076293945,54.04999923706055,54.349998474121094,142100
2017-06-08,54.400001525878906,55.20000076293945,54.25,55.099998474121094,153000
2017-06-09,55.25,56.099998474121094,55.25,56.04999923706055,199100
2017-06-12,56.099998474121094,56.79999923706055,55.25,55.599998474121094,171800
2017-06-13,55.599998474121094,56.0,55.349998474121094,55.849998474121094,142100
2017-06-14,55.849998474121094,56.04999923706055,55.400001525878906,55.70000076293945,146800
2017-06-15,55.349998474121094,56.099998474121094,55.349998474121094,55.95000076293945,104800
2017-06-16,55.349998474121094,55.900001525878906,55.29999923706055,55.650001525878906,282800
2017-06-19,55.95000076293945,56.150001525878906,55.54999923706055,55.849998474121094,115400
2017-06-20,55.54999923706055,56.0,55.349998474121094,55.5,75200
2017-06-21,55.599998474121094,55.900001525878906,55.29999923706055,55.54999923706055,183800
2017-06-22,55.599998474121094,57.189998626708984,55.349998474121094,56.599998474121094,297800
2017-06-23,56.70000076293945,57.29999923706055,56.45000076293945,57.099998474121094,700700
2017-06-26,57.25,57.900001525878906,57.099998474121094,57.5,123700
2017-06-27,57.54999923706055,58.630001068115234,57.31999969482422,58.349998474121094,213300
2017-06-28,58.900001525878906,59.349998474121094,58.5,58.849998474121094,214700
2017-06-29,59.20000076293945,59.20000076293945,57.900001525878906,58.25,112200
2017-06-30,58.349998474121094,58.75,58.04999923706055,58.29999923706055,133300
2017-07-03,58.400001525878906,59.099998474121094,58.349998474121094,58.599998474121094,68000
2017-07-05,58.54999923706055,58.849998474121094,58.150001525878906,58.650001525878906,112500
2017-07-06,58.349998474121094,58.70000076293945,58.099998474121094,58.45000076293945,171900
2017-07-07,58.650001525878906,58.650001525878906,58.04999923706055,58.150001525878906,169100
2017-07-10,57.849998474121094,58.45000076293945,57.650001525878906,57.95000076293945,138000
2017-07-11,58.099998474121094,58.79999923706055,57.54999923706055,58.5,259200
2017-07-12,58.95000076293945,59.099998474121094,58.22999954223633,58.54999923706055,173700
2017-07-13,58.650001525878906,58.95000076293945,57.5,58.45000076293945,614700
2017-07-14,58.400001525878906,59.04999923706055,58.150001525878906,58.54999923706055,191700
2017-07-17,57.5,58.29999923706055,56.400001525878906,58.04999923706055,249700
2017-07-18,57.900001525878906,58.349998474121094,57.650001525878906,57.95000076293945,129700
2017-07-19,58.29999923706055,58.29999923706055,57.779998779296875,57.95000076293945,222400
2017-07-20,57.95000076293945,58.099998474121094,57.70000076293945,57.95000076293945,160400
2017-07-21,58.29999923706055,58.5,57.75,57.95000076293945,174400
2017-07-24,58.20000076293945,58.29999923706055,57.599998474121094,58.0,231800
2017-07-25,58.25,58.29999923706055,58.0,58.099998474121094,137000
2017-07-26,58.04999923706055,58.54999923706055,57.880001068115234,57.95000076293945,190800
2017-07-27,58.20000076293945,60.75,57.650001525878906,58.95000076293945,363800
2017-07-28,58.95000076293945,59.0,58.349998474121094,58.45000076293945,173500
2017-07-31,58.599998474121094,58.599998474121094,58.0,58.150001525878906,200200
2017-08-01,58.25,58.5,58.0,58.25,195300
2017-08-02,58.20000076293945,58.75,57.70000076293945,57.95000076293945,155700
2017-08-03,57.95000076293945,58.04999923706055,57.75,57.900001525878906,130900
2017-08-04,58.0,58.25,57.650001525878906,57.849998474121094,103600
2017-08-07,57.95000076293945,58.650001525878906,57.70000076293945,58.400001525878906,100600
2017-08-08,58.400001525878906,59.45000076293945,57.95000076293945,58.95000076293945,135100
2017-08-09,58.70000076293945,59.0,58.33000183105469,58.900001525878906,231800
2017-08-10,58.79999923706055,59.25,58.5,58.599998474121094,155600
2017-08-11,58.150001525878906,58.599998474121094,57.54999923706055,58.150001525878906,193200
2017-08-14,58.45000076293945,59.599998474121094,58.29999923706055,59.29999923706055,146400
2017-08-15,59.29999923706055,60.150001525878906,59.150001525878906,60.04999923706055,219100
2017-08-16,60.150001525878906,60.650001525878906,60.099998474121094,60.349998474121094,238100
2017-08-17,60.20000076293945,60.45000076293945,60.0,60.20000076293945,309100
2017-08-18,59.79999923706055,60.349998474121094,59.75,60.0,441800
2017-08-21,59.95000076293945,59.95000076293945,59.150001525878906,59.20000076293945,280600
2017-08-22,59.349998474121094,59.349998474121094,58.93000030517578,59.25,185600
2017-08-23,58.95000076293945,59.45000076293945,58.849998474121094,59.0,179800
2017-08-24,59.25,59.95000076293945,58.75,59.5,153400
2017-08-25,59.54999923706055,59.75,58.849998474121094,58.900001525878906,192600
2017-08-28,59.150001525878906,59.25,58.70000076293945,58.900001525878906,283000
2017-08-29,58.54999923706055,58.75,58.25,58.5,207200
2017-08-30,58.45000076293945,58.599998474121094,57.95000076293945,58.0,286000
2017-08-31,58.349998474121094,58.75,58.25,58.70000076293945,137000
2017-09-01,58.75,59.150001525878906,58.529998779296875,59.099998474121094,130200
2017-09-05,58.900001525878906,59.25,58.349998474121094,58.45000076293945,125100
2017-09-06,58.650001525878906,58.79999923706055,58.150001525878906,58.400001525878906,113700
2017-09-07,58.25,58.45000076293945,57.95000076293945,58.25,132900
2017-09-08,58.25,58.5,58.150001525878906,58.400001525878906,118400
2017-09-11,58.79999923706055,58.95000076293945,58.349998474121094,58.75,191900
2017-09-12,58.79999923706055,58.79999923706055,58.25,58.29999923706055,133600
2017-09-13,58.20000076293945,58.400001525878906,57.900001525878906,58.29999923706055,168200
2017-09-14,58.150001525878906,58.650001525878906,57.75,57.95000076293945,197100
2017-09-15,58.04999923706055,60.20000076293945,57.79999923706055,59.79999923706055,542500
2017-09-18,59.900001525878906,60.349998474121094,59.75,60.0,131800
2017-09-19,59.95000076293945,60.79999923706055,59.79999923706055,60.650001525878906,172800
2017-09-20,60.45000076293945,61.04999923706055,60.349998474121094,60.75,224800
2017-09-21,60.599998474121094,61.0,60.5,61.0,163500
2017-09-22,60.900001525878906,61.650001525878906,60.79999923706055,61.5,247900
2017-09-25,61.400001525878906,62.29999923706055,61.400001525878906,62.150001525878906,214100
2017-09-26,62.20000076293945,62.70000076293945,61.79999923706055,62.349998474121094,176600
2017-09-27,62.75,62.95000076293945,62.25,62.70000076293945,296000
2017-09-28,62.70000076293945,63.54999923706055,62.5,63.45000076293945,206600
2017-09-29,63.349998474121094,63.599998474121094,62.900001525878906,63.150001525878906,213200
2017-10-02,63.20000076293945,63.29999923706055,62.25,63.25,224600
2017-10-03,63.25,63.349998474121094,62.79999923706055,63.0,238900
2017-10-04,63.400001525878906,63.400001525878906,62.45000076293945,62.849998474121094,166900
2017-10-05,62.95000076293945,63.150001525878906,61.79999923706055,61.95000076293945,207400
2017-10-06,61.900001525878906,61.95000076293945,61.400001525878906,61.70000076293945,155000
2017-10-09,61.70000076293945,61.880001068115234,61.04999923706055,61.54999923706055,281900
2017-10-10,61.95000076293945,62.400001525878906,61.400001525878906,61.5,165100
2017-10-11,61.75,61.79999923706055,60.97999954223633,61.29999923706055,204100
2017-10-12,61.25,61.45000076293945,60.900001525878906,60.95000076293945,138200
2017-10-13,61.04999923706055,61.04999923706055,60.529998779296875,60.849998474121094,219800
2017-10-16,60.900001525878906,61.25,59.45000076293945,60.349998474121094,269100
2017-10-17,60.349998474121094,60.70000076293945,60.150001525878906,60.54999923706055,215600
2017-10-18,60.650001525878906,61.04999923706055,59.95000076293945,60.45000076293945,208500
2017-10-19,60.25,60.25,59.5,59.599998474121094,286400
2017-10-20,60.150001525878906,61.04999923706055,60.150001525878906,60.599998474121094,253300
2017-10-23,60.5,60.849998474121094,59.349998474121094,59.599998474121094,160300
2017-10-24,59.599998474121094,60.0,59.400001525878906,59.849998474121094,138000
2017-10-25,59.900001525878906,60.400001525878906,59.5,60.400001525878906,122100
2017-10-26,62.75,64.30000305175781,62.0,62.849998474121094,244600
2017-10-27,63.099998474121094,64.8499984741211,62.900001525878906,64.44999694824219,270400
2017-10-30,63.900001525878906,64.44999694824219,63.20000076293945,63.29999923706055,163600
2017-10-31,63.25,63.95000076293945,63.150001525878906,63.849998474121094,295600
2017-11-01,64.30000305175781,64.44999694824219,62.900001525878906,63.75,204900
2017-11-02,63.650001525878906,64.4000015258789,63.54999923706055,64.19999694824219,141300
2017-11-03,64.1500015258789,64.75,64.0,64.5,103300
2017-11-06,64.25,65.5999984741211,64.25,65.1500015258789,145200
2017-11-07,65.0,65.5999984741211,63.54999923706055,64.25,168000
2017-11-08,63.849998474121094,65.0999984741211,63.45000076293945,64.5,385000
2017-11-09,64.05000305175781,64.30000305175781,63.18000030517578,64.0,128300
2017-11-10,63.650001525878906,64.30000305175781,63.400001525878906,63.400001525878906,91400
2017-11-13,63.400001525878906,63.400001525878906,62.75,63.099998474121094,142500
2017-11-14,62.75,63.95000076293945,62.650001525878906,63.45000076293945,142200
2017-11-15,63.150001525878906,64.43000030517578,63.0,63.70000076293945,246800
2017-11-16,63.95000076293945,65.1500015258789,63.95000076293945,64.5999984741211,313200
2017-11-17,64.3499984741211,65.5,64.05000305175781,65.3499984741211,253400
2017-11-20,65.5999984741211,66.19999694824219,65.30999755859375,65.5,331400
2017-11-21,65.75,66.19999694824219,65.55000305175781,66.0999984741211,373500
2017-11-22,66.19999694824219,66.4000015258789,65.8499984741211,66.30000305175781,213600
2017-11-24,66.3499984741211,66.75,65.87999725341797,66.69999694824219,137400
2017-11-27,66.6500015258789,66.8499984741211,65.80000305175781,66.19999694824219,156600
2017-11-28,66.55000305175781,66.9000015258789,66.19999694824219,66.75,369300
2017-11-29,67.0999984741211,67.4000015258789,66.5999984741211,66.9000015258789,361300
2017-11-30,67.30000305175781,67.5,66.69999694824219,67.4000015258789,316800
2017-12-01,67.55000305175781,67.55000305175781,65.55000305175781,66.5999984741211,167000
2017-12-04,67.30000305175781,67.44999694824219,66.69999694824219,67.19999694824219,212600
2017-12-05,67.1500015258789,67.5,66.80000305175781,67.0,137300
2017-12-06,66.94999694824219,67.6500015258789,66.75,67.19999694824219,137400
2017-12-07,66.94999694824219,68.0999984741211,66.9000015258789,67.80000305175781,324600
2017-12-08,67.8499984741211,68.0,67.19999694824219,67.75,393800
2017-12-11,67.75,68.0999984741211,67.5,67.8499984741211,211900
2017-12-12,68.0,68.5,67.75,68.0,218400
2017-12-13,68.0,68.1500015258789,66.94999694824219,67.75,243100
2017-12-14,67.69999694824219,68.0,65.8499984741211,66.44999694824219,328300
2017-12-15,66.5999984741211,68.0999984741211,66.4000015258789,67.6500015258789,1294800
2017-12-18,68.05000305175781,68.5999984741211,67.19999694824219,67.8499984741211,278100
2017-12-19,67.9000015258789,68.0999984741211,67.0,67.05000305175781,231100
2017-12-20,67.4000015258789,68.44999694824219,67.25,67.4000015258789,154000
2017-12-21,67.5,67.8499984741211,67.1500015258789,67.30000305175781,188400
2017-12-22,67.44999694824219,67.94999694824219,66.9000015258789,67.5999984741211,124000
2017-12-26,67.5,68.0,67.30000305175781,67.44999694824219,120400
2017-12-27,67.44999694824219,67.9000015258789,67.05000305175781,67.3499984741211,82700
2017-12-28,67.44999694824219,68.05000305175781,67.44999694824219,67.80000305175781,99600
2017-12-29,67.9000015258789,68.0,67.3499984741211,67.44999694824219,178900
2018-01-02,67.55000305175781,67.94999694824219,66.9000015258789,67.8499984741211,210100
2018-01-03,68.0999984741211,69.5,68.0999984741211,69.3499984741211,162800
2018-01-04,69.69999694824219,70.25,69.5999984741211,69.80000305175781,164400
2018-01-05,69.9000015258789,70.05000305175781,68.5,68.5999984741211,223500
2018-01-08,69.0,69.18000030517578,68.30000305175781,68.9000015258789,312900
2018-01-09,69.05000305175781,70.0999984741211,68.80000305175781,68.94999694824219,349100
2018-01-10,68.9000015258789,70.0,68.77999877929688,69.44999694824219,275300
2018-01-11,69.5999984741211,70.5,69.3499984741211,70.5,157700
2018-01-12,70.1500015258789,70.9000015258789,70.1500015258789,70.44999694824219,162200
2018-01-16,70.6500015258789,71.3499984741211,70.1500015258789,70.6500015258789,214700
2018-01-17,70.80000305175781,71.3499984741211,70.62999725341797,70.94999694824219,171700
2018-01-18,71.0999984741211,71.19999694824219,70.1500015258789,70.4000015258789,158200
2018-01-19,70.1500015258789,71.30000305175781,70.1500015258789,71.25,137700
2018-01-22,71.4000015258789,71.6500015258789,70.75,71.6500015258789,105200
2018-01-23,71.3499984741211,71.94999694824219,71.25,71.9000015258789,110100
2018-01-24,72.0999984741211,72.4000015258789,71.30000305175781,71.69999694824219,122500
2018-01-25,72.19999694824219,73.1500015258789,71.55000305175781,73.0999984741211,220000
2018-01-26,73.19999694824219,73.25,72.30000305175781,72.94999694824219,256900
2018-01-29,72.9000015258789,73.30000305175781,72.25,72.30000305175781,198600
2018-01-30,72.19999694824219,73.44999694824219,72.05000305175781,73.1500015258789,176800
2018-01-31,73.0999984741211,74.0999984741211,73.0,73.0999984741211,407500
2018-02-01,75.25,75.25,68.6500015258789,74.25,637800
2018-02-02,74.44999694824219,75.3499984741211,73.05000305175781,73.94999694824219,404200
2018-02-05,73.55000305175781,74.94999694824219,72.68000030517578,72.69999694824219,316600
2018-02-06,71.69999694824219,73.68000030517578,70.5999984741211,73.19999694824219,240400
2018-02-07,73.05000305175781,73.69999694824219,72.75,73.30000305175781,228000
2018-02-08,73.69999694824219,73.75,70.75,70.80000305175781,393900
2018-02-09,71.30000305175781,74.0999984741211,70.88999938964844,73.55000305175781,301500
2018-02-12,73.75,74.05000305175781,72.5,73.19999694824219,231400
2018-02-13,72.44999694824219,73.69999694824219,72.19999694824219,72.25,276900
2018-02-14,71.75,72.5999984741211,71.55000305175781,72.30000305175781,367300
2018-02-15,72.6500015258789,73.02999877929688,72.0999984741211,72.5999984741211,242500
2018-02-16,72.3499984741211,73.5,71.94999694824219,72.1500015258789,254000
2018-02-20,71.75,72.94999694824219,71.5999984741211,72.75,208500
2018-02-21,73.05000305175781,75.05000305175781,72.75,73.94999694824219,311500
2018-02-22,74.1500015258789,75.80000305175781,74.1500015258789,74.8499984741211,315200
2018-02-23,75.0,75.94999694824219,74.6500015258789,75.94999694824219,172300
2018-02-26,75.94999694824219,76.19999694824219,75.19999694824219,75.44999694824219,178800
2018-02-27,75.5999984741211,76.1500015258789,74.9000015258789,74.9000015258789,178200
2018-02-28,75.1500015258789,75.9000015258789,73.69999694824219,73.69999694824219,262900
2018-03-01,73.6500015258789,74.19999694824219,72.3499984741211,73.05000305175781,281900
2018-03-02,72.55000305175781,74.9000015258789,72.30000305175781,74.6500015258789,195800
2018-03-05,74.3499984741211,75.8499984741211,74.05000305175781,75.44999694824219,210300
2018-03-06,75.80000305175781,76.94999694824219,75.25,76.94999694824219,325900
2018-03-07,76.55000305175781,78.1500015258789,76.3499984741211,78.0999984741211,203400
2018-03-08,78.1500015258789,78.25,76.80000305175781,77.3499984741211,205400
2018-03-09,77.75,79.19999694824219,77.3499984741211,78.80000305175781,224200
2018-03-12,78.80000305175781,80.55000305175781,78.3499984741211,80.3499984741211,205100
2018-03-13,80.5,81.0999984741211,79.94999694824219,80.5999984741211,395700
2018-03-14,80.9000015258789,81.25,80.3499984741211,80.44999694824219,249800
2018-03-15,80.5999984741211,81.0999984741211,80.19999694824219,80.94999694824219,167500
2018-03-16,80.9000015258789,82.0999984741211,80.5999984741211,81.94999694824219,539900
2018-03-19,81.80000305175781,82.0999984741211,81.0999984741211,81.69999694824219,348200
2018-03-20,81.94999694824219,82.6500015258789,81.5,82.3499984741211,258800
2018-03-21,82.0999984741211,83.9000015258789,82.0999984741211,82.55000305175781,264900
2018-03-22,82.05000305175781,82.25,80.69999694824219,80.69999694824219,251000
2018-03-23,81.05000305175781,81.4000015258789,79.75,79.75,316700
2018-03-26,80.69999694824219,82.0999984741211,80.30000305175781,81.6500015258789,240200
2018-03-27,81.69999694824219,81.80000305175781,79.25,79.69999694824219,407900
2018-03-28,79.5999984741211,80.5,79.0,79.6500015258789,286500
2018-03-29,79.9000015258789,81.69999694824219,79.44999694824219,81.25,541000
2018-04-02,80.94999694824219,81.94999694824219,80.3499984741211,80.80000305175781,296400
2018-04-03,81.3499984741211,81.94999694824219,80.69999694824219,80.80000305175781,400600
2018-04-04,79.9000015258789,82.55000305175781,79.75,82.25,369500
2018-04-05,82.75,83.27999877929688,82.1500015258789,82.75,501000
2018-04-06,82.3499984741211,83.0999984741211,80.94999694824219,81.4000015258789,202700
2018-04-09,81.94999694824219,82.5999984741211,81.1500015258789,81.3499984741211,333300
2018-04-10,82.3499984741211,83.55000305175781,81.58000183105469,83.1500015258789,268800
2018-04-11,82.69999694824219,84.30000305175781,82.5,84.05000305175781,206300
2018-04-12,84.1500015258789,85.0,84.1500015258789,84.55000305175781,306400
2018-04-13,85.0999984741211,85.0999984741211,83.5999984741211,83.8499984741211,167100
2018-04-16,84.44999694824219,84.55000305175781,83.6500015258789,83.75,267300
2018-04-17,84.19999694824219,84.4000015258789,83.5,83.75,499300
2018-04-18,84.05000305175781,84.75,83.6500015258789,84.0999984741211,410100
2018-04-19,84.3499984741211,85.1500015258789,83.9000015258789,84.0,426900
2018-04-20,83.69999694824219,84.5,82.05000305175781,82.19999694824219,382800
2018-04-23,82.6500015258789,82.83000183105469,81.69999694824219,82.69999694824219,316700
2018-04-24,83.19999694824219,83.5,80.5999984741211,81.19999694824219,505600
2018-04-25,80.75,81.80000305175781,80.19999694824219,80.75,464000
2018-04-26,83.0999984741211,83.0999984741211,80.4000015258789,81.9000015258789,287700
2018-04-27,82.5999984741211,85.5,81.1500015258789,84.44999694824219,404700
2018-04-30,84.9000015258789,88.3499984741211,84.30000305175781,86.69999694824219,749400
2018-05-01,86.44999694824219,87.80000305175781,85.80000305175781,87.75,376800
2018-05-02,88.30000305175781,88.69999694824219,87.69999694824219,87.80000305175781,323900
2018-05-03,87.44999694824219,89.05000305175781,87.19999694824219,88.94999694824219,507300
2018-05-04,88.6500015258789,91.0,88.30000305175781,90.8499984741211,568100
2018-05-07,90.19999694824219,90.19999694824219,87.8499984741211,87.94999694824219,422100
2018-05-08,88.5,88.5999984741211,87.30000305175781,87.75,517800
2018-05-09,88.05000305175781,88.3499984741211,87.5,87.80000305175781,368700
2018-05-10,88.1500015258789,89.0999984741211,88.0,89.0999984741211,446100
2018-05-11,89.25,89.9000015258789,89.02999877929688,89.44999694824219,442400
2018-05-14,89.4000015258789,89.9000015258789,88.75,89.05000305175781,390500
2018-05-15,88.55000305175781,89.55000305175781,88.3499984741211,88.9000015258789,565200
2018-05-16,88.94999694824219,91.8499984741211,88.75,91.4000015258789,368600
2018-05-17,91.3499984741211,93.4000015258789,91.3499984741211,92.5,324900
2018-05-18,92.8499984741211,93.3499984741211,92.58000183105469,92.9000015258789,284500
2018-05-21,93.4000015258789,94.75,93.4000015258789,94.3499984741211,392000
2018-05-22,94.5,94.9000015258789,93.0999984741211,93.1500015258789,337900
2018-05-23,93.0,93.44999694824219,92.4000015258789,92.44999694824219,375800
2018-05-24,92.44999694824219,92.5999984741211,90.9000015258789,91.69999694824219,682900
2018-05-25,90.6500015258789,90.6500015258789,89.69999694824219,90.0999984741211,372000
2018-05-29,89.4000015258789,90.1500015258789,88.9800033569336,89.3499984741211,381800
2018-05-30,89.6500015258789,90.94999694824219,89.6500015258789,90.69999694824219,465500
2018-05-31,90.6500015258789,91.55000305175781,90.6500015258789,90.75,365800
2018-06-01,91.4000015258789,92.3499984741211,91.1500015258789,92.30000305175781,293700
2018-06-04,92.6500015258789,93.94999694824219,92.5,93.8499984741211,290400
2018-06-05,93.69999694824219,94.77999877929688,93.25,94.5999984741211,247800
2018-06-06,94.75,95.4000015258789,94.3499984741211,95.1500015258789,233800
2018-06-07,95.30000305175781,95.4000015258789,93.75,94.1500015258789,267100
2018-06-08,94.0,94.55000305175781,93.80000305175781,94.0999984741211,362400
2018-06-11,93.80000305175781,94.44999694824219,92.05000305175781,94.0,244700
2018-06-12,94.05000305175781,94.1500015258789,92.5999984741211,92.94999694824219,239900
2018-06-13,93.0999984741211,93.4000015258789,92.43000030517578,92.55000305175781,760700
2018-06-14,92.94999694824219,92.94999694824219,91.9000015258789,92.30000305175781,189100
2018-06-15,91.75,92.4000015258789,91.4000015258789,92.30000305175781,407300
2018-06-18,92.1500015258789,92.5,91.5,91.8499984741211,239400
2018-06-19,91.0999984741211,91.0999984741211,89.9000015258789,90.6500015258789,222300
2018-06-20,91.0999984741211,92.5,91.0,92.3499984741211,211300
2018-06-21,92.5999984741211,93.5999984741211,91.94000244140625,92.75,270200
2018-06-22,92.69999694824219,93.5,91.25,91.75,727300
2018-06-25,91.5999984741211,91.5999984741211,89.1500015258789,90.19999694824219,213500
2018-06-26,90.3499984741211,91.94999694824219,89.94999694824219,91.5999984741211,294000
2018-06-27,91.6500015258789,91.69999694824219,88.94999694824219,89.05000305175781,196400
2018-06-28,89.0999984741211,90.44999694824219,88.43000030517578,90.3499984741211,202000
2018-06-29,90.8499984741211,91.1500015258789,89.8499984741211,89.8499984741211,210700
2018-07-02,89.55000305175781,91.68000030517578,89.3499984741211,91.5,400100
2018-07-03,91.75,92.18000030517578,90.69999694824219,91.3499984741211,164400
2018-07-05,91.5,91.94999694824219,89.0999984741211,89.5,222500
2018-07-06,89.44999694824219,90.94999694824219,89.08000183105469,90.9000015258789,206200
2018-07-09,91.0999984741211,92.25,91.0,92.1500015258789,179000
2018-07-10,92.69999694824219,92.94999694824219,91.77999877929688,92.44999694824219,188100
2018-07-11,92.0,93.0,91.55000305175781,92.8499984741211,153100
2018-07-12,93.25,93.25,91.94999694824219,92.0999984741211,147900
2018-07-13,91.94999694824219,92.1500015258789,91.3499984741211,91.5999984741211,108600
2018-07-16,91.55000305175781,91.80000305175781,90.69999694824219,90.9000015258789,319000
2018-07-17,90.94999694824219,92.19999694824219,90.94999694824219,91.80000305175781,388600
2018-07-18,91.80000305175781,92.8499984741211,91.5999984741211,92.69999694824219,192500
2018-07-19,92.05000305175781,93.4000015258789,91.94999694824219,92.8499984741211,161100
2018-07-20,93.05000305175781,93.83000183105469,92.5,93.69999694824219,166400
2018-07-23,93.75,94.1500015258789,93.5,93.80000305175781,148300
2018-07-24,94.1500015258789,94.1500015258789,92.55000305175781,93.30000305175781,196700
2018-07-25,93.19999694824219,94.0999984741211,92.94999694824219,93.80000305175781,223900
2018-07-26,93.94999694824219,93.94999694824219,87.0,89.0999984741211,548300
2018-07-27,89.0999984741211,89.6500015258789,82.05000305175781,82.4000015258789,552000
2018-07-30,82.25,82.9800033569336,81.27999877929688,82.4000015258789,351900
2018-07-31,82.5999984741211,82.5999984741211,81.0,81.19999694824219,306800
2018-08-01,81.0999984741211,82.80000305175781,80.0999984741211,80.69999694824219,332200
2018-08-02,80.0999984741211,81.19999694824219,79.80000305175781,80.3499984741211,351000
2018-08-03,80.5,81.0999984741211,78.6500015258789,79.3499984741211,271300
2018-08-06,79.05000305175781,79.5999984741211,78.30000305175781,79.30000305175781,258000
2018-08-07,79.44999694824219,80.69999694824219,79.30000305175781,80.1500015258789,221000
2018-08-08,80.1500015258789,81.25,79.63999938964844,80.8499984741211,183200
2018-08-09,80.94999694824219,81.37999725341797,80.5999984741211,80.75,113800
2018-08-10,80.25,81.5,80.05000305175781,80.69999694824219,127900
2018-08-13,80.69999694824219,81.94999694824219,80.16999816894531,80.55000305175781,163900
2018-08-14,80.5,81.6500015258789,80.5,81.0,138800
2018-08-15,80.5999984741211,81.19999694824219,79.0999984741211,79.4000015258789,147800
2018-08-16,79.8499984741211,80.8499984741211,79.27999877929688,80.1500015258789,241600
2018-08-17,80.05000305175781,80.80000305175781,79.5,80.44999694824219,144100
2018-08-20,80.5999984741211,80.93000030517578,79.94999694824219,80.19999694824219,168400
2018-08-21,80.1500015258789,81.94999694824219,80.1500015258789,81.5,209800
2018-08-22,81.44999694824219,82.55000305175781,81.44999694824219,82.30000305175781,111200
2018-08-23,81.94999694824219,82.8499984741211,80.9000015258789,81.0,109600
2018-08-24,81.19999694824219,82.0,81.05000305175781,81.75,153800
2018-08-27,82.05000305175781,83.94999694824219,81.94999694824219,82.4000015258789,286100
2018-08-28,82.69999694824219,82.94999694824219,81.55000305175781,81.80000305175781,115000
2018-08-29,81.75,82.30000305175781,81.25,81.3499984741211,127900
2018-08-30,81.25,81.3499984741211,80.55000305175781,80.75,103300
2018-08-31,80.4000015258789,81.30000305175781,80.0,81.30000305175781,162500
2018-09-04,81.30000305175781,81.44999694824219,79.75,80.5999984741211,246600
2018-09-05,80.55000305175781,80.6500015258789,79.69999694824219,80.19999694824219,178600
2018-09-06,80.30000305175781,80.72000122070312,79.75,79.80000305175781,163300
2018-09-07,79.6500015258789,80.12999725341797,78.9000015258789,79.5999984741211,162700
2018-09-10,80.0,80.33000183105469,79.30000305175781,79.6500015258789,151800
2018-09-11,79.25,81.4000015258789,78.3499984741211,81.25,199800
2018-09-12,81.30000305175781,81.5,80.0,80.9000015258789,202800
2018-09-13,81.25,82.12000274658203,80.94999694824219,81.55000305175781,191500
2018-09-14,81.5,82.55000305175781,81.22000122070312,82.0,171700
2018-09-17,82.05000305175781,82.30000305175781,81.0999984741211,81.55000305175781,313500
2018-09-18,81.55000305175781,81.8499984741211,80.19999694824219,80.30000305175781,311100
2018-09-19,80.4000015258789,81.19999694824219,79.30000305175781,79.75,264900
2018-09-20,80.05000305175781,82.3499984741211,79.94000244140625,82.0,178000
2018-09-21,82.4000015258789,83.5,82.30000305175781,83.0,903000
2018-09-24,82.8499984741211,82.94999694824219,81.5,82.44999694824219,331700
2018-09-25,82.1500015258789,83.27999877929688,82.1500015258789,83.0999984741211,289800
2018-09-26,85.19999694824219,85.6500015258789,83.43000030517578,83.5,278400
2018-09-27,83.44999694824219,83.69999694824219,81.9000015258789,82.0999984741211,209800
2018-09-28,81.8499984741211,82.69999694824219,81.8499984741211,82.0,201700
2018-10-01,82.62000274658203,82.62000274658203,80.68000030517578,80.86000061035156,177200
2018-10-02,80.87000274658203,80.91000366210938,79.16000366210938,79.73999786376953,224000
2018-10-03,80.08000183105469,81.0199966430664,79.05999755859375,80.51000213623047,108100
2018-10-04,80.27999877929688,80.87999725341797,78.13999938964844,78.75,192500
2018-10-05,78.81999969482422,79.0199966430664,76.44999694824219,77.47000122070312,226200
2018-10-08,77.47000122070312,77.47000122070312,77.47000122070312,77.47000122070312,0
2018-10-09,77.47000122070312,77.47000122070312,77.47000122070312,77.47000122070312,0
2018-10-10,76.5999984741211,77.4800033569336,73.76000213623047,73.86000061035156,243100
2018-10-11,73.44999694824219,75.30000305175781,73.44999694824219,73.69000244140625,372800
2018-10-12,74.58999633789062,75.36000061035156,73.04000091552734,74.11000061035156,232300
2018-10-15,73.95999908447266,75.18000030517578,73.30000305175781,74.31999969482422,112800
2018-10-16,74.72000122070312,77.3499984741211,73.0,77.16999816894531,306300
2018-10-17,76.93000030517578,77.94999694824219,75.33000183105469,77.0199966430664,166200
2018-10-18,76.62999725341797,77.55000305175781,76.19000244140625,77.27999877929688,240400
2018-10-19,77.0,78.69000244140625,77.0,78.11000061035156,293700
2018-10-22,78.2300033569336,79.11000061035156,77.41000366210938,78.12999725341797,199700
2018-10-23,77.11000061035156,79.68000030517578,76.43000030517578,78.7300033569336,250900
2018-10-24,78.61000061035156,79.94999694824219,75.54000091552734,75.62999725341797,251800
2018-10-25,74.87999725341797,78.51000213623047,72.26000213623047,74.94000244140625,337900
2018-10-26,74.75,77.37999725341797,74.5,76.98999786376953,286100
2018-10-29,78.0999984741211,79.08999633789062,77.31999969482422,78.04000091552734,227200
2018-10-30,78.19000244140625,80.04000091552734,77.30000305175781,79.91999816894531,190700
2018-10-31,80.83999633789062,81.9800033569336,79.83999633789062,80.4000015258789,485000
2018-11-01,80.94999694824219,81.2300033569336,78.86000061035156,80.62000274658203,170300
2018-11-02,80.79000091552734,82.23999786376953,80.6500015258789,82.19000244140625,280000
2018-11-05,82.5,83.43000030517578,81.41000366210938,82.94000244140625,508100
2018-11-06,82.94999694824219,86.23999786376953,82.55000305175781,86.1500015258789,339400
2018-11-07,86.1500015258789,87.58000183105469,85.4800033569336,86.41000366210938,415200
2018-11-08,86.41999816894531,87.37000274658203,82.25,83.37000274658203,283900
2018-11-09,83.0199966430664,83.48999786376953,80.63999938964844,83.0199966430664,218600
2018-11-12,83.01000213623047,84.29000091552734,82.12999725341797,83.19999694824219,307500
2018-11-13,83.4800033569336,84.01000213623047,81.52999877929688,82.05999755859375,280100
2018-11-14,82.5,84.08000183105469,79.06999969482422,83.9000015258789,294100
2018-11-15,83.6500015258789,86.11000061035156,82.3499984741211,85.44999694824219,311900
2018-11-16,85.0,88.30000305175781,84.72000122070312,87.5,421900
2018-11-19,87.31999969482422,87.38999938964844,85.37000274658203,85.87000274658203,190100
2018-11-20,85.05000305175781,85.97000122070312,84.36000061035156,84.66999816894531,224700
2018-11-21,85.5,86.5,84.16999816894531,86.19000244140625,173000
2018-11-23,85.23999786376953,86.54000091552734,85.23999786376953,86.18000030517578,100600
2018-11-26,86.97000122070312,88.37000274658203,86.87000274658203,86.94999694824219,262000
2018-11-27,86.66999816894531,87.05999755859375,86.0999984741211,86.51000213623047,254600
2018-11-28,86.77999877929688,88.68000030517578,86.12999725341797,88.38999938964844,206900
2018-11-29,87.97000122070312,88.9000015258789,86.69000244140625,88.29000091552734,194000
2018-11-30,88.30000305175781,89.91999816894531,88.05999755859375,89.05000305175781,268700
2018-12-03,88.30999755859375,89.06999969482422,85.05999755859375,86.94999694824219,202100
2018-12-04,86.63999938964844,86.9000015258789,82.44999694824219,82.61000061035156,234500
2018-12-06,81.30000305175781,84.97000122070312,80.70999908447266,84.3499984741211,441100
2018-12-07,84.44999694824219,85.1500015258789,81.05999755859375,81.2300033569336,152500
2018-12-10,79.62000274658203,81.33000183105469,79.1500015258789,80.1500015258789,177400
2018-12-11,81.18000030517578,81.62000274658203,78.58000183105469,81.02999877929688,185100
2018-12-12,82.0999984741211,84.98999786376953,81.2300033569336,84.0,241200
2018-12-13,84.01000213623047,84.05999755859375,76.13999938964844,80.04000091552734,325800
2018-12-14,79.29000091552734,81.04000091552734,78.13999938964844,78.20999908447266,195600
2018-12-17,77.94999694824219,78.91999816894531,75.22000122070312,75.4800033569336,372500
2018-12-18,75.9800033569336,76.1500015258789,74.33000183105469,74.52999877929688,432000
2018-12-19,74.58000183105469,75.72000122070312,72.55000305175781,73.04000091552734,338000
2018-12-20,73.0199966430664,73.37999725341797,71.0999984741211,71.5199966430664,285600
2018-12-21,71.1500015258789,71.5199966430664,66.27999877929688,69.62999725341797,812300
2018-12-24,69.29000091552734,69.91999816894531,67.44999694824219,68.3499984741211,143300
2018-12-26,68.72000122070312,70.0999984741211,67.58999633789062,70.01000213623047,338000
2018-12-27,68.97000122070312,70.18000030517578,68.02999877929688,70.12000274658203,287000
2018-12-28,70.4000015258789,71.8499984741211,70.01000213623047,71.37999725341797,283700
2018-12-31,71.88999938964844,72.55999755859375,70.44999694824219,72.3499984741211,294100
2019-01-02,71.27999877929688,72.33000183105469,70.25,71.8499984741211,316800
2019-01-03,71.4000015258789,72.79000091552734,69.83000183105469,70.52999877929688,282800
2019-01-04,71.0999984741211,73.7699966430664,71.0999984741211,73.22000122070312,253800
2019-01-07,72.9000015258789,74.48999786376953,72.47000122070312,73.31999969482422,314300
2019-01-08,73.55000305175781,74.52999877929688,72.43000030517578,74.38999938964844,228000
2019-01-09,74.55000305175781,76.19000244140625,74.12000274658203,75.7300033569336,448500
2019-01-10,75.30999755859375,76.93000030517578,72.68000030517578,76.62000274658203,153200
2019-01-11,76.12000274658203,77.44000244140625,75.5999984741211,77.0199966430664,195900
2019-01-14,76.68000030517578,78.16000366210938,75.37999725341797,77.25,151500
2019-01-15,77.19000244140625,78.75,76.9800033569336,78.51000213623047,208300
2019-01-16,78.76000213623047,79.69999694824219,76.75,79.08999633789062,195300
2019-01-17,78.9000015258789,81.12999725341797,78.6500015258789,81.08000183105469,293200
2019-01-18,81.5,83.12000274658203,80.98999786376953,82.36000061035156,295400
2019-01-22,82.30000305175781,83.58999633789062,81.87000274658203,82.87000274658203,368700
2019-01-23,82.88999938964844,83.75,81.23999786376953,82.5199966430664,238900
2019-01-24,82.52999877929688,84.11000061035156,82.44999694824219,84.0,255800
2019-01-25,84.56999969482422,85.38999938964844,83.56999969482422,84.7699966430664,218600
2019-01-28,84.0999984741211,85.72000122070312,81.75,84.33000183105469,175300
2019-01-29,84.31999969482422,84.47000122070312,82.98999786376953,83.05999755859375,195600
2019-01-30,83.06999969482422,85.62999725341797,82.22000122070312,85.01000213623047,356900
2019-01-31,79.93000030517578,85.51000213623047,79.93000030517578,82.43000030517578,524700
2019-02-01,81.7300033569336,82.97000122070312,80.66000366210938,81.20999908447266,246800
2019-02-04,81.5199966430664,82.7300033569336,79.80000305175781,81.44000244140625,338200
2019-02-05,81.1500015258789,82.0999984741211,79.52999877929688,80.70999908447266,176300
2019-02-06,80.26000213623047,81.77999877929688,79.51000213623047,81.75,121200
2019-02-07,81.18000030517578,82.44999694824219,80.63999938964844,81.93000030517578,117500
2019-02-08,81.56999969482422,82.4800033569336,81.37000274658203,82.25,80700
2019-02-11,82.52999877929688,82.94999694824219,81.55999755859375,82.4800033569336,143000
2019-02-12,82.66999816894531,86.1500015258789,82.4800033569336,85.9000015258789,253600
2019-02-13,85.91000366210938,86.62999725341797,85.58000183105469,85.8499984741211,205600
2019-02-14,86.0,87.02999877929688,85.87999725341797,86.08999633789062,308100
2019-02-15,86.7699966430664,87.05999755859375,85.19999694824219,85.58999633789062,187500
2019-02-19,85.2300033569336,87.30000305175781,83.55999755859375,86.86000061035156,147800
2019-02-20,86.97000122070312,88.16999816894531,86.44000244140625,88.06999969482422,288100
2019-02-21,88.08000183105469,88.56999969482422,86.44000244140625,88.1500015258789,193400
2019-02-22,88.43000030517578,89.33000183105469,87.79000091552734,89.02999877929688,131600
2019-02-25,89.55999755859375,90.56999969482422,88.37999725341797,88.5,189100
2019-02-26,88.19000244140625,89.55000305175781,86.80999755859375,86.8499984741211,217100
2019-02-27,86.69999694824219,87.29000091552734,86.0999984741211,86.87999725341797,215800
2019-02-28,87.02999877929688,88.08000183105469,86.44000244140625,87.66000366210938,170600
2019-03-01,88.25,89.19999694824219,87.6500015258789,89.12999725341797,144400
2019-03-04,89.30000305175781,89.72000122070312,88.0,88.04000091552734,190900
2019-03-05,87.91000366210938,89.16000366210938,87.70999908447266,88.4800033569336,102800
2019-03-06,88.33999633789062,89.0,85.79000091552734,85.80999755859375,216900
2019-03-07,86.11000061035156,86.25,84.98999786376953,85.41000366210938,152900
2019-03-08,84.87000274658203,86.20999908447266,84.44999694824219,85.76000213623047,129700
2019-03-11,86.55000305175781,86.93000030517578,85.41000366210938,86.27999877929688,162100
2019-03-12,86.4800033569336,86.87000274658203,85.83000183105469,85.93000030517578,114100
2019-03-13,86.31999969482422,87.4000015258789,85.62999725341797,86.87000274658203,140600
2019-03-14,86.9800033569336,87.22000122070312,86.2300033569336,86.41000366210938,148100
2019-03-15,86.81999969482422,88.01000213623047,86.30000305175781,86.58999633789062,409200
2019-03-18,86.6500015258789,87.41999816894531,85.80999755859375,86.72000122070312,263100
2019-03-19,87.05999755859375,87.68000030517578,85.98999786376953,86.55999755859375,162800
2019-03-20,86.54000091552734,86.91999816894531,85.52999877929688,85.94999694824219,153700
2019-03-21,85.70999908447266,88.45999908447266,85.70999908447266,87.83999633789062,190100
2019-03-22,87.26000213623047,87.5,83.22000122070312,83.2699966430664,229400
2019-03-25,83.27999877929688,85.58000183105469,82.91999816894531,84.83000183105469,168600
2019-03-26,85.44000244140625,86.7699966430664,85.16000366210938,85.83999633789062,151100
2019-03-27,85.58999633789062,86.5999984741211,84.98999786376953,85.97000122070312,157500
2019-03-28,85.83000183105469,87.01000213623047,85.76000213623047,86.05999755859375,228700
2019-03-29,86.37999725341797,87.69999694824219,85.91000366210938,86.5,234100
2019-04-01,87.44999694824219,88.11000061035156,86.19999694824219,87.7300033569336,234200
2019-04-02,87.86000061035156,88.47000122070312,86.2699966430664,87.58999633789062,168900
2019-04-03,88.20999908447266,88.79000091552734,87.56999969482422,87.9000015258789,129700
2019-04-04,87.9800033569336,88.47000122070312,87.26000213623047,87.81999969482422,130600
2019-04-05,88.19000244140625,88.97000122070312,87.68000030517578,88.83000183105469,100200
2019-04-08,88.58999633789062,89.44000244140625,86.7300033569336,88.47000122070312,108200
2019-04-09,88.45999908447266,89.19999694824219,87.95999908447266,88.16000366210938,143100
2019-04-10,88.31999969482422,90.20999908447266,87.8499984741211,90.20999908447266,293200
2019-04-11,90.5,90.52999877929688,88.66999816894531,88.81999969482422,149100
2019-04-12,89.31999969482422,89.70999908447266,87.45999908447266,89.62999725341797,253500
2019-04-15,89.51000213623047,90.23999786376953,89.08000183105469,89.76000213623047,141200
2019-04-16,89.76000213623047,90.33000183105469,88.66000366210938,88.88999938964844,225500
2019-04-17,89.08000183105469,89.41000366210938,87.73999786376953,88.83999633789062,216000
2019-04-18,88.61000061035156,89.9800033569336,88.33000183105469,89.37999725341797,140600
2019-04-22,89.05999755859375,89.58000183105469,86.58999633789062,88.73999786376953,213800
2019-04-23,88.94999694824219,91.0,88.16000366210938,90.91000366210938,262900
2019-04-24,94.18000030517578,94.18000030517578,90.3499984741211,93.4800033569336,506600
2019-04-25,94.13999938964844,98.83000183105469,93.19000244140625,98.37999725341797,338300
2019-04-26,98.75,100.43000030517578,98.56999969482422,99.37999725341797,298600
2019-04-29,99.73999786376953,99.94999694824219,98.44000244140625,98.44999694824219,228300
2019-04-30,98.79000091552734,99.30999755859375,96.37000274658203,97.68000030517578,259300
2019-05-01,97.69000244140625,97.69000244140625,96.44999694824219,96.69999694824219,434300
2019-05-02,96.37999725341797,98.38999938964844,96.37999725341797,98.11000061035156,140100
2019-05-03,98.4800033569336,100.31999969482422,97.83000183105469,100.25,146700
2019-05-06,98.80000305175781,100.1500015258789,98.29000091552734,99.36000061035156,271400
2019-05-07,98.5,99.54000091552734,97.30999755859375,99.3499984741211,195200
2019-05-08,99.3499984741211,100.1500015258789,97.31999969482422,97.51000213623047,155100
2019-05-09,96.81999969482422,97.69999694824219,95.5999984741211,96.18000030517578,151800
2019-05-10,95.58999633789062,96.33999633789062,93.58999633789062,94.7300033569336,234600
2019-05-13,93.25,93.97000122070312,92.54000091552734,93.91999816894531,252400
2019-05-14,93.8499984741211,94.88999938964844,93.27999877929688,93.61000061035156,171000
2019-05-15,93.0199966430664,95.16000366210938,92.41999816894531,95.04000091552734,127500
2019-05-16,95.0199966430664,96.62999725341797,94.44999694824219,95.9800033569336,167500
2019-05-17,95.66999816894531,95.66999816894531,94.0,94.37999725341797,347900
2019-05-20,94.1500015258789,96.88999938964844,93.5,95.01000213623047,108900
2019-05-21,95.33000183105469,95.81999969482422,95.30000305175781,95.44000244140625,102600
2019-05-22,95.36000061035156,96.0199966430664,93.55999755859375,95.04000091552734,87400
2019-05-23,94.25,94.47000122070312,92.93000030517578,93.36000061035156,117900
2019-05-24,93.8499984741211,96.02999877929688,93.8499984741211,95.33999633789062,123500
2019-05-28,95.30000305175781,96.30999755859375,94.91999816894531,94.98999786376953,187800
2019-05-29,94.4000015258789,96.0,94.1500015258789,95.5,275900
2019-05-30,95.70999908447266,96.72000122070312,94.7300033569336,95.4000015258789,202500
2019-05-31,94.55000305175781,94.76000213623047,92.33999633789062,94.72000122070312,179900
2019-06-03,95.05000305175781,96.23999786376953,94.62999725341797,96.04000091552734,207500
2019-06-04,96.97000122070312,97.20999908447266,96.04000091552734,97.08999633789062,132500
2019-06-05,97.0999984741211,98.19999694824219,95.91000366210938,96.56999969482422,123800
2019-06-06,96.55000305175781,97.04000091552734,94.5999984741211,95.0999984741211,239000
2019-06-07,95.37999725341797,96.29000091552734,95.25,96.06999969482422,189800
2019-06-10,96.36000061035156,98.7300033569336,95.76000213623047,98.44000244140625,156700
2019-06-11,99.16000366210938,99.69000244140625,98.41000366210938,99.38999938964844,189800
2019-06-12,99.4800033569336,99.9800033569336,98.37000274658203,99.69000244140625,111600
2019-06-13,100.12000274658203,100.5,97.72000122070312,97.81999969482422,209800
2019-06-14,98.45999908447266,99.48999786376953,97.13999938964844,98.95999908447266,150800
2019-06-17,99.26000213623047,99.26000213623047,98.08999633789062,98.30000305175781,220600
2019-06-18,98.58000183105469,99.4800033569336,98.0999984741211,98.83000183105469,119300
2019-06-19,98.7699966430664,99.44000244140625,98.0999984741211,98.7300033569336,161300
2019-06-20,98.75,99.63999938964844,98.75,99.20999908447266,206600
2019-06-21,98.8499984741211,99.5999984741211,98.8499984741211,99.43000030517578,396800
2019-06-24,99.66999816894531,100.0,98.23999786376953,99.25,303900
2019-06-25,99.5,100.9800033569336,99.19999694824219,100.19999694824219,349600
2019-06-26,100.48999786376953,100.68000030517578,97.38999938964844,97.91999816894531,174600
2019-06-27,98.02999877929688,100.25,97.01000213623047,100.20999908447266,171000
2019-06-28,100.6500015258789,101.83000183105469,99.52999877929688,100.0199966430664,365300
2019-07-01,101.19000244140625,101.5,100.22000122070312,101.11000061035156,156700
2019-07-02,101.01000213623047,101.86000061035156,100.91999816894531,101.30999755859375,144400
2019-07-03,101.73999786376953,102.4000015258789,101.05999755859375,102.22000122070312,65100
2019-07-05,101.9000015258789,102.36000061035156,100.94000244140625,102.19999694824219,84200
2019-07-08,101.91999816894531,101.91999816894531,100.80999755859375,100.91999816894531,126800
2019-07-09,100.62000274658203,101.73999786376953,100.0999984741211,101.69999694824219,166900
2019-07-10,102.06999969482422,103.83000183105469,102.06999969482422,102.33000183105469,138400
2019-07-11,102.45999908447266,103.05000305175781,100.16999816894531,101.47000122070312,222100
2019-07-12,101.68000030517578,104.05000305175781,100.83000183105469,103.08000183105469,169400
2019-07-15,103.0999984741211,103.2300033569336,101.87999725341797,102.16999816894531,124000
2019-07-16,102.29000091552734,104.12000274658203,102.25,103.4800033569336,143600
2019-07-17,103.37999725341797,105.73999786376953,103.37999725341797,103.91999816894531,171800
2019-07-18,103.88999938964844,104.66999816894531,103.73999786376953,104.23999786376953,149200
2019-07-19,103.9000015258789,104.5999984741211,102.54000091552734,103.29000091552734,302300
2019-07-22,103.55000305175781,104.80999755859375,102.63999938964844,102.68000030517578,336200
2019-07-23,102.91000366210938,103.80999755859375,102.22000122070312,103.4000015258789,224900
2019-07-24,98.56999969482422,106.80000305175781,97.86000061035156,106.25,385900
2019-07-25,102.91999816894531,104.4800033569336,99.6500015258789,100.41000366210938,331100
2019-07-26,100.05999755859375,103.5,99.44999694824219,103.2300033569336,200000
2019-07-29,103.0199966430664,103.95999908447266,101.62000274658203,101.94999694824219,285100
2019-07-30,101.30999755859375,103.98999786376953,101.30999755859375,103.22000122070312,195800
2019-07-31,103.58999633789062,105.0,100.36000061035156,100.63999938964844,388300
2019-08-01,101.16999816894531,103.68000030517578,100.20999908447266,100.5999984741211,198500
2019-08-02,99.93000030517578,100.37000274658203,98.69000244140625,100.0199966430664,166500
2019-08-05,98.08999633789062,98.88999938964844,95.0999984741211,95.9000015258789,177700
2019-08-06,96.30000305175781,99.0,95.44999694824219,97.6500015258789,138000
2019-08-07,96.4800033569336,98.44000244140625,92.19000244140625,97.95999908447266,125800
2019-08-08,98.6500015258789,101.12000274658203,98.6500015258789,100.31999969482422,138800
2019-08-09,100.05999755859375,100.45999908447266,97.98999786376953,99.62999725341797,116900
2019-08-12,98.9800033569336,99.43000030517578,98.08000183105469,99.0,111800
2019-08-13,98.70999908447266,101.11000061035156,98.66000366210938,100.02999877929688,78500
2019-08-14,98.22000122070312,99.02999877929688,96.83000183105469,97.75,131500
2019-08-15,97.83999633789062,99.1500015258789,97.83999633789062,98.75,109200
2019-08-16,99.5199966430664,101.0199966430664,99.37000274658203,100.26000213623047,269500
2019-08-19,101.69000244140625,103.41999816894531,101.19999694824219,101.5999984741211,219400
2019-08-20,101.33000183105469,102.9000015258789,98.30000305175781,100.83999633789062,152400
2019-08-21,101.58999633789062,101.58999633789062,99.44999694824219,99.88999938964844,113600
2019-08-22,100.44000244140625,100.5,98.63999938964844,99.54000091552734,95700
2019-08-23,98.97000122070312,99.91000366210938,95.91000366210938,96.1500015258789,129400
2019-08-26,97.16999816894531,99.29000091552734,96.62000274658203,98.80999755859375,128600
2019-08-27,99.51000213623047,99.8499984741211,97.91000366210938,98.94000244140625,115100
2019-08-28,98.72000122070312,100.5199966430664,98.27999877929688,99.87000274658203,81600
2019-08-29,100.77999877929688,101.06999969482422,99.5999984741211,99.80000305175781,128100
2019-08-30,100.47000122070312,100.83000183105469,98.41000366210938,98.7300033569336,172100
2019-09-03,98.33999633789062,98.88999938964844,96.23999786376953,97.26000213623047,128800
2019-09-04,98.19000244140625,98.83999633789062,97.05000305175781,98.6500015258789,111100
2019-09-05,99.5999984741211,101.91000366210938,99.3499984741211,100.22000122070312,142900
2019-09-06,100.4800033569336,100.63999938964844,99.12999725341797,99.22000122070312,76400
2019-09-09,95.11000061035156,96.31999969482422,92.05000305175781,95.30000305175781,509900
2019-09-10,95.48999786376953,95.93000030517578,94.16999816894531,95.80999755859375,245500
2019-09-11,96.25,98.9000015258789,95.0999984741211,98.38999938964844,191700
2019-09-12,98.4000015258789,99.0999984741211,96.94000244140625,97.72000122070312,189200
2019-09-13,98.43000030517578,98.80000305175781,97.31999969482422,98.02999877929688,193500
2019-09-16,97.37999725341797,97.91000366210938,96.41000366210938,97.52999877929688,192000
2019-09-17,97.02999877929688,98.94000244140625,95.9000015258789,96.54000091552734,215600
2019-09-18,96.91999816894531,97.0199966430664,95.08999633789062,96.47000122070312,186100
2019-09-19,96.5199966430664,97.16999816894531,94.98999786376953,95.91000366210938,260000
2019-09-20,95.80999755859375,96.25,94.11000061035156,94.1500015258789,6973400
2019-09-23,94.45999908447266,95.55000305175781,92.72000122070312,94.19000244140625,516000
2019-09-24,93.95999908447266,95.27999877929688,91.56999969482422,92.38999938964844,432100
2019-09-25,92.58999633789062,93.7699966430664,91.63999938964844,93.6500015258789,363800
2019-09-26,93.45999908447266,94.11000061035156,92.0999984741211,93.27999877929688,274200
2019-09-27,94.0,94.20999908447266,89.98999786376953,90.33999633789062,269300
2019-09-30,90.58999633789062,92.52999877929688,90.4000015258789,91.66999816894531,288700
2019-10-01,91.86000061035156,92.69000244140625,90.30000305175781,90.43000030517578,229400
2019-10-02,89.5,90.05000305175781,89.0,89.44999694824219,191500
2019-10-03,89.05999755859375,89.87999725341797,87.33000183105469,88.04000091552734,349900
2019-10-04,88.29000091552734,89.79000091552734,88.29000091552734,89.5199966430664,212500
2019-10-07,89.43000030517578,90.23999786376953,88.33000183105469,89.41999816894531,155300
2019-10-08,88.62000274658203,89.87000274658203,87.98999786376953,88.91999816894531,163400
2019-10-09,89.25,90.94000244140625,89.25,90.6500015258789,186200
2019-10-10,90.88999938964844,92.22000122070312,90.88999938964844,90.9800033569336,157000
2019-10-11,92.19999694824219,93.81999969482422,91.79000091552734,92.01000213623047,179600
2019-10-14,91.56999969482422,92.25,90.55999755859375,90.8499984741211,184000
2019-10-15,90.94999694824219,91.43000030517578,87.69999694824219,90.77999877929688,199500
2019-10-16,90.72000122070312,92.26000213623047,89.77999877929688,91.95999908447266,152900
2019-10-17,92.19000244140625,93.16999816894531,91.62999725341797,92.94999694824219,134800
2019-10-18,92.51000213623047,93.80000305175781,92.25,93.48999786376953,176600
2019-10-21,94.1500015258789,95.4800033569336,94.1500015258789,94.97000122070312,178400
2019-10-22,94.72000122070312,96.41000366210938,94.56999969482422,94.77999877929688,217700
2019-10-23,91.5999984741211,95.72000122070312,85.30000305175781,86.0,557200
2019-10-24,85.01000213623047,86.16000366210938,84.83000183105469,85.0199966430664,442200
2019-10-25,84.6500015258789,86.33999633789062,84.6500015258789,85.1500015258789,463400
2019-10-28,85.33999633789062,87.2300033569336,85.33999633789062,86.30000305175781,184400
2019-10-29,85.9800033569336,87.23999786376953,85.72000122070312,86.45999908447266,206900
2019-10-30,86.30000305175781,86.68000030517578,85.25,85.8499984741211,244700
2019-10-31,85.76000213623047,85.76000213623047,83.19999694824219,84.38999938964844,256700
2019-11-01,85.08000183105469,85.36000061035156,84.01000213623047,84.44999694824219,222700
2019-11-04,85.16000366210938,85.30999755859375,83.20999908447266,83.91999816894531,198300
2019-11-05,83.73999786376953,84.45999908447266,81.4000015258789,81.83999633789062,412800
2019-11-06,81.75,82.16000366210938,80.88999938964844,81.55000305175781,244400
2019-11-07,81.98999786376953,82.22000122070312,81.08000183105469,81.58000183105469,234000
2019-11-08,81.23999786376953,81.55999755859375,80.37000274658203,80.55999755859375,139000
2019-11-11,79.94999694824219,81.77999877929688,79.86000061035156,81.16000366210938,197800
2019-11-12,81.4000015258789,82.2699966430664,80.76000213623047,81.5,267400
2019-11-13,81.01000213623047,81.77999877929688,80.48999786376953,81.37000274658203,202900
2019-11-14,80.88999938964844,81.81999969482422,80.16000366210938,80.69999694824219,143800
2019-11-15,81.23999786376953,81.56999969482422,80.44000244140625,80.48999786376953,225100
2019-11-18,80.22000122070312,80.25,78.37000274658203,79.05000305175781,244000
2019-11-19,79.61000061035156,80.55000305175781,79.0999984741211,80.20999908447266,260900
2019-11-20,80.0,81.0199966430664,79.11000061035156,79.80999755859375,270900
2019-11-21,80.06999969482422,80.22000122070312,78.0999984741211,78.4000015258789,209800
2019-11-22,78.52999877929688,79.41999816894531,78.0999984741211,78.5999984741211,180300
2019-11-25,79.06999969482422,81.86000061035156,78.52999877929688,80.66999816894531,536000
2019-11-26,80.69000244140625,81.61000061035156,80.05000305175781,80.66999816894531,406600
2019-11-27,81.16000366210938,81.45999908447266,80.30999755859375,81.33000183105469,235300
2019-11-29,80.86000061035156,81.77999877929688,80.77999877929688,80.83999633789062,134300
2019-12-02,81.08999633789062,81.27999877929688,80.41999816894531,80.95999908447266,339500
2019-12-03,80.0999984741211,80.58999633789062,78.44000244140625,80.5199966430664,285800
2019-12-04,80.9800033569336,81.73999786376953,80.27999877929688,80.91000366210938,280900
2019-12-05,81.08999633789062,81.2300033569336,80.36000061035156,80.69000244140625,336500
2019-12-06,81.54000091552734,83.3499984741211,81.33999633789062,82.0199966430664,494000
2019-12-09,82.22000122070312,82.22000122070312,79.80000305175781,79.91000366210938,406600
2019-12-10,79.80000305175781,80.12999725341797,79.29000091552734,79.5199966430664,323200
2019-12-11,79.70999908447266,80.16999816894531,79.31999969482422,80.12999725341797,315400
2019-12-12,80.31999969482422,81.20999908447266,80.02999877929688,80.58000183105469,439900
2019-12-13,80.44999694824219,80.81999969482422,79.1500015258789,79.9800033569336,345100
2019-12-16,80.0999984741211,82.0999984741211,80.0,81.51000213623047,372400
2019-12-17,81.44000244140625,82.04000091552734,81.0,81.7699966430664,211800
2019-12-18,81.94000244140625,82.44000244140625,81.22000122070312,81.70999908447266,183800
2019-12-19,81.5999984741211,82.55000305175781,81.13999938964844,82.23999786376953,320200
2019-12-20,82.66999816894531,83.79000091552734,82.12000274658203,82.63999938964844,772400
2019-12-23,83.11000061035156,83.11000061035156,81.5,82.23999786376953,260400
2019-12-24,82.0999984741211,82.4000015258789,81.25,81.70999908447266,71600
2019-12-26,81.7300033569336,82.25,80.33999633789062,80.83999633789062,146600
2019-12-27,80.87999725341797,81.62000274658203,80.33999633789062,80.80000305175781,179200
2019-12-30,80.80000305175781,80.80999755859375,79.76000213623047,80.51000213623047,148100
2019-12-31,80.44999694824219,81.29000091552734,80.44000244140625,80.62999725341797,210900
2020-01-02,81.30999755859375,81.80000305175781,80.25,81.7699966430664,309700
2020-01-03,80.69000244140625,82.43000030517578,80.25,81.9800033569336,172500
2020-01-06,81.27999877929688,82.13999938964844,80.23999786376953,81.9800033569336,313900
2020-01-07,81.66000366210938,82.48999786376953,81.25,81.56999969482422,267200
2020-01-08,81.5,82.54000091552734,81.25,82.0199966430664,173100
2020-01-09,82.33999633789062,83.48999786376953,82.0,82.93000030517578,201900
2020-01-10,83.13999938964844,83.52999877929688,82.43000030517578,83.26000213623047,208600
2020-01-13,83.44999694824219,84.43000030517578,83.1500015258789,84.05000305175781,270600
2020-01-14,83.86000061035156,84.93000030517578,83.68000030517578,83.7300033569336,227600
2020-01-15,83.62000274658203,84.36000061035156,83.37000274658203,84.11000061035156,219800
2020-01-16,84.69000244140625,84.94000244140625,84.27999877929688,84.76000213623047,264400
2020-01-17,85.30999755859375,85.31999969482422,83.76000213623047,83.87999725341797,232500
2020-01-21,83.73999786376953,85.12000274658203,83.4800033569336,84.87999725341797,368500
2020-01-22,85.19999694824219,85.7699966430664,84.19000244140625,85.02999877929688,234200
2020-01-23,84.7699966430664,86.48999786376953,84.23999786376953,86.0199966430664,283100
2020-01-24,86.16000366210938,86.5999984741211,85.20999908447266,86.3499984741211,304100
2020-01-27,85.18000030517578,86.76000213623047,85.05999755859375,86.19999694824219,234100
2020-01-28,86.69000244140625,86.69000244140625,84.61000061035156,84.93000030517578,274000
2020-01-29,80.0,90.55999755859375,79.9000015258789,85.55999755859375,792100
2020-01-30,84.66999816894531,87.8499984741211,83.20999908447266,87.44000244140625,376400
2020-01-31,87.20999908447266,87.80000305175781,85.55999755859375,86.97000122070312,433000
2020-02-03,86.86000061035156,88.5999984741211,86.3499984741211,86.55999755859375,332000
2020-02-04,87.18000030517578,87.68000030517578,85.0999984741211,85.22000122070312,220000
2020-02-05,86.0,86.05000305175781,84.55999755859375,85.83000183105469,242200
2020-02-06,85.87000274658203,86.06999969482422,84.76000213623047,85.5199966430664,249900
2020-02-07,85.4000015258789,86.12999725341797,84.7300033569336,84.94999694824219,178400
2020-02-10,85.73999786376953,85.73999786376953,85.0,85.4800033569336,256800
2020-02-11,85.44999694824219,85.9000015258789,84.73999786376953,84.83000183105469,248200
2020-02-12,85.88999938964844,85.88999938964844,84.25,85.05999755859375,338500
2020-02-13,84.69999694824219,86.16000366210938,84.5,85.91999816894531,191100
2020-02-14,85.77999877929688,85.9800033569336,84.98999786376953,85.08999633789062,143200
2020-02-18,85.19000244140625,86.0,84.7699966430664,85.72000122070312,307400
2020-02-19,85.80000305175781,86.0199966430664,85.0199966430664,85.26000213623047,169100
2020-02-20,85.16000366210938,86.52999877929688,84.69000244140625,85.31999969482422,240100
2020-02-21,85.37999725341797,85.77999877929688,84.54000091552734,85.31999969482422,167700
2020-02-24,83.62000274658203,84.4000015258789,82.5999984741211,83.26000213623047,420700
2020-02-25,83.2699966430664,83.44000244140625,81.30000305175781,82.91000366210938,435100
2020-02-26,83.12000274658203,84.76000213623047,82.30000305175781,82.37999725341797,258000
2020-02-27,81.4000015258789,82.8499984741211,79.11000061035156,81.66000366210938,647300
2020-02-28,79.81999969482422,80.83999633789062,75.56999969482422,76.91999816894531,672100
2020-03-02,77.13999938964844,80.88999938964844,76.93000030517578,80.5199966430664,377100
2020-03-03,80.27999877929688,82.05999755859375,79.5199966430664,79.8499984741211,290100
2020-03-04,80.48999786376953,83.2300033569336,80.33999633789062,82.76000213623047,237200
2020-03-05,81.37000274658203,82.98999786376953,81.16000366210938,82.81999969482422,326300
2020-03-06,81.26000213623047,84.41999816894531,81.05000305175781,84.23999786376953,405600
2020-03-09,80.27999877929688,82.79000091552734,78.29000091552734,81.2699966430664,628500
2020-03-10,82.86000061035156,85.95999908447266,78.37000274658203,80.75,782100
2020-03-11,79.68000030517578,80.55000305175781,76.13999938964844,77.05000305175781,482900
2020-03-12,74.48999786376953,77.79000091552734,72.94999694824219,75.12000274658203,686000
2020-03-13,77.63999938964844,83.80000305175781,75.19000244140625,83.79000091552734,626100
2020-03-16,79.16000366210938,81.79000091552734,71.9000015258789,71.91999816894531,883500
2020-03-17,72.4000015258789,76.41000366210938,69.44000244140625,76.41000366210938,512800
2020-03-18,73.13999938964844,74.33000183105469,63.900001525878906,64.76000213623047,429900
2020-03-19,64.41000366210938,69.41000366210938,62.0,68.1500015258789,485100
2020-03-20,68.41000366210938,75.0,64.4000015258789,64.88999938964844,718600
2020-03-23,65.45999908447266,66.2699966430664,60.040000915527344,63.27000045776367,519400
2020-03-24,67.66000366210938,72.97000122070312,66.27999877929688,72.3499984741211,573200
2020-03-25,73.7699966430664,76.5199966430664,68.66999816894531,69.0199966430664,504900
2020-03-26,70.31999969482422,73.87999725341797,69.30999755859375,73.0,374300
2020-03-27,70.6500015258789,71.52999877929688,68.73999786376953,69.19000244140625,297900
2020-03-30,70.25,72.9000015258789,68.2300033569336,72.4800033569336,318600
2020-03-31,72.18000030517578,72.5199966430664,69.12999725341797,71.73999786376953,298500
2020-04-01,69.36000061035156,70.3499984741211,66.79000091552734,67.97000122070312,320200
2020-04-02,68.26000213623047,70.6500015258789,66.87000274658203,69.18000030517578,320000
2020-04-03,68.36000061035156,68.36000061035156,66.4800033569336,67.25,307100
2020-04-06,69.63999938964844,74.88999938964844,69.61000061035156,72.30999755859375,355500
2020-04-07,74.44000244140625,76.25,70.20999908447266,70.83999633789062,203400
2020-04-08,71.98999786376953,75.91999816894531,70.76000213623047,75.20999908447266,242800
2020-04-09,77.26000213623047,78.87999725341797,76.44000244140625,78.13999938964844,196300
2020-04-13,77.44000244140625,78.0999984741211,73.44000244140625,74.04000091552734,186100
2020-04-14,76.38999938964844,76.5,72.93000030517578,73.87999725341797,151800
2020-04-15,71.29000091552734,73.37999725341797,69.91999816894531,70.61000061035156,189600
2020-04-16,70.48999786376953,72.58999633789062,68.5,71.33999633789062,228300
2020-04-17,73.5199966430664,75.94999694824219,73.01000213623047,75.62999725341797,211000
2020-04-20,74.08999633789062,75.5999984741211,72.20999908447266,73.16999816894531,184600
2020-04-21,70.91000366210938,71.87000274658203,69.11000061035156,69.58000183105469,117100
2020-04-22,72.94999694824219,72.94999694824219,65.62999725341797,67.7699966430664,361100
2020-04-23,67.23999786376953,68.30999755859375,65.23999786376953,65.4800033569336,321300
2020-04-24,66.02999877929688,66.44999694824219,64.02999877929688,65.7300033569336,285200
2020-04-27,66.36000061035156,70.37000274658203,66.36000061035156,69.1500015258789,326200
2020-04-28,71.0,71.8499984741211,68.62999725341797,70.0,238400
2020-04-29,72.54000091552734,77.9000015258789,71.66000366210938,76.58000183105469,387900
2020-04-30,74.5199966430664,74.5199966430664,71.72000122070312,71.83999633789062,322300
2020-05-01,69.9000015258789,70.54000091552734,67.23999786376953,68.66999816894531,333700
2020-05-04,67.93000030517578,69.58999633789062,66.72000122070312,69.41999816894531,247100
2020-05-05,71.44999694824219,71.88999938964844,69.44999694824219,69.62999725341797,197400
2020-05-06,69.83000183105469,71.72000122070312,68.0999984741211,70.05999755859375,274600
2020-05-07,71.1500015258789,72.13999938964844,70.91000366210938,71.77999877929688,185400
2020-05-08,73.58000183105469,73.94000244140625,72.70999908447266,73.43000030517578,153800
2020-05-11,71.9800033569336,72.88999938964844,71.0999984741211,71.29000091552734,221200
2020-05-12,71.66999816894531,71.91999816894531,68.58000183105469,68.9800033569336,249500
2020-05-13,68.19000244140625,68.76000213623047,66.37000274658203,67.30999755859375,226300
2020-05-14,65.3499984741211,67.08000183105469,65.3499984741211,66.94999694824219,180900
2020-05-15,66.41000366210938,68.27999877929688,65.95999908447266,68.12999725341797,285200
2020-05-18,71.19000244140625,72.3499984741211,71.0199966430664,71.72000122070312,292700
2020-05-19,71.48999786376953,72.29000091552734,69.81999969482422,69.88999938964844,220000
2020-05-20,71.0999984741211,72.47000122070312,71.0999984741211,72.08000183105469,207100
2020-05-21,72.08000183105469,72.41000366210938,70.05000305175781,70.19999694824219,216500
2020-05-22,70.45999908447266,71.04000091552734,68.25,68.8499984741211,135000
2020-05-26,71.48999786376953,71.48999786376953,69.68000030517578,69.93000030517578,232300
2020-05-27,71.52999877929688,73.11000061035156,69.86000061035156,72.83999633789062,455100
2020-05-28,73.91000366210938,73.91000366210938,70.52999877929688,70.87000274658203,280900
2020-05-29,70.01000213623047,70.38999938964844,67.52999877929688,69.7699966430664,634300
2020-06-01,70.26000213623047,70.66999816894531,68.87000274658203,69.02999877929688,251200
2020-06-02,69.41999816894531,70.7699966430664,68.69999694824219,68.72000122070312,311800
2020-06-03,70.11000061035156,73.12999725341797,69.98999786376953,72.33999633789062,236200
2020-06-04,71.88999938964844,74.05999755859375,71.37000274658203,73.31999969482422,295600
2020-06-05,76.68000030517578,77.25,74.79000091552734,74.93000030517578,359600
2020-06-08,75.75,76.2300033569336,74.69999694824219,75.0,340300
2020-06-09,73.66999816894531,75.61000061035156,73.05999755859375,75.33000183105469,268700
2020-06-10,75.29000091552734,75.55999755859375,74.0199966430664,74.66000366210938,421000
2020-06-11,71.88999938964844,72.75,70.79000091552734,71.66000366210938,524000
2020-06-12,74.02999877929688,74.37999725341797,70.05000305175781,72.30000305175781,552400
2020-06-15,70.26000213623047,70.76000213623047,68.77999877929688,69.44000244140625,281900
2020-06-16,71.44999694824219,72.62999725341797,70.13999938964844,70.55000305175781,194600
2020-06-17,70.19000244140625,70.22000122070312,68.05000305175781,68.77999877929688,272700
2020-06-18,67.94000244140625,69.5999984741211,66.91000366210938,66.91000366210938,276000
2020-06-19,66.91999816894531,67.5999984741211,65.08000183105469,65.37999725341797,731300
2020-06-22,65.37999725341797,67.0999984741211,64.0999984741211,66.4800033569336,348700
2020-06-23,67.29000091552734,67.51000213623047,64.29000091552734,67.2300033569336,502300
2020-06-24,66.52999877929688,68.37000274658203,65.16999816894531,67.94000244140625,303200
2020-06-25,67.69999694824219,68.97000122070312,67.44000244140625,68.91999816894531,218200
2020-06-26,67.87999725341797,67.87999725341797,65.11000061035156,65.20999908447266,472400
2020-06-29,65.77999877929688,66.66999816894531,64.86000061035156,66.26000213623047,219600
2020-06-30,66.16000366210938,67.69000244140625,65.30000305175781,67.4800033569336,353800
2020-07-01,67.87000274658203,68.69000244140625,65.69000244140625,65.75,182200
2020-07-02,66.7699966430664,67.87999725341797,66.22000122070312,67.51000213623047,287800
2020-07-06,68.70999908447266,69.36000061035156,67.94000244140625,69.0199966430664,281000
2020-07-07,68.58000183105469,68.86000061035156,67.0999984741211,67.1500015258789,269200
2020-07-08,66.76000213623047,67.66999816894531,65.33000183105469,66.02999877929688,194300
2020-07-09,65.7300033569336,65.95999908447266,63.5,63.58000183105469,282600
2020-07-10,63.119998931884766,64.76000213623047,62.5,64.36000061035156,206200
2020-07-13,65.19000244140625,66.61000061035156,64.12000274658203,65.0999984741211,149600
2020-07-14,65.12000274658203,66.11000061035156,63.959999084472656,65.41000366210938,260100
2020-07-15,66.91999816894531,67.91000366210938,66.27999877929688,66.33000183105469,252100
2020-07-16,66.11000061035156,66.1500015258789,64.0999984741211,64.55000305175781,205800
2020-07-17,64.25,65.08000183105469,63.540000915527344,63.650001525878906,281800
2020-07-20,63.25,64.13999938964844,62.849998474121094,63.29999923706055,445700
2020-07-21,64.29000091552734,65.12999725341797,63.790000915527344,63.95000076293945,482900
2020-07-22,64.27999877929688,68.25,64.27999877929688,66.44000244140625,634500
2020-07-23,65.86000061035156,66.25,64.77999877929688,65.30000305175781,329000
2020-07-24,64.33999633789062,64.8499984741211,60.380001068115234,60.970001220703125,573900
2020-07-27,61.04999923706055,61.06999969482422,59.529998779296875,59.79999923706055,583200
2020-07-28,59.79999923706055,60.16999816894531,58.38999938964844,58.709999084472656,416700
2020-07-29,59.13999938964844,59.33000183105469,57.779998779296875,58.66999816894531,443400
2020-07-30,57.790000915527344,58.83000183105469,57.369998931884766,58.43000030517578,301200
2020-07-31,57.959999084472656,58.150001525878906,57.08000183105469,57.63999938964844,315500
2020-08-03,58.0,58.25,56.380001068115234,56.47999954223633,221000
2020-08-04,56.47999954223633,56.70000076293945,55.439998626708984,56.279998779296875,279100
2020-08-05,56.93000030517578,58.31999969482422,56.04999923706055,58.29999923706055,265400
2020-08-06,58.45000076293945,59.29999923706055,58.220001220703125,58.880001068115234,239200
2020-08-07,58.599998474121094,60.61000061035156,58.43000030517578,60.41999816894531,269400
2020-08-10,60.72999954223633,61.380001068115234,59.56999969482422,60.18000030517578,265000
2020-08-11,61.0,61.869998931884766,59.310001373291016,59.77000045776367,290800
2020-08-12,63.5,63.880001068115234,62.119998931884766,62.54999923706055,230500
2020-08-13,61.65999984741211,62.25,59.5,59.88999938964844,300900
2020-08-14,59.279998779296875,61.08000183105469,59.13999938964844,60.95000076293945,258200
2020-08-17,60.65999984741211,61.439998626708984,60.43000030517578,61.06999969482422,272700
2020-08-18,61.060001373291016,61.63999938964844,60.93000030517578,61.33000183105469,449800
2020-08-19,61.52000045776367,61.900001525878906,60.66999816894531,61.08000183105469,225900
2020-08-20,60.63999938964844,60.79999923706055,60.189998626708984,60.439998626708984,185000
2020-08-21,60.43000030517578,61.0099983215332,60.18000030517578,60.619998931884766,127400
2020-08-24,60.779998779296875,61.560001373291016,60.540000915527344,61.34000015258789,185300
2020-08-25,61.810001373291016,62.16999816894531,60.439998626708984,60.869998931884766,214200
2020-08-26,60.61000061035156,61.13999938964844,60.470001220703125,60.880001068115234,167300
2020-08-27,61.029998779296875,61.810001373291016,60.529998779296875,60.66999816894531,163700
2020-08-28,60.97999954223633,61.619998931884766,60.29999923706055,60.56999969482422,119900
2020-08-31,60.400001525878906,60.939998626708984,59.45000076293945,59.75,415600
2020-09-01,59.529998779296875,59.900001525878906,57.88999938964844,58.209999084472656,353300
2020-09-02,58.25,61.25,58.25,60.810001373291016,363000
2020-09-03,61.58000183105469,62.560001373291016,60.5099983215332,62.279998779296875,445100
2020-09-04,63.02000045776367,63.02000045776367,61.310001373291016,61.83000183105469,313100
2020-09-08,61.369998931884766,62.869998931884766,60.209999084472656,62.13999938964844,450000
2020-09-09,62.81999969482422,63.13999938964844,61.290000915527344,62.68000030517578,357300
2020-09-10,63.13999938964844,63.16999816894531,60.65999984741211,60.70000076293945,304000
2020-09-11,60.70000076293945,60.90999984741211,58.52000045776367,59.16999816894531,221000
2020-09-14,59.279998779296875,61.70000076293945,59.279998779296875,61.279998779296875,226600
2020-09-15,61.5,62.4900016784668,61.0099983215332,61.93000030517578,272100
2020-09-16,62.029998779296875,62.029998779296875,60.13999938964844,61.41999816894531,262700
2020-09-17,60.650001525878906,61.130001068115234,60.15999984741211,60.4900016784668,144800
2020-09-18,60.9900016784668,63.040000915527344,59.43000030517578,60.0,504200
2020-09-21,58.61000061035156,60.650001525878906,58.06999969482422,58.540000915527344,340200
2020-09-22,58.619998931884766,59.130001068115234,57.52000045776367,58.27000045776367,214900
2020-09-23,58.529998779296875,59.95000076293945,55.880001068115234,56.040000915527344,284400
2020-09-24,56.13999938964844,57.439998626708984,55.220001220703125,56.369998931884766,240000
2020-09-25,56.119998931884766,56.720001220703125,55.630001068115234,56.20000076293945,116700
2020-09-28,57.0099983215332,57.65999984741211,56.900001525878906,56.9900016784668,208200
2020-09-29,57.029998779296875,57.209999084472656,55.779998779296875,56.20000076293945,138400
2020-09-30,56.529998779296875,57.34000015258789,56.27000045776367,57.209999084472656,186900
2020-10-01,57.02000045776367,59.91999816894531,57.02000045776367,59.189998626708984,313500
2020-10-02,58.189998626708984,60.900001525878906,58.099998474121094,60.540000915527344,188600
2020-10-05,60.91999816894531,61.130001068115234,59.41999816894531,59.689998626708984,304000
2020-10-06,60.400001525878906,60.650001525878906,58.7599983215332,59.27000045776367,247800
2020-10-07,59.619998931884766,60.04999923706055,58.790000915527344,59.06999969482422,253400
2020-10-08,59.81999969482422,60.61000061035156,59.18000030517578,59.779998779296875,191600
2020-10-09,60.150001525878906,60.5,57.68000030517578,58.61000061035156,357600
2020-10-12,58.400001525878906,59.59000015258789,58.15999984741211,59.40999984741211,254000
2020-10-13,59.029998779296875,59.43000030517578,58.279998779296875,58.619998931884766,181000
2020-10-14,58.33000183105469,59.06999969482422,57.66999816894531,57.720001220703125,212300
2020-10-15,57.619998931884766,59.09000015258789,57.5,58.9900016784668,280800
2020-10-16,58.790000915527344,59.86000061035156,58.790000915527344,59.68000030517578,291100
2020-10-19,60.060001373291016,60.90999984741211,59.79999923706055,60.04999923706055,429300
2020-10-20,60.54999923706055,61.790000915527344,60.5,60.720001220703125,380200
2020-10-21,60.93000030517578,61.83000183105469,57.97999954223633,59.0,424400
2020-10-22,59.2400016784668,59.2400016784668,56.349998474121094,57.779998779296875,437700
2020-10-23,58.650001525878906,58.650001525878906,56.2400016784668,56.5099983215332,202100
2020-10-26,55.7599983215332,56.77000045776367,54.439998626708984,54.810001373291016,214700
2020-10-27,54.56999969482422,55.08000183105469,54.119998931884766,54.43000030517578,192700
2020-10-28,53.65999984741211,54.13999938964844,52.650001525878906,53.06999969482422,286900
2020-10-29,52.7400016784668,53.25,51.150001525878906,52.06999969482422,242100
2020-10-30,52.59000015258789,52.59000015258789,51.18000030517578,52.040000915527344,353200
2020-11-02,52.75,54.060001373291016,52.04999923706055,53.15999984741211,264000
2020-11-03,54.0099983215332,54.95000076293945,53.130001068115234,53.209999084472656,265300
2020-11-04,52.68000030517578,56.13999938964844,52.38999938964844,55.369998931884766,355500
2020-11-05,55.279998779296875,57.0,55.0,56.65999984741211,282500
2020-11-06,56.540000915527344,56.959999084472656,55.470001220703125,56.0099983215332,185100
2020-11-09,59.4900016784668,62.81999969482422,59.4900016784668,61.95000076293945,474500
2020-11-10,62.619998931884766,62.619998931884766,60.279998779296875,61.04999923706055,332300
2020-11-11,60.25,61.349998474121094,59.93000030517578,60.970001220703125,269900
2020-11-12,60.40999984741211,61.79999923706055,59.97999954223633,61.029998779296875,360500
2020-11-13,61.279998779296875,62.47999954223633,61.209999084472656,62.11000061035156,293900
2020-11-16,63.0099983215332,64.41999816894531,62.91999816894531,64.41999816894531,333100
2020-11-17,63.779998779296875,65.77999877929688,59.869998931884766,65.41999816894531,223200
2020-11-18,65.87999725341797,67.18000030517578,65.20999908447266,65.31999969482422,428800
2020-11-19,64.95999908447266,65.95999908447266,64.52999877929688,65.6500015258789,243100
2020-11-20,64.9000015258789,65.91000366210938,64.23999786376953,65.83000183105469,287900
2020-11-23,66.41000366210938,68.72000122070312,66.2699966430664,68.36000061035156,375600
2020-11-24,69.30000305175781,70.98999786376953,68.66999816894531,70.70999908447266,383300
2020-11-25,70.47000122070312,70.80000305175781,66.8499984741211,66.98999786376953,198200
2020-11-27,66.87000274658203,67.1500015258789,65.55999755859375,66.66999816894531,62700
2020-11-30,65.94999694824219,66.08000183105469,63.90999984741211,64.23999786376953,268700
2020-12-01,64.87000274658203,66.58000183105469,64.05999755859375,65.95999908447266,230600
2020-12-02,66.0199966430664,67.91000366210938,65.44999694824219,67.37999725341797,673300
2020-12-03,67.4000015258789,67.77999877929688,65.63999938964844,66.69000244140625,327600
2020-12-04,66.6500015258789,68.6500015258789,65.4000015258789,68.58000183105469,173300
2020-12-07,68.29000091552734,68.62000274658203,67.20999908447266,68.16999816894531,126300
2020-12-08,67.5999984741211,69.06999969482422,67.2699966430664,68.93000030517578,169000
2020-12-09,69.05000305175781,70.5,68.97000122070312,70.19000244140625,173700
2020-12-10,69.87999725341797,72.12999725341797,68.1500015258789,72.06999969482422,192100
2020-12-11,71.33999633789062,72.2699966430664,70.76000213623047,71.05000305175781,384500
2020-12-14,71.66000366210938,71.69999694824219,70.44000244140625,70.47000122070312,229700
2020-12-15,71.02999877929688,74.58000183105469,70.93000030517578,74.23999786376953,399600
2020-12-16,74.1500015258789,74.68000030517578,71.91000366210938,72.81999969482422,440800
2020-12-17,73.08999633789062,73.48999786376953,72.1500015258789,73.43000030517578,290600
2020-12-18,73.93000030517578,74.5999984741211,72.04000091552734,72.37000274658203,806600
2020-12-21,72.4000015258789,72.5,70.12999725341797,70.38999938964844,184400
2020-12-22,70.37999725341797,70.95999908447266,68.62000274658203,69.36000061035156,166700
2020-12-23,69.56999969482422,71.20999908447266,68.62999725341797,68.81999969482422,184900
2020-12-24,68.77999877929688,70.06999969482422,68.23999786376953,70.05000305175781,87800
2020-12-28,70.22000122070312,71.01000213623047,68.61000061035156,70.6500015258789,177300
2020-12-29,70.73999786376953,70.75,67.83000183105469,67.9800033569336,199400
2020-12-30,68.08999633789062,69.55000305175781,67.77999877929688,69.05999755859375,208200
2020-12-31,68.87999725341797,70.41000366210938,68.29000091552734,70.04000091552734,147100
2021-01-04,70.29000091552734,70.93000030517578,66.7300033569336,66.97000122070312,260900
2021-01-05,65.80999755859375,67.94000244140625,65.80999755859375,66.44000244140625,211500
2021-01-06,67.62000274658203,68.44000244140625,64.58000183105469,64.80000305175781,539500
2021-01-07,65.3499984741211,65.72000122070312,63.209999084472656,63.529998779296875,336400
2021-01-08,63.540000915527344,63.540000915527344,61.279998779296875,62.2599983215332,411500
2021-01-11,61.7599983215332,62.540000915527344,60.25,60.810001373291016,715100
2021-01-12,60.959999084472656,61.529998779296875,59.130001068115234,60.060001373291016,1029100
2021-01-13,60.060001373291016,60.560001373291016,58.779998779296875,59.20000076293945,265700
2021-01-14,59.439998626708984,60.79999923706055,59.209999084472656,59.97999954223633,629900
2021-01-15,59.68000030517578,60.29999923706055,59.08000183105469,59.5,563600
2021-01-19,59.88999938964844,59.88999938964844,56.97999954223633,58.15999984741211,404200
2021-01-20,58.470001220703125,59.130001068115234,57.4900016784668,59.040000915527344,339600
2021-01-21,58.63999938964844,59.09000015258789,57.619998931884766,58.52000045776367,154700
2021-01-22,57.93000030517578,58.709999084472656,57.52000045776367,58.40999984741211,192400
2021-01-25,57.91999816894531,58.7599983215332,56.7400016784668,58.150001525878906,290600
2021-01-26,58.47999954223633,58.86000061035156,57.7400016784668,58.63999938964844,272500
2021-01-27,57.72999954223633,58.689998626708984,55.2400016784668,55.689998626708984,561600
2021-01-28,57.45000076293945,59.029998779296875,54.849998474121094,58.68000030517578,782200
2021-01-29,57.7599983215332,59.79999923706055,57.43000030517578,58.880001068115234,564000
2021-02-01,59.22999954223633,59.22999954223633,57.189998626708984,57.66999816894531,350600
2021-02-02,58.130001068115234,58.310001373291016,56.81999969482422,57.810001373291016,363600
2021-02-03,57.58000183105469,59.08000183105469,56.849998474121094,58.68000030517578,309200
2021-02-04,57.790000915527344,60.130001068115234,57.790000915527344,59.470001220703125,340500
2021-02-05,60.130001068115234,61.27000045776367,59.599998474121094,60.88999938964844,208100
2021-02-08,61.0099983215332,62.63999938964844,60.95000076293945,62.56999969482422,232700
2021-02-09,62.63999938964844,62.63999938964844,61.29999923706055,61.65999984741211,325900
2021-02-10,61.2599983215332,62.970001220703125,61.2599983215332,62.529998779296875,345500
2021-02-11,62.2599983215332,63.20000076293945,61.47999954223633,62.650001525878906,284500
2021-02-12,62.31999969482422,63.5099983215332,62.18000030517578,62.54999923706055,256100
2021-02-16,62.040000915527344,64.2699966430664,62.040000915527344,63.33000183105469,274400
2021-02-17,63.18000030517578,64.72000122070312,62.630001068115234,62.70000076293945,466900
2021-02-18,62.66999816894531,63.31999969482422,61.70000076293945,63.150001525878906,311700
2021-02-19,63.16999816894531,63.77000045776367,62.58000183105469,62.81999969482422,149700
2021-02-22,62.529998779296875,63.81999969482422,62.290000915527344,63.56999969482422,161300
2021-02-23,63.63999938964844,64.61000061035156,62.93000030517578,64.41000366210938,227700
2021-02-24,64.7699966430664,66.19999694824219,64.27999877929688,66.0999984741211,219100
2021-02-25,66.20999908447266,66.62000274658203,64.73999786376953,65.33000183105469,208000
2021-02-26,65.22000122070312,65.22000122070312,63.310001373291016,63.31999969482422,199100
2021-03-01,64.4800033569336,65.22000122070312,63.459999084472656,64.9000015258789,186500
2021-03-02,64.6500015258789,65.05999755859375,63.369998931884766,64.44000244140625,168300
2021-03-03,64.79000091552734,66.11000061035156,64.79000091552734,65.44999694824219,175800
2021-03-04,65.69999694824219,68.0199966430664,65.45999908447266,66.79000091552734,351600
2021-03-05,67.66000366210938,68.66999816894531,67.01000213623047,68.58999633789062,295800
2021-03-08,69.1500015258789,69.44000244140625,65.86000061035156,67.31999969482422,231000
2021-03-09,67.26000213623047,67.47000122070312,65.01000213623047,67.0199966430664,210900
2021-03-10,67.45999908447266,68.19000244140625,66.80000305175781,67.66000366210938,197400
2021-03-11,67.55000305175781,69.05000305175781,66.81999969482422,69.0,162000
2021-03-12,69.38999938964844,69.9800033569336,67.98999786376953,68.47000122070312,257600
2021-03-15,68.5199966430664,69.05999755859375,66.70999908447266,68.69999694824219,335400
2021-03-16,68.23999786376953,69.30999755859375,66.95999908447266,68.98999786376953,175800
2021-03-17,69.12999725341797,69.48999786376953,68.44000244140625,69.36000061035156,151200
2021-03-18,69.41999816894531,69.5999984741211,68.58999633789062,69.02999877929688,372300
2021-03-19,68.95999908447266,68.95999908447266,63.720001220703125,63.880001068115234,816700
2021-03-22,63.5099983215332,65.16999816894531,63.34000015258789,64.87999725341797,246000
2021-03-23,64.2300033569336,65.33000183105469,64.0199966430664,64.66999816894531,219600
2021-03-24,65.12999725341797,66.76000213623047,65.12999725341797,65.91000366210938,197900
2021-03-25,65.8499984741211,67.52999877929688,64.75,67.20999908447266,153300
2021-03-26,67.87999725341797,68.81999969482422,67.0199966430664,68.45999908447266,190800
2021-03-29,67.76000213623047,69.05000305175781,65.11000061035156,65.12999725341797,228700
2021-03-30,65.36000061035156,67.70999908447266,64.41000366210938,65.4800033569336,132800
2021-03-31,66.3499984741211,66.4800033569336,64.4000015258789,65.66999816894531,220600
2021-04-01,65.91000366210938,67.91000366210938,65.69000244140625,67.73999786376953,141200
2021-04-05,68.0,68.45999908447266,67.52999877929688,67.87999725341797,134300
2021-04-06,67.44000244140625,68.08999633789062,67.33999633789062,67.54000091552734,172200
2021-04-07,68.0199966430664,68.0199966430664,65.29000091552734,65.36000061035156,116700
2021-04-08,65.63999938964844,66.0999984741211,65.27999877929688,65.8499984741211,139800
2021-04-09,65.8499984741211,67.12000274658203,65.0,67.0,172900
2021-04-12,67.19000244140625,68.3499984741211,66.36000061035156,68.25,264600
2021-04-13,68.25,69.23999786376953,66.52999877929688,68.22000122070312,241400
2021-04-14,68.37999725341797,69.87999725341797,68.20999908447266,69.5199966430664,178200
2021-04-15,69.44999694824219,69.91999816894531,66.97000122070312,68.19999694824219,133400
2021-04-16,68.86000061035156,69.72000122070312,68.30000305175781,69.3499984741211,121800
2021-04-19,69.08999633789062,70.11000061035156,68.51000213623047,69.63999938964844,156900
2021-04-20,69.18000030517578,69.95999908447266,67.58999633789062,68.0,231400
2021-04-21,69.0,71.0,66.58999633789062,67.52999877929688,249600
2021-04-22,68.06999969482422,69.36000061035156,66.76000213623047,67.80000305175781,143600
2021-04-23,67.87999725341797,71.63999938964844,67.66999816894531,70.88999938964844,260600
2021-04-26,71.1500015258789,72.48999786376953,70.55000305175781,71.83999633789062,190300
2021-04-27,71.54000091552734,72.56999969482422,71.41999816894531,72.3499984741211,154100
2021-04-28,72.56999969482422,73.29000091552734,71.33999633789062,73.05000305175781,198300
2021-04-29,73.76000213623047,73.86000061035156,72.6500015258789,73.48999786376953,111500
2021-04-30,73.23999786376953,73.23999786376953,71.33000183105469,72.02999877929688,217100
2021-05-03,72.48999786376953,73.2300033569336,71.58000183105469,71.94999694824219,229600
2021-05-04,72.31999969482422,72.36000061035156,70.91999816894531,71.62000274658203,308300
2021-05-05,70.8499984741211,72.0999984741211,70.8499984741211,71.30999755859375,181200
2021-05-06,71.55000305175781,74.02999877929688,71.0999984741211,73.94999694824219,213500
2021-05-07,74.37999725341797,76.0199966430664,73.22000122070312,75.5999984741211,175000
2021-05-10,75.44999694824219,75.75,73.37999725341797,73.69000244140625,189300
2021-05-11,72.73999786376953,74.97000122070312,71.27999877929688,74.88999938964844,186300
2021-05-12,74.9000015258789,75.6500015258789,73.87000274658203,74.29000091552734,293700
2021-05-13,73.83000183105469,76.75,73.83000183105469,76.31999969482422,180600
2021-05-14,76.98999786376953,77.4000015258789,74.05999755859375,77.06999969482422,126400
2021-05-17,77.0,77.83000183105469,76.12999725341797,77.66999816894531,115400
2021-05-18,77.87999725341797,78.48999786376953,76.88999938964844,77.12000274658203,228400
2021-05-19,76.33000183105469,78.45999908447266,76.33000183105469,78.30000305175781,120200
2021-05-20,78.25,79.16000366210938,77.79000091552734,79.08000183105469,154800
2021-05-21,79.58999633789062,80.08999633789062,78.72000122070312,79.9800033569336,125200
2021-05-24,79.58000183105469,80.04000091552734,78.76000213623047,79.48999786376953,439200
2021-05-25,79.30000305175781,79.54000091552734,77.4000015258789,77.58999633789062,254400
2021-05-26,78.19000244140625,79.16000366210938,76.55000305175781,78.87000274658203,146400
2021-05-27,79.44000244140625,80.66999816894531,78.58000183105469,80.41000366210938,151900
2021-05-28,80.69999694824219,81.47000122070312,79.05000305175781,79.72000122070312,112300
2021-06-01,80.05999755859375,81.62999725341797,78.97000122070312,81.12000274658203,197400
2021-06-02,81.19999694824219,81.62000274658203,80.41000366210938,81.5999984741211,129200
2021-06-03,81.05000305175781,81.73999786376953,80.38999938964844,81.6500015258789,91300
2021-06-04,81.5999984741211,82.38999938964844,81.04000091552734,82.0,129800
2021-06-07,82.05999755859375,82.86000061035156,82.05999755859375,82.72000122070312,114800
2021-06-08,82.47000122070312,83.05000305175781,82.16999816894531,82.75,90600
2021-06-09,82.58000183105469,83.62000274658203,82.04000091552734,82.63999938964844,147900
2021-06-10,83.0199966430664,83.0199966430664,81.9000015258789,82.04000091552734,78800
2021-06-11,82.2300033569336,83.01000213623047,82.02999877929688,82.94999694824219,102000
2021-06-14,82.73999786376953,83.87000274658203,82.73999786376953,83.69999694824219,112500
2021-06-15,83.80000305175781,84.80000305175781,83.72000122070312,84.62000274658203,79900
2021-06-16,84.69999694824219,84.83000183105469,82.86000061035156,83.04000091552734,111600
2021-06-17,83.0,83.30999755859375,82.30999755859375,82.81999969482422,229400
2021-06-18,81.22000122070312,81.87000274658203,80.61000061035156,80.62999725341797,331400
2021-06-21,81.44000244140625,83.26000213623047,81.02999877929688,82.44999694824219,247200
2021-06-22,80.91000366210938,81.6500015258789,77.54000091552734,79.37999725341797,266500
2021-06-23,79.43000030517578,80.06999969482422,78.9000015258789,79.61000061035156,179800
2021-06-24,80.12999725341797,80.94000244140625,78.47000122070312,80.08999633789062,190800
2021-06-25,80.58999633789062,81.44000244140625,79.2300033569336,79.51000213623047,1736000
2021-06-28,79.97000122070312,80.06999969482422,77.11000061035156,77.79000091552734,181700
2021-06-29,78.5,78.5,76.16999816894531,76.43000030517578,121200
2021-06-30,75.97000122070312,77.05000305175781,75.4000015258789,76.44000244140625,154600
2021-07-01,76.9800033569336,77.55999755859375,76.44999694824219,77.26000213623047,142100
2021-07-02,77.48999786376953,77.79000091552734,76.37000274658203,76.81999969482422,124100
2021-07-06,76.93000030517578,76.93000030517578,75.52999877929688,76.4000015258789,82100
2021-07-07,76.33999633789062,76.87999725341797,75.79000091552734,76.62000274658203,119300
2021-07-08,75.37000274658203,77.36000061035156,75.33999633789062,76.23999786376953,131700
2021-07-09,77.08999633789062,77.95999908447266,76.94000244140625,77.16999816894531,126100
2021-07-12,77.18000030517578,78.12000274658203,77.18000030517578,78.12000274658203,98400
2021-07-13,78.0,78.55999755859375,77.4000015258789,77.41000366210938,119300
2021-07-14,77.6500015258789,78.01000213623047,76.43000030517578,76.91000366210938,115300
2021-07-15,76.48999786376953,77.30000305175781,76.23999786376953,76.5999984741211,92500
2021-07-16,77.23999786376953,77.5999984741211,75.75,75.76000213623047,98500
2021-07-19,75.66999816894531,75.66999816894531,73.01000213623047,73.69999694824219,158300
2021-07-20,73.9000015258789,76.02999877929688,73.86000061035156,74.88999938964844,272700
2021-07-21,75.5999984741211,79.76000213623047,75.5999984741211,79.04000091552734,233100
2021-07-22,79.23999786376953,79.23999786376953,76.44999694824219,77.04000091552734,267300
2021-07-23,77.19000244140625,78.12000274658203,73.7300033569336,77.94999694824219,107000
2021-07-26,78.12000274658203,79.11000061035156,77.18000030517578,77.95999908447266,115500
2021-07-27,77.8499984741211,78.5,76.76000213623047,77.66000366210938,135400
2021-07-28,78.13999938964844,78.44000244140625,76.94000244140625,78.33999633789062,98800
2021-07-29,79.12999725341797,79.97000122070312,78.12999725341797,79.5,68100
2021-07-30,79.02999877929688,80.48999786376953,78.5999984741211,79.19999694824219,113000
2021-08-02,79.9000015258789,81.87999725341797,79.0199966430664,79.66999816894531,134000
2021-08-03,79.51000213623047,81.26000213623047,79.48999786376953,80.83000183105469,98100
2021-08-04,80.2300033569336,81.86000061035156,78.66999816894531,80.66000366210938,107400
2021-08-05,80.77999877929688,82.33999633789062,80.41000366210938,82.06999969482422,116400
2021-08-06,82.87999725341797,83.88999938964844,82.0199966430664,83.54000091552734,118400
2021-08-09,83.3499984741211,83.36000061035156,82.19999694824219,82.47000122070312,142700
2021-08-10,82.44999694824219,83.05000305175781,81.05999755859375,82.38999938964844,100700
2021-08-11,82.81999969482422,83.55999755859375,78.37999725341797,83.54000091552734,66500
2021-08-12,83.47000122070312,83.47000122070312,82.02999877929688,82.54000091552734,63100
2021-08-13,82.66000366210938,83.4000015258789,82.43000030517578,82.97000122070312,88900
2021-08-16,82.47000122070312,83.7699966430664,81.87999725341797,83.62999725341797,72500
2021-08-17,83.52999877929688,84.94000244140625,83.52999877929688,84.70999908447266,134000
2021-08-18,84.69999694824219,84.91000366210938,83.55999755859375,83.80999755859375,109700
2021-08-19,82.94999694824219,84.08000183105469,82.33999633789062,83.44999694824219,85900
2021-08-20,83.2300033569336,84.37999725341797,82.62999725341797,84.08000183105469,362800
2021-08-23,84.37000274658203,84.76000213623047,83.0,83.58999633789062,127800
2021-08-24,83.61000061035156,84.62000274658203,83.04000091552734,83.93000030517578,99700
2021-08-25,83.44999694824219,84.8499984741211,79.8499984741211,84.55000305175781,90700
2021-08-26,84.69000244140625,84.87000274658203,83.55999755859375,84.08999633789062,83600
2021-08-27,84.45999908447266,86.06999969482422,84.19000244140625,85.91999816894531,147300
2021-08-30,86.19000244140625,86.30999755859375,85.06999969482422,85.16999816894531,108000
2021-08-31,84.87000274658203,86.05000305175781,84.4000015258789,85.69000244140625,240500
2021-09-01,85.75,86.95999908447266,85.12000274658203,86.4800033569336,104400
2021-09-02,86.44999694824219,87.69999694824219,86.08999633789062,87.27999877929688,126100
2021-09-03,87.23999786376953,88.6500015258789,86.62999725341797,88.05999755859375,128500
2021-09-07,88.02999877929688,88.69000244140625,86.81999969482422,88.1500015258789,130900
2021-09-08,87.70999908447266,89.63999938964844,87.1500015258789,89.36000061035156,227800
2021-09-09,89.62000274658203,89.62000274658203,87.37000274658203,87.58000183105469,215800
2021-09-10,88.11000061035156,88.9000015258789,87.41000366210938,87.62000274658203,182400
2021-09-13,88.25,88.94999694824219,87.13999938964844,88.05000305175781,116000
2021-09-14,88.4000015258789,88.73999786376953,86.16999816894531,86.55999755859375,95900
2021-09-15,86.38999938964844,87.58999633789062,85.68000030517578,87.27999877929688,153800
2021-09-16,87.54000091552734,88.30000305175781,86.68000030517578,87.72000122070312,120300
2021-09-17,88.30999755859375,89.13999938964844,87.37000274658203,88.4000015258789,702500
2021-09-20,86.91999816894531,87.86000061035156,85.13999938964844,86.44000244140625,134200
2021-09-21,86.75,87.36000061035156,85.95999908447266,86.86000061035156,131600
2021-09-22,87.44000244140625,88.20999908447266,86.88999938964844,86.88999938964844,102200
2021-09-23,87.3499984741211,88.5,87.19000244140625,88.06999969482422,125000
2021-09-24,87.68000030517578,88.37000274658203,87.58999633789062,87.70999908447266,83100
2021-09-27,87.94000244140625,89.79000091552734,87.72000122070312,89.05999755859375,95600
2021-09-28,89.20999908447266,89.20999908447266,87.37999725341797,87.75,78000
2021-09-29,87.75,87.75,86.44000244140625,87.08999633789062,87300
2021-09-30,87.58999633789062,89.0999984741211,87.16999816894531,87.5,83900
2021-10-01,87.4000015258789,88.9000015258789,87.19000244140625,87.9800033569336,194500
2021-10-04,87.98999786376953,88.56999969482422,87.12999725341797,87.69999694824219,83400
2021-10-05,87.79000091552734,87.79000091552734,86.2699966430664,86.41000366210938,95500
2021-10-06,85.55000305175781,85.91000366210938,83.9800033569336,85.58999633789062,107600
2021-10-07,86.4000015258789,87.44999694824219,85.68000030517578,86.66999816894531,96000
2021-10-08,86.5999984741211,87.94000244140625,85.55999755859375,86.31999969482422,66100
2021-10-11,86.58000183105469,87.47000122070312,86.16000366210938,86.29000091552734,125400
2021-10-12,86.33999633789062,87.69000244140625,85.9000015258789,86.18000030517578,99000
2021-10-13,85.9000015258789,85.91999816894531,83.80000305175781,84.05000305175781,93400
2021-10-14,84.87999725341797,85.93000030517578,84.41000366210938,85.87999725341797,96300
2021-10-15,87.05000305175781,87.4800033569336,86.16000366210938,86.55000305175781,143200
2021-10-18,86.1500015258789,87.63999938964844,85.58000183105469,87.52999877929688,156400
2021-10-19,88.0,89.51000213623047,87.4800033569336,89.4000015258789,98100
2021-10-20,83.7699966430664,90.62000274658203,83.7699966430664,89.76000213623047,199400
2021-10-21,90.37000274658203,90.61000061035156,88.62999725341797,90.61000061035156,150500
2021-10-22,90.7300033569336,91.69000244140625,89.86000061035156,90.97000122070312,82800
2021-10-25,91.04000091552734,93.52999877929688,90.58999633789062,93.45999908447266,103600
2021-10-26,93.9000015258789,95.06999969482422,93.30000305175781,94.04000091552734,146900
2021-10-27,93.5,94.0999984741211,92.81999969482422,93.3499984741211,243000
2021-10-28,95.87999725341797,97.04000091552734,90.66999816894531,90.8499984741211,298900
2021-10-29,90.87999725341797,91.55999755859375,88.45999908447266,88.47000122070312,235500
2021-11-01,88.95999908447266,90.12000274658203,87.33999633789062,87.73999786376953,230800
2021-11-02,87.73999786376953,88.91000366210938,85.76000213623047,86.80000305175781,200700
2021-11-03,88.54000091552734,88.54000091552734,86.41999816894531,86.94000244140625,373800
2021-11-04,87.94999694824219,87.94999694824219,85.73999786376953,85.80999755859375,142000
2021-11-05,86.47000122070312,88.0,86.08000183105469,86.44999694824219,270500
2021-11-08,86.7699966430664,87.37000274658203,85.79000091552734,86.0,313200
2021-11-09,86.06999969482422,86.80000305175781,85.30999755859375,85.5,192700
2021-11-10,85.38999938964844,87.80000305175781,85.36000061035156,85.63999938964844,139700
2021-11-11,86.4800033569336,86.48999786376953,85.23999786376953,86.13999938964844,161400
2021-11-12,86.52999877929688,86.52999877929688,78.2699966430664,78.63999938964844,493700
2021-11-15,78.63999938964844,79.05999755859375,73.05999755859375,73.48999786376953,737600
2021-11-16,73.5,73.81999969482422,69.91000366210938,70.38999938964844,763800
2021-11-17,70.11000061035156,70.8499984741211,69.4800033569336,69.87999725341797,463300
2021-11-18,70.05999755859375,71.16999816894531,67.87000274658203,68.26000213623047,523500
2021-11-19,67.66999816894531,68.5199966430664,66.12999725341797,68.18000030517578,483200
2021-11-22,68.5,70.3499984741211,67.19999694824219,67.66999816894531,297400
2021-11-23,67.87000274658203,68.13999938964844,66.56999969482422,66.73999786376953,205500
2021-11-24,66.52999877929688,67.27999877929688,66.0,66.44000244140625,228200
2021-11-26,64.79000091552734,66.88999938964844,62.349998474121094,64.12000274658203,242500
2021-11-29,64.87999725341797,68.2699966430664,62.90999984741211,64.06999969482422,799200
2021-11-30,63.880001068115234,64.52999877929688,62.77000045776367,63.84000015258789,276800
2021-12-01,64.83999633789062,67.06999969482422,62.790000915527344,62.84000015258789,344700
2021-12-02,63.0,65.19000244140625,62.400001525878906,63.2400016784668,204000
2021-12-03,63.34000015258789,64.25,62.5099983215332,63.43000030517578,396100
2021-12-06,64.12000274658203,64.7300033569336,63.869998931884766,64.08999633789062,275600
2021-12-07,64.79000091552734,65.19999694824219,63.220001220703125,63.61000061035156,267300
2021-12-08,63.68000030517578,64.91000366210938,63.04999923706055,64.69999694824219,273800
2021-12-09,64.80000305175781,65.31999969482422,62.97999954223633,63.459999084472656,224600
2021-12-10,64.13999938964844,64.33000183105469,63.2400016784668,63.810001373291016,170700
2021-12-13,63.5,63.83000183105469,61.540000915527344,61.7599983215332,277400
2021-12-14,61.77000045776367,62.849998474121094,61.08000183105469,62.72999954223633,340100
2021-12-15,62.630001068115234,63.77000045776367,62.11000061035156,62.869998931884766,552900
2021-12-16,63.529998779296875,64.79000091552734,62.630001068115234,62.83000183105469,215800
2021-12-17,65.23999786376953,65.94999694824219,61.630001068115234,65.30999755859375,586700
2021-12-20,64.23999786376953,65.66000366210938,62.79999923706055,64.69999694824219,429200
2021-12-21,66.01000213623047,67.91000366210938,66.01000213623047,67.70999908447266,448500
2021-12-22,67.44999694824219,68.76000213623047,67.0,67.86000061035156,278700
2021-12-23,68.3499984741211,70.26000213623047,68.33000183105469,69.9000015258789,259900
2021-12-27,70.33999633789062,71.73999786376953,69.9000015258789,71.63999938964844,194400
2021-12-28,72.0,73.41000366210938,71.87000274658203,73.0,315500
2021-12-29,73.4000015258789,73.9000015258789,72.06999969482422,73.06999969482422,122600
2021-12-30,73.0999984741211,74.98999786376953,73.0999984741211,74.55000305175781,296300
2021-12-31,74.0999984741211,75.43000030517578,74.06999969482422,74.80999755859375,137500
2022-01-03,74.75,75.51000213623047,73.83999633789062,74.22000122070312,313000
2022-01-04,74.41000366210938,74.52999877929688,73.06999969482422,73.52999877929688,264800
2022-01-05,73.7699966430664,74.31999969482422,72.77999877929688,73.12999725341797,276500
2022-01-06,73.44999694824219,74.27999877929688,72.68000030517578,73.44000244140625,255400
2022-01-07,73.29000091552734,74.31999969482422,72.88999938964844,73.80999755859375,337400
2022-01-10,73.37000274658203,74.5199966430664,72.31999969482422,74.33999633789062,310100
2022-01-11,74.1500015258789,74.30000305175781,72.30999755859375,73.12000274658203,187500
2022-01-12,73.1500015258789,73.56999969482422,72.58000183105469,72.75,195200
2022-01-13,72.87999725341797,74.1500015258789,72.26000213623047,73.6500015258789,133900
2022-01-14,73.12999725341797,74.02999877929688,72.33999633789062,73.8499984741211,152000
2022-01-18,73.30000305175781,73.94999694824219,72.8499984741211,73.06999969482422,166500
2022-01-19,73.08999633789062,73.69000244140625,72.6500015258789,73.23999786376953,164600
2022-01-20,73.23999786376953,73.62000274658203,71.41000366210938,71.41000366210938,202300
2022-01-21,71.0,72.31999969482422,69.41999816894531,69.4800033569336,286600
2022-01-24,68.93000030517578,71.38999938964844,68.45999908447266,70.91999816894531,255500
2022-01-25,71.0,71.0,68.02999877929688,68.30999755859375,231200
2022-01-26,69.16000366210938,71.70999908447266,68.77999877929688,70.4800033569336,421600
2022-01-27,70.6500015258789,70.66999816894531,65.7300033569336,67.05999755859375,292300
2022-01-28,67.05999755859375,68.45999908447266,65.3499984741211,68.44000244140625,211800
2022-01-31,67.7300033569336,69.91000366210938,65.4800033569336,69.69999694824219,267900
2022-02-01,70.43000030517578,72.2300033569336,68.36000061035156,71.05000305175781,303700
2022-02-02,70.87999725341797,71.36000061035156,69.31999969482422,69.77999877929688,177800
2022-02-03,69.66000366210938,70.69000244140625,68.75,69.36000061035156,170200
2022-02-04,69.1500015258789,70.98999786376953,68.33000183105469,69.77999877929688,151500
2022-02-07,71.16999816894531,71.16999816894531,69.05999755859375,70.05999755859375,189800
2022-02-08,70.52999877929688,73.81999969482422,68.4800033569336,73.62000274658203,460800
2022-02-09,73.62000274658203,75.44000244140625,73.37999725341797,75.4000015258789,331400
2022-02-10,74.8499984741211,77.2300033569336,73.3499984741211,73.58999633789062,476400
2022-02-11,73.47000122070312,73.91999816894531,71.26000213623047,73.12999725341797,233900
2022-02-14,73.12999725341797,75.31999969482422,72.75,75.1500015258789,225400
2022-02-15,75.58000183105469,77.08000183105469,75.0199966430664,76.29000091552734,373500
2022-02-16,76.13999938964844,76.93000030517578,75.52999877929688,76.66000366210938,197400
2022-02-17,75.72000122070312,77.23999786376953,74.91999816894531,75.56999969482422,341200
2022-02-18,75.37999725341797,77.33000183105469,75.37999725341797,76.41999816894531,215900
2022-02-22,75.95999908447266,76.83999633789062,70.73999786376953,75.80000305175781,201700
2022-02-23,76.08000183105469,76.63999938964844,73.6500015258789,73.7300033569336,257100
2022-02-24,71.54000091552734,73.4000015258789,70.55000305175781,72.69999694824219,655000
2022-02-25,72.81999969482422,74.12000274658203,72.2300033569336,72.45999908447266,392200
2022-02-28,70.62000274658203,72.9800033569336,70.62000274658203,72.04000091552734,332100
2022-03-01,72.19999694824219,72.58000183105469,66.44999694824219,66.98999786376953,356800
2022-03-02,67.37000274658203,70.61000061035156,67.0999984741211,70.0999984741211,372300
2022-03-03,70.48999786376953,71.01000213623047,68.25,69.36000061035156,363200
2022-03-04,68.54000091552734,69.56999969482422,66.76000213623047,67.29000091552734,283700
2022-03-07,67.5199966430664,67.68000030517578,58.29999923706055,61.720001220703125,920500
2022-03-08,61.959999084472656,62.540000915527344,60.0099983215332,60.02000045776367,675400
2022-03-09,61.400001525878906,65.38999938964844,60.25,64.8499984741211,418800
2022-03-10,63.599998474121094,65.13999938964844,62.470001220703125,64.12000274658203,349100
2022-03-11,64.5,65.29000091552734,63.630001068115234,64.30999755859375,257100
2022-03-14,64.3499984741211,67.27999877929688,63.93000030517578,66.68000030517578,343900
2022-03-15,67.0199966430664,67.80999755859375,65.91000366210938,66.43000030517578,292700
2022-03-16,67.04000091552734,68.93000030517578,66.70999908447266,68.18000030517578,406900
2022-03-17,68.23999786376953,68.30999755859375,66.23999786376953,67.58000183105469,335300
2022-03-18,67.4800033569336,70.12000274658203,66.91999816894531,70.01000213623047,808100
2022-03-21,69.76000213623047,71.22000122070312,67.33000183105469,67.79000091552734,351400
2022-03-22,68.0199966430664,69.72000122070312,67.87000274658203,69.30999755859375,335400
2022-03-23,68.80999755859375,69.5199966430664,68.16999816894531,68.9000015258789,490700
2022-03-24,69.33000183105469,69.66999816894531,67.79000091552734,68.0199966430664,470900
2022-03-25,68.25,70.41000366210938,67.7300033569336,70.16999816894531,306500
2022-03-28,70.27999877929688,70.33999633789062,68.98999786376953,70.22000122070312,257900
2022-03-29,70.70999908447266,71.9000015258789,70.70999908447266,71.68000030517578,339400
2022-03-30,71.22000122070312,72.22000122070312,68.48999786376953,69.04000091552734,220800
2022-03-31,68.8499984741211,70.70999908447266,67.69000244140625,70.33999633789062,394400
2022-04-01,70.88999938964844,71.58999633789062,69.91000366210938,69.95999908447266,205800
2022-04-04,69.48999786376953,71.08999633789062,69.13999938964844,70.41000366210938,220200
2022-04-05,69.93000030517578,71.44999694824219,69.93000030517578,70.61000061035156,220000
2022-04-06,70.06999969482422,72.75,70.04000091552734,72.1500015258789,403000
2022-04-07,72.2699966430664,72.77999877929688,70.48999786376953,70.81999969482422,145900
2022-04-08,70.54000091552734,72.01000213623047,70.12999725341797,70.93000030517578,137200
2022-04-11,70.93000030517578,72.30000305175781,70.93000030517578,71.47000122070312,147000
2022-04-12,71.52999877929688,72.9000015258789,70.81999969482422,71.7300033569336,136200
2022-04-13,71.8499984741211,73.25,71.6500015258789,72.94999694824219,108400
2022-04-14,73.26000213623047,74.62999725341797,73.19000244140625,74.13999938964844,155500
2022-04-18,73.55000305175781,75.73999786376953,73.30000305175781,75.08000183105469,228000
2022-04-19,75.5,76.95999908447266,75.08999633789062,76.08999633789062,238400
2022-04-20,76.69999694824219,76.69999694824219,73.9000015258789,74.80999755859375,243900
2022-04-21,75.68000030517578,76.08000183105469,73.54000091552734,74.0,161300
2022-04-22,73.5199966430664,73.5199966430664,71.83999633789062,72.05000305175781,160900
2022-04-25,71.7300033569336,73.5,70.80000305175781,73.25,247500
2022-04-26,72.3499984741211,73.04000091552734,70.6500015258789,70.72000122070312,213700
2022-04-27,70.44000244140625,71.4800033569336,68.94999694824219,69.5,376700
2022-04-28,70.66999816894531,78.58999633789062,70.66999816894531,77.94000244140625,673200
2022-04-29,78.68000030517578,82.1500015258789,78.0,79.77999877929688,657300
2022-05-02,79.41999816894531,79.55999755859375,73.7699966430664,76.16000366210938,530700
2022-05-03,76.54000091552734,78.80999755859375,74.44999694824219,75.80999755859375,192100
2022-05-04,75.83000183105469,77.63999938964844,73.88999938964844,77.62000274658203,222200
2022-05-05,76.56999969482422,76.97000122070312,74.0,74.87000274658203,155800
2022-05-06,74.44000244140625,75.87000274658203,73.80000305175781,74.72000122070312,188700
2022-05-09,73.79000091552734,74.5199966430664,71.86000061035156,72.68000030517578,385500
2022-05-10,73.41000366210938,74.0999984741211,70.76000213623047,71.9800033569336,174700
2022-05-11,71.94000244140625,73.98999786376953,71.05000305175781,72.01000213623047,218400
2022-05-12,71.61000061035156,73.4000015258789,70.91000366210938,72.8499984741211,374700
2022-05-13,73.20999908447266,74.58000183105469,71.77999877929688,73.9000015258789,212100
2022-05-16,73.41999816894531,73.79000091552734,71.04000091552734,72.5199966430664,143700
2022-05-17,73.91999816894531,75.18000030517578,72.61000061035156,75.05999755859375,168900
2022-05-18,74.29000091552734,75.7699966430664,73.41000366210938,73.7699966430664,149100
2022-05-19,73.43000030517578,74.06999969482422,72.20999908447266,72.93000030517578,157000
2022-05-20,73.66000366210938,73.80999755859375,71.22000122070312,72.37000274658203,139200
2022-05-23,73.3499984741211,73.5199966430664,70.83000183105469,71.20999908447266,200300
2022-05-24,70.6500015258789,71.20999908447266,66.58000183105469,69.04000091552734,258900
2022-05-25,68.91999816894531,70.66000366210938,68.0,70.4800033569336,220100
2022-05-26,71.2300033569336,72.58000183105469,70.18000030517578,71.47000122070312,118600
2022-05-27,72.01000213623047,73.7300033569336,71.16999816894531,73.70999908447266,114300
2022-05-31,73.05000305175781,74.91000366210938,72.02999877929688,74.6500015258789,188000
2022-06-01,74.94999694824219,74.94999694824219,70.01000213623047,71.5999984741211,209200
2022-06-02,71.63999938964844,72.01000213623047,69.83000183105469,71.26000213623047,236900
2022-06-03,70.87999725341797,71.69000244140625,68.91000366210938,71.26000213623047,197300
2022-06-06,72.05999755859375,72.63999938964844,70.83999633789062,72.48999786376953,143200
2022-06-07,72.19000244140625,73.38999938964844,71.18000030517578,72.88999938964844,222200
2022-06-08,72.80999755859375,72.80999755859375,71.58000183105469,72.04000091552734,142900
2022-06-09,71.91000366210938,72.13999938964844,70.8499984741211,71.1500015258789,158300
2022-06-10,69.95999908447266,71.88999938964844,69.72000122070312,71.2699966430664,201000
2022-06-13,70.33000183105469,71.31999969482422,69.36000061035156,70.01000213623047,270800
2022-06-14,70.33999633789062,71.66000366210938,66.29000091552734,67.54000091552734,337800
2022-06-15,68.3499984741211,70.80000305175781,67.5199966430664,69.83000183105469,217900
2022-06-16,68.81999969482422,69.22000122070312,64.33000183105469,64.7300033569336,259000
2022-06-17,66.05999755859375,67.44000244140625,65.58999633789062,66.37999725341797,512100
2022-06-21,67.5199966430664,68.19000244140625,66.77999877929688,67.0199966430664,209100
2022-06-22,66.05999755859375,68.55000305175781,66.02999877929688,68.47000122070312,227300
2022-06-23,68.5999984741211,70.0199966430664,68.41999816894531,69.20999908447266,250600
2022-06-24,69.86000061035156,72.04000091552734,69.44999694824219,71.37999725341797,783000
2022-06-27,71.83000183105469,72.25,70.47000122070312,70.62999725341797,178600
2022-06-28,70.79000091552734,71.94999694824219,69.69999694824219,70.11000061035156,189700
2022-06-29,69.77999877929688,70.55999755859375,69.22000122070312,70.38999938964844,178900
2022-06-30,69.4000015258789,70.48999786376953,68.86000061035156,69.51000213623047,214000
2022-07-01,69.08000183105469,70.62000274658203,66.2300033569336,70.0999984741211,145100
2022-07-05,69.18000030517578,70.55000305175781,68.55000305175781,70.52999877929688,171100
2022-07-06,70.27999877929688,71.3499984741211,68.48999786376953,69.37999725341797,193200
2022-07-07,69.83000183105469,70.5,69.33000183105469,69.79000091552734,158900
2022-07-08,69.58999633789062,70.86000061035156,69.16999816894531,69.47000122070312,156100
2022-07-11,68.80000305175781,69.25,67.63999938964844,67.83999633789062,146600
2022-07-12,67.76000213623047,69.25,67.0199966430664,67.30000305175781,255100
2022-07-13,66.4000015258789,69.2300033569336,65.0,66.75,192100
2022-07-14,65.91000366210938,65.91000366210938,63.59000015258789,64.23999786376953,217200
2022-07-15,65.62999725341797,65.62999725341797,63.900001525878906,65.23999786376953,316600
2022-07-18,65.86000061035156,66.51000213623047,64.13999938964844,64.62000274658203,218700
2022-07-19,65.38999938964844,67.37999725341797,63.619998931884766,67.1500015258789,191500
2022-07-20,67.27999877929688,68.05999755859375,66.80999755859375,67.83999633789062,158200
2022-07-21,67.5,68.11000061035156,66.3499984741211,67.91999816894531,207500
2022-07-22,68.04000091552734,68.47000122070312,66.52999877929688,67.62000274658203,145900
2022-07-25,68.12000274658203,68.5,66.7699966430664,68.41000366210938,149700
2022-07-26,68.30999755859375,68.30999755859375,63.43000030517578,64.66000366210938,319800
2022-07-27,65.2300033569336,65.61000061035156,64.05000305175781,65.30000305175781,285000
2022-07-28,65.47000122070312,72.18000030517578,65.16999816894531,72.11000061035156,287100
2022-07-29,72.44000244140625,74.33000183105469,71.47000122070312,73.26000213623047,245800
2022-08-01,72.77999877929688,74.06999969482422,72.43000030517578,72.7300033569336,161400
2022-08-02,71.62999725341797,73.76000213623047,71.44000244140625,71.66000366210938,184700
2022-08-03,72.20999908447266,73.55000305175781,71.47000122070312,73.29000091552734,139900
2022-08-04,73.5199966430664,74.18000030517578,73.06999969482422,73.76000213623047,133800
2022-08-05,73.30999755859375,74.23999786376953,72.52999877929688,73.05999755859375,133400
2022-08-08,73.5,76.31999969482422,72.7699966430664,75.33000183105469,259500
2022-08-09,75.76000213623047,77.98999786376953,74.68000030517578,75.04000091552734,138000
2022-08-10,75.5999984741211,78.51000213623047,75.25,77.97000122070312,158400
2022-08-11,78.16000366210938,79.58000183105469,77.43000030517578,77.80999755859375,139800
2022-08-12,78.19000244140625,79.94999694824219,70.13999938964844,79.66000366210938,171900
2022-08-15,78.95999908447266,80.68000030517578,78.26000213623047,80.58000183105469,171000
2022-08-16,80.30999755859375,82.5,80.19000244140625,81.75,157300
2022-08-17,80.8499984741211,80.94999694824219,80.04000091552734,80.52999877929688,107000
2022-08-18,80.45999908447266,82.38999938964844,80.01000213623047,80.56999969482422,143900
2022-08-19,79.86000061035156,80.58000183105469,78.2300033569336,78.33999633789062,135600
2022-08-22,77.69000244140625,78.38999938964844,76.58999633789062,76.95999908447266,113800
2022-08-23,77.1500015258789,77.86000061035156,76.86000061035156,77.02999877929688,148700
2022-08-24,76.7699966430664,78.97000122070312,76.7699966430664,78.54000091552734,116800
2022-08-25,78.55999755859375,80.83000183105469,77.61000061035156,80.33000183105469,141900
2022-08-26,80.2300033569336,80.94999694824219,77.47000122070312,77.81999969482422,185100
2022-08-29,76.94999694824219,78.26000213623047,76.26000213623047,77.20999908447266,157000
2022-08-30,77.37999725341797,77.9000015258789,76.68000030517578,77.44999694824219,142600
2022-08-31,78.16999816894531,78.76000213623047,77.41999816894531,77.95999908447266,258900
2022-09-01,77.6500015258789,78.25,76.08999633789062,76.75,168200
2022-09-02,77.0,77.11000061035156,74.70999908447266,74.86000061035156,209700
2022-09-06,74.86000061035156,76.68000030517578,74.11000061035156,76.18000030517578,240500
2022-09-07,76.29000091552734,79.47000122070312,76.26000213623047,79.12000274658203,255300
2022-09-08,78.3499984741211,78.91000366210938,76.68000030517578,78.80000305175781,215000
2022-09-09,79.51000213623047,80.66999816894531,78.91999816894531,79.98999786376953,189200
2022-09-12,79.8499984741211,81.6500015258789,79.81999969482422,80.5,213000
2022-09-13,78.80999755859375,79.51000213623047,77.8499984741211,78.33999633789062,358300
2022-09-14,78.51000213623047,78.98999786376953,77.77999877929688,78.5999984741211,401700
2022-09-15,78.3499984741211,79.7300033569336,77.79000091552734,78.5,376400
2022-09-16,78.31999969482422,78.58999633789062,77.29000091552734,78.2300033569336,760200
2022-09-19,77.88999938964844,81.4000015258789,77.7699966430664,81.37000274658203,292600
2022-09-20,81.01000213623047,81.66999816894531,80.05999755859375,81.43000030517578,327500
2022-09-21,82.2300033569336,82.30999755859375,80.19999694824219,80.25,152800
2022-09-22,80.05999755859375,80.23999786376953,78.43000030517578,79.08999633789062,139500
2022-09-23,78.9000015258789,78.9000015258789,76.83999633789062,77.81999969482422,166600
2022-09-26,77.5,78.97000122070312,76.08000183105469,76.1500015258789,135800
2022-09-27,76.27999877929688,77.25,73.19000244140625,74.45999908447266,223500
2022-09-28,74.3499984741211,76.47000122070312,73.86000061035156,75.73999786376953,214500
2022-09-29,74.98999786376953,75.55000305175781,73.55999755859375,75.45999908447266,192300
2022-09-30,75.08000183105469,75.2699966430664,72.44999694824219,73.3499984741211,442900
2022-10-03,74.36000061035156,75.81999969482422,73.58000183105469,74.72000122070312,336000
2022-10-04,75.88999938964844,79.0,75.88999938964844,78.94000244140625,239600
2022-10-05,78.11000061035156,78.80999755859375,76.70999908447266,78.80999755859375,157800
2022-10-06,78.6500015258789,80.18000030517578,78.55999755859375,78.76000213623047,143400
2022-10-07,78.23999786376953,78.45999908447266,77.30999755859375,77.79000091552734,184700
2022-10-10,78.02999877929688,78.94000244140625,76.81999969482422,77.5,125900
2022-10-11,77.27999877929688,78.79000091552734,76.0999984741211,78.2699966430664,198100
2022-10-12,78.56999969482422,79.44999694824219,77.91999816894531,78.38999938964844,222100
2022-10-13,77.02999877929688,80.08999633789062,75.4800033569336,79.1500015258789,659400
2022-10-14,79.75,80.31999969482422,77.5999984741211,78.26000213623047,205200
2022-10-17,79.94000244140625,81.58000183105469,79.80000305175781,81.5199966430664,240000
2022-10-18,83.30999755859375,84.55000305175781,81.77999877929688,82.7699966430664,182000
2022-10-19,82.08000183105469,82.54000091552734,80.58999633789062,81.97000122070312,198300
2022-10-20,82.02999877929688,82.91999816894531,81.01000213623047,81.36000061035156,164600
2022-10-21,81.80000305175781,84.33999633789062,81.19999694824219,83.62999725341797,154500
2022-10-24,83.91000366210938,84.77999877929688,82.8499984741211,84.19999694824219,202500
2022-10-25,84.19999694824219,87.02999877929688,84.19999694824219,86.66000366210938,213100
2022-10-26,86.91000366210938,88.69000244140625,86.54000091552734,86.55999755859375,183200
2022-10-27,89.30999755859375,96.08000183105469,89.30999755859375,94.20999908447266,645900
2022-10-28,95.27999877929688,95.9800033569336,93.83000183105469,95.1500015258789,303100
2022-10-31,95.55999755859375,98.91000366210938,95.27999877929688,98.44999694824219,486100
2022-11-01,99.43000030517578,100.0,96.37999725341797,96.9000015258789,283700
2022-11-02,96.75,98.26000213623047,94.94999694824219,94.94999694824219,310700
2022-11-03,94.20999908447266,95.36000061035156,92.48999786376953,94.5,273300
2022-11-04,95.55999755859375,96.91999816894531,94.44999694824219,95.43000030517578,175300
2022-11-07,95.9000015258789,96.80999755859375,94.05999755859375,94.37999725341797,139200
2022-11-08,95.27999877929688,96.45999908447266,94.26000213623047,95.3499984741211,163400
2022-11-09,94.68000030517578,95.6500015258789,92.83999633789062,93.12000274658203,224400
2022-11-10,96.5999984741211,97.2699966430664,92.0,94.33000183105469,415200
2022-11-11,95.12000274658203,95.1500015258789,93.13999938964844,93.61000061035156,447100
2022-11-14,93.19999694824219,94.31999969482422,90.66000366210938,90.87999725341797,387700
2022-11-15,91.87999725341797,92.75,91.13999938964844,91.8499984741211,330500
2022-11-16,92.01000213623047,92.2699966430664,89.31999969482422,90.16000366210938,193400
2022-11-17,89.30999755859375,90.06999969482422,88.04000091552734,89.62999725341797,193100
2022-11-18,91.4000015258789,91.79000091552734,89.33000183105469,90.0,334500
2022-11-21,89.9800033569336,94.1500015258789,89.87000274658203,93.98999786376953,284200
2022-11-22,93.94000244140625,96.19999694824219,93.76000213623047,96.0,229000
2022-11-23,95.63999938964844,96.61000061035156,93.80999755859375,94.05999755859375,194100
2022-11-25,94.29000091552734,94.29000091552734,93.23999786376953,93.31999969482422,72700
2022-11-28,93.20999908447266,94.13999938964844,92.18000030517578,92.66000366210938,287000
2022-11-29,92.94000244140625,93.68000030517578,92.16000366210938,92.55000305175781,146600
2022-11-30,93.0999984741211,94.19999694824219,90.3499984741211,93.86000061035156,205800
2022-12-01,94.19000244140625,94.19000244140625,92.08000183105469,93.66000366210938,100600
2022-12-02,92.45999908447266,94.01000213623047,92.45999908447266,93.51000213623047,107400
2022-12-05,92.80999755859375,92.80999755859375,90.31999969482422,91.58999633789062,124400
2022-12-06,91.5,92.69999694824219,90.02999877929688,90.94999694824219,111100
2022-12-07,90.9000015258789,92.01000213623047,90.16999816894531,90.2300033569336,107100
2022-12-08,90.87000274658203,91.55000305175781,89.69999694824219,90.69999694824219,160500
2022-12-09,90.4800033569336,91.12999725341797,89.7699966430664,91.08000183105469,203500
2022-12-12,91.4800033569336,93.30000305175781,90.77999877929688,91.8499984741211,187400
2022-12-13,94.0,94.93000030517578,92.0,92.69999694824219,229600
2022-12-14,92.44999694824219,93.81999969482422,90.25,90.93000030517578,194800
2022-12-15,89.80999755859375,89.80999755859375,87.20999908447266,87.4800033569336,180500
2022-12-16,86.16999816894531,89.16000366210938,85.91000366210938,88.52999877929688,971900
2022-12-19,88.52999877929688,89.3499984741211,85.8499984741211,86.55000305175781,141100
2022-12-20,86.7300033569336,88.47000122070312,85.55000305175781,86.69999694824219,148900
2022-12-21,87.58000183105469,90.37000274658203,87.0199966430664,87.8499984741211,167300
2022-12-22,87.33000183105469,88.38999938964844,86.37999725341797,87.95999908447266,181200
2022-12-23,88.0,88.8499984741211,86.83999633789062,87.93000030517578,123100
2022-12-27,88.0,88.30000305175781,87.22000122070312,87.9000015258789,128000
2022-12-28,88.0,88.4800033569336,86.6500015258789,87.30000305175781,137000
2022-12-29,88.12999725341797,88.9000015258789,87.58999633789062,88.12999725341797,197900
2022-12-30,87.83000183105469,87.91000366210938,86.55000305175781,86.91000366210938,87500
2023-01-03,87.16000366210938,88.94999694824219,86.81999969482422,88.0,307200
2023-01-04,88.30999755859375,88.7300033569336,86.2699966430664,86.69999694824219,179500
2023-01-05,87.41999816894531,88.38999938964844,86.05999755859375,88.0,317400
2023-01-06,88.94999694824219,89.83999633789062,88.08999633789062,89.30999755859375,243500
2023-01-09,89.70999908447266,91.48999786376953,89.3499984741211,90.12999725341797,217900
2023-01-10,89.7699966430664,90.12999725341797,89.05000305175781,89.79000091552734,214400
2023-01-11,89.7699966430664,92.81999969482422,88.9800033569336,89.58000183105469,148900
2023-01-12,89.93000030517578,91.26000213623047,89.44000244140625,90.12000274658203,166600
2023-01-13,89.63999938964844,90.04000091552734,89.0,89.54000091552734,150500
2023-01-17,89.6500015258789,90.18000030517578,87.30999755859375,87.69999694824219,174800
2023-01-18,87.55999755859375,88.56999969482422,86.25,86.63999938964844,173600
2023-01-19,86.73999786376953,88.5999984741211,85.30000305175781,88.0,301000
2023-01-20,88.70999908447266,89.41999816894531,87.75,89.05999755859375,294200
2023-01-23,89.12999725341797,91.77999877929688,88.37000274658203,91.68000030517578,297000
2023-01-24,91.66000366210938,91.66000366210938,90.27999877929688,90.91000366210938,122200
2023-01-25,90.43000030517578,90.69000244140625,89.16999816894531,90.5,189300
2023-01-26,91.02999877929688,91.93000030517578,89.8499984741211,91.11000061035156,198800
2023-01-27,91.11000061035156,91.83000183105469,90.41000366210938,90.52999877929688,167700
2023-01-30,90.44999694824219,92.23999786376953,90.1500015258789,90.94000244140625,143500
2023-01-31,91.08999633789062,92.23999786376953,90.23999786376953,92.18000030517578,200700
2023-02-01,91.58999633789062,92.41000366210938,90.2300033569336,91.76000213623047,208900
2023-02-02,92.8499984741211,95.44999694824219,89.11000061035156,91.05000305175781,445300
2023-02-03,90.26000213623047,90.76000213623047,86.12000274658203,89.56999969482422,303600
2023-02-06,89.5,89.9800033569336,87.69999694824219,88.2699966430664,188700
2023-02-07,87.72000122070312,90.37000274658203,87.01000213623047,90.06999969482422,208900
2023-02-08,89.61000061035156,93.87000274658203,89.61000061035156,93.27999877929688,333800
2023-02-09,93.37999725341797,93.87000274658203,90.51000213623047,90.5199966430664,245700
2023-02-10,90.47000122070312,91.05999755859375,89.33000183105469,89.55000305175781,152300
2023-02-13,88.94000244140625,90.1500015258789,87.94999694824219,90.04000091552734,166700
2023-02-14,90.16999816894531,90.7699966430664,89.2699966430664,90.19000244140625,175400
2023-02-15,89.48999786376953,90.88999938964844,89.0999984741211,90.52999877929688,190200
2023-02-16,90.0999984741211,91.69999694824219,86.0999984741211,91.19999694824219,198900
2023-02-17,91.20999908447266,92.3499984741211,90.77999877929688,91.05000305175781,184800
2023-02-21,90.30999755859375,90.47000122070312,88.08000183105469,88.16999816894531,199000
2023-02-22,88.2699966430664,90.19999694824219,88.16000366210938,89.36000061035156,185700
2023-02-23,89.30000305175781,90.12999725341797,88.29000091552734,88.70999908447266,124800
2023-02-24,88.12999725341797,89.26000213623047,87.91000366210938,88.69000244140625,146400
2023-02-27,89.3499984741211,89.91999816894531,88.29000091552734,88.62000274658203,97400
2023-02-28,88.5999984741211,89.55000305175781,88.18000030517578,88.25,147100
2023-03-01,87.94999694824219,89.01000213623047,87.66999816894531,88.63999938964844,177500
2023-03-02,88.11000061035156,89.30000305175781,87.36000061035156,89.16000366210938,184600
2023-03-03,89.4800033569336,90.23999786376953,88.55999755859375,90.05999755859375,116400
2023-03-06,90.05999755859375,90.31999969482422,88.6500015258789,89.08000183105469,172500
2023-03-07,89.08999633789062,89.69000244140625,87.4800033569336,88.30999755859375,153400
2023-03-08,88.38999938964844,88.9800033569336,87.19000244140625,87.54000091552734,177400
2023-03-09,87.58999633789062,89.19999694824219,87.23999786376953,88.16999816894531,311600
2023-03-10,87.63999938964844,89.08999633789062,87.33000183105469,88.20999908447266,322600
2023-03-13,87.0,89.11000061035156,86.73999786376953,88.08000183105469,319700
2023-03-14,90.05000305175781,93.06999969482422,89.3499984741211,91.69000244140625,333300
2023-03-15,89.91000366210938,92.54000091552734,89.62999725341797,92.0,284100
2023-03-16,91.06999969482422,93.58999633789062,90.88999938964844,93.05000305175781,195300
2023-03-17,92.55000305175781,92.55000305175781,89.08000183105469,89.54000091552734,469400
2023-03-20,90.05999755859375,92.23999786376953,89.91000366210938,90.94999694824219,237400
2023-03-21,92.19000244140625,94.61000061035156,92.0,94.55999755859375,253700
2023-03-22,94.44000244140625,95.02999877929688,91.33000183105469,91.43000030517578,229800
2023-03-23,91.5199966430664,93.73999786376953,90.98999786376953,92.29000091552734,213200
2023-03-24,91.26000213623047,93.66999816894531,90.72000122070312,93.02999877929688,198100
2023-03-27,93.62000274658203,93.72000122070312,92.41999816894531,93.04000091552734,151100
2023-03-28,92.66999816894531,94.93000030517578,92.5999984741211,94.1500015258789,193000
2023-03-29,94.44999694824219,95.20999908447266,93.29000091552734,94.58999633789062,166600
2023-03-30,95.22000122070312,95.79000091552734,93.58999633789062,94.12000274658203,149000
2023-03-31,94.77999877929688,95.61000061035156,94.18000030517578,95.37000274658203,209200
2023-04-03,95.16000366210938,95.95999908447266,94.69000244140625,95.83999633789062,161500
2023-04-04,96.01000213623047,96.01000213623047,93.0199966430664,93.7300033569336,162500
2023-04-05,93.16000366210938,94.11000061035156,92.05999755859375,93.06999969482422,173100
2023-04-06,92.9000015258789,93.83000183105469,92.37999725341797,93.26000213623047,210500
2023-04-10,92.86000061035156,95.7699966430664,92.8499984741211,95.5999984741211,211300
2023-04-11,96.2699966430664,97.2300033569336,95.80000305175781,96.30999755859375,160000
2023-04-12,97.11000061035156,97.37999725341797,95.63999938964844,95.97000122070312,134600
2023-04-13,95.7699966430664,96.55999755859375,95.01000213623047,96.51000213623047,88700
2023-04-14,96.76000213623047,97.77999877929688,95.30999755859375,96.05999755859375,117900
2023-04-17,96.25,96.7699966430664,95.69000244140625,96.72000122070312,89700
2023-04-18,95.54000091552734,96.19999694824219,94.05999755859375,96.19999694824219,169400
2023-04-19,96.18000030517578,97.9000015258789,95.51000213623047,97.61000061035156,121300
2023-04-20,97.12999725341797,97.87000274658203,96.7300033569336,96.93000030517578,98900
2023-04-21,96.83000183105469,97.37999725341797,95.7300033569336,96.87000274658203,151300
2023-04-24,96.54000091552734,97.33000183105469,96.1500015258789,96.54000091552734,74000
2023-04-25,95.83999633789062,96.5199966430664,95.3499984741211,95.9000015258789,123100
2023-04-26,95.16999816894531,95.83000183105469,94.30999755859375,95.30999755859375,200400
2023-04-27,95.58000183105469,104.43000030517578,95.58000183105469,102.69999694824219,305800
2023-04-28,103.66000366210938,104.75,102.5,103.02999877929688,215400
2023-05-01,102.98999786376953,103.45999908447266,100.61000061035156,100.79000091552734,188300
2023-05-02,101.3499984741211,102.51000213623047,99.8499984741211,101.83999633789062,153200
2023-05-03,102.1500015258789,102.69000244140625,100.83999633789062,101.05999755859375,151300
2023-05-04,100.5,102.05999755859375,98.95999908447266,101.87000274658203,160400
2023-05-05,102.66999816894531,105.68000030517578,102.66999816894531,104.80000305175781,168700
2023-05-08,104.94000244140625,104.94000244140625,103.44999694824219,103.7300033569336,117100
2023-05-09,102.94000244140625,104.25,102.5999984741211,103.77999877929688,115400
2023-05-10,104.86000061035156,105.0,102.73999786376953,103.4000015258789,116900
2023-05-11,102.62999725341797,102.62999725341797,100.9000015258789,101.48999786376953,211900
2023-05-12,101.56999969482422,103.88999938964844,101.56999969482422,102.0,246700
2023-05-15,102.3499984741211,103.6500015258789,101.4000015258789,103.02999877929688,280700
2023-05-16,102.37999725341797,103.26000213623047,101.36000061035156,103.0199966430664,103000
2023-05-17,103.87999725341797,103.87999725341797,102.6500015258789,103.2699966430664,162600
2023-05-18,103.11000061035156,103.51000213623047,102.11000061035156,103.19999694824219,100900
2023-05-19,103.72000122070312,103.87999725341797,101.52999877929688,101.86000061035156,124300
2023-05-22,102.2699966430664,102.2699966430664,100.5199966430664,100.69000244140625,112100
2023-05-23,100.27999877929688,100.33999633789062,99.02999877929688,99.12999725341797,126700
2023-05-24,98.38999938964844,98.38999938964844,97.13999938964844,97.3499984741211,164000
2023-05-25,97.06999969482422,97.16000366210938,96.12999725341797,96.68000030517578,123000
2023-05-26,96.5999984741211,97.12000274658203,95.68000030517578,97.0,138000
2023-05-30,97.12000274658203,98.51000213623047,95.88999938964844,98.44000244140625,129200
2023-05-31,98.4000015258789,99.16999816894531,96.4800033569336,98.54000091552734,222200
2023-06-01,98.54000091552734,98.54000091552734,96.69000244140625,97.4000015258789,140600
2023-06-02,98.08000183105469,100.52999877929688,97.23999786376953,100.1500015258789,234000
2023-06-05,99.55000305175781,99.81999969482422,96.68000030517578,97.18000030517578,165200
2023-06-06,97.20999908447266,99.69000244140625,96.47000122070312,98.9000015258789,231700
2023-06-07,99.23999786376953,100.3499984741211,98.87999725341797,99.0999984741211,249000
2023-06-08,99.22000122070312,99.22000122070312,97.44999694824219,97.55000305175781,168900
2023-06-09,97.69000244140625,99.31999969482422,96.36000061035156,96.6500015258789,418600
2023-06-12,96.6500015258789,96.97000122070312,95.0,95.62999725341797,207500
2023-06-13,95.66000366210938,96.44999694824219,94.5,94.69999694824219,190600
2023-06-14,94.94000244140625,95.45999908447266,93.81999969482422,94.38999938964844,209400
2023-06-15,94.2300033569336,95.20999908447266,93.76000213623047,94.13999938964844,240700
2023-06-16,95.12000274658203,95.48999786376953,93.52999877929688,93.81999969482422,569600
2023-06-20,93.4000015258789,95.23999786376953,93.22000122070312,94.38999938964844,269100
2023-06-21,94.33000183105469,95.0,93.37999725341797,93.61000061035156,185600
2023-06-22,93.7699966430664,94.20999908447266,92.44000244140625,92.9800033569336,224500
2023-06-23,92.22000122070312,93.30000305175781,91.83999633789062,92.73999786376953,974300
2023-06-26,92.94999694824219,94.41999816894531,91.75,91.7699966430664,174900
2023-06-27,92.5,93.19999694824219,92.08000183105469,93.18000030517578,234700
2023-06-28,93.11000061035156,93.70999908447266,91.62999725341797,92.20999908447266,206400
2023-06-29,92.20999908447266,93.05999755859375,91.93000030517578,92.69000244140625,213000
2023-06-30,93.4000015258789,94.51000213623047,92.6500015258789,93.33000183105469,278100
2023-07-03,92.8499984741211,93.9000015258789,92.8499984741211,93.68000030517578,106900
2023-07-05,93.5199966430664,93.5199966430664,91.79000091552734,91.95999908447266,187200
2023-07-06,91.27999877929688,92.08000183105469,89.73999786376953,91.68000030517578,128400
2023-07-07,91.58000183105469,93.26000213623047,90.44000244140625,91.97000122070312,272200
2023-07-10,92.05000305175781,95.08000183105469,92.05000305175781,94.36000061035156,189200
2023-07-11,94.29000091552734,94.97000122070312,93.77999877929688,94.31999969482422,154400
2023-07-12,95.0,96.01000213623047,94.37999725341797,95.30999755859375,147200
2023-07-13,95.37999725341797,95.9000015258789,95.22000122070312,95.33999633789062,76800
2023-07-14,95.37000274658203,95.37000274658203,94.05999755859375,94.80999755859375,115000
2023-07-17,94.5999984741211,95.94000244140625,94.44000244140625,95.70999908447266,98500
2023-07-18,95.58999633789062,97.72000122070312,95.58999633789062,97.5199966430664,190300
2023-07-19,97.80999755859375,98.30999755859375,97.05000305175781,97.87999725341797,141000
2023-07-20,97.83999633789062,97.94999694824219,96.93000030517578,97.56999969482422,128600
2023-07-21,97.94000244140625,97.94000244140625,96.87000274658203,97.45999908447266,140600
2023-07-24,97.30000305175781,97.91000366210938,96.73999786376953,96.75,115000
2023-07-25,96.48999786376953,97.33000183105469,96.0999984741211,96.83000183105469,94100
2023-07-26,96.45999908447266,97.86000061035156,96.25,97.36000061035156,212500
2023-07-27,100.0,102.68000030517578,96.87000274658203,97.6500015258789,320700
2023-07-28,98.33999633789062,98.33999633789062,94.4800033569336,95.41999816894531,196600
2023-07-31,95.41000366210938,96.81999969482422,94.86000061035156,95.27999877929688,258400
2023-08-01,94.97000122070312,97.9000015258789,94.05000305175781,97.69000244140625,199800
2023-08-02,97.0199966430664,97.83999633789062,96.44000244140625,97.0999984741211,118900
2023-08-03,96.66000366210938,98.80999755859375,95.9800033569336,98.75,211500
2023-08-04,98.83999633789062,100.25,98.0,99.83999633789062,320100
2023-08-07,99.93000030517578,100.93000030517578,99.0199966430664,99.44000244140625,436500
2023-08-08,98.9000015258789,98.9000015258789,94.58000183105469,96.80999755859375,137000
2023-08-09,96.4800033569336,96.81999969482422,95.81999969482422,96.2300033569336,104500
2023-08-10,96.22000122070312,97.11000061035156,95.87999725341797,96.19999694824219,115500
2023-08-11,95.77999877929688,96.4000015258789,95.58000183105469,95.9800033569336,116400
2023-08-14,95.33000183105469,95.56999969482422,93.93000030517578,94.77999877929688,139400
2023-08-15,94.23999786376953,94.23999786376953,92.91000366210938,93.37999725341797,154100
2023-08-16,93.26000213623047,93.5999984741211,92.66999816894531,93.02999877929688,143800
2023-08-17,93.0,93.0,91.33000183105469,91.61000061035156,131300
2023-08-18,91.29000091552734,92.5,90.80000305175781,90.87999725341797,423600
2023-08-21,90.83999633789062,90.8499984741211,89.86000061035156,90.5,121400
2023-08-22,90.5,90.5,89.69999694824219,89.80000305175781,134600
2023-08-23,89.72000122070312,90.31999969482422,89.45999908447266,89.79000091552734,100900
2023-08-24,89.2699966430664,90.45999908447266,88.9000015258789,88.98999786376953,101800
2023-08-25,89.16999816894531,89.80000305175781,88.69000244140625,89.4000015258789,95400
2023-08-28,89.4000015258789,90.4000015258789,89.16000366210938,89.19000244140625,88000
2023-08-29,89.16000366210938,89.86000061035156,88.94000244140625,89.47000122070312,100500
2023-08-30,89.19999694824219,89.95999908447266,88.87999725341797,89.02999877929688,88700
2023-08-31,89.27999877929688,90.37999725341797,89.22000122070312,89.31999969482422,130100
2023-09-01,89.66000366210938,92.41000366210938,89.66000366210938,91.66999816894531,177600
2023-09-05,91.12999725341797,91.6500015258789,89.54000091552734,90.23999786376953,164800
2023-09-06,90.44999694824219,90.86000061035156,89.91999816894531,90.23999786376953,122700
2023-09-07,90.31999969482422,91.25,88.25,88.97000122070312,144900
2023-09-08,89.16000366210938,89.16000366210938,88.05000305175781,88.1500015258789,88500
2023-09-11,88.79000091552734,92.12000274658203,88.79000091552734,91.18000030517578,198200
2023-09-12,91.37999725341797,92.97000122070312,91.37999725341797,92.83000183105469,154900
2023-09-13,92.88999938964844,96.2300033569336,92.88999938964844,95.48999786376953,232100
2023-09-14,96.3499984741211,97.22000122070312,95.20999908447266,95.69000244140625,199000
2023-09-15,95.55000305175781,96.98999786376953,95.26000213623047,95.87999725341797,458400
2023-09-18,96.13999938964844,96.13999938964844,94.88999938964844,95.7699966430664,123700
2023-09-19,96.2300033569336,97.0,95.30999755859375,96.4000015258789,137400
2023-09-20,96.58000183105469,97.5,95.38999938964844,95.4800033569336,88300
2023-09-21,94.97000122070312,96.43000030517578,94.55000305175781,95.94000244140625,144300
2023-09-22,95.77999877929688,97.25,95.44000244140625,97.18000030517578,299900
2023-09-25,96.69000244140625,99.2699966430664,96.33000183105469,98.44000244140625,334400
2023-09-26,98.23999786376953,98.37000274658203,95.0,97.30000305175781,193900
2023-09-27,97.30000305175781,97.88999938964844,96.69000244140625,97.44999694824219,141200
2023-09-28,97.7699966430664,101.19000244140625,97.12999725341797,100.91999816894531,245100
2023-09-29,101.4000015258789,102.08999633789062,100.12000274658203,100.37999725341797,159500
2023-10-02,99.91000366210938,100.80000305175781,99.19999694824219,100.13999938964844,183900
2023-10-03,99.94999694824219,100.05999755859375,97.80999755859375,99.91000366210938,207000
2023-10-04,99.66999816894531,100.62999725341797,98.31999969482422,100.56999969482422,212200
2023-10-05,100.68000030517578,102.33000183105469,100.6500015258789,101.04000091552734,272000
2023-10-06,100.48999786376953,101.68000030517578,99.79000091552734,100.7300033569336,272600
2023-10-09,99.9800033569336,102.12999725341797,99.9800033569336,101.51000213623047,243200
2023-10-10,101.56999969482422,101.98999786376953,100.66000366210938,100.77999877929688,177500
2023-10-11,101.23999786376953,101.77999877929688,100.97000122070312,101.3499984741211,129600
2023-10-12,101.5199966430664,101.63999938964844,100.0199966430664,100.37999725341797,101800
2023-10-13,100.4800033569336,101.33999633789062,99.56999969482422,99.6500015258789,110800
2023-10-16,100.4800033569336,102.73999786376953,99.02999877929688,102.70999908447266,229600
2023-10-17,102.69000244140625,106.73999786376953,101.76000213623047,105.66000366210938,376300
2023-10-18,105.94000244140625,105.94000244140625,104.44999694824219,104.51000213623047,197200
2023-10-19,104.19999694824219,104.88999938964844,102.80000305175781,103.68000030517578,359000
2023-10-20,103.76000213623047,103.76000213623047,101.62999725341797,101.7699966430664,279400
2023-10-23,101.9800033569336,103.08999633789062,101.16000366210938,101.91000366210938,176100
2023-10-24,102.02999877929688,103.62999725341797,101.5199966430664,101.80999755859375,270900
2023-10-25,101.27999877929688,102.93000030517578,101.2300033569336,101.43000030517578,268000
2023-10-26,102.38999938964844,111.33000183105469,100.38999938964844,110.30999755859375,536400
2023-10-27,111.19999694824219,111.83999633789062,105.69999694824219,107.0999984741211,312200
2023-10-30,108.29000091552734,109.91000366210938,107.2699966430664,108.95999908447266,368500
2023-10-31,109.27999877929688,109.68000030517578,107.54000091552734,108.91999816894531,260100
2023-11-01,108.55000305175781,109.37000274658203,106.94999694824219,107.4000015258789,214200
2023-11-02,108.73999786376953,109.55000305175781,107.8499984741211,109.37000274658203,181600
2023-11-03,110.18000030517578,111.11000061035156,108.6500015258789,109.0999984741211,188900
2023-11-06,109.4800033569336,110.2699966430664,108.7699966430664,109.87999725341797,164600
2023-11-07,110.0,110.27999877929688,108.7300033569336,108.86000061035156,183700
2023-11-08,109.0999984741211,109.4000015258789,108.27999877929688,109.06999969482422,127300
2023-11-09,109.45999908447266,109.52999877929688,108.56999969482422,109.16999816894531,148400
2023-11-10,109.13999938964844,109.62999725341797,108.80000305175781,109.16999816894531,154600
2023-11-13,109.37000274658203,109.37000274658203,106.94999694824219,108.29000091552734,224900
2023-11-14,109.12000274658203,111.27999877929688,108.87000274658203,110.98999786376953,303600
2023-11-15,110.91999816894531,112.86000061035156,110.47000122070312,112.05000305175781,203200
2023-11-16,112.3499984741211,112.3499984741211,110.01000213623047,110.80000305175781,168600
2023-11-17,111.2699966430664,112.1500015258789,110.37000274658203,111.88999938964844,298900
2023-11-20,111.76000213623047,112.6500015258789,110.7699966430664,112.25,259600
2023-11-21,111.91000366210938,112.44000244140625,111.13999938964844,112.01000213623047,181500
2023-11-22,112.69999694824219,113.18000030517578,111.41000366210938,111.41999816894531,148400
2023-11-24,111.5199966430664,112.45999908447266,111.5199966430664,112.19999694824219,80600
2023-11-27,111.87999725341797,112.87999725341797,111.23999786376953,112.2300033569336,136400
2023-11-28,111.79000091552734,111.95999908447266,110.13999938964844,110.22000122070312,130900
2023-11-29,110.72000122070312,111.29000091552734,110.33000183105469,110.79000091552734,179500
2023-11-30,111.06999969482422,112.70999908447266,110.73999786376953,112.0,346700
2023-12-01,111.5999984741211,113.23999786376953,110.55000305175781,112.91999816894531,313900
2023-12-04,113.19999694824219,114.76000213623047,112.72000122070312,114.05000305175781,272400
2023-12-05,114.16000366210938,114.8499984741211,113.06999969482422,113.88999938964844,194800
2023-12-06,114.30999755859375,115.0199966430664,112.58999633789062,112.93000030517578,161800
2023-12-07,112.73999786376953,114.16999816894531,112.43000030517578,113.4800033569336,166000
2023-12-08,113.29000091552734,114.54000091552734,113.29000091552734,113.95999908447266,143900
2023-12-11,114.19000244140625,115.26000213623047,113.69999694824219,114.70999908447266,167700
2023-12-12,115.06999969482422,115.95999908447266,114.23999786376953,114.43000030517578,226600
2023-12-13,114.16000366210938,115.94000244140625,114.04000091552734,115.19999694824219,277900
2023-12-14,116.11000061035156,116.83000183105469,110.16000366210938,110.56999969482422,373100
2023-12-15,111.29000091552734,112.6500015258789,110.63999938964844,110.87999725341797,537100
2023-12-18,111.16999816894531,111.5999984741211,108.81999969482422,109.13999938964844,264400
2023-12-19,109.30000305175781,110.81999969482422,108.87000274658203,110.38999938964844,253900
2023-12-20,110.61000061035156,111.11000061035156,108.80000305175781,108.94000244140625,205000
2023-12-21,109.19999694824219,110.47000122070312,108.79000091552734,110.45999908447266,168100
2023-12-22,111.02999877929688,111.12000274658203,109.7699966430664,109.93000030517578,170900
2023-12-26,109.80000305175781,110.83999633789062,109.26000213623047,110.68000030517578,135300
2023-12-27,110.2300033569336,110.66000366210938,109.20999908447266,109.38999938964844,145100
2023-12-28,108.87999725341797,108.9000015258789,107.73999786376953,108.4000015258789,198400
2023-12-29,107.94000244140625,108.70999908447266,107.5,108.38999938964844,200700
2024-01-02,107.66999816894531,109.38999938964844,106.44000244140625,106.94999694824219,225600
2024-01-03,106.62000274658203,106.70999908447266,105.0,105.20999908447266,215000
2024-01-04,104.58000183105469,106.80999755859375,103.55000305175781,106.5,250300
2024-01-05,105.94999694824219,106.91999816894531,105.62999725341797,106.27999877929688,173100
2024-01-08,106.51000213623047,108.5999984741211,106.19000244140625,108.2699966430664,224100
2024-01-09,107.37000274658203,107.41999816894531,106.25,106.58999633789062,149500
2024-01-10,106.20999908447266,109.77999877929688,106.19999694824219,109.4800033569336,221100
2024-01-11,108.98999786376953,109.62000274658203,106.94999694824219,108.81999969482422,246000
2024-01-12,109.61000061035156,110.80999755859375,109.33999633789062,110.11000061035156,167700
2024-01-16,109.43000030517578,110.12000274658203,108.91000366210938,110.08999633789062,156100
2024-01-17,109.04000091552734,110.9000015258789,109.04000091552734,110.12000274658203,143800
2024-01-18,110.1500015258789,110.58000183105469,109.30000305175781,110.5199966430664,160200
2024-01-19,110.86000061035156,113.06999969482422,109.73999786376953,112.87000274658203,275500
2024-01-22,113.77999877929688,115.38999938964844,113.73999786376953,115.36000061035156,188200
2024-01-23,116.31999969482422,116.31999969482422,113.73999786376953,114.70999908447266,122400
2024-01-24,115.63999938964844,116.22000122070312,114.08000183105469,114.25,126100
2024-01-25,115.16000366210938,115.2699966430664,114.18000030517578,115.04000091552734,184400
2024-01-26,115.75,116.25,115.01000213623047,115.86000061035156,132900
2024-01-29,115.56999969482422,116.73999786376953,115.4000015258789,116.54000091552734,224800
2024-01-30,116.0199966430664,117.66999816894531,115.5,117.55000305175781,234000
2024-01-31,117.5,118.16999816894531,114.6500015258789,114.7699966430664,347000
2024-02-01,115.66999816894531,122.87000274658203,115.66999816894531,119.68000030517578,353500
2024-02-02,119.7699966430664,120.0,116.08999633789062,116.08999633789062,192300
2024-02-05,115.52999877929688,118.16999816894531,114.26000213623047,117.31999969482422,276800
2024-02-06,117.9800033569336,117.9800033569336,115.5,115.83000183105469,229700
2024-02-07,115.61000061035156,117.12000274658203,115.2300033569336,116.05000305175781,239300
2024-02-08,115.58999633789062,116.9800033569336,115.41999816894531,116.94999694824219,179500
2024-02-09,116.69999694824219,118.6500015258789,116.69999694824219,118.37000274658203,174200
2024-02-12,118.1500015258789,119.62000274658203,118.1500015258789,119.01000213623047,174500
2024-02-13,116.72000122070312,119.33999633789062,116.29000091552734,117.7300033569336,297700
2024-02-14,118.69000244140625,120.87999725341797,117.4800033569336,120.61000061035156,204600
2024-02-15,120.75,121.70999908447266,118.08000183105469,119.33999633789062,213900
2024-02-16,119.16000366210938,121.20999908447266,118.0199966430664,118.37000274658203,340600
2024-02-20,117.6500015258789,119.93000030517578,116.9800033569336,117.2699966430664,257700
2024-02-21,117.23999786376953,118.27999877929688,115.98999786376953,117.29000091552734,209300
2024-02-22,116.95999908447266,118.91999816894531,115.66000366210938,118.83000183105469,203200
2024-02-23,118.91999816894531,119.1500015258789,117.47000122070312,117.54000091552734,136100
2024-02-26,117.12999725341797,118.02999877929688,116.8499984741211,117.1500015258789,138100
2024-02-27,117.30000305175781,117.30000305175781,114.11000061035156,116.22000122070312,221100
2024-02-28,115.69000244140625,117.56999969482422,115.41999816894531,115.88999938964844,186800
2024-02-29,116.87000274658203,117.63999938964844,114.0,114.5,264200
2024-03-01,114.9800033569336,115.26000213623047,113.91999816894531,115.04000091552734,163900
2024-03-04,115.36000061035156,116.0999984741211,114.44999694824219,114.83000183105469,136600
2024-03-05,114.73999786376953,116.11000061035156,114.3499984741211,114.63999938964844,113300
2024-03-06,115.01000213623047,116.18000030517578,114.4000015258789,115.16999816894531,112200
2024-03-07,115.45999908447266,116.41000366210938,114.27999877929688,114.7699966430664,138800
2024-03-08,115.5999984741211,115.9800033569336,115.02999877929688,115.83000183105469,137000
2024-03-11,116.06999969482422,117.04000091552734,115.29000091552734,116.52999877929688,179700
2024-03-12,116.37000274658203,118.87000274658203,115.12000274658203,118.7300033569336,140000
2024-03-13,119.01000213623047,120.68000030517578,117.95999908447266,120.36000061035156,200000
2024-03-14,120.05000305175781,120.05000305175781,116.48999786376953,117.80999755859375,178500
2024-03-15,117.4800033569336,119.62999725341797,117.4800033569336,118.68000030517578,478500
2024-03-18,118.12000274658203,119.7300033569336,117.12000274658203,118.8499984741211,213600
2024-03-19,119.0,119.58000183105469,116.62000274658203,117.45999908447266,295600
2024-03-20,116.9000015258789,120.3499984741211,116.9000015258789,120.11000061035156,139900
2024-03-21,120.30999755859375,123.16999816894531,120.20999908447266,122.86000061035156,203100
2024-03-22,123.0,123.0,120.30000305175781,121.5,175700
2024-03-25,121.88999938964844,123.94999694824219,121.5999984741211,122.80999755859375,172500
2024-03-26,122.94999694824219,124.36000061035156,121.91000366210938,123.8499984741211,201600
2024-03-27,124.80999755859375,126.3499984741211,124.0199966430664,126.20999908447266,141500
2024-03-28,126.55000305175781,128.02000427246094,126.02999877929688,127.54000091552734,215900
2024-04-01,128.0,128.3699951171875,124.52999877929688,125.5199966430664,183400
2024-04-02,124.6500015258789,125.45999908447266,123.25,123.66000366210938,183900
2024-04-03,122.93000030517578,125.62999725341797,121.75,124.87000274658203,95300
2024-04-04,125.31999969482422,126.12000274658203,122.73999786376953,123.18000030517578,128500
2024-04-05,123.13999938964844,125.47000122070312,123.08000183105469,124.7699966430664,145000
2024-04-08,124.9000015258789,126.37000274658203,124.51000213623047,125.7300033569336,130000
2024-04-09,126.11000061035156,126.55999755859375,125.41999816894531,125.93000030517578,79800
2024-04-10,128.52999877929688,130.66000366210938,125.69999694824219,129.47000122070312,371100
2024-04-11,129.5,131.4600067138672,127.69999694824219,131.3800048828125,213900
2024-04-12,130.91000366210938,132.30999755859375,130.1699981689453,132.07000732421875,210700
2024-04-15,132.6300048828125,133.4600067138672,129.61000061035156,131.07000732421875,245300
2024-04-16,130.57000732421875,131.13999938964844,129.39999389648438,130.32000732421875,201500
2024-04-17,130.67999267578125,133.00999450683594,129.3300018310547,129.63999938964844,150800
2024-04-18,130.10000610351562,131.14999389648438,128.52000427246094,128.72000122070312,188300
2024-04-19,128.6999969482422,131.3300018310547,128.6999969482422,130.41000366210938,215900
2024-04-22,131.0,131.94000244140625,130.3300018310547,130.58999633789062,231600
2024-04-23,130.85000610351562,133.2100067138672,130.85000610351562,132.5,340400
2024-04-24,132.50999450683594,133.63999938964844,131.52000427246094,132.02999877929688,354100
2024-04-25,128.6999969482422,128.6999969482422,114.0999984741211,114.61000061035156,1088700
2024-04-26,114.4800033569336,117.23999786376953,112.0999984741211,115.70999908447266,626200
2024-04-29,117.68000030517578,117.68000030517578,114.01000213623047,115.3499984741211,394600
2024-04-30,114.98999786376953,115.38999938964844,112.08000183105469,112.9800033569336,347200
2024-05-01,113.18000030517578,115.48999786376953,111.91999816894531,114.7300033569336,318300
2024-05-02,115.0199966430664,115.98999786376953,113.44999694824219,114.86000061035156,168000
2024-05-03,115.37999725341797,116.5199966430664,114.58999633789062,116.3499984741211,166600
2024-05-06,117.4800033569336,117.6500015258789,115.83999633789062,116.61000061035156,293800
2024-05-07,117.3499984741211,119.45999908447266,116.61000061035156,119.0199966430664,280900
2024-05-08,118.11000061035156,119.27999877929688,118.06999969482422,118.5,173300
2024-05-09,118.27999877929688,120.51000213623047,118.27999877929688,120.51000213623047,156600
2024-05-10,120.69999694824219,120.93000030517578,119.16999816894531,119.20999908447266,116100
2024-05-13,120.13999938964844,120.37000274658203,117.9000015258789,118.04000091552734,150900
2024-05-14,118.70999908447266,119.44000244140625,116.52999877929688,116.63999938964844,159900
2024-05-15,117.08999633789062,117.1500015258789,115.44000244140625,115.87000274658203,134100
2024-05-16,116.20999908447266,117.69999694824219,114.7699966430664,117.23999786376953,221300
2024-05-17,117.80999755859375,118.16000366210938,116.08999633789062,117.52999877929688,367100
2024-05-20,117.41000366210938,121.16999816894531,117.33000183105469,120.7300033569336,300700
2024-05-21,120.75,120.75,118.94999694824219,119.3499984741211,285600
2024-05-22,119.25,119.37999725341797,116.20999908447266,116.76000213623047,170600
2024-05-23,116.69999694824219,117.47000122070312,115.95999908447266,116.23999786376953,137700
2024-05-24,117.08000183105469,118.81999969482422,116.98999786376953,118.68000030517578,153900
2024-05-28,118.33000183105469,119.76000213623047,117.37999725341797,118.33000183105469,160000
2024-05-29,117.31999969482422,117.83000183105469,115.94999694824219,116.0,151700
2024-05-30,116.87999725341797,118.73999786376953,116.69999694824219,117.20999908447266,134800
2024-05-31,117.54000091552734,118.63999938964844,116.70999908447266,117.91999816894531,178700
2024-06-03,119.04000091552734,119.04000091552734,116.66999816894531,117.55000305175781,117200
2024-06-04,117.31999969482422,117.31999969482422,113.83999633789062,114.56999969482422,156400
2024-06-05,114.97000122070312,116.5199966430664,114.56999969482422,116.02999877929688,119200
2024-06-06,115.27999877929688,115.9000015258789,112.88999938964844,114.83999633789062,277000
2024-06-07,113.44999694824219,114.0999984741211,112.2699966430664,112.47000122070312,231700
2024-06-10,111.55999755859375,111.6500015258789,110.12000274658203,111.05999755859375,180300
2024-06-11,110.94999694824219,111.12999725341797,109.70999908447266,110.94999694824219,161500
2024-06-12,112.9000015258789,115.38999938964844,112.8499984741211,114.23999786376953,186000
2024-06-13,114.23999786376953,114.23999786376953,109.75,110.47000122070312,237700
2024-06-14,108.7699966430664,109.19000244140625,107.33999633789062,108.16000366210938,270000
2024-06-17,107.76000213623047,110.80999755859375,107.76000213623047,109.30999755859375,274400
2024-06-18,109.37999725341797,110.12999725341797,108.51000213623047,109.2699966430664,282300
2024-06-20,109.0,109.12000274658203,106.75,107.0999984741211,217100
2024-06-21,107.0999984741211,108.66000366210938,105.88999938964844,106.30000305175781,571400
2024-06-24,106.87999725341797,107.48999786376953,105.6500015258789,106.04000091552734,312200
2024-06-25,106.04000091552734,106.37000274658203,105.16000366210938,105.56999969482422,187500
2024-06-26,104.80999755859375,107.4000015258789,104.80999755859375,106.94999694824219,467900
2024-06-27,107.2300033569336,108.05000305175781,105.70999908447266,105.80000305175781,335700
2024-06-28,106.41999816894531,107.23999786376953,103.80000305175781,104.87999725341797,954700
2024-07-01,105.4000015258789,106.37000274658203,103.0,104.0199966430664,411300
2024-07-02,104.54000091552734,105.62999725341797,103.8499984741211,104.63999938964844,305600
2024-07-03,104.69000244140625,104.69000244140625,103.0199966430664,103.52999877929688,109700
2024-07-05,102.86000061035156,103.16999816894531,101.66999816894531,102.0,235100
2024-07-08,102.5999984741211,103.56999969482422,101.81999969482422,102.33000183105469,291400
2024-07-09,103.0,104.13999938964844,101.87000274658203,102.0999984741211,271400
2024-07-10,102.0999984741211,103.1500015258789,101.98999786376953,102.80000305175781,191100
2024-07-11,104.7300033569336,105.16999816894531,102.93000030517578,103.62999725341797,623700
2024-07-12,104.91000366210938,105.91999816894531,104.43000030517578,104.51000213623047,249100
2024-07-15,105.13999938964844,109.4800033569336,104.55000305175781,109.11000061035156,433300
2024-07-16,109.81999969482422,112.19000244140625,109.81999969482422,111.70999908447266,402400
2024-07-17,111.26000213623047,112.33999633789062,109.44000244140625,109.56999969482422,382800
2024-07-18,109.18000030517578,111.2300033569336,107.45999908447266,108.27999877929688,248500
2024-07-19,108.48999786376953,108.80999755859375,107.37000274658203,108.0,247200
2024-07-22,108.30000305175781,109.68000030517578,107.3499984741211,109.33999633789062,243100
2024-07-23,109.04000091552734,110.37999725341797,108.8499984741211,108.98999786376953,269200
2024-07-24,108.30000305175781,110.61000061035156,107.81999969482422,110.05999755859375,417900
2024-07-25,114.37000274658203,116.45999908447266,110.41999816894531,112.26000213623047,561100
2024-07-26,112.80000305175781,114.7300033569336,110.6500015258789,111.87000274658203,505900
2024-07-29,112.18000030517578,112.7300033569336,108.76000213623047,109.18000030517578,276300
2024-07-30,109.83999633789062,112.12999725341797,108.73999786376953,111.91000366210938,280800
2024-07-31,112.0999984741211,113.05000305175781,110.33000183105469,111.5999984741211,261500
2024-08-01,111.22000122070312,113.0199966430664,110.79000091552734,112.68000030517578,378000
2024-08-02,109.93000030517578,111.87000274658203,108.88999938964844,111.5199966430664,399500
2024-08-05,107.37999725341797,109.83000183105469,106.4800033569336,108.41000366210938,550100
2024-08-06,108.45999908447266,110.5999984741211,107.94999694824219,110.0,414900
2024-08-07,111.29000091552734,112.47000122070312,111.18000030517578,111.63999938964844,306900
2024-08-08,112.16999816894531,113.4800033569336,112.13999938964844,113.12000274658203,297100
2024-08-09,113.5999984741211,115.08000183105469,113.12000274658203,114.66999816894531,225000
2024-08-12,114.94000244140625,116.30000305175781,114.25,115.86000061035156,329800
2024-08-13,116.4000015258789,118.45999908447266,116.4000015258789,118.19999694824219,258200
2024-08-14,118.19999694824219,118.4000015258789,117.27999877929688,117.87000274658203,275300
2024-08-15,119.55000305175781,119.55999755859375,118.5,118.80999755859375,233600
2024-08-16,118.48999786376953,119.55999755859375,118.48999786376953,119.43000030517578,291800
2024-08-19,119.68000030517578,120.25,118.30000305175781,119.63999938964844,285800
2024-08-20,119.27999877929688,119.66000366210938,116.83000183105469,116.8499984741211,191700
2024-08-21,117.38999938964844,117.7699966430664,116.05000305175781,117.30000305175781,181500
2024-08-22,117.43000030517578,118.18000030517578,116.33000183105469,116.54000091552734,228300
2024-08-23,117.0199966430664,118.56999969482422,116.91000366210938,118.5199966430664,311100
2024-08-26,119.19000244140625,120.43000030517578,117.95999908447266,118.16000366210938,171400
2024-08-27,118.16000366210938,119.12000274658203,116.0999984741211,116.31999969482422,182000
2024-08-28,116.06999969482422,116.94000244140625,115.0999984741211,115.80999755859375,147100
2024-08-29,116.79000091552734,117.80999755859375,116.20999908447266,117.37999725341797,177200
2024-08-30,117.66999816894531,120.30999755859375,117.66999816894531,120.08999633789062,269800
2024-09-03,119.29000091552734,120.25,117.2300033569336,117.7300033569336,183400
2024-09-04,117.62999725341797,119.73999786376953,117.19999694824219,119.47000122070312,175600
2024-09-05,120.05999755859375,120.05999755859375,117.38999938964844,119.0999984741211,163100
2024-09-06,119.41000366210938,120.16999816894531,117.80999755859375,118.73999786376953,212200
2024-09-09,118.69999694824219,120.20999908447266,117.45999908447266,117.51000213623047,232700
2024-09-10,117.51000213623047,117.51000213623047,113.5,113.5199966430664,172300
2024-09-11,112.5,115.18000030517578,111.94999694824219,114.52999877929688,199200
2024-09-12,115.19000244140625,118.7300033569336,115.08000183105469,115.98999786376953,253500
2024-09-13,117.19000244140625,117.9000015258789,116.04000091552734,117.16000366210938,192700
2024-09-16,117.72000122070312,119.75,117.41999816894531,117.91999816894531,204600
2024-09-17,118.5999984741211,119.69000244140625,117.19000244140625,118.2300033569336,143300
2024-09-18,117.83000183105469,120.08000183105469,116.94000244140625,119.13999938964844,210000
2024-09-19,120.98999786376953,120.98999786376953,118.56999969482422,119.0999984741211,184400
2024-09-20,119.0999984741211,119.7699966430664,117.16000366210938,117.37000274658203,582100
2024-09-23,117.93000030517578,118.30999755859375,116.58000183105469,118.0199966430664,134900
2024-09-24,118.04000091552734,118.27999877929688,115.02999877929688,115.13999938964844,135100
2024-09-25,115.37000274658203,115.37000274658203,113.0,113.62999725341797,234800
2024-09-26,114.36000061035156,115.27999877929688,113.44999694824219,114.38999938964844,167700
2024-09-27,115.08999633789062,116.58000183105469,114.45999908447266,114.51000213623047,208600
2024-09-30,114.51000213623047,115.79000091552734,113.91999816894531,114.80000305175781,184300
2024-10-01,115.05999755859375,115.4000015258789,113.01000213623047,114.19000244140625,157900
2024-10-02,113.41000366210938,114.26000213623047,112.66999816894531,112.79000091552734,149900
2024-10-03,112.4800033569336,113.72000122070312,111.45999908447266,111.6500015258789,146500
2024-10-04,112.81999969482422,114.37000274658203,112.81999969482422,113.88999938964844,153200
2024-10-07,113.4000015258789,113.4000015258789,111.72000122070312,113.04000091552734,236800
2024-10-08,113.4800033569336,113.66000366210938,112.36000061035156,112.98999786376953,147400
2024-10-09,113.02999877929688,115.18000030517578,113.0,113.80999755859375,221100
2024-10-10,112.69000244140625,113.29000091552734,112.26000213623047,112.62000274658203,196900
2024-10-11,112.63999938964844,114.51000213623047,112.63999938964844,113.69000244140625,171300
2024-10-14,113.69000244140625,114.2300033569336,113.0,113.63999938964844,176400
2024-10-15,113.63999938964844,115.19999694824219,113.58999633789062,114.08000183105469,523800
2024-10-16,114.4800033569336,116.02999877929688,114.4800033569336,114.72000122070312,348700
2024-10-17,115.20999908447266,115.52999877929688,113.55000305175781,114.2300033569336,103800
2024-10-18,114.5,114.55000305175781,112.45999908447266,112.75,210400
2024-10-21,113.11000061035156,113.37000274658203,110.83000183105469,111.41000366210938,133000
2024-10-22,111.0,111.68000030517578,110.02999877929688,111.04000091552734,226800
2024-10-23,110.8499984741211,111.44000244140625,109.88999938964844,110.13999938964844,218300
2024-10-24,110.54000091552734,110.54000091552734,101.62000274658203,102.26000213623047,501600
2024-10-25,103.68000030517578,106.13999938964844,103.66999816894531,105.54000091552734,748200
2024-10-28,105.66999816894531,107.25,105.12999725341797,105.97000122070312,564700
2024-10-29,104.70999908447266,105.80999755859375,103.87999725341797,105.80999755859375,495900
2024-10-30,105.47000122070312,107.44000244140625,105.19999694824219,105.43000030517578,205800
2024-10-31,105.23999786376953,105.23999786376953,103.45999908447266,103.47000122070312,304200
2024-11-01,104.13999938964844,106.80999755859375,103.43000030517578,106.08000183105469,255700
2024-11-04,105.70999908447266,107.73999786376953,105.31999969482422,106.12000274658203,190000
2024-11-05,105.5,107.27999877929688,104.88999938964844,107.08000183105469,164100
2024-11-06,113.91999816894531,116.70999908447266,108.86000061035156,109.97000122070312,511100
2024-11-07,109.58000183105469,109.86000061035156,106.98999786376953,107.7300033569336,244400
2024-11-08,107.87000274658203,110.94999694824219,107.05999755859375,109.08000183105469,231700
2024-11-11,109.66999816894531,111.29000091552734,108.44000244140625,108.5,534400
2024-11-12,107.91999816894531,109.62999725341797,107.43000030517578,107.93000030517578,166200
2024-11-13,109.4000015258789,112.0199966430664,109.22000122070312,109.75,175900
2024-11-14,110.0,110.83999633789062,106.3499984741211,107.08999633789062,233700
2024-11-15,107.4000015258789,107.5,105.26000213623047,105.7699966430664,199400
2024-11-18,105.9000015258789,107.05000305175781,105.61000061035156,106.0,267500
2024-11-19,104.73999786376953,105.37999725341797,104.37000274658203,105.05999755859375,210800
2024-11-20,105.2699966430664,106.12999725341797,104.02999877929688,105.19999694824219,155800
2024-11-21,105.2699966430664,105.2699966430664,102.83999633789062,102.97000122070312,231500
2024-11-22,103.37999725341797,105.20999908447266,103.0999984741211,104.4000015258789,371300
2024-11-25,105.47000122070312,108.7300033569336,105.47000122070312,107.94000244140625,301600
2024-11-26,108.0,108.22000122070312,106.25,107.0999984741211,260900
2024-11-27,107.66999816894531,109.22000122070312,107.66999816894531,108.66999816894531,209500
2024-11-29,108.56999969482422,109.45999908447266,107.38999938964844,108.86000061035156,132900
2024-12-02,108.38999938964844,108.38999938964844,106.2300033569336,107.11000061035156,185600
2024-12-03,107.7699966430664,108.55000305175781,105.43000030517578,106.58000183105469,145800
2024-12-04,106.02999877929688,106.95999908447266,105.62000274658203,106.7300033569336,153100
2024-12-05,107.1500015258789,107.1500015258789,105.51000213623047,105.97000122070312,132500
2024-12-06,106.5199966430664,106.79000091552734,104.91999816894531,104.98999786376953,149800
2024-12-09,105.2300033569336,107.29000091552734,105.08999633789062,106.37999725341797,254100
2024-12-10,106.23999786376953,109.1500015258789,105.77999877929688,107.79000091552734,319100
2024-12-11,108.16999816894531,109.94000244140625,107.41000366210938,109.63999938964844,351000
2024-12-12,109.16999816894531,110.25,107.44000244140625,108.5999984741211,186800
2024-12-13,108.16999816894531,108.94999694824219,104.80000305175781,106.30000305175781,265500
2024-12-16,106.18000030517578,107.26000213623047,105.41999816894531,105.5,194300
2024-12-17,104.94000244140625,106.05999755859375,104.0999984741211,104.8499984741211,274800
2024-12-18,105.41000366210938,105.6500015258789,100.23999786376953,100.54000091552734,275200
2024-12-19,101.22000122070312,104.88999938964844,100.87000274658203,102.97000122070312,250500
2024-12-20,102.05000305175781,104.08999633789062,101.4800033569336,102.83000183105469,655800
2024-12-23,102.7699966430664,103.33999633789062,102.16999816894531,102.9800033569336,192800
2024-12-24,103.08999633789062,103.79000091552734,102.4000015258789,103.25,56400
2024-12-26,103.0,104.01000213623047,102.36000061035156,103.44999694824219,103300
2024-12-27,102.72000122070312,103.7699966430664,102.30000305175781,103.0999984741211,116200
2024-12-30,102.95999908447266,103.98999786376953,101.75,102.94999694824219,138100
2024-12-31,103.44000244140625,104.31999969482422,102.26000213623047,103.5999984741211,173400
2025-01-02,103.94000244140625,105.44999694824219,102.41999816894531,102.58999633789062,155400
2025-01-03,102.77999877929688,103.94999694824219,102.51000213623047,103.2300033569336,158300
2025-01-06,103.06999969482422,105.12000274658203,103.06999969482422,104.06999969482422,280300
2025-01-07,104.13999938964844,106.66999816894531,104.13999938964844,106.66999816894531,208800
2025-01-08,105.70999908447266,107.69000244140625,105.58000183105469,106.80999755859375,268100
2025-01-10,105.66999816894531,107.08000183105469,104.98999786376953,106.61000061035156,258800
2025-01-13,105.97000122070312,109.05000305175781,105.95999908447266,108.97000122070312,256700
2025-01-14,109.2699966430664,111.33000183105469,108.73999786376953,110.05999755859375,285400
2025-01-15,111.5,113.02999877929688,110.54000091552734,111.1500015258789,236000
2025-01-16,111.81999969482422,112.55000305175781,110.5,111.81999969482422,163100
2025-01-17,112.73999786376953,113.41000366210938,111.55999755859375,112.13999938964844,266300
2025-01-21,112.52999877929688,113.44000244140625,111.76000213623047,113.0,179300
2025-01-22,112.55000305175781,112.8499984741211,110.69999694824219,112.4000015258789,143900
2025-01-23,111.76000213623047,114.04000091552734,111.0999984741211,113.68000030517578,158200
2025-01-24,113.20999908447266,113.98999786376953,111.8499984741211,113.41999816894531,234200
2025-01-27,113.4000015258789,115.19000244140625,112.30999755859375,112.62999725341797,251500
2025-01-28,112.18000030517578,112.61000061035156,111.44999694824219,111.55999755859375,194300
2025-01-29,110.8499984741211,112.95999908447266,110.58000183105469,111.94000244140625,291600
2025-01-30,113.88999938964844,115.18000030517578,111.54000091552734,112.41999816894531,271800
2025-01-31,111.54000091552734,113.01000213623047,108.44000244140625,109.1500015258789,273700
2025-02-03,107.37000274658203,108.79000091552734,106.7699966430664,108.37999725341797,212800
2025-02-04,108.94999694824219,112.66999816894531,107.25,112.58999633789062,268400
2025-02-05,113.0,114.0,112.44000244140625,113.83000183105469,250000
2025-02-06,113.9800033569336,114.56999969482422,111.7300033569336,111.83999633789062,217300
2025-02-07,112.0,113.66999816894531,111.16000366210938,113.19999694824219,184800
2025-02-10,112.97000122070312,114.37000274658203,112.51000213623047,113.63999938964844,239600
2025-02-11,112.66999816894531,115.06999969482422,112.66999816894531,114.33000183105469,211500
2025-02-12,113.9000015258789,116.79000091552734,113.0,116.51000213623047,295200
2025-02-13,116.77999877929688,118.51000213623047,116.51000213623047,117.75,318500
2025-02-14,117.66999816894531,118.87000274658203,116.91999816894531,117.25,286200
2025-02-18,116.94999694824219,118.0,115.61000061035156,117.27999877929688,231300
2025-02-19,116.30000305175781,117.51000213623047,115.45999908447266,116.12000274658203,213200
2025-02-20,115.55999755859375,116.33999633789062,113.55999755859375,114.30000305175781,251900
2025-02-21,115.02999877929688,115.04000091552734,113.62999725341797,114.58999633789062,240300
2025-02-24,114.77999877929688,114.94000244140625,113.83000183105469,114.36000061035156,268600
2025-02-25,114.86000061035156,116.01000213623047,113.76000213623047,114.5999984741211,325300
2025-02-26,115.48999786376953,115.5,111.36000061035156,111.37000274658203,215200
2025-02-27,110.91000366210938,111.80000305175781,110.77999877929688,110.97000122070312,211100
2025-02-28,111.58000183105469,112.27999877929688,109.51000213623047,112.27999877929688,232700
2025-03-03,112.16999816894531,113.52999877929688,110.88999938964844,111.80999755859375,216400
2025-03-04,111.26000213623047,113.94000244140625,110.16000366210938,111.55999755859375,338800
2025-03-05,111.6500015258789,115.08999633789062,111.31999969482422,113.76000213623047,299600
2025-03-06,113.08000183105469,116.05999755859375,112.6500015258789,115.33999633789062,325800
2025-03-07,115.31999969482422,116.3499984741211,113.33000183105469,115.41999816894531,353200
2025-03-10,115.19999694824219,115.58000183105469,112.66000366210938,114.30000305175781,327200
2025-03-11,114.45999908447266,116.87000274658203,113.9000015258789,115.97000122070312,441900
2025-03-12,116.20999908447266,116.93000030517578,113.38999938964844,113.41999816894531,337700
2025-03-13,113.72000122070312,114.69000244140625,111.45999908447266,113.04000091552734,237600
2025-03-14,113.54000091552734,117.27999877929688,113.31999969482422,116.94000244140625,234500
2025-03-17,116.63999938964844,118.29000091552734,116.20999908447266,117.06999969482422,187200
2025-03-18,116.91000366210938,118.08000183105469,116.37999725341797,117.02999877929688,191900
2025-03-19,117.16000366210938,118.30999755859375,116.86000061035156,118.16000366210938,198700
2025-03-20,117.36000061035156,118.25,115.94999694824219,117.45999908447266,289100
2025-03-21,116.51000213623047,117.27999877929688,114.20999908447266,116.87000274658203,573200
2025-03-24,117.77999877929688,118.4000015258789,116.81999969482422,117.73999786376953,236600
2025-03-25,117.93000030517578,119.62000274658203,116.08999633789062,118.58999633789062,158500
2025-03-26,118.55000305175781,120.48999786376953,118.4800033569336,120.18000030517578,168800
2025-03-27,121.45999908447266,121.45999908447266,119.9000015258789,120.1500015258789,161400
2025-03-28,119.98999786376953,120.26000213623047,118.7300033569336,119.36000061035156,146300
2025-03-31,118.73999786376953,121.36000061035156,117.77999877929688,120.31999969482422,373900
2025-04-01,119.61000061035156,121.55000305175781,119.4000015258789,121.05000305175781,230400
2025-04-02,120.8499984741211,122.31999969482422,119.27999877929688,122.08000183105469,276900
2025-04-03,118.91999816894531,127.8499984741211,118.91999816894531,127.30999755859375,548300
2025-04-04,124.77999877929688,129.61000061035156,120.51000213623047,123.02999877929688,767600
2025-04-07,123.02999877929688,125.47000122070312,117.66999816894531,120.16000366210938,524100
2025-04-08,122.47000122070312,124.61000061035156,116.66000366210938,118.0,425800
2025-04-09,117.11000061035156,123.9000015258789,116.66000366210938,120.19000244140625,682700
2025-04-10,121.75,121.81999969482422,117.30999755859375,119.37000274658203,406600
2025-04-11,118.63999938964844,121.30999755859375,117.30999755859375,120.62000274658203,400700
2025-04-14,121.33999633789062,122.31999969482422,120.30000305175781,121.30000305175781,458800
2025-04-15,121.66999816894531,122.36000061035156,120.45999908447266,120.97000122070312,315100
2025-04-16,121.08000183105469,121.5999984741211,119.61000061035156,120.05999755859375,264500
2025-04-17,120.0,122.5,119.54000091552734,121.44000244140625,269700
2025-04-21,121.44000244140625,121.62000274658203,119.58000183105469,120.41999816894531,268100
2025-04-22,121.55999755859375,122.51000213623047,119.0,121.61000061035156,310100
2025-04-23,121.80000305175781,124.16999816894531,120.55999755859375,120.70999908447266,514000
2025-04-24,126.19000244140625,134.14999389648438,123.93000030517578,131.72000122070312,837200
2025-04-25,132.41000366210938,132.4499969482422,130.3300018310547,131.9499969482422,445200
2025-04-28,132.2100067138672,133.67999267578125,131.7899932861328,132.67999267578125,641600
2025-04-29,132.47000122070312,134.17999267578125,132.1999969482422,133.4600067138672,467800
2025-04-30,133.3000030517578,134.85000610351562,132.0399932861328,133.9600067138672,532600
2025-05-01,134.00999450683594,134.38999938964844,131.91000366210938,132.64999389648438,251400
2025-05-02,133.72000122070312,134.32000732421875,133.0,133.91000366210938,310100
2025-05-05,133.77999877929688,135.57000732421875,133.3800048828125,135.55999755859375,308200
2025-05-06,134.5800018310547,135.4499969482422,133.52999877929688,134.1999969482422,396200
2025-05-07,134.9499969482422,134.9499969482422,132.99000549316406,133.4499969482422,282800
2025-05-08,134.9499969482422,134.9499969482422,133.7899932861328,133.92999267578125,213400
2025-05-09,133.80999755859375,134.50999450683594,132.3800048828125,132.75,282800
2025-05-12,134.2100067138672,134.2100067138672,130.85000610351562,132.16000366210938,343800
2025-05-13,132.52999877929688,133.27000427246094,129.47000122070312,129.91000366210938,404400
2025-05-14,130.1199951171875,131.52000427246094,128.8699951171875,128.97000122070312,376700
2025-05-15,128.6199951171875,129.8300018310547,126.83999633789062,127.12000274658203,272000
2025-05-16,127.02999877929688,127.48999786376953,125.0999984741211,126.69000244140625,370500
2025-05-19,126.54000091552734,128.63999938964844,125.87000274658203,128.14999389648438,243200
2025-05-20,127.55000305175781,128.66000366210938,126.51000213623047,127.12999725341797,250900
2025-05-21,126.23999786376953,126.95999908447266,124.97000122070312,125.7300033569336,251900
2025-05-22,125.44000244140625,127.0999984741211,124.37999725341797,127.0,364400
2025-05-23,125.88999938964844,128.9199981689453,125.38999938964844,127.5,258100
2025-05-27,127.91000366210938,128.99000549316406,127.19999694824219,127.91999816894531,212500
2025-05-28,127.63999938964844,128.11000061035156,126.48999786376953,126.69000244140625,216700
2025-05-29,126.69000244140625,127.43000030517578,126.22000122070312,127.23999786376953,146900
2025-05-30,126.9800033569336,128.6300048828125,126.77999877929688,127.91000366210938,303300
2025-06-02,127.75,128.3300018310547,127.12999725341797,128.0800018310547,208200
2025-06-03,127.66000366210938,127.9000015258789,125.05000305175781,126.55999755859375,218700
2025-06-04,126.37000274658203,127.58000183105469,124.16000366210938,124.37999725341797,278600
2025-06-05,124.83000183105469,124.83000183105469,122.7699966430664,124.06999969482422,197700
2025-06-06,125.0,126.30000305175781,123.91000366210938,125.77999877929688,227400
2025-06-09,125.77999877929688,131.1699981689453,125.5,131.07000732421875,336000
2025-06-10,131.55999755859375,133.85000610351562,129.89999389648438,131.94000244140625,257600
2025-06-11,131.86000061035156,132.14999389648438,129.58999633789062,130.74000549316406,309500
2025-06-12,130.5500030517578,132.32000732421875,130.0800018310547,131.17999267578125,274400
2025-06-13,129.5,130.6199951171875,129.1999969482422,130.13999938964844,269000
2025-06-16,131.5,131.5,129.8800048828125,130.42999267578125,191400
2025-06-17,129.5800018310547,130.2899932861328,128.07000732421875,129.63999938964844,284800
2025-06-18,129.4499969482422,130.22000122070312,128.30999755859375,128.49000549316406,207100
2025-06-20,128.77999877929688,129.64999389648438,128.47000122070312,129.55999755859375,420300
2025-06-23,129.9499969482422,130.25999450683594,128.89999389648438,130.13999938964844,226200
2025-06-24,130.36000061035156,131.33999633789062,129.88999938964844,130.5,198000
2025-06-25,130.41000366210938,135.63999938964844,129.72000122070312,134.50999450683594,477800
2025-06-26,134.0399932861328,138.4199981689453,131.27000427246094,137.6300048828125,480500
2025-06-27,137.17999267578125,137.17999267578125,131.86000061035156,134.50999450683594,708400
2025-06-30,134.72000122070312,135.72999572753906,133.44000244140625,135.13999938964844,313400
2025-07-01,134.72000122070312,136.3800048828125,134.6199951171875,135.5,247300
2025-07-02,135.5,137.16000366210938,134.89999389648438,136.75999450683594,261000
2025-07-03,137.74000549316406,137.9199981689453,136.10000610351562,136.77000427246094,128300
2025-07-07,136.6999969482422,137.75,135.22000122070312,135.89999389648438,231600
2025-07-08,136.0800018310547,137.8000030517578,133.3699951171875,133.9199981689453,325800
2025-07-09,134.5500030517578,134.5500030517578,132.17999267578125,133.69000244140625,236800
2025-07-10,133.60000610351562,135.61000061035156,132.57000732421875,132.74000549316406,240600
2025-07-11,132.58999633789062,133.83999633789062,130.8699951171875,132.1699981689453,223100
2025-07-14,132.02999877929688,133.00999450683594,130.85000610351562,131.42999267578125,144800
2025-07-15,131.02000427246094,131.22000122070312,129.7100067138672,129.94000244140625,229300
2025-07-16,130.44000244140625,131.83999633789062,129.77000427246094,130.6199951171875,172000
2025-07-17,130.32000732421875,132.77000427246094,130.22000122070312,132.4199981689453,251500
2025-07-18,132.97000122070312,133.9499969482422,131.42999267578125,132.60000610351562,241100
2025-07-21,132.36000061035156,133.25999450683594,131.22000122070312,131.50999450683594,279300
2025-07-22,131.50999450683594,133.8800048828125,129.27999877929688,133.5,271700
2025-07-23,133.50999450683594,133.75,131.72000122070312,133.5,289300
2025-07-24,133.05999755859375,135.99000549316406,122.16000366210938,122.29000091552734,545500
2025-07-25,122.51000213623047,123.5999984741211,120.16000366210938,122.44999694824219,499300
2025-07-28,122.37999725341797,122.5999984741211,119.20999908447266,120.08000183105469,338900
2025-07-29,120.77999877929688,123.72000122070312,120.0,123.26000213623047,564900
2025-07-30,123.91999816894531,131.8699951171875,122.33000183105469,130.22000122070312,1005500
2025-07-31,130.07000732421875,134.69000244140625,129.83999633789062,133.2899932861328,736900
2025-08-01,133.22999572753906,133.4600067138672,128.89999389648438,131.0800018310547,535400
2025-08-04,131.2100067138672,134.7899932861328,130.57000732421875,134.75,322200
2025-08-05,134.66000366210938,135.52999877929688,133.0,133.27999877929688,299800
2025-08-06,133.83999633789062,135.94000244140625,132.82000732421875,135.57000732421875,225000
2025-08-07,136.0399932861328,136.1999969482422,133.82000732421875,135.0800018310547,236000
2025-08-08,135.74000549316406,135.85000610351562,133.85000610351562,134.44000244140625,199300
2025-08-11,134.83999633789062,136.47000122070312,134.6699981689453,136.36000061035156,212500
2025-08-12,137.1300048828125,139.0399932861328,136.4499969482422,138.50999450683594,255700
2025-08-13,138.61000061035156,139.92999267578125,137.5800018310547,139.27000427246094,280100
2025-08-14,139.25,141.55999755859375,137.8800048828125,139.33999633789062,455400
2025-08-15,139.52999877929688,139.6999969482422,135.63999938964844,136.52000427246094,231800
2025-08-18,137.2899932861328,139.38999938964844,136.42999267578125,138.4499969482422,223900
2025-08-19,138.35000610351562,139.6999969482422,137.52999877929688,137.6300048828125,152600
2025-08-20,138.55999755859375,139.52999877929688,137.39999389648438,139.11000061035156,392400
2025-08-21,139.10000610351562,140.17999267578125,137.30999755859375,138.6999969482422,403400
2025-08-22,139.36000061035156,144.6300048828125,138.33999633789062,144.3800048828125,509800
2025-08-25,144.39999389648438,147.77000427246094,144.39999389648438,147.55999755859375,368200
2025-08-26,147.75,148.27000427246094,146.41000366210938,147.25,212600
2025-08-27,146.57000732421875,148.75,146.57000732421875,148.60000610351562,294200
2025-08-28,148.61000061035156,148.94000244140625,147.27000427246094,147.77000427246094,272900
2025-08-29,148.6699981689453,148.75,146.89999389648438,147.27000427246094,354400
2025-09-02,146.39999389648438,149.58999633789062,145.0399932861328,149.47999572753906,314500
2025-09-03,148.74000549316406,150.07000732421875,148.74000549316406,149.74000549316406,249700
2025-09-04,149.3300018310547,150.9199981689453,148.24000549316406,150.8300018310547,147600
2025-09-05,150.0500030517578,150.64999389648438,146.88999938964844,147.1300048828125,258700
2025-09-08,147.7899932861328,148.22999572753906,146.8300018310547,147.9199981689453,165800
2025-09-09,147.9199981689453,147.9199981689453,145.82000732421875,146.47000122070312,157800
2025-09-10,146.27999877929688,146.27999877929688,144.55999755859375,145.52999877929688,179300
2025-09-11,145.5800018310547,148.1300048828125,145.05999755859375,148.07000732421875,240500
2025-09-12,147.57000732421875,148.30999755859375,146.22000122070312,146.33999633789062,157800
2025-09-15,146.97999572753906,148.25,145.99000549316406,146.9600067138672,206700
2025-09-16,147.0399932861328,147.24000549316406,145.5399932861328,145.69000244140625,168900
2025-09-17,146.47000122070312,149.75999450683594,146.00999450683594,147.3699951171875,321400
2025-09-18,147.32000732421875,149.27999877929688,147.02999877929688,148.55999755859375,196600
2025-09-19,149.24000549316406,149.24000549316406,146.24000549316406,146.42999267578125,592200
2025-09-22,146.02000427246094,147.75999450683594,145.4199981689453,147.38999938964844,195700
2025-09-23,147.75999450683594,149.82000732421875,146.63999938964844,148.82000732421875,292400
2025-09-24,148.6300048828125,150.9199981689453,148.05999755859375,150.25,262100
2025-09-25,150.1999969482422,154.91000366210938,150.0500030517578,154.67999267578125,432900
2025-09-26,154.49000549316406,158.92999267578125,152.7899932861328,153.3000030517578,626200
2025-09-29,153.52999877929688,155.42999267578125,153.52000427246094,154.6300048828125,337800
2025-09-30,156.5399932861328,158.85000610351562,156.02999877929688,158.4199981689453,625800
2025-10-01,158.00999450683594,158.5399932861328,151.67999267578125,151.83999633789062,638400
2025-10-02,151.14999389648438,151.97999572753906,146.0800018310547,149.0800018310547,446500
2025-10-03,149.1699981689453,153.5500030517578,148.0,151.7899932861328,365800
2025-10-06,152.22999572753906,155.82000732421875,152.22999572753906,154.89999389648438,333400
2025-10-07,154.97000122070312,156.58999633789062,152.1300048828125,153.6699981689453,308800
2025-10-08,154.5399932861328,156.8000030517578,153.47000122070312,155.91000366210938,182900
2025-10-09,155.91000366210938,157.14999389648438,153.80999755859375,154.41000366210938,259200
2025-10-10,153.82000732421875,155.4499969482422,150.19000244140625,150.7100067138672,245500
2025-10-13,150.97999572753906,153.72999572753906,150.64999389648438,153.63999938964844,193600
2025-10-14,152.6300048828125,159.0,152.6300048828125,158.92999267578125,251900
2025-10-15,158.92999267578125,160.99000549316406,154.14999389648438,160.2100067138672,244500
2025-10-16,159.72000122070312,163.00999450683594,158.32000732421875,158.52000427246094,360400
2025-10-17,158.32000732421875,159.49000549316406,155.52999877929688,157.44000244140625,256100
2025-10-20,159.0399932861328,159.10000610351562,156.6999969482422,158.39999389648438,178400
2025-10-21,158.49000549316406,158.5,149.5800018310547,153.3800048828125,468800
2025-10-22,152.75,155.4499969482422,151.5,154.72000122070312,519500
2025-10-23,155.6999969482422,156.52999877929688,154.44000244140625,154.82000732421875,216300
2025-10-24,156.75999450683594,157.25,153.52000427246094,154.1300048828125,139100
2025-10-27,154.22999572753906,154.6999969482422,149.11000061035156,150.74000549316406,231200
2025-10-28,149.5800018310547,150.1699981689453,147.00999450683594,149.25999450683594,300600
2025-10-29,149.25999450683594,150.69000244140625,146.77000427246094,148.07000732421875,338300
2025-10-30,154.75,163.16000366210938,149.1699981689453,158.4499969482422,658300
2025-10-31,158.1699981689453,163.0500030517578,157.0500030517578,158.5,363100
2025-11-03,158.5,161.13999938964844,156.58999633789062,158.8300018310547,199700
2025-11-04,158.5800018310547,161.64999389648438,158.5800018310547,159.8699951171875,317600
2025-11-05,159.5800018310547,162.25,158.3699951171875,162.17999267578125,444000
2025-11-06,162.0500030517578,166.0800018310547,161.5,161.91000366210938,371600
2025-11-07,162.10000610351562,163.0399932861328,159.44000244140625,160.72999572753906,170700
2025-11-10,160.97999572753906,163.99000549316406,160.75,161.3800048828125,152400
2025-11-11,161.3800048828125,163.16000366210938,160.50999450683594,162.52000427246094,173600
2025-11-12,162.3000030517578,163.66000366210938,161.33999633789062,161.6300048828125,165900
2025-11-13,161.5500030517578,161.64999389648438,157.39999389648438,158.0,180900
2025-11-14,157.0,160.7100067138672,156.57000732421875,160.00999450683594,244600
2025-11-17,159.7899932861328,160.5399932861328,154.4600067138672,154.61000061035156,302300
2025-11-18,154.61000061035156,157.69000244140625,151.8800048828125,155.57000732421875,211900
2025-11-19,156.63999938964844,158.7100067138672,155.72999572753906,156.58999633789062,212500
2025-11-20,157.02999877929688,157.77999877929688,147.89999389648438,148.0500030517578,410400
2025-11-21,148.57000732421875,154.41000366210938,146.9499969482422,150.4600067138672,402600
2025-11-24,151.42999267578125,154.14999389648438,148.0,153.47000122070312,334000
2025-11-25,153.25,155.57000732421875,152.99000549316406,154.6300048828125,179600
2025-11-26,154.44000244140625,159.8300018310547,153.22000122070312,158.58999633789062,330800
2025-11-28,159.91000366210938,160.72999572753906,157.58999633789062,158.41000366210938,144100
2025-12-01,158.1999969482422,160.32000732421875,157.17999267578125,159.27999877929688,221900
2025-12-02,160.22999572753906,162.02999877929688,158.9600067138672,160.66000366210938,191000
2025-12-03,161.58999633789062,162.4199981689453,159.41000366210938,162.27999877929688,184700
2025-12-04,161.30999755859375,163.25,160.36000061035156,162.00999450683594,270500
2025-12-05,161.7899932861328,161.8800048828125,153.5399932861328,153.92999267578125,263400
2025-12-08,155.36000061035156,159.1300048828125,155.16000366210938,156.47999572753906,231600
2025-12-09,156.44000244140625,156.91000366210938,154.57000732421875,156.1999969482422,206800
2025-12-10,155.8800048828125,159.02000427246094,155.8800048828125,158.72000122070312,226100
2025-12-11,159.42999267578125,163.52000427246094,158.0800018310547,162.25,207400
2025-12-12,163.2899932861328,165.3000030517578,160.55999755859375,163.91000366210938,303100
2025-12-15,163.3699951171875,164.83999633789062,162.08999633789062,164.60000610351562,333800
2025-12-16,164.72000122070312,165.3000030517578,161.82000732421875,162.5500030517578,205800
2025-12-17,162.6300048828125,163.97999572753906,158.8800048828125,160.77000427246094,185800
2025-12-18,162.16000366210938,162.89999389648438,160.36000061035156,162.17999267578125,191600
2025-12-19,161.85000610351562,163.6999969482422,160.13999938964844,161.05999755859375,587600
2025-12-22,161.89999389648438,163.39999389648438,160.1199951171875,162.27000427246094,170100
2025-12-23,162.4600067138672,163.6300048828125,161.1999969482422,162.24000549316406,137600
2025-12-24,162.11000061035156,162.80999755859375,162.07000732421875,162.35000610351562,61400
2025-12-26,162.74000549316406,163.0,160.8300018310547,160.9600067138672,72700
2025-12-29,160.9600067138672,162.0500030517578,159.4600067138672,161.16000366210938,149100
2025-12-30,161.16000366210938,162.3000030517578,160.88999938964844,161.22999572753906,184300
2025-12-31,161.25,161.5500030517578,159.3800048828125,159.3800048828125,230800
2026-01-02,159.1300048828125,159.8300018310547,154.5399932861328,156.77999877929688,223300
2026-01-05,156.0,164.14999389648438,154.22999572753906,163.02000427246094,732700
2026-01-06,163.35000610351562,167.30999755859375,161.52999877929688,163.11000061035156,501000
2026-01-07,163.50999450683594,165.88999938964844,161.5800018310547,165.66000366210938,170500
2026-01-08,164.99000549316406,168.36000061035156,163.1699981689453,165.27000427246094,219700
2026-01-09,164.6300048828125,166.24000549316406,163.6300048828125,164.91000366210938,170600
2026-01-12,164.7899932861328,166.32000732421875,163.0,166.1199951171875,195700
2026-01-13,166.1300048828125,166.35000610351562,163.1699981689453,165.85000610351562,163600
2026-01-14,165.85000610351562,169.24000549316406,164.67999267578125,168.02999877929688,203800
2026-01-15,168.02999877929688,170.05999755859375,167.0,169.00999450683594,166000
2026-01-16,168.66000366210938,171.3699951171875,167.5500030517578,171.10000610351562,200400
2026-01-20,169.47999572753906,173.5500030517578,167.97000122070312,168.6699981689453,306800
2026-01-21,168.42999267578125,172.1699981689453,168.0,171.83999633789062,274300
2026-01-22,171.77999877929688,174.50999450683594,170.25999450683594,171.97999572753906,302800
2026-01-23,171.5,172.52000427246094,166.47999572753906,167.42999267578125,254700
2026-01-26,167.42999267578125,169.17999267578125,166.0,169.0,195300
2026-01-27,169.0,170.1999969482422,167.24000549316406,168.36000061035156,123600
2026-01-28,168.3699951171875,168.8800048828125,164.77999877929688,166.07000732421875,181700
2026-01-29,166.42999267578125,170.8300018310547,165.9499969482422,170.75,218100
2026-01-30,169.8000030517578,172.0,168.13999938964844,170.5,321600
2026-02-02,170.61000061035156,172.47000122070312,168.80999755859375,171.69000244140625,297900
2026-02-03,171.69000244140625,172.1199951171875,168.32000732421875,170.97999572753906,229900
2026-02-04,171.5500030517578,172.3800048828125,169.72000122070312,171.9199981689453,308600
2026-02-05,167.77000427246094,181.0,163.0,177.64999389648438,489200
2026-02-06,181.4499969482422,188.75,179.52000427246094,181.9199981689453,404200
2026-02-09,182.14999389648438,184.17999267578125,178.80999755859375,183.1999969482422,634000
2026-02-10,181.77000427246094,183.33999633789062,180.1999969482422,181.66000366210938,168900
2026-02-11,182.22999572753906,184.9499969482422,179.85000610351562,182.4499969482422,195300
2026-02-12,183.22999572753906,185.4600067138672,181.3300018310547,182.0,204400
2026-02-13,181.42999267578125,183.85000610351562,178.6300048828125,181.88999938964844,158100
2026-02-17,181.77000427246094,184.3699951171875,180.75999450683594,183.89999389648438,324900
2026-02-18,182.77999877929688,187.05999755859375,182.52000427246094,184.11000061035156,365100
2026-02-19,183.1199951171875,185.1199951171875,182.07000732421875,183.10000610351562,148700
2026-02-20,183.3699951171875,183.77000427246094,180.97000122070312,183.4499969482422,311300
2026-02-23,183.88999938964844,186.58999633789062,178.6699981689453,181.58999633789062,187700
2026-02-24,181.89999389648438,185.74000549316406,175.7100067138672,185.3000030517578,227200
2026-02-25,186.35000610351562,186.89999389648438,182.02000427246094,186.1199951171875,214000
2026-02-26,186.74000549316406,189.89999389648438,184.9499969482422,189.27000427246094,183400
2026-02-27,188.52999877929688,193.9600067138672,187.8800048828125,192.7899932861328,345800
2026-03-02,190.49000549316406,197.74000549316406,188.94000244140625,197.08999633789062,324100
2026-03-03,193.05999755859375,196.35000610351562,191.0,195.22999572753906,536500
2026-03-04,195.39999389648438,197.9199981689453,192.30999755859375,195.0500030517578,268400
2026-03-05,192.9600067138672,194.30999755859375,186.8300018310547,187.0399932861328,202700
2026-03-06,184.77000427246094,191.13999938964844,182.0,190.30999755859375,288300
2026-03-09,188.8300018310547,196.9600067138672,186.30999755859375,196.2100067138672,366400
2026-03-10,195.00999450683594,199.60000610351562,194.75,194.97999572753906,550200
2026-03-11,193.24000549316406,196.8699951171875,190.83999633789062,192.2899932861328,247400
2026-03-12,189.4600067138672,193.25999450683594,187.47999572753906,190.9499969482422,240800
2026-03-13,192.00999450683594,194.42999267578125,190.36000061035156,193.07000732421875,210700
2026-03-16,193.8800048828125,194.99000549316406,187.94000244140625,188.60000610351562,304400
2026-03-17,189.57000732421875,194.0,189.57000732421875,190.58999633789062,256500
2026-03-18,189.80999755859375,193.72999572753906,189.38999938964844,190.0800018310547,333900
2026-03-19,187.75,191.86000061035156,186.42999267578125,188.47000122070312,453300
2026-03-20,190.08999633789062,193.39999389648438,188.61000061035156,192.0800018310547,616600
2026-03-23,192.75999450683594,197.75,192.75999450683594,193.6199951171875,355600
2026-03-24,193.6199951171875,196.67999267578125,192.7100067138672,196.3300018310547,278800
2026-03-25,197.6199951171875,199.0,189.27999877929688,190.42999267578125,380400
2026-03-26,188.63999938964844,193.00999450683594,188.47000122070312,192.0,215800
2026-03-27,191.22000122070312,192.13999938964844,187.02999877929688,190.8800048828125,347200
2026-03-30,191.49000549316406,193.25999450683594,188.97000122070312,191.57000732421875,378200
2026-03-31,192.0500030517578,194.0,178.52999877929688,188.0,674000
2026-04-01,188.83999633789062,190.3300018310547,186.6199951171875,189.9199981689453,276700
2026-04-02,189.2899932861328,202.25,188.0500030517578,199.5800018310547,782800
2026-04-06,197.77000427246094,198.52999877929688,188.5,190.38999938964844,427600
2026-04-07,191.60000610351562,195.2899932861328,191.5399932861328,194.8800048828125,291300
2026-04-08,196.89999389648438,201.50999450683594,196.38999938964844,198.83999633789062,510600
2026-04-09,198.77999877929688,199.6999969482422,196.49000549316406,198.89999389648438,252200
2026-04-10,197.52000427246094,203.42999267578125,196.1999969482422,201.6300048828125,326100
2026-04-13,201.52999877929688,206.1199951171875,201.0,204.49000549316406,256900
2026-04-14,204.02999877929688,205.4199981689453,201.8000030517578,202.83999633789062,204800
2026-04-15,203.0,204.11000061035156,201.38999938964844,202.60000610351562,333400
2026-04-16,202.60000610351562,207.7899932861328,201.3300018310547,207.02999877929688,278600
2026-04-17,207.0,210.17999267578125,203.94000244140625,206.77000427246094,504800
2026-04-20,207.39999389648438,210.19000244140625,204.5500030517578,204.94000244140625,228200
2026-04-21,205.72000122070312,208.77000427246094,205.4600067138672,208.07000732421875,215500
2026-04-22,208.8000030517578,209.17999267578125,204.5500030517578,205.6300048828125,281700
2026-04-23,215.75999450683594,227.25999450683594,206.74000549316406,212.3300018310547,518700
2026-04-24,220.60000610351562,224.1999969482422,215.85000610351562,219.0,508500
2026-04-27,219.30999755859375,220.00999450683594,213.0,217.35000610351562,480500
2026-04-28,218.60000610351562,222.5800018310547,212.86000061035156,214.07000732421875,408100
2026-04-29,213.3800048828125,218.44000244140625,212.67999267578125,215.6699981689453,272900
2026-04-30,214.57000732421875,220.3800048828125,214.52999877929688,218.22000122070312,322600
2026-05-01,217.4600067138672,220.6300048828125,214.58999633789062,219.92999267578125,395800
2026-05-04,218.64999389648438,221.7100067138672,217.9499969482422,221.50999450683594,462200
2026-05-05,221.50999450683594,226.0,221.50999450683594,224.72000122070312,408100
2026-05-06,225.07000732421875,227.1699981689453,223.2100067138672,226.3800048828125,429900
2026-05-07,229.35000610351562,230.72000122070312,219.5,224.88999938964844,427600
2026-05-08,226.47999572753906,229.1999969482422,224.69000244140625,227.67999267578125,296100
2026-05-11,229.13999938964844,233.1300048828125,226.36000061035156,233.0,460200
2026-05-12,233.0,235.97000122070312,227.14999389648438,230.5399932861328,486200
2026-05-13,230.25999450683594,230.25999450683594,221.6999969482422,224.25,288700
2026-05-14,227.02000427246094,228.77000427246094,223.97999572753906,227.52999877929688,162600
2026-05-15,227.52999877929688,229.74000549316406,224.60000610351562,226.5399932861328,287000
2026-05-18,226.88999938964844,230.36000061035156,224.72999572753906,224.9600067138672,256600
2026-05-19,224.3800048828125,229.22000122070312,223.5800018310547,225.86000061035156,276400
2026-05-20,225.86000061035156,229.1699981689453,223.89999389648438,226.57000732421875,199800
2026-05-21,226.07000732421875,226.52999877929688,222.27000427246094,226.27000427246094,208000
2026-05-22,226.88999938964844,230.22999572753906,224.91000366210938,227.58999633789062,229900
2026-05-26,227.8000030517578,232.5800018310547,226.13999938964844,232.0500030517578,332100
2026-05-27,231.3000030517578,235.02999877929688,230.80999755859375,231.32000732421875,477300
2026-05-28,231.50999450683594,233.3699951171875,221.6199951171875,223.25,433000
2026-05-29,222.63999938964844,225.8300018310547,217.07000732421875,219.91000366210938,434900
2026-06-01,218.08999633789062,219.44000244140625,213.74000549316406,213.75999450683594,409200
2026-06-02,212.3000030517578,214.1699981689453,205.0,209.25,370600
2026-06-03,210.3800048828125,221.25,209.9499969482422,220.22000122070312,480500
2026-06-04,222.00999450683594,224.58999633789062,221.35000610351562,222.44000244140625,253300
2026-06-05,222.4600067138672,227.97000122070312,222.36000061035156,225.44000244140625,321300
2026-06-08,225.44000244140625,228.61000061035156,223.42999267578125,223.74000549316406,307500
2026-06-09,224.82000732421875,230.00999450683594,224.82000732421875,229.35000610351562,299100
2026-06-10,230.2100067138672,230.38999938964844,206.75,211.72999572753906,995400
2026-06-11,214.61000061035156,218.57000732421875,207.3300018310547,218.39999389648438,1037000
2026-06-12,219.02000427246094,226.57000732421875,218.8800048828125,224.88999938964844,350600
2026-06-15,224.14999389648438,227.0,220.72999572753906,223.77999877929688,376200
2026-06-16,225.9199981689453,227.30999755859375,219.30999755859375,219.80999755859375,301000
2026-06-17,217.52999877929688,228.57000732421875,216.24000549316406,224.1300048828125,712200
2026-06-18,223.80999755859375,228.0500030517578,219.39999389648438,227.0500030517578,585600
2026-06-22,228.14999389648438,230.02999877929688,223.47999572753906,228.88999938964844,379600
2026-06-23,225.0,232.49000549316406,222.5399932861328,223.50999450683594,470900
2026-06-24,224.22000122070312,225.6999969482422,217.61000061035156,218.8800048828125,680800
2026-06-25,218.8800048828125,223.6300048828125,214.16000366210938,217.22000122070312,466000
2026-06-26,216.75,217.3000030517578,210.36000061035156,212.4499969482422,1262000
2026-06-29,212.1300048828125,216.80999755859375,206.41000366210938,215.24000549316406,641400
2026-06-30,215.99000549316406,221.64999389648438,215.02000427246094,216.32000732421875,516400
2026-07-01,217.52000427246094,220.4600067138672,213.27999877929688,218.41000366210938,543900
2026-07-02,218.41000366210938,223.72999572753906,215.6199951171875,221.97000122070312,612900
2026-07-06,222.11000061035156,226.61000061035156,219.5500030517578,224.2899932861328,285600
2026-07-07,225.44000244140625,226.99000549316406,218.6999969482422,223.25,416500
2026-07-08,222.67999267578125,223.47000122070312,214.0500030517578,215.63999938964844,520000
2026-07-09,216.94000244140625,222.8699951171875,216.5,221.4199981689453,293000
2026-07-10,220.0500030517578,222.02999877929688,216.11000061035156,218.61000061035156,203800
2026-07-13,217.1699981689453,219.0,213.89999389648438,214.6199951171875,282100
2026-07-14,216.75,217.8000030517578,208.19000244140625,210.05999755859375,399500
2026-07-15,210.60000610351562,216.52999877929688,205.16000366210938,215.22999572753906,390800
2026-07-16,215.64999389648438,220.9499969482422,212.17999267578125,216.3800048828125,449800
2026-07-17,213.1699981689453,215.52000427246094,210.6300048828125,213.61000061035156,289800
