Date,Open,High,Low,Close,Volume
2019-07-25,37.369998931884766,40.5,36.290000915527344,39.16999816894531,6080400.0
2019-07-26,39.13999938964844,39.47999954223633,37.20000076293945,38.29999923706055,1312700.0
2019-07-29,38.25,41.560001373291016,37.81999969482422,41.41999816894531,744500.0
2019-07-30,41.41999816894531,44.0,40.63100051879883,43.369998931884766,569200.0
2019-07-31,43.33000183105469,45.939998626708984,42.0099983215332,44.25,1124700.0
2019-08-01,44.15999984741211,45.5,42.0,44.43000030517578,328700.0
2019-08-02,45.150001525878906,45.185001373291016,39.80099868774414,40.540000915527344,505900.0
2019-08-05,39.58000183105469,39.93000030517578,37.5099983215332,38.439998626708984,656100.0
2019-08-06,39.0,40.957000732421875,38.59000015258789,38.77000045776367,384100.0
2019-08-07,38.470001220703125,40.88999938964844,37.150001525878906,40.439998626708984,271200.0
2019-08-08,40.27000045776367,43.5,39.810001373291016,42.849998474121094,249300.0
2019-08-09,44.869998931884766,46.7400016784668,44.75,45.90999984741211,761100.0
2019-08-12,45.849998474121094,48.93000030517578,45.189998626708984,48.630001068115234,272500.0
2019-08-13,48.709999084472656,49.849998474121094,46.70000076293945,48.470001220703125,279200.0
2019-08-14,48.0,48.185001373291016,43.099998474121094,43.400001525878906,461600.0
2019-08-15,44.029998779296875,44.95000076293945,41.5,41.5099983215332,306400.0
2019-08-16,42.099998474121094,43.83000183105469,42.029998779296875,42.3849983215332,270900.0
2019-08-19,43.959999084472656,44.97999954223633,42.83000183105469,44.630001068115234,517200.0
2019-08-20,44.599998474121094,44.599998474121094,42.130001068115234,43.25,339600.0
2019-08-21,43.61000061035156,44.220001220703125,43.5,43.65999984741211,403300.0
2019-08-22,44.380001068115234,44.869998931884766,41.65999984741211,42.939998626708984,477900.0
2019-08-23,41.7400016784668,42.474998474121094,38.619998931884766,38.630001068115234,983000.0
2019-08-26,39.189998626708984,40.91999816894531,39.0,40.880001068115234,231800.0
2019-08-27,41.02000045776367,41.13999938964844,38.25,40.27000045776367,500900.0
2019-08-28,39.97999954223633,40.939998626708984,39.52000045776367,40.0,134100.0
2019-08-29,40.5,41.79999923706055,39.75,40.11000061035156,319000.0
2019-08-30,40.630001068115234,40.86000061035156,39.185001373291016,39.86000061035156,142000.0
2019-09-03,39.5099983215332,40.45000076293945,38.689998626708984,39.220001220703125,199100.0
2019-09-04,39.63999938964844,40.189998626708984,39.17399978637695,39.95000076293945,146400.0
2019-09-05,40.43000030517578,40.43000030517578,36.93000030517578,36.939998626708984,467700.0
2019-09-06,37.13999938964844,37.79999923706055,36.36000061035156,36.369998931884766,196700.0
2019-09-09,36.470001220703125,37.06999969482422,32.150001525878906,34.70000076293945,658500.0
2019-09-10,34.099998474121094,35.33000183105469,32.209999084472656,33.099998474121094,351100.0
2019-09-11,33.25,34.86000061035156,32.68000030517578,34.43000030517578,194700.0
2019-09-12,34.54999923706055,35.900001525878906,33.790000915527344,34.040000915527344,191000.0
2019-09-13,33.90999984741211,35.39500045776367,33.5,35.33000183105469,164100.0
2019-09-16,35.130001068115234,37.2400016784668,34.779998779296875,37.02000045776367,323500.0
2019-09-17,37.15999984741211,38.54999923706055,36.5,38.189998626708984,254900.0
2019-09-18,38.119998931884766,39.38999938964844,37.63999938964844,38.709999084472656,220300.0
2019-09-19,39.290000915527344,39.630001068115234,36.119998931884766,36.459999084472656,211800.0
2019-09-20,36.63999938964844,38.72999954223633,36.2599983215332,37.95000076293945,1208100.0
2019-09-23,37.900001525878906,38.86000061035156,36.577999114990234,37.9900016784668,197700.0
2019-09-24,37.91999816894531,38.04999923706055,35.349998474121094,35.75,353800.0
2019-09-25,35.75,35.874000549316406,33.5,33.70000076293945,323200.0
2019-09-26,33.529998779296875,33.775001525878906,31.540000915527344,31.649999618530273,237000.0
2019-09-27,31.719999313354492,32.400001525878906,29.34000015258789,30.309999465942383,531500.0
2019-09-30,30.309999465942383,31.895000457763672,30.079999923706055,31.639999389648438,383600.0
2019-10-01,31.549999237060547,31.549999237060547,29.040000915527344,29.149999618530273,338700.0
2019-10-02,28.09000015258789,28.989999771118164,26.225000381469727,28.149999618530273,773500.0
2019-10-03,28.0,29.170000076293945,27.0,28.530000686645508,277700.0
2019-10-04,28.75,29.239999771118164,26.993000030517578,27.200000762939453,244800.0
2019-10-07,27.200000762939453,28.75,26.889999389648438,28.43000030517578,320800.0
2019-10-08,27.979999542236328,28.43000030517578,26.780000686645508,27.139999389648438,210100.0
2019-10-09,27.68000030517578,28.0,26.239999771118164,26.440000534057617,186900.0
2019-10-10,26.270000457763672,27.5,26.0,26.950000762939453,214700.0
2019-10-11,27.260000228881836,27.979999542236328,26.75,27.81999969482422,257600.0
2019-10-14,27.540000915527344,28.940000534057617,26.88599967956543,28.600000381469727,315700.0
2019-10-15,28.760000228881836,29.139999389648438,27.6299991607666,28.600000381469727,240500.0
2019-10-16,28.649999618530273,30.208999633789062,28.610000610351562,30.100000381469727,456400.0
2019-10-17,30.299999237060547,30.84000015258789,28.360000610351562,28.420000076293945,343200.0
2019-10-18,28.40999984741211,29.299999237060547,27.834999084472656,29.0,219100.0
2019-10-21,29.329999923706055,29.68000030517578,28.0,28.290000915527344,109500.0
2019-10-22,28.34000015258789,28.759000778198242,27.31999969482422,27.420000076293945,168800.0
2019-10-23,27.6200008392334,28.3799991607666,27.299999237060547,27.75,100800.0
2019-10-24,27.889999389648438,29.19499969482422,27.200000762939453,28.8799991607666,217300.0
2019-10-25,28.8799991607666,29.8700008392334,28.549999237060547,29.770000457763672,162100.0
2019-10-28,29.889999389648438,31.610000610351562,29.6299991607666,29.989999771118164,252900.0
2019-10-29,30.290000915527344,30.989999771118164,29.540000915527344,29.84000015258789,114500.0
2019-10-30,30.219999313354492,32.29999923706055,29.760000228881836,32.119998931884766,243200.0
2019-10-31,32.099998474121094,32.290000915527344,31.020000457763672,32.15999984741211,159700.0
2019-11-01,32.38999938964844,34.380001068115234,31.8799991607666,33.939998626708984,186600.0
2019-11-04,34.0,34.0,32.25299835205078,33.27000045776367,182500.0
2019-11-05,33.25,34.029998779296875,33.099998474121094,33.61000061035156,123800.0
2019-11-06,33.619998931884766,33.9900016784668,33.0,33.38999938964844,109900.0
2019-11-07,33.810001373291016,34.369998931884766,33.689998626708984,34.060001373291016,184100.0
2019-11-08,34.369998931884766,35.2599983215332,33.779998779296875,35.0099983215332,285300.0
2019-11-11,35.099998474121094,35.790000915527344,34.02000045776367,34.650001525878906,137600.0
2019-11-12,34.720001220703125,34.974998474121094,33.310001373291016,33.4900016784668,165100.0
2019-11-13,33.66999816894531,36.43000030517578,33.5099983215332,35.29999923706055,371300.0
2019-11-14,35.33000183105469,35.779998779296875,33.369998931884766,33.7400016784668,150100.0
2019-11-15,34.189998626708984,35.83000183105469,34.099998474121094,34.369998931884766,169500.0
2019-11-18,34.45000076293945,34.95000076293945,32.77000045776367,34.380001068115234,238500.0
2019-11-19,34.540000915527344,36.20000076293945,34.138999938964844,36.1150016784668,138400.0
2019-11-20,36.130001068115234,37.459999084472656,36.130001068115234,37.279998779296875,172000.0
2019-11-21,37.36000061035156,37.84000015258789,36.72999954223633,37.22999954223633,90200.0
2019-11-22,37.61000061035156,38.29999923706055,36.939998626708984,37.41999816894531,177600.0
2019-11-25,37.630001068115234,38.26499938964844,37.54999923706055,37.90999984741211,73500.0
2019-11-26,38.0,38.380001068115234,37.81999969482422,38.04999923706055,190200.0
2019-11-27,38.2400016784668,38.290000915527344,37.27000045776367,37.47999954223633,66800.0
2019-11-29,38.13999938964844,40.189998626708984,37.900001525878906,39.72999954223633,252300.0
2019-12-02,39.81999969482422,39.9900016784668,37.5099983215332,37.9900016784668,200100.0
2019-12-03,37.0,39.849998474121094,36.650001525878906,39.40999984741211,687400.0
2019-12-04,40.119998931884766,40.20000076293945,38.810001373291016,39.4900016784668,156500.0
2019-12-05,39.52000045776367,40.779998779296875,39.02000045776367,40.61000061035156,130100.0
2019-12-06,40.810001373291016,41.2599983215332,40.06999969482422,40.630001068115234,144500.0
2019-12-09,40.959999084472656,40.959999084472656,40.16999816894531,40.5,219100.0
2019-12-10,40.380001068115234,40.55500030517578,39.0099983215332,39.279998779296875,163600.0
2019-12-11,39.40999984741211,39.40999984741211,35.310001373291016,35.59000015258789,245700.0
2019-12-12,35.66999816894531,36.439998626708984,34.130001068115234,34.2599983215332,209800.0
2019-12-13,34.40999984741211,34.56999969482422,32.63999938964844,33.439998626708984,191900.0
2019-12-16,33.790000915527344,34.20000076293945,32.38999938964844,32.70000076293945,283800.0
2019-12-17,32.630001068115234,32.75,31.100000381469727,31.3700008392334,292000.0
2019-12-18,31.3700008392334,32.22999954223633,30.549999237060547,31.139999389648438,270500.0
2019-12-19,31.34000015258789,31.6200008392334,29.770000457763672,30.31999969482422,291300.0
2019-12-20,31.780000686645508,34.709999084472656,31.100000381469727,34.470001220703125,729100.0
2019-12-23,34.709999084472656,37.5,34.30500030517578,36.63999938964844,312500.0
2019-12-24,36.529998779296875,36.96799850463867,33.06999969482422,33.65999984741211,286500.0
2019-12-26,33.619998931884766,34.80400085449219,32.369998931884766,32.959999084472656,183100.0
2019-12-27,33.16999816894531,34.16999816894531,32.75,34.13999938964844,197800.0
2019-12-30,34.08000183105469,34.31999969482422,32.9900016784668,34.119998931884766,141600.0
2019-12-31,34.0099983215332,36.20000076293945,33.75400161743164,34.70000076293945,188700.0
2020-01-02,35.06999969482422,35.32400131225586,33.20000076293945,34.11000061035156,253800.0
2020-01-03,33.47999954223633,34.59000015258789,33.2599983215332,34.43000030517578,114500.0
2020-01-06,34.119998931884766,35.2400016784668,34.0,35.189998626708984,120600.0
2020-01-07,35.0099983215332,35.900001525878906,34.5099983215332,35.79999923706055,138700.0
2020-01-08,35.09000015258789,37.33000183105469,35.0,36.27000045776367,153600.0
2020-01-09,36.61000061035156,37.27000045776367,35.709999084472656,37.255001068115234,195100.0
2020-01-10,37.709999084472656,37.709999084472656,36.65999984741211,36.79999923706055,125500.0
2020-01-13,36.810001373291016,37.709999084472656,36.05500030517578,37.599998474121094,130100.0
2020-01-14,37.43000030517578,37.43000030517578,35.0099983215332,35.310001373291016,336000.0
2020-01-15,35.33000183105469,36.470001220703125,35.02000045776367,36.220001220703125,296700.0
2020-01-16,36.400001525878906,36.939998626708984,34.834999084472656,34.939998626708984,162600.0
2020-01-17,34.939998626708984,35.029998779296875,33.349998474121094,34.119998931884766,350300.0
2020-01-21,34.0,37.15999984741211,33.737998962402344,37.0,317300.0
2020-01-22,37.0,37.2599983215332,35.935001373291016,36.25,222300.0
2020-01-23,35.0,36.25,34.0099983215332,35.220001220703125,601400.0
2020-01-24,35.41999816894531,35.97999954223633,34.880001068115234,34.970001220703125,366700.0
2020-01-27,34.38999938964844,35.404998779296875,34.0,35.099998474121094,296700.0
2020-01-28,34.63999938964844,35.34000015258789,33.52000045776367,33.880001068115234,720200.0
2020-01-29,34.15999984741211,34.40999984741211,33.470001220703125,33.540000915527344,299100.0
2020-01-30,33.40999984741211,34.2400016784668,32.40999984741211,33.310001373291016,394300.0
2020-01-31,33.29999923706055,33.29999923706055,32.040000915527344,32.650001525878906,207200.0
2020-02-03,32.810001373291016,34.095001220703125,32.65999984741211,33.22999954223633,187700.0
2020-02-04,33.63999938964844,33.845001220703125,33.0,33.369998931884766,177000.0
2020-02-05,32.5,33.42499923706055,32.0,33.02000045776367,289200.0
2020-02-06,33.58000183105469,33.58000183105469,31.15999984741211,31.899999618530273,595100.0
2020-02-07,31.920000076293945,33.0,31.479999542236328,32.959999084472656,303400.0
2020-02-10,33.02000045776367,33.29499816894531,31.780000686645508,32.41999816894531,411300.0
2020-02-11,32.099998474121094,32.83000183105469,31.670000076293945,32.810001373291016,391700.0
2020-02-12,33.25,33.43000030517578,31.670000076293945,31.760000228881836,187200.0
2020-02-13,31.6299991607666,32.439998626708984,30.84000015258789,31.559999465942383,292200.0
2020-02-14,30.889999389648438,31.25,30.56999969482422,30.979999542236328,329300.0
2020-02-18,31.229999542236328,31.899999618530273,30.600000381469727,31.0,256900.0
2020-02-19,31.0,31.597000122070312,30.600000381469727,30.809999465942383,270300.0
2020-02-20,30.670000076293945,31.59000015258789,30.670000076293945,31.459999084472656,297500.0
2020-02-21,31.459999084472656,31.565000534057617,29.3700008392334,30.110000610351562,458200.0
2020-02-24,29.399999618530273,30.440000534057617,29.280000686645508,30.110000610351562,316100.0
2020-02-25,30.3700008392334,30.440000534057617,29.0,29.56999969482422,366900.0
2020-02-26,29.579999923706055,30.059999465942383,29.290000915527344,30.0,523800.0
2020-02-27,29.280000686645508,29.73699951171875,27.530000686645508,27.739999771118164,612500.0
2020-02-28,26.719999313354492,30.3799991607666,26.190000534057617,30.3799991607666,1351000.0
2020-03-02,30.170000076293945,30.540000915527344,29.290000915527344,30.100000381469727,693700.0
2020-03-03,29.0,29.86400032043457,27.799999237060547,28.25,1769800.0
2020-03-04,28.739999771118164,30.719999313354492,28.020000457763672,30.15999984741211,1779700.0
2020-03-05,29.559999465942383,30.209999084472656,28.889999389648438,30.100000381469727,545800.0
2020-03-06,29.479999542236328,30.15999984741211,29.030000686645508,29.610000610351562,479100.0
2020-03-09,28.0,28.0,26.0,26.100000381469727,561800.0
2020-03-10,27.0,28.18000030517578,26.670000076293945,27.770000457763672,451400.0
2020-03-11,27.209999084472656,28.3799991607666,27.18000030517578,27.579999923706055,444500.0
2020-03-12,26.170000076293945,27.540000915527344,24.235000610351562,24.489999771118164,640000.0
2020-03-13,25.510000228881836,26.059999465942383,22.709999084472656,23.389999389648438,568600.0
2020-03-16,21.40999984741211,21.40999984741211,17.479999542236328,17.799999237060547,788600.0
2020-03-17,18.420000076293945,19.72100067138672,18.010000228881836,19.530000686645508,595000.0
2020-03-18,18.649999618530273,20.290000915527344,17.50200080871582,19.899999618530273,416200.0
2020-03-19,19.899999618530273,23.8799991607666,19.628000259399414,22.489999771118164,595700.0
2020-03-20,22.979999542236328,24.84000015258789,22.809999465942383,23.450000762939453,1846000.0
2020-03-23,23.889999389648438,23.93000030517578,22.0,23.790000915527344,389100.0
2020-03-24,25.81999969482422,27.530000686645508,25.010000228881836,27.5,695500.0
2020-03-25,27.25,27.875,25.479999542236328,25.809999465942383,415600.0
2020-03-26,25.799999237060547,26.200000762939453,24.68000030517578,25.700000762939453,441500.0
2020-03-27,25.0,26.100000381469727,23.969999313354492,23.969999313354492,298800.0
2020-03-30,24.43000030517578,26.020000457763672,23.59000015258789,25.479999542236328,616800.0
2020-03-31,25.530000686645508,26.389999389648438,25.1200008392334,26.149999618530273,737400.0
2020-04-01,24.68000030517578,27.600000381469727,24.6200008392334,27.229999542236328,1044200.0
2020-04-02,27.989999771118164,27.989999771118164,26.03700065612793,27.190000534057617,438300.0
2020-04-03,27.059999465942383,27.479999542236328,25.209999084472656,25.700000762939453,366900.0
2020-04-06,26.020000457763672,27.81999969482422,26.020000457763672,27.770000457763672,465000.0
2020-04-07,28.0,28.59000015258789,26.700000762939453,26.790000915527344,496500.0
2020-04-08,24.989999771118164,25.600000381469727,23.725000381469727,24.0,4497100.0
2020-04-09,24.540000915527344,25.920000076293945,23.621000289916992,25.040000915527344,4056500.0
2020-04-13,25.389999389648438,26.594999313354492,24.469999313354492,26.239999771118164,1541200.0
2020-04-14,26.059999465942383,26.790000915527344,25.25,26.280000686645508,1081300.0
2020-04-15,25.600000381469727,26.149999618530273,25.110000610351562,25.899999618530273,971100.0
2020-04-16,25.889999389648438,26.149999618530273,24.299999237060547,25.079999923706055,1254600.0
2020-04-17,25.700000762939453,25.709999084472656,24.530000686645508,25.145000457763672,542500.0
2020-04-20,25.0,26.329999923706055,24.219999313354492,25.579999923706055,674200.0
2020-04-21,25.469999313354492,26.75,24.799999237060547,25.75,1016600.0
2020-04-22,25.59000015258789,25.75,24.84000015258789,25.510000228881836,560500.0
2020-04-23,25.299999237060547,26.6200008392334,25.0,26.040000915527344,818500.0
2020-04-24,25.90999984741211,26.530000686645508,25.225000381469727,26.1299991607666,1327100.0
2020-04-27,26.479999542236328,26.540000915527344,25.110000610351562,26.399999618530273,662500.0
2020-04-28,26.6200008392334,26.6200008392334,24.90999984741211,25.399999618530273,330200.0
2020-04-29,25.670000076293945,27.0,25.409000396728516,26.6200008392334,1215400.0
2020-04-30,26.350000381469727,27.149999618530273,25.540000915527344,26.670000076293945,699400.0
2020-05-01,26.25,26.6299991607666,24.760000228881836,25.170000076293945,413100.0
2020-05-04,25.15999984741211,25.649999618530273,24.55500030517578,25.1200008392334,483200.0
2020-05-05,25.510000228881836,25.670000076293945,24.708999633789062,25.0,559100.0
2020-05-06,25.030000686645508,25.81999969482422,24.709999084472656,24.979999542236328,344800.0
2020-05-07,25.440000534057617,26.1299991607666,24.920000076293945,25.3799991607666,546200.0
2020-05-08,25.8700008392334,27.84000015258789,25.75,27.84000015258789,1315300.0
2020-05-11,28.719999313354492,30.0,27.899999618530273,28.809999465942383,1146500.0
2020-05-12,29.719999313354492,30.809999465942383,28.0,29.8700008392334,1522200.0
2020-05-13,28.5,28.90999984741211,25.56999969482422,28.260000228881836,2013600.0
2020-05-14,27.700000762939453,28.559999465942383,26.68000030517578,27.93000030517578,889400.0
2020-05-15,27.479999542236328,29.649999618530273,27.06999969482422,28.670000076293945,736800.0
2020-05-18,28.549999237060547,29.889999389648438,28.18000030517578,28.360000610351562,763800.0
2020-05-19,28.5,29.559999465942383,28.219999313354492,28.670000076293945,529500.0
2020-05-20,29.09000015258789,29.440000534057617,28.399999618530273,28.799999237060547,450300.0
2020-05-21,28.920000076293945,29.030000686645508,27.799999237060547,28.360000610351562,537700.0
2020-05-22,28.280000686645508,28.75,27.81999969482422,28.360000610351562,422400.0
2020-05-26,28.899999618530273,29.082000732421875,26.820999145507812,27.43000030517578,1036400.0
2020-05-27,27.8799991607666,27.950000762939453,25.68000030517578,27.5,855700.0
2020-05-28,27.59000015258789,28.131000518798828,26.969999313354492,27.049999237060547,296300.0
2020-05-29,27.040000915527344,27.469999313354492,26.350000381469727,27.139999389648438,581400.0
2020-06-01,26.920000076293945,27.489999771118164,26.520000457763672,26.809999465942383,343900.0
2020-06-02,26.959999084472656,27.489999771118164,26.030000686645508,27.3700008392334,408300.0
2020-06-03,27.5,28.479999542236328,27.40999984741211,28.200000762939453,340300.0
2020-06-04,28.200000762939453,28.799999237060547,27.829999923706055,28.18000030517578,343100.0
2020-06-05,28.469999313354492,29.149999618530273,28.149999618530273,28.81999969482422,366300.0
2020-06-08,29.0,30.219999313354492,28.847999572753906,29.65999984741211,685000.0
2020-06-09,29.540000915527344,29.829999923706055,28.549999237060547,28.65999984741211,320400.0
2020-06-10,28.700000762939453,29.280000686645508,28.549999237060547,28.81999969482422,452300.0
2020-06-11,28.100000381469727,28.690000534057617,27.079999923706055,27.3700008392334,523300.0
2020-06-12,27.979999542236328,28.43000030517578,26.610000610351562,27.260000228881836,386800.0
2020-06-15,27.3799991607666,29.809999465942383,26.719999313354492,29.209999084472656,1285200.0
2020-06-16,29.850000381469727,30.15999984741211,28.6299991607666,29.649999618530273,514900.0
2020-06-17,29.940000534057617,31.0,29.399999618530273,29.690000534057617,655900.0
2020-06-18,29.950000762939453,31.6200008392334,29.709999084472656,31.604999542236328,1063800.0
2020-06-19,32.0,32.31999969482422,31.270000457763672,31.6299991607666,917700.0
2020-06-22,31.809999465942383,33.029998779296875,31.809999465942383,32.869998931884766,1182900.0
2020-06-23,33.04999923706055,33.70500183105469,32.00199890136719,32.40999984741211,1098700.0
2020-06-24,32.25,32.63999938964844,30.68000030517578,31.079999923706055,643100.0
2020-06-25,31.030000686645508,31.81999969482422,30.3799991607666,31.059999465942383,868400.0
2020-06-26,31.0,31.0,28.299999237060547,28.610000610351562,2348000.0
2020-06-29,28.81999969482422,28.81999969482422,27.360000610351562,27.600000381469727,556600.0
2020-06-30,27.510000228881836,29.34000015258789,27.5,29.170000076293945,387200.0
2020-07-01,29.110000610351562,30.2450008392334,28.450000762939453,28.549999237060547,498900.0
2020-07-02,28.90999984741211,30.8700008392334,28.600000381469727,30.0,707800.0
2020-07-06,30.579999923706055,31.520000457763672,30.049999237060547,31.510000228881836,868300.0
2020-07-07,31.770000457763672,32.084999084472656,30.440000534057617,30.469999313354492,791300.0
2020-07-08,30.649999618530273,31.280000686645508,29.959999084472656,31.200000762939453,437000.0
2020-07-09,31.329999923706055,32.58000183105469,30.850000381469727,32.43000030517578,515100.0
2020-07-10,33.540000915527344,34.939998626708984,32.5,33.95000076293945,1608400.0
2020-07-13,34.52000045776367,34.630001068115234,32.220001220703125,32.2599983215332,1008300.0
2020-07-14,32.15999984741211,34.060001373291016,32.060001373291016,33.9900016784668,788100.0
2020-07-15,35.5,36.540000915527344,35.0,36.40999984741211,1081500.0
2020-07-16,36.02000045776367,36.68000030517578,34.849998474121094,35.65999984741211,632900.0
2020-07-17,35.83000183105469,36.150001525878906,35.61000061035156,35.88999938964844,880700.0
2020-07-20,36.02000045776367,36.369998931884766,34.90999984741211,35.650001525878906,381100.0
2020-07-21,35.959999084472656,36.7599983215332,35.154998779296875,36.33000183105469,1524200.0
2020-07-22,36.369998931884766,36.61000061035156,35.474998474121094,36.06999969482422,642200.0
2020-07-23,35.90999984741211,36.529998779296875,35.595001220703125,36.290000915527344,742500.0
2020-07-24,35.68000030517578,36.2400016784668,35.22999954223633,35.97999954223633,314900.0
2020-07-27,36.029998779296875,37.02000045776367,35.66999816894531,36.90999984741211,385600.0
2020-07-28,36.83000183105469,37.0099983215332,35.560001373291016,35.65999984741211,766300.0
2020-07-29,35.86000061035156,36.09000015258789,34.959999084472656,35.849998474121094,567300.0
2020-07-30,35.29999923706055,36.2599983215332,35.040000915527344,35.7400016784668,612100.0
2020-07-31,35.959999084472656,36.15999984741211,34.45000076293945,34.900001525878906,459800.0
2020-08-03,35.08000183105469,35.99100112915039,34.290000915527344,35.900001525878906,374400.0
2020-08-04,35.95000076293945,36.84000015258789,35.66999816894531,36.2599983215332,314300.0
2020-08-05,37.029998779296875,37.060001373291016,36.220001220703125,36.400001525878906,477000.0
2020-08-06,36.369998931884766,36.625,35.75,36.11000061035156,373400.0
2020-08-07,36.150001525878906,36.97999954223633,34.92900085449219,35.869998931884766,1078800.0
2020-08-10,36.33000183105469,36.5,35.11000061035156,35.150001525878906,418800.0
2020-08-11,35.439998626708984,35.83000183105469,34.68000030517578,34.900001525878906,696500.0
2020-08-12,33.09700012207031,34.4900016784668,32.27000045776367,32.630001068115234,1123600.0
2020-08-13,32.7400016784668,33.3849983215332,32.4900016784668,32.5099983215332,483200.0
2020-08-14,32.400001525878906,32.400001525878906,31.0,31.329999923706055,1020400.0
2020-08-17,31.31999969482422,32.43000030517578,30.84000015258789,32.40999984741211,863700.0
2020-08-18,32.5,32.939998626708984,32.209999084472656,32.59000015258789,1089000.0
2020-08-19,32.59000015258789,32.72999954223633,32.15999984741211,32.400001525878906,452400.0
2020-08-20,32.060001373291016,32.630001068115234,32.060001373291016,32.459999084472656,302500.0
2020-08-21,32.439998626708984,32.810001373291016,31.559999465942383,31.920000076293945,534200.0
2020-08-24,32.0099983215332,32.11000061035156,29.950000762939453,30.31999969482422,652300.0
2020-08-25,30.0,31.280000686645508,29.299999237060547,30.84000015258789,378800.0
2020-08-26,30.8700008392334,31.479999542236328,30.729999542236328,30.920000076293945,521500.0
2020-08-27,30.920000076293945,31.850000381469727,30.540000915527344,30.729999542236328,1346600.0
2020-08-28,30.670000076293945,31.290000915527344,30.229999542236328,30.59000015258789,507600.0
2020-08-31,30.530000686645508,31.780000686645508,30.350000381469727,31.18000030517578,324400.0
2020-09-01,31.110000610351562,32.380001068115234,30.809999465942383,32.209999084472656,667900.0
2020-09-02,32.5,33.534000396728516,32.060001373291016,33.209999084472656,523000.0
2020-09-03,32.91999816894531,33.7599983215332,32.400001525878906,33.400001525878906,609200.0
2020-09-04,33.34000015258789,33.61000061035156,30.850000381469727,32.130001068115234,671800.0
2020-09-08,31.469999313354492,33.310001373291016,31.260000228881836,32.540000915527344,640500.0
2020-09-09,32.9900016784668,33.31999969482422,32.2400016784668,32.81999969482422,453600.0
2020-09-10,32.7599983215332,34.65999984741211,32.40299987792969,33.95000076293945,1180900.0
2020-09-11,34.22999954223633,34.845001220703125,33.404998779296875,34.5,1191200.0
2020-09-14,34.5,36.119998931884766,34.064998626708984,36.11000061035156,1290600.0
2020-09-15,36.20000076293945,36.54999923706055,35.15999984741211,35.72999954223633,649500.0
2020-09-16,35.689998626708984,36.650001525878906,35.400001525878906,35.900001525878906,675000.0
2020-09-17,35.290000915527344,36.7400016784668,35.10499954223633,35.709999084472656,640300.0
2020-09-18,36.02000045776367,36.290000915527344,35.16999816894531,36.02000045776367,1715400.0
2020-09-21,35.36000061035156,35.72999954223633,34.02000045776367,34.34000015258789,459700.0
2020-09-22,34.36000061035156,34.44499969482422,33.310001373291016,34.349998474121094,370400.0
2020-09-23,34.20000076293945,34.810001373291016,33.869998931884766,34.2599983215332,288400.0
2020-09-24,34.2400016784668,35.525001525878906,34.18000030517578,35.209999084472656,730200.0
2020-09-25,35.09000015258789,36.29999923706055,34.64500045776367,36.029998779296875,570700.0
2020-09-28,36.630001068115234,36.7599983215332,36.073001861572266,36.630001068115234,370400.0
2020-09-29,36.79999923706055,36.8650016784668,36.400001525878906,36.77000045776367,409800.0
2020-09-30,36.79999923706055,36.97999954223633,36.13999938964844,36.599998474121094,418600.0
2020-10-01,37.16999816894531,37.16999816894531,35.84000015258789,36.97999954223633,460400.0
2020-10-02,36.29999923706055,37.040000915527344,35.86000061035156,36.209999084472656,486100.0
2020-10-05,36.5099983215332,36.97999954223633,35.7400016784668,35.9900016784668,296900.0
2020-10-06,36.130001068115234,36.400001525878906,35.31999969482422,35.400001525878906,371400.0
2020-10-07,35.630001068115234,36.069000244140625,35.35499954223633,35.880001068115234,311500.0
2020-10-08,36.9900016784668,36.9900016784668,35.33000183105469,35.70000076293945,465100.0
2020-10-09,35.70000076293945,36.06999969482422,35.380001068115234,35.91999816894531,130700.0
2020-10-12,36.060001373291016,36.49100112915039,35.18000030517578,35.2400016784668,476100.0
2020-10-13,35.119998931884766,35.63999938964844,33.95000076293945,34.7599983215332,295400.0
2020-10-14,34.5,35.7400016784668,34.402000427246094,35.40999984741211,275500.0
2020-10-15,35.0,35.779998779296875,34.279998779296875,35.709999084472656,202200.0
2020-10-16,35.61000061035156,36.08000183105469,34.79499816894531,35.7400016784668,627800.0
2020-10-19,36.0099983215332,36.13199996948242,35.08000183105469,35.189998626708984,222200.0
2020-10-20,35.4900016784668,35.4900016784668,33.04999923706055,33.060001373291016,375100.0
2020-10-21,33.11000061035156,33.540000915527344,31.850000381469727,31.899999618530273,614000.0
2020-10-22,32.04999923706055,33.97999954223633,31.652999877929688,33.869998931884766,567700.0
2020-10-23,33.81999969482422,34.790000915527344,33.709999084472656,34.52000045776367,173700.0
2020-10-26,34.2400016784668,34.5,33.60499954223633,34.2599983215332,156400.0
2020-10-27,34.310001373291016,35.470001220703125,34.20500183105469,35.029998779296875,426300.0
2020-10-28,34.52000045776367,35.220001220703125,34.33000183105469,35.0,296700.0
2020-10-29,35.0099983215332,35.70000076293945,34.40999984741211,34.47999954223633,462000.0
2020-10-30,34.34000015258789,35.45000076293945,33.72999954223633,34.47999954223633,476000.0
2020-11-02,34.779998779296875,34.779998779296875,33.20000076293945,34.060001373291016,304200.0
2020-11-03,34.310001373291016,36.029998779296875,34.310001373291016,35.61000061035156,371000.0
2020-11-04,35.97999954223633,36.380001068115234,34.619998931884766,35.04999923706055,199400.0
2020-11-05,36.150001525878906,36.150001525878906,35.290000915527344,35.95000076293945,304300.0
2020-11-06,35.849998474121094,36.224998474121094,35.5,35.7400016784668,257400.0
2020-11-09,36.0,36.75,35.66999816894531,35.7400016784668,557800.0
2020-11-10,36.18000030517578,36.939998626708984,35.29999923706055,36.81999969482422,655400.0
2020-11-11,35.729000091552734,36.93000030517578,34.95000076293945,35.66999816894531,531900.0
2020-11-12,35.959999084472656,36.09000015258789,35.189998626708984,35.7400016784668,312700.0
2020-11-13,35.63999938964844,35.790000915527344,33.821998596191406,34.5,594000.0
2020-11-16,34.720001220703125,34.9900016784668,33.560001373291016,33.810001373291016,400700.0
2020-11-17,34.099998474121094,34.224998474121094,33.22999954223633,34.0099983215332,367500.0
2020-11-18,34.02000045776367,34.150001525878906,33.16999816894531,33.220001220703125,246800.0
2020-11-19,33.220001220703125,33.8849983215332,32.630001068115234,33.150001525878906,278100.0
2020-11-20,32.95000076293945,34.4900016784668,32.8390007019043,34.380001068115234,221100.0
2020-11-23,34.400001525878906,35.400001525878906,34.29999923706055,34.90999984741211,301000.0
2020-11-24,35.20000076293945,35.720001220703125,34.400001525878906,35.54999923706055,241100.0
2020-11-25,35.224998474121094,36.0,35.06999969482422,35.56999969482422,155000.0
2020-11-27,35.540000915527344,36.220001220703125,35.52000045776367,36.040000915527344,141200.0
2020-11-30,36.18000030517578,36.2599983215332,34.95000076293945,35.650001525878906,215600.0
2020-12-01,35.849998474121094,35.849998474121094,34.54999923706055,35.0099983215332,548200.0
2020-12-02,34.88999938964844,36.33000183105469,34.65999984741211,36.060001373291016,484600.0
2020-12-03,36.290000915527344,37.0,36.06999969482422,36.7400016784668,624400.0
2020-12-04,36.5,37.45000076293945,36.23500061035156,36.900001525878906,1172300.0
2020-12-07,36.900001525878906,38.790000915527344,36.900001525878906,38.099998474121094,1204000.0
2020-12-08,38.470001220703125,39.689998626708984,38.369998931884766,38.91999816894531,1067500.0
2020-12-09,38.650001525878906,39.5,37.88999938964844,38.04999923706055,553800.0
2020-12-10,38.099998474121094,38.5,37.43000030517578,37.959999084472656,264400.0
2020-12-11,37.970001220703125,39.97999954223633,37.970001220703125,39.880001068115234,1247100.0
2020-12-14,39.95000076293945,40.45000076293945,38.369998931884766,38.59000015258789,445700.0
2020-12-15,39.20000076293945,39.45000076293945,37.650001525878906,38.380001068115234,422900.0
2020-12-16,38.72999954223633,40.229000091552734,38.0099983215332,40.11000061035156,514800.0
2020-12-17,40.040000915527344,42.220001220703125,40.040000915527344,42.08000183105469,662200.0
2020-12-18,42.40999984741211,42.40999984741211,41.18000030517578,41.95000076293945,932100.0
2020-12-21,41.7599983215332,42.27000045776367,41.150001525878906,42.02000045776367,374500.0
2020-12-22,42.18000030517578,43.54999923706055,41.380001068115234,43.459999084472656,509800.0
2020-12-23,43.59000015258789,44.90999984741211,43.25,44.72999954223633,322500.0
2020-12-24,44.97999954223633,45.45000076293945,44.619998931884766,44.88999938964844,211100.0
2020-12-28,45.310001373291016,45.560001373291016,44.400001525878906,44.7400016784668,243600.0
2020-12-29,44.5099983215332,44.91999816894531,43.40999984741211,43.56999969482422,279800.0
2020-12-30,43.34000015258789,44.40999984741211,42.86000061035156,43.25,373000.0
2020-12-31,43.279998779296875,43.61000061035156,42.81999969482422,43.529998779296875,176000.0
2021-01-04,43.40999984741211,43.93000030517578,41.849998474121094,42.560001373291016,545000.0
2021-01-05,42.58000183105469,43.43000030517578,41.779998779296875,42.5099983215332,386200.0
2021-01-06,42.720001220703125,44.0,42.06999969482422,43.70000076293945,538500.0
2021-01-07,43.91999816894531,44.81999969482422,42.560001373291016,43.18000030517578,494100.0
2021-01-08,43.97999954223633,44.90999984741211,43.279998779296875,44.709999084472656,417700.0
2021-01-11,44.540000915527344,45.2400016784668,43.88999938964844,44.880001068115234,413900.0
2021-01-12,44.970001220703125,46.900001525878906,44.970001220703125,46.52000045776367,455100.0
2021-01-13,46.380001068115234,47.540000915527344,46.380001068115234,47.31999969482422,393900.0
2021-01-14,47.56999969482422,47.97999954223633,46.54999923706055,47.84000015258789,584300.0
2021-01-15,47.689998626708984,48.33000183105469,47.6349983215332,48.310001373291016,386500.0
2021-01-19,48.5,48.61000061035156,46.06999969482422,46.72999954223633,509400.0
2021-01-20,46.68000030517578,48.064998626708984,46.54999923706055,47.59000015258789,278000.0
2021-01-21,47.47999954223633,48.915000915527344,47.0099983215332,48.13999938964844,318000.0
2021-01-22,48.150001525878906,51.939998626708984,47.0,51.33000183105469,763400.0
2021-01-25,52.27000045776367,52.40999984741211,49.79999923706055,50.720001220703125,608700.0
2021-01-26,50.65999984741211,51.43000030517578,50.0099983215332,50.959999084472656,440500.0
2021-01-27,50.58000183105469,52.8650016784668,50.09000015258789,51.4900016784668,688000.0
2021-01-28,52.0,52.599998474121094,50.130001068115234,51.11000061035156,435000.0
2021-01-29,51.119998931884766,51.900001525878906,49.52000045776367,49.68000030517578,374700.0
2021-02-01,49.97999954223633,50.32899856567383,48.70000076293945,49.47999954223633,362500.0
2021-02-02,50.41999816894531,50.54999923706055,49.130001068115234,50.029998779296875,204200.0
2021-02-03,49.77000045776367,50.45000076293945,49.0099983215332,49.52000045776367,241700.0
2021-02-04,49.77000045776367,51.56999969482422,49.2400016784668,50.849998474121094,260400.0
2021-02-05,51.9900016784668,51.9900016784668,50.20500183105469,51.880001068115234,242300.0
2021-02-08,52.52000045776367,53.44300079345703,52.26499938964844,53.369998931884766,156200.0
2021-02-09,54.25,55.04999923706055,53.400001525878906,54.06999969482422,717800.0
2021-02-10,54.529998779296875,55.06999969482422,52.470001220703125,52.84000015258789,408500.0
2021-02-11,53.220001220703125,54.0,52.29999923706055,53.900001525878906,195400.0
2021-02-12,53.689998626708984,54.18000030517578,53.0,53.68000030517578,204600.0
2021-02-16,54.060001373291016,54.22999954223633,51.77000045776367,53.0,646400.0
2021-02-17,52.650001525878906,53.9900016784668,50.439998626708984,50.7400016784668,446600.0
2021-02-18,50.959999084472656,50.959999084472656,49.40999984741211,49.77000045776367,763400.0
2021-02-19,49.86000061035156,51.369998931884766,49.33000183105469,49.5,799000.0
2021-02-22,48.709999084472656,49.90999984741211,47.7400016784668,48.47999954223633,573700.0
2021-02-23,47.9900016784668,49.06999969482422,46.970001220703125,48.58000183105469,477100.0
2021-02-24,48.0,49.15999984741211,47.779998779296875,48.189998626708984,877500.0
2021-02-25,47.75,49.13999938964844,46.33599853515625,46.849998474121094,527000.0
2021-02-26,46.83000183105469,49.58000183105469,46.130001068115234,48.4900016784668,734900.0
2021-03-01,49.439998626708984,49.93000030517578,48.189998626708984,48.540000915527344,402500.0
2021-03-02,47.5099983215332,48.459999084472656,46.90999984741211,48.25,572600.0
2021-03-03,47.869998931884766,48.33000183105469,46.84000015258789,47.2400016784668,858900.0
2021-03-04,47.0,47.36899948120117,45.02000045776367,46.970001220703125,715100.0
2021-03-05,46.91999816894531,46.91999816894531,43.81999969482422,46.20000076293945,1330600.0
2021-03-08,46.20000076293945,47.689998626708984,45.41999816894531,47.45000076293945,422000.0
2021-03-09,47.849998474121094,49.1349983215332,47.439998626708984,48.27000045776367,370700.0
2021-03-10,48.0,49.880001068115234,47.77299880981445,48.560001373291016,453100.0
2021-03-11,49.0,49.31999969482422,48.060001373291016,48.560001373291016,246600.0
2021-03-12,48.279998779296875,48.720001220703125,47.7599983215332,48.40999984741211,228500.0
2021-03-15,48.36000061035156,49.65999984741211,48.005001068115234,48.25,699900.0
2021-03-16,48.400001525878906,48.5,47.27000045776367,47.65999984741211,456800.0
2021-03-17,47.630001068115234,48.63999938964844,47.1349983215332,48.45000076293945,244000.0
2021-03-18,49.16999816894531,49.16999816894531,46.255001068115234,46.630001068115234,427800.0
2021-03-19,46.38999938964844,47.45000076293945,46.290000915527344,46.959999084472656,404200.0
2021-03-22,47.20000076293945,47.63999938964844,46.560001373291016,47.45000076293945,203300.0
2021-03-23,47.279998779296875,48.09000015258789,47.0,47.849998474121094,347700.0
2021-03-24,48.099998474121094,48.13999938964844,47.08000183105469,47.630001068115234,277800.0
2021-03-25,47.15999984741211,47.459999084472656,45.619998931884766,46.7400016784668,398900.0
2021-03-26,46.84000015258789,47.4900016784668,46.13999938964844,47.16999816894531,201800.0
2021-03-29,47.13999938964844,47.34000015258789,45.97999954223633,46.0,351100.0
2021-03-30,45.75,46.79999923706055,45.72999954223633,46.279998779296875,264300.0
2021-03-31,46.5,47.68000030517578,46.25,46.77000045776367,359700.0
2021-04-01,47.099998474121094,48.22999954223633,46.189998626708984,48.16999816894531,330800.0
2021-04-05,48.54999923706055,48.63999938964844,47.59400177001953,48.4900016784668,246300.0
2021-04-06,48.36000061035156,48.790000915527344,47.369998931884766,47.56999969482422,207400.0
2021-04-07,47.40999984741211,47.72999954223633,46.8849983215332,47.29999923706055,163100.0
2021-04-08,47.650001525878906,48.87799835205078,47.474998474121094,48.709999084472656,276200.0
2021-04-09,48.63999938964844,48.880001068115234,47.40999984741211,48.36000061035156,130800.0
2021-04-12,48.224998474121094,49.720001220703125,48.10499954223633,49.59000015258789,845700.0
2021-04-13,49.369998931884766,50.27000045776367,49.0099983215332,50.209999084472656,332800.0
2021-04-14,50.209999084472656,51.0,50.209999084472656,50.529998779296875,268200.0
2021-04-15,50.52000045776367,51.88999938964844,50.43000030517578,51.849998474121094,358900.0
2021-04-16,51.65999984741211,52.2400016784668,50.52000045776367,51.0,634500.0
2021-04-19,50.79999923706055,51.9900016784668,50.36000061035156,51.279998779296875,304500.0
2021-04-20,51.13999938964844,52.130001068115234,50.470001220703125,51.220001220703125,669100.0
2021-04-21,50.88999938964844,52.11000061035156,50.470001220703125,51.93000030517578,712600.0
2021-04-22,52.130001068115234,53.349998474121094,51.737998962402344,52.90999984741211,430000.0
2021-04-23,53.84000015258789,56.279998779296875,53.29999923706055,55.09000015258789,848900.0
2021-04-26,55.0,55.970001220703125,54.36000061035156,55.290000915527344,493500.0
2021-04-27,55.150001525878906,56.5,54.65999984741211,56.41999816894531,374300.0
2021-04-28,56.43000030517578,57.029998779296875,56.06999969482422,56.599998474121094,301500.0
2021-04-29,56.9900016784668,58.25,55.970001220703125,58.02000045776367,270000.0
2021-04-30,57.459999084472656,59.099998474121094,57.255001068115234,57.900001525878906,1238700.0
2021-05-03,57.900001525878906,58.619998931884766,57.65999984741211,57.939998626708984,748700.0
2021-05-04,57.869998931884766,58.209999084472656,55.689998626708984,55.849998474121094,760900.0
2021-05-05,55.86000061035156,57.349998474121094,54.25,54.459999084472656,805600.0
2021-05-06,54.150001525878906,54.310001373291016,49.779998779296875,51.470001220703125,763700.0
2021-05-07,52.68000030517578,54.84000015258789,51.310001373291016,53.22999954223633,1403500.0
2021-05-10,52.720001220703125,53.529998779296875,49.849998474121094,50.040000915527344,601500.0
2021-05-11,49.08000183105469,50.560001373291016,48.439998626708984,49.75,882600.0
2021-05-12,49.209999084472656,50.31999969482422,47.84000015258789,48.15999984741211,484900.0
2021-05-13,48.2400016784668,49.303001403808594,47.119998931884766,48.060001373291016,378500.0
2021-05-14,48.029998779296875,49.29999923706055,47.7400016784668,48.599998474121094,300900.0
2021-05-17,48.529998779296875,49.154998779296875,46.9900016784668,47.16999816894531,282900.0
2021-05-18,47.08000183105469,49.31999969482422,46.775001525878906,48.93000030517578,360100.0
2021-05-19,48.13999938964844,50.189998626708984,48.040000915527344,50.099998474121094,412800.0
2021-05-20,50.08000183105469,51.099998474121094,50.02000045776367,51.09000015258789,372700.0
2021-05-21,51.599998474121094,53.189998626708984,51.33000183105469,52.41999816894531,472000.0
2021-05-24,52.439998626708984,52.75,51.81999969482422,52.0,302300.0
2021-05-25,52.08000183105469,54.18000030517578,51.840999603271484,53.720001220703125,550000.0
2021-05-26,53.84000015258789,54.439998626708984,53.310001373291016,54.0,260000.0
2021-05-27,54.4900016784668,54.7599983215332,53.41999816894531,54.25,668500.0
2021-05-28,54.45000076293945,54.459999084472656,53.25,53.689998626708984,377200.0
2021-06-01,53.7599983215332,54.349998474121094,53.220001220703125,53.75,292100.0
2021-06-02,53.7599983215332,54.38999938964844,53.54999923706055,53.77000045776367,357600.0
2021-06-03,54.0099983215332,54.0099983215332,52.029998779296875,52.849998474121094,387700.0
2021-06-04,52.95000076293945,53.2599983215332,52.540000915527344,53.16999816894531,340900.0
2021-06-07,53.150001525878906,56.369998931884766,53.099998474121094,56.040000915527344,775900.0
2021-06-08,56.0,58.95000076293945,56.0,58.63999938964844,635400.0
2021-06-09,58.529998779296875,59.5,57.279998779296875,57.61000061035156,369800.0
2021-06-10,57.61000061035156,58.08000183105469,56.35499954223633,57.68000030517578,281900.0
2021-06-11,57.849998474121094,58.0099983215332,57.099998474121094,57.5099983215332,208100.0
2021-06-14,57.790000915527344,57.93000030517578,56.599998474121094,56.900001525878906,366700.0
2021-06-15,56.59000015258789,57.310001373291016,55.88999938964844,56.040000915527344,260300.0
2021-06-16,55.86000061035156,56.39899826049805,54.619998931884766,55.2599983215332,1027800.0
2021-06-17,55.189998626708984,56.025001525878906,54.867000579833984,55.43000030517578,362700.0
2021-06-18,55.0,55.77000045776367,54.54999923706055,54.54999923706055,482500.0
2021-06-21,54.54999923706055,56.709999084472656,54.220001220703125,56.400001525878906,633300.0
2021-06-22,56.41999816894531,57.060001373291016,56.02000045776367,56.66999816894531,326000.0
2021-06-23,56.47999954223633,57.09000015258789,56.005001068115234,56.959999084472656,256500.0
2021-06-24,57.31999969482422,57.810001373291016,56.900001525878906,57.5,190600.0
2021-06-25,57.900001525878906,58.470001220703125,57.25,57.459999084472656,1482900.0
2021-06-28,57.650001525878906,57.970001220703125,56.66999816894531,57.130001068115234,269700.0
2021-06-29,57.36000061035156,57.90999984741211,55.939998626708984,55.97999954223633,207100.0
2021-06-30,56.27000045776367,56.33000183105469,55.09000015258789,55.5099983215332,397900.0
2021-07-01,55.63999938964844,56.61000061035156,55.150001525878906,56.5099983215332,268100.0
2021-07-02,56.66999816894531,57.150001525878906,56.02000045776367,56.68000030517578,182500.0
2021-07-06,56.2599983215332,57.40999984741211,56.0099983215332,57.08000183105469,240200.0
2021-07-07,56.939998626708984,57.7130012512207,56.04999923706055,56.599998474121094,268500.0
2021-07-08,55.599998474121094,57.84000015258789,55.18000030517578,57.72999954223633,374200.0
2021-07-09,57.470001220703125,58.30500030517578,55.66999816894531,58.150001525878906,238300.0
2021-07-12,58.279998779296875,59.18000030517578,57.47999954223633,57.900001525878906,452600.0
2021-07-13,57.09000015258789,57.5,55.630001068115234,55.720001220703125,215900.0
2021-07-14,56.09000015258789,56.400001525878906,54.630001068115234,54.84000015258789,250800.0
2021-07-15,54.689998626708984,55.07400131225586,53.29999923706055,54.72999954223633,418600.0
2021-07-16,55.13999938964844,55.40999984741211,54.5099983215332,55.16999816894531,378500.0
2021-07-19,54.5,56.38999938964844,54.27000045776367,56.0,294500.0
2021-07-20,56.2400016784668,57.314998626708984,56.040000915527344,56.33000183105469,453300.0
2021-07-21,56.529998779296875,56.959999084472656,55.5,56.18000030517578,245800.0
2021-07-22,56.31999969482422,57.04999923706055,55.52000045776367,56.61000061035156,218900.0
2021-07-23,56.72999954223633,57.58000183105469,56.632999420166016,57.18000030517578,125500.0
2021-07-26,57.43000030517578,57.43000030517578,55.630001068115234,55.97999954223633,224600.0
2021-07-27,55.61000061035156,56.63999938964844,54.959999084472656,56.150001525878906,184200.0
2021-07-28,56.29999923706055,57.310001373291016,55.79999923706055,57.040000915527344,176900.0
2021-07-29,57.25,58.0,56.97999954223633,57.86000061035156,160800.0
2021-07-30,57.56999969482422,58.34000015258789,57.36000061035156,58.060001373291016,294800.0
2021-08-02,58.06999969482422,58.415000915527344,57.48500061035156,57.97999954223633,163000.0
2021-08-03,58.04999923706055,58.59000015258789,57.31999969482422,57.40999984741211,223200.0
2021-08-04,57.029998779296875,57.97999954223633,55.880001068115234,55.95000076293945,254800.0
2021-08-05,55.83000183105469,57.0,54.56999969482422,56.88999938964844,298600.0
2021-08-06,59.0,59.5,56.084999084472656,56.77000045776367,336400.0
2021-08-09,56.959999084472656,58.029998779296875,55.43000030517578,57.65999984741211,248400.0
2021-08-10,55.5099983215332,55.92499923706055,52.150001525878906,54.650001525878906,1237000.0
2021-08-11,55.97999954223633,55.97999954223633,51.709999084472656,52.58000183105469,2422700.0
2021-08-12,52.81999969482422,53.130001068115234,51.689998626708984,52.06999969482422,617800.0
2021-08-13,52.310001373291016,53.099998474121094,51.900001525878906,52.470001220703125,533800.0
2021-08-16,52.54999923706055,53.36000061035156,51.90999984741211,52.369998931884766,273200.0
2021-08-17,51.959999084472656,52.470001220703125,50.97999954223633,51.0,387800.0
2021-08-18,50.79999923706055,51.18000030517578,49.790000915527344,50.619998931884766,518600.0
2021-08-19,50.529998779296875,50.529998779296875,49.23099899291992,49.56999969482422,616700.0
2021-08-20,49.41999816894531,50.72999954223633,49.380001068115234,49.869998931884766,375200.0
2021-08-23,50.20000076293945,52.029998779296875,50.20000076293945,51.91999816894531,282300.0
2021-08-24,52.290000915527344,52.95500183105469,51.619998931884766,52.91999816894531,415400.0
2021-08-25,53.130001068115234,53.9900016784668,51.959999084472656,52.0099983215332,331900.0
2021-08-26,51.86000061035156,52.41999816894531,50.720001220703125,50.90999984741211,355600.0
2021-08-27,50.90999984741211,54.02000045776367,50.599998474121094,53.540000915527344,415900.0
2021-08-30,53.779998779296875,54.14899826049805,52.65999984741211,53.04999923706055,287800.0
2021-08-31,53.2400016784668,54.75,52.7599983215332,54.61000061035156,264000.0
2021-09-01,54.599998474121094,54.9900016784668,53.900001525878906,54.06999969482422,315400.0
2021-09-02,54.439998626708984,55.03200149536133,53.4900016784668,54.41999816894531,261900.0
2021-09-03,54.22999954223633,54.7400016784668,53.540000915527344,54.400001525878906,297700.0
2021-09-07,54.439998626708984,55.38999938964844,54.439998626708984,54.77000045776367,400700.0
2021-09-08,54.470001220703125,55.185001373291016,53.72999954223633,54.0099983215332,295500.0
2021-09-09,53.66999816894531,55.779998779296875,51.86000061035156,54.66999816894531,311900.0
2021-09-10,54.959999084472656,56.119998931884766,54.029998779296875,55.959999084472656,464900.0
2021-09-13,56.119998931884766,56.220001220703125,54.34000015258789,54.68000030517578,467900.0
2021-09-14,54.900001525878906,55.22999954223633,53.02000045776367,53.369998931884766,627600.0
2021-09-15,53.290000915527344,54.9900016784668,52.849998474121094,54.08000183105469,251400.0
2021-09-16,54.5,55.189998626708984,54.167999267578125,55.060001373291016,224700.0
2021-09-17,55.619998931884766,57.189998626708984,54.7400016784668,55.369998931884766,1594100.0
2021-09-20,54.220001220703125,55.29999923706055,51.90999984741211,53.13999938964844,400400.0
2021-09-21,53.560001373291016,54.41999816894531,52.869998931884766,52.880001068115234,525600.0
2021-09-22,52.880001068115234,53.65999984741211,52.275001525878906,53.439998626708984,211800.0
2021-09-23,53.529998779296875,54.189998626708984,52.5099983215332,54.099998474121094,472800.0
2021-09-24,53.709999084472656,54.31999969482422,53.4900016784668,53.70000076293945,118800.0
2021-09-27,53.40999984741211,53.494998931884766,52.40999984741211,52.619998931884766,224100.0
2021-09-28,52.220001220703125,52.290000915527344,50.244998931884766,50.33000183105469,391000.0
2021-09-29,50.4900016784668,51.29999923706055,50.02000045776367,50.130001068115234,479200.0
2021-09-30,50.36000061035156,50.810001373291016,49.83000183105469,50.0099983215332,464200.0
2021-10-01,50.0099983215332,50.25,48.59400177001953,49.5099983215332,252800.0
2021-10-04,49.0,49.0,47.380001068115234,47.97999954223633,589700.0
2021-10-05,47.84000015258789,49.11000061035156,47.5,47.869998931884766,644100.0
2021-10-06,47.2400016784668,48.58000183105469,47.2400016784668,47.9900016784668,538900.0
2021-10-07,48.06999969482422,50.0099983215332,48.0,48.849998474121094,386700.0
2021-10-08,48.79999923706055,48.86000061035156,46.77000045776367,46.959999084472656,266200.0
2021-10-11,46.83000183105469,46.97999954223633,45.52000045776367,45.63999938964844,387800.0
2021-10-12,45.81999969482422,47.43000030517578,45.709999084472656,46.95000076293945,623700.0
2021-10-13,47.29999923706055,47.5,46.72999954223633,47.380001068115234,241700.0
2021-10-14,48.369998931884766,49.43000030517578,47.95000076293945,48.779998779296875,569000.0
2021-10-15,49.310001373291016,49.58000183105469,48.349998474121094,48.40999984741211,262100.0
2021-10-18,48.13999938964844,48.470001220703125,47.52000045776367,48.220001220703125,185400.0
2021-10-19,48.40999984741211,49.93000030517578,48.36000061035156,49.90999984741211,271200.0
2021-10-20,50.16999816894531,50.75,49.76499938964844,50.52000045776367,225500.0
2021-10-21,50.5,51.869998931884766,50.459999084472656,51.619998931884766,531800.0
2021-10-22,51.43000030517578,51.560001373291016,50.6349983215332,50.93000030517578,221600.0
2021-10-25,50.65999984741211,51.70000076293945,50.380001068115234,51.18000030517578,483300.0
2021-10-26,51.45000076293945,52.029998779296875,50.959999084472656,51.41999816894531,189400.0
2021-10-27,51.189998626708984,51.63999938964844,49.560001373291016,49.86000061035156,196300.0
2021-10-28,50.08000183105469,52.13999938964844,50.08000183105469,51.77000045776367,391100.0
2021-10-29,51.5099983215332,52.650001525878906,51.2400016784668,52.63999938964844,228900.0
2021-11-01,53.54499816894531,54.27000045776367,52.9900016784668,54.02000045776367,684000.0
2021-11-02,53.959999084472656,53.959999084472656,52.5,52.84000015258789,183800.0
2021-11-03,52.619998931884766,53.599998474121094,52.13999938964844,53.45000076293945,519400.0
2021-11-04,53.75,54.119998931884766,52.68000030517578,52.84000015258789,579600.0
2021-11-05,53.13999938964844,53.779998779296875,51.40999984741211,51.7400016784668,259300.0
2021-11-08,51.86000061035156,52.4900016784668,51.5099983215332,51.88999938964844,135400.0
2021-11-09,51.88999938964844,52.47999954223633,50.209999084472656,50.5099983215332,347800.0
2021-11-10,49.03499984741211,50.22999954223633,47.16999816894531,48.650001525878906,1033700.0
2021-11-11,49.08000183105469,50.31999969482422,48.262001037597656,49.349998474121094,321400.0
2021-11-12,49.400001525878906,49.91999816894531,48.560001373291016,48.70000076293945,477400.0
2021-11-15,48.75,49.5099983215332,48.314998626708984,49.5099983215332,365000.0
2021-11-16,49.5099983215332,51.20000076293945,49.02000045776367,50.65999984741211,604900.0
2021-11-17,50.33000183105469,50.45500183105469,48.08000183105469,49.70000076293945,415700.0
2021-11-18,49.86000061035156,49.9900016784668,48.18000030517578,49.2400016784668,594500.0
2021-11-19,49.099998474121094,50.0,45.650001525878906,46.279998779296875,586500.0
2021-11-22,46.52000045776367,46.755001068115234,44.279998779296875,45.439998626708984,472200.0
2021-11-23,45.5,46.125,43.68000030517578,44.27000045776367,607600.0
2021-11-24,44.130001068115234,45.560001373291016,43.58000183105469,44.97999954223633,373200.0
2021-11-26,44.099998474121094,44.48500061035156,43.22999954223633,43.619998931884766,250700.0
2021-11-29,44.310001373291016,44.52899932861328,42.36000061035156,43.619998931884766,389100.0
2021-11-30,43.31999969482422,44.38999938964844,42.380001068115234,43.38999938964844,395800.0
2021-12-01,44.2400016784668,44.2400016784668,41.13999938964844,41.18000030517578,386000.0
2021-12-02,40.52000045776367,42.810001373291016,40.22999954223633,42.7599983215332,651000.0
2021-12-03,42.869998931884766,43.005001068115234,38.75,38.900001525878906,569600.0
2021-12-06,38.83000183105469,40.38999938964844,37.209999084472656,39.7400016784668,779700.0
2021-12-07,40.290000915527344,40.95000076293945,39.36000061035156,39.70000076293945,407000.0
2021-12-08,39.4900016784668,40.47999954223633,39.279998779296875,40.09000015258789,308500.0
2021-12-09,39.650001525878906,40.0,37.4900016784668,37.91999816894531,514600.0
2021-12-10,38.06999969482422,38.53499984741211,36.88999938964844,37.119998931884766,467300.0
2021-12-13,36.81999969482422,38.209999084472656,36.77000045776367,37.560001373291016,285800.0
2021-12-14,36.834999084472656,38.224998474121094,36.834999084472656,37.349998474121094,299500.0
2021-12-15,37.33000183105469,37.91999816894531,35.95500183105469,37.77000045776367,405200.0
2021-12-16,38.189998626708984,38.470001220703125,36.83000183105469,37.15999984741211,539200.0
2021-12-17,37.380001068115234,38.790000915527344,36.35499954223633,37.7400016784668,1367900.0
2021-12-20,37.11000061035156,37.84000015258789,36.119998931884766,36.68000030517578,507900.0
2021-12-21,37.0,38.650001525878906,36.709999084472656,38.41999816894531,438600.0
2021-12-22,38.459999084472656,38.880001068115234,37.29999923706055,37.9900016784668,298400.0
2021-12-23,37.9900016784668,39.540000915527344,37.779998779296875,39.47999954223633,368300.0
2021-12-27,39.560001373291016,40.81999969482422,38.875999450683594,40.650001525878906,480100.0
2021-12-28,40.540000915527344,41.209999084472656,39.290000915527344,39.59000015258789,334000.0
2021-12-29,39.560001373291016,39.77000045776367,38.9900016784668,39.68000030517578,263400.0
2021-12-30,39.630001068115234,41.279998779296875,39.630001068115234,40.560001373291016,379500.0
2021-12-31,40.65999984741211,41.150001525878906,39.54999923706055,39.619998931884766,320300.0
2022-01-03,39.7599983215332,40.650001525878906,38.527000427246094,40.33000183105469,609500.0
2022-01-04,40.22999954223633,40.22999954223633,37.90999984741211,38.689998626708984,469200.0
2022-01-05,38.29999923706055,38.38999938964844,35.56999969482422,35.66999816894531,528600.0
2022-01-06,35.41999816894531,36.099998474121094,34.209999084472656,35.220001220703125,599700.0
2022-01-07,34.959999084472656,35.44300079345703,33.91999816894531,33.959999084472656,380200.0
2022-01-10,33.40999984741211,33.505001068115234,32.43000030517578,33.4900016784668,607600.0
2022-01-11,33.70000076293945,35.400001525878906,33.2400016784668,34.630001068115234,794700.0
2022-01-12,34.630001068115234,34.91999816894531,33.439998626708984,33.5,560700.0
2022-01-13,33.45000076293945,33.58000183105469,32.61000061035156,32.900001525878906,447400.0
2022-01-14,32.20000076293945,33.09000015258789,31.459999084472656,32.060001373291016,354000.0
2022-01-18,31.40999984741211,31.952999114990234,30.229999542236328,30.360000610351562,406500.0
2022-01-19,30.389999389648438,31.084999084472656,29.579999923706055,29.649999618530273,527500.0
2022-01-20,30.100000381469727,32.29999923706055,29.780000686645508,30.479999542236328,594300.0
2022-01-21,29.649999618530273,30.860000610351562,29.5,29.56999969482422,599100.0
2022-01-24,29.0,30.389999389648438,27.808000564575195,30.229999542236328,622900.0
2022-01-25,29.450000762939453,29.799999237060547,27.90999984741211,28.110000610351562,665800.0
2022-01-26,28.719999313354492,29.434999465942383,27.579999923706055,28.15999984741211,746200.0
2022-01-27,28.690000534057617,28.780000686645508,27.270000457763672,27.649999618530273,572100.0
2022-01-28,27.649999618530273,28.399999618530273,26.739999771118164,28.350000381469727,837000.0
2022-01-31,28.350000381469727,30.0,28.010000228881836,29.850000381469727,885200.0
2022-02-01,30.19499969482422,30.59000015258789,28.6299991607666,30.450000762939453,566600.0
2022-02-02,30.700000762939453,30.700000762939453,28.899999618530273,29.489999771118164,1035600.0
2022-02-03,28.719999313354492,29.31999969482422,27.770000457763672,28.010000228881836,410800.0
2022-02-04,27.799999237060547,28.889999389648438,27.100000381469727,28.440000534057617,579800.0
2022-02-07,28.3700008392334,29.56999969482422,28.06999969482422,29.040000915527344,704600.0
2022-02-08,28.969999313354492,29.59000015258789,28.75,29.1200008392334,357700.0
2022-02-09,29.700000762939453,30.56999969482422,29.584999084472656,30.200000762939453,625900.0
2022-02-10,29.239999771118164,30.940000534057617,29.09000015258789,30.229999542236328,345900.0
2022-02-11,30.899999618530273,31.079999923706055,29.84000015258789,30.139999389648438,481300.0
2022-02-14,30.09000015258789,30.665000915527344,29.200000762939453,29.270000457763672,399900.0
2022-02-15,29.93000030517578,30.155000686645508,29.139999389648438,29.719999313354492,459500.0
2022-02-16,29.489999771118164,29.959999084472656,28.739999771118164,29.469999313354492,465800.0
2022-02-17,29.229999542236328,29.229999542236328,28.1299991607666,28.329999923706055,424200.0
2022-02-18,28.34000015258789,28.459999084472656,26.969999313354492,27.15999984741211,352200.0
2022-02-22,27.030000686645508,28.15999984741211,26.579999923706055,26.690000534057617,584500.0
2022-02-23,26.594999313354492,27.1200008392334,25.229999542236328,25.31999969482422,405100.0
2022-02-24,24.280000686645508,27.190000534057617,23.780000686645508,27.190000534057617,726200.0
2022-02-25,27.239999771118164,27.71299934387207,26.3700008392334,27.209999084472656,507700.0
2022-02-28,27.049999237060547,28.219999313354492,26.799999237060547,27.1200008392334,438300.0
2022-03-01,27.06999969482422,27.93000030517578,26.219999313354492,26.559999465942383,730700.0
2022-03-02,27.1200008392334,28.170000076293945,25.270999908447266,27.540000915527344,752400.0
2022-03-03,27.59000015258789,27.6299991607666,26.309999465942383,26.68000030517578,717000.0
2022-03-04,26.270000457763672,26.979999542236328,24.889999389648438,25.190000534057617,453900.0
2022-03-07,25.139999389648438,25.469999313354492,24.40999984741211,24.75,597800.0
2022-03-08,24.799999237060547,25.520000457763672,24.030000686645508,24.31999969482422,1080000.0
2022-03-09,24.920000076293945,26.03499984741211,24.479999542236328,25.56999969482422,885500.0
2022-03-10,24.850000381469727,25.110000610351562,24.114999771118164,24.690000534057617,269400.0
2022-03-11,24.790000915527344,25.110000610351562,22.799999237060547,22.850000381469727,477800.0
2022-03-14,22.850000381469727,22.94700050354004,20.479999542236328,20.670000076293945,615600.0
2022-03-15,20.600000381469727,21.399999618530273,20.389999389648438,21.3700008392334,946300.0
2022-03-16,21.81999969482422,22.93000030517578,21.700000762939453,22.559999465942383,644800.0
2022-03-17,23.610000610351562,25.229999542236328,22.55500030517578,24.950000762939453,1048200.0
2022-03-18,24.360000610351562,26.03499984741211,24.360000610351562,25.010000228881836,1229000.0
2022-03-21,25.170000076293945,25.389999389648438,23.959999084472656,24.389999389648438,488400.0
2022-03-22,24.479999542236328,25.860000610351562,24.459999084472656,25.5,571700.0
2022-03-23,25.010000228881836,26.0,24.520000457763672,24.75,621100.0
2022-03-24,24.709999084472656,25.56999969482422,24.19499969482422,25.450000762939453,460100.0
2022-03-25,25.329999923706055,25.42799949645996,24.760000228881836,25.079999923706055,479300.0
2022-03-28,25.270000457763672,25.75,24.84000015258789,25.709999084472656,551900.0
2022-03-29,26.200000762939453,27.6200008392334,26.149999618530273,27.329999923706055,702200.0
2022-03-30,27.389999389648438,27.674999237060547,26.350000381469727,26.6200008392334,479100.0
2022-03-31,26.489999771118164,26.770000457763672,25.93000030517578,26.1299991607666,403300.0
2022-04-01,26.299999237060547,27.809999465942383,26.299999237060547,27.6299991607666,732800.0
2022-04-04,27.68000030517578,27.979999542236328,27.0,27.260000228881836,615700.0
2022-04-05,27.290000915527344,27.479999542236328,25.56999969482422,25.6200008392334,468500.0
2022-04-06,25.040000915527344,25.280000686645508,24.34000015258789,25.049999237060547,476900.0
2022-04-07,24.90999984741211,25.559999465942383,24.260000228881836,24.709999084472656,513300.0
2022-04-08,24.520000457763672,24.579999923706055,23.79599952697754,24.09000015258789,650700.0
2022-04-11,23.8700008392334,24.899999618530273,23.68000030517578,24.280000686645508,376100.0
2022-04-12,24.700000762939453,25.440000534057617,24.139999389648438,24.270000457763672,361300.0
2022-04-13,24.229999542236328,24.6200008392334,23.559999465942383,24.030000686645508,350900.0
2022-04-14,24.540000915527344,24.600000381469727,23.200000762939453,23.809999465942383,579300.0
2022-04-18,23.68000030517578,23.68000030517578,22.049999237060547,22.15999984741211,589200.0
2022-04-19,22.059999465942383,23.530000686645508,22.049999237060547,23.06999969482422,262900.0
2022-04-20,23.100000381469727,23.329999923706055,22.459999084472656,22.5,421500.0
2022-04-21,22.799999237060547,23.290000915527344,21.468000411987305,21.530000686645508,760800.0
2022-04-22,21.270000457763672,21.43000030517578,19.981000900268555,20.100000381469727,539100.0
2022-04-25,19.950000762939453,20.53499984741211,19.489999771118164,19.75,3064100.0
2022-04-26,19.6299991607666,19.68000030517578,18.280000686645508,18.34000015258789,1355800.0
2022-04-27,18.31999969482422,18.959999084472656,17.59000015258789,17.65999984741211,854400.0
2022-04-28,17.860000610351562,18.190000534057617,16.760000228881836,17.799999237060547,1400000.0
2022-04-29,17.670000076293945,18.299999237060547,16.53499984741211,16.639999389648438,1285300.0
2022-05-02,16.760000228881836,17.34000015258789,16.399999618530273,16.81999969482422,2311500.0
2022-05-03,16.760000228881836,17.229999542236328,15.84000015258789,16.1299991607666,1714200.0
2022-05-04,16.25,16.950000762939453,15.390000343322754,16.799999237060547,1527400.0
2022-05-05,16.479999542236328,16.479999542236328,15.220000267028809,15.5,1024300.0
2022-05-06,15.289999961853027,15.449999809265137,14.300000190734863,14.6899995803833,1759200.0
2022-05-09,14.380000114440918,14.5,12.819999694824219,12.949999809265137,1381900.0
2022-05-10,13.430000305175781,13.880000114440918,12.529999732971191,12.949999809265137,1751500.0
2022-05-11,14.069999694824219,14.069999694824219,12.329999923706055,12.609999656677246,1608300.0
2022-05-12,12.40999984741211,14.109999656677246,12.335000038146973,14.069999694824219,1540100.0
2022-05-13,14.4399995803833,16.15999984741211,14.350000381469727,16.1299991607666,1840400.0
2022-05-16,15.869999885559082,16.290000915527344,14.550000190734863,14.640000343322754,1235700.0
2022-05-17,15.140000343322754,15.439000129699707,14.40999984741211,15.130000114440918,1503900.0
2022-05-18,14.859999656677246,15.149999618530273,13.930000305175781,14.020000457763672,673200.0
2022-05-19,13.899999618530273,14.354999542236328,13.59000015258789,13.920000076293945,851600.0
2022-05-20,14.319999694824219,14.319999694824219,13.670000076293945,14.199999809265137,747500.0
2022-05-23,14.3100004196167,14.3100004196167,13.59000015258789,14.09000015258789,1012300.0
2022-05-24,13.770000457763672,13.899999618530273,13.220000267028809,13.710000038146973,643200.0
2022-05-25,13.520000457763672,14.100000381469727,13.460000038146973,13.9399995803833,911100.0
2022-05-26,13.869999885559082,14.470000267028809,13.739999771118164,14.239999771118164,756900.0
2022-05-27,14.350000381469727,14.930000305175781,14.3100004196167,14.520000457763672,682100.0
2022-05-31,14.420000076293945,14.829999923706055,14.140000343322754,14.649999618530273,1016200.0
2022-06-01,15.0600004196167,15.119999885559082,13.90999984741211,14.029999732971191,674000.0
2022-06-02,14.119999885559082,15.454999923706055,14.09000015258789,15.289999961853027,449900.0
2022-06-03,14.899999618530273,15.369999885559082,14.630000114440918,14.880000114440918,571700.0
2022-06-06,15.229999542236328,15.378999710083008,14.390000343322754,14.520000457763672,666400.0
2022-06-07,14.279999732971191,14.970000267028809,14.140000343322754,14.739999771118164,672200.0
2022-06-08,14.649999618530273,15.239999771118164,14.569999694824219,14.739999771118164,654200.0
2022-06-09,14.5600004196167,14.699999809265137,14.239999771118164,14.3100004196167,614600.0
2022-06-10,13.800000190734863,13.984999656677246,13.430000305175781,13.819999694824219,500200.0
2022-06-13,12.9399995803833,13.569999694824219,12.510000228881836,12.649999618530273,573800.0
2022-06-14,12.649999618530273,12.720000267028809,12.0,12.15999984741211,1298200.0
2022-06-15,12.199999809265137,12.84000015258789,12.0600004196167,12.489999771118164,1842200.0
2022-06-16,12.0,12.100000381469727,11.25,11.789999961853027,1240200.0
2022-06-17,11.920000076293945,13.020000457763672,11.84000015258789,12.850000381469727,2160600.0
2022-06-21,13.130000114440918,13.529999732971191,12.880000114440918,12.899999618530273,726400.0
2022-06-22,12.65999984741211,14.449999809265137,12.520000457763672,14.380000114440918,1110600.0
2022-06-23,14.279999732971191,16.540000915527344,14.279999732971191,16.229999542236328,1853300.0
2022-06-24,16.229999542236328,17.290000915527344,15.970000267028809,17.270000457763672,2770400.0
2022-06-27,17.329999923706055,17.399999618530273,16.159000396728516,16.549999237060547,995600.0
2022-06-28,16.59000015258789,16.790000915527344,15.34000015258789,15.399999618530273,1259600.0
2022-06-29,15.380000114440918,15.65999984741211,15.100000381469727,15.520000457763672,762900.0
2022-06-30,15.079999923706055,15.229999542236328,14.4399995803833,14.489999771118164,800200.0
2022-07-01,14.529999732971191,15.430000305175781,14.239999771118164,15.399999618530273,606300.0
2022-07-05,15.319999694824219,16.40999984741211,14.65999984741211,16.309999465942383,798100.0
2022-07-06,16.290000915527344,16.829999923706055,15.850000381469727,16.15999984741211,623400.0
2022-07-07,16.079999923706055,17.31999969482422,15.899999618530273,17.299999237060547,527900.0
2022-07-08,16.719999313354492,17.700000762939453,16.540000915527344,16.780000686645508,727700.0
2022-07-11,16.579999923706055,16.780000686645508,15.710000038146973,16.18000030517578,621500.0
2022-07-12,16.229999542236328,17.420000076293945,15.760000228881836,16.209999084472656,483800.0
2022-07-13,15.670000076293945,16.18000030517578,15.42199993133545,15.770000457763672,419700.0
2022-07-14,15.609999656677246,16.239999771118164,15.40999984741211,15.699999809265137,460800.0
2022-07-15,16.059999465942383,16.3799991607666,15.600000381469727,16.100000381469727,543900.0
2022-07-18,16.530000686645508,16.739999771118164,15.3100004196167,15.319999694824219,502900.0
2022-07-19,15.670000076293945,15.739999771118164,14.9399995803833,15.569999694824219,646400.0
2022-07-20,15.720000267028809,16.489999771118164,15.59000015258789,16.0,790300.0
2022-07-21,16.1299991607666,16.299999237060547,15.8149995803833,16.030000686645508,562500.0
2022-07-22,16.260000228881836,16.420000076293945,15.720000267028809,16.389999389648438,1284000.0
2022-07-25,16.56999969482422,16.780000686645508,16.09000015258789,16.329999923706055,570500.0
2022-07-26,16.40999984741211,16.40999984741211,15.65999984741211,15.699999809265137,497900.0
2022-07-27,16.18000030517578,16.209999084472656,14.960000038146973,15.90999984741211,1569200.0
2022-07-28,16.09000015258789,16.56999969482422,15.40999984741211,16.510000228881836,677400.0
2022-07-29,16.530000686645508,16.8799991607666,16.170000076293945,16.739999771118164,860600.0
2022-08-01,16.420000076293945,17.0,16.209999084472656,16.989999771118164,566700.0
2022-08-02,16.809999465942383,18.200000762939453,16.809999465942383,17.6299991607666,1478900.0
2022-08-03,17.8700008392334,18.299999237060547,17.719999313354492,17.899999618530273,819100.0
2022-08-04,18.149999618530273,18.280000686645508,17.8700008392334,18.270000457763672,891200.0
2022-08-05,13.010000228881836,13.010000228881836,10.949999809265137,11.350000381469727,9065600.0
2022-08-08,11.779999732971191,12.180000305175781,11.0600004196167,11.90999984741211,3787600.0
2022-08-09,11.75,11.989999771118164,11.270000457763672,11.6899995803833,2301700.0
2022-08-10,12.390000343322754,12.640000343322754,12.072999954223633,12.600000381469727,2225800.0
2022-08-11,12.699999809265137,13.119999885559082,12.5600004196167,12.829999923706055,1587100.0
2022-08-12,12.859999656677246,13.569999694824219,12.770000457763672,13.279999732971191,1543200.0
2022-08-15,13.140000343322754,13.609999656677246,12.970000267028809,13.539999961853027,840300.0
2022-08-16,13.289999961853027,13.49899959564209,12.300000190734863,12.710000038146973,1043800.0
2022-08-17,12.40999984741211,12.482999801635742,11.899999618530273,11.930000305175781,751600.0
2022-08-18,11.930000305175781,12.015000343322754,11.600000381469727,11.829999923706055,811300.0
2022-08-19,11.600000381469727,12.050000190734863,11.529999732971191,11.829999923706055,979600.0
2022-08-22,11.84000015258789,12.850000381469727,11.729999542236328,12.520000457763672,1206600.0
2022-08-23,12.529999732971191,12.75,12.34000015258789,12.34000015258789,841400.0
2022-08-24,12.279999732971191,12.755000114440918,12.204999923706055,12.279999732971191,1092500.0
2022-08-25,12.380000114440918,12.59000015258789,12.079999923706055,12.319999694824219,682000.0
2022-08-26,12.220000267028809,12.4399995803833,12.020000457763672,12.039999961853027,803600.0
2022-08-29,11.779999732971191,12.109999656677246,11.625,11.829999923706055,1689500.0
2022-08-30,12.0,12.40999984741211,11.380000114440918,11.520000457763672,1706400.0
2022-08-31,11.859999656677246,12.109999656677246,11.657999992370605,12.0,1754100.0
2022-09-01,11.850000381469727,11.850000381469727,11.359999656677246,11.779999732971191,890100.0
2022-09-02,11.890000343322754,11.890000343322754,11.229999542236328,11.479999542236328,1296000.0
2022-09-06,11.529999732971191,11.614999771118164,11.135000228881836,11.180000305175781,955400.0
2022-09-07,11.220000267028809,11.220000267028809,10.720000267028809,10.970000267028809,1294700.0
2022-09-08,10.779999732971191,11.319999694824219,10.760000228881836,11.140000343322754,1940200.0
2022-09-09,11.640000343322754,11.829999923706055,11.479999542236328,11.539999961853027,1472700.0
2022-09-12,11.539999961853027,11.579999923706055,11.270000457763672,11.520000457763672,995800.0
2022-09-13,10.5600004196167,10.979999542236328,10.210000038146973,10.720000267028809,1571800.0
2022-09-14,10.75,11.180000305175781,10.524999618530273,11.170000076293945,818900.0
2022-09-15,10.989999771118164,11.359999656677246,10.781000137329102,10.930000305175781,845900.0
2022-09-16,10.699999809265137,10.699999809265137,10.300000190734863,10.319999694824219,1271500.0
2022-09-19,10.210000038146973,10.300000190734863,9.890000343322754,10.25,989500.0
2022-09-20,10.210000038146973,10.319999694824219,10.020000457763672,10.140000343322754,631700.0
2022-09-21,10.109999656677246,10.404999732971191,9.914999961853027,10.039999961853027,1510900.0
2022-09-22,9.960000038146973,10.0649995803833,9.109999656677246,9.300000190734863,1252500.0
2022-09-23,9.1899995803833,9.390000343322754,9.029999732971191,9.34000015258789,823700.0
2022-09-26,9.430000305175781,9.975000381469727,9.388999938964844,9.649999618530273,1078600.0
2022-09-27,9.819999694824219,10.15999984741211,9.760000228881836,10.0,701000.0
2022-09-28,10.170000076293945,10.520000457763672,9.979999542236328,10.470000267028809,690400.0
2022-09-29,10.239999771118164,10.350000381469727,9.899999618530273,10.170000076293945,735500.0
2022-09-30,10.130000114440918,10.5600004196167,9.6899995803833,9.699999809265137,1066800.0
2022-10-03,9.8100004196167,10.369999885559082,9.520000457763672,10.260000228881836,973300.0
2022-10-04,10.529999732971191,11.0600004196167,10.529999732971191,10.670000076293945,831300.0
2022-10-05,10.3100004196167,10.640000343322754,10.220000267028809,10.59000015258789,502800.0
2022-10-06,10.630000114440918,10.770000457763672,10.119999885559082,10.170000076293945,476000.0
2022-10-07,9.979999542236328,10.069999694824219,9.449999809265137,9.489999771118164,593200.0
2022-10-10,9.4350004196167,9.550000190734863,9.020000457763672,9.380000114440918,654100.0
2022-10-11,9.305000305175781,9.350000381469727,8.760000228881836,9.029999732971191,707200.0
2022-10-12,9.0,9.1850004196167,8.770000457763672,8.970000267028809,568400.0
2022-10-13,8.5600004196167,9.130000114440918,8.479999542236328,9.050000190734863,580400.0
2022-10-14,9.149999618530273,9.289999961853027,8.600000381469727,8.630000114440918,577900.0
2022-10-17,8.859999656677246,9.270000457763672,8.829999923706055,9.210000038146973,622000.0
2022-10-18,9.449999809265137,9.779999732971191,9.15999984741211,9.239999771118164,687400.0
2022-10-19,9.199999809265137,9.520000457763672,9.100000381469727,9.260000228881836,413300.0
2022-10-20,9.25,9.609999656677246,9.149999618530273,9.210000038146973,557700.0
2022-10-21,9.180000305175781,9.180000305175781,8.480999946594238,8.699999809265137,882200.0
2022-10-24,8.75,8.904999732971191,8.359999656677246,8.779999732971191,672200.0
2022-10-25,8.039999961853027,9.039999961853027,8.039999961853027,9.029999732971191,1100000.0
2022-10-26,9.079999923706055,9.850000381469727,8.90999984741211,9.25,642700.0
2022-10-27,9.4399995803833,9.4399995803833,8.970000267028809,9.010000228881836,522300.0
2022-10-28,9.0600004196167,9.244999885559082,8.970000267028809,9.149999618530273,612700.0
2022-10-31,8.989999771118164,9.220000267028809,8.789999961853027,8.819999694824219,593700.0
2022-11-01,9.220000267028809,9.239999771118164,8.899999618530273,9.039999961853027,968100.0
2022-11-02,8.989999771118164,9.029999732971191,8.109999656677246,8.140000343322754,1261000.0
2022-11-03,8.09000015258789,8.210000038146973,6.96999979019165,7.25,2187000.0
2022-11-04,7.25,7.409999847412109,6.840000152587891,7.059999942779541,1849900.0
2022-11-07,7.139999866485596,7.190000057220459,6.630000114440918,6.869999885559082,1334300.0
2022-11-08,6.860000133514404,6.929999828338623,6.400000095367432,6.46999979019165,1784300.0
2022-11-09,8.539999961853027,8.59000015258789,7.809999942779541,7.980000019073486,3638200.0
2022-11-10,8.579999923706055,9.307999610900879,8.489999771118164,9.140000343322754,2517400.0
2022-11-11,9.140000343322754,10.489999771118164,9.09000015258789,9.819999694824219,2248500.0
2022-11-14,10.479999542236328,10.819999694824219,9.789999961853027,9.819999694824219,1772700.0
2022-11-15,10.199999809265137,10.960000038146973,9.90999984741211,10.920000076293945,1358100.0
2022-11-16,10.800000190734863,10.90999984741211,9.800000190734863,10.119999885559082,863800.0
2022-11-17,9.869999885559082,9.970000267028809,9.770000457763672,9.8100004196167,733600.0
2022-11-18,10.069999694824219,10.119999885559082,9.569999694824219,9.789999961853027,510900.0
2022-11-21,9.729999542236328,9.729999542236328,9.09000015258789,9.220000267028809,671500.0
2022-11-22,9.399999618530273,9.420000076293945,8.960000038146973,9.369999885559082,493400.0
2022-11-23,9.390000343322754,10.029999732971191,9.234999656677246,9.979999542236328,516900.0
2022-11-25,9.949999809265137,10.029999732971191,9.539999961853027,9.779999732971191,258800.0
2022-11-28,9.739999771118164,9.890000343322754,9.239999771118164,9.260000228881836,369500.0
2022-11-29,9.319999694824219,9.729999542236328,9.140000343322754,9.630000114440918,428800.0
2022-11-30,9.720000267028809,10.489999771118164,9.680000305175781,10.479999542236328,872100.0
2022-12-01,10.5,10.800000190734863,10.449999809265137,10.640000343322754,809500.0
2022-12-02,10.5,10.880000114440918,10.369999885559082,10.65999984741211,358700.0
2022-12-05,10.520000457763672,10.960000038146973,10.270000457763672,10.84000015258789,602900.0
2022-12-06,10.579999923706055,10.585000038146973,9.9399995803833,10.029999732971191,565700.0
2022-12-07,10.039999961853027,10.75,10.039999961853027,10.699999809265137,684400.0
2022-12-08,10.760000228881836,11.029999732971191,10.539999961853027,10.9399995803833,509400.0
2022-12-09,10.869999885559082,11.159000396728516,10.739999771118164,10.890000343322754,334600.0
2022-12-12,10.930000305175781,10.930000305175781,10.470000267028809,10.600000381469727,555100.0
2022-12-13,11.3100004196167,11.635000228881836,10.925000190734863,11.319999694824219,774700.0
2022-12-14,11.270000457763672,11.399999618530273,10.975000381469727,11.1899995803833,386100.0
2022-12-15,11.039999961853027,11.109999656677246,10.520000457763672,10.579999923706055,324400.0
2022-12-16,10.329999923706055,10.859999656677246,10.095000267028809,10.789999961853027,1284400.0
2022-12-19,10.710000038146973,10.8100004196167,10.180000305175781,10.34000015258789,521900.0
2022-12-20,10.170000076293945,10.5600004196167,9.979999542236328,10.430000305175781,499700.0
2022-12-21,10.550000190734863,10.75,10.430000305175781,10.699999809265137,433900.0
2022-12-22,10.5600004196167,10.630000114440918,10.029999732971191,10.399999618530273,320600.0
2022-12-23,10.329999923706055,10.369999885559082,10.039999961853027,10.300000190734863,257900.0
2022-12-27,10.229999542236328,10.229999542236328,9.84000015258789,9.90999984741211,293400.0
2022-12-28,9.890000343322754,10.069999694824219,9.760000228881836,9.920000076293945,310000.0
2022-12-29,10.050000190734863,10.604999542236328,10.0,10.539999961853027,379400.0
2022-12-30,10.3100004196167,10.670000076293945,10.130000114440918,10.630000114440918,399300.0
2023-01-03,10.239999771118164,10.84000015258789,10.199999809265137,10.390000343322754,832900.0
2023-01-04,10.569999694824219,10.949999809265137,10.199999809265137,10.84000015258789,895300.0
2023-01-05,10.649999618530273,10.649999618530273,10.109999656677246,10.229999542236328,410700.0
2023-01-06,10.109999656677246,10.960000038146973,9.899999618530273,10.789999961853027,680400.0
2023-01-09,10.90999984741211,11.109999656677246,10.390000343322754,10.479999542236328,345500.0
2023-01-10,10.390000343322754,11.09000015258789,10.390000343322754,10.6899995803833,349100.0
2023-01-11,11.050000190734863,11.414999961853027,10.970000267028809,11.319999694824219,481900.0
2023-01-12,11.34000015258789,11.899999618530273,10.930000305175781,11.789999961853027,790000.0
2023-01-13,11.630000114440918,12.1899995803833,11.630000114440918,12.119999885559082,427800.0
2023-01-17,12.119999885559082,12.6899995803833,11.949999809265137,12.65999984741211,827800.0
2023-01-18,12.829999923706055,13.170000076293945,12.3149995803833,12.4399995803833,863800.0
2023-01-19,12.1899995803833,12.800000190734863,11.6899995803833,12.729999542236328,946800.0
2023-01-20,12.979999542236328,13.09000015258789,12.529999732971191,12.890000343322754,778700.0
2023-01-23,12.859999656677246,13.470000267028809,12.609999656677246,13.380000114440918,672800.0
2023-01-24,13.25,13.550000190734863,12.84000015258789,13.149999618530273,694800.0
2023-01-25,12.8100004196167,13.300000190734863,12.569999694824219,12.970000267028809,809900.0
2023-01-26,13.3100004196167,13.8100004196167,13.180000305175781,13.640000343322754,941800.0
2023-01-27,13.5,14.0,13.069999694824219,13.699999809265137,910400.0
2023-01-30,13.430000305175781,13.829999923706055,13.380000114440918,13.470000267028809,678400.0
2023-01-31,13.510000228881836,14.234999656677246,13.5,13.899999618530273,515100.0
2023-02-01,13.90999984741211,14.069999694824219,13.234999656677246,13.819999694824219,1005000.0
2023-02-02,14.210000038146973,14.946000099182129,14.140000343322754,14.760000228881836,1174400.0
2023-02-03,14.670000076293945,14.982999801635742,14.460000038146973,14.550000190734863,552400.0
2023-02-06,14.329999923706055,14.399999618530273,14.029999732971191,14.220000267028809,349400.0
2023-02-07,14.199999809265137,14.75,13.84000015258789,14.640000343322754,316600.0
2023-02-08,14.539999961853027,14.720000267028809,14.220000267028809,14.420000076293945,442900.0
2023-02-09,14.5600004196167,14.850000381469727,14.069999694824219,14.100000381469727,422000.0
2023-02-10,13.84000015258789,14.1899995803833,13.789999961853027,13.880000114440918,285500.0
2023-02-13,13.930000305175781,14.260000228881836,13.75,13.949999809265137,708100.0
2023-02-14,13.850000381469727,14.170000076293945,13.529999732971191,14.0,455000.0
2023-02-15,13.819999694824219,14.59000015258789,13.8100004196167,14.4399995803833,618100.0
2023-02-16,14.079999923706055,14.390000343322754,13.850000381469727,13.920000076293945,795600.0
2023-02-17,13.949999809265137,13.949999809265137,13.270000457763672,13.520000457763672,381600.0
2023-02-21,13.010000228881836,13.369999885559082,12.954999923706055,13.029999732971191,434300.0
2023-02-22,13.029999732971191,13.59000015258789,12.960000038146973,13.510000228881836,480600.0
2023-02-23,13.6899995803833,13.84000015258789,13.119999885559082,13.729999542236328,596700.0
2023-02-24,13.34000015258789,13.710000038146973,13.262999534606934,13.479999542236328,494300.0
2023-02-27,13.729999542236328,13.729999542236328,13.140000343322754,13.350000381469727,537800.0
2023-02-28,13.329999923706055,14.119999885559082,13.25,13.960000038146973,1072400.0
2023-03-01,14.800000190734863,15.869999885559082,13.949999809265137,14.319999694824219,1214200.0
2023-03-02,14.270000457763672,14.270000457763672,13.5600004196167,13.84000015258789,574500.0
2023-03-03,13.930000305175781,14.6899995803833,13.710000038146973,14.130000114440918,498600.0
2023-03-06,14.100000381469727,14.3100004196167,13.4350004196167,13.470000267028809,322200.0
2023-03-07,13.609999656677246,13.800000190734863,13.305000305175781,13.359999656677246,399000.0
2023-03-08,13.449999809265137,13.449999809265137,12.989999771118164,13.210000038146973,409100.0
2023-03-09,13.279999732971191,13.515000343322754,12.489999771118164,12.5,596100.0
2023-03-10,12.470000267028809,12.505000114440918,11.40999984741211,11.770000457763672,637600.0
2023-03-13,11.350000381469727,11.920000076293945,11.210000038146973,11.640000343322754,616500.0
2023-03-14,12.039999961853027,12.130000114440918,11.65999984741211,11.819999694824219,373100.0
2023-03-15,11.520000457763672,12.050000190734863,11.29800033569336,11.979999542236328,421800.0
2023-03-16,11.779999732971191,12.239999771118164,11.75,11.890000343322754,338700.0
2023-03-17,11.8100004196167,12.180000305175781,11.359999656677246,11.369999885559082,508500.0
2023-03-20,11.4399995803833,11.510000228881836,11.199999809265137,11.40999984741211,301000.0
2023-03-21,11.5,12.1899995803833,11.4399995803833,12.140000343322754,644500.0
2023-03-22,12.170000076293945,12.279999732971191,11.789999961853027,12.069999694824219,649900.0
2023-03-23,12.199999809265137,12.394000053405762,11.729999542236328,11.899999618530273,689500.0
2023-03-24,11.729999542236328,11.789999961853027,11.380000114440918,11.550000190734863,369000.0
2023-03-27,11.65999984741211,11.869999885559082,11.430000305175781,11.5,289100.0
2023-03-28,11.369999885559082,11.444999694824219,11.154999732971191,11.260000228881836,299500.0
2023-03-29,11.510000228881836,11.510000228881836,11.15999984741211,11.3100004196167,516200.0
2023-03-30,11.449999809265137,11.569999694824219,11.260000228881836,11.380000114440918,295300.0
2023-03-31,11.470000267028809,11.880000114440918,11.470000267028809,11.670000076293945,501000.0
2023-04-03,11.109999656677246,11.869999885559082,11.109999656677246,11.869999885559082,368300.0
2023-04-04,12.550000190734863,12.970000267028809,12.229999542236328,12.5,720600.0
2023-04-05,12.369999885559082,12.640000343322754,12.09000015258789,12.420000076293945,463900.0
2023-04-06,12.350000381469727,12.710000038146973,12.079999923706055,12.649999618530273,375600.0
2023-04-10,12.649999618530273,13.130000114440918,12.399999618530273,12.8100004196167,457300.0
2023-04-11,12.75,13.045000076293945,12.614999771118164,12.930000305175781,452600.0
2023-04-12,12.989999771118164,13.079999923706055,12.600000381469727,12.670000076293945,387400.0
2023-04-13,12.710000038146973,13.109999656677246,12.6899995803833,12.8100004196167,639200.0
2023-04-14,12.800000190734863,12.90999984741211,12.470000267028809,12.890000343322754,403200.0
2023-04-17,12.819999694824219,12.954999923706055,12.649999618530273,12.819999694824219,639300.0
2023-04-18,12.899999618530273,13.149999618530273,12.704999923706055,13.09000015258789,732000.0
2023-04-19,12.9399995803833,13.239999771118164,12.699999809265137,12.930000305175781,330200.0
2023-04-20,13.3100004196167,13.34000015258789,12.550000190734863,12.609999656677246,667100.0
2023-04-21,12.600000381469727,13.1899995803833,12.600000381469727,13.119999885559082,261900.0
2023-04-24,13.279999732971191,13.279999732971191,12.920000076293945,13.005000114440918,223900.0
2023-04-25,12.989999771118164,12.989999771118164,12.210000038146973,12.210000038146973,284900.0
2023-04-26,12.399999618530273,12.479999542236328,11.960000038146973,12.0,366400.0
2023-04-27,12.329999923706055,12.329999923706055,12.119999885559082,12.279999732971191,349700.0
2023-04-28,12.34000015258789,12.65999984741211,12.010000228881836,12.600000381469727,365400.0
2023-05-01,12.529999732971191,12.989999771118164,12.369999885559082,12.979999542236328,421100.0
2023-05-02,12.770000457763672,12.789999961853027,12.369999885559082,12.390000343322754,531100.0
2023-05-03,12.460000038146973,12.850000381469727,12.289999961853027,12.5600004196167,340000.0
2023-05-04,12.399999618530273,12.524999618530273,12.079999923706055,12.130000114440918,334200.0
2023-05-05,12.350000381469727,12.380000114440918,12.100000381469727,12.149999618530273,317000.0
2023-05-08,12.029999732971191,12.220000267028809,11.859999656677246,12.15999984741211,275500.0
2023-05-09,12.010000228881836,12.199999809265137,11.920000076293945,11.949999809265137,364100.0
2023-05-10,10.970000267028809,11.026000022888184,9.449999809265137,9.859999656677246,2033300.0
2023-05-11,9.800000190734863,10.208999633789062,9.720000267028809,9.890000343322754,718200.0
2023-05-12,10.140000343322754,10.380000114440918,9.899999618530273,10.359999656677246,795400.0
2023-05-15,10.760000228881836,11.369999885559082,10.699999809265137,11.109999656677246,666700.0
2023-05-16,11.079999923706055,11.199999809265137,10.890000343322754,10.90999984741211,405200.0
2023-05-17,10.920000076293945,10.9350004196167,10.369999885559082,10.8100004196167,398300.0
2023-05-18,10.739999771118164,10.899999618530273,10.34000015258789,10.699999809265137,401500.0
2023-05-19,10.8100004196167,10.949999809265137,10.600000381469727,10.699999809265137,399700.0
2023-05-22,10.699999809265137,11.194999694824219,10.699999809265137,11.170000076293945,388600.0
2023-05-23,11.15999984741211,11.600000381469727,10.90999984741211,11.020000457763672,365100.0
2023-05-24,10.930000305175781,11.15999984741211,10.729999542236328,11.050000190734863,330300.0
2023-05-25,10.960000038146973,10.960000038146973,10.489999771118164,10.75,320400.0
2023-05-26,10.800000190734863,11.15999984741211,10.609999656677246,11.039999961853027,423200.0
2023-05-30,11.109999656677246,11.350000381469727,11.015000343322754,11.130000114440918,260500.0
2023-05-31,11.020000457763672,11.300000190734863,10.970000267028809,11.260000228881836,458100.0
2023-06-01,11.239999771118164,11.375,11.0,11.270000457763672,367600.0
2023-06-02,11.40999984741211,12.020000457763672,11.40999984741211,12.0,387600.0
2023-06-05,11.899999618530273,12.095000267028809,11.65999984741211,11.9399995803833,405400.0
2023-06-06,11.84000015258789,12.300000190734863,11.84000015258789,12.260000228881836,440700.0
2023-06-07,12.34000015258789,12.569999694824219,11.895000457763672,11.920000076293945,273500.0
2023-06-08,11.859999656677246,11.9399995803833,11.515000343322754,11.640000343322754,329100.0
2023-06-09,11.640000343322754,11.800000190734863,11.380000114440918,11.420000076293945,270700.0
2023-06-12,11.4399995803833,11.800000190734863,11.4399995803833,11.779999732971191,272600.0
2023-06-13,11.899999618530273,12.100000381469727,11.760000228881836,11.920000076293945,363000.0
2023-06-14,11.960000038146973,11.970000267028809,11.529999732971191,11.760000228881836,335500.0
2023-06-15,11.710000038146973,12.529999732971191,11.510000228881836,12.430000305175781,541700.0
2023-06-16,12.649999618530273,12.670000076293945,12.119999885559082,12.170000076293945,588000.0
2023-06-20,12.09000015258789,12.449999809265137,11.949999809265137,12.350000381469727,416600.0
2023-06-21,12.260000228881836,12.260000228881836,11.8100004196167,11.819999694824219,346000.0
2023-06-22,11.760000228881836,11.930000305175781,11.529999732971191,11.90999984741211,258200.0
2023-06-23,11.65999984741211,11.914999961853027,11.529999732971191,11.5600004196167,1927400.0
2023-06-26,11.460000038146973,11.579999923706055,11.220000267028809,11.270000457763672,445200.0
2023-06-27,11.300000190734863,11.739999771118164,11.300000190734863,11.720000267028809,280200.0
2023-06-28,11.670000076293945,12.180000305175781,11.60200023651123,12.15999984741211,221300.0
2023-06-29,12.3100004196167,12.4399995803833,12.1899995803833,12.300000190734863,369400.0
2023-06-30,12.420000076293945,12.6899995803833,12.350000381469727,12.5,342900.0
2023-07-03,12.369999885559082,12.734999656677246,12.199999809265137,12.220000267028809,184100.0
2023-07-05,12.140000343322754,12.15999984741211,11.779999732971191,11.789999961853027,455100.0
2023-07-06,11.569999694824219,11.569999694824219,11.039999961853027,11.140000343322754,489800.0
2023-07-07,11.140000343322754,11.619999885559082,11.140000343322754,11.600000381469727,417300.0
2023-07-10,11.729999542236328,12.375,11.600000381469727,12.3100004196167,386600.0
2023-07-11,12.279999732971191,12.494999885559082,12.1899995803833,12.390000343322754,317200.0
2023-07-12,12.510000228881836,12.574999809265137,12.210000038146973,12.40999984741211,218000.0
2023-07-13,12.479999542236328,12.5,12.289999961853027,12.40999984741211,195000.0
2023-07-14,12.380000114440918,12.5,12.199999809265137,12.300000190734863,157400.0
2023-07-17,12.260000228881836,12.585000038146973,12.149999618530273,12.510000228881836,250700.0
2023-07-18,12.489999771118164,12.819999694824219,12.489999771118164,12.630000114440918,251000.0
2023-07-19,12.829999923706055,12.84000015258789,12.5,12.75,310200.0
2023-07-20,12.739999771118164,12.869999885559082,12.461999893188477,12.569999694824219,292400.0
2023-07-21,12.729999542236328,12.965999603271484,12.569999694824219,12.850000381469727,408700.0
2023-07-24,12.84000015258789,12.84000015258789,12.479999542236328,12.75,291400.0
2023-07-25,12.720000267028809,13.069999694824219,12.539999961853027,13.010000228881836,330500.0
2023-07-26,12.970000267028809,13.34000015258789,12.819999694824219,13.329999923706055,284100.0
2023-07-27,13.4399995803833,13.539999961853027,12.989999771118164,13.109999656677246,320200.0
2023-07-28,13.329999923706055,13.680000305175781,13.260000228881836,13.640000343322754,384100.0
2023-07-31,13.84000015258789,14.119999885559082,13.680000305175781,14.029999732971191,335600.0
2023-08-01,13.770000457763672,14.354999542236328,13.770000457763672,14.319999694824219,569300.0
2023-08-02,14.210000038146973,14.369999885559082,13.765000343322754,14.050000190734863,460600.0
2023-08-03,13.890000343322754,14.1899995803833,13.835000038146973,14.109999656677246,287100.0
2023-08-04,14.149999618530273,14.300000190734863,13.800000190734863,13.819999694824219,317100.0
2023-08-07,13.770000457763672,14.0600004196167,13.489999771118164,13.539999961853027,703500.0
2023-08-08,13.260000228881836,13.369999885559082,12.789999961853027,12.949999809265137,769300.0
2023-08-09,13.529999732971191,13.529999732971191,11.90999984741211,12.460000038146973,839500.0
2023-08-10,12.460000038146973,12.720000267028809,12.329999923706055,12.390000343322754,460400.0
2023-08-11,12.300000190734863,12.925000190734863,12.149999618530273,12.859999656677246,345100.0
2023-08-14,12.770000457763672,13.204000473022461,12.5649995803833,12.699999809265137,416400.0
2023-08-15,12.59000015258789,13.069999694824219,12.40999984741211,12.699999809265137,421800.0
2023-08-16,12.680000305175781,12.6899995803833,12.369999885559082,12.380000114440918,290300.0
2023-08-17,12.390000343322754,12.449999809265137,12.020000457763672,12.15999984741211,368700.0
2023-08-18,12.020000457763672,12.211000442504883,11.90999984741211,11.920000076293945,269000.0
2023-08-21,11.90999984741211,12.050000190734863,11.779999732971191,11.829999923706055,264700.0
2023-08-22,11.899999618530273,11.899999618530273,11.640000343322754,11.739999771118164,205000.0
2023-08-23,11.890000343322754,11.914999961853027,11.729999542236328,11.829999923706055,261600.0
2023-08-24,11.829999923706055,11.869999885559082,11.529999732971191,11.770000457763672,689100.0
2023-08-25,11.779999732971191,11.890000343322754,11.550000190734863,11.569999694824219,192600.0
2023-08-28,11.670000076293945,11.850000381469727,11.609999656677246,11.720000267028809,255300.0
2023-08-29,11.550000190734863,11.600000381469727,11.3100004196167,11.34000015258789,468300.0
2023-08-30,11.1899995803833,11.539999961853027,11.170000076293945,11.460000038146973,375600.0
2023-08-31,11.470000267028809,11.75,11.470000267028809,11.6899995803833,306800.0
2023-09-01,11.770000457763672,12.050000190734863,11.6899995803833,11.720000267028809,343500.0
2023-09-05,11.600000381469727,11.729999542236328,11.4399995803833,11.449999809265137,258700.0
2023-09-06,11.420000076293945,11.970000267028809,11.359999656677246,11.90999984741211,296300.0
2023-09-07,11.859999656677246,11.904999732971191,11.65999984741211,11.859999656677246,364900.0
2023-09-08,11.979999542236328,11.979999542236328,11.649999618530273,11.65999984741211,240100.0
2023-09-11,11.699999809265137,11.699999809265137,11.375,11.380000114440918,314400.0
2023-09-12,11.489999771118164,11.489999771118164,11.09000015258789,11.109999656677246,326800.0
2023-09-13,11.039999961853027,11.329999923706055,11.029999732971191,11.1899995803833,518100.0
2023-09-14,11.279999732971191,11.390000343322754,10.984999656677246,11.010000228881836,293300.0
2023-09-15,11.010000228881836,11.0600004196167,10.380000114440918,10.40999984741211,719500.0
2023-09-18,10.369999885559082,10.539999961853027,10.229999542236328,10.4399995803833,408600.0
2023-09-19,10.420000076293945,10.420000076293945,10.0,10.3100004196167,771200.0
2023-09-20,10.350000381469727,10.739999771118164,10.300000190734863,10.609999656677246,444900.0
2023-09-21,10.710000038146973,10.710000038146973,9.859999656677246,9.890000343322754,320200.0
2023-09-22,9.890000343322754,9.895000457763672,9.729999542236328,9.770000457763672,256100.0
2023-09-25,9.739999771118164,10.010000228881836,9.600000381469727,9.84000015258789,450900.0
2023-09-26,9.90999984741211,9.90999984741211,9.260000228881836,9.380000114440918,286000.0
2023-09-27,9.380000114440918,9.479999542236328,9.25,9.350000381469727,265000.0
2023-09-28,9.329999923706055,9.729999542236328,9.260000228881836,9.65999984741211,512400.0
2023-09-29,9.720000267028809,10.135000228881836,9.65999984741211,10.119999885559082,916500.0
2023-10-02,10.039999961853027,10.199999809265137,9.680000305175781,10.15999984741211,611800.0
2023-10-03,10.039999961853027,10.074999809265137,9.5600004196167,9.770000457763672,746500.0
2023-10-04,9.770000457763672,9.930000305175781,9.470000267028809,9.899999618530273,346200.0
2023-10-05,10.010000228881836,10.010000228881836,9.699999809265137,9.720000267028809,454200.0
2023-10-06,9.609999656677246,10.029999732971191,9.529999732971191,9.850000381469727,391100.0
2023-10-09,9.729999542236328,9.8100004196167,9.59000015258789,9.729999542236328,214200.0
2023-10-10,9.710000038146973,9.960000038146973,9.65999984741211,9.850000381469727,198800.0
2023-10-11,9.850000381469727,9.850000381469727,9.170000076293945,9.220000267028809,328100.0
2023-10-12,9.350000381469727,9.350000381469727,8.640000343322754,8.670000076293945,426600.0
2023-10-13,8.670000076293945,8.720000267028809,8.319999694824219,8.350000381469727,613500.0
2023-10-16,8.329999923706055,8.489999771118164,8.270000457763672,8.479999542236328,521500.0
2023-10-17,8.399999618530273,8.779999732971191,8.399999618530273,8.729999542236328,384900.0
2023-10-18,8.630000114440918,8.779999732971191,8.380000114440918,8.4399995803833,286700.0
2023-10-19,8.420000076293945,8.420000076293945,8.140000343322754,8.149999618530273,340200.0
2023-10-20,8.170000076293945,8.170000076293945,7.78000020980835,7.789999961853027,330400.0
2023-10-23,7.739999771118164,7.860000133514404,7.485000133514404,7.559999942779541,472700.0
2023-10-24,7.630000114440918,7.809999942779541,7.570000171661377,7.579999923706055,410000.0
2023-10-25,7.46999979019165,7.480000019073486,7.059999942779541,7.090000152587891,421000.0
2023-10-26,7.090000152587891,7.175000190734863,6.769999980926514,6.78000020980835,443200.0
2023-10-27,6.900000095367432,7.019999980926514,6.679999828338623,6.860000133514404,1045300.0
2023-10-30,7.059999942779541,7.260000228881836,6.867000102996826,7.190000057220459,955000.0
2023-10-31,7.230000019073486,7.639999866485596,7.159999847412109,7.489999771118164,529400.0
2023-11-01,7.480000019073486,7.480000019073486,7.09499979019165,7.230000019073486,524600.0
2023-11-02,7.329999923706055,7.590000152587891,7.230000019073486,7.369999885559082,484300.0
2023-11-03,7.21999979019165,7.769999980926514,7.039999961853027,7.599999904632568,592400.0
2023-11-06,7.610000133514404,7.820000171661377,7.15500020980835,7.239999771118164,741100.0
2023-11-07,7.25,7.360000133514404,7.099999904632568,7.199999809265137,296500.0
2023-11-08,7.25,7.40500020980835,6.96999979019165,7.380000114440918,449400.0
2023-11-09,7.380000114440918,7.380000114440918,6.840000152587891,6.909999847412109,637300.0
2023-11-10,6.960000038146973,7.050000190734863,6.599999904632568,6.710000038146973,597000.0
2023-11-13,6.829999923706055,7.630000114440918,6.829999923706055,7.380000114440918,686600.0
2023-11-14,7.769999980926514,8.369999885559082,7.744999885559082,8.34000015258789,746500.0
2023-11-15,8.25,8.520000457763672,7.989999771118164,8.020000457763672,589000.0
2023-11-16,8.149999618530273,8.149999618530273,7.739999771118164,7.860000133514404,400000.0
2023-11-17,7.960000038146973,8.005000114440918,7.7210001945495605,7.789999961853027,316800.0
2023-11-20,7.78000020980835,7.989999771118164,7.690000057220459,7.75,300700.0
2023-11-21,7.739999771118164,7.849999904632568,7.519999980926514,7.539999961853027,1173400.0
2023-11-22,7.699999809265137,7.840000152587891,7.53000020980835,7.71999979019165,617600.0
2023-11-24,7.71999979019165,7.880000114440918,7.650000095367432,7.650000095367432,123300.0
2023-11-27,7.579999923706055,7.610000133514404,7.420000076293945,7.420000076293945,311700.0
2023-11-28,7.369999885559082,7.550000190734863,7.349999904632568,7.414999961853027,228400.0
2023-11-29,7.510000228881836,7.78000020980835,7.369999885559082,7.389999866485596,418000.0
2023-11-30,7.440000057220459,7.480000019073486,7.159999847412109,7.179999828338623,428700.0
2023-12-01,7.170000076293945,7.670000076293945,7.130000114440918,7.610000133514404,849000.0
2023-12-04,7.389999866485596,7.78000020980835,7.389999866485596,7.710000038146973,351900.0
2023-12-05,7.590000152587891,7.675000190734863,7.400000095367432,7.510000228881836,385000.0
2023-12-06,7.550000190734863,7.954999923706055,7.53000020980835,7.71999979019165,772100.0
2023-12-07,7.710000038146973,7.8979997634887695,7.4720001220703125,7.699999809265137,555600.0
2023-12-08,7.650000095367432,7.855000019073486,7.630000114440918,7.760000228881836,379000.0
2023-12-11,7.659999847412109,7.659999847412109,7.269999980926514,7.289999961853027,490100.0
2023-12-12,7.289999961853027,7.394999980926514,7.130000114440918,7.340000152587891,610800.0
2023-12-13,7.96999979019165,8.260000228881836,7.480000019073486,8.229999542236328,1486800.0
2023-12-14,8.5600004196167,8.9399995803833,8.470000267028809,8.869999885559082,1213300.0
2023-12-15,9.0,9.0,8.539999961853027,8.75,1413800.0
2023-12-18,8.789999961853027,8.899999618530273,8.550000190734863,8.600000381469727,568200.0
2023-12-19,8.6899995803833,9.34000015258789,8.609999656677246,9.319999694824219,776000.0
2023-12-20,9.279999732971191,9.470999717712402,8.989999771118164,9.010000228881836,421900.0
2023-12-21,9.149999618530273,9.470000267028809,9.03499984741211,9.460000038146973,344200.0
2023-12-22,9.569999694824219,9.770000457763672,9.420000076293945,9.569999694824219,427800.0
2023-12-26,9.630000114440918,9.649999618530273,9.425000190734863,9.510000228881836,251800.0
2023-12-27,9.539999961853027,9.649999618530273,9.484999656677246,9.569999694824219,192000.0
2023-12-28,9.5,9.71399974822998,9.5,9.569999694824219,230500.0
2023-12-29,9.510000228881836,9.600000381469727,9.239999771118164,9.260000228881836,324100.0
2024-01-02,9.100000381469727,9.539999961853027,9.029999732971191,9.119999885559082,308300.0
2024-01-03,9.350000381469727,9.550000190734863,9.095000267028809,9.15999984741211,690300.0
2024-01-04,9.180000305175781,9.460000038146973,8.989999771118164,9.220000267028809,396200.0
2024-01-05,9.079999923706055,9.604999542236328,8.949999809265137,9.539999961853027,599600.0
2024-01-08,9.489999771118164,9.859999656677246,9.369999885559082,9.8100004196167,525000.0
2024-01-09,9.75,10.710000038146973,9.579000473022461,10.640000343322754,860800.0
2024-01-10,10.890000343322754,11.244999885559082,10.529999732971191,11.0,717900.0
2024-01-11,10.899999618530273,11.239999771118164,10.645999908447266,11.210000038146973,699100.0
2024-01-12,11.34000015258789,11.40999984741211,10.850000381469727,10.989999771118164,921600.0
2024-01-16,10.800000190734863,11.055000305175781,10.550000190734863,10.850000381469727,882200.0
2024-01-17,10.569999694824219,10.585000038146973,9.930000305175781,10.039999961853027,429400.0
2024-01-18,10.079999923706055,10.079999923706055,9.609999656677246,9.829999923706055,535100.0
2024-01-19,9.84000015258789,9.880000114440918,9.199999809265137,9.229999542236328,498400.0
2024-01-22,9.479999542236328,9.600000381469727,9.270000457763672,9.569999694824219,410500.0
2024-01-23,9.760000228881836,9.770000457763672,9.289999961853027,9.289999961853027,315500.0
2024-01-24,9.670000076293945,9.84000015258789,9.289999961853027,9.470000267028809,383100.0
2024-01-25,9.600000381469727,9.970000267028809,9.460000038146973,9.9399995803833,1424000.0
2024-01-26,10.899999618530273,10.989999771118164,10.130000114440918,10.300000190734863,602600.0
2024-01-29,10.279999732971191,10.779999732971191,10.149999618530273,10.760000228881836,425300.0
2024-01-30,10.680000305175781,10.680000305175781,10.279999732971191,10.279999732971191,286300.0
2024-01-31,10.279999732971191,10.430000305175781,9.694999694824219,9.770000457763672,957700.0
2024-02-01,9.869999885559082,9.970000267028809,9.489999771118164,9.880000114440918,504500.0
2024-02-02,9.760000228881836,10.0,9.710000038146973,9.920000076293945,292100.0
2024-02-05,9.819999694824219,9.88700008392334,9.46500015258789,9.609999656677246,328800.0
2024-02-06,9.65999984741211,10.0600004196167,9.609999656677246,9.9399995803833,282400.0
2024-02-07,9.979999542236328,9.979999542236328,9.640000343322754,9.779999732971191,355200.0
2024-02-08,9.800000190734863,9.930000305175781,9.59000015258789,9.699999809265137,251600.0
2024-02-09,9.720000267028809,10.119999885559082,9.680000305175781,9.800000190734863,337300.0
2024-02-12,9.850000381469727,10.3100004196167,9.850000381469727,10.260000228881836,414700.0
2024-02-13,9.760000228881836,9.960000038146973,9.550000190734863,9.600000381469727,380900.0
2024-02-14,9.819999694824219,9.920000076293945,9.399999618530273,9.449999809265137,1251200.0
2024-02-15,9.550000190734863,10.109999656677246,9.550000190734863,10.029999732971191,501100.0
2024-02-16,9.739999771118164,10.140000343322754,9.680000305175781,9.829999923706055,361900.0
2024-02-20,9.75,9.890000343322754,9.600000381469727,9.710000038146973,352600.0
2024-02-21,9.640000343322754,9.720000267028809,9.050000190734863,9.119999885559082,533300.0
2024-02-22,9.09000015258789,9.244999885559082,8.460000038146973,8.470000267028809,641700.0
2024-02-23,7.659999847412109,8.170000076293945,7.260000228881836,7.78000020980835,1749600.0
2024-02-26,7.730000019073486,8.119999885559082,7.599999904632568,7.71999979019165,828500.0
2024-02-27,7.829999923706055,8.359999656677246,7.599999904632568,8.3100004196167,1318000.0
2024-02-28,8.579999923706055,8.84000015258789,8.050000190734863,8.15999984741211,940100.0
2024-02-29,8.34000015258789,8.649999618530273,8.239999771118164,8.319999694824219,880100.0
2024-03-01,8.350000381469727,8.350000381469727,7.869999885559082,8.0600004196167,938600.0
2024-03-04,8.079999923706055,8.3149995803833,7.949999809265137,8.25,695500.0
2024-03-05,8.180000305175781,8.878000259399414,8.010000228881836,8.649999618530273,1454600.0
2024-03-06,8.880000114440918,9.0,8.619999885559082,8.869999885559082,661600.0
2024-03-07,8.970000267028809,9.100000381469727,8.75,8.90999984741211,399600.0
2024-03-08,9.0,9.199999809265137,8.720000267028809,8.739999771118164,474100.0
2024-03-11,8.670000076293945,8.800000190734863,8.529999732971191,8.579999923706055,416200.0
2024-03-12,8.529999732971191,8.539999961853027,8.140000343322754,8.149999618530273,376400.0
2024-03-13,8.109999656677246,8.300000190734863,8.029999732971191,8.140000343322754,551300.0
2024-03-14,8.100000381469727,8.100000381469727,7.769999980926514,7.800000190734863,675600.0
2024-03-15,7.78000020980835,8.050000190734863,7.670000076293945,7.820000171661377,761800.0
2024-03-18,7.820000171661377,7.889999866485596,7.599999904632568,7.610000133514404,660700.0
2024-03-19,7.599999904632568,8.020000457763672,7.599999904632568,7.920000076293945,609700.0
2024-03-20,7.880000114440918,8.119999885559082,7.715000152587891,8.050000190734863,404000.0
2024-03-21,8.100000381469727,8.229999542236328,7.949999809265137,8.109999656677246,689500.0
2024-03-22,8.079999923706055,8.109999656677246,7.809999942779541,7.809999942779541,595300.0
2024-03-25,7.809999942779541,7.951000213623047,7.460000038146973,7.46999979019165,378600.0
2024-03-26,7.570000171661377,7.619999885559082,7.440000057220459,7.489999771118164,427300.0
2024-03-27,7.590000152587891,7.590000152587891,7.400000095367432,7.440000057220459,482700.0
2024-03-28,7.46999979019165,7.739999771118164,7.466000080108643,7.53000020980835,539900.0
2024-04-01,7.570000171661377,7.570000171661377,7.269999980926514,7.28000020980835,321600.0
2024-04-02,7.199999809265137,7.269999980926514,6.909999847412109,6.960000038146973,664900.0
2024-04-03,6.900000095367432,6.909999847412109,6.659999847412109,6.690000057220459,459800.0
2024-04-04,6.789999961853027,6.949999809265137,6.650000095367432,6.670000076293945,464000.0
2024-04-05,6.590000152587891,6.739999771118164,6.519999980926514,6.579999923706055,676700.0
2024-04-08,6.670000076293945,6.71999979019165,6.53000020980835,6.599999904632568,518000.0
2024-04-09,6.610000133514404,6.894999980926514,6.550000190734863,6.679999828338623,863100.0
2024-04-10,6.269999980926514,6.420000076293945,6.059999942779541,6.230000019073486,1066000.0
2024-04-11,6.320000171661377,6.409999847412109,6.210000038146973,6.400000095367432,461600.0
2024-04-12,6.329999923706055,6.380000114440918,5.989999771118164,6.090000152587891,370900.0
2024-04-15,6.110000133514404,6.114999771118164,5.639999866485596,5.670000076293945,1080700.0
2024-04-16,5.610000133514404,5.670000076293945,5.510000228881836,5.53000020980835,516800.0
2024-04-17,5.559999942779541,5.730000019073486,5.514999866485596,5.625,585300.0
2024-04-18,5.610000133514404,5.809999942779541,5.534999847412109,5.695000171661377,465600.0
2024-04-19,5.650000095367432,5.679999828338623,5.510000228881836,5.579999923706055,563700.0
2024-04-22,5.639999866485596,5.840000152587891,5.489999771118164,5.559999942779541,601300.0
2024-04-23,5.510000228881836,5.690000057220459,5.445000171661377,5.599999904632568,493200.0
2024-04-24,5.699999809265137,6.059999942779541,5.570000171661377,6.03000020980835,781600.0
2024-04-25,5.949999809265137,5.949999809265137,5.550000190734863,5.599999904632568,699300.0
2024-04-26,5.610000133514404,6.070000171661377,5.53000020980835,6.03000020980835,692600.0
2024-04-29,6.070000171661377,6.369999885559082,6.070000171661377,6.340000152587891,926100.0
2024-04-30,6.239999771118164,6.480000019073486,6.119999885559082,6.21999979019165,1021400.0
2024-05-01,6.230000019073486,6.460000038146973,6.170000076293945,6.309999942779541,419300.0
2024-05-02,6.429999828338623,6.619999885559082,6.159999847412109,6.539999961853027,814400.0
2024-05-03,6.670000076293945,6.800000190734863,6.360000133514404,6.480000019073486,350500.0
2024-05-06,6.570000171661377,7.0,6.489999771118164,6.949999809265137,775300.0
2024-05-07,6.949999809265137,6.965000152587891,6.570000171661377,6.78000020980835,641100.0
2024-05-08,6.659999847412109,6.679999828338623,6.369999885559082,6.650000095367432,959300.0
2024-05-09,6.659999847412109,6.734000205993652,6.400000095367432,6.670000076293945,1194800.0
2024-05-10,6.380000114440918,7.110000133514404,6.199999809265137,6.409999847412109,1206700.0
2024-05-13,6.539999961853027,6.909999847412109,6.474999904632568,6.789999961853027,742000.0
2024-05-14,6.900000095367432,7.190000057220459,6.670000076293945,6.840000152587891,786600.0
2024-05-15,7.0,7.070000171661377,6.630000114440918,6.78000020980835,514800.0
2024-05-16,6.760000228881836,7.059999942779541,6.71999979019165,7.03000020980835,519600.0
2024-05-17,7.0,7.079999923706055,6.840000152587891,6.949999809265137,473800.0
2024-05-20,6.869999885559082,7.010000228881836,6.829999923706055,6.914999961853027,567000.0
2024-05-21,6.880000114440918,6.880000114440918,6.690000057220459,6.769999980926514,327200.0
2024-05-22,6.710000038146973,6.900000095367432,6.610000133514404,6.849999904632568,364400.0
2024-05-23,6.900000095367432,6.900000095367432,6.550000190734863,6.650000095367432,357100.0
2024-05-24,6.690000057220459,6.821000099182129,6.5,6.730000019073486,468800.0
2024-05-28,6.809999942779541,6.929999828338623,6.650000095367432,6.829999923706055,290800.0
2024-05-29,6.630000114440918,6.730000019073486,6.480000019073486,6.539999961853027,360000.0
2024-05-30,6.639999866485596,6.659999847412109,6.489999771118164,6.510000228881836,380900.0
2024-05-31,6.610000133514404,6.650000095367432,6.409999847412109,6.630000114440918,1898300.0
2024-06-03,6.769999980926514,6.769999980926514,6.380000114440918,6.429999828338623,676700.0
2024-06-04,6.369999885559082,6.639999866485596,6.320000171661377,6.630000114440918,440600.0
2024-06-05,6.650000095367432,6.730000019073486,6.474999904632568,6.699999809265137,571300.0
2024-06-06,6.650000095367432,6.920000076293945,6.590000152587891,6.619999885559082,393500.0
2024-06-07,6.519999980926514,6.800000190734863,6.434999942779541,6.5,325800.0
2024-06-10,6.440000057220459,6.699999809265137,6.440000057220459,6.679999828338623,297900.0
2024-06-11,6.570000171661377,6.599999904632568,6.460000038146973,6.539999961853027,273800.0
2024-06-12,6.829999923706055,7.079999923706055,6.670000076293945,6.679999828338623,363600.0
2024-06-13,6.619999885559082,6.75,6.170000076293945,6.320000171661377,446900.0
2024-06-14,6.179999828338623,6.46999979019165,6.159999847412109,6.460000038146973,344700.0
2024-06-17,6.380000114440918,6.489999771118164,6.25,6.420000076293945,382100.0
2024-06-18,6.400000095367432,6.480000019073486,6.320000171661377,6.340000152587891,315300.0
2024-06-20,6.289999961853027,6.289999961853027,5.949999809265137,6.039999961853027,286400.0
2024-06-21,6.059999942779541,6.255000114440918,5.96999979019165,6.130000114440918,479100.0
2024-06-24,6.139999866485596,6.360000133514404,6.019999980926514,6.050000190734863,298900.0
2024-06-25,6.03000020980835,6.09499979019165,5.925000190734863,6.050000190734863,260700.0
2024-06-26,5.989999771118164,6.119999885559082,5.960000038146973,6.099999904632568,328500.0
2024-06-27,6.119999885559082,6.170000076293945,6.0,6.050000190734863,326800.0
2024-06-28,6.099999904632568,6.480000019073486,6.0,6.389999866485596,2475300.0
2024-07-01,6.320000171661377,6.5,5.994999885559082,6.070000171661377,870100.0
2024-07-02,6.090000152587891,6.150000095367432,6.0,6.099999904632568,438300.0
2024-07-03,6.110000133514404,6.239999771118164,6.0,6.179999828338623,172000.0
2024-07-05,6.179999828338623,6.349999904632568,6.150000095367432,6.190000057220459,336000.0
2024-07-08,6.21999979019165,6.28000020980835,6.090000152587891,6.21999979019165,308800.0
2024-07-09,6.150000095367432,6.25,6.054999828338623,6.139999866485596,379400.0
2024-07-10,6.179999828338623,6.179999828338623,5.75,5.860000133514404,447500.0
2024-07-11,5.940000057220459,6.519999980926514,5.940000057220459,6.360000133514404,603300.0
2024-07-12,6.440000057220459,6.639999866485596,6.190000057220459,6.46999979019165,581000.0
2024-07-15,6.510000228881836,6.699999809265137,6.380000114440918,6.510000228881836,456800.0
2024-07-16,6.599999904632568,7.389999866485596,6.539999961853027,7.349999904632568,811000.0
2024-07-17,6.929999828338623,7.510000228881836,6.889999866485596,7.320000171661377,858100.0
2024-07-18,7.21999979019165,7.440000057220459,6.840000152587891,6.940000057220459,513700.0
2024-07-19,6.960000038146973,7.5,6.960000038146973,7.260000228881836,513700.0
2024-07-22,7.190000057220459,7.431000232696533,7.050000190734863,7.389999866485596,459100.0
2024-07-23,7.360000133514404,7.818999767303467,7.320000171661377,7.769999980926514,471900.0
2024-07-24,7.699999809265137,7.809999942779541,7.550000190734863,7.619999885559082,426600.0
2024-07-25,7.510000228881836,8.039999961853027,7.460000038146973,7.789999961853027,607900.0
2024-07-26,7.96999979019165,8.130000114440918,7.619999885559082,7.730000019073486,345200.0
2024-07-29,7.730000019073486,7.920000076293945,7.550000190734863,7.690000057220459,204800.0
2024-07-30,7.71999979019165,7.869999885559082,7.534999847412109,7.630000114440918,199700.0
2024-07-31,7.670000076293945,7.699999809265137,7.300000190734863,7.369999885559082,415300.0
2024-08-01,7.400000095367432,7.485000133514404,7.050000190734863,7.110000133514404,390000.0
2024-08-02,7.03000020980835,7.079999923706055,6.679999828338623,6.710000038146973,322800.0
2024-08-05,6.28000020980835,6.320000171661377,5.974999904632568,6.019999980926514,515700.0
2024-08-06,6.070000171661377,6.179999828338623,5.920000076293945,5.929999828338623,570000.0
2024-08-07,6.159999847412109,6.159999847412109,5.420000076293945,5.480000019073486,818700.0
2024-08-08,6.5,7.849999904632568,6.460000038146973,7.550000190734863,2666600.0
2024-08-09,7.489999771118164,7.599999904632568,6.340000152587891,6.650000095367432,741900.0
2024-08-12,6.71999979019165,6.75,6.289999961853027,6.360000133514404,564700.0
2024-08-13,6.429999828338623,6.590000152587891,6.239999771118164,6.449999809265137,636200.0
2024-08-14,6.46999979019165,6.659999847412109,6.21999979019165,6.320000171661377,296900.0
2024-08-15,6.570000171661377,6.789999961853027,6.380000114440918,6.769999980926514,437100.0
2024-08-16,6.730000019073486,6.880000114440918,6.5,6.755000114440918,556800.0
2024-08-19,6.809999942779541,6.880000114440918,6.650000095367432,6.840000152587891,280500.0
2024-08-20,6.840000152587891,7.059999942779541,6.741000175476074,7.050000190734863,447900.0
2024-08-21,7.159999847412109,7.260000228881836,6.889999866485596,7.150000095367432,306400.0
2024-08-22,7.170000076293945,7.170000076293945,6.980000019073486,7.059999942779541,383600.0
2024-08-23,7.150000095367432,7.539999961853027,6.980000019073486,7.269999980926514,526500.0
2024-08-26,7.389999866485596,7.389999866485596,7.079999923706055,7.159999847412109,432600.0
2024-08-27,7.130000114440918,7.145999908447266,6.889999866485596,6.909999847412109,227900.0
2024-08-28,6.860000133514404,6.889999866485596,6.71999979019165,6.820000171661377,391600.0
2024-08-29,6.889999866485596,7.0,6.75,6.920000076293945,281300.0
2024-08-30,7.0,7.210000038146973,6.839000225067139,7.190000057220459,318100.0
2024-09-03,7.019999980926514,7.431000232696533,7.019999980926514,7.25,587300.0
2024-09-04,7.389999866485596,7.860000133514404,7.269999980926514,7.539999961853027,773100.0
2024-09-05,7.489999771118164,7.60699987411499,7.190000057220459,7.380000114440918,518200.0
2024-09-06,7.340000152587891,7.53000020980835,7.244999885559082,7.289999961853027,452000.0
2024-09-09,7.239999771118164,7.539999961853027,7.119999885559082,7.480000019073486,475700.0
2024-09-10,7.539999961853027,7.869999885559082,7.360000133514404,7.849999904632568,535000.0
2024-09-11,7.739999771118164,8.050000190734863,7.690999984741211,7.949999809265137,456800.0
2024-09-12,8.050000190734863,8.244999885559082,7.739999771118164,8.020000457763672,345700.0
2024-09-13,8.119999885559082,8.5,8.050000190734863,8.4399995803833,579200.0
2024-09-16,8.430000305175781,8.770000457763672,8.369999885559082,8.520000457763672,585700.0
2024-09-17,8.630000114440918,8.895000457763672,8.494999885559082,8.699999809265137,728500.0
2024-09-18,8.609999656677246,8.970000267028809,8.350000381469727,8.739999771118164,601100.0
2024-09-19,9.0,9.109999656677246,8.710000038146973,8.829999923706055,448400.0
2024-09-20,8.800000190734863,8.949999809265137,8.491999626159668,8.6899995803833,908500.0
2024-09-23,8.65999984741211,8.65999984741211,8.0600004196167,8.199999809265137,459300.0
2024-09-24,8.289999961853027,8.289999961853027,7.800000190734863,8.079999923706055,890200.0
2024-09-25,8.109999656677246,8.390000343322754,7.96999979019165,8.229999542236328,494700.0
2024-09-26,8.359999656677246,8.420000076293945,8.109999656677246,8.390000343322754,724400.0
2024-09-27,8.539999961853027,8.630000114440918,8.25,8.3100004196167,223000.0
2024-09-30,8.270000457763672,8.479999542236328,8.125,8.140000343322754,285400.0
2024-10-01,8.130000114440918,8.130000114440918,7.900000095367432,8.050000190734863,307200.0
2024-10-02,8.119999885559082,8.15999984741211,7.78000020980835,7.900000095367432,209800.0
2024-10-03,7.820000171661377,7.954999923706055,7.599999904632568,7.630000114440918,187000.0
2024-10-04,7.829999923706055,7.849999904632568,7.59499979019165,7.699999809265137,266900.0
2024-10-07,7.659999847412109,7.775000095367432,7.460000038146973,7.619999885559082,279600.0
2024-10-08,7.769999980926514,8.079999923706055,7.715000152587891,7.829999923706055,287300.0
2024-10-09,7.809999942779541,7.949999809265137,7.650000095367432,7.909999847412109,311400.0
2024-10-10,7.800000190734863,7.914999961853027,7.65500020980835,7.849999904632568,266500.0
2024-10-11,7.840000152587891,8.149999618530273,7.809999942779541,8.140000343322754,273700.0
2024-10-14,8.170000076293945,8.28499984741211,8.039999961853027,8.229999542236328,286300.0
2024-10-15,8.15999984741211,8.64799976348877,8.130000114440918,8.520000457763672,678500.0
2024-10-16,8.600000381469727,8.819999694824219,8.432999610900879,8.720000267028809,517400.0
2024-10-17,8.699999809265137,8.789999961853027,8.489999771118164,8.649999618530273,227800.0
2024-10-18,8.65999984741211,8.699999809265137,8.430000305175781,8.65999984741211,299200.0
2024-10-21,8.640000343322754,8.664999961853027,8.204999923706055,8.600000381469727,665400.0
2024-10-22,8.600000381469727,9.005000114440918,8.529999732971191,8.630000114440918,1170000.0
2024-10-23,8.649999618530273,8.8100004196167,8.020000457763672,8.079999923706055,550900.0
2024-10-24,8.119999885559082,8.210000038146973,7.769999980926514,7.78000020980835,697700.0
2024-10-25,7.78000020980835,7.840000152587891,7.630000114440918,7.659999847412109,367400.0
2024-10-28,7.679999828338623,8.109999656677246,7.650000095367432,7.929999828338623,429200.0
2024-10-29,7.920000076293945,8.029999732971191,7.789999961853027,7.909999847412109,323100.0
2024-10-30,7.869999885559082,8.050000190734863,7.809999942779541,8.039999961853027,327800.0
2024-10-31,8.020000457763672,8.020000457763672,7.730000019073486,7.769999980926514,720300.0
2024-11-01,7.849999904632568,7.980000019073486,7.639999866485596,7.699999809265137,388800.0
2024-11-04,7.639999866485596,7.829999923706055,7.519999980926514,7.679999828338623,503400.0
2024-11-05,7.610000133514404,7.909999847412109,7.409999847412109,7.760000228881836,404000.0
2024-11-06,8.359999656677246,8.600000381469727,8.109999656677246,8.25,619800.0
2024-11-07,7.789999961853027,9.039999961853027,7.610000133514404,8.859999656677246,820100.0
2024-11-08,8.819999694824219,9.020000457763672,8.229999542236328,8.239999771118164,674600.0
2024-11-11,8.3100004196167,8.600000381469727,8.0600004196167,8.319999694824219,592600.0
2024-11-12,8.220000267028809,8.645000457763672,7.909999847412109,8.130000114440918,543600.0
2024-11-13,8.390000343322754,8.880000114440918,8.170000076293945,8.65999984741211,481500.0
2024-11-14,8.619999885559082,8.734999656677246,8.425000190734863,8.449999809265137,388900.0
2024-11-15,8.5,8.59000015258789,7.630000114440918,7.650000095367432,735500.0
2024-11-18,7.639999866485596,7.795000076293945,7.320000171661377,7.53000020980835,524700.0
2024-11-19,7.369999885559082,7.590000152587891,7.308000087738037,7.539999961853027,315900.0
2024-11-20,7.489999771118164,7.5,7.199999809265137,7.360000133514404,472400.0
2024-11-21,7.420000076293945,7.679999828338623,7.309999942779541,7.659999847412109,653400.0
2024-11-22,7.679999828338623,8.25,7.664999961853027,8.130000114440918,492200.0
2024-11-25,8.289999961853027,8.604999542236328,8.239999771118164,8.520000457763672,555100.0
2024-11-26,8.59000015258789,8.765000343322754,8.444999694824219,8.5,434200.0
2024-11-27,8.520000457763672,8.829999923706055,8.520000457763672,8.649999618530273,470200.0
2024-11-29,8.720000267028809,8.960000038146973,8.670999526977539,8.829999923706055,241700.0
2024-12-02,8.739999771118164,9.239999771118164,8.649999618530273,9.020000457763672,946200.0
2024-12-03,8.90999984741211,8.90999984741211,7.929999828338623,7.940000057220459,669900.0
2024-12-04,7.920000076293945,7.989999771118164,7.489999771118164,7.929999828338623,1292500.0
2024-12-05,7.880000114440918,8.84000015258789,7.789999961853027,8.25,931700.0
2024-12-06,8.329999923706055,8.574999809265137,8.210000038146973,8.350000381469727,565100.0
2024-12-09,8.4399995803833,8.739999771118164,8.335000038146973,8.34000015258789,474200.0
2024-12-10,8.40999984741211,8.520000457763672,8.170000076293945,8.369999885559082,393600.0
2024-12-11,8.4399995803833,8.5,8.180000305175781,8.359999656677246,311400.0
2024-12-12,8.300000190734863,8.5,8.0,8.010000228881836,370700.0
2024-12-13,8.010000228881836,8.095999717712402,7.75,7.989999771118164,421000.0
2024-12-16,7.949999809265137,8.0,7.760000228881836,7.849999904632568,501700.0
2024-12-17,7.800000190734863,7.929999828338623,7.579999923706055,7.650000095367432,337000.0
2024-12-18,7.650000095367432,8.0,7.139999866485596,7.269999980926514,581400.0
2024-12-19,7.449999809265137,7.449999809265137,6.960000038146973,6.96999979019165,836100.0
2024-12-20,6.840000152587891,7.25,6.75,7.090000152587891,937600.0
2024-12-23,7.059999942779541,7.139999866485596,6.849999904632568,6.940000057220459,462600.0
2024-12-24,6.909999847412109,6.965000152587891,6.78000020980835,6.900000095367432,185700.0
2024-12-26,6.849999904632568,7.099999904632568,6.800000190734863,7.090000152587891,601700.0
2024-12-27,7.050000190734863,7.199999809265137,6.775000095367432,7.079999923706055,560500.0
2024-12-30,6.989999771118164,7.039999961853027,6.71999979019165,7.010000228881836,506800.0
2024-12-31,7.039999961853027,7.289999961853027,6.929999828338623,7.070000171661377,445100.0
2025-01-02,7.070000171661377,7.46999979019165,7.070000171661377,7.335000038146973,338200.0
2025-01-03,7.360000133514404,7.519999980926514,7.179999828338623,7.420000076293945,409600.0
2025-01-06,7.400000095367432,7.650000095367432,7.369999885559082,7.400000095367432,613900.0
2025-01-07,7.400000095367432,7.554999828338623,6.829999923706055,6.980000019073486,663000.0
2025-01-08,7.269999980926514,7.434999942779541,6.860000133514404,7.360000133514404,780100.0
2025-01-10,7.130000114440918,7.25,6.849999904632568,6.889999866485596,477400.0
2025-01-13,6.809999942779541,7.199999809265137,6.369999885559082,6.489999771118164,687600.0
2025-01-14,6.559999942779541,6.599999904632568,5.840000152587891,5.900000095367432,1107700.0
2025-01-15,6.079999923706055,6.105000019073486,5.664999961853027,5.760000228881836,1529800.0
2025-01-16,5.769999980926514,5.829999923706055,5.480000019073486,5.5,1157400.0
2025-01-17,5.53000020980835,5.659999847412109,5.349999904632568,5.489999771118164,1776100.0
2025-01-21,5.5,5.929999828338623,5.5,5.679999828338623,1360800.0
2025-01-22,5.579999923706055,5.800000190734863,5.539999961853027,5.610000133514404,820900.0
2025-01-23,5.53000020980835,5.789999961853027,5.420000076293945,5.789999961853027,770600.0
2025-01-24,5.820000171661377,5.920000076293945,5.739999771118164,5.769999980926514,480700.0
2025-01-27,5.800000190734863,5.920000076293945,5.550000190734863,5.679999828338623,683000.0
2025-01-28,5.670000076293945,5.829999923706055,5.599999904632568,5.800000190734863,585800.0
2025-01-29,5.809999942779541,5.840000152587891,5.614999771118164,5.630000114440918,503200.0
2025-01-30,5.670000076293945,5.809999942779541,5.46999979019165,5.519999980926514,938300.0
2025-01-31,5.550000190734863,5.690000057220459,5.460000038146973,5.630000114440918,951800.0
2025-02-03,5.489999771118164,5.579999923706055,5.320000171661377,5.46999979019165,566600.0
2025-02-04,5.480000019073486,5.65500020980835,5.46999979019165,5.619999885559082,679900.0
2025-02-05,5.619999885559082,5.900000095367432,5.579999923706055,5.889999866485596,663900.0
2025-02-06,5.889999866485596,5.889999866485596,5.420000076293945,5.489999771118164,722300.0
2025-02-07,5.550000190734863,5.730000019073486,5.480000019073486,5.699999809265137,971600.0
2025-02-10,5.75,5.857999801635742,5.630000114440918,5.75,516500.0
2025-02-11,5.619999885559082,5.664999961853027,5.449999809265137,5.5,572700.0
2025-02-12,5.409999847412109,5.619999885559082,5.400000095367432,5.440000057220459,873900.0
2025-02-13,5.5,5.579999923706055,5.420000076293945,5.550000190734863,566400.0
2025-02-14,5.5,5.683000087738037,5.409999847412109,5.420000076293945,645400.0
2025-02-18,5.5,5.53000020980835,5.324999809265137,5.400000095367432,840800.0
2025-02-19,5.349999904632568,5.559999942779541,5.25,5.550000190734863,857500.0
2025-02-20,5.5,5.559999942779541,5.360000133514404,5.389999866485596,456900.0
2025-02-21,5.489999771118164,5.489999771118164,5.195000171661377,5.230000019073486,633000.0
2025-02-24,5.25,5.25,4.960000038146973,5.010000228881836,1050400.0
2025-02-25,5.070000171661377,5.070000171661377,4.755000114440918,4.949999809265137,779400.0
2025-02-26,4.929999828338623,5.090000152587891,4.885000228881836,4.940000057220459,764200.0
2025-02-27,4.75,4.958000183105469,3.759999990463257,4.389999866485596,2137300.0
2025-02-28,4.389999866485596,4.715000152587891,4.21999979019165,4.670000076293945,2010800.0
2025-03-03,4.659999847412109,4.730000019073486,4.28000020980835,4.599999904632568,1850500.0
2025-03-04,4.489999771118164,4.710000038146973,4.329999923706055,4.519999980926514,1387000.0
2025-03-05,4.510000228881836,4.599999904632568,4.385000228881836,4.550000190734863,940800.0
2025-03-06,4.380000114440918,4.71999979019165,4.380000114440918,4.429999828338623,1496400.0
2025-03-07,4.429999828338623,4.510000228881836,4.28000020980835,4.289999961853027,802500.0
2025-03-10,4.289999961853027,4.289999961853027,3.8450000286102295,3.9700000286102295,1010400.0
2025-03-11,4.010000228881836,4.184999942779541,3.9000000953674316,4.170000076293945,775100.0
2025-03-12,4.230000019073486,4.474999904632568,4.230000019073486,4.429999828338623,810100.0
2025-03-13,4.639999866485596,4.639999866485596,4.099999904632568,4.110000133514404,505100.0
2025-03-14,4.130000114440918,4.179999828338623,4.050000190734863,4.139999866485596,307000.0
2025-03-17,4.150000095367432,4.510000228881836,4.150000095367432,4.449999809265137,673200.0
2025-03-18,4.369999885559082,4.599999904632568,4.335000038146973,4.449999809265137,842800.0
2025-03-19,4.460000038146973,4.630000114440918,4.361000061035156,4.510000228881836,842200.0
2025-03-20,4.440000057220459,4.519999980926514,4.315000057220459,4.329999923706055,415800.0
2025-03-21,4.260000228881836,4.465000152587891,4.199999809265137,4.409999847412109,737300.0
2025-03-24,4.510000228881836,4.679999828338623,4.429999828338623,4.460000038146973,541600.0
2025-03-25,4.460000038146973,4.539999961853027,4.300000190734863,4.46999979019165,468500.0
2025-03-26,4.510000228881836,4.635000228881836,4.315000057220459,4.53000020980835,784300.0
2025-03-27,4.510000228881836,4.670000076293945,4.409999847412109,4.599999904632568,669800.0
2025-03-28,4.559999942779541,4.605000019073486,4.329999923706055,4.550000190734863,884000.0
2025-03-31,4.449999809265137,4.574999809265137,4.329999923706055,4.53000020980835,686100.0
2025-04-01,4.570000171661377,4.635000228881836,4.320000171661377,4.329999923706055,614200.0
2025-04-02,4.239999771118164,4.480000019073486,4.230000019073486,4.449999809265137,441100.0
2025-04-03,4.179999828338623,4.260000228881836,4.051000118255615,4.139999866485596,526800.0
2025-04-04,4.010000228881836,4.175000190734863,3.7200000286102295,4.010000228881836,940100.0
2025-04-07,3.7799999713897705,4.199999809265137,3.75,3.990000009536743,539200.0
2025-04-08,4.050000190734863,4.099999904632568,3.7300000190734863,3.819999933242798,689200.0
2025-04-09,3.700000047683716,4.130000114440918,3.5950000286102295,4.019999980926514,1046500.0
2025-04-10,3.890000104904175,3.890000104904175,3.694999933242798,3.8299999237060547,589700.0
2025-04-11,3.819999933242798,3.9549999237060547,3.630000114440918,3.930000066757202,437100.0
2025-04-14,4.019999980926514,4.309999942779541,3.75,3.8399999141693115,412800.0
2025-04-15,3.8299999237060547,3.930000066757202,3.6700000762939453,3.700000047683716,412400.0
2025-04-16,3.619999885559082,3.75,3.559999942779541,3.75,575700.0
2025-04-17,3.7200000286102295,3.884999990463257,3.609999895095825,3.8399999141693115,465500.0
2025-04-21,3.7899999618530273,3.809999942779541,3.555000066757202,3.5799999237060547,371600.0
2025-04-22,3.630000114440918,3.809999942779541,3.5999999046325684,3.6600000858306885,570500.0
2025-04-23,3.809999942779541,4.070000171661377,3.809999942779541,3.9000000953674316,881100.0
2025-04-24,3.9800000190734863,4.110000133514404,3.9200000762939453,3.9800000190734863,598500.0
2025-04-25,3.9600000381469727,4.105000019073486,3.930000066757202,4.099999904632568,600800.0
2025-04-28,4.099999904632568,4.210000038146973,3.9200000762939453,4.059999942779541,392200.0
2025-04-29,4.0,4.150000095367432,3.9700000286102295,4.070000171661377,517100.0
2025-04-30,3.9800000190734863,4.019999980926514,3.8949999809265137,3.950000047683716,345800.0
2025-05-01,4.010000228881836,4.090000152587891,3.9100000858306885,3.990000009536743,310400.0
2025-05-02,4.039999961853027,4.235000133514404,4.03000020980835,4.190000057220459,520500.0
2025-05-05,4.150000095367432,4.159999847412109,4.059999942779541,4.070000171661377,284700.0
2025-05-06,3.990000009536743,4.130000114440918,3.950000047683716,4.070000171661377,561200.0
2025-05-07,4.119999885559082,4.21999979019165,3.799999952316284,3.9700000286102295,888900.0
2025-05-08,4.820000171661377,5.061999797821045,4.170000076293945,4.179999828338623,1029500.0
2025-05-09,4.179999828338623,4.320000171661377,4.079999923706055,4.130000114440918,485600.0
2025-05-12,4.380000114440918,4.539999961853027,4.150000095367432,4.519999980926514,671400.0
2025-05-13,4.570000171661377,4.739999771118164,4.244999885559082,4.289999961853027,631400.0
2025-05-14,4.260000228881836,4.329999923706055,4.130000114440918,4.179999828338623,476000.0
2025-05-15,4.170000076293945,4.170000076293945,3.930000066757202,4.110000133514404,429300.0
2025-05-16,4.099999904632568,4.164999961853027,3.984999895095825,4.059999942779541,378800.0
2025-05-19,3.9700000286102295,3.9800000190734863,3.880000114440918,3.9000000953674316,435500.0
2025-05-20,3.9100000858306885,3.994999885559082,3.8399999141693115,3.940000057220459,264100.0
2025-05-21,3.859999895095825,3.884000062942505,3.619999885559082,3.740000009536743,545600.0
2025-05-22,3.690000057220459,3.7799999713897705,3.640000104904175,3.6549999713897705,395600.0
2025-05-23,3.5799999237060547,3.700000047683716,3.5450000762939453,3.6500000953674316,417700.0
2025-05-27,3.759999990463257,3.8299999237060547,3.6649999618530273,3.7799999713897705,405600.0
2025-05-28,3.7699999809265137,3.7699999809265137,3.6549999713897705,3.680000066757202,293600.0
2025-05-29,3.680000066757202,3.7899999618530273,3.490000009536743,3.740000009536743,744100.0
2025-05-30,3.700000047683716,3.8499999046325684,3.5999999046325684,3.799999952316284,565300.0
2025-06-02,3.7899999618530273,3.819999933242798,3.5390000343322754,3.7899999618530273,948300.0
2025-06-03,3.7799999713897705,4.130000114440918,3.75,4.039999961853027,592500.0
2025-06-04,4.03000020980835,4.184999942779541,3.930000066757202,3.950000047683716,670800.0
2025-06-05,3.940000057220459,4.059999942779541,3.8399999141693115,3.8399999141693115,260700.0
2025-06-06,3.890000104904175,4.125,3.884999990463257,4.099999904632568,2099800.0
2025-06-09,4.150000095367432,4.290999889373779,4.059999942779541,4.159999847412109,535100.0
2025-06-10,4.170000076293945,4.235000133514404,4.119999885559082,4.139999866485596,384900.0
2025-06-11,4.150000095367432,4.159999847412109,3.9549999237060547,3.9600000381469727,331000.0
2025-06-12,3.9200000762939453,4.199999809265137,3.819999933242798,3.9800000190734863,656600.0
2025-06-13,3.869999885559082,3.9800000190734863,3.7850000858306885,3.7950000762939453,400700.0
2025-06-16,3.8399999141693115,3.9149999618530273,3.75,3.880000114440918,405600.0
2025-06-17,3.7100000381469727,3.9600000381469727,3.615000009536743,3.809999942779541,512000.0
2025-06-18,3.8299999237060547,3.859999895095825,3.6449999809265137,3.6500000953674316,365900.0
2025-06-20,3.7100000381469727,3.7300000190734863,3.5950000286102295,3.5999999046325684,799500.0
2025-06-23,3.5799999237060547,3.825000047683716,3.5399999618530273,3.744999885559082,575300.0
2025-06-24,3.7200000286102295,4.059999942779541,3.690000057220459,3.744999885559082,463100.0
2025-06-25,3.75,3.825000047683716,3.6500000953674316,3.7699999809265137,399300.0
2025-06-26,3.7799999713897705,3.799999952316284,3.6700000762939453,3.744999885559082,485700.0
2025-06-27,3.75,3.9049999713897705,3.7300000190734863,3.809999942779541,2336200.0
2025-06-30,3.869999885559082,3.930000066757202,3.740000009536743,3.7699999809265137,530800.0
2025-07-01,3.7300000190734863,4.125,3.7300000190734863,4.050000190734863,772700.0
2025-07-02,4.03000020980835,4.119999885559082,3.944999933242798,4.059999942779541,593900.0
2025-07-03,4.050000190734863,4.125,4.010000228881836,4.059999942779541,299100.0
2025-07-07,4.0,4.045000076293945,3.869999885559082,3.950000047683716,482300.0
2025-07-08,3.9600000381469727,4.119999885559082,3.950000047683716,4.039999961853027,524000.0
2025-07-09,4.059999942779541,4.099999904632568,3.9100000858306885,4.03000020980835,585200.0
2025-07-10,4.010000228881836,4.070000171661377,3.930000066757202,3.990000009536743,335100.0
2025-07-11,3.940000057220459,3.990000009536743,3.880000114440918,3.890000104904175,274200.0
2025-07-14,3.8499999046325684,3.9149999618530273,3.8299999237060547,3.859999895095825,332200.0
2025-07-15,3.869999885559082,3.924999952316284,3.7300000190734863,3.740000009536743,434100.0
2025-07-16,3.759999990463257,3.819999933242798,3.694999933242798,3.7899999618530273,436700.0
2025-07-17,3.7899999618530273,3.869999885559082,3.740000009536743,3.75,361400.0
2025-07-18,3.7899999618530273,3.7899999618530273,3.609999895095825,3.6500000953674316,450900.0
2025-07-21,3.6500000953674316,3.890000104904175,3.630000114440918,3.869999885559082,470400.0
2025-07-22,3.869999885559082,4.019999980926514,3.8450000286102295,3.940000057220459,454600.0
2025-07-23,3.940000057220459,4.074999809265137,3.874000072479248,4.050000190734863,414200.0
2025-07-24,4.039999961853027,4.070000171661377,3.8399999141693115,3.8499999046325684,399900.0
2025-07-25,3.859999895095825,3.9100000858306885,3.7899999618530273,3.880000114440918,558100.0
2025-07-28,3.9100000858306885,4.114999771118164,3.859999895095825,4.090000152587891,440000.0
2025-07-29,4.079999923706055,4.110000133514404,3.9149999618530273,3.9200000762939453,419600.0
2025-07-30,3.9200000762939453,3.950000047683716,3.6600000858306885,3.680000066757202,434700.0
2025-07-31,3.630000114440918,3.7799999713897705,3.619999885559082,3.6500000953674316,450400.0
2025-08-01,3.569999933242798,3.569999933242798,3.4749999046325684,3.5199999809265137,723300.0
2025-08-04,3.549999952316284,3.7219998836517334,3.5399999618530273,3.630000114440918,484800.0
2025-08-05,3.630000114440918,3.859999895095825,3.5999999046325684,3.819999933242798,567400.0
2025-08-06,3.809999942779541,3.8499999046325684,3.740000009536743,3.819999933242798,492200.0
2025-08-07,3.8499999046325684,3.880000114440918,3.509999990463257,3.690000057220459,1106900.0
2025-08-08,2.9000000953674316,3.2100000381469727,2.799999952316284,2.8299999237060547,3211300.0
2025-08-11,2.8299999237060547,2.8450000286102295,2.515000104904175,2.700000047683716,1676100.0
2025-08-12,2.740000009536743,3.0350000858306885,2.634999990463257,3.0,1657300.0
2025-08-13,3.0399999618530273,3.2899999618530273,2.9700000286102295,3.2200000286102295,1376900.0
2025-08-14,3.140000104904175,3.2200000286102295,2.8910000324249268,2.924999952316284,953900.0
2025-08-15,2.9200000762939453,2.999000072479248,2.8499999046325684,2.9200000762939453,911700.0
2025-08-18,2.930000066757202,3.0910000801086426,2.9010000228881836,3.0,1017700.0
2025-08-19,3.0,3.0899999141693115,2.940000057220459,3.0,810000.0
2025-08-20,3.009999990463257,3.0399999618530273,2.890000104904175,2.9200000762939453,717800.0
2025-08-21,2.9000000953674316,3.0799999237060547,2.869999885559082,3.059999942779541,845100.0
2025-08-22,3.0899999141693115,3.309999942779541,3.0799999237060547,3.2799999713897705,1036900.0
2025-08-25,3.259999990463257,3.369999885559082,3.184999942779541,3.3399999141693115,991100.0
2025-08-26,3.3399999141693115,3.515000104904175,3.2899999618530273,3.5,1144000.0
2025-08-27,3.2699999809265137,3.7049999237060547,3.2699999809265137,3.690000057220459,1369800.0
2025-08-28,3.680000066757202,3.799999952316284,3.609999895095825,3.6500000953674316,831900.0
2025-08-29,3.640000104904175,3.6600000858306885,3.2899999618530273,3.390000104904175,985700.0
2025-09-02,3.309999942779541,3.4100000858306885,3.2850000858306885,3.4000000953674316,1101800.0
2025-09-03,3.380000114440918,3.384999990463257,3.2249999046325684,3.240000009536743,1065700.0
2025-09-04,3.240000009536743,3.299999952316284,3.130000114440918,3.299999952316284,874700.0
2025-09-05,3.309999942779541,3.4200000762939453,3.299999952316284,3.380000114440918,789200.0
2025-09-08,3.380000114440918,3.4049999713897705,3.2950000762939453,3.380000114440918,760000.0
2025-09-09,3.369999885559082,3.4149999618530273,3.2799999713897705,3.4000000953674316,641800.0
2025-09-10,3.380000114440918,3.380000114440918,3.240000009536743,3.259999990463257,609700.0
2025-09-11,3.240000009536743,3.305000066757202,3.2100000381469727,3.240000009536743,567700.0
2025-09-12,3.2200000286102295,3.2200000286102295,3.0950000286102295,3.130000114440918,776700.0
2025-09-15,3.1500000953674316,3.1619999408721924,2.865000009536743,3.009999990463257,1035300.0
2025-09-16,3.0,3.009999990463257,2.880000114440918,2.880000114440918,611900.0
2025-09-17,2.890000104904175,3.005000114440918,2.7899999618530273,2.809999942779541,640800.0
2025-09-18,2.8299999237060547,3.0299999713897705,2.809999942779541,3.0199999809265137,506500.0
2025-09-19,3.0199999809265137,3.0350000858306885,2.859999895095825,2.890000104904175,878300.0
2025-09-22,2.869999885559082,2.9800000190734863,2.819999933242798,2.950000047683716,351300.0
2025-09-23,2.930000066757202,3.009999990463257,2.8499999046325684,2.8499999046325684,404100.0
2025-09-24,2.8399999141693115,2.9149999618530273,2.819999933242798,2.859999895095825,419500.0
2025-09-25,2.8299999237060547,2.859999895095825,2.7300000190734863,2.809999942779541,530700.0
2025-09-26,2.819999933242798,2.9149999618530273,2.7799999713897705,2.799999952316284,566400.0
2025-09-29,2.819999933242798,2.9549999237060547,2.7699999809265137,2.9200000762939453,302100.0
2025-09-30,2.890000104904175,2.934999942779541,2.825000047683716,2.8499999046325684,804800.0
2025-10-01,2.819999933242798,2.890000104904175,2.7899999618530273,2.809999942779541,406100.0
2025-10-02,2.809999942779541,2.809999942779541,2.7300000190734863,2.799999952316284,390500.0
2025-10-03,2.809999942779541,3.055000066757202,2.809999942779541,2.9600000381469727,453100.0
2025-10-06,2.9800000190734863,3.0199999809265137,2.890000104904175,2.9600000381469727,350400.0
2025-10-07,2.9600000381469727,3.0399999618530273,2.8299999237060547,2.8499999046325684,254600.0
2025-10-08,2.819999933242798,2.9200000762939453,2.7899999618530273,2.8499999046325684,343900.0
2025-10-09,2.859999895095825,2.9100000858306885,2.759999990463257,2.7799999713897705,582700.0
2025-10-10,2.7799999713897705,2.809999942779541,2.609999895095825,2.6500000953674316,710500.0
2025-10-13,2.7200000286102295,2.755000114440918,2.6500000953674316,2.7100000381469727,545500.0
2025-10-14,2.6700000762939453,2.9000000953674316,2.6500000953674316,2.9000000953674316,277900.0
2025-10-15,2.9100000858306885,3.075000047683716,2.9100000858306885,3.059999942779541,452300.0
2025-10-16,3.059999942779541,3.0999999046325684,3.009999990463257,3.0899999141693115,620800.0
2025-10-17,3.0399999618530273,3.0899999141693115,2.9800000190734863,3.049999952316284,475900.0
2025-10-20,3.0999999046325684,3.234999895095825,3.059999942779541,3.119999885559082,564800.0
2025-10-21,3.119999885559082,3.2200000286102295,3.049999952316284,3.180000066757202,398700.0
2025-10-22,3.180000066757202,3.2100000381469727,3.0999999046325684,3.1600000858306885,296100.0
2025-10-23,3.1600000858306885,3.190000057220459,3.049999952316284,3.059999942779541,297700.0
2025-10-24,3.130000114440918,3.246000051498413,3.0899999141693115,3.240000009536743,362100.0
2025-10-27,3.240000009536743,3.484999895095825,3.184999942779541,3.4600000381469727,940000.0
2025-10-28,3.440000057220459,3.5450000762939453,3.3499999046325684,3.380000114440918,778400.0
2025-10-29,3.380000114440918,3.615000009536743,3.2799999713897705,3.3399999141693115,1058400.0
2025-10-30,3.299999952316284,3.369999885559082,3.2100000381469727,3.2799999713897705,417900.0
2025-10-31,3.259999990463257,3.319999933242798,3.174999952316284,3.2300000190734863,472400.0
2025-11-03,3.240000009536743,3.359999895095825,3.0350000858306885,3.140000104904175,453200.0
2025-11-04,3.059999942779541,3.1600000858306885,3.015000104904175,3.0299999713897705,678100.0
2025-11-05,3.0399999618530273,3.0999999046325684,2.990000009536743,3.049999952316284,401700.0
2025-11-06,3.0399999618530273,3.0399999618530273,2.859999895095825,2.9600000381469727,636300.0
2025-11-07,2.940000057220459,2.950000047683716,2.799999952316284,2.8299999237060547,484500.0
2025-11-10,2.8499999046325684,2.930000066757202,2.7899999618530273,2.8499999046325684,1002800.0
2025-11-11,3.0799999237060547,3.359999895095825,2.6050000190734863,2.690000057220459,964200.0
2025-11-12,2.680000066757202,2.690000057220459,2.440000057220459,2.4600000381469727,1079800.0
2025-11-13,2.4600000381469727,2.549999952316284,2.200000047683716,2.3499999046325684,1733000.0
2025-11-14,2.2799999713897705,2.3299999237060547,2.2149999141693115,2.265000104904175,688700.0
2025-11-17,2.2699999809265137,2.359999895095825,2.1589999198913574,2.240000009536743,796000.0
2025-11-18,2.2300000190734863,2.3399999141693115,2.1700000762939453,2.1700000762939453,564300.0
2025-11-19,2.180000066757202,2.25,2.069999933242798,2.109999895095825,528800.0
2025-11-20,2.1500000953674316,2.190000057220459,2.015000104904175,2.0299999713897705,743900.0
2025-11-21,2.0299999713897705,2.4049999713897705,2.0299999713897705,2.359999895095825,939400.0
2025-11-24,2.359999895095825,2.619999885559082,2.236999988555908,2.509999990463257,1151800.0
2025-11-25,2.509999990463257,2.7799999713897705,2.5,2.7699999809265137,984100.0
2025-11-26,2.75,2.944999933242798,2.7100000381469727,2.9200000762939453,1002700.0
2025-11-28,2.9200000762939453,3.0250000953674316,2.9200000762939453,2.990000009536743,386500.0
2025-12-01,2.9100000858306885,3.005000114440918,2.819999933242798,2.9100000858306885,1307100.0
2025-12-02,2.9200000762939453,2.940000057220459,2.759999990463257,2.759999990463257,1237400.0
2025-12-03,2.7799999713897705,2.890000104904175,2.630000114440918,2.7200000286102295,786200.0
2025-12-04,2.700000047683716,2.746999979019165,2.6600000858306885,2.690000057220459,408700.0
2025-12-05,2.690000057220459,2.7049999237060547,2.5850000381469727,2.5999999046325684,437000.0
2025-12-08,2.640000104904175,2.690000057220459,2.5929999351501465,2.640000104904175,413100.0
2025-12-09,2.630000114440918,2.690000057220459,2.575000047683716,2.609999895095825,493300.0
2025-12-10,2.5899999141693115,2.684999942779541,2.549999952316284,2.640000104904175,641900.0
2025-12-11,2.640000104904175,2.6549999713897705,2.5299999713897705,2.559999942779541,808700.0
2025-12-12,2.559999942779541,2.619999885559082,2.440000057220459,2.4600000381469727,625400.0
2025-12-15,2.5,2.5,2.3299999237060547,2.3499999046325684,946700.0
2025-12-16,2.390000104904175,2.444999933242798,2.3499999046325684,2.440000057220459,558000.0
2025-12-17,2.440000057220459,2.510999917984009,2.365000009536743,2.390000104904175,398000.0
2025-12-18,2.5,2.5,2.3499999046325684,2.369999885559082,551500.0
2025-12-19,2.359999895095825,2.390000104904175,2.319999933242798,2.3499999046325684,644100.0
2025-12-22,2.390000104904175,2.490000009536743,2.390000104904175,2.440000057220459,556600.0
2025-12-23,2.4200000762939453,2.450000047683716,2.319999933242798,2.3499999046325684,863000.0
2025-12-24,2.3399999141693115,2.4100000858306885,2.3299999237060547,2.380000114440918,274700.0
2025-12-26,2.390000104904175,2.4749999046325684,2.359999895095825,2.4200000762939453,287800.0
2025-12-29,2.4000000953674316,2.5399999618530273,2.390000104904175,2.5199999809265137,658700.0
2025-12-30,2.509999990463257,2.5250000953674316,2.369999885559082,2.380000114440918,803700.0
2025-12-31,2.369999885559082,2.3949999809265137,2.3350000381469727,2.390000104904175,590500.0
2026-01-02,2.390000104904175,2.4200000762939453,2.25,2.2799999713897705,543200.0
2026-01-05,2.2799999713897705,2.3299999237060547,2.2300000190734863,2.2899999618530273,547200.0
2026-01-06,2.2799999713897705,2.390000104904175,2.259999990463257,2.380000114440918,536600.0
2026-01-07,2.390000104904175,2.5,2.319999933242798,2.5,553300.0
2026-01-08,2.450000047683716,2.509999990463257,2.440000057220459,2.450000047683716,442600.0
2026-01-09,2.4600000381469727,2.509999990463257,2.365000009536743,2.4700000286102295,385100.0
2026-01-12,2.440000057220459,2.4700000286102295,2.369999885559082,2.4600000381469727,346100.0
2026-01-13,2.4700000286102295,2.5,2.3399999141693115,2.4000000953674316,619800.0
2026-01-14,2.4000000953674316,2.4200000762939453,2.305000066757202,2.309999942779541,668200.0
2026-01-15,2.309999942779541,2.4149999618530273,2.2799999713897705,2.3399999141693115,619300.0
2026-01-16,2.359999895095825,2.4000000953674316,2.2699999809265137,2.309999942779541,724600.0
2026-01-20,2.259999990463257,2.2799999713897705,2.190000057220459,2.2100000381469727,668600.0
2026-01-21,2.240000009536743,2.299999952316284,2.2049999237060547,2.299999952316284,715300.0
2026-01-22,2.2899999618530273,2.444999933242798,2.2860000133514404,2.359999895095825,550800.0
2026-01-23,2.3499999046325684,2.3550000190734863,2.2200000286102295,2.25,662900.0
2026-01-26,2.240000009536743,2.240000009536743,2.200000047683716,2.2100000381469727,325700.0
2026-01-27,2.2100000381469727,2.2249999046325684,2.1549999713897705,2.2200000286102295,674500.0
2026-01-28,2.2300000190734863,2.265000104904175,2.1700000762939453,2.190000057220459,564900.0
2026-01-29,2.200000047683716,2.244999885559082,2.119999885559082,2.1600000858306885,440500.0
2026-01-30,2.1600000858306885,2.180000066757202,2.109999895095825,2.1500000953674316,1006900.0
2026-02-02,2.130000114440918,2.369999885559082,2.130000114440918,2.299999952316284,722900.0
2026-02-03,2.299999952316284,2.3399999141693115,2.109999895095825,2.180000066757202,721700.0
2026-02-04,2.180000066757202,2.3299999237060547,2.1600000858306885,2.1700000762939453,942200.0
2026-02-05,2.1500000953674316,2.200000047683716,2.0799999237060547,2.0899999141693115,905500.0
2026-02-06,2.130000114440918,2.180000066757202,2.0399999618530273,2.1500000953674316,984100.0
2026-02-09,2.1500000953674316,2.1700000762939453,2.0399999618530273,2.1600000858306885,489900.0
2026-02-10,2.1700000762939453,2.180000066757202,2.049999952316284,2.059999942779541,1060400.0
2026-02-11,2.0899999141693115,2.0899999141693115,1.9700000286102295,1.9900000095367432,1193600.0
2026-02-12,2.0,2.005000114440918,1.8300000429153442,1.840000033378601,1071500.0
2026-02-13,1.850000023841858,1.909999966621399,1.7999999523162842,1.840000033378601,1031700.0
2026-02-17,1.850000023841858,1.850000023841858,1.7200000286102295,1.7300000190734863,1439400.0
2026-02-18,1.7400000095367432,1.7999999523162842,1.6699999570846558,1.7699999809265137,1653900.0
2026-02-19,1.7599999904632568,1.934999942779541,1.7039999961853027,1.8600000143051147,1627500.0
2026-02-20,1.850000023841858,1.940000057220459,1.7799999713897705,1.7899999618530273,769700.0
2026-02-23,1.7899999618530273,1.7999999523162842,1.690000057220459,1.7000000476837158,849200.0
2026-02-24,1.7100000381469727,1.850000023841858,1.7000000476837158,1.7300000190734863,951100.0
2026-02-25,1.7400000095367432,1.8200000524520874,1.6950000524520874,1.7899999618530273,885100.0
2026-02-26,1.7999999523162842,1.8450000286102295,1.7100000381469727,1.75,1148300.0
2026-02-27,1.7200000286102295,1.7300000190734863,1.6050000190734863,1.6200000047683716,1097300.0
2026-03-02,1.590000033378601,1.7400000095367432,1.559999942779541,1.6799999475479126,1536100.0
2026-03-03,1.600000023841858,1.7450000047683716,1.600000023841858,1.7200000286102295,1585300.0
2026-03-04,1.7200000286102295,1.9600000381469727,1.7000000476837158,1.9500000476837158,1141700.0
2026-03-05,1.9199999570846558,1.9950000047683716,1.8550000190734863,1.9299999475479126,780600.0
2026-03-06,1.8600000143051147,1.9550000429153442,1.8200000524520874,1.9500000476837158,775200.0
2026-03-09,1.909999966621399,1.9199999570846558,1.8300000429153442,1.909999966621399,501200.0
2026-03-10,1.9199999570846558,1.9199999570846558,1.7899999618530273,1.8200000524520874,587800.0
2026-03-11,1.8799999952316284,1.8849999904632568,1.7599999904632568,1.8600000143051147,424800.0
2026-03-12,1.8300000429153442,1.8849999904632568,1.7699999809265137,1.7899999618530273,551000.0
2026-03-13,1.3799999952316284,1.4789999723434448,1.2000000476837158,1.3200000524520874,2546500.0
2026-03-16,1.340000033378601,1.350000023841858,1.2000000476837158,1.215000033378601,1178600.0
2026-03-17,1.2300000190734863,1.2599999904632568,1.159999966621399,1.1699999570846558,1510700.0
2026-03-18,1.059999942779541,1.1699999570846558,1.0399999618530273,1.159999966621399,1295700.0
2026-03-19,1.1299999952316284,1.2799999713897705,1.1299999952316284,1.215000033378601,690300.0
2026-03-20,1.2000000476837158,1.25,1.1549999713897705,1.2300000190734863,894800.0
2026-03-23,1.25,1.2899999618530273,1.2100000381469727,1.2100000381469727,827200.0
2026-03-24,1.190000057220459,1.2050000429153442,1.0800000429153442,1.0950000286102295,505600.0
2026-03-25,1.090000033378601,1.1380000114440918,1.0700000524520874,1.100000023841858,554100.0
2026-03-26,1.0700000524520874,1.125,1.0700000524520874,1.100000023841858,655800.0
2026-03-27,1.0800000429153442,1.1200000047683716,1.059999942779541,1.100000023841858,705400.0
2026-03-30,1.100000023841858,1.2699999809265137,1.0800000429153442,1.1799999475479126,958100.0
2026-03-31,1.2200000286102295,1.2799999713897705,1.184999942779541,1.2699999809265137,620900.0
2026-04-01,1.2799999713897705,1.2799999713897705,1.149999976158142,1.159999966621399,669100.0
2026-04-02,1.1200000047683716,1.190000057220459,1.090000033378601,1.1699999570846558,411100.0
2026-04-06,1.149999976158142,1.2000000476837158,1.149999976158142,1.1549999713897705,235000.0
2026-04-07,1.1399999856948853,1.1549999713897705,1.100000023841858,1.100000023841858,367100.0
2026-04-08,1.159999966621399,1.159999966621399,1.0199999809265137,1.0299999713897705,714500.0
2026-04-09,1.0299999713897705,1.0299999713897705,0.9700000286102295,1.0099999904632568,670900.0
2026-04-10,1.0099999904632568,1.0099999904632568,0.9549999833106995,0.9959999918937683,629500.0
2026-04-13,0.9919999837875366,1.0679999589920044,0.9800000190734863,1.059999942779541,474000.0
2026-04-14,1.059999942779541,1.1299999952316284,1.059999942779541,1.1200000047683716,596400.0
2026-04-15,1.1200000047683716,1.2549999952316284,1.1200000047683716,1.2300000190734863,1321700.0
2026-04-16,1.2999999523162842,1.3300000429153442,1.1699999570846558,1.2699999809265137,742900.0
2026-04-17,1.2899999618530273,1.340000033378601,1.2599999904632568,1.3200000524520874,787700.0
2026-04-20,1.2999999523162842,1.3289999961853027,1.2549999952316284,1.2599999904632568,371300.0
2026-04-21,1.2799999713897705,1.3849999904632568,1.2400000095367432,1.3200000524520874,441600.0
2026-04-22,1.3300000429153442,1.3700000047683716,1.2699999809265137,1.309999942779541,318400.0
2026-04-23,1.2999999523162842,1.3300000429153442,1.2300000190734863,1.3300000429153442,433300.0
2026-04-24,1.3200000524520874,1.399999976158142,1.2899999618530273,1.3799999952316284,364700.0
2026-04-27,1.3799999952316284,1.465000033378601,1.2999999523162842,1.3700000047683716,923200.0
2026-04-28,1.350000023841858,1.4129999876022339,1.284999966621399,1.340000033378601,827300.0
2026-04-29,1.340000033378601,1.3849999904632568,1.2549999952316284,1.2699999809265137,300600.0
2026-04-30,1.2400000095367432,1.2699999809265137,1.2100000381469727,1.25,576200.0
2026-05-01,1.2699999809265137,1.475000023841858,1.2699999809265137,1.4500000476837158,385500.0
2026-05-04,1.4800000190734863,1.7699999809265137,1.4249999523162842,1.5700000524520874,1744000.0
2026-05-05,1.5700000524520874,1.6200000047683716,1.4900000095367432,1.600000023841858,320700.0
2026-05-06,1.6200000047683716,1.6200000047683716,1.5149999856948853,1.5700000524520874,255200.0
2026-05-07,1.590000033378601,1.6200000047683716,1.559999942779541,1.590000033378601,384300.0
2026-05-08,1.5700000524520874,1.5850000381469727,1.5,1.5199999809265137,413900.0
2026-05-11,1.5099999904632568,1.5099999904632568,1.3650000095367432,1.3799999952316284,282600.0
2026-05-12,1.4600000381469727,1.590000033378601,1.4210000038146973,1.4800000190734863,520600.0
2026-05-13,1.4700000286102295,1.4700000286102295,1.3250000476837158,1.340000033378601,312200.0
2026-05-14,1.3300000429153442,1.3300000429153442,1.1150000095367432,1.1699999570846558,1671700.0
2026-05-15,1.159999966621399,1.225000023841858,1.1399999856948853,1.190000057220459,851400.0
2026-05-18,1.2100000381469727,1.3200000524520874,1.2000000476837158,1.2699999809265137,556800.0
2026-05-19,1.2999999523162842,1.2999999523162842,1.2100000381469727,1.2699999809265137,674800.0
2026-05-20,1.25,1.3200000524520874,1.2450000047683716,1.2899999618530273,413700.0
2026-05-21,1.2699999809265137,1.3200000524520874,1.225000023841858,1.2899999618530273,387300.0
2026-05-22,1.309999942779541,1.3300000429153442,1.2400000095367432,1.2899999618530273,261900.0
2026-05-26,1.2799999713897705,1.3209999799728394,1.2300000190734863,1.2599999904632568,584800.0
2026-05-27,1.2699999809265137,1.3200000524520874,1.2400000095367432,1.2999999523162842,847700.0
2026-05-28,1.309999942779541,1.4550000429153442,1.284999966621399,1.399999976158142,615300.0
2026-05-29,1.3700000047683716,1.4199999570846558,1.3509999513626099,1.3799999952316284,512800.0
2026-06-01,1.3799999952316284,1.4049999713897705,1.3300000429153442,1.3899999856948853,552400.0
2026-06-02,1.3899999856948853,1.399999976158142,1.3020000457763672,1.350000023841858,327900.0
2026-06-03,1.350000023841858,1.3899999856948853,1.2799999713897705,1.3300000429153442,358800.0
2026-06-04,1.7799999713897705,2.069999933242798,1.7100000381469727,1.940000057220459,27890200.0
2026-06-05,1.9500000476837158,2.2300000190734863,1.8849999904632568,1.9299999475479126,4627900.0
2026-06-08,1.9299999475479126,1.9800000190734863,1.7100000381469727,1.7450000047683716,2543200.0
2026-06-09,1.7300000190734863,1.7899999618530273,1.590000033378601,1.7100000381469727,1999300.0
2026-06-10,1.7000000476837158,1.774999976158142,1.590000033378601,1.600000023841858,2447800.0
2026-06-11,1.600000023841858,1.7050000429153442,1.5299999713897705,1.6399999856948853,2387500.0
2026-06-12,1.6699999570846558,1.8700000047683716,1.5750000476837158,1.850000023841858,1386500.0
2026-06-15,1.8799999952316284,1.9199999570846558,1.75,1.840000033378601,1091100.0
2026-06-16,1.840000033378601,1.840000033378601,1.7450000047683716,1.7799999713897705,1020100.0
2026-06-17,1.7599999904632568,1.8200000524520874,1.7200000286102295,1.7699999809265137,991900.0
2026-06-18,1.7699999809265137,1.8259999752044678,1.659999966621399,1.7400000095367432,2649300.0
2026-06-22,1.7000000476837158,1.75600004196167,1.6399999856948853,1.7200000286102295,778200.0
2026-06-23,1.690000057220459,1.7949999570846558,1.6699999570846558,1.7599999904632568,1484200.0
2026-06-24,1.7599999904632568,1.8799999952316284,1.7200000286102295,1.7200000286102295,1117400.0
2026-06-25,1.7100000381469727,1.8300000429153442,1.649999976158142,1.7699999809265137,1831100.0
2026-06-26,1.7599999904632568,1.9600000381469727,1.75,1.899999976158142,9167800.0
2026-06-29,1.909999966621399,2.0190000534057617,1.902999997138977,1.9600000381469727,1242100.0
2026-06-30,1.9299999475479126,2.059999942779541,1.8899999856948853,1.9900000095367432,1668000.0
2026-07-01,1.9900000095367432,2.240000009536743,1.9800000190734863,2.069999933242798,1806900.0
2026-07-02,2.0899999141693115,2.200000047683716,2.069999933242798,2.0799999237060547,1085200.0
2026-07-06,2.0799999237060547,2.309999942779541,2.049999952316284,2.2899999618530273,840900.0
2026-07-07,2.2899999618530273,2.369999885559082,2.2249999046325684,2.2699999809265137,1924600.0
2026-07-08,2.2200000286102295,2.2300000190734863,2.119999885559082,2.200000047683716,789800.0
2026-07-09,2.200000047683716,2.244999885559082,2.1449999809265137,2.240000009536743,824300.0
2026-07-10,2.240000009536743,2.309999942779541,2.2300000190734863,2.2899999618530273,475000.0
2026-07-13,2.299999952316284,2.3399999141693115,2.240000009536743,2.2899999618530273,1024800.0
2026-07-14,2.2799999713897705,2.309999942779541,2.2300000190734863,2.2899999618530273,458900.0
2026-07-15,2.2699999809265137,2.390000104904175,2.2699999809265137,2.3299999237060547,563800.0
2026-07-16,2.3399999141693115,2.3889999389648438,2.2699999809265137,2.2799999713897705,544500.0
2026-07-17,2.319999933242798,2.3469998836517334,2.200000047683716,2.25,557100.0
