代码,行业板块,Nasdaq板块,细分行业,数据源,分类快照UTC
AACB,金融,Finance,Blank Checks,Nasdaq screener download,2026-08-09T14:32:06+00:00
AACP,金融,Finance,Blank Checks,Nasdaq screener download,2026-08-09T14:32:06+00:00
AAL,非必需消费,Consumer Discretionary,Air Freight/Delivery Services,Nasdaq screener download,2026-08-09T14:32:06+00:00
AAME,金融,Finance,Life Insurance,Nasdaq screener download,2026-08-09T14:32:06+00:00
AAOI,信息技术,Technology,Semiconductors,Nasdaq screener download,2026-08-09T14:32:06+00:00
AAON,工业,Industrials,Industrial Machinery/Components,Nasdaq screener download,2026-08-09T14:32:06+00:00
AAPL,信息技术,Technology,Computer Manufacturing,Nasdaq screener download,2026-08-09T14:32:06+00:00
AARD,医疗保健,Health Care,Biotechnology: Pharmaceutical Preparations,Nasdaq screener download,2026-08-09T14:32:06+00:00
ABAT,工业,Industrials,Mining & Quarrying of Nonmetallic Minerals (No Fuels),Nasdaq screener download,2026-08-09T14:32:06+00:00
ABEO,医疗保健,Health Care,Biotechnology: Pharmaceutical Preparations,Nasdaq screener download,2026-08-09T14:32:06+00:00
ABLV,非必需消费,Consumer Discretionary,Other Consumer Services,Nasdaq screener download,2026-08-09T14:32:06+00:00
ABNB,非必需消费,Consumer Discretionary,Diversified Commercial Services,Nasdaq screener download,2026-08-09T14:32:06+00:00
ABOS,医疗保健,Health Care,Biotechnology: Biological Products (No Diagnostic Substances),Nasdaq screener download,2026-08-09T14:32:06+00:00
ABSI,医疗保健,Health Care,Biotechnology: Commercial Physical & Biological Resarch,Nasdaq screener download,2026-08-09T14:32:06+00:00
ABTC,金融,Finance,Finance: Consumer Services,Nasdaq screener download,2026-08-09T14:32:06+00:00
ABTS,金融,Finance,Finance: Consumer Services,Nasdaq screener download,2026-08-09T14:32:06+00:00
ABUS,医疗保健,Health Care,Biotechnology: Pharmaceutical Preparations,Nasdaq screener download,2026-08-09T14:32:06+00:00
ABVC,医疗保健,Health Care,Biotechnology: Pharmaceutical Preparations,Nasdaq screener download,2026-08-09T14:32:06+00:00
ACAA,金融,Finance,Blank Checks,Nasdaq screener download,2026-08-09T14:32:06+00:00
ACAD,医疗保健,Health Care,Biotechnology: Pharmaceutical Preparations,Nasdaq screener download,2026-08-09T14:32:06+00:00
ACCL,非必需消费,Consumer Discretionary,Professional Services,Nasdaq screener download,2026-08-09T14:32:06+00:00
ACDC,能源,Energy,Oilfield Services/Equipment,Nasdaq screener download,2026-08-09T14:32:06+00:00
ACET,医疗保健,Health Care,Biotechnology: Pharmaceutical Preparations,Nasdaq screener download,2026-08-09T14:32:06+00:00
ACFN,非必需消费,Consumer Discretionary,Military/Government/Technical,Nasdaq screener download,2026-08-09T14:32:06+00:00
ACGC,金融,Finance,Blank Checks,Nasdaq screener download,2026-08-09T14:32:06+00:00
ACGL,金融,Finance,Property-Casualty Insurers,Nasdaq screener download,2026-08-09T14:32:06+00:00
ACHC,医疗保健,Health Care,Medical Specialities,Nasdaq screener download,2026-08-09T14:32:06+00:00
ACIC,金融,Finance,Property-Casualty Insurers,Nasdaq screener download,2026-08-09T14:32:06+00:00
ACIU,医疗保健,Health Care,Biotechnology: Pharmaceutical Preparations,Nasdaq screener download,2026-08-09T14:32:06+00:00
ACIW,信息技术,Technology,Computer Software: Prepackaged Software,Nasdaq screener download,2026-08-09T14:32:06+00:00
ACLS,信息技术,Technology,Industrial Machinery/Components,Nasdaq screener download,2026-08-09T14:32:06+00:00
ACMR,信息技术,Technology,Industrial Machinery/Components,Nasdaq screener download,2026-08-09T14:32:06+00:00
ACNB,金融,Finance,Major Banks,Nasdaq screener download,2026-08-09T14:32:06+00:00
ACNT,工业,Industrials,Major Chemicals,Nasdaq screener download,2026-08-09T14:32:06+00:00
ACON,医疗保健,Health Care,Medical Specialities,Nasdaq screener download,2026-08-09T14:32:06+00:00
ACRS,医疗保健,Health Care,Biotechnology: Pharmaceutical Preparations,Nasdaq screener download,2026-08-09T14:32:06+00:00
ACRV,医疗保健,Health Care,Biotechnology: Pharmaceutical Preparations,Nasdaq screener download,2026-08-09T14:32:06+00:00
ACT,金融,Finance,Specialty Insurers,Nasdaq screener download,2026-08-09T14:32:06+00:00
ACTU,医疗保健,Health Care,Biotechnology: Pharmaceutical Preparations,Nasdaq screener download,2026-08-09T14:32:06+00:00
ACXP,医疗保健,Health Care,Biotechnology: Pharmaceutical Preparations,Nasdaq screener download,2026-08-09T14:32:06+00:00
ADBE,信息技术,Technology,Computer Software: Prepackaged Software,Nasdaq screener download,2026-08-09T14:32:06+00:00
ADEA,通信服务,Telecommunications,Cable & Other Pay Television Services,Nasdaq screener download,2026-08-09T14:32:06+00:00
ADGM,医疗保健,Health Care,Medical/Dental Instruments,Nasdaq screener download,2026-08-09T14:32:06+00:00
ADI,信息技术,Technology,Semiconductors,Nasdaq screener download,2026-08-09T14:32:06+00:00
ADIL,医疗保健,Health Care,Biotechnology: Pharmaceutical Preparations,Nasdaq screener download,2026-08-09T14:32:06+00:00
ADMA,医疗保健,Health Care,Biotechnology: Biological Products (No Diagnostic Substances),Nasdaq screener download,2026-08-09T14:32:06+00:00
ADP,信息技术,Technology,EDP Services,Nasdaq screener download,2026-08-09T14:32:06+00:00
ADPT,医疗保健,Health Care,Biotechnology: Biological Products (No Diagnostic Substances),Nasdaq screener download,2026-08-09T14:32:06+00:00
ADSE,非必需消费,Consumer Discretionary,Industrial Specialties,Nasdaq screener download,2026-08-09T14:32:06+00:00
ADSK,信息技术,Technology,Computer Software: Prepackaged Software,Nasdaq screener download,2026-08-09T14:32:06+00:00
ADTN,公用事业,Utilities,Telecommunications Equipment,Nasdaq screener download,2026-08-09T14:32:06+00:00
ADUR,工业,Industrials,Major Chemicals,Nasdaq screener download,2026-08-09T14:32:06+00:00
ADUS,医疗保健,Health Care,Medical/Nursing Services,Nasdaq screener download,2026-08-09T14:32:06+00:00
ADV,非必需消费,Consumer Discretionary,Business Services,Nasdaq screener download,2026-08-09T14:32:06+00:00
ADVB,医疗保健,Health Care,Medical Specialities,Nasdaq screener download,2026-08-09T14:32:06+00:00
AEBI,工业,Industrials,Auto Manufacturing,Nasdaq screener download,2026-08-09T14:32:06+00:00
AEHL,非必需消费,Consumer Discretionary,Telecommunications Equipment,Nasdaq screener download,2026-08-09T14:32:06+00:00
AEHR,工业,Industrials,Electrical Products,Nasdaq screener download,2026-08-09T14:32:06+00:00
AEI,金融,Finance,Real Estate,Nasdaq screener download,2026-08-09T14:32:06+00:00
AEIS,信息技术,Technology,Industrial Machinery/Components,Nasdaq screener download,2026-08-09T14:32:06+00:00
AEMD,医疗保健,Health Care,Medical/Dental Instruments,Nasdaq screener download,2026-08-09T14:32:06+00:00
AENT,非必需消费,Consumer Discretionary,Durable Goods,Nasdaq screener download,2026-08-09T14:32:06+00:00
AEP,公用事业,Utilities,Electric Utilities: Central,Nasdaq screener download,2026-08-09T14:32:06+00:00
AESP,金融,Finance,Blank Checks,Nasdaq screener download,2026-08-09T14:32:06+00:00
AEVA,非必需消费,Consumer Discretionary,Auto Parts:O.E.M.,Nasdaq screener download,2026-08-09T14:32:06+00:00
AEYE,信息技术,Technology,Computer Software: Prepackaged Software,Nasdaq screener download,2026-08-09T14:32:06+00:00
AFCG,金融,Finance,Real Estate,Nasdaq screener download,2026-08-09T14:32:06+00:00
AFRI,必需消费,Consumer Staples,Packaged Foods,Nasdaq screener download,2026-08-09T14:32:06+00:00
AFRM,金融,Finance,Finance: Consumer Services,Nasdaq screener download,2026-08-09T14:32:06+00:00
AGCC,必需消费,Consumer Staples,Beverages (Production/Distribution),Nasdaq screener download,2026-08-09T14:32:06+00:00
AGEN,医疗保健,Health Care,Biotechnology: Biological Products (No Diagnostic Substances),Nasdaq screener download,2026-08-09T14:32:06+00:00
AGIO,医疗保健,Health Care,Biotechnology: Pharmaceutical Preparations,Nasdaq screener download,2026-08-09T14:32:06+00:00
AGMH,信息技术,Technology,EDP Services,Nasdaq screener download,2026-08-09T14:32:06+00:00
AGNC,房地产,Real Estate,Real Estate Investment Trusts,Nasdaq screener download,2026-08-09T14:32:06+00:00
AGNT,金融,Finance,Real Estate,Nasdaq screener download,2026-08-09T14:32:06+00:00
AGPU,医疗保健,Health Care,Industrial Specialties,Nasdaq screener download,2026-08-09T14:32:06+00:00
AGRZ,必需消费,Consumer Staples,Farming/Seeds/Milling,Nasdaq screener download,2026-08-09T14:32:06+00:00
AGYS,信息技术,Technology,EDP Services,Nasdaq screener download,2026-08-09T14:32:06+00:00
AHCO,医疗保健,Health Care,Medical/Nursing Services,Nasdaq screener download,2026-08-09T14:32:06+00:00
AHMA,非必需消费,Consumer Discretionary,Services-Misc. Amusement & Recreation,Nasdaq screener download,2026-08-09T14:32:06+00:00
AIAI,信息技术,Technology,EDP Services,Nasdaq screener download,2026-08-09T14:32:06+00:00
AIDX,医疗保健,Health Care,Precision Instruments,Nasdaq screener download,2026-08-09T14:32:06+00:00
AIFA,非必需消费,Consumer Discretionary,Services-Misc. Amusement & Recreation,Nasdaq screener download,2026-08-09T14:32:06+00:00
AIFC,金融,Finance,Investment Bankers/Brokers/Service,Nasdaq screener download,2026-08-09T14:32:06+00:00
AIFF,信息技术,Technology,Computer Software: Prepackaged Software,Nasdaq screener download,2026-08-09T14:32:06+00:00
AIHS,非必需消费,Consumer Discretionary,Rental/Leasing Companies,Nasdaq screener download,2026-08-09T14:32:06+00:00
AIIO,工业,Industrials,Auto Manufacturing,Nasdaq screener download,2026-08-09T14:32:06+00:00
AIIR,非必需消费,Consumer Discretionary,Tobacco,Nasdaq screener download,2026-08-09T14:32:06+00:00
AIMD,信息技术,Technology,Computer peripheral equipment,Nasdaq screener download,2026-08-09T14:32:06+00:00
AIOT,通信服务,Telecommunications,Telecommunications Equipment,Nasdaq screener download,2026-08-09T14:32:06+00:00
AIP,信息技术,Technology,Semiconductors,Nasdaq screener download,2026-08-09T14:32:06+00:00
AIRE,金融,Finance,Real Estate,Nasdaq screener download,2026-08-09T14:32:06+00:00
AIRG,信息技术,Technology,Radio And Television Broadcasting And Communications Equipment,Nasdaq screener download,2026-08-09T14:32:06+00:00
AIRJ,工业,Industrials,Industrial Machinery/Components,Nasdaq screener download,2026-08-09T14:32:06+00:00
AIRO,工业,Industrials,Aerospace,Nasdaq screener download,2026-08-09T14:32:06+00:00
AIRS,医疗保健,Health Care,Medical/Nursing Services,Nasdaq screener download,2026-08-09T14:32:06+00:00
AIRT,非必需消费,Consumer Discretionary,Air Freight/Delivery Services,Nasdaq screener download,2026-08-09T14:32:06+00:00
AISP,信息技术,Technology,Computer Software: Prepackaged Software,Nasdaq screener download,2026-08-09T14:32:06+00:00
AIXC,金融,Finance,Finance: Consumer Services,Nasdaq screener download,2026-08-09T14:32:06+00:00
AKAM,非必需消费,Consumer Discretionary,Business Services,Nasdaq screener download,2026-08-09T14:32:06+00:00
AKBA,医疗保健,Health Care,Biotechnology: Pharmaceutical Preparations,Nasdaq screener download,2026-08-09T14:32:06+00:00
AKTS,医疗保健,Health Care,Biotechnology: Pharmaceutical Preparations,Nasdaq screener download,2026-08-09T14:32:06+00:00
ALAB,信息技术,Technology,Semiconductors,Nasdaq screener download,2026-08-09T14:32:06+00:00
ALCO,必需消费,Consumer Staples,Farming/Seeds/Milling,Nasdaq screener download,2026-08-09T14:32:06+00:00
ALDX,医疗保健,Health Care,Biotechnology: Pharmaceutical Preparations,Nasdaq screener download,2026-08-09T14:32:06+00:00
ALEC,医疗保健,Health Care,Biotechnology: Biological Products (No Diagnostic Substances),Nasdaq screener download,2026-08-09T14:32:06+00:00
ALGM,信息技术,Technology,Semiconductors,Nasdaq screener download,2026-08-09T14:32:06+00:00
ALGN,医疗保健,Health Care,Industrial Specialties,Nasdaq screener download,2026-08-09T14:32:06+00:00
ALGS,医疗保健,Health Care,Biotechnology: Biological Products (No Diagnostic Substances),Nasdaq screener download,2026-08-09T14:32:06+00:00
ALGT,非必需消费,Consumer Discretionary,Air Freight/Delivery Services,Nasdaq screener download,2026-08-09T14:32:06+00:00
ALHC,医疗保健,Health Care,Medical Specialities,Nasdaq screener download,2026-08-09T14:32:06+00:00
ALKS,医疗保健,Health Care,Biotechnology: Pharmaceutical Preparations,Nasdaq screener download,2026-08-09T14:32:06+00:00
ALKT,信息技术,Technology,Computer Software: Prepackaged Software,Nasdaq screener download,2026-08-09T14:32:06+00:00
ALLO,医疗保健,Health Care,Biotechnology: Biological Products (No Diagnostic Substances),Nasdaq screener download,2026-08-09T14:32:06+00:00
ALLR,医疗保健,Health Care,Biotechnology: Pharmaceutical Preparations,Nasdaq screener download,2026-08-09T14:32:06+00:00
ALLT,通信服务,Telecommunications,Computer Communications Equipment,Nasdaq screener download,2026-08-09T14:32:06+00:00
ALMR,工业,Industrials,Biotechnology: Laboratory Analytical Instruments,Nasdaq screener download,2026-08-09T14:32:06+00:00
ALMS,医疗保健,Health Care,Biotechnology: Pharmaceutical Preparations,Nasdaq screener download,2026-08-09T14:32:06+00:00
ALMU,信息技术,Technology,Semiconductors,Nasdaq screener download,2026-08-09T14:32:06+00:00
ALNT,工业,Industrials,Electrical Products,Nasdaq screener download,2026-08-09T14:32:06+00:00
ALNY,医疗保健,Health Care,Biotechnology: Pharmaceutical Preparations,Nasdaq screener download,2026-08-09T14:32:06+00:00
ALOT,信息技术,Technology,Computer peripheral equipment,Nasdaq screener download,2026-08-09T14:32:06+00:00
ALOY,原材料,Basic Materials,Metal Mining,Nasdaq screener download,2026-08-09T14:32:06+00:00
ALP,金融,Finance,Finance: Consumer Services,Nasdaq screener download,2026-08-09T14:32:06+00:00
ALPX,金融,Finance,Blank Checks,Nasdaq screener download,2026-08-09T14:32:06+00:00
ALRM,信息技术,Technology,Computer Software: Prepackaged Software,Nasdaq screener download,2026-08-09T14:32:06+00:00
ALRS,金融,Finance,Major Banks,Nasdaq screener download,2026-08-09T14:32:06+00:00
ALT,医疗保健,Health Care,Biotechnology: Pharmaceutical Preparations,Nasdaq screener download,2026-08-09T14:32:06+00:00
ALTI,金融,Finance,Investment Managers,Nasdaq screener download,2026-08-09T14:32:06+00:00
ALTO,工业,Industrials,Major Chemicals,Nasdaq screener download,2026-08-09T14:32:06+00:00
ALVO,医疗保健,Health Care,Biotechnology: Biological Products (No Diagnostic Substances),Nasdaq screener download,2026-08-09T14:32:06+00:00
ALXO,医疗保健,Health Care,Biotechnology: Pharmaceutical Preparations,Nasdaq screener download,2026-08-09T14:32:06+00:00
ALZN,医疗保健,Health Care,Biotechnology: Pharmaceutical Preparations,Nasdaq screener download,2026-08-09T14:32:06+00:00
AMAL,金融,Finance,Major Banks,Nasdaq screener download,2026-08-09T14:32:06+00:00
AMAN,金融,Finance,Blank Checks,Nasdaq screener download,2026-08-09T14:32:06+00:00
AMAT,信息技术,Technology,Semiconductors,Nasdaq screener download,2026-08-09T14:32:06+00:00
AMBA,信息技术,Technology,Semiconductors,Nasdaq screener download,2026-08-09T14:32:06+00:00
AMCI,非必需消费,Consumer Discretionary,Home Furnishings,Nasdaq screener download,2026-08-09T14:32:06+00:00
AMCX,通信服务,Telecommunications,Cable & Other Pay Television Services,Nasdaq screener download,2026-08-09T14:32:06+00:00
AMD,信息技术,Technology,Semiconductors,Nasdaq screener download,2026-08-09T14:32:06+00:00
AMGN,医疗保健,Health Care,Biotechnology: Biological Products (No Diagnostic Substances),Nasdaq screener download,2026-08-09T14:32:06+00:00
AMIX,医疗保健,Health Care,Medical/Dental Instruments,Nasdaq screener download,2026-08-09T14:32:06+00:00
AMKR,信息技术,Technology,Semiconductors,Nasdaq screener download,2026-08-09T14:32:06+00:00
AMLX,医疗保健,Health Care,Biotechnology: Pharmaceutical Preparations,Nasdaq screener download,2026-08-09T14:32:06+00:00
AMPG,通信服务,Telecommunications,Telecommunications Equipment,Nasdaq screener download,2026-08-09T14:32:06+00:00
AMPH,医疗保健,Health Care,Biotechnology: Pharmaceutical Preparations,Nasdaq screener download,2026-08-09T14:32:06+00:00
AMPL,信息技术,Technology,Computer Software: Prepackaged Software,Nasdaq screener download,2026-08-09T14:32:06+00:00
AMRX,医疗保健,Health Care,Biotechnology: Pharmaceutical Preparations,Nasdaq screener download,2026-08-09T14:32:06+00:00
AMSC,非必需消费,Consumer Discretionary,Metal Fabrications,Nasdaq screener download,2026-08-09T14:32:06+00:00
AMSF,金融,Finance,Property-Casualty Insurers,Nasdaq screener download,2026-08-09T14:32:06+00:00
AMSS,必需消费,Consumer Staples,Beverages (Production/Distribution),Nasdaq screener download,2026-08-09T14:32:06+00:00
AMST,信息技术,Technology,Computer Software: Prepackaged Software,Nasdaq screener download,2026-08-09T14:32:06+00:00
AMTX,工业,Industrials,Major Chemicals,Nasdaq screener download,2026-08-09T14:32:06+00:00
AMZN,非必需消费,Consumer Discretionary,Catalog/Specialty Distribution,Nasdaq screener download,2026-08-09T14:32:06+00:00
ANAB,医疗保健,Health Care,Biotechnology: Pharmaceutical Preparations,Nasdaq screener download,2026-08-09T14:32:06+00:00
ANDE,工业,Industrials,Farming/Seeds/Milling,Nasdaq screener download,2026-08-09T14:32:06+00:00
ANGH,非必需消费,Consumer Discretionary,Telecommunications Equipment,Nasdaq screener download,2026-08-09T14:32:06+00:00
ANGI,非必需消费,Consumer Discretionary,Advertising,Nasdaq screener download,2026-08-09T14:32:06+00:00
ANGO,医疗保健,Health Care,Medical/Dental Instruments,Nasdaq screener download,2026-08-09T14:32:06+00:00
ANIK,医疗保健,Health Care,Medical/Dental Instruments,Nasdaq screener download,2026-08-09T14:32:06+00:00
ANIX,医疗保健,Health Care,Biotechnology: Pharmaceutical Preparations,Nasdaq screener download,2026-08-09T14:32:06+00:00
ANNA,能源,Energy,Oil & Gas Production,Nasdaq screener download,2026-08-09T14:32:06+00:00
ANNX,医疗保健,Health Care,Biotechnology: Pharmaceutical Preparations,Nasdaq screener download,2026-08-09T14:32:06+00:00
ANPA,非必需消费,Consumer Discretionary,Other Consumer Services,Nasdaq screener download,2026-08-09T14:32:06+00:00
ANTA,金融,Finance,Investment Bankers/Brokers/Service,Nasdaq screener download,2026-08-09T14:32:06+00:00
ANTX,医疗保健,Health Care,Biotechnology: Pharmaceutical Preparations,Nasdaq screener download,2026-08-09T14:32:06+00:00
AOUT,非必需消费,Consumer Discretionary,Recreational Games/Products/Toys,Nasdaq screener download,2026-08-09T14:32:06+00:00
APA,能源,Energy,Oil & Gas Production,Nasdaq screener download,2026-08-09T14:32:06+00:00
APAC,金融,Finance,Blank Checks,Nasdaq screener download,2026-08-09T14:32:06+00:00
APC,能源,Energy,Oil Refining/Marketing,Nasdaq screener download,2026-08-09T14:32:06+00:00
APEI,房地产,Real Estate,Other Consumer Services,Nasdaq screener download,2026-08-09T14:32:06+00:00
APGE,医疗保健,Health Care,Biotechnology: Biological Products (No Diagnostic Substances),Nasdaq screener download,2026-08-09T14:32:06+00:00
APLD,信息技术,Technology,EDP Services,Nasdaq screener download,2026-08-09T14:32:06+00:00
APLM,医疗保健,Health Care,Biotechnology: Pharmaceutical Preparations,Nasdaq screener download,2026-08-09T14:32:06+00:00
APMC,金融,Finance,Blank Checks,Nasdaq screener download,2026-08-09T14:32:06+00:00
APOG,非必需消费,Consumer Discretionary,Auto Parts:O.E.M.,Nasdaq screener download,2026-08-09T14:32:06+00:00
APP,信息技术,Technology,Computer Software: Programming Data Processing,Nasdaq screener download,2026-08-09T14:32:06+00:00
APPF,信息技术,Technology,Computer Software: Prepackaged Software,Nasdaq screener download,2026-08-09T14:32:06+00:00
APPN,信息技术,Technology,Computer Software: Prepackaged Software,Nasdaq screener download,2026-08-09T14:32:06+00:00
APRE,医疗保健,Health Care,Biotechnology: Pharmaceutical Preparations,Nasdaq screener download,2026-08-09T14:32:06+00:00
APUR,金融,Finance,Blank Checks,Nasdaq screener download,2026-08-09T14:32:06+00:00
APVO,医疗保健,Health Care,Biotechnology: Pharmaceutical Preparations,Nasdaq screener download,2026-08-09T14:32:06+00:00
APWC,工业,Industrials,Telecommunications Equipment,Nasdaq screener download,2026-08-09T14:32:06+00:00
APYX,医疗保健,Health Care,Medical/Dental Instruments,Nasdaq screener download,2026-08-09T14:32:06+00:00
AQB,必需消费,Consumer Staples,Meat/Poultry/Fish,Nasdaq screener download,2026-08-09T14:32:06+00:00
AQMS,工业,Industrials,Metal Fabrications,Nasdaq screener download,2026-08-09T14:32:06+00:00
AQST,医疗保健,Health Care,Biotechnology: Pharmaceutical Preparations,Nasdaq screener download,2026-08-09T14:32:06+00:00
ARAI,非必需消费,Consumer Discretionary,Diversified Commercial Services,Nasdaq screener download,2026-08-09T14:32:06+00:00
ARAY,医疗保健,Health Care,Medical/Dental Instruments,Nasdaq screener download,2026-08-09T14:32:06+00:00
ARBB,信息技术,Technology,EDP Services,Nasdaq screener download,2026-08-09T14:32:06+00:00
ARBE,信息技术,Technology,EDP Services,Nasdaq screener download,2026-08-09T14:32:06+00:00
ARCB,工业,Industrials,Trucking Freight/Courier Services,Nasdaq screener download,2026-08-09T14:32:06+00:00
ARCC,金融,Finance,Finance: Consumer Services,Nasdaq screener download,2026-08-09T14:32:06+00:00
ARCL,金融,Finance,Blank Checks,Nasdaq screener download,2026-08-09T14:32:06+00:00
ARCT,医疗保健,Health Care,Biotechnology: Pharmaceutical Preparations,Nasdaq screener download,2026-08-09T14:32:06+00:00
ARDX,医疗保健,Health Care,Biotechnology: Pharmaceutical Preparations,Nasdaq screener download,2026-08-09T14:32:06+00:00
AREC,能源,Energy,Coal Mining,Nasdaq screener download,2026-08-09T14:32:06+00:00
ARHS,非必需消费,Consumer Discretionary,Other Specialty Stores,Nasdaq screener download,2026-08-09T14:32:06+00:00
ARKO,必需消费,Consumer Staples,Food Chains,Nasdaq screener download,2026-08-09T14:32:06+00:00
ARKR,非必需消费,Consumer Discretionary,Restaurants,Nasdaq screener download,2026-08-09T14:32:06+00:00
AROW,金融,Finance,Major Banks,Nasdaq screener download,2026-08-09T14:32:06+00:00
ARQ,工业,Industrials,Major Chemicals,Nasdaq screener download,2026-08-09T14:32:06+00:00
ARQQ,信息技术,Technology,Computer Software: Prepackaged Software,Nasdaq screener download,2026-08-09T14:32:06+00:00
ARQT,医疗保健,Health Care,Biotechnology: Pharmaceutical Preparations,Nasdaq screener download,2026-08-09T14:32:06+00:00
ARRY,信息技术,Technology,Semiconductors,Nasdaq screener download,2026-08-09T14:32:06+00:00
ARTC,金融,Finance,Blank Checks,Nasdaq screener download,2026-08-09T14:32:06+00:00
ARTL,医疗保健,Health Care,Biotechnology: Pharmaceutical Preparations,Nasdaq screener download,2026-08-09T14:32:06+00:00
ARTNA,公用事业,Utilities,Water Supply,Nasdaq screener download,2026-08-09T14:32:06+00:00
ARTV,医疗保健,Health Care,Biotechnology: Biological Products (No Diagnostic Substances),Nasdaq screener download,2026-08-09T14:32:06+00:00
ARTW,工业,Industrials,Industrial Machinery/Components,Nasdaq screener download,2026-08-09T14:32:06+00:00
ARVN,医疗保健,Health Care,Biotechnology: Pharmaceutical Preparations,Nasdaq screener download,2026-08-09T14:32:06+00:00
ARWR,医疗保健,Health Care,Biotechnology: Pharmaceutical Preparations,Nasdaq screener download,2026-08-09T14:32:06+00:00
ARXS,工业,Industrials,Military/Government/Technical,Nasdaq screener download,2026-08-09T14:32:06+00:00
ASBP,医疗保健,Health Care,Biotechnology: Pharmaceutical Preparations,Nasdaq screener download,2026-08-09T14:32:06+00:00
ASLE,非必需消费,Consumer Discretionary,Industrial Specialties,Nasdaq screener download,2026-08-09T14:32:06+00:00
ASMB,医疗保健,Health Care,Biotechnology: Pharmaceutical Preparations,Nasdaq screener download,2026-08-09T14:32:06+00:00
ASO,非必需消费,Consumer Discretionary,Other Specialty Stores,Nasdaq screener download,2026-08-09T14:32:06+00:00
ASPC,金融,Finance,Blank Checks,Nasdaq screener download,2026-08-09T14:32:06+00:00
ASPI,工业,Industrials,Major Chemicals,Nasdaq screener download,2026-08-09T14:32:06+00:00
ASPS,非必需消费,Consumer Discretionary,Other Consumer Services,Nasdaq screener download,2026-08-09T14:32:06+00:00
ASRV,金融,Finance,Major Banks,Nasdaq screener download,2026-08-09T14:32:06+00:00
ASST,信息技术,Technology,Computer Software: Prepackaged Software,Nasdaq screener download,2026-08-09T14:32:06+00:00
ASTC,工业,Industrials,Biotechnology: Laboratory Analytical Instruments,Nasdaq screener download,2026-08-09T14:32:06+00:00
ASTE,工业,Industrials,Construction/Ag Equipment/Trucks,Nasdaq screener download,2026-08-09T14:32:06+00:00
ASTH,非必需消费,Consumer Discretionary,Professional Services,Nasdaq screener download,2026-08-09T14:32:06+00:00
ASTI,信息技术,Technology,Semiconductors,Nasdaq screener download,2026-08-09T14:32:06+00:00
ASTS,非必需消费,Consumer Discretionary,Telecommunications Equipment,Nasdaq screener download,2026-08-09T14:32:06+00:00
ASUR,信息技术,Technology,EDP Services,Nasdaq screener download,2026-08-09T14:32:06+00:00
ASYS,信息技术,Technology,Industrial Machinery/Components,Nasdaq screener download,2026-08-09T14:32:06+00:00
ATAI,医疗保健,Health Care,Biotechnology: Pharmaceutical Preparations,Nasdaq screener download,2026-08-09T14:32:06+00:00
ATCX,原材料,Basic Materials,Precious Metals,Nasdaq screener download,2026-08-09T14:32:06+00:00
ATEC,医疗保健,Health Care,Medical/Dental Instruments,Nasdaq screener download,2026-08-09T14:32:06+00:00
ATER,非必需消费,Consumer Discretionary,Home Furnishings,Nasdaq screener download,2026-08-09T14:32:06+00:00
ATEX,通信服务,Telecommunications,Telecommunications Equipment,Nasdaq screener download,2026-08-09T14:32:06+00:00
ATGL,信息技术,Technology,EDP Services,Nasdaq screener download,2026-08-09T14:32:06+00:00
ATHR,信息技术,Technology,Computer Software: Prepackaged Software,Nasdaq screener download,2026-08-09T14:32:06+00:00
ATLC,金融,Finance,Finance: Consumer Services,Nasdaq screener download,2026-08-09T14:32:06+00:00
ATLO,金融,Finance,Major Banks,Nasdaq screener download,2026-08-09T14:32:06+00:00
ATLX,工业,Industrials,Mining & Quarrying of Nonmetallic Minerals (No Fuels),Nasdaq screener download,2026-08-09T14:32:06+00:00
ATNI,通信服务,Telecommunications,Telecommunications Equipment,Nasdaq screener download,2026-08-09T14:32:06+00:00
ATOM,信息技术,Technology,Semiconductors,Nasdaq screener download,2026-08-09T14:32:06+00:00
ATOS,医疗保健,Health Care,Biotechnology: Pharmaceutical Preparations,Nasdaq screener download,2026-08-09T14:32:06+00:00
ATPC,医疗保健,Health Care,Medical/Nursing Services,Nasdaq screener download,2026-08-09T14:32:06+00:00
ATRA,医疗保健,Health Care,Biotechnology: Biological Products (No Diagnostic Substances),Nasdaq screener download,2026-08-09T14:32:06+00:00
ATRC,医疗保健,Health Care,Medical/Dental Instruments,Nasdaq screener download,2026-08-09T14:32:06+00:00
ATRO,工业,Industrials,Military/Government/Technical,Nasdaq screener download,2026-08-09T14:32:06+00:00
ATXG,非必需消费,Consumer Discretionary,Professional Services,Nasdaq screener download,2026-08-09T14:32:06+00:00
ATYR,医疗保健,Health Care,Biotechnology: Biological Products (No Diagnostic Substances),Nasdaq screener download,2026-08-09T14:32:06+00:00
AUBN,金融,Finance,Major Banks,Nasdaq screener download,2026-08-09T14:32:06+00:00
AUC,非必需消费,Consumer Discretionary,Professional Services,Nasdaq screener download,2026-08-09T14:32:06+00:00
AUDC,公用事业,Utilities,Telecommunications Equipment,Nasdaq screener download,2026-08-09T14:32:06+00:00
AUID,信息技术,Technology,Computer Software: Prepackaged Software,Nasdaq screener download,2026-08-09T14:32:06+00:00
AUPH,医疗保健,Health Care,Biotechnology: Pharmaceutical Preparations,Nasdaq screener download,2026-08-09T14:32:06+00:00
AUR,信息技术,Technology,EDP Services,Nasdaq screener download,2026-08-09T14:32:06+00:00
AURA,医疗保健,Health Care,Biotechnology: Biological Products (No Diagnostic Substances),Nasdaq screener download,2026-08-09T14:32:06+00:00
AURE,金融,Finance,Finance: Consumer Services,Nasdaq screener download,2026-08-09T14:32:06+00:00
AUUD,信息技术,Technology,EDP Services,Nasdaq screener download,2026-08-09T14:32:06+00:00
AVAH,医疗保健,Health Care,Medical/Nursing Services,Nasdaq screener download,2026-08-09T14:32:06+00:00
AVAT,金融,Finance,Finance: Consumer Services,Nasdaq screener download,2026-08-09T14:32:06+00:00
AVAV,工业,Industrials,Aerospace,Nasdaq screener download,2026-08-09T14:32:06+00:00
AVBH,金融,Finance,Commercial Banks,Nasdaq screener download,2026-08-09T14:32:06+00:00
AVBP,医疗保健,Health Care,Biotechnology: Pharmaceutical Preparations,Nasdaq screener download,2026-08-09T14:32:06+00:00
AVGO,信息技术,Technology,Semiconductors,Nasdaq screener download,2026-08-09T14:32:06+00:00
AVIR,医疗保健,Health Care,Biotechnology: Pharmaceutical Preparations,Nasdaq screener download,2026-08-09T14:32:06+00:00
AVLN,医疗保健,Health Care,Biotechnology: Pharmaceutical Preparations,Nasdaq screener download,2026-08-09T14:32:06+00:00
AVNW,信息技术,Technology,Radio And Television Broadcasting And Communications Equipment,Nasdaq screener download,2026-08-09T14:32:06+00:00
AVO,必需消费,Consumer Staples,Farming/Seeds/Milling,Nasdaq screener download,2026-08-09T14:32:06+00:00
AVPT,信息技术,Technology,Computer Software: Prepackaged Software,Nasdaq screener download,2026-08-09T14:32:06+00:00
AVR,医疗保健,Health Care,Industrial Specialties,Nasdaq screener download,2026-08-09T14:32:06+00:00
AVT,信息技术,Technology,Electronic Components,Nasdaq screener download,2026-08-09T14:32:06+00:00
AVTX,医疗保健,Health Care,Biotechnology: Pharmaceutical Preparations,Nasdaq screener download,2026-08-09T14:32:06+00:00
AVXL,医疗保健,Health Care,Biotechnology: Biological Products (No Diagnostic Substances),Nasdaq screener download,2026-08-09T14:32:06+00:00
AWRE,信息技术,Technology,Computer Software: Prepackaged Software,Nasdaq screener download,2026-08-09T14:32:06+00:00
AXGN,医疗保健,Health Care,Biotechnology: Electromedical & Electrotherapeutic Apparatus,Nasdaq screener download,2026-08-09T14:32:06+00:00
AXIN,金融,Finance,Blank Checks,Nasdaq screener download,2026-08-09T14:32:06+00:00
AXON,工业,Industrials,Ordnance And Accessories,Nasdaq screener download,2026-08-09T14:32:06+00:00
AXSM,医疗保健,Health Care,Biotechnology: Pharmaceutical Preparations,Nasdaq screener download,2026-08-09T14:32:06+00:00
AXTI,信息技术,Technology,Semiconductors,Nasdaq screener download,2026-08-09T14:32:06+00:00
AYTU,医疗保健,Health Care,Biotechnology: Pharmaceutical Preparations,Nasdaq screener download,2026-08-09T14:32:06+00:00
AZI,非必需消费,Consumer Discretionary,Automotive Aftermarket,Nasdaq screener download,2026-08-09T14:32:06+00:00
AZIO,非必需消费,Consumer Discretionary,Auto Parts:O.E.M.,Nasdaq screener download,2026-08-09T14:32:06+00:00
BACC,金融,Finance,Blank Checks,Nasdaq screener download,2026-08-09T14:32:06+00:00
BAER,工业,Industrials,Aerospace,Nasdaq screener download,2026-08-09T14:32:06+00:00
BAFN,金融,Finance,Major Banks,Nasdaq screener download,2026-08-09T14:32:06+00:00
BAND,信息技术,Technology,Computer Software: Prepackaged Software,Nasdaq screener download,2026-08-09T14:32:06+00:00
BANF,金融,Finance,Major Banks,Nasdaq screener download,2026-08-09T14:32:06+00:00
BANL,能源,Energy,Oil Refining/Marketing,Nasdaq screener download,2026-08-09T14:32:06+00:00
BANR,金融,Finance,Major Banks,Nasdaq screener download,2026-08-09T14:32:06+00:00
BANX,金融,Finance,Trusts Except Educational Religious and Charitable,Nasdaq screener download,2026-08-09T14:32:06+00:00
BAOS,非必需消费,Consumer Discretionary,Business Services,Nasdaq screener download,2026-08-09T14:32:06+00:00
BATRA,非必需消费,Consumer Discretionary,Services-Misc. Amusement & Recreation,Nasdaq screener download,2026-08-09T14:32:06+00:00
BATRK,非必需消费,Consumer Discretionary,Services-Misc. Amusement & Recreation,Nasdaq screener download,2026-08-09T14:32:06+00:00
BBCP,非必需消费,Consumer Discretionary,Engineering & Construction,Nasdaq screener download,2026-08-09T14:32:06+00:00
BBGI,非必需消费,Consumer Discretionary,Broadcasting,Nasdaq screener download,2026-08-09T14:32:06+00:00
BBIO,医疗保健,Health Care,Biotechnology: Pharmaceutical Preparations,Nasdaq screener download,2026-08-09T14:32:06+00:00
BBLG,医疗保健,Health Care,Industrial Specialties,Nasdaq screener download,2026-08-09T14:32:06+00:00
BBNX,医疗保健,Health Care,Medical/Dental Instruments,Nasdaq screener download,2026-08-09T14:32:06+00:00
BBOT,医疗保健,Health Care,Biotechnology: Pharmaceutical Preparations,Nasdaq screener download,2026-08-09T14:32:06+00:00
BBSI,非必需消费,Consumer Discretionary,Professional Services,Nasdaq screener download,2026-08-09T14:32:06+00:00
BCAB,医疗保健,Health Care,Biotechnology: Biological Products (No Diagnostic Substances),Nasdaq screener download,2026-08-09T14:32:06+00:00
BCAL,金融,Finance,Major Banks,Nasdaq screener download,2026-08-09T14:32:06+00:00
BCAR,金融,Finance,Blank Checks,Nasdaq screener download,2026-08-09T14:32:06+00:00
BCAX,医疗保健,Health Care,Biotechnology: Pharmaceutical Preparations,Nasdaq screener download,2026-08-09T14:32:06+00:00
BCBP,金融,Finance,Savings Institutions,Nasdaq screener download,2026-08-09T14:32:06+00:00
BCDA,医疗保健,Health Care,Biotechnology: Biological Products (No Diagnostic Substances),Nasdaq screener download,2026-08-09T14:32:06+00:00
BCG,金融,Finance,Finance: Consumer Services,Nasdaq screener download,2026-08-09T14:32:06+00:00
BCIC,金融,Finance,Finance: Consumer Services,Nasdaq screener download,2026-08-09T14:32:06+00:00
BCML,金融,Finance,Major Banks,Nasdaq screener download,2026-08-09T14:32:06+00:00
BCPC,工业,Industrials,Major Chemicals,Nasdaq screener download,2026-08-09T14:32:06+00:00
BCRX,医疗保健,Health Care,Biotechnology: Biological Products (No Diagnostic Substances),Nasdaq screener download,2026-08-09T14:32:06+00:00
BDCI,金融,Finance,Blank Checks,Nasdaq screener download,2026-08-09T14:32:06+00:00
BDSX,医疗保健,Health Care,Medical Specialities,Nasdaq screener download,2026-08-09T14:32:06+00:00
BDTX,医疗保健,Health Care,Biotechnology: Biological Products (No Diagnostic Substances),Nasdaq screener download,2026-08-09T14:32:06+00:00
BEAM,医疗保健,Health Care,Biotechnology: Biological Products (No Diagnostic Substances),Nasdaq screener download,2026-08-09T14:32:06+00:00
BEAT,医疗保健,Health Care,Medical/Dental Instruments,Nasdaq screener download,2026-08-09T14:32:06+00:00
BEEP,金融,Finance,Real Estate,Nasdaq screener download,2026-08-09T14:32:06+00:00
BENF,金融,Finance,Finance: Consumer Services,Nasdaq screener download,2026-08-09T14:32:06+00:00
BETR,金融,Finance,Finance: Consumer Services,Nasdaq screener download,2026-08-09T14:32:06+00:00
BFC,金融,Finance,Major Banks,Nasdaq screener download,2026-08-09T14:32:06+00:00
BFRG,医疗保健,Health Care,Biotechnology: Pharmaceutical Preparations,Nasdaq screener download,2026-08-09T14:32:06+00:00
BFRI,医疗保健,Health Care,Biotechnology: Pharmaceutical Preparations,Nasdaq screener download,2026-08-09T14:32:06+00:00
BFST,金融,Finance,Major Banks,Nasdaq screener download,2026-08-09T14:32:06+00:00
BGC,金融,Finance,Investment Bankers/Brokers/Service,Nasdaq screener download,2026-08-09T14:32:06+00:00
BGDE,金融,Finance,Finance: Consumer Services,Nasdaq screener download,2026-08-09T14:32:06+00:00
BGIN,金融,Finance,Finance: Consumer Services,Nasdaq screener download,2026-08-09T14:32:06+00:00
BGL,原材料,Basic Materials,Metal Mining,Nasdaq screener download,2026-08-09T14:32:06+00:00
BGLC,医疗保健,Health Care,Medical Specialities,Nasdaq screener download,2026-08-09T14:32:06+00:00
BGM,医疗保健,Health Care,Biotechnology: Pharmaceutical Preparations,Nasdaq screener download,2026-08-09T14:32:06+00:00
BGMS,医疗保健,Health Care,Biotechnology: Pharmaceutical Preparations,Nasdaq screener download,2026-08-09T14:32:06+00:00
BHAV,金融,Finance,Blank Checks,Nasdaq screener download,2026-08-09T14:32:06+00:00
BHRB,金融,Finance,Major Banks,Nasdaq screener download,2026-08-09T14:32:06+00:00
BIAF,医疗保健,Health Care,Biotechnology: Commercial Physical & Biological Resarch,Nasdaq screener download,2026-08-09T14:32:06+00:00
BIIB,医疗保健,Health Care,Biotechnology: Biological Products (No Diagnostic Substances),Nasdaq screener download,2026-08-09T14:32:06+00:00
BIOA,医疗保健,Health Care,Biotechnology: Pharmaceutical Preparations,Nasdaq screener download,2026-08-09T14:32:06+00:00
BIOX,工业,Industrials,Agricultural Chemicals,Nasdaq screener download,2026-08-09T14:32:06+00:00
BIRD,非必需消费,Consumer Discretionary,Apparel,Nasdaq screener download,2026-08-09T14:32:06+00:00
BIVI,医疗保健,Health Care,Biotechnology: Pharmaceutical Preparations,Nasdaq screener download,2026-08-09T14:32:06+00:00
BIYA,非必需消费,Consumer Discretionary,Diversified Commercial Services,Nasdaq screener download,2026-08-09T14:32:06+00:00
BJDX,医疗保健,Health Care,Medical/Dental Instruments,Nasdaq screener download,2026-08-09T14:32:06+00:00
BJRI,非必需消费,Consumer Discretionary,Restaurants,Nasdaq screener download,2026-08-09T14:32:06+00:00
BKHA,医疗保健,Health Care,Biotechnology: Biological Products (No Diagnostic Substances),Nasdaq screener download,2026-08-09T14:32:06+00:00
BKNG,非必需消费,Consumer Discretionary,Transportation Services,Nasdaq screener download,2026-08-09T14:32:06+00:00
BKR,非必需消费,Consumer Discretionary,Oil and Gas Field Machinery,Nasdaq screener download,2026-08-09T14:32:06+00:00
BKYI,信息技术,Technology,Computer Software: Prepackaged Software,Nasdaq screener download,2026-08-09T14:32:06+00:00
BL,信息技术,Technology,Computer Software: Prepackaged Software,Nasdaq screener download,2026-08-09T14:32:06+00:00
BLBD,非必需消费,Consumer Discretionary,Construction/Ag Equipment/Trucks,Nasdaq screener download,2026-08-09T14:32:06+00:00
BLFS,医疗保健,Health Care,Biotechnology: Electromedical & Electrotherapeutic Apparatus,Nasdaq screener download,2026-08-09T14:32:06+00:00
BLIN,信息技术,Technology,Computer Software: Prepackaged Software,Nasdaq screener download,2026-08-09T14:32:06+00:00
BLKB,信息技术,Technology,Computer Software: Prepackaged Software,Nasdaq screener download,2026-08-09T14:32:06+00:00
BLLN,医疗保健,Health Care,Medical Specialities,Nasdaq screener download,2026-08-09T14:32:06+00:00
BLMN,非必需消费,Consumer Discretionary,Restaurants,Nasdaq screener download,2026-08-09T14:32:06+00:00
BLNE,金融,Finance,Finance: Consumer Services,Nasdaq screener download,2026-08-09T14:32:06+00:00
BLZE,信息技术,Technology,Computer Software: Prepackaged Software,Nasdaq screener download,2026-08-09T14:32:06+00:00
BLZR,金融,Finance,Blank Checks,Nasdaq screener download,2026-08-09T14:32:06+00:00
BMBL,信息技术,Technology,Computer Software: Programming Data Processing,Nasdaq screener download,2026-08-09T14:32:06+00:00
BMEA,医疗保健,Health Care,Biotechnology: Pharmaceutical Preparations,Nasdaq screener download,2026-08-09T14:32:06+00:00
BMGL,医疗保健,Health Care,Medical/Nursing Services,Nasdaq screener download,2026-08-09T14:32:06+00:00
BMHL,金融,Finance,Finance: Consumer Services,Nasdaq screener download,2026-08-09T14:32:06+00:00
BMRA,医疗保健,Health Care,Biotechnology: In Vitro & In Vivo Diagnostic Substances,Nasdaq screener download,2026-08-09T14:32:06+00:00
BMRC,金融,Finance,Major Banks,Nasdaq screener download,2026-08-09T14:32:06+00:00
BMRN,医疗保健,Health Care,Biotechnology: Pharmaceutical Preparations,Nasdaq screener download,2026-08-09T14:32:06+00:00
BNAI,信息技术,Technology,EDP Services,Nasdaq screener download,2026-08-09T14:32:06+00:00
BNC,必需消费,Consumer Staples,Farming/Seeds/Milling,Nasdaq screener download,2026-08-09T14:32:06+00:00
BNGO,工业,Industrials,Biotechnology: Laboratory Analytical Instruments,Nasdaq screener download,2026-08-09T14:32:06+00:00
BNKK,非必需消费,Consumer Discretionary,Package Goods/Cosmetics,Nasdaq screener download,2026-08-09T14:32:06+00:00
BNRG,工业,Industrials,Building Products,Nasdaq screener download,2026-08-09T14:32:06+00:00
BNTC,医疗保健,Health Care,Biotechnology: Pharmaceutical Preparations,Nasdaq screener download,2026-08-09T14:32:06+00:00
BODI,非必需消费,Consumer Discretionary,Other Consumer Services,Nasdaq screener download,2026-08-09T14:32:06+00:00
BOF,必需消费,Consumer Staples,Packaged Foods,Nasdaq screener download,2026-08-09T14:32:06+00:00
BOKF,金融,Finance,Major Banks,Nasdaq screener download,2026-08-09T14:32:06+00:00
BOLD,医疗保健,Health Care,Biotechnology: Pharmaceutical Preparations,Nasdaq screener download,2026-08-09T14:32:06+00:00
BOLT,医疗保健,Health Care,Biotechnology: Pharmaceutical Preparations,Nasdaq screener download,2026-08-09T14:32:06+00:00
BON,医疗保健,Health Care,Medicinal Chemicals and Botanical Products,Nasdaq screener download,2026-08-09T14:32:06+00:00
BOOM,工业,Industrials,Industrial Specialties,Nasdaq screener download,2026-08-09T14:32:06+00:00
BOSC,通信服务,Telecommunications,Computer Communications Equipment,Nasdaq screener download,2026-08-09T14:32:06+00:00
BOTJ,金融,Finance,Major Banks,Nasdaq screener download,2026-08-09T14:32:06+00:00
BOXL,房地产,Real Estate,Other Consumer Services,Nasdaq screener download,2026-08-09T14:32:06+00:00
BPOP,金融,Finance,Major Banks,Nasdaq screener download,2026-08-09T14:32:06+00:00
BPRN,金融,Finance,Major Banks,Nasdaq screener download,2026-08-09T14:32:06+00:00
BRAI,信息技术,Technology,EDP Services,Nasdaq screener download,2026-08-09T14:32:06+00:00
BRCB,非必需消费,Consumer Discretionary,Restaurants,Nasdaq screener download,2026-08-09T14:32:06+00:00
BREZ,金融,Finance,Blank Checks,Nasdaq screener download,2026-08-09T14:32:06+00:00
BRFH,必需消费,Consumer Staples,Packaged Foods,Nasdaq screener download,2026-08-09T14:32:06+00:00
BRID,必需消费,Consumer Staples,Specialty Foods,Nasdaq screener download,2026-08-09T14:32:06+00:00
BRKH,金融,Finance,Blank Checks,Nasdaq screener download,2026-08-09T14:32:06+00:00
BRKR,工业,Industrials,Biotechnology: Laboratory Analytical Instruments,Nasdaq screener download,2026-08-09T14:32:06+00:00
BRLT,非必需消费,Consumer Discretionary,Consumer Specialties,Nasdaq screener download,2026-08-09T14:32:06+00:00
BRR,金融,Finance,Finance: Consumer Services,Nasdaq screener download,2026-08-09T14:32:06+00:00
BRTX,医疗保健,Health Care,Managed Health Care,Nasdaq screener download,2026-08-09T14:32:06+00:00
BRUN,信息技术,Technology,EDP Services,Nasdaq screener download,2026-08-09T14:32:06+00:00
BRZE,信息技术,Technology,Computer Software: Prepackaged Software,Nasdaq screener download,2026-08-09T14:32:06+00:00
BSAA,金融,Finance,Blank Checks,Nasdaq screener download,2026-08-09T14:32:06+00:00
BSBK,金融,Finance,Banks,Nasdaq screener download,2026-08-09T14:32:06+00:00
BSET,非必需消费,Consumer Discretionary,Home Furnishings,Nasdaq screener download,2026-08-09T14:32:06+00:00
BSIN,能源,Energy,Oil & Gas Production,Nasdaq screener download,2026-08-09T14:32:06+00:00
BSP,信息技术,Technology,Computer Software: Programming Data Processing,Nasdaq screener download,2026-08-09T14:32:06+00:00
BSRR,金融,Finance,Major Banks,Nasdaq screener download,2026-08-09T14:32:06+00:00
BSVN,金融,Finance,Major Banks,Nasdaq screener download,2026-08-09T14:32:06+00:00
BSY,信息技术,Technology,Computer Software: Prepackaged Software,Nasdaq screener download,2026-08-09T14:32:06+00:00
BTAI,医疗保健,Health Care,Biotechnology: Pharmaceutical Preparations,Nasdaq screener download,2026-08-09T14:32:06+00:00
BTBD,非必需消费,Consumer Discretionary,Restaurants,Nasdaq screener download,2026-08-09T14:32:06+00:00
BTBT,金融,Finance,Finance: Consumer Services,Nasdaq screener download,2026-08-09T14:32:06+00:00
BTCS,金融,Finance,Finance: Consumer Services,Nasdaq screener download,2026-08-09T14:32:06+00:00
BTCT,金融,Finance,Finance: Consumer Services,Nasdaq screener download,2026-08-09T14:32:06+00:00
BTDR,金融,Finance,Finance: Consumer Services,Nasdaq screener download,2026-08-09T14:32:06+00:00
BTMD,医疗保健,Health Care,Medicinal Chemicals and Botanical Products,Nasdaq screener download,2026-08-09T14:32:06+00:00
BTOC,非必需消费,Consumer Discretionary,Office Equipment/Supplies/Services,Nasdaq screener download,2026-08-09T14:32:06+00:00
BTOG,金融,Finance,Finance: Consumer Services,Nasdaq screener download,2026-08-09T14:32:06+00:00
BTTC,医疗保健,Health Care,Biotechnology: Biological Products (No Diagnostic Substances),Nasdaq screener download,2026-08-09T14:32:06+00:00
BULL,金融,Finance,Investment Bankers/Brokers/Service,Nasdaq screener download,2026-08-09T14:32:06+00:00
BUSE,金融,Finance,Major Banks,Nasdaq screener download,2026-08-09T14:32:06+00:00
BVC,金融,Finance,Investment Managers,Nasdaq screener download,2026-08-09T14:32:06+00:00
BVFL,金融,Finance,Savings Institutions,Nasdaq screener download,2026-08-09T14:32:06+00:00
BVS,医疗保健,Health Care,Medical/Dental Instruments,Nasdaq screener download,2026-08-09T14:32:06+00:00
BWB,金融,Finance,Major Banks,Nasdaq screener download,2026-08-09T14:32:06+00:00
BWEN,通信服务,Telecommunications,Metal Fabrications,Nasdaq screener download,2026-08-09T14:32:06+00:00
BWFG,金融,Finance,Major Banks,Nasdaq screener download,2026-08-09T14:32:06+00:00
BWIN,金融,Finance,Specialty Insurers,Nasdaq screener download,2026-08-09T14:32:06+00:00
BWMN,非必需消费,Consumer Discretionary,Professional Services,Nasdaq screener download,2026-08-09T14:32:06+00:00
BYAH,非必需消费,Consumer Discretionary,Package Goods/Cosmetics,Nasdaq screener download,2026-08-09T14:32:06+00:00
BYFC,金融,Finance,Savings Institutions,Nasdaq screener download,2026-08-09T14:32:06+00:00
BYND,必需消费,Consumer Staples,Packaged Foods,Nasdaq screener download,2026-08-09T14:32:06+00:00
BYSI,医疗保健,Health Care,Biotechnology: Pharmaceutical Preparations,Nasdaq screener download,2026-08-09T14:32:06+00:00
BZAI,信息技术,Technology,Semiconductors,Nasdaq screener download,2026-08-09T14:32:06+00:00
BZFD,非必需消费,Consumer Discretionary,Telecommunications Equipment,Nasdaq screener download,2026-08-09T14:32:06+00:00
CABA,医疗保健,Health Care,Biotechnology: Biological Products (No Diagnostic Substances),Nasdaq screener download,2026-08-09T14:32:06+00:00
CABR,非必需消费,Consumer Discretionary,Package Goods/Cosmetics,Nasdaq screener download,2026-08-09T14:32:06+00:00
CAC,金融,Finance,Major Banks,Nasdaq screener download,2026-08-09T14:32:06+00:00
CACC,金融,Finance,Finance: Consumer Services,Nasdaq screener download,2026-08-09T14:32:06+00:00
CADL,医疗保健,Health Care,Biotechnology: Biological Products (No Diagnostic Substances),Nasdaq screener download,2026-08-09T14:32:06+00:00
CAES,金融,Finance,Blank Checks,Nasdaq screener download,2026-08-09T14:32:06+00:00
CAI,医疗保健,Health Care,Medical Specialities,Nasdaq screener download,2026-08-09T14:32:06+00:00
CAII,金融,Finance,Blank Checks,Nasdaq screener download,2026-08-09T14:32:06+00:00
CAKE,非必需消费,Consumer Discretionary,Restaurants,Nasdaq screener download,2026-08-09T14:32:06+00:00
CALC,医疗保健,Health Care,Biotechnology: Pharmaceutical Preparations,Nasdaq screener download,2026-08-09T14:32:06+00:00
CALM,必需消费,Consumer Staples,Farming/Seeds/Milling,Nasdaq screener download,2026-08-09T14:32:06+00:00
CAMP,医疗保健,Health Care,Biotechnology: Pharmaceutical Preparations,Nasdaq screener download,2026-08-09T14:32:06+00:00
CAMT,信息技术,Technology,Electronic Components,Nasdaq screener download,2026-08-09T14:32:06+00:00
CAPR,医疗保健,Health Care,Biotechnology: Pharmaceutical Preparations,Nasdaq screener download,2026-08-09T14:32:06+00:00
CAPS,医疗保健,Health Care,Biotechnology: Pharmaceutical Preparations,Nasdaq screener download,2026-08-09T14:32:06+00:00
CAR,非必需消费,Consumer Discretionary,Rental/Leasing Companies,Nasdaq screener download,2026-08-09T14:32:06+00:00
CARE,金融,Finance,Major Banks,Nasdaq screener download,2026-08-09T14:32:06+00:00
CARG,信息技术,Technology,EDP Services,Nasdaq screener download,2026-08-09T14:32:06+00:00
CARL,医疗保健,Health Care,Medical/Dental Instruments,Nasdaq screener download,2026-08-09T14:32:06+00:00
CART,非必需消费,Consumer Discretionary,Business Services,Nasdaq screener download,2026-08-09T14:32:06+00:00
CASH,金融,Finance,Major Banks,Nasdaq screener download,2026-08-09T14:32:06+00:00
CASS,非必需消费,Consumer Discretionary,Business Services,Nasdaq screener download,2026-08-09T14:32:06+00:00
CAST,信息技术,Technology,EDP Services,Nasdaq screener download,2026-08-09T14:32:06+00:00
CASY,非必需消费,Consumer Discretionary,Retail-Auto Dealers and Gas Stations,Nasdaq screener download,2026-08-09T14:32:06+00:00
CATY,金融,Finance,Major Banks,Nasdaq screener download,2026-08-09T14:32:06+00:00
CBC,金融,Finance,Major Banks,Nasdaq screener download,2026-08-09T14:32:06+00:00
CBFV,金融,Finance,Major Banks,Nasdaq screener download,2026-08-09T14:32:06+00:00
CBIO,医疗保健,Health Care,Biotechnology: Pharmaceutical Preparations,Nasdaq screener download,2026-08-09T14:32:06+00:00
CBK,金融,Finance,Major Banks,Nasdaq screener download,2026-08-09T14:32:06+00:00
CBLL,医疗保健,Health Care,Biotechnology: Electromedical & Electrotherapeutic Apparatus,Nasdaq screener download,2026-08-09T14:32:06+00:00
CBNK,金融,Finance,Major Banks,Nasdaq screener download,2026-08-09T14:32:06+00:00
CBRL,非必需消费,Consumer Discretionary,Restaurants,Nasdaq screener download,2026-08-09T14:32:06+00:00
CBRS,信息技术,Technology,Semiconductors,Nasdaq screener download,2026-08-09T14:32:06+00:00
CBSH,金融,Finance,Major Banks,Nasdaq screener download,2026-08-09T14:32:06+00:00
CBUS,工业,Industrials,Agricultural Chemicals,Nasdaq screener download,2026-08-09T14:32:06+00:00
CCAP,金融,Finance,Finance: Consumer Services,Nasdaq screener download,2026-08-09T14:32:06+00:00
CCAQ,金融,Finance,Blank Checks,Nasdaq screener download,2026-08-09T14:32:06+00:00
CCB,金融,Finance,Major Banks,Nasdaq screener download,2026-08-09T14:32:06+00:00
CCBG,金融,Finance,Major Banks,Nasdaq screener download,2026-08-09T14:32:06+00:00
CCC,信息技术,Technology,Computer Software: Prepackaged Software,Nasdaq screener download,2026-08-09T14:32:06+00:00
CCCC,医疗保健,Health Care,Biotechnology: Biological Products (No Diagnostic Substances),Nasdaq screener download,2026-08-09T14:32:06+00:00
CCEP,必需消费,Consumer Staples,Beverages (Production/Distribution),Nasdaq screener download,2026-08-09T14:32:06+00:00
CCG,金融,Finance,Specialty Insurers,Nasdaq screener download,2026-08-09T14:32:06+00:00
CCHH,非必需消费,Consumer Discretionary,Restaurants,Nasdaq screener download,2026-08-09T14:32:06+00:00
CCLD,信息技术,Technology,Computer Software: Prepackaged Software,Nasdaq screener download,2026-08-09T14:32:06+00:00
CCNE,金融,Finance,Major Banks,Nasdaq screener download,2026-08-09T14:32:06+00:00
CCSI,信息技术,Technology,Computer Software: Prepackaged Software,Nasdaq screener download,2026-08-09T14:32:06+00:00
CCTG,非必需消费,Consumer Discretionary,Building Products,Nasdaq screener download,2026-08-09T14:32:06+00:00
CCXI,金融,Finance,Blank Checks,Nasdaq screener download,2026-08-09T14:32:06+00:00
CD,金融,Finance,Finance: Consumer Services,Nasdaq screener download,2026-08-09T14:32:06+00:00
CDIO,医疗保健,Health Care,Biotechnology: In Vitro & In Vivo Diagnostic Substances,Nasdaq screener download,2026-08-09T14:32:06+00:00
CDLX,信息技术,Technology,Computer Software: Programming Data Processing,Nasdaq screener download,2026-08-09T14:32:06+00:00
CDNA,医疗保健,Health Care,Medical Specialities,Nasdaq screener download,2026-08-09T14:32:06+00:00
CDNL,工业,Industrials,Military/Government/Technical,Nasdaq screener download,2026-08-09T14:32:06+00:00
CDNS,信息技术,Technology,Computer Software: Prepackaged Software,Nasdaq screener download,2026-08-09T14:32:06+00:00
CDRO,非必需消费,Consumer Discretionary,Services-Misc. Amusement & Recreation,Nasdaq screener download,2026-08-09T14:32:06+00:00
CDT,医疗保健,Health Care,Biotechnology: Pharmaceutical Preparations,Nasdaq screener download,2026-08-09T14:32:06+00:00
CDTG,工业,Industrials,Miscellaneous,Nasdaq screener download,2026-08-09T14:32:06+00:00
CDW,非必需消费,Consumer Discretionary,Catalog/Specialty Distribution,Nasdaq screener download,2026-08-09T14:32:06+00:00
CDXS,工业,Industrials,Major Chemicals,Nasdaq screener download,2026-08-09T14:32:06+00:00
CDZI,公用事业,Utilities,Water Supply,Nasdaq screener download,2026-08-09T14:32:06+00:00
CECO,工业,Industrials,Pollution Control Equipment,Nasdaq screener download,2026-08-09T14:32:06+00:00
CEG,公用事业,Utilities,Electric Utilities: Central,Nasdaq screener download,2026-08-09T14:32:06+00:00
CELC,医疗保健,Health Care,Medical Specialities,Nasdaq screener download,2026-08-09T14:32:06+00:00
CELH,必需消费,Consumer Staples,Beverages (Production/Distribution),Nasdaq screener download,2026-08-09T14:32:06+00:00
CELU,医疗保健,Health Care,Biotechnology: Pharmaceutical Preparations,Nasdaq screener download,2026-08-09T14:32:06+00:00
CELZ,医疗保健,Health Care,Biotechnology: Biological Products (No Diagnostic Substances),Nasdaq screener download,2026-08-09T14:32:06+00:00
CENN,工业,Industrials,Auto Manufacturing,Nasdaq screener download,2026-08-09T14:32:06+00:00
CENT,非必需消费,Consumer Discretionary,Consumer Specialties,Nasdaq screener download,2026-08-09T14:32:06+00:00
CENTA,非必需消费,Consumer Discretionary,Consumer Specialties,Nasdaq screener download,2026-08-09T14:32:06+00:00
CENX,工业,Industrials,Aluminum,Nasdaq screener download,2026-08-09T14:32:06+00:00
CEPF,金融,Finance,Blank Checks,Nasdaq screener download,2026-08-09T14:32:06+00:00
CEPL,工业,Industrials,Industrial Machinery/Components,Nasdaq screener download,2026-08-09T14:32:06+00:00
CEPO,金融,Finance,Blank Checks,Nasdaq screener download,2026-08-09T14:32:06+00:00
CEPS,金融,Finance,Blank Checks,Nasdaq screener download,2026-08-09T14:32:06+00:00
CERS,医疗保健,Health Care,Medical/Dental Instruments,Nasdaq screener download,2026-08-09T14:32:06+00:00
CERT,信息技术,Technology,Computer Software: Prepackaged Software,Nasdaq screener download,2026-08-09T14:32:06+00:00
CETX,信息技术,Technology,Electrical Products,Nasdaq screener download,2026-08-09T14:32:06+00:00
CETY,公用事业,Utilities,Oil/Gas Transmission,Nasdaq screener download,2026-08-09T14:32:06+00:00
CEVA,信息技术,Technology,Computer Software: Programming Data Processing,Nasdaq screener download,2026-08-09T14:32:06+00:00
CFBK,金融,Finance,Major Banks,Nasdaq screener download,2026-08-09T14:32:06+00:00
CFFI,金融,Finance,Major Banks,Nasdaq screener download,2026-08-09T14:32:06+00:00
CFFN,金融,Finance,Savings Institutions,Nasdaq screener download,2026-08-09T14:32:06+00:00
CG,金融,Finance,Investment Managers,Nasdaq screener download,2026-08-09T14:32:06+00:00
CGBD,金融,Finance,Finance: Consumer Services,Nasdaq screener download,2026-08-09T14:32:06+00:00
CGEM,医疗保健,Health Care,Biotechnology: Biological Products (No Diagnostic Substances),Nasdaq screener download,2026-08-09T14:32:06+00:00
CGEN,医疗保健,Health Care,Biotechnology: Biological Products (No Diagnostic Substances),Nasdaq screener download,2026-08-09T14:32:06+00:00
CGNT,信息技术,Technology,Computer Software: Prepackaged Software,Nasdaq screener download,2026-08-09T14:32:06+00:00
CGNX,工业,Industrials,Industrial Machinery/Components,Nasdaq screener download,2026-08-09T14:32:06+00:00
CGON,医疗保健,Health Care,Biotechnology: Biological Products (No Diagnostic Substances),Nasdaq screener download,2026-08-09T14:32:06+00:00
CGTL,信息技术,Technology,Retail: Computer Software & Peripheral Equipment,Nasdaq screener download,2026-08-09T14:32:06+00:00
CGTX,医疗保健,Health Care,Biotechnology: Biological Products (No Diagnostic Substances),Nasdaq screener download,2026-08-09T14:32:06+00:00
CHCI,金融,Finance,Real Estate,Nasdaq screener download,2026-08-09T14:32:06+00:00
CHCO,金融,Finance,Major Banks,Nasdaq screener download,2026-08-09T14:32:06+00:00
CHDN,非必需消费,Consumer Discretionary,Services-Misc. Amusement & Recreation,Nasdaq screener download,2026-08-09T14:32:06+00:00
CHEF,非必需消费,Consumer Discretionary,Food Distributors,Nasdaq screener download,2026-08-09T14:32:06+00:00
CHKP,信息技术,Technology,Computer Software: Prepackaged Software,Nasdaq screener download,2026-08-09T14:32:06+00:00
CHMG,金融,Finance,Major Banks,Nasdaq screener download,2026-08-09T14:32:06+00:00
CHNR,原材料,Basic Materials,Precious Metals,Nasdaq screener download,2026-08-09T14:32:06+00:00
CHRD,能源,Energy,Oil & Gas Production,Nasdaq screener download,2026-08-09T14:32:06+00:00
CHRN,工业,Industrials,Industrial Machinery/Components,Nasdaq screener download,2026-08-09T14:32:06+00:00
CHRS,医疗保健,Health Care,Biotechnology: Biological Products (No Diagnostic Substances),Nasdaq screener download,2026-08-09T14:32:06+00:00
CHRW,工业,Industrials,Integrated Freight & Logistics,Nasdaq screener download,2026-08-09T14:32:06+00:00
CHSN,必需消费,Consumer Staples,Packaged Foods,Nasdaq screener download,2026-08-09T14:32:06+00:00
CHTR,通信服务,Telecommunications,Cable & Other Pay Television Services,Nasdaq screener download,2026-08-09T14:32:06+00:00
CHYM,金融,Finance,Finance: Consumer Services,Nasdaq screener download,2026-08-09T14:32:06+00:00
CIFR,金融,Finance,Finance: Consumer Services,Nasdaq screener download,2026-08-09T14:32:06+00:00
CIIT,通信服务,Telecommunications,Computer Communications Equipment,Nasdaq screener download,2026-08-09T14:32:06+00:00
CINF,金融,Finance,Property-Casualty Insurers,Nasdaq screener download,2026-08-09T14:32:06+00:00
CING,医疗保健,Health Care,Biotechnology: Pharmaceutical Preparations,Nasdaq screener download,2026-08-09T14:32:06+00:00
CIRC,工业,Industrials,Biotechnology: Laboratory Analytical Instruments,Nasdaq screener download,2026-08-09T14:32:06+00:00
CISO,非必需消费,Consumer Discretionary,Professional Services,Nasdaq screener download,2026-08-09T14:32:06+00:00
CISS,非必需消费,Consumer Discretionary,Marine Transportation,Nasdaq screener download,2026-08-09T14:32:06+00:00
CIVB,金融,Finance,Major Banks,Nasdaq screener download,2026-08-09T14:32:06+00:00
CJMB,非必需消费,Consumer Discretionary,Business Services,Nasdaq screener download,2026-08-09T14:32:06+00:00
CLAR,非必需消费,Consumer Discretionary,Recreational Games/Products/Toys,Nasdaq screener download,2026-08-09T14:32:06+00:00
CLBK,金融,Finance,Savings Institutions,Nasdaq screener download,2026-08-09T14:32:06+00:00
CLBT,信息技术,Technology,Computer Software: Prepackaged Software,Nasdaq screener download,2026-08-09T14:32:06+00:00
CLFD,公用事业,Utilities,Telecommunications Equipment,Nasdaq screener download,2026-08-09T14:32:06+00:00
CLGN,医疗保健,Health Care,Industrial Specialties,Nasdaq screener download,2026-08-09T14:32:06+00:00
CLIR,工业,Industrials,Industrial Machinery/Components,Nasdaq screener download,2026-08-09T14:32:06+00:00
CLMB,信息技术,Technology,Retail: Computer Software & Peripheral Equipment,Nasdaq screener download,2026-08-09T14:32:06+00:00
CLMT,能源,Energy,Integrated oil Companies,Nasdaq screener download,2026-08-09T14:32:06+00:00
CLNE,公用事业,Utilities,Natural Gas Distribution,Nasdaq screener download,2026-08-09T14:32:06+00:00
CLNN,医疗保健,Health Care,Biotechnology: Pharmaceutical Preparations,Nasdaq screener download,2026-08-09T14:32:06+00:00
CLOV,医疗保健,Health Care,Medical Specialities,Nasdaq screener download,2026-08-09T14:32:06+00:00
CLPS,信息技术,Technology,Computer Software: Prepackaged Software,Nasdaq screener download,2026-08-09T14:32:06+00:00
CLPT,医疗保健,Health Care,Medical/Dental Instruments,Nasdaq screener download,2026-08-09T14:32:06+00:00
CLRB,医疗保健,Health Care,Biotechnology: Pharmaceutical Preparations,Nasdaq screener download,2026-08-09T14:32:06+00:00
CLRO,公用事业,Utilities,Telecommunications Equipment,Nasdaq screener download,2026-08-09T14:32:06+00:00
CLSK,金融,Finance,Finance: Consumer Services,Nasdaq screener download,2026-08-09T14:32:06+00:00
CLST,金融,Finance,Savings Institutions,Nasdaq screener download,2026-08-09T14:32:06+00:00
CLWT,非必需消费,Consumer Discretionary,Professional and commerical equipment,Nasdaq screener download,2026-08-09T14:32:06+00:00
CLYM,医疗保健,Health Care,Biotechnology: Pharmaceutical Preparations,Nasdaq screener download,2026-08-09T14:32:06+00:00
CMCO,工业,Industrials,Construction/Ag Equipment/Trucks,Nasdaq screener download,2026-08-09T14:32:06+00:00
CMCSA,通信服务,Telecommunications,Cable & Other Pay Television Services,Nasdaq screener download,2026-08-09T14:32:06+00:00
CME,金融,Finance,Investment Bankers/Brokers/Service,Nasdaq screener download,2026-08-09T14:32:06+00:00
CMII,金融,Finance,Blank Checks,Nasdaq screener download,2026-08-09T14:32:06+00:00
CMPR,非必需消费,Consumer Discretionary,Publishing,Nasdaq screener download,2026-08-09T14:32:06+00:00
CMPX,医疗保健,Health Care,Biotechnology: Biological Products (No Diagnostic Substances),Nasdaq screener download,2026-08-09T14:32:06+00:00
CMRC,信息技术,Technology,Computer Software: Prepackaged Software,Nasdaq screener download,2026-08-09T14:32:06+00:00
CMTL,信息技术,Technology,Radio And Television Broadcasting And Communications Equipment,Nasdaq screener download,2026-08-09T14:32:06+00:00
CNCK,金融,Finance,Finance: Consumer Services,Nasdaq screener download,2026-08-09T14:32:06+00:00
CNDT,非必需消费,Consumer Discretionary,Business Services,Nasdaq screener download,2026-08-09T14:32:06+00:00
CNET,信息技术,Technology,Computer Software: Programming Data Processing,Nasdaq screener download,2026-08-09T14:32:06+00:00
CNEY,工业,Industrials,Major Chemicals,Nasdaq screener download,2026-08-09T14:32:06+00:00
CNOB,金融,Finance,Major Banks,Nasdaq screener download,2026-08-09T14:32:06+00:00
CNSP,医疗保健,Health Care,Biotechnology: Pharmaceutical Preparations,Nasdaq screener download,2026-08-09T14:32:06+00:00
CNTB,医疗保健,Health Care,Biotechnology: Pharmaceutical Preparations,Nasdaq screener download,2026-08-09T14:32:06+00:00
CNTN,医疗保健,Health Care,Biotechnology: Pharmaceutical Preparations,Nasdaq screener download,2026-08-09T14:32:06+00:00
CNTX,医疗保健,Health Care,Biotechnology: Pharmaceutical Preparations,Nasdaq screener download,2026-08-09T14:32:06+00:00
CNTY,非必需消费,Consumer Discretionary,Hotels/Resorts,Nasdaq screener download,2026-08-09T14:32:06+00:00
CNVS,非必需消费,Consumer Discretionary,Consumer Electronics/Video Chains,Nasdaq screener download,2026-08-09T14:32:06+00:00
CNXC,信息技术,Technology,Computer Software: Prepackaged Software,Nasdaq screener download,2026-08-09T14:32:06+00:00
CNXN,非必需消费,Consumer Discretionary,Catalog/Specialty Distribution,Nasdaq screener download,2026-08-09T14:32:06+00:00
CNXU,医疗保健,Health Care,Industrial Specialties,Nasdaq screener download,2026-08-09T14:32:06+00:00
COAG,医疗保健,Health Care,Biotechnology: Biological Products (No Diagnostic Substances),Nasdaq screener download,2026-08-09T14:32:06+00:00
COCH,医疗保健,Health Care,Industrial Specialties,Nasdaq screener download,2026-08-09T14:32:06+00:00
COCO,必需消费,Consumer Staples,Beverages (Production/Distribution),Nasdaq screener download,2026-08-09T14:32:06+00:00
COCP,医疗保健,Health Care,Biotechnology: Pharmaceutical Preparations,Nasdaq screener download,2026-08-09T14:32:06+00:00
CODA,工业,Industrials,Industrial Machinery/Components,Nasdaq screener download,2026-08-09T14:32:06+00:00
CODX,医疗保健,Health Care,Medical/Dental Instruments,Nasdaq screener download,2026-08-09T14:32:06+00:00
COFS,金融,Finance,Major Banks,Nasdaq screener download,2026-08-09T14:32:06+00:00
COGT,医疗保健,Health Care,Biotechnology: Pharmaceutical Preparations,Nasdaq screener download,2026-08-09T14:32:06+00:00
COHU,工业,Industrials,Electrical Products,Nasdaq screener download,2026-08-09T14:32:06+00:00
COIN,金融,Finance,Finance: Consumer Services,Nasdaq screener download,2026-08-09T14:32:06+00:00
COKE,必需消费,Consumer Staples,Beverages (Production/Distribution),Nasdaq screener download,2026-08-09T14:32:06+00:00
COLA,金融,Finance,Blank Checks,Nasdaq screener download,2026-08-09T14:32:06+00:00
COLB,金融,Finance,Major Banks,Nasdaq screener download,2026-08-09T14:32:06+00:00
COLL,医疗保健,Health Care,Biotechnology: Pharmaceutical Preparations,Nasdaq screener download,2026-08-09T14:32:06+00:00
COLM,非必需消费,Consumer Discretionary,Apparel,Nasdaq screener download,2026-08-09T14:32:06+00:00
COO,医疗保健,Health Care,Ophthalmic Goods,Nasdaq screener download,2026-08-09T14:32:06+00:00
COOT,必需消费,Consumer Staples,Packaged Foods,Nasdaq screener download,2026-08-09T14:32:06+00:00
CORT,医疗保健,Health Care,Biotechnology: Pharmaceutical Preparations,Nasdaq screener download,2026-08-09T14:32:06+00:00
CORZ,金融,Finance,Finance: Consumer Services,Nasdaq screener download,2026-08-09T14:32:06+00:00
COSM,医疗保健,Health Care,Other Pharmaceuticals,Nasdaq screener download,2026-08-09T14:32:06+00:00
COST,非必需消费,Consumer Discretionary,Department/Specialty Retail Stores,Nasdaq screener download,2026-08-09T14:32:06+00:00
COYA,医疗保健,Health Care,Biotechnology: Pharmaceutical Preparations,Nasdaq screener download,2026-08-09T14:32:06+00:00
CPB,必需消费,Consumer Staples,Packaged Foods,Nasdaq screener download,2026-08-09T14:32:06+00:00
CPBI,金融,Finance,Savings Institutions,Nasdaq screener download,2026-08-09T14:32:06+00:00
CPHC,非必需消费,Consumer Discretionary,Services-Misc. Amusement & Recreation,Nasdaq screener download,2026-08-09T14:32:06+00:00
CPIX,医疗保健,Health Care,Biotechnology: Pharmaceutical Preparations,Nasdaq screener download,2026-08-09T14:32:06+00:00
CPOP,非必需消费,Consumer Discretionary,Services-Misc. Amusement & Recreation,Nasdaq screener download,2026-08-09T14:32:06+00:00
CPRT,非必需消费,Consumer Discretionary,Retail-Auto Dealers and Gas Stations,Nasdaq screener download,2026-08-09T14:32:06+00:00
CPSH,非必需消费,Consumer Discretionary,Building Materials,Nasdaq screener download,2026-08-09T14:32:06+00:00
CPSS,金融,Finance,Finance: Consumer Services,Nasdaq screener download,2026-08-09T14:32:06+00:00
CRAI,非必需消费,Consumer Discretionary,Other Consumer Services,Nasdaq screener download,2026-08-09T14:32:06+00:00
CRAN,金融,Finance,Blank Checks,Nasdaq screener download,2026-08-09T14:32:06+00:00
CRAQ,金融,Finance,Blank Checks,Nasdaq screener download,2026-08-09T14:32:06+00:00
CRBP,医疗保健,Health Care,Biotechnology: Pharmaceutical Preparations,Nasdaq screener download,2026-08-09T14:32:06+00:00
CRBU,医疗保健,Health Care,Biotechnology: Biological Products (No Diagnostic Substances),Nasdaq screener download,2026-08-09T14:32:06+00:00
CRCT,信息技术,Technology,Industrial Machinery/Components,Nasdaq screener download,2026-08-09T14:32:06+00:00
CRDF,医疗保健,Health Care,Biotechnology: Biological Products (No Diagnostic Substances),Nasdaq screener download,2026-08-09T14:32:06+00:00
CRDO,信息技术,Technology,Semiconductors,Nasdaq screener download,2026-08-09T14:32:06+00:00
CRE,非必需消费,Consumer Discretionary,Publishing,Nasdaq screener download,2026-08-09T14:32:06+00:00
CREX,信息技术,Technology,EDP Services,Nasdaq screener download,2026-08-09T14:32:06+00:00
CRGO,工业,Industrials,Integrated Freight & Logistics,Nasdaq screener download,2026-08-09T14:32:06+00:00
CRIS,医疗保健,Health Care,Biotechnology: Biological Products (No Diagnostic Substances),Nasdaq screener download,2026-08-09T14:32:06+00:00
CRMD,医疗保健,Health Care,Biotechnology: Pharmaceutical Preparations,Nasdaq screener download,2026-08-09T14:32:06+00:00
CRML,原材料,Basic Materials,Metal Mining,Nasdaq screener download,2026-08-09T14:32:06+00:00
CRMT,非必需消费,Consumer Discretionary,Retail-Auto Dealers and Gas Stations,Nasdaq screener download,2026-08-09T14:32:06+00:00
CRNC,信息技术,Technology,Computer Software: Prepackaged Software,Nasdaq screener download,2026-08-09T14:32:06+00:00
CRNT,信息技术,Technology,Radio And Television Broadcasting And Communications Equipment,Nasdaq screener download,2026-08-09T14:32:06+00:00
CRNX,医疗保健,Health Care,Biotechnology: Pharmaceutical Preparations,Nasdaq screener download,2026-08-09T14:32:06+00:00
CROX,非必需消费,Consumer Discretionary,Shoe Manufacturing,Nasdaq screener download,2026-08-09T14:32:06+00:00
CRSR,信息技术,Technology,Computer peripheral equipment,Nasdaq screener download,2026-08-09T14:32:06+00:00
CRUS,信息技术,Technology,Semiconductors,Nasdaq screener download,2026-08-09T14:32:06+00:00
CRVL,金融,Finance,Specialty Insurers,Nasdaq screener download,2026-08-09T14:32:06+00:00
CRVO,医疗保健,Health Care,Biotechnology: Pharmaceutical Preparations,Nasdaq screener download,2026-08-09T14:32:06+00:00
CRVS,医疗保健,Health Care,Biotechnology: Pharmaceutical Preparations,Nasdaq screener download,2026-08-09T14:32:06+00:00
CRWD,信息技术,Technology,Computer Software: Prepackaged Software,Nasdaq screener download,2026-08-09T14:32:06+00:00
CRWS,非必需消费,Consumer Discretionary,Textiles,Nasdaq screener download,2026-08-09T14:32:06+00:00
CRWV,信息技术,Technology,Computer Software: Prepackaged Software,Nasdaq screener download,2026-08-09T14:32:06+00:00
CSAI,信息技术,Technology,Computer Software: Programming Data Processing,Nasdaq screener download,2026-08-09T14:32:06+00:00
CSBR,医疗保健,Health Care,Biotechnology: Biological Products (No Diagnostic Substances),Nasdaq screener download,2026-08-09T14:32:06+00:00
CSCO,通信服务,Telecommunications,Computer Communications Equipment,Nasdaq screener download,2026-08-09T14:32:06+00:00
CSGP,金融,Finance,Real Estate,Nasdaq screener download,2026-08-09T14:32:06+00:00
CSHR,金融,Finance,Investment Bankers/Brokers/Service,Nasdaq screener download,2026-08-09T14:32:06+00:00
CSPI,信息技术,Technology,EDP Services,Nasdaq screener download,2026-08-09T14:32:06+00:00
CSQ,金融,Finance,Finance Companies,Nasdaq screener download,2026-08-09T14:32:06+00:00
CSTE,工业,Industrials,Building Materials,Nasdaq screener download,2026-08-09T14:32:06+00:00
CSTL,医疗保健,Health Care,Medical Specialities,Nasdaq screener download,2026-08-09T14:32:06+00:00
CSWC,非必需消费,Consumer Discretionary,Textiles,Nasdaq screener download,2026-08-09T14:32:06+00:00
CSX,工业,Industrials,Railroads,Nasdaq screener download,2026-08-09T14:32:06+00:00
CTAA,金融,Finance,Blank Checks,Nasdaq screener download,2026-08-09T14:32:06+00:00
CTAS,工业,Industrials,Garments and Clothing,Nasdaq screener download,2026-08-09T14:32:06+00:00
CTKB,工业,Industrials,Biotechnology: Laboratory Analytical Instruments,Nasdaq screener download,2026-08-09T14:32:06+00:00
CTMX,医疗保健,Health Care,Biotechnology: Pharmaceutical Preparations,Nasdaq screener download,2026-08-09T14:32:06+00:00
CTNM,医疗保健,Health Care,Biotechnology: Pharmaceutical Preparations,Nasdaq screener download,2026-08-09T14:32:06+00:00
CTNT,非必需消费,Consumer Discretionary,Motor Vehicles,Nasdaq screener download,2026-08-09T14:32:06+00:00
CTOR,医疗保健,Health Care,Biotechnology: Pharmaceutical Preparations,Nasdaq screener download,2026-08-09T14:32:06+00:00
CTRN,非必需消费,Consumer Discretionary,Clothing/Shoe/Accessory Stores,Nasdaq screener download,2026-08-09T14:32:06+00:00
CTSH,信息技术,Technology,EDP Services,Nasdaq screener download,2026-08-09T14:32:06+00:00
CTSO,医疗保健,Health Care,Medical/Dental Instruments,Nasdaq screener download,2026-08-09T14:32:06+00:00
CTW,信息技术,Technology,EDP Services,Nasdaq screener download,2026-08-09T14:32:06+00:00
CTXR,医疗保健,Health Care,Biotechnology: Pharmaceutical Preparations,Nasdaq screener download,2026-08-09T14:32:06+00:00
CUB,工业,Industrials,Industrial Machinery/Components,Nasdaq screener download,2026-08-09T14:32:06+00:00
CUE,医疗保健,Health Care,Biotechnology: Pharmaceutical Preparations,Nasdaq screener download,2026-08-09T14:32:06+00:00
CULP,非必需消费,Consumer Discretionary,Textiles,Nasdaq screener download,2026-08-09T14:32:06+00:00
CUPR,医疗保健,Health Care,Industrial Specialties,Nasdaq screener download,2026-08-09T14:32:06+00:00
CURI,非必需消费,Consumer Discretionary,Movies/Entertainment,Nasdaq screener download,2026-08-09T14:32:06+00:00
CURR,非必需消费,Consumer Discretionary,Business Services,Nasdaq screener download,2026-08-09T14:32:06+00:00
CURX,医疗保健,Health Care,Biotechnology: Pharmaceutical Preparations,Nasdaq screener download,2026-08-09T14:32:06+00:00
CV,医疗保健,Health Care,Biotechnology: Electromedical & Electrotherapeutic Apparatus,Nasdaq screener download,2026-08-09T14:32:06+00:00
CVBF,金融,Finance,Major Banks,Nasdaq screener download,2026-08-09T14:32:06+00:00
CVCO,非必需消费,Consumer Discretionary,Homebuilding,Nasdaq screener download,2026-08-09T14:32:06+00:00
CVGI,非必需消费,Consumer Discretionary,Auto Parts:O.E.M.,Nasdaq screener download,2026-08-09T14:32:06+00:00
CVKD,医疗保健,Health Care,Biotechnology: Pharmaceutical Preparations,Nasdaq screener download,2026-08-09T14:32:06+00:00
CVLT,信息技术,Technology,Computer Software: Prepackaged Software,Nasdaq screener download,2026-08-09T14:32:06+00:00
CVRX,医疗保健,Health Care,Medical/Dental Instruments,Nasdaq screener download,2026-08-09T14:32:06+00:00
CVV,信息技术,Technology,Industrial Machinery/Components,Nasdaq screener download,2026-08-09T14:32:06+00:00
CWCO,公用事业,Utilities,Water Supply,Nasdaq screener download,2026-08-09T14:32:06+00:00
CWD,金融,Finance,Real Estate,Nasdaq screener download,2026-08-09T14:32:06+00:00
CWST,公用事业,Utilities,Environmental Services,Nasdaq screener download,2026-08-09T14:32:06+00:00
CXAI,信息技术,Technology,EDP Services,Nasdaq screener download,2026-08-09T14:32:06+00:00
CXDO,通信服务,Telecommunications,Telecommunications Equipment,Nasdaq screener download,2026-08-09T14:32:06+00:00
CXII,金融,Finance,Blank Checks,Nasdaq screener download,2026-08-09T14:32:06+00:00
CYAB,信息技术,Technology,Computer Software: Prepackaged Software,Nasdaq screener download,2026-08-09T14:32:06+00:00
CYCN,医疗保健,Health Care,Biotechnology: Pharmaceutical Preparations,Nasdaq screener download,2026-08-09T14:32:06+00:00
CYCU,信息技术,Technology,EDP Services,Nasdaq screener download,2026-08-09T14:32:06+00:00
CYN,信息技术,Technology,EDP Services,Nasdaq screener download,2026-08-09T14:32:06+00:00
CYPH,医疗保健,Health Care,Biotechnology: Pharmaceutical Preparations,Nasdaq screener download,2026-08-09T14:32:06+00:00
CYRX,医疗保健,Health Care,Biotechnology: Pharmaceutical Preparations,Nasdaq screener download,2026-08-09T14:32:06+00:00
CYTK,医疗保健,Health Care,Biotechnology: Pharmaceutical Preparations,Nasdaq screener download,2026-08-09T14:32:06+00:00
CZFS,金融,Finance,Major Banks,Nasdaq screener download,2026-08-09T14:32:06+00:00
CZNC,金融,Finance,Major Banks,Nasdaq screener download,2026-08-09T14:32:06+00:00
CZR,非必需消费,Consumer Discretionary,Hotels/Resorts,Nasdaq screener download,2026-08-09T14:32:06+00:00
DAAQ,金融,Finance,Blank Checks,Nasdaq screener download,2026-08-09T14:32:06+00:00
DAIC,信息技术,Technology,EDP Services,Nasdaq screener download,2026-08-09T14:32:06+00:00
DAIO,工业,Industrials,Electrical Products,Nasdaq screener download,2026-08-09T14:32:06+00:00
DAKT,非必需消费,Consumer Discretionary,Miscellaneous manufacturing industries,Nasdaq screener download,2026-08-09T14:32:06+00:00
DARE,医疗保健,Health Care,Biotechnology: Pharmaceutical Preparations,Nasdaq screener download,2026-08-09T14:32:06+00:00
DASH,非必需消费,Consumer Discretionary,Business Services,Nasdaq screener download,2026-08-09T14:32:06+00:00
DAVE,金融,Finance,Finance: Consumer Services,Nasdaq screener download,2026-08-09T14:32:06+00:00
DBCA,金融,Finance,Blank Checks,Nasdaq screener download,2026-08-09T14:32:06+00:00
DBGI,非必需消费,Consumer Discretionary,Clothing/Shoe/Accessory Stores,Nasdaq screener download,2026-08-09T14:32:06+00:00
DBX,信息技术,Technology,Computer Software: Prepackaged Software,Nasdaq screener download,2026-08-09T14:32:06+00:00
DCGO,医疗保健,Health Care,Medical/Nursing Services,Nasdaq screener download,2026-08-09T14:32:06+00:00
DCOY,医疗保健,Health Care,Biotechnology: Pharmaceutical Preparations,Nasdaq screener download,2026-08-09T14:32:06+00:00
DCTH,医疗保健,Health Care,Medical/Dental Instruments,Nasdaq screener download,2026-08-09T14:32:06+00:00
DCX,工业,Industrials,Auto Manufacturing,Nasdaq screener download,2026-08-09T14:32:06+00:00
DDOG,信息技术,Technology,Computer Software: Prepackaged Software,Nasdaq screener download,2026-08-09T14:32:06+00:00
DEFT,金融,Finance,Finance: Consumer Services,Nasdaq screener download,2026-08-09T14:32:06+00:00
DERM,医疗保健,Health Care,Biotechnology: Pharmaceutical Preparations,Nasdaq screener download,2026-08-09T14:32:06+00:00
DFDV,金融,Finance,Finance: Consumer Services,Nasdaq screener download,2026-08-09T14:32:06+00:00
DFNS,非必需消费,Consumer Discretionary,Professional Services,Nasdaq screener download,2026-08-09T14:32:06+00:00
DFSC,信息技术,Technology,Computer Software: Prepackaged Software,Nasdaq screener download,2026-08-09T14:32:06+00:00
DGICA,金融,Finance,Property-Casualty Insurers,Nasdaq screener download,2026-08-09T14:32:06+00:00
DGICB,金融,Finance,Property-Casualty Insurers,Nasdaq screener download,2026-08-09T14:32:06+00:00
DGII,通信服务,Telecommunications,Computer Communications Equipment,Nasdaq screener download,2026-08-09T14:32:06+00:00
DGNX,信息技术,Technology,EDP Services,Nasdaq screener download,2026-08-09T14:32:06+00:00
DH,信息技术,Technology,Computer Software: Prepackaged Software,Nasdaq screener download,2026-08-09T14:32:06+00:00
DIBS,非必需消费,Consumer Discretionary,Catalog/Specialty Distribution,Nasdaq screener download,2026-08-09T14:32:06+00:00
DIOD,信息技术,Technology,Semiconductors,Nasdaq screener download,2026-08-09T14:32:06+00:00
DJCO,非必需消费,Consumer Discretionary,Newspapers/Magazines,Nasdaq screener download,2026-08-09T14:32:06+00:00
DJT,信息技术,Technology,Computer Software: Programming Data Processing,Nasdaq screener download,2026-08-09T14:32:06+00:00
DKI,信息技术,Technology,Computer Software: Prepackaged Software,Nasdaq screener download,2026-08-09T14:32:06+00:00
DKNG,非必需消费,Consumer Discretionary,Services-Misc. Amusement & Recreation,Nasdaq screener download,2026-08-09T14:32:06+00:00
DLPN,非必需消费,Consumer Discretionary,Other Consumer Services,Nasdaq screener download,2026-08-09T14:32:06+00:00
DLTH,非必需消费,Consumer Discretionary,Clothing/Shoe/Accessory Stores,Nasdaq screener download,2026-08-09T14:32:06+00:00
DLTR,非必需消费,Consumer Discretionary,Department/Specialty Retail Stores,Nasdaq screener download,2026-08-09T14:32:06+00:00
DLXY,能源,Energy,Oil Refining/Marketing,Nasdaq screener download,2026-08-09T14:32:06+00:00
DMAC,医疗保健,Health Care,Biotechnology: Pharmaceutical Preparations,Nasdaq screener download,2026-08-09T14:32:06+00:00
DMII,金融,Finance,Blank Checks,Nasdaq screener download,2026-08-09T14:32:06+00:00
DMRA,医疗保健,Health Care,Biotechnology: Pharmaceutical Preparations,Nasdaq screener download,2026-08-09T14:32:06+00:00
DMRC,信息技术,Technology,EDP Services,Nasdaq screener download,2026-08-09T14:32:06+00:00
DNLI,医疗保健,Health Care,Biotechnology: Biological Products (No Diagnostic Substances),Nasdaq screener download,2026-08-09T14:32:06+00:00
DNMX,金融,Finance,Blank Checks,Nasdaq screener download,2026-08-09T14:32:06+00:00
DNTH,医疗保健,Health Care,Biotechnology: Pharmaceutical Preparations,Nasdaq screener download,2026-08-09T14:32:06+00:00
DNUT,必需消费,Consumer Staples,Food Chains,Nasdaq screener download,2026-08-09T14:32:06+00:00
DOCU,信息技术,Technology,Computer Software: Prepackaged Software,Nasdaq screener download,2026-08-09T14:32:06+00:00
DOGZ,非必需消费,Consumer Discretionary,Miscellaneous manufacturing industries,Nasdaq screener download,2026-08-09T14:32:06+00:00
DOMH,金融,Finance,Investment Bankers/Brokers/Service,Nasdaq screener download,2026-08-09T14:32:06+00:00
DOMO,信息技术,Technology,Computer Software: Prepackaged Software,Nasdaq screener download,2026-08-09T14:32:06+00:00
DORM,非必需消费,Consumer Discretionary,Auto Parts:O.E.M.,Nasdaq screener download,2026-08-09T14:32:06+00:00
DOX,信息技术,Technology,EDP Services,Nasdaq screener download,2026-08-09T14:32:06+00:00
DPU,非必需消费,Consumer Discretionary,Business Services,Nasdaq screener download,2026-08-09T14:32:06+00:00
DPZ,非必需消费,Consumer Discretionary,Food Distributors,Nasdaq screener download,2026-08-09T14:32:06+00:00
DRCT,非必需消费,Consumer Discretionary,Advertising,Nasdaq screener download,2026-08-09T14:32:06+00:00
DRH,房地产,Real Estate,Real Estate Investment Trusts,Nasdaq screener download,2026-08-09T14:32:06+00:00
DRIO,医疗保健,Health Care,Medical/Dental Instruments,Nasdaq screener download,2026-08-09T14:32:06+00:00
DRMA,医疗保健,Health Care,Biotechnology: Pharmaceutical Preparations,Nasdaq screener download,2026-08-09T14:32:06+00:00
DRS,工业,Industrials,Industrial Machinery/Components,Nasdaq screener download,2026-08-09T14:32:06+00:00
DRTS,医疗保健,Health Care,Medical/Dental Instruments,Nasdaq screener download,2026-08-09T14:32:06+00:00
DRVN,非必需消费,Consumer Discretionary,Automotive Aftermarket,Nasdaq screener download,2026-08-09T14:32:06+00:00
DSAC,金融,Finance,Blank Checks,Nasdaq screener download,2026-08-09T14:32:06+00:00
DSGN,医疗保健,Health Care,Biotechnology: Pharmaceutical Preparations,Nasdaq screener download,2026-08-09T14:32:06+00:00
DSGR,非必需消费,Consumer Discretionary,Industrial Specialties,Nasdaq screener download,2026-08-09T14:32:06+00:00
DSGX,信息技术,Technology,Computer Software: Prepackaged Software,Nasdaq screener download,2026-08-09T14:32:06+00:00
DSP,信息技术,Technology,Computer Software: Programming Data Processing,Nasdaq screener download,2026-08-09T14:32:06+00:00
DSY,非必需消费,Consumer Discretionary,Containers/Packaging,Nasdaq screener download,2026-08-09T14:32:06+00:00
DTCX,信息技术,Technology,EDP Services,Nasdaq screener download,2026-08-09T14:32:06+00:00
DTI,非必需消费,Consumer Discretionary,Oil and Gas Field Machinery,Nasdaq screener download,2026-08-09T14:32:06+00:00
DTIL,医疗保健,Health Care,Biotechnology: Biological Products (No Diagnostic Substances),Nasdaq screener download,2026-08-09T14:32:06+00:00
DTSS,信息技术,Technology,Computer Software: Prepackaged Software,Nasdaq screener download,2026-08-09T14:32:06+00:00
DTST,信息技术,Technology,EDP Services,Nasdaq screener download,2026-08-09T14:32:06+00:00
DUKR,工业,Industrials,Aerospace,Nasdaq screener download,2026-08-09T14:32:06+00:00
DUO,金融,Finance,Real Estate,Nasdaq screener download,2026-08-09T14:32:06+00:00
DUOL,信息技术,Technology,Computer Software: Prepackaged Software,Nasdaq screener download,2026-08-09T14:32:06+00:00
DUOT,信息技术,Technology,Computer Software: Prepackaged Software,Nasdaq screener download,2026-08-09T14:32:06+00:00
DVLT,非必需消费,Consumer Discretionary,Business Services,Nasdaq screener download,2026-08-09T14:32:06+00:00
DWSN,能源,Energy,Oil & Gas Production,Nasdaq screener download,2026-08-09T14:32:06+00:00
DWTX,医疗保健,Health Care,Biotechnology: Pharmaceutical Preparations,Nasdaq screener download,2026-08-09T14:32:06+00:00
DXCM,医疗保健,Health Care,Medical/Dental Instruments,Nasdaq screener download,2026-08-09T14:32:06+00:00
DXLG,非必需消费,Consumer Discretionary,Clothing/Shoe/Accessory Stores,Nasdaq screener download,2026-08-09T14:32:06+00:00
DXPE,工业,Industrials,Industrial Machinery/Components,Nasdaq screener download,2026-08-09T14:32:06+00:00
DXR,医疗保健,Health Care,Medical/Dental Instruments,Nasdaq screener download,2026-08-09T14:32:06+00:00
DXST,工业,Industrials,Miscellaneous,Nasdaq screener download,2026-08-09T14:32:06+00:00
DYAI,医疗保健,Health Care,Biotechnology: Biological Products (No Diagnostic Substances),Nasdaq screener download,2026-08-09T14:32:06+00:00
DYN,医疗保健,Health Care,Biotechnology: Pharmaceutical Preparations,Nasdaq screener download,2026-08-09T14:32:06+00:00
DYOR,金融,Finance,Blank Checks,Nasdaq screener download,2026-08-09T14:32:06+00:00
EBAY,非必需消费,Consumer Discretionary,Business Services,Nasdaq screener download,2026-08-09T14:32:06+00:00
EBC,金融,Finance,Savings Institutions,Nasdaq screener download,2026-08-09T14:32:06+00:00
EBMT,金融,Finance,Major Banks,Nasdaq screener download,2026-08-09T14:32:06+00:00
EBON,金融,Finance,Investment Bankers/Brokers/Service,Nasdaq screener download,2026-08-09T14:32:06+00:00
ECBK,金融,Finance,Banks,Nasdaq screener download,2026-08-09T14:32:06+00:00
ECHO,非必需消费,Consumer Discretionary,Telecommunications Equipment,Nasdaq screener download,2026-08-09T14:32:06+00:00
ECOR,医疗保健,Health Care,Biotechnology: Electromedical & Electrotherapeutic Apparatus,Nasdaq screener download,2026-08-09T14:32:06+00:00
ECPG,金融,Finance,Finance Companies,Nasdaq screener download,2026-08-09T14:32:06+00:00
ECX,信息技术,Technology,EDP Services,Nasdaq screener download,2026-08-09T14:32:06+00:00
EDBL,必需消费,Consumer Staples,Farming/Seeds/Milling,Nasdaq screener download,2026-08-09T14:32:06+00:00
EDIT,医疗保健,Health Care,Biotechnology: Biological Products (No Diagnostic Substances),Nasdaq screener download,2026-08-09T14:32:06+00:00
EDUC,非必需消费,Consumer Discretionary,Consumer Specialties,Nasdaq screener download,2026-08-09T14:32:06+00:00
EEFT,金融,Finance,Investment Bankers/Brokers/Service,Nasdaq screener download,2026-08-09T14:32:06+00:00
EEIQ,房地产,Real Estate,Other Consumer Services,Nasdaq screener download,2026-08-09T14:32:06+00:00
EFOI,非必需消费,Consumer Discretionary,Building Products,Nasdaq screener download,2026-08-09T14:32:06+00:00
EFSC,金融,Finance,Major Banks,Nasdaq screener download,2026-08-09T14:32:06+00:00
EFSI,金融,Finance,Major Banks,Nasdaq screener download,2026-08-09T14:32:06+00:00
EGAN,信息技术,Technology,Computer Software: Prepackaged Software,Nasdaq screener download,2026-08-09T14:32:06+00:00
EGBN,金融,Finance,Major Banks,Nasdaq screener download,2026-08-09T14:32:06+00:00
EGHA,金融,Finance,Finance/Investors Services,Nasdaq screener download,2026-08-09T14:32:06+00:00
EGHT,信息技术,Technology,EDP Services,Nasdaq screener download,2026-08-09T14:32:06+00:00
EHGO,非必需消费,Consumer Discretionary,Diversified Commercial Services,Nasdaq screener download,2026-08-09T14:32:06+00:00
EHLD,非必需消费,Consumer Discretionary,Marine Transportation,Nasdaq screener download,2026-08-09T14:32:06+00:00
EHTH,金融,Finance,Specialty Insurers,Nasdaq screener download,2026-08-09T14:32:06+00:00
EIKN,医疗保健,Health Care,Biotechnology: Biological Products (No Diagnostic Substances),Nasdaq screener download,2026-08-09T14:32:06+00:00
EJH,非必需消费,Consumer Discretionary,Other Consumer Services,Nasdaq screener download,2026-08-09T14:32:06+00:00
ELAB,医疗保健,Health Care,Biotechnology: Pharmaceutical Preparations,Nasdaq screener download,2026-08-09T14:32:06+00:00
ELDN,医疗保健,Health Care,Biotechnology: Pharmaceutical Preparations,Nasdaq screener download,2026-08-09T14:32:06+00:00
ELE,原材料,Basic Materials,Precious Metals,Nasdaq screener download,2026-08-09T14:32:06+00:00
ELMT,工业,Industrials,Metal Fabrications,Nasdaq screener download,2026-08-09T14:32:06+00:00
ELOG,工业,Industrials,Integrated Freight & Logistics,Nasdaq screener download,2026-08-09T14:32:06+00:00
ELOX,医疗保健,Health Care,Biotechnology: Biological Products (No Diagnostic Substances),Nasdaq screener download,2026-08-09T14:32:06+00:00
ELTK,信息技术,Technology,Electrical Products,Nasdaq screener download,2026-08-09T14:32:06+00:00
ELTX,医疗保健,Health Care,Biotechnology: Pharmaceutical Preparations,Nasdaq screener download,2026-08-09T14:32:06+00:00
ELUT,医疗保健,Health Care,Biotechnology: Biological Products (No Diagnostic Substances),Nasdaq screener download,2026-08-09T14:32:06+00:00
ELVN,医疗保健,Health Care,Biotechnology: Pharmaceutical Preparations,Nasdaq screener download,2026-08-09T14:32:06+00:00
ELWT,非必需消费,Consumer Discretionary,Telecommunications Equipment,Nasdaq screener download,2026-08-09T14:32:06+00:00
EMBC,医疗保健,Health Care,Medical/Dental Instruments,Nasdaq screener download,2026-08-09T14:32:06+00:00
EMIS,医疗保健,Health Care,Biotechnology: Pharmaceutical Preparations,Nasdaq screener download,2026-08-09T14:32:06+00:00
EML,非必需消费,Consumer Discretionary,Industrial Machinery/Components,Nasdaq screener download,2026-08-09T14:32:06+00:00
EMPD,工业,Industrials,Auto Manufacturing,Nasdaq screener download,2026-08-09T14:32:06+00:00
ENGN,医疗保健,Health Care,Biotechnology: Biological Products (No Diagnostic Substances),Nasdaq screener download,2026-08-09T14:32:06+00:00
ENGS,工业,Industrials,Engineering & Construction,Nasdaq screener download,2026-08-09T14:32:06+00:00
ENLT,公用事业,Utilities,Electric Utilities: Central,Nasdaq screener download,2026-08-09T14:32:06+00:00
ENLV,医疗保健,Health Care,Biotechnology: Pharmaceutical Preparations,Nasdaq screener download,2026-08-09T14:32:06+00:00
ENPH,信息技术,Technology,Semiconductors,Nasdaq screener download,2026-08-09T14:32:06+00:00
ENSC,医疗保健,Health Care,Biotechnology: Pharmaceutical Preparations,Nasdaq screener download,2026-08-09T14:32:06+00:00
ENSG,医疗保健,Health Care,Hospital/Nursing Management,Nasdaq screener download,2026-08-09T14:32:06+00:00
ENTA,医疗保健,Health Care,Biotechnology: Pharmaceutical Preparations,Nasdaq screener download,2026-08-09T14:32:06+00:00
ENTG,工业,Industrials,Plastic Products,Nasdaq screener download,2026-08-09T14:32:06+00:00
ENTX,医疗保健,Health Care,Biotechnology: Biological Products (No Diagnostic Substances),Nasdaq screener download,2026-08-09T14:32:06+00:00
ENVB,医疗保健,Health Care,Biotechnology: Pharmaceutical Preparations,Nasdaq screener download,2026-08-09T14:32:06+00:00
EOLS,医疗保健,Health Care,Biotechnology: Pharmaceutical Preparations,Nasdaq screener download,2026-08-09T14:32:06+00:00
EPRX,医疗保健,Health Care,Pharmaceuticals and Biotechnology,Nasdaq screener download,2026-08-09T14:32:06+00:00
EPSM,必需消费,Consumer Staples,Beverages (Production/Distribution),Nasdaq screener download,2026-08-09T14:32:06+00:00
EQ,医疗保健,Health Care,Biotechnology: Pharmaceutical Preparations,Nasdaq screener download,2026-08-09T14:32:06+00:00
EQIX,房地产,Real Estate,Real Estate Investment Trusts,Nasdaq screener download,2026-08-09T14:32:06+00:00
EQPT,非必需消费,Consumer Discretionary,Diversified Commercial Services,Nasdaq screener download,2026-08-09T14:32:06+00:00
ERAS,医疗保健,Health Care,Biotechnology: Pharmaceutical Preparations,Nasdaq screener download,2026-08-09T14:32:06+00:00
ERIE,金融,Finance,Specialty Insurers,Nasdaq screener download,2026-08-09T14:32:06+00:00
ERII,信息技术,Technology,Industrial Machinery/Components,Nasdaq screener download,2026-08-09T14:32:06+00:00
ERNA,医疗保健,Health Care,Biotechnology: Pharmaceutical Preparations,Nasdaq screener download,2026-08-09T14:32:06+00:00
ESCA,非必需消费,Consumer Discretionary,Recreational Games/Products/Toys,Nasdaq screener download,2026-08-09T14:32:06+00:00
ESEA,非必需消费,Consumer Discretionary,Marine Transportation,Nasdaq screener download,2026-08-09T14:32:06+00:00
ESLA,医疗保健,Health Care,Biotechnology: Biological Products (No Diagnostic Substances),Nasdaq screener download,2026-08-09T14:32:06+00:00
ESLT,工业,Industrials,Military/Government/Technical,Nasdaq screener download,2026-08-09T14:32:06+00:00
ESOA,工业,Industrials,Water Sewer Pipeline Comm & Power Line Construction,Nasdaq screener download,2026-08-09T14:32:06+00:00
ESQ,金融,Finance,Commercial Banks,Nasdaq screener download,2026-08-09T14:32:06+00:00
ETON,医疗保健,Health Care,Biotechnology: Pharmaceutical Preparations,Nasdaq screener download,2026-08-09T14:32:06+00:00
ETS,工业,Industrials,Trucking Freight/Courier Services,Nasdaq screener download,2026-08-09T14:32:06+00:00
EUDA,医疗保健,Health Care,Medical/Nursing Services,Nasdaq screener download,2026-08-09T14:32:06+00:00
EVCM,信息技术,Technology,Computer Software: Prepackaged Software,Nasdaq screener download,2026-08-09T14:32:06+00:00
EVER,信息技术,Technology,Computer Software: Programming Data Processing,Nasdaq screener download,2026-08-09T14:32:06+00:00
EVGN,工业,Industrials,Agricultural Chemicals,Nasdaq screener download,2026-08-09T14:32:06+00:00
EVGO,非必需消费,Consumer Discretionary,Automotive Aftermarket,Nasdaq screener download,2026-08-09T14:32:06+00:00
EVLV,信息技术,Technology,Computer peripheral equipment,Nasdaq screener download,2026-08-09T14:32:06+00:00
EVOX,金融,Finance,Blank Checks,Nasdaq screener download,2026-08-09T14:32:06+00:00
EVRG,公用事业,Utilities,Power Generation,Nasdaq screener download,2026-08-09T14:32:06+00:00
EWBC,金融,Finance,Major Banks,Nasdaq screener download,2026-08-09T14:32:06+00:00
EWTX,医疗保健,Health Care,Biotechnology: Pharmaceutical Preparations,Nasdaq screener download,2026-08-09T14:32:06+00:00
EXC,公用事业,Utilities,Power Generation,Nasdaq screener download,2026-08-09T14:32:06+00:00
EXE,能源,Energy,Oil & Gas Production,Nasdaq screener download,2026-08-09T14:32:06+00:00
EXEL,医疗保健,Health Care,Biotechnology: Biological Products (No Diagnostic Substances),Nasdaq screener download,2026-08-09T14:32:06+00:00
EXFY,信息技术,Technology,Computer Software: Prepackaged Software,Nasdaq screener download,2026-08-09T14:32:06+00:00
EXLS,非必需消费,Consumer Discretionary,Business Services,Nasdaq screener download,2026-08-09T14:32:06+00:00
EXOZ,医疗保健,Health Care,Biotechnology: Biological Products (No Diagnostic Substances),Nasdaq screener download,2026-08-09T14:32:06+00:00
EXPE,非必需消费,Consumer Discretionary,Transportation Services,Nasdaq screener download,2026-08-09T14:32:06+00:00
EXPO,非必需消费,Consumer Discretionary,Professional Services,Nasdaq screener download,2026-08-09T14:32:06+00:00
EXTR,通信服务,Telecommunications,Computer Communications Equipment,Nasdaq screener download,2026-08-09T14:32:06+00:00
EXYN,信息技术,Technology,Computer Software: Prepackaged Software,Nasdaq screener download,2026-08-09T14:32:06+00:00
EYE,医疗保健,Health Care,Ophthalmic Goods,Nasdaq screener download,2026-08-09T14:32:06+00:00
EYPT,工业,Industrials,Biotechnology: Laboratory Analytical Instruments,Nasdaq screener download,2026-08-09T14:32:06+00:00
EZGO,非必需消费,Consumer Discretionary,Motor Vehicles,Nasdaq screener download,2026-08-09T14:32:06+00:00
EZPW,非必需消费,Consumer Discretionary,Other Specialty Stores,Nasdaq screener download,2026-08-09T14:32:06+00:00
EZRA,金融,Finance,Specialty Insurers,Nasdaq screener download,2026-08-09T14:32:06+00:00
FA,信息技术,Technology,EDP Services,Nasdaq screener download,2026-08-09T14:32:06+00:00
FABC,非必需消费,Consumer Discretionary,Telecommunications Equipment,Nasdaq screener download,2026-08-09T14:32:06+00:00
FAMI,必需消费,Consumer Staples,Packaged Foods,Nasdaq screener download,2026-08-09T14:32:06+00:00
FANG,能源,Energy,Oil & Gas Production,Nasdaq screener download,2026-08-09T14:32:06+00:00
FAST,非必需消费,Consumer Discretionary,RETAIL: Building Materials,Nasdaq screener download,2026-08-09T14:32:06+00:00
FATE,医疗保健,Health Care,Biotechnology: Biological Products (No Diagnostic Substances),Nasdaq screener download,2026-08-09T14:32:06+00:00
FATN,信息技术,Technology,Computer Software: Prepackaged Software,Nasdaq screener download,2026-08-09T14:32:06+00:00
FBGL,非必需消费,Consumer Discretionary,Homebuilding,Nasdaq screener download,2026-08-09T14:32:06+00:00
FBIO,医疗保健,Health Care,Biotechnology: Pharmaceutical Preparations,Nasdaq screener download,2026-08-09T14:32:06+00:00
FBIZ,金融,Finance,Major Banks,Nasdaq screener download,2026-08-09T14:32:06+00:00
FBLA,金融,Finance,Banks,Nasdaq screener download,2026-08-09T14:32:06+00:00
FBLG,医疗保健,Health Care,Biotechnology: Pharmaceutical Preparations,Nasdaq screener download,2026-08-09T14:32:06+00:00
FBNC,金融,Finance,Major Banks,Nasdaq screener download,2026-08-09T14:32:06+00:00
FBRX,医疗保健,Health Care,Biotechnology: Pharmaceutical Preparations,Nasdaq screener download,2026-08-09T14:32:06+00:00
FBYD,非必需消费,Consumer Discretionary,Services-Misc. Amusement & Recreation,Nasdaq screener download,2026-08-09T14:32:06+00:00
FCAP,金融,Finance,Savings Institutions,Nasdaq screener download,2026-08-09T14:32:06+00:00
FCEL,能源,Energy,Industrial Machinery/Components,Nasdaq screener download,2026-08-09T14:32:06+00:00
FCFS,非必需消费,Consumer Discretionary,Other Specialty Stores,Nasdaq screener download,2026-08-09T14:32:06+00:00
FCHL,非必需消费,Consumer Discretionary,Services-Misc. Amusement & Recreation,Nasdaq screener download,2026-08-09T14:32:06+00:00
FCNCA,金融,Finance,Major Banks,Nasdaq screener download,2026-08-09T14:32:06+00:00
FCUV,工业,Industrials,Industrial Machinery/Components,Nasdaq screener download,2026-08-09T14:32:06+00:00
FDBC,金融,Finance,Major Banks,Nasdaq screener download,2026-08-09T14:32:06+00:00
FDMT,医疗保健,Health Care,Biotechnology: Biological Products (No Diagnostic Substances),Nasdaq screener download,2026-08-09T14:32:06+00:00
FDSB,金融,Finance,Savings Institutions,Nasdaq screener download,2026-08-09T14:32:06+00:00
FDUS,金融,Finance,Finance/Investors Services,Nasdaq screener download,2026-08-09T14:32:06+00:00
FEAM,工业,Industrials,Mining & Quarrying of Nonmetallic Minerals (No Fuels),Nasdaq screener download,2026-08-09T14:32:06+00:00
FEBO,非必需消费,Consumer Discretionary,Home Furnishings,Nasdaq screener download,2026-08-09T14:32:06+00:00
FEED,医疗保健,Health Care,Industrial Specialties,Nasdaq screener download,2026-08-09T14:32:06+00:00
FEIM,工业,Industrials,Electrical Products,Nasdaq screener download,2026-08-09T14:32:06+00:00
FELE,非必需消费,Consumer Discretionary,Metal Fabrications,Nasdaq screener download,2026-08-09T14:32:06+00:00
FEMY,医疗保健,Health Care,Medical/Dental Instruments,Nasdaq screener download,2026-08-09T14:32:06+00:00
FENC,医疗保健,Health Care,Biotechnology: Biological Products (No Diagnostic Substances),Nasdaq screener download,2026-08-09T14:32:06+00:00
FER,工业,Industrials,Military/Government/Technical,Nasdaq screener download,2026-08-09T14:32:06+00:00
FFAI,工业,Industrials,Auto Manufacturing,Nasdaq screener download,2026-08-09T14:32:06+00:00
FFBC,金融,Finance,Major Banks,Nasdaq screener download,2026-08-09T14:32:06+00:00
FFIN,金融,Finance,Major Banks,Nasdaq screener download,2026-08-09T14:32:06+00:00
FFIV,通信服务,Telecommunications,Computer Communications Equipment,Nasdaq screener download,2026-08-09T14:32:06+00:00
FGBI,金融,Finance,Savings Institutions,Nasdaq screener download,2026-08-09T14:32:06+00:00
FGI,工业,Industrials,Industrial Specialties,Nasdaq screener download,2026-08-09T14:32:06+00:00
FGII,金融,Finance,Blank Checks,Nasdaq screener download,2026-08-09T14:32:06+00:00
FGL,非必需消费,Consumer Discretionary,Engineering & Construction,Nasdaq screener download,2026-08-09T14:32:06+00:00
FGNX,金融,Finance,Property-Casualty Insurers,Nasdaq screener download,2026-08-09T14:32:06+00:00
FHB,金融,Finance,Major Banks,Nasdaq screener download,2026-08-09T14:32:06+00:00
FHTX,医疗保健,Health Care,Biotechnology: Pharmaceutical Preparations,Nasdaq screener download,2026-08-09T14:32:06+00:00
FIBK,金融,Finance,Major Banks,Nasdaq screener download,2026-08-09T14:32:06+00:00
FIEE,公用事业,Utilities,Telecommunications Equipment,Nasdaq screener download,2026-08-09T14:32:06+00:00
FIGR,金融,Finance,Finance: Consumer Services,Nasdaq screener download,2026-08-09T14:32:06+00:00
FINW,金融,Finance,Major Banks,Nasdaq screener download,2026-08-09T14:32:06+00:00
FIP,工业,Industrials,Railroads,Nasdaq screener download,2026-08-09T14:32:06+00:00
FISI,金融,Finance,Major Banks,Nasdaq screener download,2026-08-09T14:32:06+00:00
FISN,公用事业,Utilities,Electric Utilities: Central,Nasdaq screener download,2026-08-09T14:32:06+00:00
FISV,非必需消费,Consumer Discretionary,Business Services,Nasdaq screener download,2026-08-09T14:32:06+00:00
FIVE,非必需消费,Consumer Discretionary,Department/Specialty Retail Stores,Nasdaq screener download,2026-08-09T14:32:06+00:00
FIVN,信息技术,Technology,EDP Services,Nasdaq screener download,2026-08-09T14:32:06+00:00
FIZZ,必需消费,Consumer Staples,Beverages (Production/Distribution),Nasdaq screener download,2026-08-09T14:32:06+00:00
FKWL,公用事业,Utilities,Telecommunications Equipment,Nasdaq screener download,2026-08-09T14:32:06+00:00
FLD,金融,Finance,Finance: Consumer Services,Nasdaq screener download,2026-08-09T14:32:06+00:00
FLEX,信息技术,Technology,Electrical Products,Nasdaq screener download,2026-08-09T14:32:06+00:00
FLGT,医疗保健,Health Care,Medical Specialities,Nasdaq screener download,2026-08-09T14:32:06+00:00
FLL,非必需消费,Consumer Discretionary,Hotels/Resorts,Nasdaq screener download,2026-08-09T14:32:06+00:00
FLNA,医疗保健,Health Care,Biotechnology: Pharmaceutical Preparations,Nasdaq screener download,2026-08-09T14:32:06+00:00
FLNT,非必需消费,Consumer Discretionary,Advertising,Nasdaq screener download,2026-08-09T14:32:06+00:00
FLWS,非必需消费,Consumer Discretionary,Other Specialty Stores,Nasdaq screener download,2026-08-09T14:32:06+00:00
FLXS,非必需消费,Consumer Discretionary,Home Furnishings,Nasdaq screener download,2026-08-09T14:32:06+00:00
FLY,工业,Industrials,Military/Government/Technical,Nasdaq screener download,2026-08-09T14:32:06+00:00
FLYE,工业,Industrials,Aerospace,Nasdaq screener download,2026-08-09T14:32:06+00:00
FLYW,非必需消费,Consumer Discretionary,Business Services,Nasdaq screener download,2026-08-09T14:32:06+00:00
FLZH,非必需消费,Consumer Discretionary,Services-Misc. Amusement & Recreation,Nasdaq screener download,2026-08-09T14:32:06+00:00
FMAC,金融,Finance,Blank Checks,Nasdaq screener download,2026-08-09T14:32:06+00:00
FMAO,金融,Finance,Savings Institutions,Nasdaq screener download,2026-08-09T14:32:06+00:00
FMBH,金融,Finance,Major Banks,Nasdaq screener download,2026-08-09T14:32:06+00:00
FMFC,非必需消费,Consumer Discretionary,Apparel,Nasdaq screener download,2026-08-09T14:32:06+00:00
FMNB,金融,Finance,Major Banks,Nasdaq screener download,2026-08-09T14:32:06+00:00
FNGR,信息技术,Technology,Computer Software: Prepackaged Software,Nasdaq screener download,2026-08-09T14:32:06+00:00
FNKO,非必需消费,Consumer Discretionary,Recreational Games/Products/Toys,Nasdaq screener download,2026-08-09T14:32:06+00:00
FNLC,金融,Finance,Major Banks,Nasdaq screener download,2026-08-09T14:32:06+00:00
FNWB,金融,Finance,Banks,Nasdaq screener download,2026-08-09T14:32:06+00:00
FNWD,金融,Finance,Savings Institutions,Nasdaq screener download,2026-08-09T14:32:06+00:00
FOFO,非必需消费,Consumer Discretionary,Professional Services,Nasdaq screener download,2026-08-09T14:32:06+00:00
FORM,信息技术,Technology,Semiconductors,Nasdaq screener download,2026-08-09T14:32:06+00:00
FORR,工业,Industrials,Diversified Commercial Services,Nasdaq screener download,2026-08-09T14:32:06+00:00
FOSL,非必需消费,Consumer Discretionary,Consumer Specialties,Nasdaq screener download,2026-08-09T14:32:06+00:00
FOX,工业,Industrials,Broadcasting,Nasdaq screener download,2026-08-09T14:32:06+00:00
FOXA,工业,Industrials,Broadcasting,Nasdaq screener download,2026-08-09T14:32:06+00:00
FOXF,非必需消费,Consumer Discretionary,Motor Vehicles,Nasdaq screener download,2026-08-09T14:32:06+00:00
FOXX,通信服务,Telecommunications,Computer Communications Equipment,Nasdaq screener download,2026-08-09T14:32:06+00:00
FRAF,金融,Finance,Major Banks,Nasdaq screener download,2026-08-09T14:32:06+00:00
FRBA,金融,Finance,Major Banks,Nasdaq screener download,2026-08-09T14:32:06+00:00
FRD,工业,Industrials,Steel/Iron Ore,Nasdaq screener download,2026-08-09T14:32:06+00:00
FRGT,工业,Industrials,Integrated Freight & Logistics,Nasdaq screener download,2026-08-09T14:32:06+00:00
FRHC,金融,Finance,Investment Bankers/Brokers/Service,Nasdaq screener download,2026-08-09T14:32:06+00:00
FRME,金融,Finance,Major Banks,Nasdaq screener download,2026-08-09T14:32:06+00:00
FRMI,房地产,Real Estate,Real Estate Investment Trusts,Nasdaq screener download,2026-08-09T14:32:06+00:00
FRMM,金融,Finance,Finance: Consumer Services,Nasdaq screener download,2026-08-09T14:32:06+00:00
FROG,信息技术,Technology,Computer Software: Prepackaged Software,Nasdaq screener download,2026-08-09T14:32:06+00:00
FRPH,金融,Finance,Real Estate,Nasdaq screener download,2026-08-09T14:32:06+00:00
FRPT,必需消费,Consumer Staples,Packaged Foods,Nasdaq screener download,2026-08-09T14:32:06+00:00
FRSH,信息技术,Technology,Computer Software: Prepackaged Software,Nasdaq screener download,2026-08-09T14:32:06+00:00
FRST,金融,Finance,Major Banks,Nasdaq screener download,2026-08-09T14:32:06+00:00
FRVO,公用事业,Utilities,Electric Utilities: Central,Nasdaq screener download,2026-08-09T14:32:06+00:00
FSBC,金融,Finance,Major Banks,Nasdaq screener download,2026-08-09T14:32:06+00:00
FSBW,金融,Finance,Banks,Nasdaq screener download,2026-08-09T14:32:06+00:00
FSEA,金融,Finance,Savings Institutions,Nasdaq screener download,2026-08-09T14:32:06+00:00
FSLR,信息技术,Technology,Semiconductors,Nasdaq screener download,2026-08-09T14:32:06+00:00
FSLY,信息技术,Technology,Computer Software: Prepackaged Software,Nasdaq screener download,2026-08-09T14:32:06+00:00
FSTR,工业,Industrials,Metal Fabrications,Nasdaq screener download,2026-08-09T14:32:06+00:00
FSUN,金融,Finance,Major Banks,Nasdaq screener download,2026-08-09T14:32:06+00:00
FTAI,工业,Industrials,Misc Corporate Leasing Services,Nasdaq screener download,2026-08-09T14:32:06+00:00
FTCI,信息技术,Technology,Semiconductors,Nasdaq screener download,2026-08-09T14:32:06+00:00
FTDR,非必需消费,Consumer Discretionary,Diversified Commercial Services,Nasdaq screener download,2026-08-09T14:32:06+00:00
FTEK,工业,Industrials,Pollution Control Equipment,Nasdaq screener download,2026-08-09T14:32:06+00:00
FTFT,非必需消费,Consumer Discretionary,Business Services,Nasdaq screener download,2026-08-09T14:32:06+00:00
FTH,医疗保健,Health Care,Biotechnology: Pharmaceutical Preparations,Nasdaq screener download,2026-08-09T14:32:06+00:00
FTHA,金融,Finance,Blank Checks,Nasdaq screener download,2026-08-09T14:32:06+00:00
FTHM,金融,Finance,Real Estate,Nasdaq screener download,2026-08-09T14:32:06+00:00
FTLF,医疗保健,Health Care,Medicinal Chemicals and Botanical Products,Nasdaq screener download,2026-08-09T14:32:06+00:00
FTNT,信息技术,Technology,Computer peripheral equipment,Nasdaq screener download,2026-08-09T14:32:06+00:00
FTRE,医疗保健,Health Care,Medical Specialities,Nasdaq screener download,2026-08-09T14:32:06+00:00
FTRK,非必需消费,Consumer Discretionary,Services-Misc. Amusement & Recreation,Nasdaq screener download,2026-08-09T14:32:06+00:00
FUFU,金融,Finance,Finance: Consumer Services,Nasdaq screener download,2026-08-09T14:32:06+00:00
FULC,医疗保健,Health Care,Biotechnology: Pharmaceutical Preparations,Nasdaq screener download,2026-08-09T14:32:06+00:00
FULT,金融,Finance,Major Banks,Nasdaq screener download,2026-08-09T14:32:06+00:00
FUSB,金融,Finance,Major Banks,Nasdaq screener download,2026-08-09T14:32:06+00:00
FUSE,信息技术,Technology,EDP Services,Nasdaq screener download,2026-08-09T14:32:06+00:00
FVCB,金融,Finance,Major Banks,Nasdaq screener download,2026-08-09T14:32:06+00:00
FWDI,金融,Finance,Finance: Consumer Services,Nasdaq screener download,2026-08-09T14:32:06+00:00
FWONA,工业,Industrials,Broadcasting,Nasdaq screener download,2026-08-09T14:32:06+00:00
FWONK,工业,Industrials,Broadcasting,Nasdaq screener download,2026-08-09T14:32:06+00:00
FWRD,工业,Industrials,Integrated Freight & Logistics,Nasdaq screener download,2026-08-09T14:32:06+00:00
FWRG,非必需消费,Consumer Discretionary,Restaurants,Nasdaq screener download,2026-08-09T14:32:06+00:00
FXAC,金融,Finance,Blank Checks,Nasdaq screener download,2026-08-09T14:32:06+00:00
FXHO,信息技术,Technology,Consumer Electronics/Appliances,Nasdaq screener download,2026-08-09T14:32:06+00:00
FXNC,金融,Finance,Major Banks,Nasdaq screener download,2026-08-09T14:32:06+00:00
GABC,金融,Finance,Major Banks,Nasdaq screener download,2026-08-09T14:32:06+00:00
GAIA,非必需消费,Consumer Discretionary,Movies/Entertainment,Nasdaq screener download,2026-08-09T14:32:06+00:00
GALT,医疗保健,Health Care,Biotechnology: Pharmaceutical Preparations,Nasdaq screener download,2026-08-09T14:32:06+00:00
GAME,非必需消费,Consumer Discretionary,Services-Misc. Amusement & Recreation,Nasdaq screener download,2026-08-09T14:32:06+00:00
GANX,医疗保健,Health Care,Biotechnology: Pharmaceutical Preparations,Nasdaq screener download,2026-08-09T14:32:06+00:00
GASS,非必需消费,Consumer Discretionary,Marine Transportation,Nasdaq screener download,2026-08-09T14:32:06+00:00
GBDC,金融,Finance,Finance: Consumer Services,Nasdaq screener download,2026-08-09T14:32:06+00:00
GBFH,金融,Finance,Major Banks,Nasdaq screener download,2026-08-09T14:32:06+00:00
GBLI,金融,Finance,Property-Casualty Insurers,Nasdaq screener download,2026-08-09T14:32:06+00:00
GCBC,金融,Finance,Banks,Nasdaq screener download,2026-08-09T14:32:06+00:00
GCL,信息技术,Technology,Computer Software: Prepackaged Software,Nasdaq screener download,2026-08-09T14:32:06+00:00
GCMG,金融,Finance,Investment Managers,Nasdaq screener download,2026-08-09T14:32:06+00:00
GCT,非必需消费,Consumer Discretionary,Catalog/Specialty Distribution,Nasdaq screener download,2026-08-09T14:32:06+00:00
GCTK,医疗保健,Health Care,Medical/Dental Instruments,Nasdaq screener download,2026-08-09T14:32:06+00:00
GDC,工业,Industrials,Steel/Iron Ore,Nasdaq screener download,2026-08-09T14:32:06+00:00
GDEV,信息技术,Technology,EDP Services,Nasdaq screener download,2026-08-09T14:32:06+00:00
GDHG,非必需消费,Consumer Discretionary,Services-Misc. Amusement & Recreation,Nasdaq screener download,2026-08-09T14:32:06+00:00
GDRX,信息技术,Technology,EDP Services,Nasdaq screener download,2026-08-09T14:32:06+00:00
GDTC,医疗保健,Health Care,Biotechnology: Pharmaceutical Preparations,Nasdaq screener download,2026-08-09T14:32:06+00:00
GDYN,信息技术,Technology,Computer Software: Prepackaged Software,Nasdaq screener download,2026-08-09T14:32:06+00:00
GECC,金融,Finance,Finance: Consumer Services,Nasdaq screener download,2026-08-09T14:32:06+00:00
GEG,信息技术,Technology,Computer Software: Prepackaged Software,Nasdaq screener download,2026-08-09T14:32:06+00:00
GEHC,医疗保健,Health Care,Medical Electronics,Nasdaq screener download,2026-08-09T14:32:06+00:00
GELS,医疗保健,Health Care,Biotechnology: Pharmaceutical Preparations,Nasdaq screener download,2026-08-09T14:32:06+00:00
GEMI,金融,Finance,Finance: Consumer Services,Nasdaq screener download,2026-08-09T14:32:06+00:00
GEN,信息技术,Technology,Computer Software: Prepackaged Software,Nasdaq screener download,2026-08-09T14:32:06+00:00
GENB,医疗保健,Health Care,Biotechnology: Pharmaceutical Preparations,Nasdaq screener download,2026-08-09T14:32:06+00:00
GENK,非必需消费,Consumer Discretionary,Restaurants,Nasdaq screener download,2026-08-09T14:32:06+00:00
GEOS,工业,Industrials,Industrial Machinery/Components,Nasdaq screener download,2026-08-09T14:32:06+00:00
GERN,医疗保健,Health Care,Biotechnology: Pharmaceutical Preparations,Nasdaq screener download,2026-08-09T14:32:06+00:00
GEVO,工业,Industrials,Major Chemicals,Nasdaq screener download,2026-08-09T14:32:06+00:00
GFAI,非必需消费,Consumer Discretionary,Diversified Commercial Services,Nasdaq screener download,2026-08-09T14:32:06+00:00
GFS,信息技术,Technology,Semiconductors,Nasdaq screener download,2026-08-09T14:32:06+00:00
GGR,工业,Industrials,Auto Manufacturing,Nasdaq screener download,2026-08-09T14:32:06+00:00
GGRP,信息技术,Technology,EDP Services,Nasdaq screener download,2026-08-09T14:32:06+00:00
GH,医疗保健,Health Care,Medical Specialities,Nasdaq screener download,2026-08-09T14:32:06+00:00
GHRS,医疗保健,Health Care,Biotechnology: Pharmaceutical Preparations,Nasdaq screener download,2026-08-09T14:32:06+00:00
GIBO,信息技术,Technology,Computer Software: Prepackaged Software,Nasdaq screener download,2026-08-09T14:32:06+00:00
GIFT,非必需消费,Consumer Discretionary,Catalog/Specialty Distribution,Nasdaq screener download,2026-08-09T14:32:06+00:00
GIGM,信息技术,Technology,Computer Software: Programming Data Processing,Nasdaq screener download,2026-08-09T14:32:06+00:00
GIII,非必需消费,Consumer Discretionary,Apparel,Nasdaq screener download,2026-08-09T14:32:06+00:00
GILD,医疗保健,Health Care,Biotechnology: Biological Products (No Diagnostic Substances),Nasdaq screener download,2026-08-09T14:32:06+00:00
GILT,信息技术,Technology,Radio And Television Broadcasting And Communications Equipment,Nasdaq screener download,2026-08-09T14:32:06+00:00
GIPR,房地产,Real Estate,Real Estate Investment Trusts,Nasdaq screener download,2026-08-09T14:32:06+00:00
GITS,信息技术,Technology,Computer Software: Programming Data Processing,Nasdaq screener download,2026-08-09T14:32:06+00:00
GIW,金融,Finance,Blank Checks,Nasdaq screener download,2026-08-09T14:32:06+00:00
GLAD,非必需消费,Consumer Discretionary,Textiles,Nasdaq screener download,2026-08-09T14:32:06+00:00
GLBE,信息技术,Technology,Computer Software: Prepackaged Software,Nasdaq screener download,2026-08-09T14:32:06+00:00
GLBS,非必需消费,Consumer Discretionary,Marine Transportation,Nasdaq screener download,2026-08-09T14:32:06+00:00
GLE,信息技术,Technology,EDP Services,Nasdaq screener download,2026-08-09T14:32:06+00:00
GLIBA,通信服务,Telecommunications,Cable & Other Pay Television Services,Nasdaq screener download,2026-08-09T14:32:06+00:00
GLIBK,通信服务,Telecommunications,Cable & Other Pay Television Services,Nasdaq screener download,2026-08-09T14:32:06+00:00
GLMD,医疗保健,Health Care,Biotechnology: Pharmaceutical Preparations,Nasdaq screener download,2026-08-09T14:32:06+00:00
GLND,能源,Energy,Oil & Gas Production,Nasdaq screener download,2026-08-09T14:32:06+00:00
GLOO,信息技术,Technology,EDP Services,Nasdaq screener download,2026-08-09T14:32:06+00:00
GLPI,房地产,Real Estate,Real Estate Investment Trusts,Nasdaq screener download,2026-08-09T14:32:06+00:00
GLRE,金融,Finance,Property-Casualty Insurers,Nasdaq screener download,2026-08-09T14:32:06+00:00
GLSI,医疗保健,Health Care,Biotechnology: Pharmaceutical Preparations,Nasdaq screener download,2026-08-09T14:32:06+00:00
GLUE,医疗保健,Health Care,Biotechnology: Biological Products (No Diagnostic Substances),Nasdaq screener download,2026-08-09T14:32:06+00:00
GLXG,工业,Industrials,Diversified Commercial Services,Nasdaq screener download,2026-08-09T14:32:06+00:00
GLXY,金融,Finance,Investment Bankers/Brokers/Service,Nasdaq screener download,2026-08-09T14:32:06+00:00
GMEX,非必需消费,Consumer Discretionary,Recreational Games/Products/Toys,Nasdaq screener download,2026-08-09T14:32:06+00:00
GMHS,信息技术,Technology,EDP Services,Nasdaq screener download,2026-08-09T14:32:06+00:00
GMM,信息技术,Technology,Computer Software: Programming Data Processing,Nasdaq screener download,2026-08-09T14:32:06+00:00
GNLN,非必需消费,Consumer Discretionary,Durable Goods,Nasdaq screener download,2026-08-09T14:32:06+00:00
GNLX,医疗保健,Health Care,Biotechnology: Pharmaceutical Preparations,Nasdaq screener download,2026-08-09T14:32:06+00:00
GNPX,医疗保健,Health Care,Biotechnology: Pharmaceutical Preparations,Nasdaq screener download,2026-08-09T14:32:06+00:00
GNSS,必需消费,Consumer Staples,Consumer Electronics/Appliances,Nasdaq screener download,2026-08-09T14:32:06+00:00
GNTX,非必需消费,Consumer Discretionary,Auto Parts:O.E.M.,Nasdaq screener download,2026-08-09T14:32:06+00:00
GO,必需消费,Consumer Staples,Food Chains,Nasdaq screener download,2026-08-09T14:32:06+00:00
GOAI,信息技术,Technology,Computer Software: Programming Data Processing,Nasdaq screener download,2026-08-09T14:32:06+00:00
GOGO,非必需消费,Consumer Discretionary,Telecommunications Equipment,Nasdaq screener download,2026-08-09T14:32:06+00:00
GOOGL,信息技术,Technology,Computer Software: Programming Data Processing,Nasdaq screener download,2026-08-09T14:32:06+00:00
GOSS,医疗保健,Health Care,Biotechnology: Pharmaceutical Preparations,Nasdaq screener download,2026-08-09T14:32:06+00:00
GOVX,医疗保健,Health Care,Biotechnology: Pharmaceutical Preparations,Nasdaq screener download,2026-08-09T14:32:06+00:00
GPRE,工业,Industrials,Major Chemicals,Nasdaq screener download,2026-08-09T14:32:06+00:00
GPRO,非必需消费,Consumer Discretionary,Industrial Machinery/Components,Nasdaq screener download,2026-08-09T14:32:06+00:00
GRAB,非必需消费,Consumer Discretionary,Business Services,Nasdaq screener download,2026-08-09T14:32:06+00:00
GRAL,医疗保健,Health Care,Medical Specialities,Nasdaq screener download,2026-08-09T14:32:06+00:00
GRAN,金融,Finance,Finance: Consumer Services,Nasdaq screener download,2026-08-09T14:32:06+00:00
GRCE,医疗保健,Health Care,Biotechnology: Pharmaceutical Preparations,Nasdaq screener download,2026-08-09T14:32:06+00:00
GRDX,医疗保健,Health Care,Biotechnology: Pharmaceutical Preparations,Nasdaq screener download,2026-08-09T14:32:06+00:00
GRI,医疗保健,Health Care,Biotechnology: Pharmaceutical Preparations,Nasdaq screener download,2026-08-09T14:32:06+00:00
GRML,医疗保健,Health Care,Biotechnology: Biological Products (No Diagnostic Substances),Nasdaq screener download,2026-08-09T14:32:06+00:00
GRNQ,非必需消费,Consumer Discretionary,Professional Services,Nasdaq screener download,2026-08-09T14:32:06+00:00
GROW,金融,Finance,Investment Managers,Nasdaq screener download,2026-08-09T14:32:06+00:00
GRPN,非必需消费,Consumer Discretionary,Advertising,Nasdaq screener download,2026-08-09T14:32:06+00:00
GRRR,信息技术,Technology,Computer Software: Prepackaged Software,Nasdaq screener download,2026-08-09T14:32:06+00:00
GRWG,非必需消费,Consumer Discretionary,RETAIL: Building Materials,Nasdaq screener download,2026-08-09T14:32:06+00:00
GSAT,非必需消费,Consumer Discretionary,Telecommunications Equipment,Nasdaq screener download,2026-08-09T14:32:06+00:00
GSBC,金融,Finance,Major Banks,Nasdaq screener download,2026-08-09T14:32:06+00:00
GSHD,金融,Finance,Specialty Insurers,Nasdaq screener download,2026-08-09T14:32:06+00:00
GSIT,信息技术,Technology,Semiconductors,Nasdaq screener download,2026-08-09T14:32:06+00:00
GSIW,金融,Finance,Investment Bankers/Brokers/Service,Nasdaq screener download,2026-08-09T14:32:06+00:00
GSM,原材料,Basic Materials,Metal Mining,Nasdaq screener download,2026-08-09T14:32:06+00:00
GSRV,金融,Finance,Blank Checks,Nasdaq screener download,2026-08-09T14:32:06+00:00
GSUN,房地产,Real Estate,Other Consumer Services,Nasdaq screener download,2026-08-09T14:32:06+00:00
GT,非必需消费,Consumer Discretionary,Automotive Aftermarket,Nasdaq screener download,2026-08-09T14:32:06+00:00
GTBP,医疗保健,Health Care,Biotechnology: Pharmaceutical Preparations,Nasdaq screener download,2026-08-09T14:32:06+00:00
GTEC,工业,Industrials,Industrial Machinery/Components,Nasdaq screener download,2026-08-09T14:32:06+00:00
GTERA,金融,Finance,Blank Checks,Nasdaq screener download,2026-08-09T14:32:06+00:00
GTIM,非必需消费,Consumer Discretionary,Restaurants,Nasdaq screener download,2026-08-09T14:32:06+00:00
GTLB,信息技术,Technology,Computer Software: Prepackaged Software,Nasdaq screener download,2026-08-09T14:32:06+00:00
GTM,信息技术,Technology,Computer Software: Prepackaged Software,Nasdaq screener download,2026-08-09T14:32:06+00:00
GTX,非必需消费,Consumer Discretionary,Auto Parts:O.E.M.,Nasdaq screener download,2026-08-09T14:32:06+00:00
GUAC,金融,Finance,Blank Checks,Nasdaq screener download,2026-08-09T14:32:06+00:00
GURE,工业,Industrials,Major Chemicals,Nasdaq screener download,2026-08-09T14:32:06+00:00
GUTS,医疗保健,Health Care,Medical/Dental Instruments,Nasdaq screener download,2026-08-09T14:32:06+00:00
GVH,工业,Industrials,Integrated Freight & Logistics,Nasdaq screener download,2026-08-09T14:32:06+00:00
GWAV,工业,Industrials,Metal Fabrications,Nasdaq screener download,2026-08-09T14:32:06+00:00
GWRS,公用事业,Utilities,Water Supply,Nasdaq screener download,2026-08-09T14:32:06+00:00
GXAI,信息技术,Technology,Computer Software: Prepackaged Software,Nasdaq screener download,2026-08-09T14:32:06+00:00
GYRE,医疗保健,Health Care,Biotechnology: Pharmaceutical Preparations,Nasdaq screener download,2026-08-09T14:32:06+00:00
GYRO,房地产,Real Estate,Building operators,Nasdaq screener download,2026-08-09T14:32:06+00:00
HAFC,金融,Finance,Major Banks,Nasdaq screener download,2026-08-09T14:32:06+00:00
HAIN,必需消费,Consumer Staples,Packaged Foods,Nasdaq screener download,2026-08-09T14:32:06+00:00
HALO,医疗保健,Health Care,Biotechnology: Biological Products (No Diagnostic Substances),Nasdaq screener download,2026-08-09T14:32:06+00:00
HAO,非必需消费,Consumer Discretionary,Advertising,Nasdaq screener download,2026-08-09T14:32:06+00:00
HAPN,金融,Finance,Finance: Consumer Services,Nasdaq screener download,2026-08-09T14:32:06+00:00
HAS,非必需消费,Consumer Discretionary,Recreational Games/Products/Toys,Nasdaq screener download,2026-08-09T14:32:06+00:00
HBAN,金融,Finance,Major Banks,Nasdaq screener download,2026-08-09T14:32:06+00:00
HBCP,金融,Finance,Banks,Nasdaq screener download,2026-08-09T14:32:06+00:00
HBIO,工业,Industrials,Biotechnology: Laboratory Analytical Instruments,Nasdaq screener download,2026-08-09T14:32:06+00:00
HBNB,非必需消费,Consumer Discretionary,Hotels/Resorts,Nasdaq screener download,2026-08-09T14:32:06+00:00
HBNC,金融,Finance,Major Banks,Nasdaq screener download,2026-08-09T14:32:06+00:00
HBT,金融,Finance,Major Banks,Nasdaq screener download,2026-08-09T14:32:06+00:00
HCAC,非必需消费,Consumer Discretionary,Auto Parts:O.E.M.,Nasdaq screener download,2026-08-09T14:32:06+00:00
HCAI,非必需消费,Consumer Discretionary,Miscellaneous manufacturing industries,Nasdaq screener download,2026-08-09T14:32:06+00:00
HCAT,信息技术,Technology,Computer Software: Programming Data Processing,Nasdaq screener download,2026-08-09T14:32:06+00:00
HCKT,非必需消费,Consumer Discretionary,Professional Services,Nasdaq screener download,2026-08-09T14:32:06+00:00
HCSG,医疗保健,Health Care,Hospital/Nursing Management,Nasdaq screener download,2026-08-09T14:32:06+00:00
HCTI,信息技术,Technology,EDP Services,Nasdaq screener download,2026-08-09T14:32:06+00:00
HCWB,医疗保健,Health Care,Biotechnology: Pharmaceutical Preparations,Nasdaq screener download,2026-08-09T14:32:06+00:00
HDRN,公用事业,Utilities,Electric Utilities: Central,Nasdaq screener download,2026-08-09T14:32:06+00:00
HDSN,非必需消费,Consumer Discretionary,Industrial Specialties,Nasdaq screener download,2026-08-09T14:32:06+00:00
HELE,非必需消费,Consumer Discretionary,Home Furnishings,Nasdaq screener download,2026-08-09T14:32:06+00:00
HELP,医疗保健,Health Care,Biotechnology: Pharmaceutical Preparations,Nasdaq screener download,2026-08-09T14:32:06+00:00
HFBL,金融,Finance,Savings Institutions,Nasdaq screener download,2026-08-09T14:32:06+00:00
HFFG,非必需消费,Consumer Discretionary,Food Distributors,Nasdaq screener download,2026-08-09T14:32:06+00:00
HFWA,金融,Finance,Banks,Nasdaq screener download,2026-08-09T14:32:06+00:00
HGBL,非必需消费,Consumer Discretionary,Business Services,Nasdaq screener download,2026-08-09T14:32:06+00:00
HHS,非必需消费,Consumer Discretionary,Advertising,Nasdaq screener download,2026-08-09T14:32:06+00:00
HIFS,金融,Finance,Banks,Nasdaq screener download,2026-08-09T14:32:06+00:00
HIHO,工业,Industrials,Metal Fabrications,Nasdaq screener download,2026-08-09T14:32:06+00:00
HIND,医疗保健,Health Care,Biotechnology: Pharmaceutical Preparations,Nasdaq screener download,2026-08-09T14:32:06+00:00
HIT,金融,Finance,Specialty Insurers,Nasdaq screener download,2026-08-09T14:32:06+00:00
HKPD,医疗保健,Health Care,Other Pharmaceuticals,Nasdaq screener download,2026-08-09T14:32:06+00:00
HLIT,信息技术,Technology,Radio And Television Broadcasting And Communications Equipment,Nasdaq screener download,2026-08-09T14:32:06+00:00
HLMN,非必需消费,Consumer Discretionary,Industrial Machinery/Components,Nasdaq screener download,2026-08-09T14:32:06+00:00
HLNE,金融,Finance,Investment Managers,Nasdaq screener download,2026-08-09T14:32:06+00:00
HLP,工业,Industrials,Industrial Machinery/Components,Nasdaq screener download,2026-08-09T14:32:06+00:00
HMH,非必需消费,Consumer Discretionary,Oil and Gas Field Machinery,Nasdaq screener download,2026-08-09T14:32:06+00:00
HMR,非必需消费,Consumer Discretionary,Marine Transportation,Nasdaq screener download,2026-08-09T14:32:06+00:00
HNNA,金融,Finance,Investment Managers,Nasdaq screener download,2026-08-09T14:32:06+00:00
HNRG,公用事业,Utilities,Electric Utilities: Central,Nasdaq screener download,2026-08-09T14:32:06+00:00
HNST,非必需消费,Consumer Discretionary,Catalog/Specialty Distribution,Nasdaq screener download,2026-08-09T14:32:06+00:00
HNVR,金融,Finance,Major Banks,Nasdaq screener download,2026-08-09T14:32:06+00:00
HODO,金融,Finance,Finance: Consumer Services,Nasdaq screener download,2026-08-09T14:32:06+00:00
HOFT,非必需消费,Consumer Discretionary,Home Furnishings,Nasdaq screener download,2026-08-09T14:32:06+00:00
HOLO,信息技术,Technology,Computer Software: Programming Data Processing,Nasdaq screener download,2026-08-09T14:32:06+00:00
HON,工业,Industrials,Aerospace,Nasdaq screener download,2026-08-09T14:32:06+00:00
HONA,工业,Industrials,Aerospace,Nasdaq screener download,2026-08-09T14:32:06+00:00
HOOD,金融,Finance,Investment Bankers/Brokers/Service,Nasdaq screener download,2026-08-09T14:32:06+00:00
HOPE,金融,Finance,Major Banks,Nasdaq screener download,2026-08-09T14:32:06+00:00
HOUR,非必需消费,Consumer Discretionary,Catalog/Specialty Distribution,Nasdaq screener download,2026-08-09T14:32:06+00:00
HOWL,医疗保健,Health Care,Biotechnology: Pharmaceutical Preparations,Nasdaq screener download,2026-08-09T14:32:06+00:00
HPAI,信息技术,Technology,Computer Software: Prepackaged Software,Nasdaq screener download,2026-08-09T14:32:06+00:00
HPK,能源,Energy,Oil & Gas Production,Nasdaq screener download,2026-08-09T14:32:06+00:00
HQ,信息技术,Technology,EDP Services,Nasdaq screener download,2026-08-09T14:32:06+00:00
HQI,非必需消费,Consumer Discretionary,Professional Services,Nasdaq screener download,2026-08-09T14:32:06+00:00
HQY,非必需消费,Consumer Discretionary,Business Services,Nasdaq screener download,2026-08-09T14:32:06+00:00
HRMY,医疗保健,Health Care,Biotechnology: Pharmaceutical Preparations,Nasdaq screener download,2026-08-09T14:32:06+00:00
HROW,医疗保健,Health Care,Biotechnology: Pharmaceutical Preparations,Nasdaq screener download,2026-08-09T14:32:06+00:00
HRTX,医疗保健,Health Care,Biotechnology: Pharmaceutical Preparations,Nasdaq screener download,2026-08-09T14:32:06+00:00
HRZN,金融,Finance,Finance: Consumer Services,Nasdaq screener download,2026-08-09T14:32:06+00:00
HSCS,医疗保健,Health Care,Industrial Specialties,Nasdaq screener download,2026-08-09T14:32:06+00:00
HSDT,医疗保健,Health Care,Biotechnology: Electromedical & Electrotherapeutic Apparatus,Nasdaq screener download,2026-08-09T14:32:06+00:00
HSIC,医疗保健,Health Care,Medical Specialities,Nasdaq screener download,2026-08-09T14:32:06+00:00
HST,房地产,Real Estate,Real Estate Investment Trusts,Nasdaq screener download,2026-08-09T14:32:06+00:00
HSTM,信息技术,Technology,Computer Software: Programming Data Processing,Nasdaq screener download,2026-08-09T14:32:06+00:00
HTCO,非必需消费,Consumer Discretionary,Marine Transportation,Nasdaq screener download,2026-08-09T14:32:06+00:00
HTCR,信息技术,Technology,EDP Services,Nasdaq screener download,2026-08-09T14:32:06+00:00
HTFL,医疗保健,Health Care,Medical/Dental Instruments,Nasdaq screener download,2026-08-09T14:32:06+00:00
HTLD,工业,Industrials,Trucking Freight/Courier Services,Nasdaq screener download,2026-08-09T14:32:06+00:00
HTLM,非必需消费,Consumer Discretionary,Other Specialty Stores,Nasdaq screener download,2026-08-09T14:32:06+00:00
HTO,公用事业,Utilities,Water Supply,Nasdaq screener download,2026-08-09T14:32:06+00:00
HTOO,信息技术,Technology,Industrial Machinery/Components,Nasdaq screener download,2026-08-09T14:32:06+00:00
HTZ,非必需消费,Consumer Discretionary,Rental/Leasing Companies,Nasdaq screener download,2026-08-09T14:32:06+00:00
HUBC,通信服务,Telecommunications,Computer Communications Equipment,Nasdaq screener download,2026-08-09T14:32:06+00:00
HUBG,工业,Industrials,Integrated Freight & Logistics,Nasdaq screener download,2026-08-09T14:32:06+00:00
HUDI,工业,Industrials,Steel/Iron Ore,Nasdaq screener download,2026-08-09T14:32:06+00:00
HUHU,通信服务,Telecommunications,Metal Fabrications,Nasdaq screener download,2026-08-09T14:32:06+00:00
HUMA,医疗保健,Health Care,Biotechnology: Biological Products (No Diagnostic Substances),Nasdaq screener download,2026-08-09T14:32:06+00:00
HURA,医疗保健,Health Care,Biotechnology: Pharmaceutical Preparations,Nasdaq screener download,2026-08-09T14:32:06+00:00
HURC,工业,Industrials,Industrial Machinery/Components,Nasdaq screener download,2026-08-09T14:32:06+00:00
HURN,非必需消费,Consumer Discretionary,Professional Services,Nasdaq screener download,2026-08-09T14:32:06+00:00
HUT,金融,Finance,Finance: Consumer Services,Nasdaq screener download,2026-08-09T14:32:06+00:00
HWBK,金融,Finance,Major Banks,Nasdaq screener download,2026-08-09T14:32:06+00:00
HWC,金融,Finance,Major Banks,Nasdaq screener download,2026-08-09T14:32:06+00:00
HWH,医疗保健,Health Care,Other Pharmaceuticals,Nasdaq screener download,2026-08-09T14:32:06+00:00
HWKN,非必需消费,Consumer Discretionary,Specialty Chemicals,Nasdaq screener download,2026-08-09T14:32:06+00:00
HXHX,工业,Industrials,Trucking Freight/Courier Services,Nasdaq screener download,2026-08-09T14:32:06+00:00
HYFM,非必需消费,Consumer Discretionary,Consumer Specialties,Nasdaq screener download,2026-08-09T14:32:06+00:00
HYFT,医疗保健,Health Care,Biotechnology: Pharmaceutical Preparations,Nasdaq screener download,2026-08-09T14:32:06+00:00
HYMC,原材料,Basic Materials,Precious Metals,Nasdaq screener download,2026-08-09T14:32:06+00:00
HYNE,金融,Finance,Banks,Nasdaq screener download,2026-08-09T14:32:06+00:00
HYPD,医疗保健,Health Care,Biotechnology: Pharmaceutical Preparations,Nasdaq screener download,2026-08-09T14:32:06+00:00
HYPR,医疗保健,Health Care,Biotechnology: Electromedical & Electrotherapeutic Apparatus,Nasdaq screener download,2026-08-09T14:32:06+00:00
IACO,金融,Finance,Blank Checks,Nasdaq screener download,2026-08-09T14:32:06+00:00
IACQ,金融,Finance,Blank Checks,Nasdaq screener download,2026-08-09T14:32:06+00:00
IART,医疗保健,Health Care,Medical/Dental Instruments,Nasdaq screener download,2026-08-09T14:32:06+00:00
IBAC,金融,Finance,Blank Checks,Nasdaq screener download,2026-08-09T14:32:06+00:00
IBCP,金融,Finance,Major Banks,Nasdaq screener download,2026-08-09T14:32:06+00:00
IBG,必需消费,Consumer Staples,Beverages (Production/Distribution),Nasdaq screener download,2026-08-09T14:32:06+00:00
IBIO,医疗保健,Health Care,Biotechnology: Pharmaceutical Preparations,Nasdaq screener download,2026-08-09T14:32:06+00:00
IBKR,金融,Finance,Investment Bankers/Brokers/Service,Nasdaq screener download,2026-08-09T14:32:06+00:00
IBOC,金融,Finance,Major Banks,Nasdaq screener download,2026-08-09T14:32:06+00:00
ICCC,医疗保健,Health Care,Biotechnology: In Vitro & In Vivo Diagnostic Substances,Nasdaq screener download,2026-08-09T14:32:06+00:00
ICCM,医疗保健,Health Care,Medical/Dental Instruments,Nasdaq screener download,2026-08-09T14:32:06+00:00
ICFI,非必需消费,Consumer Discretionary,Professional Services,Nasdaq screener download,2026-08-09T14:32:06+00:00
ICHR,信息技术,Technology,Semiconductors,Nasdaq screener download,2026-08-09T14:32:06+00:00
ICLR,医疗保健,Health Care,Biotechnology: Commercial Physical & Biological Resarch,Nasdaq screener download,2026-08-09T14:32:06+00:00
ICMB,金融,Finance,Finance: Consumer Services,Nasdaq screener download,2026-08-09T14:32:06+00:00
ICON,非必需消费,Consumer Discretionary,Marine Transportation,Nasdaq screener download,2026-08-09T14:32:06+00:00
ICU,医疗保健,Health Care,Medical/Dental Instruments,Nasdaq screener download,2026-08-09T14:32:06+00:00
ICUI,医疗保健,Health Care,Medical/Dental Instruments,Nasdaq screener download,2026-08-09T14:32:06+00:00
IDAI,信息技术,Technology,Computer Software: Prepackaged Software,Nasdaq screener download,2026-08-09T14:32:06+00:00
IDN,信息技术,Technology,Computer Software: Prepackaged Software,Nasdaq screener download,2026-08-09T14:32:06+00:00
IDXX,医疗保健,Health Care,Biotechnology: In Vitro & In Vivo Diagnostic Substances,Nasdaq screener download,2026-08-09T14:32:06+00:00
IDYA,医疗保健,Health Care,Biotechnology: Pharmaceutical Preparations,Nasdaq screener download,2026-08-09T14:32:06+00:00
IEAG,金融,Finance,Blank Checks,Nasdaq screener download,2026-08-09T14:32:06+00:00
IEP,能源,Energy,Integrated oil Companies,Nasdaq screener download,2026-08-09T14:32:06+00:00
IESC,工业,Industrials,Engineering & Construction,Nasdaq screener download,2026-08-09T14:32:06+00:00
IFBD,信息技术,Technology,Computer Software: Prepackaged Software,Nasdaq screener download,2026-08-09T14:32:06+00:00
IFRX,医疗保健,Health Care,Biotechnology: Pharmaceutical Preparations,Nasdaq screener download,2026-08-09T14:32:06+00:00
IGAC,金融,Finance,Blank Checks,Nasdaq screener download,2026-08-09T14:32:06+00:00
IHRT,非必需消费,Consumer Discretionary,Broadcasting,Nasdaq screener download,2026-08-09T14:32:06+00:00
III,非必需消费,Consumer Discretionary,Professional Services,Nasdaq screener download,2026-08-09T14:32:06+00:00
IIIV,信息技术,Technology,Computer Software: Prepackaged Software,Nasdaq screener download,2026-08-09T14:32:06+00:00
IKT,医疗保健,Health Care,Biotechnology: Biological Products (No Diagnostic Substances),Nasdaq screener download,2026-08-09T14:32:06+00:00
ILAG,非必需消费,Consumer Discretionary,Office Equipment/Supplies/Services,Nasdaq screener download,2026-08-09T14:32:06+00:00
ILLR,金融,Finance,Investment Managers,Nasdaq screener download,2026-08-09T14:32:06+00:00
ILLU,金融,Finance,Blank Checks,Nasdaq screener download,2026-08-09T14:32:06+00:00
ILMN,医疗保健,Health Care,Medical Specialities,Nasdaq screener download,2026-08-09T14:32:06+00:00
IMA,医疗保健,Health Care,Biotechnology: Biological Products (No Diagnostic Substances),Nasdaq screener download,2026-08-09T14:32:06+00:00
IMDX,医疗保健,Health Care,Biotechnology: In Vitro & In Vivo Diagnostic Substances,Nasdaq screener download,2026-08-09T14:32:06+00:00
IMKTA,必需消费,Consumer Staples,Food Chains,Nasdaq screener download,2026-08-09T14:32:06+00:00
IMMR,信息技术,Technology,Computer peripheral equipment,Nasdaq screener download,2026-08-09T14:32:06+00:00
IMMX,医疗保健,Health Care,Biotechnology: Pharmaceutical Preparations,Nasdaq screener download,2026-08-09T14:32:06+00:00
IMNM,医疗保健,Health Care,Biotechnology: Pharmaceutical Preparations,Nasdaq screener download,2026-08-09T14:32:06+00:00
IMNN,医疗保健,Health Care,Biotechnology: Pharmaceutical Preparations,Nasdaq screener download,2026-08-09T14:32:06+00:00
IMRX,医疗保健,Health Care,Biotechnology: Pharmaceutical Preparations,Nasdaq screener download,2026-08-09T14:32:06+00:00
IMSR,工业,Industrials,Metal Fabrications,Nasdaq screener download,2026-08-09T14:32:06+00:00
IMTE,必需消费,Consumer Staples,Consumer Electronics/Appliances,Nasdaq screener download,2026-08-09T14:32:06+00:00
IMTX,医疗保健,Health Care,Biotechnology: Biological Products (No Diagnostic Substances),Nasdaq screener download,2026-08-09T14:32:06+00:00
IMUX,医疗保健,Health Care,Biotechnology: Pharmaceutical Preparations,Nasdaq screener download,2026-08-09T14:32:06+00:00
IMVT,医疗保健,Health Care,Biotechnology: Biological Products (No Diagnostic Substances),Nasdaq screener download,2026-08-09T14:32:06+00:00
IMXI,非必需消费,Consumer Discretionary,Business Services,Nasdaq screener download,2026-08-09T14:32:06+00:00
INAB,医疗保健,Health Care,Biotechnology: Biological Products (No Diagnostic Substances),Nasdaq screener download,2026-08-09T14:32:06+00:00
INBK,金融,Finance,Major Banks,Nasdaq screener download,2026-08-09T14:32:06+00:00
INBS,医疗保健,Health Care,Medical/Dental Instruments,Nasdaq screener download,2026-08-09T14:32:06+00:00
INBX,医疗保健,Health Care,Biotechnology: Biological Products (No Diagnostic Substances),Nasdaq screener download,2026-08-09T14:32:06+00:00
INCR,医疗保健,Health Care,Biotechnology: Pharmaceutical Preparations,Nasdaq screener download,2026-08-09T14:32:06+00:00
INCY,医疗保健,Health Care,Biotechnology: Commercial Physical & Biological Resarch,Nasdaq screener download,2026-08-09T14:32:06+00:00
INDB,金融,Finance,Major Banks,Nasdaq screener download,2026-08-09T14:32:06+00:00
INDI,信息技术,Technology,Semiconductors,Nasdaq screener download,2026-08-09T14:32:06+00:00
INDP,医疗保健,Health Care,Biotechnology: Pharmaceutical Preparations,Nasdaq screener download,2026-08-09T14:32:06+00:00
INDV,医疗保健,Health Care,Biotechnology: Pharmaceutical Preparations,Nasdaq screener download,2026-08-09T14:32:06+00:00
INEO,非必需消费,Consumer Discretionary,Motor Vehicles,Nasdaq screener download,2026-08-09T14:32:06+00:00
INGN,医疗保健,Health Care,Industrial Specialties,Nasdaq screener download,2026-08-09T14:32:06+00:00
INIO,非必需消费,Consumer Discretionary,Metal Fabrications,Nasdaq screener download,2026-08-09T14:32:06+00:00
INKT,医疗保健,Health Care,Biotechnology: Biological Products (No Diagnostic Substances),Nasdaq screener download,2026-08-09T14:32:06+00:00
INLF,工业,Industrials,Industrial Machinery/Components,Nasdaq screener download,2026-08-09T14:32:06+00:00
INMB,医疗保健,Health Care,Biotechnology: Biological Products (No Diagnostic Substances),Nasdaq screener download,2026-08-09T14:32:06+00:00
INMD,医疗保健,Health Care,Biotechnology: Electromedical & Electrotherapeutic Apparatus,Nasdaq screener download,2026-08-09T14:32:06+00:00
INNV,医疗保健,Health Care,Medical/Nursing Services,Nasdaq screener download,2026-08-09T14:32:06+00:00
INO,医疗保健,Health Care,Biotechnology: Pharmaceutical Preparations,Nasdaq screener download,2026-08-09T14:32:06+00:00
INOD,信息技术,Technology,EDP Services,Nasdaq screener download,2026-08-09T14:32:06+00:00
INSE,信息技术,Technology,Computer Software: Prepackaged Software,Nasdaq screener download,2026-08-09T14:32:06+00:00
INSG,通信服务,Telecommunications,Telecommunications Equipment,Nasdaq screener download,2026-08-09T14:32:06+00:00
INSM,医疗保健,Health Care,Biotechnology: Pharmaceutical Preparations,Nasdaq screener download,2026-08-09T14:32:06+00:00
INTA,信息技术,Technology,Computer Software: Prepackaged Software,Nasdaq screener download,2026-08-09T14:32:06+00:00
INTC,信息技术,Technology,Semiconductors,Nasdaq screener download,2026-08-09T14:32:06+00:00
INTG,房地产,Real Estate,Building operators,Nasdaq screener download,2026-08-09T14:32:06+00:00
INTJ,非必需消费,Consumer Discretionary,Professional Services,Nasdaq screener download,2026-08-09T14:32:06+00:00
INTS,医疗保健,Health Care,Biotechnology: Biological Products (No Diagnostic Substances),Nasdaq screener download,2026-08-09T14:32:06+00:00
INTU,信息技术,Technology,Computer Software: Prepackaged Software,Nasdaq screener download,2026-08-09T14:32:06+00:00
INTZ,通信服务,Telecommunications,Computer Communications Equipment,Nasdaq screener download,2026-08-09T14:32:06+00:00
INV,金融,Finance,Blank Checks,Nasdaq screener download,2026-08-09T14:32:06+00:00
INVA,医疗保健,Health Care,Biotechnology: Pharmaceutical Preparations,Nasdaq screener download,2026-08-09T14:32:06+00:00
INVE,信息技术,Technology,Computer peripheral equipment,Nasdaq screener download,2026-08-09T14:32:06+00:00
INVZ,非必需消费,Consumer Discretionary,Auto Parts:O.E.M.,Nasdaq screener download,2026-08-09T14:32:06+00:00
IONS,医疗保健,Health Care,Biotechnology: Pharmaceutical Preparations,Nasdaq screener download,2026-08-09T14:32:06+00:00
IOSP,工业,Industrials,Major Chemicals,Nasdaq screener download,2026-08-09T14:32:06+00:00
IOTR,非必需消费,Consumer Discretionary,Telecommunications Equipment,Nasdaq screener download,2026-08-09T14:32:06+00:00
IOVA,医疗保健,Health Care,Biotechnology: Biological Products (No Diagnostic Substances),Nasdaq screener download,2026-08-09T14:32:06+00:00
IPAR,非必需消费,Consumer Discretionary,Package Goods/Cosmetics,Nasdaq screener download,2026-08-09T14:32:06+00:00
IPCX,金融,Finance,Blank Checks,Nasdaq screener download,2026-08-09T14:32:06+00:00
IPDN,信息技术,Technology,Computer Software: Programming Data Processing,Nasdaq screener download,2026-08-09T14:32:06+00:00
IPEX,医疗保健,Health Care,Biotechnology: Pharmaceutical Preparations,Nasdaq screener download,2026-08-09T14:32:06+00:00
IPFX,金融,Finance,Blank Checks,Nasdaq screener download,2026-08-09T14:32:06+00:00
IPGP,信息技术,Technology,Semiconductors,Nasdaq screener download,2026-08-09T14:32:06+00:00
IPM,信息技术,Technology,Computer Software: Programming Data Processing,Nasdaq screener download,2026-08-09T14:32:06+00:00
IPSC,医疗保健,Health Care,Biotechnology: Biological Products (No Diagnostic Substances),Nasdaq screener download,2026-08-09T14:32:06+00:00
IPST,必需消费,Consumer Staples,Beverages (Production/Distribution),Nasdaq screener download,2026-08-09T14:32:06+00:00
IPW,非必需消费,Consumer Discretionary,RETAIL: Building Materials,Nasdaq screener download,2026-08-09T14:32:06+00:00
IPWR,信息技术,Technology,Semiconductors,Nasdaq screener download,2026-08-09T14:32:06+00:00
IQST,通信服务,Telecommunications,Telecommunications Equipment,Nasdaq screener download,2026-08-09T14:32:06+00:00
IRD,医疗保健,Health Care,Biotechnology: Pharmaceutical Preparations,Nasdaq screener download,2026-08-09T14:32:06+00:00
IRDM,非必需消费,Consumer Discretionary,Telecommunications Equipment,Nasdaq screener download,2026-08-09T14:32:06+00:00
IREN,金融,Finance,Finance: Consumer Services,Nasdaq screener download,2026-08-09T14:32:06+00:00
IRHO,金融,Finance,Blank Checks,Nasdaq screener download,2026-08-09T14:32:06+00:00
IRIX,医疗保健,Health Care,Biotechnology: Electromedical & Electrotherapeutic Apparatus,Nasdaq screener download,2026-08-09T14:32:06+00:00
IRMD,医疗保健,Health Care,Medical/Dental Instruments,Nasdaq screener download,2026-08-09T14:32:06+00:00
IRON,医疗保健,Health Care,Biotechnology: Pharmaceutical Preparations,Nasdaq screener download,2026-08-09T14:32:06+00:00
IRTC,医疗保健,Health Care,Medical/Dental Instruments,Nasdaq screener download,2026-08-09T14:32:06+00:00
IRWD,医疗保健,Health Care,Biotechnology: Pharmaceutical Preparations,Nasdaq screener download,2026-08-09T14:32:06+00:00
ISBA,金融,Finance,Major Banks,Nasdaq screener download,2026-08-09T14:32:06+00:00
ISPC,医疗保健,Health Care,Biotechnology: Commercial Physical & Biological Resarch,Nasdaq screener download,2026-08-09T14:32:06+00:00
ISPR,医疗保健,Health Care,Medicinal Chemicals and Botanical Products,Nasdaq screener download,2026-08-09T14:32:06+00:00
ISRG,医疗保健,Health Care,Industrial Specialties,Nasdaq screener download,2026-08-09T14:32:06+00:00
ISSC,信息技术,Technology,EDP Services,Nasdaq screener download,2026-08-09T14:32:06+00:00
ISTR,金融,Finance,Major Banks,Nasdaq screener download,2026-08-09T14:32:06+00:00
ITG,工业,Industrials,Water Sewer Pipeline Comm & Power Line Construction,Nasdaq screener download,2026-08-09T14:32:06+00:00
ITIC,金融,Finance,Specialty Insurers,Nasdaq screener download,2026-08-09T14:32:06+00:00
ITOC,医疗保健,Health Care,Biotechnology: Electromedical & Electrotherapeutic Apparatus,Nasdaq screener download,2026-08-09T14:32:06+00:00
ITRI,工业,Industrials,Electrical Products,Nasdaq screener download,2026-08-09T14:32:06+00:00
ITRN,信息技术,Technology,Electronic Components,Nasdaq screener download,2026-08-09T14:32:06+00:00
IVDA,信息技术,Technology,Computer Software: Prepackaged Software,Nasdaq screener download,2026-08-09T14:32:06+00:00
IVF,医疗保健,Health Care,Medical/Dental Instruments,Nasdaq screener download,2026-08-09T14:32:06+00:00
IVVD,医疗保健,Health Care,Biotechnology: Biological Products (No Diagnostic Substances),Nasdaq screener download,2026-08-09T14:32:06+00:00
IXHL,医疗保健,Health Care,Biotechnology: Pharmaceutical Preparations,Nasdaq screener download,2026-08-09T14:32:06+00:00
IZEA,非必需消费,Consumer Discretionary,Advertising,Nasdaq screener download,2026-08-09T14:32:06+00:00
IZM,非必需消费,Consumer Discretionary,Consumer Electronics/Video Chains,Nasdaq screener download,2026-08-09T14:32:06+00:00
JACK,非必需消费,Consumer Discretionary,Restaurants,Nasdaq screener download,2026-08-09T14:32:06+00:00
JAGX,医疗保健,Health Care,Biotechnology: Pharmaceutical Preparations,Nasdaq screener download,2026-08-09T14:32:06+00:00
JAKK,非必需消费,Consumer Discretionary,Recreational Games/Products/Toys,Nasdaq screener download,2026-08-09T14:32:06+00:00
JANX,医疗保健,Health Care,Biotechnology: Pharmaceutical Preparations,Nasdaq screener download,2026-08-09T14:32:06+00:00
JATT,金融,Finance,Blank Checks,Nasdaq screener download,2026-08-09T14:32:06+00:00
JAZZ,医疗保健,Health Care,Biotechnology: Pharmaceutical Preparations,Nasdaq screener download,2026-08-09T14:32:06+00:00
JBHT,工业,Industrials,Trucking Freight/Courier Services,Nasdaq screener download,2026-08-09T14:32:06+00:00
JBIO,医疗保健,Health Care,Biotechnology: Pharmaceutical Preparations,Nasdaq screener download,2026-08-09T14:32:06+00:00
JBLU,非必需消费,Consumer Discretionary,Air Freight/Delivery Services,Nasdaq screener download,2026-08-09T14:32:06+00:00
JBSS,必需消费,Consumer Staples,Specialty Foods,Nasdaq screener download,2026-08-09T14:32:06+00:00
JCAP,金融,Finance,Finance Companies,Nasdaq screener download,2026-08-09T14:32:06+00:00
JCSE,非必需消费,Consumer Discretionary,Miscellaneous manufacturing industries,Nasdaq screener download,2026-08-09T14:32:06+00:00
JEM,非必需消费,Consumer Discretionary,Clothing/Shoe/Accessory Stores,Nasdaq screener download,2026-08-09T14:32:06+00:00
JFB,非必需消费,Consumer Discretionary,General Bldg Contractors - Nonresidential Bldgs,Nasdaq screener download,2026-08-09T14:32:06+00:00
JJSF,必需消费,Consumer Staples,Specialty Foods,Nasdaq screener download,2026-08-09T14:32:06+00:00
JKHY,信息技术,Technology,EDP Services,Nasdaq screener download,2026-08-09T14:32:06+00:00
JL,非必需消费,Consumer Discretionary,Clothing/Shoe/Accessory Stores,Nasdaq screener download,2026-08-09T14:32:06+00:00
JLHL,非必需消费,Consumer Discretionary,Military/Government/Technical,Nasdaq screener download,2026-08-09T14:32:06+00:00
JMSB,金融,Finance,Major Banks,Nasdaq screener download,2026-08-09T14:32:06+00:00
JOUT,非必需消费,Consumer Discretionary,Recreational Games/Products/Toys,Nasdaq screener download,2026-08-09T14:32:06+00:00
JRSH,非必需消费,Consumer Discretionary,Apparel,Nasdaq screener download,2026-08-09T14:32:06+00:00
JRVR,金融,Finance,Property-Casualty Insurers,Nasdaq screener download,2026-08-09T14:32:06+00:00
JSPR,医疗保健,Health Care,Biotechnology: Biological Products (No Diagnostic Substances),Nasdaq screener download,2026-08-09T14:32:06+00:00
JTAI,非必需消费,Consumer Discretionary,Transportation Services,Nasdaq screener download,2026-08-09T14:32:06+00:00
JUNS,医疗保健,Health Care,Biotechnology: Pharmaceutical Preparations,Nasdaq screener download,2026-08-09T14:32:06+00:00
JVA,必需消费,Consumer Staples,Packaged Foods,Nasdaq screener download,2026-08-09T14:32:06+00:00
JWEL,非必需消费,Consumer Discretionary,Other Consumer Services,Nasdaq screener download,2026-08-09T14:32:06+00:00
JXG,工业,Industrials,Office Equipment/Supplies/Services,Nasdaq screener download,2026-08-09T14:32:06+00:00
JYD,工业,Industrials,Integrated Freight & Logistics,Nasdaq screener download,2026-08-09T14:32:06+00:00
JZXN,非必需消费,Consumer Discretionary,Retail-Auto Dealers and Gas Stations,Nasdaq screener download,2026-08-09T14:32:06+00:00
KALA,医疗保健,Health Care,Biotechnology: Pharmaceutical Preparations,Nasdaq screener download,2026-08-09T14:32:06+00:00
KALU,工业,Industrials,Metal Fabrications,Nasdaq screener download,2026-08-09T14:32:06+00:00
KARD,医疗保健,Health Care,Biotechnology: Pharmaceutical Preparations,Nasdaq screener download,2026-08-09T14:32:06+00:00
KARO,信息技术,Technology,Computer Software: Prepackaged Software,Nasdaq screener download,2026-08-09T14:32:06+00:00
KAZR,非必需消费,Consumer Discretionary,Engineering & Construction,Nasdaq screener download,2026-08-09T14:32:06+00:00
KBON,金融,Finance,Blank Checks,Nasdaq screener download,2026-08-09T14:32:06+00:00
KBSX,非必需消费,Consumer Discretionary,Recreational Games/Products/Toys,Nasdaq screener download,2026-08-09T14:32:06+00:00
KDK,信息技术,Technology,EDP Services,Nasdaq screener download,2026-08-09T14:32:06+00:00
KDP,必需消费,Consumer Staples,Beverages (Production/Distribution),Nasdaq screener download,2026-08-09T14:32:06+00:00
KE,信息技术,Technology,Electrical Products,Nasdaq screener download,2026-08-09T14:32:06+00:00
KEEL,金融,Finance,Finance: Consumer Services,Nasdaq screener download,2026-08-09T14:32:06+00:00
KELYA,非必需消费,Consumer Discretionary,Professional Services,Nasdaq screener download,2026-08-09T14:32:06+00:00
KELYB,非必需消费,Consumer Discretionary,Professional Services,Nasdaq screener download,2026-08-09T14:32:06+00:00
KEQU,工业,Industrials,Medical Specialities,Nasdaq screener download,2026-08-09T14:32:06+00:00
KEYY,金融,Finance,Blank Checks,Nasdaq screener download,2026-08-09T14:32:06+00:00
KFFB,金融,Finance,Savings Institutions,Nasdaq screener download,2026-08-09T14:32:06+00:00
KGEI,能源,Energy,Oil & Gas Production,Nasdaq screener download,2026-08-09T14:32:06+00:00
KHC,必需消费,Consumer Staples,Packaged Foods,Nasdaq screener download,2026-08-09T14:32:06+00:00
KIDS,医疗保健,Health Care,Medical/Dental Instruments,Nasdaq screener download,2026-08-09T14:32:06+00:00
KIDZ,房地产,Real Estate,Other Consumer Services,Nasdaq screener download,2026-08-09T14:32:06+00:00
KINS,金融,Finance,Property-Casualty Insurers,Nasdaq screener download,2026-08-09T14:32:06+00:00
KITT,工业,Industrials,Industrial Machinery/Components,Nasdaq screener download,2026-08-09T14:32:06+00:00
KLAC,信息技术,Technology,Electronic Components,Nasdaq screener download,2026-08-09T14:32:06+00:00
KLIC,信息技术,Technology,Semiconductors,Nasdaq screener download,2026-08-09T14:32:06+00:00
KLRA,医疗保健,Health Care,Biotechnology: Pharmaceutical Preparations,Nasdaq screener download,2026-08-09T14:32:06+00:00
KLRS,医疗保健,Health Care,Biotechnology: Biological Products (No Diagnostic Substances),Nasdaq screener download,2026-08-09T14:32:06+00:00
KLTR,信息技术,Technology,Computer Software: Prepackaged Software,Nasdaq screener download,2026-08-09T14:32:06+00:00
KLXE,能源,Energy,Oilfield Services/Equipment,Nasdaq screener download,2026-08-09T14:32:06+00:00
KMB,非必需消费,Consumer Discretionary,Containers/Packaging,Nasdaq screener download,2026-08-09T14:32:06+00:00
KMDA,医疗保健,Health Care,Biotechnology: Pharmaceutical Preparations,Nasdaq screener download,2026-08-09T14:32:06+00:00
KMRK,非必需消费,Consumer Discretionary,Recreational Games/Products/Toys,Nasdaq screener download,2026-08-09T14:32:06+00:00
KMTS,医疗保健,Health Care,Medical/Dental Instruments,Nasdaq screener download,2026-08-09T14:32:06+00:00
KNDI,工业,Industrials,Auto Manufacturing,Nasdaq screener download,2026-08-09T14:32:06+00:00
KNSA,医疗保健,Health Care,Biotechnology: Pharmaceutical Preparations,Nasdaq screener download,2026-08-09T14:32:06+00:00
KOD,医疗保健,Health Care,Biotechnology: Biological Products (No Diagnostic Substances),Nasdaq screener download,2026-08-09T14:32:06+00:00
KOPN,信息技术,Technology,Semiconductors,Nasdaq screener download,2026-08-09T14:32:06+00:00
KOSS,必需消费,Consumer Staples,Consumer Electronics/Appliances,Nasdaq screener download,2026-08-09T14:32:06+00:00
KPLT,非必需消费,Consumer Discretionary,Diversified Commercial Services,Nasdaq screener download,2026-08-09T14:32:06+00:00
KPRX,医疗保健,Health Care,Biotechnology: Pharmaceutical Preparations,Nasdaq screener download,2026-08-09T14:32:06+00:00
KPTI,医疗保健,Health Care,Biotechnology: Pharmaceutical Preparations,Nasdaq screener download,2026-08-09T14:32:06+00:00
KRMD,医疗保健,Health Care,Medical/Dental Instruments,Nasdaq screener download,2026-08-09T14:32:06+00:00
KRNT,工业,Industrials,Industrial Machinery/Components,Nasdaq screener download,2026-08-09T14:32:06+00:00
KRNY,金融,Finance,Savings Institutions,Nasdaq screener download,2026-08-09T14:32:06+00:00
KROS,医疗保健,Health Care,Biotechnology: Pharmaceutical Preparations,Nasdaq screener download,2026-08-09T14:32:06+00:00
KRRO,医疗保健,Health Care,Biotechnology: Pharmaceutical Preparations,Nasdaq screener download,2026-08-09T14:32:06+00:00
KRT,工业,Industrials,Plastic Products,Nasdaq screener download,2026-08-09T14:32:06+00:00
KRUS,非必需消费,Consumer Discretionary,Restaurants,Nasdaq screener download,2026-08-09T14:32:06+00:00
KRYS,医疗保健,Health Care,Biotechnology: Biological Products (No Diagnostic Substances),Nasdaq screener download,2026-08-09T14:32:06+00:00
KSCP,通信服务,Telecommunications,Telecommunications Equipment,Nasdaq screener download,2026-08-09T14:32:06+00:00
KTCC,信息技术,Technology,Electrical Products,Nasdaq screener download,2026-08-09T14:32:06+00:00
KTOS,工业,Industrials,Military/Government/Technical,Nasdaq screener download,2026-08-09T14:32:06+00:00
KTTA,医疗保健,Health Care,Biotechnology: Pharmaceutical Preparations,Nasdaq screener download,2026-08-09T14:32:06+00:00
KURA,医疗保健,Health Care,Biotechnology: Pharmaceutical Preparations,Nasdaq screener download,2026-08-09T14:32:06+00:00
KUST,信息技术,Technology,Radio And Television Broadcasting And Communications Equipment,Nasdaq screener download,2026-08-09T14:32:06+00:00
KVHI,非必需消费,Consumer Discretionary,Telecommunications Equipment,Nasdaq screener download,2026-08-09T14:32:06+00:00
KWM,非必需消费,Consumer Discretionary,Movies/Entertainment,Nasdaq screener download,2026-08-09T14:32:06+00:00
KXIN,非必需消费,Consumer Discretionary,Retail-Auto Dealers and Gas Stations,Nasdaq screener download,2026-08-09T14:32:06+00:00
KYMR,医疗保健,Health Care,Biotechnology: Biological Products (No Diagnostic Substances),Nasdaq screener download,2026-08-09T14:32:06+00:00
KYNB,医疗保健,Health Care,Biotechnology: Pharmaceutical Preparations,Nasdaq screener download,2026-08-09T14:32:06+00:00
KYTX,医疗保健,Health Care,Biotechnology: Biological Products (No Diagnostic Substances),Nasdaq screener download,2026-08-09T14:32:06+00:00
LAB,工业,Industrials,Biotechnology: Laboratory Analytical Instruments,Nasdaq screener download,2026-08-09T14:32:06+00:00
LABT,医疗保健,Health Care,Biotechnology: Pharmaceutical Preparations,Nasdaq screener download,2026-08-09T14:32:06+00:00
LAES,信息技术,Technology,Semiconductors,Nasdaq screener download,2026-08-09T14:32:06+00:00
LAKE,医疗保健,Health Care,Industrial Specialties,Nasdaq screener download,2026-08-09T14:32:06+00:00
LAMR,房地产,Real Estate,Real Estate Investment Trusts,Nasdaq screener download,2026-08-09T14:32:06+00:00
LAND,房地产,Real Estate,Real Estate Investment Trusts,Nasdaq screener download,2026-08-09T14:32:06+00:00
LARK,金融,Finance,Major Banks,Nasdaq screener download,2026-08-09T14:32:06+00:00
LASR,信息技术,Technology,Semiconductors,Nasdaq screener download,2026-08-09T14:32:06+00:00
LATA,金融,Finance,Blank Checks,Nasdaq screener download,2026-08-09T14:32:06+00:00
LAUR,房地产,Real Estate,Other Consumer Services,Nasdaq screener download,2026-08-09T14:32:06+00:00
LBGJ,工业,Industrials,Industrial Machinery/Components,Nasdaq screener download,2026-08-09T14:32:06+00:00
LBRDA,通信服务,Telecommunications,Cable & Other Pay Television Services,Nasdaq screener download,2026-08-09T14:32:06+00:00
LBRDK,通信服务,Telecommunications,Cable & Other Pay Television Services,Nasdaq screener download,2026-08-09T14:32:06+00:00
LBRX,医疗保健,Health Care,Biotechnology: Pharmaceutical Preparations,Nasdaq screener download,2026-08-09T14:32:06+00:00
LCCC,金融,Finance,Blank Checks,Nasdaq screener download,2026-08-09T14:32:06+00:00
LCID,工业,Industrials,Auto Manufacturing,Nasdaq screener download,2026-08-09T14:32:06+00:00
LCNB,金融,Finance,Major Banks,Nasdaq screener download,2026-08-09T14:32:06+00:00
LCUT,非必需消费,Consumer Discretionary,Industrial Machinery/Components,Nasdaq screener download,2026-08-09T14:32:06+00:00
LE,非必需消费,Consumer Discretionary,Clothing/Shoe/Accessory Stores,Nasdaq screener download,2026-08-09T14:32:06+00:00
LEDS,信息技术,Technology,Semiconductors,Nasdaq screener download,2026-08-09T14:32:06+00:00
LEE,非必需消费,Consumer Discretionary,Newspapers/Magazines,Nasdaq screener download,2026-08-09T14:32:06+00:00
LEGH,非必需消费,Consumer Discretionary,Homebuilding,Nasdaq screener download,2026-08-09T14:32:06+00:00
LENZ,医疗保健,Health Care,Biotechnology: Biological Products (No Diagnostic Substances),Nasdaq screener download,2026-08-09T14:32:06+00:00
LESL,非必需消费,Consumer Discretionary,Other Specialty Stores,Nasdaq screener download,2026-08-09T14:32:06+00:00
LEXX,医疗保健,Health Care,Biotechnology: Pharmaceutical Preparations,Nasdaq screener download,2026-08-09T14:32:06+00:00
LFAC,金融,Finance,Blank Checks,Nasdaq screener download,2026-08-09T14:32:06+00:00
LFCR,医疗保健,Health Care,Biotechnology: Pharmaceutical Preparations,Nasdaq screener download,2026-08-09T14:32:06+00:00
LFMD,医疗保健,Health Care,Medical/Nursing Services,Nasdaq screener download,2026-08-09T14:32:06+00:00
LFST,医疗保健,Health Care,Medical/Nursing Services,Nasdaq screener download,2026-08-09T14:32:06+00:00
LFTO,信息技术,Technology,EDP Services,Nasdaq screener download,2026-08-09T14:32:06+00:00
LFUS,能源,Energy,Electrical Products,Nasdaq screener download,2026-08-09T14:32:06+00:00
LFVN,医疗保健,Health Care,Biotechnology: Pharmaceutical Preparations,Nasdaq screener download,2026-08-09T14:32:06+00:00
LFWD,医疗保健,Health Care,Industrial Specialties,Nasdaq screener download,2026-08-09T14:32:06+00:00
LGCL,信息技术,Technology,Computer Software: Programming Data Processing,Nasdaq screener download,2026-08-09T14:32:06+00:00
LGIH,非必需消费,Consumer Discretionary,Homebuilding,Nasdaq screener download,2026-08-09T14:32:06+00:00
LGN,非必需消费,Consumer Discretionary,Engineering & Construction,Nasdaq screener download,2026-08-09T14:32:06+00:00
LGND,医疗保健,Health Care,Biotechnology: Pharmaceutical Preparations,Nasdaq screener download,2026-08-09T14:32:06+00:00
LGVN,医疗保健,Health Care,Biotechnology: Pharmaceutical Preparations,Nasdaq screener download,2026-08-09T14:32:06+00:00
LHAI,金融,Finance,Real Estate,Nasdaq screener download,2026-08-09T14:32:06+00:00
LHSW,信息技术,Technology,Computer Software: Prepackaged Software,Nasdaq screener download,2026-08-09T14:32:06+00:00
LICN,非必需消费,Consumer Discretionary,Professional Services,Nasdaq screener download,2026-08-09T14:32:06+00:00
LIDR,非必需消费,Consumer Discretionary,Auto Parts:O.E.M.,Nasdaq screener download,2026-08-09T14:32:06+00:00
LIEN,金融,Finance,Finance: Consumer Services,Nasdaq screener download,2026-08-09T14:32:06+00:00
LIF,信息技术,Technology,EDP Services,Nasdaq screener download,2026-08-09T14:32:06+00:00
LIFE,金融,Finance,Specialty Insurers,Nasdaq screener download,2026-08-09T14:32:06+00:00
LILA,通信服务,Telecommunications,Cable & Other Pay Television Services,Nasdaq screener download,2026-08-09T14:32:06+00:00
LILAK,通信服务,Telecommunications,Cable & Other Pay Television Services,Nasdaq screener download,2026-08-09T14:32:06+00:00
LIME,信息技术,Technology,Computer Software: Prepackaged Software,Nasdaq screener download,2026-08-09T14:32:06+00:00
LIMN,医疗保健,Health Care,Biotechnology: Biological Products (No Diagnostic Substances),Nasdaq screener download,2026-08-09T14:32:06+00:00
LIN,原材料,Basic Materials,Major Chemicals,Nasdaq screener download,2026-08-09T14:32:06+00:00
LINC,房地产,Real Estate,Other Consumer Services,Nasdaq screener download,2026-08-09T14:32:06+00:00
LIND,非必需消费,Consumer Discretionary,Transportation Services,Nasdaq screener download,2026-08-09T14:32:06+00:00
LINE,房地产,Real Estate,Real Estate Investment Trusts,Nasdaq screener download,2026-08-09T14:32:06+00:00
LINK,信息技术,Technology,Computer peripheral equipment,Nasdaq screener download,2026-08-09T14:32:06+00:00
LIQT,信息技术,Technology,Industrial Machinery/Components,Nasdaq screener download,2026-08-09T14:32:06+00:00
LITE,通信服务,Telecommunications,Telecommunications Equipment,Nasdaq screener download,2026-08-09T14:32:06+00:00
LITS,医疗保健,Health Care,Biotechnology: Pharmaceutical Preparations,Nasdaq screener download,2026-08-09T14:32:06+00:00
LIVE,非必需消费,Consumer Discretionary,Other Specialty Stores,Nasdaq screener download,2026-08-09T14:32:06+00:00
LIVN,医疗保健,Health Care,Biotechnology: Electromedical & Electrotherapeutic Apparatus,Nasdaq screener download,2026-08-09T14:32:06+00:00
LKFN,金融,Finance,Major Banks,Nasdaq screener download,2026-08-09T14:32:06+00:00
LKQ,非必需消费,Consumer Discretionary,Motor Vehicles,Nasdaq screener download,2026-08-09T14:32:06+00:00
LLYVA,非必需消费,Consumer Discretionary,Services-Misc. Amusement & Recreation,Nasdaq screener download,2026-08-09T14:32:06+00:00
LLYVK,非必需消费,Consumer Discretionary,Services-Misc. Amusement & Recreation,Nasdaq screener download,2026-08-09T14:32:06+00:00
LMAT,医疗保健,Health Care,Medical/Dental Instruments,Nasdaq screener download,2026-08-09T14:32:06+00:00
LMB,非必需消费,Consumer Discretionary,Engineering & Construction,Nasdaq screener download,2026-08-09T14:32:06+00:00
LMNR,必需消费,Consumer Staples,Farming/Seeds/Milling,Nasdaq screener download,2026-08-09T14:32:06+00:00
LMRI,医疗保健,Health Care,Medical Specialities,Nasdaq screener download,2026-08-09T14:32:06+00:00
LNAI,医疗保健,Health Care,Biotechnology: Pharmaceutical Preparations,Nasdaq screener download,2026-08-09T14:32:06+00:00
LNKS,信息技术,Technology,Electrical Products,Nasdaq screener download,2026-08-09T14:32:06+00:00
LNSR,医疗保健,Health Care,Medical/Dental Instruments,Nasdaq screener download,2026-08-09T14:32:06+00:00
LNT,公用事业,Utilities,Power Generation,Nasdaq screener download,2026-08-09T14:32:06+00:00
LNTH,医疗保健,Health Care,Biotechnology: In Vitro & In Vivo Diagnostic Substances,Nasdaq screener download,2026-08-09T14:32:06+00:00
LNZA,工业,Industrials,Major Chemicals,Nasdaq screener download,2026-08-09T14:32:06+00:00
LOBO,非必需消费,Consumer Discretionary,Motor Vehicles,Nasdaq screener download,2026-08-09T14:32:06+00:00
LOCO,非必需消费,Consumer Discretionary,Restaurants,Nasdaq screener download,2026-08-09T14:32:06+00:00
LOGI,信息技术,Technology,Computer peripheral equipment,Nasdaq screener download,2026-08-09T14:32:06+00:00
LONA,医疗保健,Health Care,Biotechnology: Biological Products (No Diagnostic Substances),Nasdaq screener download,2026-08-09T14:32:06+00:00
LOOP,工业,Industrials,Major Chemicals,Nasdaq screener download,2026-08-09T14:32:06+00:00
LOPE,房地产,Real Estate,Other Consumer Services,Nasdaq screener download,2026-08-09T14:32:06+00:00
LOVE,非必需消费,Consumer Discretionary,Other Specialty Stores,Nasdaq screener download,2026-08-09T14:32:06+00:00
LPCN,医疗保健,Health Care,Biotechnology: Pharmaceutical Preparations,Nasdaq screener download,2026-08-09T14:32:06+00:00
LPLA,金融,Finance,Investment Bankers/Brokers/Service,Nasdaq screener download,2026-08-09T14:32:06+00:00
LPSN,信息技术,Technology,Computer Software: Prepackaged Software,Nasdaq screener download,2026-08-09T14:32:06+00:00
LPTH,信息技术,Technology,Semiconductors,Nasdaq screener download,2026-08-09T14:32:06+00:00
LQDA,医疗保健,Health Care,Biotechnology: Pharmaceutical Preparations,Nasdaq screener download,2026-08-09T14:32:06+00:00
LQDT,非必需消费,Consumer Discretionary,Business Services,Nasdaq screener download,2026-08-09T14:32:06+00:00
LRCX,信息技术,Technology,Industrial Machinery/Components,Nasdaq screener download,2026-08-09T14:32:06+00:00
LRHC,金融,Finance,Real Estate,Nasdaq screener download,2026-08-09T14:32:06+00:00
LRMR,医疗保健,Health Care,Biotechnology: Pharmaceutical Preparations,Nasdaq screener download,2026-08-09T14:32:06+00:00
LSAK,金融,Finance,Investment Bankers/Brokers/Service,Nasdaq screener download,2026-08-09T14:32:06+00:00
LSBK,金融,Finance,Savings Institutions,Nasdaq screener download,2026-08-09T14:32:06+00:00
LSCC,信息技术,Technology,Semiconductors,Nasdaq screener download,2026-08-09T14:32:06+00:00
LSE,非必需消费,Consumer Discretionary,Oil and Gas Field Machinery,Nasdaq screener download,2026-08-09T14:32:06+00:00
LSTA,医疗保健,Health Care,Biotechnology: Pharmaceutical Preparations,Nasdaq screener download,2026-08-09T14:32:06+00:00
LSTR,工业,Industrials,Trucking Freight/Courier Services,Nasdaq screener download,2026-08-09T14:32:06+00:00
LTBR,原材料,Basic Materials,Major Chemicals,Nasdaq screener download,2026-08-09T14:32:06+00:00
LTRN,医疗保健,Health Care,Biotechnology: Pharmaceutical Preparations,Nasdaq screener download,2026-08-09T14:32:06+00:00
LTRX,通信服务,Telecommunications,Computer Communications Equipment,Nasdaq screener download,2026-08-09T14:32:06+00:00
LUCD,医疗保健,Health Care,Medical/Dental Instruments,Nasdaq screener download,2026-08-09T14:32:06+00:00
LUCY,医疗保健,Health Care,Ophthalmic Goods,Nasdaq screener download,2026-08-09T14:32:06+00:00
LULU,非必需消费,Consumer Discretionary,Apparel,Nasdaq screener download,2026-08-09T14:32:06+00:00
LUNG,医疗保健,Health Care,Medical/Dental Instruments,Nasdaq screener download,2026-08-09T14:32:06+00:00
LUNR,工业,Industrials,Industrial Machinery/Components,Nasdaq screener download,2026-08-09T14:32:06+00:00
LVLU,非必需消费,Consumer Discretionary,Catalog/Specialty Distribution,Nasdaq screener download,2026-08-09T14:32:06+00:00
LVO,非必需消费,Consumer Discretionary,Restaurants,Nasdaq screener download,2026-08-09T14:32:06+00:00
LWAC,金融,Finance,Blank Checks,Nasdaq screener download,2026-08-09T14:32:06+00:00
LWAY,必需消费,Consumer Staples,Packaged Foods,Nasdaq screener download,2026-08-09T14:32:06+00:00
LWLG,工业,Industrials,Containers/Packaging,Nasdaq screener download,2026-08-09T14:32:06+00:00
LXEO,医疗保健,Health Care,Biotechnology: Biological Products (No Diagnostic Substances),Nasdaq screener download,2026-08-09T14:32:06+00:00
LXRX,医疗保健,Health Care,Biotechnology: Pharmaceutical Preparations,Nasdaq screener download,2026-08-09T14:32:06+00:00
LYEL,医疗保健,Health Care,Biotechnology: Pharmaceutical Preparations,Nasdaq screener download,2026-08-09T14:32:06+00:00
LYFT,非必需消费,Consumer Discretionary,Business Services,Nasdaq screener download,2026-08-09T14:32:06+00:00
LYTS,非必需消费,Consumer Discretionary,Building Products,Nasdaq screener download,2026-08-09T14:32:06+00:00
LZ,信息技术,Technology,EDP Services,Nasdaq screener download,2026-08-09T14:32:06+00:00
LZMH,信息技术,Technology,EDP Services,Nasdaq screener download,2026-08-09T14:32:06+00:00
MAAS,金融,Finance,Investment Managers,Nasdaq screener download,2026-08-09T14:32:06+00:00
MAKO,原材料,Basic Materials,Precious Metals,Nasdaq screener download,2026-08-09T14:32:06+00:00
MAMA,必需消费,Consumer Staples,Specialty Foods,Nasdaq screener download,2026-08-09T14:32:06+00:00
MAMO,非必需消费,Consumer Discretionary,Industrial Specialties,Nasdaq screener download,2026-08-09T14:32:06+00:00
MANH,信息技术,Technology,Computer Software: Prepackaged Software,Nasdaq screener download,2026-08-09T14:32:06+00:00
MAR,非必需消费,Consumer Discretionary,Hotels/Resorts,Nasdaq screener download,2026-08-09T14:32:06+00:00
MARA,金融,Finance,Finance: Consumer Services,Nasdaq screener download,2026-08-09T14:32:06+00:00
MASK,信息技术,Technology,EDP Services,Nasdaq screener download,2026-08-09T14:32:06+00:00
MASS,工业,Industrials,Industrial Machinery/Components,Nasdaq screener download,2026-08-09T14:32:06+00:00
MAT,非必需消费,Consumer Discretionary,Recreational Games/Products/Toys,Nasdaq screener download,2026-08-09T14:32:06+00:00
MATH,金融,Finance,Finance: Consumer Services,Nasdaq screener download,2026-08-09T14:32:06+00:00
MATW,通信服务,Telecommunications,Metal Fabrications,Nasdaq screener download,2026-08-09T14:32:06+00:00
MAYS,房地产,Real Estate,Building operators,Nasdaq screener download,2026-08-09T14:32:06+00:00
MAZE,医疗保健,Health Care,Biotechnology: Biological Products (No Diagnostic Substances),Nasdaq screener download,2026-08-09T14:32:06+00:00
MB,非必需消费,Consumer Discretionary,Restaurants,Nasdaq screener download,2026-08-09T14:32:06+00:00
MBBC,金融,Finance,Banks,Nasdaq screener download,2026-08-09T14:32:06+00:00
MBIN,金融,Finance,Major Banks,Nasdaq screener download,2026-08-09T14:32:06+00:00
MBIO,医疗保健,Health Care,Biotechnology: Pharmaceutical Preparations,Nasdaq screener download,2026-08-09T14:32:06+00:00
MBLY,信息技术,Technology,Computer Software: Prepackaged Software,Nasdaq screener download,2026-08-09T14:32:06+00:00
MBOT,医疗保健,Health Care,Medical/Dental Instruments,Nasdaq screener download,2026-08-09T14:32:06+00:00
MBRX,医疗保健,Health Care,Biotechnology: Pharmaceutical Preparations,Nasdaq screener download,2026-08-09T14:32:06+00:00
MBUU,工业,Industrials,Marine Transportation,Nasdaq screener download,2026-08-09T14:32:06+00:00
MBWM,金融,Finance,Major Banks,Nasdaq screener download,2026-08-09T14:32:06+00:00
MBX,医疗保健,Health Care,Biotechnology: Pharmaceutical Preparations,Nasdaq screener download,2026-08-09T14:32:06+00:00
MCAH,金融,Finance,Blank Checks,Nasdaq screener download,2026-08-09T14:32:06+00:00
MCBS,金融,Finance,Major Banks,Nasdaq screener download,2026-08-09T14:32:06+00:00
MCFT,工业,Industrials,Marine Transportation,Nasdaq screener download,2026-08-09T14:32:06+00:00
MCHB,金融,Finance,Major Banks,Nasdaq screener download,2026-08-09T14:32:06+00:00
MCHP,信息技术,Technology,Semiconductors,Nasdaq screener download,2026-08-09T14:32:06+00:00
MCHX,信息技术,Technology,Computer Software: Prepackaged Software,Nasdaq screener download,2026-08-09T14:32:06+00:00
MCRB,医疗保健,Health Care,Biotechnology: Pharmaceutical Preparations,Nasdaq screener download,2026-08-09T14:32:06+00:00
MCRI,非必需消费,Consumer Discretionary,Hotels/Resorts,Nasdaq screener download,2026-08-09T14:32:06+00:00
MDAI,医疗保健,Health Care,Medical/Dental Instruments,Nasdaq screener download,2026-08-09T14:32:06+00:00
MDB,信息技术,Technology,Computer Software: Prepackaged Software,Nasdaq screener download,2026-08-09T14:32:06+00:00
MDCX,医疗保健,Health Care,Biotechnology: Pharmaceutical Preparations,Nasdaq screener download,2026-08-09T14:32:06+00:00
MDGL,医疗保健,Health Care,Biotechnology: Pharmaceutical Preparations,Nasdaq screener download,2026-08-09T14:32:06+00:00
MDIA,非必需消费,Consumer Discretionary,Broadcasting,Nasdaq screener download,2026-08-09T14:32:06+00:00
MDLN,医疗保健,Health Care,Medical/Dental Instruments,Nasdaq screener download,2026-08-09T14:32:06+00:00
MDLZ,必需消费,Consumer Staples,Packaged Foods,Nasdaq screener download,2026-08-09T14:32:06+00:00
MDRR,房地产,Real Estate,Real Estate Investment Trusts,Nasdaq screener download,2026-08-09T14:32:06+00:00
MDWD,医疗保健,Health Care,Medicinal Chemicals and Botanical Products,Nasdaq screener download,2026-08-09T14:32:06+00:00
MDXG,医疗保健,Health Care,Medical/Dental Instruments,Nasdaq screener download,2026-08-09T14:32:06+00:00
MDXH,医疗保健,Health Care,Medical Specialities,Nasdaq screener download,2026-08-09T14:32:06+00:00
MEDP,医疗保健,Health Care,Biotechnology: Commercial Physical & Biological Resarch,Nasdaq screener download,2026-08-09T14:32:06+00:00
MEGL,金融,Finance,Finance: Consumer Services,Nasdaq screener download,2026-08-09T14:32:06+00:00
MELI,非必需消费,Consumer Discretionary,Business Services,Nasdaq screener download,2026-08-09T14:32:06+00:00
MENS,医疗保健,Health Care,Biotechnology: Pharmaceutical Preparations,Nasdaq screener download,2026-08-09T14:32:06+00:00
MEOH,工业,Industrials,Major Chemicals,Nasdaq screener download,2026-08-09T14:32:06+00:00
MERC,原材料,Basic Materials,Paper,Nasdaq screener download,2026-08-09T14:32:06+00:00
META,信息技术,Technology,Computer Software: Programming Data Processing,Nasdaq screener download,2026-08-09T14:32:06+00:00
METC,能源,Energy,Coal Mining,Nasdaq screener download,2026-08-09T14:32:06+00:00
METCB,能源,Energy,Coal Mining,Nasdaq screener download,2026-08-09T14:32:06+00:00
MEVO,金融,Finance,Blank Checks,Nasdaq screener download,2026-08-09T14:32:06+00:00
MFI,信息技术,Technology,EDP Services,Nasdaq screener download,2026-08-09T14:32:06+00:00
MFIC,金融,Finance,Finance/Investors Services,Nasdaq screener download,2026-08-09T14:32:06+00:00
MFIN,金融,Finance,Finance: Consumer Services,Nasdaq screener download,2026-08-09T14:32:06+00:00
MFP,工业,Industrials,Industrial Machinery/Components,Nasdaq screener download,2026-08-09T14:32:06+00:00
MGIH,非必需消费,Consumer Discretionary,Publishing,Nasdaq screener download,2026-08-09T14:32:06+00:00
MGN,必需消费,Consumer Staples,Farming/Seeds/Milling,Nasdaq screener download,2026-08-09T14:32:06+00:00
MGNI,信息技术,Technology,Computer Software: Programming Data Processing,Nasdaq screener download,2026-08-09T14:32:06+00:00
MGNX,医疗保健,Health Care,Biotechnology: Pharmaceutical Preparations,Nasdaq screener download,2026-08-09T14:32:06+00:00
MGRC,非必需消费,Consumer Discretionary,Diversified Commercial Services,Nasdaq screener download,2026-08-09T14:32:06+00:00
MGRT,信息技术,Technology,EDP Services,Nasdaq screener download,2026-08-09T14:32:06+00:00
MGRX,医疗保健,Health Care,Misc Health and Biotechnology Services,Nasdaq screener download,2026-08-09T14:32:06+00:00
MGTX,医疗保健,Health Care,Biotechnology: Biological Products (No Diagnostic Substances),Nasdaq screener download,2026-08-09T14:32:06+00:00
MGX,医疗保健,Health Care,Biotechnology: Biological Products (No Diagnostic Substances),Nasdaq screener download,2026-08-09T14:32:06+00:00
MGYR,金融,Finance,Savings Institutions,Nasdaq screener download,2026-08-09T14:32:06+00:00
MIDD,工业,Industrials,Industrial Machinery/Components,Nasdaq screener download,2026-08-09T14:32:06+00:00
MIMI,非必需消费,Consumer Discretionary,Business Services,Nasdaq screener download,2026-08-09T14:32:06+00:00
MIND,工业,Industrials,Industrial Machinery/Components,Nasdaq screener download,2026-08-09T14:32:06+00:00
MIRA,医疗保健,Health Care,Biotechnology: Pharmaceutical Preparations,Nasdaq screener download,2026-08-09T14:32:06+00:00
MIRM,医疗保健,Health Care,Biotechnology: Pharmaceutical Preparations,Nasdaq screener download,2026-08-09T14:32:06+00:00
MITK,信息技术,Technology,Computer peripheral equipment,Nasdaq screener download,2026-08-09T14:32:06+00:00
MKLY,金融,Finance,Blank Checks,Nasdaq screener download,2026-08-09T14:32:06+00:00
MKSI,工业,Industrials,Industrial Machinery/Components,Nasdaq screener download,2026-08-09T14:32:06+00:00
MKTW,信息技术,Technology,Computer Software: Prepackaged Software,Nasdaq screener download,2026-08-09T14:32:06+00:00
MKTX,金融,Finance,Investment Bankers/Brokers/Service,Nasdaq screener download,2026-08-09T14:32:06+00:00
MKZR,房地产,Real Estate,Real Estate Investment Trusts,Nasdaq screener download,2026-08-09T14:32:06+00:00
MLAA,金融,Finance,Blank Checks,Nasdaq screener download,2026-08-09T14:32:06+00:00
MLAB,工业,Industrials,Industrial Machinery/Components,Nasdaq screener download,2026-08-09T14:32:06+00:00
MLCI,金融,Finance,Investment Managers,Nasdaq screener download,2026-08-09T14:32:06+00:00
MLEC,金融,Finance,Blank Checks,Nasdaq screener download,2026-08-09T14:32:06+00:00
MLGO,信息技术,Technology,EDP Services,Nasdaq screener download,2026-08-09T14:32:06+00:00
MLKN,非必需消费,Consumer Discretionary,Office Equipment/Supplies/Services,Nasdaq screener download,2026-08-09T14:32:06+00:00
MLTX,医疗保健,Health Care,Biotechnology: Pharmaceutical Preparations,Nasdaq screener download,2026-08-09T14:32:06+00:00
MLYS,医疗保健,Health Care,Biotechnology: Pharmaceutical Preparations,Nasdaq screener download,2026-08-09T14:32:06+00:00
MMED,医疗保健,Health Care,Medical/Dental Instruments,Nasdaq screener download,2026-08-09T14:32:06+00:00
MMSI,医疗保健,Health Care,Medical/Dental Instruments,Nasdaq screener download,2026-08-09T14:32:06+00:00
MMYT,非必需消费,Consumer Discretionary,Transportation Services,Nasdaq screener download,2026-08-09T14:32:06+00:00
MNDO,信息技术,Technology,EDP Services,Nasdaq screener download,2026-08-09T14:32:06+00:00
MNDR,信息技术,Technology,Computer Software: Prepackaged Software,Nasdaq screener download,2026-08-09T14:32:06+00:00
MNDY,信息技术,Technology,Computer Software: Prepackaged Software,Nasdaq screener download,2026-08-09T14:32:06+00:00
MNKD,医疗保健,Health Care,Biotechnology: Pharmaceutical Preparations,Nasdaq screener download,2026-08-09T14:32:06+00:00
MNOV,医疗保健,Health Care,Biotechnology: Pharmaceutical Preparations,Nasdaq screener download,2026-08-09T14:32:06+00:00
MNPR,医疗保健,Health Care,Biotechnology: Pharmaceutical Preparations,Nasdaq screener download,2026-08-09T14:32:06+00:00
MNRO,非必需消费,Consumer Discretionary,Automotive Aftermarket,Nasdaq screener download,2026-08-09T14:32:06+00:00
MNSB,金融,Finance,Major Banks,Nasdaq screener download,2026-08-09T14:32:06+00:00
MNTK,公用事业,Utilities,Natural Gas Distribution,Nasdaq screener download,2026-08-09T14:32:06+00:00
MNTS,工业,Industrials,Military/Government/Technical,Nasdaq screener download,2026-08-09T14:32:06+00:00
MNY,非必需消费,Consumer Discretionary,Business Services,Nasdaq screener download,2026-08-09T14:32:06+00:00
MOB,工业,Industrials,Aerospace,Nasdaq screener download,2026-08-09T14:32:06+00:00
MOBI,医疗保健,Health Care,Medical/Dental Instruments,Nasdaq screener download,2026-08-09T14:32:06+00:00
MOBX,信息技术,Technology,Semiconductors,Nasdaq screener download,2026-08-09T14:32:06+00:00
MODD,医疗保健,Health Care,Medical/Dental Instruments,Nasdaq screener download,2026-08-09T14:32:06+00:00
MORN,金融,Finance,Investment Managers,Nasdaq screener download,2026-08-09T14:32:06+00:00
MOVE,信息技术,Technology,EDP Services,Nasdaq screener download,2026-08-09T14:32:06+00:00
MPAA,非必需消费,Consumer Discretionary,Auto Parts:O.E.M.,Nasdaq screener download,2026-08-09T14:32:06+00:00
MPB,金融,Finance,Major Banks,Nasdaq screener download,2026-08-09T14:32:06+00:00
MPLT,医疗保健,Health Care,Biotechnology: Pharmaceutical Preparations,Nasdaq screener download,2026-08-09T14:32:06+00:00
MPWR,信息技术,Technology,Semiconductors,Nasdaq screener download,2026-08-09T14:32:06+00:00
MQ,信息技术,Technology,Computer Software: Prepackaged Software,Nasdaq screener download,2026-08-09T14:32:06+00:00
MRAM,信息技术,Technology,Semiconductors,Nasdaq screener download,2026-08-09T14:32:06+00:00
MRBK,金融,Finance,Major Banks,Nasdaq screener download,2026-08-09T14:32:06+00:00
MRCY,信息技术,Technology,Electrical Products,Nasdaq screener download,2026-08-09T14:32:06+00:00
MRDN,信息技术,Technology,Computer Software: Prepackaged Software,Nasdaq screener download,2026-08-09T14:32:06+00:00
MRKR,医疗保健,Health Care,Biotechnology: Pharmaceutical Preparations,Nasdaq screener download,2026-08-09T14:32:06+00:00
MRLN,信息技术,Technology,EDP Services,Nasdaq screener download,2026-08-09T14:32:06+00:00
MRNA,医疗保健,Health Care,Biotechnology: Biological Products (No Diagnostic Substances),Nasdaq screener download,2026-08-09T14:32:06+00:00
MRNO,非必需消费,Consumer Discretionary,Hotels/Resorts,Nasdaq screener download,2026-08-09T14:32:06+00:00
MRTN,工业,Industrials,Trucking Freight/Courier Services,Nasdaq screener download,2026-08-09T14:32:06+00:00
MRVI,医疗保健,Health Care,Biotechnology: Pharmaceutical Preparations,Nasdaq screener download,2026-08-09T14:32:06+00:00
MRVL,信息技术,Technology,Semiconductors,Nasdaq screener download,2026-08-09T14:32:06+00:00
MRX,金融,Finance,Investment Bankers/Brokers/Service,Nasdaq screener download,2026-08-09T14:32:06+00:00
MSAI,信息技术,Technology,Electronic Components,Nasdaq screener download,2026-08-09T14:32:06+00:00
MSBI,金融,Finance,Major Banks,Nasdaq screener download,2026-08-09T14:32:06+00:00
MSEX,公用事业,Utilities,Water Supply,Nasdaq screener download,2026-08-09T14:32:06+00:00
MSFT,信息技术,Technology,Computer Software: Prepackaged Software,Nasdaq screener download,2026-08-09T14:32:06+00:00
MSGM,信息技术,Technology,Computer Software: Prepackaged Software,Nasdaq screener download,2026-08-09T14:32:06+00:00
MSGY,非必需消费,Consumer Discretionary,Engineering & Construction,Nasdaq screener download,2026-08-09T14:32:06+00:00
MSLE,医疗保健,Health Care,Biotechnology: Pharmaceutical Preparations,Nasdaq screener download,2026-08-09T14:32:06+00:00
MSS,必需消费,Consumer Staples,Food Chains,Nasdaq screener download,2026-08-09T14:32:06+00:00
MSTR,信息技术,Technology,Computer Software: Prepackaged Software,Nasdaq screener download,2026-08-09T14:32:06+00:00
MTCH,信息技术,Technology,Computer Software: Programming Data Processing,Nasdaq screener download,2026-08-09T14:32:06+00:00
MTEK,通信服务,Telecommunications,Telecommunications Equipment,Nasdaq screener download,2026-08-09T14:32:06+00:00
MTEN,工业,Industrials,Building Products,Nasdaq screener download,2026-08-09T14:32:06+00:00
MTEX,医疗保健,Health Care,Medicinal Chemicals and Botanical Products,Nasdaq screener download,2026-08-09T14:32:06+00:00
MTRX,非必需消费,Consumer Discretionary,Engineering & Construction,Nasdaq screener download,2026-08-09T14:32:06+00:00
MTSI,信息技术,Technology,Semiconductors,Nasdaq screener download,2026-08-09T14:32:06+00:00
MTVA,医疗保健,Health Care,Biotechnology: Pharmaceutical Preparations,Nasdaq screener download,2026-08-09T14:32:06+00:00
MU,信息技术,Technology,Semiconductors,Nasdaq screener download,2026-08-09T14:32:06+00:00
MUZE,金融,Finance,Blank Checks,Nasdaq screener download,2026-08-09T14:32:06+00:00
MVBF,金融,Finance,Major Banks,Nasdaq screener download,2026-08-09T14:32:06+00:00
MVIS,信息技术,Technology,Industrial Machinery/Components,Nasdaq screener download,2026-08-09T14:32:06+00:00
MWH,工业,Industrials,Military/Government/Technical,Nasdaq screener download,2026-08-09T14:32:06+00:00
MWYN,非必需消费,Consumer Discretionary,Food Distributors,Nasdaq screener download,2026-08-09T14:32:06+00:00
MXCT,医疗保健,Health Care,Biotechnology: Commercial Physical & Biological Resarch,Nasdaq screener download,2026-08-09T14:32:06+00:00
MXL,信息技术,Technology,Semiconductors,Nasdaq screener download,2026-08-09T14:32:06+00:00
MYFW,金融,Finance,Major Banks,Nasdaq screener download,2026-08-09T14:32:06+00:00
MYGN,医疗保健,Health Care,Biotechnology: In Vitro & In Vivo Diagnostic Substances,Nasdaq screener download,2026-08-09T14:32:06+00:00
MYPS,信息技术,Technology,Computer Software: Prepackaged Software,Nasdaq screener download,2026-08-09T14:32:06+00:00
MYRG,工业,Industrials,Water Sewer Pipeline Comm & Power Line Construction,Nasdaq screener download,2026-08-09T14:32:06+00:00
MYSE,通信服务,Telecommunications,Telecommunications Equipment,Nasdaq screener download,2026-08-09T14:32:06+00:00
MYSZ,信息技术,Technology,Computer Software: Prepackaged Software,Nasdaq screener download,2026-08-09T14:32:06+00:00
MZTI,必需消费,Consumer Staples,Packaged Foods,Nasdaq screener download,2026-08-09T14:32:06+00:00
NAGE,医疗保健,Health Care,Medicinal Chemicals and Botanical Products,Nasdaq screener download,2026-08-09T14:32:06+00:00
NAII,医疗保健,Health Care,Medicinal Chemicals and Botanical Products,Nasdaq screener download,2026-08-09T14:32:06+00:00
NAKA,医疗保健,Health Care,Medical/Nursing Services,Nasdaq screener download,2026-08-09T14:32:06+00:00
NAMM,原材料,Basic Materials,Precious Metals,Nasdaq screener download,2026-08-09T14:32:06+00:00
NAMS,医疗保健,Health Care,Biotechnology: Pharmaceutical Preparations,Nasdaq screener download,2026-08-09T14:32:06+00:00
NATH,非必需消费,Consumer Discretionary,Restaurants,Nasdaq screener download,2026-08-09T14:32:06+00:00
NATR,医疗保健,Health Care,Biotechnology: Pharmaceutical Preparations,Nasdaq screener download,2026-08-09T14:32:06+00:00
NAUT,工业,Industrials,Biotechnology: Laboratory Analytical Instruments,Nasdaq screener download,2026-08-09T14:32:06+00:00
NAVI,金融,Finance,Investment Bankers/Brokers/Service,Nasdaq screener download,2026-08-09T14:32:06+00:00
NAVN,信息技术,Technology,Computer Software: Prepackaged Software,Nasdaq screener download,2026-08-09T14:32:06+00:00
NB,原材料,Basic Materials,Metal Mining,Nasdaq screener download,2026-08-09T14:32:06+00:00
NBBK,金融,Finance,Banks,Nasdaq screener download,2026-08-09T14:32:06+00:00
NBIS,信息技术,Technology,Computer Software: Programming Data Processing,Nasdaq screener download,2026-08-09T14:32:06+00:00
NBIX,医疗保健,Health Care,Biotechnology: Biological Products (No Diagnostic Substances),Nasdaq screener download,2026-08-09T14:32:06+00:00
NBN,金融,Finance,Major Banks,Nasdaq screener download,2026-08-09T14:32:06+00:00
NBTB,金融,Finance,Major Banks,Nasdaq screener download,2026-08-09T14:32:06+00:00
NCEL,医疗保健,Health Care,Biotechnology: Pharmaceutical Preparations,Nasdaq screener download,2026-08-09T14:32:06+00:00
NCEW,工业,Industrials,Integrated Freight & Logistics,Nasdaq screener download,2026-08-09T14:32:06+00:00
NCI,非必需消费,Consumer Discretionary,Apparel,Nasdaq screener download,2026-08-09T14:32:06+00:00
NCMI,非必需消费,Consumer Discretionary,Advertising,Nasdaq screener download,2026-08-09T14:32:06+00:00
NCNO,信息技术,Technology,Computer Software: Prepackaged Software,Nasdaq screener download,2026-08-09T14:32:06+00:00
NCPL,金融,Finance,Finance: Consumer Services,Nasdaq screener download,2026-08-09T14:32:06+00:00
NCRA,必需消费,Consumer Staples,Farming/Seeds/Milling,Nasdaq screener download,2026-08-09T14:32:06+00:00
NCSM,能源,Energy,Oilfield Services/Equipment,Nasdaq screener download,2026-08-09T14:32:06+00:00
NCT,非必需消费,Consumer Discretionary,Restaurants,Nasdaq screener download,2026-08-09T14:32:06+00:00
NDAQ,金融,Finance,Investment Bankers/Brokers/Service,Nasdaq screener download,2026-08-09T14:32:06+00:00
NDLS,非必需消费,Consumer Discretionary,Restaurants,Nasdaq screener download,2026-08-09T14:32:06+00:00
NDRA,医疗保健,Health Care,Biotechnology: Electromedical & Electrotherapeutic Apparatus,Nasdaq screener download,2026-08-09T14:32:06+00:00
NDSN,工业,Industrials,Industrial Machinery/Components,Nasdaq screener download,2026-08-09T14:32:06+00:00
NEO,医疗保健,Health Care,Precision Instruments,Nasdaq screener download,2026-08-09T14:32:06+00:00
NEOG,医疗保健,Health Care,Biotechnology: In Vitro & In Vivo Diagnostic Substances,Nasdaq screener download,2026-08-09T14:32:06+00:00
NEON,信息技术,Technology,Industrial Machinery/Components,Nasdaq screener download,2026-08-09T14:32:06+00:00
NEPH,医疗保健,Health Care,Medical/Dental Instruments,Nasdaq screener download,2026-08-09T14:32:06+00:00
NERV,医疗保健,Health Care,Biotechnology: Pharmaceutical Preparations,Nasdaq screener download,2026-08-09T14:32:06+00:00
NEUP,医疗保健,Health Care,Biotechnology: Pharmaceutical Preparations,Nasdaq screener download,2026-08-09T14:32:06+00:00
NEWT,金融,Finance,Major Banks,Nasdaq screener download,2026-08-09T14:32:06+00:00
NEXN,信息技术,Technology,Computer Software: Programming Data Processing,Nasdaq screener download,2026-08-09T14:32:06+00:00
NEXR,非必需消费,Consumer Discretionary,Other Specialty Stores,Nasdaq screener download,2026-08-09T14:32:06+00:00
NEXT,公用事业,Utilities,Oil & Gas Production,Nasdaq screener download,2026-08-09T14:32:06+00:00
NFE,公用事业,Utilities,Oil/Gas Transmission,Nasdaq screener download,2026-08-09T14:32:06+00:00
NGEN,医疗保健,Health Care,Biotechnology: Pharmaceutical Preparations,Nasdaq screener download,2026-08-09T14:32:06+00:00
NGNE,医疗保健,Health Care,Biotechnology: Pharmaceutical Preparations,Nasdaq screener download,2026-08-09T14:32:06+00:00
NHIV,金融,Finance,Blank Checks,Nasdaq screener download,2026-08-09T14:32:06+00:00
NHP,房地产,Real Estate,Real Estate Investment Trusts,Nasdaq screener download,2026-08-09T14:32:06+00:00
NHTC,非必需消费,Consumer Discretionary,Consumer Specialties,Nasdaq screener download,2026-08-09T14:32:06+00:00
NIVF,医疗保健,Health Care,Misc Health and Biotechnology Services,Nasdaq screener download,2026-08-09T14:32:06+00:00
NIXX,信息技术,Technology,EDP Services,Nasdaq screener download,2026-08-09T14:32:06+00:00
NKLR,工业,Industrials,Metal Fabrications,Nasdaq screener download,2026-08-09T14:32:06+00:00
NKSH,金融,Finance,Major Banks,Nasdaq screener download,2026-08-09T14:32:06+00:00
NKTR,医疗保健,Health Care,Biotechnology: Pharmaceutical Preparations,Nasdaq screener download,2026-08-09T14:32:06+00:00
NKTX,医疗保健,Health Care,Biotechnology: Pharmaceutical Preparations,Nasdaq screener download,2026-08-09T14:32:06+00:00
NMAD,医疗保健,Health Care,Biotechnology: Pharmaceutical Preparations,Nasdaq screener download,2026-08-09T14:32:06+00:00
NMFC,金融,Finance,Finance/Investors Services,Nasdaq screener download,2026-08-09T14:32:06+00:00
NMIH,金融,Finance,Property-Casualty Insurers,Nasdaq screener download,2026-08-09T14:32:06+00:00
NMP,金融,Finance,Blank Checks,Nasdaq screener download,2026-08-09T14:32:06+00:00
NMRA,医疗保健,Health Care,Biotechnology: Biological Products (No Diagnostic Substances),Nasdaq screener download,2026-08-09T14:32:06+00:00
NMRK,金融,Finance,Real Estate,Nasdaq screener download,2026-08-09T14:32:06+00:00
NMTC,医疗保健,Health Care,Medical/Dental Instruments,Nasdaq screener download,2026-08-09T14:32:06+00:00
NN,工业,Industrials,Industrial Machinery/Components,Nasdaq screener download,2026-08-09T14:32:06+00:00
NNBR,工业,Industrials,Industrial Machinery/Components,Nasdaq screener download,2026-08-09T14:32:06+00:00
NNE,公用事业,Utilities,Electric Utilities: Central,Nasdaq screener download,2026-08-09T14:32:06+00:00
NNNN,医疗保健,Health Care,Biotechnology: In Vitro & In Vivo Diagnostic Substances,Nasdaq screener download,2026-08-09T14:32:06+00:00
NNOX,医疗保健,Health Care,Medical Electronics,Nasdaq screener download,2026-08-09T14:32:06+00:00
NODK,金融,Finance,Property-Casualty Insurers,Nasdaq screener download,2026-08-09T14:32:06+00:00
NOMA,非必需消费,Consumer Discretionary,Services-Misc. Amusement & Recreation,Nasdaq screener download,2026-08-09T14:32:06+00:00
NPAC,金融,Finance,Blank Checks,Nasdaq screener download,2026-08-09T14:32:06+00:00
NPCE,医疗保健,Health Care,Medical/Dental Instruments,Nasdaq screener download,2026-08-09T14:32:06+00:00
NPT,非必需消费,Consumer Discretionary,Specialty Chemicals,Nasdaq screener download,2026-08-09T14:32:06+00:00
NRC,医疗保健,Health Care,Biotechnology: Commercial Physical & Biological Resarch,Nasdaq screener download,2026-08-09T14:32:06+00:00
NRDS,信息技术,Technology,EDP Services,Nasdaq screener download,2026-08-09T14:32:06+00:00
NRIM,金融,Finance,Savings Institutions,Nasdaq screener download,2026-08-09T14:32:06+00:00
NRIX,医疗保健,Health Care,Biotechnology: Pharmaceutical Preparations,Nasdaq screener download,2026-08-09T14:32:06+00:00
NRSN,医疗保健,Health Care,Biotechnology: Pharmaceutical Preparations,Nasdaq screener download,2026-08-09T14:32:06+00:00
NRXP,医疗保健,Health Care,Biotechnology: Pharmaceutical Preparations,Nasdaq screener download,2026-08-09T14:32:06+00:00
NSIT,非必需消费,Consumer Discretionary,Catalog/Specialty Distribution,Nasdaq screener download,2026-08-09T14:32:06+00:00
NSLR,金融,Finance,Finance: Consumer Services,Nasdaq screener download,2026-08-09T14:32:06+00:00
NSPR,医疗保健,Health Care,Medical/Dental Instruments,Nasdaq screener download,2026-08-09T14:32:06+00:00
NSSC,通信服务,Telecommunications,Telecommunications Equipment,Nasdaq screener download,2026-08-09T14:32:06+00:00
NSTS,金融,Finance,Savings Institutions,Nasdaq screener download,2026-08-09T14:32:06+00:00
NSYS,信息技术,Technology,Industrial Machinery/Components,Nasdaq screener download,2026-08-09T14:32:06+00:00
NTAP,信息技术,Technology,Electronic Components,Nasdaq screener download,2026-08-09T14:32:06+00:00
NTCL,信息技术,Technology,Computer Software: Prepackaged Software,Nasdaq screener download,2026-08-09T14:32:06+00:00
NTCT,信息技术,Technology,EDP Services,Nasdaq screener download,2026-08-09T14:32:06+00:00
NTGR,公用事业,Utilities,Telecommunications Equipment,Nasdaq screener download,2026-08-09T14:32:06+00:00
NTHI,医疗保健,Health Care,Biotechnology: Pharmaceutical Preparations,Nasdaq screener download,2026-08-09T14:32:06+00:00
NTIC,工业,Industrials,Industrial Specialties,Nasdaq screener download,2026-08-09T14:32:06+00:00
NTLA,医疗保健,Health Care,Biotechnology: In Vitro & In Vivo Diagnostic Substances,Nasdaq screener download,2026-08-09T14:32:06+00:00
NTNX,信息技术,Technology,Computer Software: Prepackaged Software,Nasdaq screener download,2026-08-09T14:32:06+00:00
NTRA,医疗保健,Health Care,Medical Specialities,Nasdaq screener download,2026-08-09T14:32:06+00:00
NTRB,医疗保健,Health Care,Industrial Specialties,Nasdaq screener download,2026-08-09T14:32:06+00:00
NTRP,非必需消费,Consumer Discretionary,Transportation Services,Nasdaq screener download,2026-08-09T14:32:06+00:00
NTSK,信息技术,Technology,Computer Software: Prepackaged Software,Nasdaq screener download,2026-08-09T14:32:06+00:00
NUAI,能源,Energy,Oil & Gas Production,Nasdaq screener download,2026-08-09T14:32:06+00:00
NUCL,原材料,Basic Materials,Other Metals and Minerals,Nasdaq screener download,2026-08-09T14:32:06+00:00
NUTX,非必需消费,Consumer Discretionary,Business Services,Nasdaq screener download,2026-08-09T14:32:06+00:00
NUWE,医疗保健,Health Care,Biotechnology: Electromedical & Electrotherapeutic Apparatus,Nasdaq screener download,2026-08-09T14:32:06+00:00
NVAX,医疗保健,Health Care,Biotechnology: Biological Products (No Diagnostic Substances),Nasdaq screener download,2026-08-09T14:32:06+00:00
NVCR,医疗保健,Health Care,Medical/Dental Instruments,Nasdaq screener download,2026-08-09T14:32:06+00:00
NVCT,医疗保健,Health Care,Biotechnology: Pharmaceutical Preparations,Nasdaq screener download,2026-08-09T14:32:06+00:00
NVDA,信息技术,Technology,Semiconductors,Nasdaq screener download,2026-08-09T14:32:06+00:00
NVEC,信息技术,Technology,Semiconductors,Nasdaq screener download,2026-08-09T14:32:06+00:00
NVMI,信息技术,Technology,Electronic Components,Nasdaq screener download,2026-08-09T14:32:06+00:00
NVNI,信息技术,Technology,Computer Software: Prepackaged Software,Nasdaq screener download,2026-08-09T14:32:06+00:00
NVNO,医疗保健,Health Care,Medical/Dental Instruments,Nasdaq screener download,2026-08-09T14:32:06+00:00
NVTS,信息技术,Technology,Semiconductors,Nasdaq screener download,2026-08-09T14:32:06+00:00
NWBI,金融,Finance,Major Banks,Nasdaq screener download,2026-08-09T14:32:06+00:00
NWE,公用事业,Utilities,Power Generation,Nasdaq screener download,2026-08-09T14:32:06+00:00
NWFL,金融,Finance,Major Banks,Nasdaq screener download,2026-08-09T14:32:06+00:00
NWL,工业,Industrials,Plastic Products,Nasdaq screener download,2026-08-09T14:32:06+00:00
NWPX,工业,Industrials,Steel/Iron Ore,Nasdaq screener download,2026-08-09T14:32:06+00:00
NWS,非必需消费,Consumer Discretionary,Newspapers/Magazines,Nasdaq screener download,2026-08-09T14:32:06+00:00
NWSA,非必需消费,Consumer Discretionary,Newspapers/Magazines,Nasdaq screener download,2026-08-09T14:32:06+00:00
NWTG,非必需消费,Consumer Discretionary,Recreational Games/Products/Toys,Nasdaq screener download,2026-08-09T14:32:06+00:00
NXGL,医疗保健,Health Care,Medical/Dental Instruments,Nasdaq screener download,2026-08-09T14:32:06+00:00
NXL,医疗保健,Health Care,Biotechnology: Electromedical & Electrotherapeutic Apparatus,Nasdaq screener download,2026-08-09T14:32:06+00:00
NXPI,信息技术,Technology,Semiconductors,Nasdaq screener download,2026-08-09T14:32:06+00:00
NXPL,通信服务,Telecommunications,Telecommunications Equipment,Nasdaq screener download,2026-08-09T14:32:06+00:00
NXST,工业,Industrials,Broadcasting,Nasdaq screener download,2026-08-09T14:32:06+00:00
NXT,信息技术,Technology,Semiconductors,Nasdaq screener download,2026-08-09T14:32:06+00:00
NXTC,医疗保健,Health Care,Biotechnology: Pharmaceutical Preparations,Nasdaq screener download,2026-08-09T14:32:06+00:00
NXTS,工业,Industrials,Agricultural Chemicals,Nasdaq screener download,2026-08-09T14:32:06+00:00
NXTT,信息技术,Technology,EDP Services,Nasdaq screener download,2026-08-09T14:32:06+00:00
NXXT,非必需消费,Consumer Discretionary,Retail-Auto Dealers and Gas Stations,Nasdaq screener download,2026-08-09T14:32:06+00:00
NYAX,信息技术,Technology,Computer Software: Prepackaged Software,Nasdaq screener download,2026-08-09T14:32:06+00:00
NYXH,医疗保健,Health Care,Medical/Dental Instruments,Nasdaq screener download,2026-08-09T14:32:06+00:00
OABI,医疗保健,Health Care,Biotechnology: Commercial Physical & Biological Resarch,Nasdaq screener download,2026-08-09T14:32:06+00:00
OBA,金融,Finance,Blank Checks,Nasdaq screener download,2026-08-09T14:32:06+00:00
OBIO,医疗保健,Health Care,Medicinal Chemicals and Botanical Products,Nasdaq screener download,2026-08-09T14:32:06+00:00
OBT,金融,Finance,Major Banks,Nasdaq screener download,2026-08-09T14:32:06+00:00
OCC,工业,Industrials,Telecommunications Equipment,Nasdaq screener download,2026-08-09T14:32:06+00:00
OCCI,金融,Finance,Trusts Except Educational Religious and Charitable,Nasdaq screener download,2026-08-09T14:32:06+00:00
OCFC,金融,Finance,Major Banks,Nasdaq screener download,2026-08-09T14:32:06+00:00
OCG,非必需消费,Consumer Discretionary,Other Consumer Services,Nasdaq screener download,2026-08-09T14:32:06+00:00
OCGN,医疗保健,Health Care,Biotechnology: Biological Products (No Diagnostic Substances),Nasdaq screener download,2026-08-09T14:32:06+00:00
OCS,医疗保健,Health Care,Biotechnology: Pharmaceutical Preparations,Nasdaq screener download,2026-08-09T14:32:06+00:00
OCSL,金融,Finance,Finance: Consumer Services,Nasdaq screener download,2026-08-09T14:32:06+00:00
OCTV,信息技术,Technology,Computer Software: Prepackaged Software,Nasdaq screener download,2026-08-09T14:32:06+00:00
OCUL,医疗保健,Health Care,Biotechnology: Pharmaceutical Preparations,Nasdaq screener download,2026-08-09T14:32:06+00:00
ODD,非必需消费,Consumer Discretionary,Package Goods/Cosmetics,Nasdaq screener download,2026-08-09T14:32:06+00:00
ODFL,工业,Industrials,Trucking Freight/Courier Services,Nasdaq screener download,2026-08-09T14:32:06+00:00
ODTX,医疗保健,Health Care,Biotechnology: Biological Products (No Diagnostic Substances),Nasdaq screener download,2026-08-09T14:32:06+00:00
ODYS,信息技术,Technology,EDP Services,Nasdaq screener download,2026-08-09T14:32:06+00:00
OESX,非必需消费,Consumer Discretionary,Building Products,Nasdaq screener download,2026-08-09T14:32:06+00:00
OFAL,非必需消费,Consumer Discretionary,Military/Government/Technical,Nasdaq screener download,2026-08-09T14:32:06+00:00
OFIX,医疗保健,Health Care,Medical/Dental Instruments,Nasdaq screener download,2026-08-09T14:32:06+00:00
OFLX,工业,Industrials,Industrial Specialties,Nasdaq screener download,2026-08-09T14:32:06+00:00
OFS,金融,Finance,Finance/Investors Services,Nasdaq screener download,2026-08-09T14:32:06+00:00
OIO,公用事业,Utilities,Environmental Services,Nasdaq screener download,2026-08-09T14:32:06+00:00
OKTA,信息技术,Technology,Computer Software: Prepackaged Software,Nasdaq screener download,2026-08-09T14:32:06+00:00
OKUR,医疗保健,Health Care,Biotechnology: Pharmaceutical Preparations,Nasdaq screener download,2026-08-09T14:32:06+00:00
OKYO,医疗保健,Health Care,Biotechnology: Biological Products (No Diagnostic Substances),Nasdaq screener download,2026-08-09T14:32:06+00:00
OLB,非必需消费,Consumer Discretionary,Business Services,Nasdaq screener download,2026-08-09T14:32:06+00:00
OLED,信息技术,Technology,Electrical Products,Nasdaq screener download,2026-08-09T14:32:06+00:00
OLLI,非必需消费,Consumer Discretionary,Department/Specialty Retail Stores,Nasdaq screener download,2026-08-09T14:32:06+00:00
OLMA,医疗保健,Health Care,Biotechnology: Pharmaceutical Preparations,Nasdaq screener download,2026-08-09T14:32:06+00:00
OLOX,非必需消费,Consumer Discretionary,RETAIL: Building Materials,Nasdaq screener download,2026-08-09T14:32:06+00:00
OM,医疗保健,Health Care,Biotechnology: Electromedical & Electrotherapeutic Apparatus,Nasdaq screener download,2026-08-09T14:32:06+00:00
OMCL,信息技术,Technology,Computer Manufacturing,Nasdaq screener download,2026-08-09T14:32:06+00:00
OMDA,医疗保健,Health Care,Medical/Nursing Services,Nasdaq screener download,2026-08-09T14:32:06+00:00
OMER,医疗保健,Health Care,Biotechnology: Pharmaceutical Preparations,Nasdaq screener download,2026-08-09T14:32:06+00:00
OMEX,非必需消费,Consumer Discretionary,Marine Transportation,Nasdaq screener download,2026-08-09T14:32:06+00:00
OMH,金融,Finance,Real Estate,Nasdaq screener download,2026-08-09T14:32:06+00:00
OMSE,非必需消费,Consumer Discretionary,Oil and Gas Field Machinery,Nasdaq screener download,2026-08-09T14:32:06+00:00
ON,信息技术,Technology,Semiconductors,Nasdaq screener download,2026-08-09T14:32:06+00:00
ONB,金融,Finance,Major Banks,Nasdaq screener download,2026-08-09T14:32:06+00:00
ONCO,医疗保健,Health Care,Biotechnology: Pharmaceutical Preparations,Nasdaq screener download,2026-08-09T14:32:06+00:00
ONCY,医疗保健,Health Care,Biotechnology: Pharmaceutical Preparations,Nasdaq screener download,2026-08-09T14:32:06+00:00
ONDS,信息技术,Technology,Radio And Television Broadcasting And Communications Equipment,Nasdaq screener download,2026-08-09T14:32:06+00:00
ONEG,非必需消费,Consumer Discretionary,Homebuilding,Nasdaq screener download,2026-08-09T14:32:06+00:00
ONEW,非必需消费,Consumer Discretionary,Auto & Home Supply Stores,Nasdaq screener download,2026-08-09T14:32:06+00:00
ONFO,信息技术,Technology,EDP Services,Nasdaq screener download,2026-08-09T14:32:06+00:00
ONMD,医疗保健,Health Care,Biotechnology: Commercial Physical & Biological Resarch,Nasdaq screener download,2026-08-09T14:32:06+00:00
OPAL,公用事业,Utilities,Natural Gas Distribution,Nasdaq screener download,2026-08-09T14:32:06+00:00
OPBK,金融,Finance,Major Banks,Nasdaq screener download,2026-08-09T14:32:06+00:00
OPCH,医疗保健,Health Care,Medical/Nursing Services,Nasdaq screener download,2026-08-09T14:32:06+00:00
OPEN,金融,Finance,Real Estate,Nasdaq screener download,2026-08-09T14:32:06+00:00
OPK,医疗保健,Health Care,Biotechnology: Pharmaceutical Preparations,Nasdaq screener download,2026-08-09T14:32:06+00:00
OPRT,金融,Finance,Finance: Consumer Services,Nasdaq screener download,2026-08-09T14:32:06+00:00
OPRX,非必需消费,Consumer Discretionary,Business Services,Nasdaq screener download,2026-08-09T14:32:06+00:00
OPTX,信息技术,Technology,Electronic Components,Nasdaq screener download,2026-08-09T14:32:06+00:00
OPXS,信息技术,Technology,Electronic Components,Nasdaq screener download,2026-08-09T14:32:06+00:00
ORBS,金融,Finance,Finance Companies,Nasdaq screener download,2026-08-09T14:32:06+00:00
ORGO,医疗保健,Health Care,Biotechnology: Pharmaceutical Preparations,Nasdaq screener download,2026-08-09T14:32:06+00:00
ORIC,医疗保健,Health Care,Biotechnology: Pharmaceutical Preparations,Nasdaq screener download,2026-08-09T14:32:06+00:00
ORKA,医疗保健,Health Care,Biotechnology: In Vitro & In Vivo Diagnostic Substances,Nasdaq screener download,2026-08-09T14:32:06+00:00
ORKT,信息技术,Technology,Computer Software: Prepackaged Software,Nasdaq screener download,2026-08-09T14:32:06+00:00
ORLY,非必需消费,Consumer Discretionary,Auto & Home Supply Stores,Nasdaq screener download,2026-08-09T14:32:06+00:00
ORMP,医疗保健,Health Care,Biotechnology: Pharmaceutical Preparations,Nasdaq screener download,2026-08-09T14:32:06+00:00
ORRF,金融,Finance,Major Banks,Nasdaq screener download,2026-08-09T14:32:06+00:00
OSBC,金融,Finance,Major Banks,Nasdaq screener download,2026-08-09T14:32:06+00:00
OSIS,信息技术,Technology,Semiconductors,Nasdaq screener download,2026-08-09T14:32:06+00:00
OSPN,信息技术,Technology,EDP Services,Nasdaq screener download,2026-08-09T14:32:06+00:00
OSRH,医疗保健,Health Care,Medical/Dental Instruments,Nasdaq screener download,2026-08-09T14:32:06+00:00
OSS,信息技术,Technology,Computer Manufacturing,Nasdaq screener download,2026-08-09T14:32:06+00:00
OSUR,医疗保健,Health Care,Medical/Dental Instruments,Nasdaq screener download,2026-08-09T14:32:06+00:00
OTLK,医疗保健,Health Care,Biotechnology: Biological Products (No Diagnostic Substances),Nasdaq screener download,2026-08-09T14:32:06+00:00
OTTR,公用事业,Utilities,Electric Utilities: Central,Nasdaq screener download,2026-08-09T14:32:06+00:00
OUST,工业,Industrials,Industrial Machinery/Components,Nasdaq screener download,2026-08-09T14:32:06+00:00
OVBC,金融,Finance,Major Banks,Nasdaq screener download,2026-08-09T14:32:06+00:00
OVID,医疗保健,Health Care,Biotechnology: Pharmaceutical Preparations,Nasdaq screener download,2026-08-09T14:32:06+00:00
OVLY,金融,Finance,Major Banks,Nasdaq screener download,2026-08-09T14:32:06+00:00
OXBR,金融,Finance,Property-Casualty Insurers,Nasdaq screener download,2026-08-09T14:32:06+00:00
OXLC,金融,Finance,Investment Managers,Nasdaq screener download,2026-08-09T14:32:06+00:00
OXSQ,金融,Finance,Blank Checks,Nasdaq screener download,2026-08-09T14:32:06+00:00
OYSE,金融,Finance,Blank Checks,Nasdaq screener download,2026-08-09T14:32:06+00:00
OZK,金融,Finance,Major Banks,Nasdaq screener download,2026-08-09T14:32:06+00:00
PAAC,金融,Finance,Investment Managers,Nasdaq screener download,2026-08-09T14:32:06+00:00
PACB,工业,Industrials,Biotechnology: Laboratory Analytical Instruments,Nasdaq screener download,2026-08-09T14:32:06+00:00
PAHC,医疗保健,Health Care,Biotechnology: Pharmaceutical Preparations,Nasdaq screener download,2026-08-09T14:32:06+00:00
PAL,非必需消费,Consumer Discretionary,Transportation Services,Nasdaq screener download,2026-08-09T14:32:06+00:00
PALI,医疗保健,Health Care,Biotechnology: Biological Products (No Diagnostic Substances),Nasdaq screener download,2026-08-09T14:32:06+00:00
PALO,金融,Finance,Blank Checks,Nasdaq screener download,2026-08-09T14:32:06+00:00
PAMT,工业,Industrials,Trucking Freight/Courier Services,Nasdaq screener download,2026-08-09T14:32:06+00:00
PANW,信息技术,Technology,Computer peripheral equipment,Nasdaq screener download,2026-08-09T14:32:06+00:00
PARK,医疗保健,Health Care,Misc Health and Biotechnology Services,Nasdaq screener download,2026-08-09T14:32:06+00:00
PASG,医疗保健,Health Care,Biotechnology: Biological Products (No Diagnostic Substances),Nasdaq screener download,2026-08-09T14:32:06+00:00
PASW,非必需消费,Consumer Discretionary,Apparel,Nasdaq screener download,2026-08-09T14:32:06+00:00
PATK,非必需消费,Consumer Discretionary,Auto Parts:O.E.M.,Nasdaq screener download,2026-08-09T14:32:06+00:00
PAVM,医疗保健,Health Care,Medical/Dental Instruments,Nasdaq screener download,2026-08-09T14:32:06+00:00
PAVS,信息技术,Technology,EDP Services,Nasdaq screener download,2026-08-09T14:32:06+00:00
PAYO,非必需消费,Consumer Discretionary,Business Services,Nasdaq screener download,2026-08-09T14:32:06+00:00
PAYS,信息技术,Technology,EDP Services,Nasdaq screener download,2026-08-09T14:32:06+00:00
PAYX,工业,Industrials,Diversified Commercial Services,Nasdaq screener download,2026-08-09T14:32:06+00:00
PBFS,金融,Finance,Banks,Nasdaq screener download,2026-08-09T14:32:06+00:00
PBHC,金融,Finance,Major Banks,Nasdaq screener download,2026-08-09T14:32:06+00:00
PBK,公用事业,Utilities,Power Generation,Nasdaq screener download,2026-08-09T14:32:06+00:00
PBLS,医疗保健,Health Care,Biotechnology: Pharmaceutical Preparations,Nasdaq screener download,2026-08-09T14:32:06+00:00
PBYI,医疗保健,Health Care,Biotechnology: Pharmaceutical Preparations,Nasdaq screener download,2026-08-09T14:32:06+00:00
PCAP,金融,Finance,Blank Checks,Nasdaq screener download,2026-08-09T14:32:06+00:00
PCAR,工业,Industrials,Auto Manufacturing,Nasdaq screener download,2026-08-09T14:32:06+00:00
PCB,金融,Finance,Major Banks,Nasdaq screener download,2026-08-09T14:32:06+00:00
PCRX,医疗保健,Health Care,Biotechnology: Pharmaceutical Preparations,Nasdaq screener download,2026-08-09T14:32:06+00:00
PCSA,医疗保健,Health Care,Biotechnology: Pharmaceutical Preparations,Nasdaq screener download,2026-08-09T14:32:06+00:00
PCT,工业,Industrials,Major Chemicals,Nasdaq screener download,2026-08-09T14:32:06+00:00
PCTY,信息技术,Technology,Computer Software: Prepackaged Software,Nasdaq screener download,2026-08-09T14:32:06+00:00
PCVX,医疗保健,Health Care,Biotechnology: Biological Products (No Diagnostic Substances),Nasdaq screener download,2026-08-09T14:32:06+00:00
PCYO,公用事业,Utilities,Water Supply,Nasdaq screener download,2026-08-09T14:32:06+00:00
PDEX,医疗保健,Health Care,Medical/Dental Instruments,Nasdaq screener download,2026-08-09T14:32:06+00:00
PDFS,信息技术,Technology,Computer Software: Prepackaged Software,Nasdaq screener download,2026-08-09T14:32:06+00:00
PDLB,金融,Finance,Savings Institutions,Nasdaq screener download,2026-08-09T14:32:06+00:00
PDSB,医疗保健,Health Care,Biotechnology: Pharmaceutical Preparations,Nasdaq screener download,2026-08-09T14:32:06+00:00
PDYN,信息技术,Technology,Computer Software: Prepackaged Software,Nasdaq screener download,2026-08-09T14:32:06+00:00
PEBK,金融,Finance,Major Banks,Nasdaq screener download,2026-08-09T14:32:06+00:00
PEBO,金融,Finance,Major Banks,Nasdaq screener download,2026-08-09T14:32:06+00:00
PECE,金融,Finance,Blank Checks,Nasdaq screener download,2026-08-09T14:32:06+00:00
PECO,房地产,Real Estate,Real Estate Investment Trusts,Nasdaq screener download,2026-08-09T14:32:06+00:00
PEGA,信息技术,Technology,EDP Services,Nasdaq screener download,2026-08-09T14:32:06+00:00
PENG,信息技术,Technology,Semiconductors,Nasdaq screener download,2026-08-09T14:32:06+00:00
PENN,非必需消费,Consumer Discretionary,Hotels/Resorts,Nasdaq screener download,2026-08-09T14:32:06+00:00
PEP,必需消费,Consumer Staples,Beverages (Production/Distribution),Nasdaq screener download,2026-08-09T14:32:06+00:00
PEPG,医疗保健,Health Care,Biotechnology: Pharmaceutical Preparations,Nasdaq screener download,2026-08-09T14:32:06+00:00
PERI,信息技术,Technology,EDP Services,Nasdaq screener download,2026-08-09T14:32:06+00:00
PESI,工业,Industrials,Environmental Services,Nasdaq screener download,2026-08-09T14:32:06+00:00
PETS,必需消费,Consumer Staples,Retail-Drug Stores and Proprietary Stores,Nasdaq screener download,2026-08-09T14:32:06+00:00
PFG,金融,Finance,Accident &Health Insurance,Nasdaq screener download,2026-08-09T14:32:06+00:00
PFIS,金融,Finance,Major Banks,Nasdaq screener download,2026-08-09T14:32:06+00:00
PFSA,医疗保健,Health Care,Medical/Dental Instruments,Nasdaq screener download,2026-08-09T14:32:06+00:00
PFX,金融,Finance,Finance: Consumer Services,Nasdaq screener download,2026-08-09T14:32:06+00:00
PGC,金融,Finance,Commercial Banks,Nasdaq screener download,2026-08-09T14:32:06+00:00
PGEN,医疗保健,Health Care,Biotechnology: Pharmaceutical Preparations,Nasdaq screener download,2026-08-09T14:32:06+00:00
PGNY,医疗保健,Health Care,Misc Health and Biotechnology Services,Nasdaq screener download,2026-08-09T14:32:06+00:00
PGY,金融,Finance,Finance: Consumer Services,Nasdaq screener download,2026-08-09T14:32:06+00:00
PHAR,医疗保健,Health Care,Biotechnology: Pharmaceutical Preparations,Nasdaq screener download,2026-08-09T14:32:06+00:00
PHAT,医疗保健,Health Care,Biotechnology: Pharmaceutical Preparations,Nasdaq screener download,2026-08-09T14:32:06+00:00
PHIO,医疗保健,Health Care,Biotechnology: Pharmaceutical Preparations,Nasdaq screener download,2026-08-09T14:32:06+00:00
PHOE,非必需消费,Consumer Discretionary,Engineering & Construction,Nasdaq screener download,2026-08-09T14:32:06+00:00
PHUN,信息技术,Technology,EDP Services,Nasdaq screener download,2026-08-09T14:32:06+00:00
PHVS,医疗保健,Health Care,Biotechnology: Pharmaceutical Preparations,Nasdaq screener download,2026-08-09T14:32:06+00:00
PI,信息技术,Technology,Industrial Machinery/Components,Nasdaq screener download,2026-08-09T14:32:06+00:00
PIII,医疗保健,Health Care,Medical/Nursing Services,Nasdaq screener download,2026-08-09T14:32:06+00:00
PKBK,金融,Finance,Major Banks,Nasdaq screener download,2026-08-09T14:32:06+00:00
PKOH,工业,Industrials,Industrial Specialties,Nasdaq screener download,2026-08-09T14:32:06+00:00
PLAB,信息技术,Technology,Semiconductors,Nasdaq screener download,2026-08-09T14:32:06+00:00
PLAY,非必需消费,Consumer Discretionary,Restaurants,Nasdaq screener download,2026-08-09T14:32:06+00:00
PLBL,非必需消费,Consumer Discretionary,Consumer Electronics/Appliances,Nasdaq screener download,2026-08-09T14:32:06+00:00
PLBY,非必需消费,Consumer Discretionary,Other Specialty Stores,Nasdaq screener download,2026-08-09T14:32:06+00:00
PLCE,非必需消费,Consumer Discretionary,Clothing/Shoe/Accessory Stores,Nasdaq screener download,2026-08-09T14:32:06+00:00
PLMR,金融,Finance,Property-Casualty Insurers,Nasdaq screener download,2026-08-09T14:32:06+00:00
PLPC,工业,Industrials,Water Sewer Pipeline Comm & Power Line Construction,Nasdaq screener download,2026-08-09T14:32:06+00:00
PLRX,医疗保健,Health Care,Biotechnology: Pharmaceutical Preparations,Nasdaq screener download,2026-08-09T14:32:06+00:00
PLRZ,医疗保健,Health Care,Medical/Dental Instruments,Nasdaq screener download,2026-08-09T14:32:06+00:00
PLSE,医疗保健,Health Care,Medical/Dental Instruments,Nasdaq screener download,2026-08-09T14:32:06+00:00
PLSM,医疗保健,Health Care,Medical/Dental Instruments,Nasdaq screener download,2026-08-09T14:32:06+00:00
PLTK,信息技术,Technology,EDP Services,Nasdaq screener download,2026-08-09T14:32:06+00:00
PLTR,信息技术,Technology,Computer Software: Prepackaged Software,Nasdaq screener download,2026-08-09T14:32:06+00:00
PLUG,能源,Energy,Industrial Machinery/Components,Nasdaq screener download,2026-08-09T14:32:06+00:00
PLUR,医疗保健,Health Care,Biotechnology: Biological Products (No Diagnostic Substances),Nasdaq screener download,2026-08-09T14:32:06+00:00
PLUS,信息技术,Technology,Retail: Computer Software & Peripheral Equipment,Nasdaq screener download,2026-08-09T14:32:06+00:00
PLUT,金融,Finance,Investment Bankers/Brokers/Service,Nasdaq screener download,2026-08-09T14:32:06+00:00
PLXS,信息技术,Technology,Electrical Products,Nasdaq screener download,2026-08-09T14:32:06+00:00
PLYX,医疗保健,Health Care,Biotechnology: Pharmaceutical Preparations,Nasdaq screener download,2026-08-09T14:32:06+00:00
PMA,非必需消费,Consumer Discretionary,Engineering & Construction,Nasdaq screener download,2026-08-09T14:32:06+00:00
PMAX,非必需消费,Consumer Discretionary,Other Consumer Services,Nasdaq screener download,2026-08-09T14:32:06+00:00
PMCB,医疗保健,Health Care,Biotechnology: Biological Products (No Diagnostic Substances),Nasdaq screener download,2026-08-09T14:32:06+00:00
PMEC,非必需消费,Consumer Discretionary,Diversified Commercial Services,Nasdaq screener download,2026-08-09T14:32:06+00:00
PMTR,金融,Finance,Blank Checks,Nasdaq screener download,2026-08-09T14:32:06+00:00
PMTS,非必需消费,Consumer Discretionary,Publishing,Nasdaq screener download,2026-08-09T14:32:06+00:00
PMVP,医疗保健,Health Care,Biotechnology: Pharmaceutical Preparations,Nasdaq screener download,2026-08-09T14:32:06+00:00
PN,信息技术,Technology,Retail: Computer Software & Peripheral Equipment,Nasdaq screener download,2026-08-09T14:32:06+00:00
PNBK,金融,Finance,Major Banks,Nasdaq screener download,2026-08-09T14:32:06+00:00
PNRG,能源,Energy,Oil & Gas Production,Nasdaq screener download,2026-08-09T14:32:06+00:00
PNTG,医疗保健,Health Care,Medical/Nursing Services,Nasdaq screener download,2026-08-09T14:32:06+00:00
POCI,医疗保健,Health Care,Biotechnology: Electromedical & Electrotherapeutic Apparatus,Nasdaq screener download,2026-08-09T14:32:06+00:00
PODC,信息技术,Technology,Computer Software: Programming Data Processing,Nasdaq screener download,2026-08-09T14:32:06+00:00
PODD,医疗保健,Health Care,Medical/Dental Instruments,Nasdaq screener download,2026-08-09T14:32:06+00:00
PONO,金融,Finance,Blank Checks,Nasdaq screener download,2026-08-09T14:32:06+00:00
POOL,非必需消费,Consumer Discretionary,Industrial Specialties,Nasdaq screener download,2026-08-09T14:32:06+00:00
POWI,信息技术,Technology,Semiconductors,Nasdaq screener download,2026-08-09T14:32:06+00:00
POWL,能源,Energy,Electrical Products,Nasdaq screener download,2026-08-09T14:32:06+00:00
POWW,工业,Industrials,Ordnance And Accessories,Nasdaq screener download,2026-08-09T14:32:06+00:00
PPC,必需消费,Consumer Staples,Meat/Poultry/Fish,Nasdaq screener download,2026-08-09T14:32:06+00:00
PPCB,医疗保健,Health Care,Biotechnology: Pharmaceutical Preparations,Nasdaq screener download,2026-08-09T14:32:06+00:00
PPIH,工业,Industrials,Pollution Control Equipment,Nasdaq screener download,2026-08-09T14:32:06+00:00
PPLI,信息技术,Technology,Computer Software: Programming Data Processing,Nasdaq screener download,2026-08-09T14:32:06+00:00
PRAA,金融,Finance,Finance Companies,Nasdaq screener download,2026-08-09T14:32:06+00:00
PRAX,医疗保健,Health Care,Biotechnology: Pharmaceutical Preparations,Nasdaq screener download,2026-08-09T14:32:06+00:00
PRCH,信息技术,Technology,Computer Software: Prepackaged Software,Nasdaq screener download,2026-08-09T14:32:06+00:00
PRCT,医疗保健,Health Care,Medical/Dental Instruments,Nasdaq screener download,2026-08-09T14:32:06+00:00
PRDO,房地产,Real Estate,Other Consumer Services,Nasdaq screener download,2026-08-09T14:32:06+00:00
PRFX,医疗保健,Health Care,Biotechnology: Pharmaceutical Preparations,Nasdaq screener download,2026-08-09T14:32:06+00:00
PRGS,信息技术,Technology,Computer Software: Prepackaged Software,Nasdaq screener download,2026-08-09T14:32:06+00:00
PRHI,金融,Finance,Property-Casualty Insurers,Nasdaq screener download,2026-08-09T14:32:06+00:00
PRLD,医疗保健,Health Care,Biotechnology: Pharmaceutical Preparations,Nasdaq screener download,2026-08-09T14:32:06+00:00
PRME,医疗保健,Health Care,Biotechnology: Biological Products (No Diagnostic Substances),Nasdaq screener download,2026-08-09T14:32:06+00:00
PROF,医疗保健,Health Care,Medical/Dental Instruments,Nasdaq screener download,2026-08-09T14:32:06+00:00
PROK,医疗保健,Health Care,Biotechnology: Biological Products (No Diagnostic Substances),Nasdaq screener download,2026-08-09T14:32:06+00:00
PROP,能源,Energy,Oil & Gas Production,Nasdaq screener download,2026-08-09T14:32:06+00:00
PROV,金融,Finance,Savings Institutions,Nasdaq screener download,2026-08-09T14:32:06+00:00
PRPL,非必需消费,Consumer Discretionary,Home Furnishings,Nasdaq screener download,2026-08-09T14:32:06+00:00
PRPO,工业,Industrials,Biotechnology: Laboratory Analytical Instruments,Nasdaq screener download,2026-08-09T14:32:06+00:00
PRQR,医疗保健,Health Care,Biotechnology: Pharmaceutical Preparations,Nasdaq screener download,2026-08-09T14:32:06+00:00
PRSO,信息技术,Technology,Semiconductors,Nasdaq screener download,2026-08-09T14:32:06+00:00
PRTA,医疗保健,Health Care,Biotechnology: Pharmaceutical Preparations,Nasdaq screener download,2026-08-09T14:32:06+00:00
PRTH,非必需消费,Consumer Discretionary,Business Services,Nasdaq screener download,2026-08-09T14:32:06+00:00
PRTS,非必需消费,Consumer Discretionary,Auto & Home Supply Stores,Nasdaq screener download,2026-08-09T14:32:06+00:00
PRVA,医疗保健,Health Care,Medical/Nursing Services,Nasdaq screener download,2026-08-09T14:32:06+00:00
PRZO,工业,Industrials,Military/Government/Technical,Nasdaq screener download,2026-08-09T14:32:06+00:00
PSEC,金融,Finance,Finance: Consumer Services,Nasdaq screener download,2026-08-09T14:32:06+00:00
PSIG,工业,Industrials,Integrated Freight & Logistics,Nasdaq screener download,2026-08-09T14:32:06+00:00
PSIX,工业,Industrials,Industrial Machinery/Components,Nasdaq screener download,2026-08-09T14:32:06+00:00
PSKY,工业,Industrials,Broadcasting,Nasdaq screener download,2026-08-09T14:32:06+00:00
PSMT,非必需消费,Consumer Discretionary,Department/Specialty Retail Stores,Nasdaq screener download,2026-08-09T14:32:06+00:00
PSNL,医疗保健,Health Care,Medical Specialities,Nasdaq screener download,2026-08-09T14:32:06+00:00
PTAC,金融,Finance,Blank Checks,Nasdaq screener download,2026-08-09T14:32:06+00:00
PTC,信息技术,Technology,Computer Software: Prepackaged Software,Nasdaq screener download,2026-08-09T14:32:06+00:00
PTCT,医疗保健,Health Care,Biotechnology: Pharmaceutical Preparations,Nasdaq screener download,2026-08-09T14:32:06+00:00
PTEN,能源,Energy,Oil & Gas Production,Nasdaq screener download,2026-08-09T14:32:06+00:00
PTGX,医疗保健,Health Care,Biotechnology: Pharmaceutical Preparations,Nasdaq screener download,2026-08-09T14:32:06+00:00
PTLE,能源,Energy,Oil Refining/Marketing,Nasdaq screener download,2026-08-09T14:32:06+00:00
PTLO,非必需消费,Consumer Discretionary,Restaurants,Nasdaq screener download,2026-08-09T14:32:06+00:00
PTN,医疗保健,Health Care,Biotechnology: Pharmaceutical Preparations,Nasdaq screener download,2026-08-09T14:32:06+00:00
PTON,非必需消费,Consumer Discretionary,Recreational Games/Products/Toys,Nasdaq screener download,2026-08-09T14:32:06+00:00
PTOR,金融,Finance,Blank Checks,Nasdaq screener download,2026-08-09T14:32:06+00:00
PTRN,非必需消费,Consumer Discretionary,Catalog/Specialty Distribution,Nasdaq screener download,2026-08-09T14:32:06+00:00
PUBM,信息技术,Technology,Computer Software: Programming Data Processing,Nasdaq screener download,2026-08-09T14:32:06+00:00
PULM,医疗保健,Health Care,Biotechnology: Pharmaceutical Preparations,Nasdaq screener download,2026-08-09T14:32:06+00:00
PURR,金融,Finance,Finance: Consumer Services,Nasdaq screener download,2026-08-09T14:32:06+00:00
PUSA,非必需消费,Consumer Discretionary,Hotels/Resorts,Nasdaq screener download,2026-08-09T14:32:06+00:00
PVLA,医疗保健,Health Care,Biotechnology: Pharmaceutical Preparations,Nasdaq screener download,2026-08-09T14:32:06+00:00
PWP,金融,Finance,Finance: Consumer Services,Nasdaq screener download,2026-08-09T14:32:06+00:00
PXLW,信息技术,Technology,Computer Software: Prepackaged Software,Nasdaq screener download,2026-08-09T14:32:06+00:00
PXS,非必需消费,Consumer Discretionary,Marine Transportation,Nasdaq screener download,2026-08-09T14:32:06+00:00
PYPD,医疗保健,Health Care,Medical/Dental Instruments,Nasdaq screener download,2026-08-09T14:32:06+00:00
PYPL,工业,Industrials,Diversified Commercial Services,Nasdaq screener download,2026-08-09T14:32:06+00:00
PYXS,医疗保健,Health Care,Biotechnology: Pharmaceutical Preparations,Nasdaq screener download,2026-08-09T14:32:06+00:00
PZZA,非必需消费,Consumer Discretionary,Restaurants,Nasdaq screener download,2026-08-09T14:32:06+00:00
QADR,金融,Finance,Blank Checks,Nasdaq screener download,2026-08-09T14:32:06+00:00
QCLS,医疗保健,Health Care,Biotechnology: In Vitro & In Vivo Diagnostic Substances,Nasdaq screener download,2026-08-09T14:32:06+00:00
QCOM,信息技术,Technology,Radio And Television Broadcasting And Communications Equipment,Nasdaq screener download,2026-08-09T14:32:06+00:00
QCRH,金融,Finance,Major Banks,Nasdaq screener download,2026-08-09T14:32:06+00:00
QDEL,医疗保健,Health Care,Biotechnology: In Vitro & In Vivo Diagnostic Substances,Nasdaq screener download,2026-08-09T14:32:06+00:00
QETA,金融,Finance,Blank Checks,Nasdaq screener download,2026-08-09T14:32:06+00:00
QH,非必需消费,Consumer Discretionary,Business Services,Nasdaq screener download,2026-08-09T14:32:06+00:00
QLYS,信息技术,Technology,Computer Software: Prepackaged Software,Nasdaq screener download,2026-08-09T14:32:06+00:00
QMCO,信息技术,Technology,Electronic Components,Nasdaq screener download,2026-08-09T14:32:06+00:00
QMLS,信息技术,Technology,EDP Services,Nasdaq screener download,2026-08-09T14:32:06+00:00
QNCX,医疗保健,Health Care,Biotechnology: Biological Products (No Diagnostic Substances),Nasdaq screener download,2026-08-09T14:32:06+00:00
QNST,非必需消费,Consumer Discretionary,Business Services,Nasdaq screener download,2026-08-09T14:32:06+00:00
QNT,信息技术,Technology,EDP Services,Nasdaq screener download,2026-08-09T14:32:06+00:00
QRHC,公用事业,Utilities,Environmental Services,Nasdaq screener download,2026-08-09T14:32:06+00:00
QRVO,信息技术,Technology,Semiconductors,Nasdaq screener download,2026-08-09T14:32:06+00:00
QSEA,金融,Finance,Blank Checks,Nasdaq screener download,2026-08-09T14:32:06+00:00
QSI,工业,Industrials,Industrial Machinery/Components,Nasdaq screener download,2026-08-09T14:32:06+00:00
QTEX,医疗保健,Health Care,Medical/Dental Instruments,Nasdaq screener download,2026-08-09T14:32:06+00:00
QTI,医疗保健,Health Care,Biotechnology: Electromedical & Electrotherapeutic Apparatus,Nasdaq screener download,2026-08-09T14:32:06+00:00
QTRX,工业,Industrials,Biotechnology: Laboratory Analytical Instruments,Nasdaq screener download,2026-08-09T14:32:06+00:00
QTTB,医疗保健,Health Care,Biotechnology: Pharmaceutical Preparations,Nasdaq screener download,2026-08-09T14:32:06+00:00
QUBT,信息技术,Technology,Computer Software: Prepackaged Software,Nasdaq screener download,2026-08-09T14:32:06+00:00
QUCY,医疗保健,Health Care,Biotechnology: Pharmaceutical Preparations,Nasdaq screener download,2026-08-09T14:32:06+00:00
QUIK,信息技术,Technology,Semiconductors,Nasdaq screener download,2026-08-09T14:32:06+00:00
QURE,医疗保健,Health Care,Biotechnology: Pharmaceutical Preparations,Nasdaq screener download,2026-08-09T14:32:06+00:00
QXL,信息技术,Technology,Computer Software: Prepackaged Software,Nasdaq screener download,2026-08-09T14:32:06+00:00
RACC,金融,Finance,Blank Checks,Nasdaq screener download,2026-08-09T14:32:06+00:00
RAIL,工业,Industrials,Railroads,Nasdaq screener download,2026-08-09T14:32:06+00:00
RAIN,信息技术,Technology,Industrial Machinery/Components,Nasdaq screener download,2026-08-09T14:32:06+00:00
RAND,金融,Finance,Finance: Consumer Services,Nasdaq screener download,2026-08-09T14:32:06+00:00
RANG,金融,Finance,Blank Checks,Nasdaq screener download,2026-08-09T14:32:06+00:00
RANI,医疗保健,Health Care,Biotechnology: Pharmaceutical Preparations,Nasdaq screener download,2026-08-09T14:32:06+00:00
RAPP,医疗保健,Health Care,Biotechnology: Pharmaceutical Preparations,Nasdaq screener download,2026-08-09T14:32:06+00:00
RARE,医疗保健,Health Care,Biotechnology: Pharmaceutical Preparations,Nasdaq screener download,2026-08-09T14:32:06+00:00
RAVE,非必需消费,Consumer Discretionary,Food Distributors,Nasdaq screener download,2026-08-09T14:32:06+00:00
RAY,非必需消费,Consumer Discretionary,Consumer Electronics/Appliances,Nasdaq screener download,2026-08-09T14:32:06+00:00
RAYA,非必需消费,Consumer Discretionary,Metal Fabrications,Nasdaq screener download,2026-08-09T14:32:06+00:00
RBB,金融,Finance,Major Banks,Nasdaq screener download,2026-08-09T14:32:06+00:00
RBBN,信息技术,Technology,EDP Services,Nasdaq screener download,2026-08-09T14:32:06+00:00
RBCAA,金融,Finance,Major Banks,Nasdaq screener download,2026-08-09T14:32:06+00:00
RBKB,金融,Finance,Banks,Nasdaq screener download,2026-08-09T14:32:06+00:00
RBNE,非必需消费,Consumer Discretionary,Marine Transportation,Nasdaq screener download,2026-08-09T14:32:06+00:00
RCAT,信息技术,Technology,Computer Software: Prepackaged Software,Nasdaq screener download,2026-08-09T14:32:06+00:00
RCEL,医疗保健,Health Care,Medical/Dental Instruments,Nasdaq screener download,2026-08-09T14:32:06+00:00
RCKT,医疗保健,Health Care,Biotechnology: Pharmaceutical Preparations,Nasdaq screener download,2026-08-09T14:32:06+00:00
RCKY,非必需消费,Consumer Discretionary,Shoe Manufacturing,Nasdaq screener download,2026-08-09T14:32:06+00:00
RCMT,非必需消费,Consumer Discretionary,Professional Services,Nasdaq screener download,2026-08-09T14:32:06+00:00
RCON,能源,Energy,Oilfield Services/Equipment,Nasdaq screener download,2026-08-09T14:32:06+00:00
RCT,信息技术,Technology,Computer Software: Programming Data Processing,Nasdaq screener download,2026-08-09T14:32:06+00:00
RDAG,金融,Finance,Blank Checks,Nasdaq screener download,2026-08-09T14:32:06+00:00
RDCM,信息技术,Technology,Computer peripheral equipment,Nasdaq screener download,2026-08-09T14:32:06+00:00
RDGT,必需消费,Consumer Staples,Retail-Drug Stores and Proprietary Stores,Nasdaq screener download,2026-08-09T14:32:06+00:00
RDI,非必需消费,Consumer Discretionary,Movies/Entertainment,Nasdaq screener download,2026-08-09T14:32:06+00:00
RDIB,非必需消费,Consumer Discretionary,Movies/Entertainment,Nasdaq screener download,2026-08-09T14:32:06+00:00
RDNT,医疗保健,Health Care,Medical Specialities,Nasdaq screener download,2026-08-09T14:32:06+00:00
RDNW,信息技术,Technology,EDP Services,Nasdaq screener download,2026-08-09T14:32:06+00:00
RDVT,信息技术,Technology,Computer Software: Prepackaged Software,Nasdaq screener download,2026-08-09T14:32:06+00:00
RDWR,非必需消费,Consumer Discretionary,Business Services,Nasdaq screener download,2026-08-09T14:32:06+00:00
RDZN,金融,Finance,Specialty Insurers,Nasdaq screener download,2026-08-09T14:32:06+00:00
REAL,非必需消费,Consumer Discretionary,Other Specialty Stores,Nasdaq screener download,2026-08-09T14:32:06+00:00
REBN,非必需消费,Consumer Discretionary,Restaurants,Nasdaq screener download,2026-08-09T14:32:06+00:00
RECT,非必需消费,Consumer Discretionary,Industrial Machinery/Components,Nasdaq screener download,2026-08-09T14:32:06+00:00
REFI,房地产,Real Estate,Real Estate Investment Trusts,Nasdaq screener download,2026-08-09T14:32:06+00:00
REG,房地产,Real Estate,Real Estate Investment Trusts,Nasdaq screener download,2026-08-09T14:32:06+00:00
REGN,医疗保健,Health Care,Biotechnology: Pharmaceutical Preparations,Nasdaq screener download,2026-08-09T14:32:06+00:00
REKR,通信服务,Telecommunications,Telecommunications Equipment,Nasdaq screener download,2026-08-09T14:32:06+00:00
RELL,信息技术,Technology,Electronic Components,Nasdaq screener download,2026-08-09T14:32:06+00:00
RELY,非必需消费,Consumer Discretionary,Business Services,Nasdaq screener download,2026-08-09T14:32:06+00:00
RENT,非必需消费,Consumer Discretionary,Other Specialty Stores,Nasdaq screener download,2026-08-09T14:32:06+00:00
RENX,公用事业,Utilities,Environmental Services,Nasdaq screener download,2026-08-09T14:32:06+00:00
REPL,医疗保健,Health Care,Biotechnology: Biological Products (No Diagnostic Substances),Nasdaq screener download,2026-08-09T14:32:06+00:00
REVB,医疗保健,Health Care,Biotechnology: Pharmaceutical Preparations,Nasdaq screener download,2026-08-09T14:32:06+00:00
REYN,非必需消费,Consumer Discretionary,Containers/Packaging,Nasdaq screener download,2026-08-09T14:32:06+00:00
RFIL,信息技术,Technology,Electrical Products,Nasdaq screener download,2026-08-09T14:32:06+00:00
RGC,医疗保健,Health Care,Medicinal Chemicals and Botanical Products,Nasdaq screener download,2026-08-09T14:32:06+00:00
RGCO,公用事业,Utilities,Oil & Gas Production,Nasdaq screener download,2026-08-09T14:32:06+00:00
RGEN,医疗保健,Health Care,Biotechnology: Biological Products (No Diagnostic Substances),Nasdaq screener download,2026-08-09T14:32:06+00:00
RGLD,工业,Industrials,Precious Metals,Nasdaq screener download,2026-08-09T14:32:06+00:00
RGNX,医疗保健,Health Care,Biotechnology: Biological Products (No Diagnostic Substances),Nasdaq screener download,2026-08-09T14:32:06+00:00
RGP,非必需消费,Consumer Discretionary,Business Services,Nasdaq screener download,2026-08-09T14:32:06+00:00
RGS,非必需消费,Consumer Discretionary,Other Consumer Services,Nasdaq screener download,2026-08-09T14:32:06+00:00
RGTI,信息技术,Technology,EDP Services,Nasdaq screener download,2026-08-09T14:32:06+00:00
RICK,非必需消费,Consumer Discretionary,Restaurants,Nasdaq screener download,2026-08-09T14:32:06+00:00
RIGL,医疗保健,Health Care,Biotechnology: Pharmaceutical Preparations,Nasdaq screener download,2026-08-09T14:32:06+00:00
RILY,金融,Finance,Investment Managers,Nasdaq screener download,2026-08-09T14:32:06+00:00
RIME,信息技术,Technology,EDP Services,Nasdaq screener download,2026-08-09T14:32:06+00:00
RIOT,金融,Finance,Finance: Consumer Services,Nasdaq screener download,2026-08-09T14:32:06+00:00
RITR,金融,Finance,Real Estate,Nasdaq screener download,2026-08-09T14:32:06+00:00
RIVN,工业,Industrials,Auto Manufacturing,Nasdaq screener download,2026-08-09T14:32:06+00:00
RJET,非必需消费,Consumer Discretionary,Air Freight/Delivery Services,Nasdaq screener download,2026-08-09T14:32:06+00:00
RKDA,能源,Energy,Oil & Gas Production,Nasdaq screener download,2026-08-09T14:32:06+00:00
RKLB,工业,Industrials,Military/Government/Technical,Nasdaq screener download,2026-08-09T14:32:06+00:00
RKTO,医疗保健,Health Care,Biotechnology: Pharmaceutical Preparations,Nasdaq screener download,2026-08-09T14:32:06+00:00
RLAY,医疗保健,Health Care,Biotechnology: Biological Products (No Diagnostic Substances),Nasdaq screener download,2026-08-09T14:32:06+00:00
RLMD,医疗保健,Health Care,Biotechnology: Pharmaceutical Preparations,Nasdaq screener download,2026-08-09T14:32:06+00:00
RLYB,医疗保健,Health Care,Biotechnology: Pharmaceutical Preparations,Nasdaq screener download,2026-08-09T14:32:06+00:00
RMBI,金融,Finance,Major Banks,Nasdaq screener download,2026-08-09T14:32:06+00:00
RMBS,信息技术,Technology,Semiconductors,Nasdaq screener download,2026-08-09T14:32:06+00:00
RMCF,必需消费,Consumer Staples,Specialty Foods,Nasdaq screener download,2026-08-09T14:32:06+00:00
RMIX,工业,Industrials,Building Materials,Nasdaq screener download,2026-08-09T14:32:06+00:00
RMNI,非必需消费,Consumer Discretionary,Business Services,Nasdaq screener download,2026-08-09T14:32:06+00:00
RMR,非必需消费,Consumer Discretionary,Professional Services,Nasdaq screener download,2026-08-09T14:32:06+00:00
RMSG,信息技术,Technology,Computer Software: Programming Data Processing,Nasdaq screener download,2026-08-09T14:32:06+00:00
RMTI,医疗保健,Health Care,Biotechnology: Pharmaceutical Preparations,Nasdaq screener download,2026-08-09T14:32:06+00:00
RNA,医疗保健,Health Care,Biotechnology: Pharmaceutical Preparations,Nasdaq screener download,2026-08-09T14:32:06+00:00
RNAC,医疗保健,Health Care,Biotechnology: Pharmaceutical Preparations,Nasdaq screener download,2026-08-09T14:32:06+00:00
RNAZ,医疗保健,Health Care,Biotechnology: Pharmaceutical Preparations,Nasdaq screener download,2026-08-09T14:32:06+00:00
RNGT,金融,Finance,Blank Checks,Nasdaq screener download,2026-08-09T14:32:06+00:00
RNTX,医疗保健,Health Care,Biotechnology: Pharmaceutical Preparations,Nasdaq screener download,2026-08-09T14:32:06+00:00
RNW,公用事业,Utilities,Electric Utilities: Central,Nasdaq screener download,2026-08-09T14:32:06+00:00
RNXT,医疗保健,Health Care,Biotechnology: Pharmaceutical Preparations,Nasdaq screener download,2026-08-09T14:32:06+00:00
ROAD,工业,Industrials,Military/Government/Technical,Nasdaq screener download,2026-08-09T14:32:06+00:00
ROC,信息技术,Technology,Computer Software: Prepackaged Software,Nasdaq screener download,2026-08-09T14:32:06+00:00
ROCK,工业,Industrials,Steel/Iron Ore,Nasdaq screener download,2026-08-09T14:32:06+00:00
ROKU,通信服务,Telecommunications,Cable & Other Pay Television Services,Nasdaq screener download,2026-08-09T14:32:06+00:00
ROMA,非必需消费,Consumer Discretionary,Professional Services,Nasdaq screener download,2026-08-09T14:32:06+00:00
ROOT,金融,Finance,Property-Casualty Insurers,Nasdaq screener download,2026-08-09T14:32:06+00:00
ROP,工业,Industrials,Industrial Machinery/Components,Nasdaq screener download,2026-08-09T14:32:06+00:00
ROST,非必需消费,Consumer Discretionary,Clothing/Shoe/Accessory Stores,Nasdaq screener download,2026-08-09T14:32:06+00:00
RPAY,非必需消费,Consumer Discretionary,Business Services,Nasdaq screener download,2026-08-09T14:32:06+00:00
RPD,信息技术,Technology,Computer Software: Prepackaged Software,Nasdaq screener download,2026-08-09T14:32:06+00:00
RPGL,信息技术,Technology,Computer Software: Prepackaged Software,Nasdaq screener download,2026-08-09T14:32:06+00:00
RPID,工业,Industrials,Biotechnology: Laboratory Analytical Instruments,Nasdaq screener download,2026-08-09T14:32:06+00:00
RPRX,医疗保健,Health Care,Biotechnology: Pharmaceutical Preparations,Nasdaq screener download,2026-08-09T14:32:06+00:00
RR,工业,Industrials,Industrial Machinery/Components,Nasdaq screener download,2026-08-09T14:32:06+00:00
RRBI,金融,Finance,Major Banks,Nasdaq screener download,2026-08-09T14:32:06+00:00
RREV,金融,Finance,Blank Checks,Nasdaq screener download,2026-08-09T14:32:06+00:00
RRGB,非必需消费,Consumer Discretionary,Restaurants,Nasdaq screener download,2026-08-09T14:32:06+00:00
RRR,非必需消费,Consumer Discretionary,Hotels/Resorts,Nasdaq screener download,2026-08-09T14:32:06+00:00
RSSS,信息技术,Technology,EDP Services,Nasdaq screener download,2026-08-09T14:32:06+00:00
RSVR,非必需消费,Consumer Discretionary,Services-Misc. Amusement & Recreation,Nasdaq screener download,2026-08-09T14:32:06+00:00
RTAC,金融,Finance,Blank Checks,Nasdaq screener download,2026-08-09T14:32:06+00:00
RTB,非必需消费,Consumer Discretionary,Professional Services,Nasdaq screener download,2026-08-09T14:32:06+00:00
RUBI,非必需消费,Consumer Discretionary,Marine Transportation,Nasdaq screener download,2026-08-09T14:32:06+00:00
RUM,信息技术,Technology,Computer Software: Programming Data Processing,Nasdaq screener download,2026-08-09T14:32:06+00:00
RUSHA,非必需消费,Consumer Discretionary,Retail-Auto Dealers and Gas Stations,Nasdaq screener download,2026-08-09T14:32:06+00:00
RVMD,医疗保健,Health Care,Biotechnology: Biological Products (No Diagnostic Substances),Nasdaq screener download,2026-08-09T14:32:06+00:00
RVSB,金融,Finance,Savings Institutions,Nasdaq screener download,2026-08-09T14:32:06+00:00
RWAY,金融,Finance,Finance: Consumer Services,Nasdaq screener download,2026-08-09T14:32:06+00:00
RXRX,医疗保健,Health Care,Biotechnology: Biological Products (No Diagnostic Substances),Nasdaq screener download,2026-08-09T14:32:06+00:00
RXST,医疗保健,Health Care,Ophthalmic Goods,Nasdaq screener download,2026-08-09T14:32:06+00:00
RXT,信息技术,Technology,Computer Software: Programming Data Processing,Nasdaq screener download,2026-08-09T14:32:06+00:00
RYET,信息技术,Technology,Computer Software: Prepackaged Software,Nasdaq screener download,2026-08-09T14:32:06+00:00
RYM,必需消费,Consumer Staples,Farming/Seeds/Milling,Nasdaq screener download,2026-08-09T14:32:06+00:00
RYTM,医疗保健,Health Care,Biotechnology: Pharmaceutical Preparations,Nasdaq screener download,2026-08-09T14:32:06+00:00
RZLT,医疗保健,Health Care,Biotechnology: Pharmaceutical Preparations,Nasdaq screener download,2026-08-09T14:32:06+00:00
RZLV,信息技术,Technology,Computer Software: Programming Data Processing,Nasdaq screener download,2026-08-09T14:32:06+00:00
SAAQ,金融,Finance,Blank Checks,Nasdaq screener download,2026-08-09T14:32:06+00:00
SABR,信息技术,Technology,Computer Software: Programming Data Processing,Nasdaq screener download,2026-08-09T14:32:06+00:00
SABS,医疗保健,Health Care,Biotechnology: Biological Products (No Diagnostic Substances),Nasdaq screener download,2026-08-09T14:32:06+00:00
SAFT,金融,Finance,Property-Casualty Insurers,Nasdaq screener download,2026-08-09T14:32:06+00:00
SAFX,工业,Industrials,Major Chemicals,Nasdaq screener download,2026-08-09T14:32:06+00:00
SAGT,信息技术,Technology,Computer Software: Prepackaged Software,Nasdaq screener download,2026-08-09T14:32:06+00:00
SAIA,工业,Industrials,Trucking Freight/Courier Services,Nasdaq screener download,2026-08-09T14:32:06+00:00
SAIC,信息技术,Technology,EDP Services,Nasdaq screener download,2026-08-09T14:32:06+00:00
SAIH,信息技术,Technology,EDP Services,Nasdaq screener download,2026-08-09T14:32:06+00:00
SAIL,信息技术,Technology,Computer Software: Prepackaged Software,Nasdaq screener download,2026-08-09T14:32:06+00:00
SAMG,金融,Finance,Investment Managers,Nasdaq screener download,2026-08-09T14:32:06+00:00
SANA,医疗保健,Health Care,Biotechnology: Biological Products (No Diagnostic Substances),Nasdaq screener download,2026-08-09T14:32:06+00:00
SANM,信息技术,Technology,Electrical Products,Nasdaq screener download,2026-08-09T14:32:06+00:00
SATL,信息技术,Technology,Radio And Television Broadcasting And Communications Equipment,Nasdaq screener download,2026-08-09T14:32:06+00:00
SBAC,房地产,Real Estate,Real Estate Investment Trusts,Nasdaq screener download,2026-08-09T14:32:06+00:00
SBC,医疗保健,Health Care,Medical/Nursing Services,Nasdaq screener download,2026-08-09T14:32:06+00:00
SBCF,金融,Finance,Major Banks,Nasdaq screener download,2026-08-09T14:32:06+00:00
SBET,信息技术,Technology,Computer Software: Prepackaged Software,Nasdaq screener download,2026-08-09T14:32:06+00:00
SBFG,金融,Finance,Major Banks,Nasdaq screener download,2026-08-09T14:32:06+00:00
SBFM,医疗保健,Health Care,Biotechnology: Pharmaceutical Preparations,Nasdaq screener download,2026-08-09T14:32:06+00:00
SBGI,工业,Industrials,Broadcasting,Nasdaq screener download,2026-08-09T14:32:06+00:00
SBRA,房地产,Real Estate,Real Estate Investment Trusts,Nasdaq screener download,2026-08-09T14:32:06+00:00
SBUX,非必需消费,Consumer Discretionary,Restaurants,Nasdaq screener download,2026-08-09T14:32:06+00:00
SCHL,非必需消费,Consumer Discretionary,Books,Nasdaq screener download,2026-08-09T14:32:06+00:00
SCKT,信息技术,Technology,Computer Manufacturing,Nasdaq screener download,2026-08-09T14:32:06+00:00
SCLX,医疗保健,Health Care,Biotechnology: Biological Products (No Diagnostic Substances),Nasdaq screener download,2026-08-09T14:32:06+00:00
SCNX,医疗保健,Health Care,Biotechnology: Pharmaceutical Preparations,Nasdaq screener download,2026-08-09T14:32:06+00:00
SCOR,非必需消费,Consumer Discretionary,Business Services,Nasdaq screener download,2026-08-09T14:32:06+00:00
SCSC,信息技术,Technology,Retail: Computer Software & Peripheral Equipment,Nasdaq screener download,2026-08-09T14:32:06+00:00
SCWO,非必需消费,Consumer Discretionary,Metal Fabrications,Nasdaq screener download,2026-08-09T14:32:06+00:00
SCYX,医疗保健,Health Care,Biotechnology: Pharmaceutical Preparations,Nasdaq screener download,2026-08-09T14:32:06+00:00
SDA,非必需消费,Consumer Discretionary,Automotive Aftermarket,Nasdaq screener download,2026-08-09T14:32:06+00:00
SDGR,医疗保健,Health Care,Biotechnology: Pharmaceutical Preparations,Nasdaq screener download,2026-08-09T14:32:06+00:00
SDHI,金融,Finance,Blank Checks,Nasdaq screener download,2026-08-09T14:32:06+00:00
SDOT,非必需消费,Consumer Discretionary,Restaurants,Nasdaq screener download,2026-08-09T14:32:06+00:00
SDST,工业,Industrials,Major Chemicals,Nasdaq screener download,2026-08-09T14:32:06+00:00
SEAT,非必需消费,Consumer Discretionary,Services-Misc. Amusement & Recreation,Nasdaq screener download,2026-08-09T14:32:06+00:00
SEDG,信息技术,Technology,Semiconductors,Nasdaq screener download,2026-08-09T14:32:06+00:00
SEED,必需消费,Consumer Staples,Farming/Seeds/Milling,Nasdaq screener download,2026-08-09T14:32:06+00:00
SEER,工业,Industrials,Biotechnology: Laboratory Analytical Instruments,Nasdaq screener download,2026-08-09T14:32:06+00:00
SEGG,信息技术,Technology,Computer Software: Prepackaged Software,Nasdaq screener download,2026-08-09T14:32:06+00:00
SEIC,金融,Finance,Investment Bankers/Brokers/Service,Nasdaq screener download,2026-08-09T14:32:06+00:00
SELF,房地产,Real Estate,Real Estate Investment Trusts,Nasdaq screener download,2026-08-09T14:32:06+00:00
SENEA,必需消费,Consumer Staples,Packaged Foods,Nasdaq screener download,2026-08-09T14:32:06+00:00
SENEB,必需消费,Consumer Staples,Packaged Foods,Nasdaq screener download,2026-08-09T14:32:06+00:00
SENS,医疗保健,Health Care,Medical/Dental Instruments,Nasdaq screener download,2026-08-09T14:32:06+00:00
SEPN,医疗保健,Health Care,Biotechnology: Pharmaceutical Preparations,Nasdaq screener download,2026-08-09T14:32:06+00:00
SERA,医疗保健,Health Care,Medical Specialities,Nasdaq screener download,2026-08-09T14:32:06+00:00
SERV,工业,Industrials,Industrial Machinery/Components,Nasdaq screener download,2026-08-09T14:32:06+00:00
SEV,工业,Industrials,Auto Manufacturing,Nasdaq screener download,2026-08-09T14:32:06+00:00
SEZL,金融,Finance,Finance: Consumer Services,Nasdaq screener download,2026-08-09T14:32:06+00:00
SFBC,金融,Finance,Savings Institutions,Nasdaq screener download,2026-08-09T14:32:06+00:00
SFD,必需消费,Consumer Staples,Meat/Poultry/Fish,Nasdaq screener download,2026-08-09T14:32:06+00:00
SFIX,非必需消费,Consumer Discretionary,Catalog/Specialty Distribution,Nasdaq screener download,2026-08-09T14:32:06+00:00
SFM,必需消费,Consumer Staples,Food Chains,Nasdaq screener download,2026-08-09T14:32:06+00:00
SFNC,金融,Finance,Major Banks,Nasdaq screener download,2026-08-09T14:32:06+00:00
SFST,金融,Finance,Major Banks,Nasdaq screener download,2026-08-09T14:32:06+00:00
SFWL,工业,Industrials,Trucking Freight/Courier Services,Nasdaq screener download,2026-08-09T14:32:06+00:00
SGA,非必需消费,Consumer Discretionary,Broadcasting,Nasdaq screener download,2026-08-09T14:32:06+00:00
SGC,非必需消费,Consumer Discretionary,Apparel,Nasdaq screener download,2026-08-09T14:32:06+00:00
SGHT,医疗保健,Health Care,Medical/Dental Instruments,Nasdaq screener download,2026-08-09T14:32:06+00:00
SGLY,工业,Industrials,Integrated Freight & Logistics,Nasdaq screener download,2026-08-09T14:32:06+00:00
SGMT,医疗保健,Health Care,Biotechnology: Pharmaceutical Preparations,Nasdaq screener download,2026-08-09T14:32:06+00:00
SGP,医疗保健,Health Care,Medical/Dental Instruments,Nasdaq screener download,2026-08-09T14:32:06+00:00
SGRY,医疗保健,Health Care,Hospital/Nursing Management,Nasdaq screener download,2026-08-09T14:32:06+00:00
SHAZ,信息技术,Technology,EDP Services,Nasdaq screener download,2026-08-09T14:32:06+00:00
SHBI,金融,Finance,Major Banks,Nasdaq screener download,2026-08-09T14:32:06+00:00
SHC,医疗保健,Health Care,Misc Health and Biotechnology Services,Nasdaq screener download,2026-08-09T14:32:06+00:00
SHEN,通信服务,Telecommunications,Telecommunications Equipment,Nasdaq screener download,2026-08-09T14:32:06+00:00
SHFS,金融,Finance,Finance: Consumer Services,Nasdaq screener download,2026-08-09T14:32:06+00:00
SHIM,工业,Industrials,Military/Government/Technical,Nasdaq screener download,2026-08-09T14:32:06+00:00
SHIP,非必需消费,Consumer Discretionary,Marine Transportation,Nasdaq screener download,2026-08-09T14:32:06+00:00
SHLS,信息技术,Technology,Semiconductors,Nasdaq screener download,2026-08-09T14:32:06+00:00
SHMD,信息技术,Technology,Industrial Machinery/Components,Nasdaq screener download,2026-08-09T14:32:06+00:00
SHOE,非必需消费,Consumer Discretionary,Clothing/Shoe/Accessory Stores,Nasdaq screener download,2026-08-09T14:32:06+00:00
SHOO,非必需消费,Consumer Discretionary,Shoe Manufacturing,Nasdaq screener download,2026-08-09T14:32:06+00:00
SHPH,医疗保健,Health Care,Biotechnology: Pharmaceutical Preparations,Nasdaq screener download,2026-08-09T14:32:06+00:00
SIBN,医疗保健,Health Care,Medical/Dental Instruments,Nasdaq screener download,2026-08-09T14:32:06+00:00
SIDU,通信服务,Telecommunications,Telecommunications Equipment,Nasdaq screener download,2026-08-09T14:32:06+00:00
SIEB,金融,Finance,Investment Bankers/Brokers/Service,Nasdaq screener download,2026-08-09T14:32:06+00:00
SIGA,医疗保健,Health Care,Biotechnology: Pharmaceutical Preparations,Nasdaq screener download,2026-08-09T14:32:06+00:00
SIGI,金融,Finance,Property-Casualty Insurers,Nasdaq screener download,2026-08-09T14:32:06+00:00
SILC,通信服务,Telecommunications,Computer Communications Equipment,Nasdaq screener download,2026-08-09T14:32:06+00:00
SILO,医疗保健,Health Care,Biotechnology: Pharmaceutical Preparations,Nasdaq screener download,2026-08-09T14:32:06+00:00
SINT,医疗保健,Health Care,Medical/Dental Instruments,Nasdaq screener download,2026-08-09T14:32:06+00:00
SION,医疗保健,Health Care,Biotechnology: Pharmaceutical Preparations,Nasdaq screener download,2026-08-09T14:32:06+00:00
SIRI,非必需消费,Consumer Discretionary,Broadcasting,Nasdaq screener download,2026-08-09T14:32:06+00:00
SITM,信息技术,Technology,Semiconductors,Nasdaq screener download,2026-08-09T14:32:06+00:00
SJ,信息技术,Technology,EDP Services,Nasdaq screener download,2026-08-09T14:32:06+00:00
SKIN,医疗保健,Health Care,Medical/Dental Instruments,Nasdaq screener download,2026-08-09T14:32:06+00:00
SKK,工业,Industrials,Water Sewer Pipeline Comm & Power Line Construction,Nasdaq screener download,2026-08-09T14:32:06+00:00
SKWD,金融,Finance,Property-Casualty Insurers,Nasdaq screener download,2026-08-09T14:32:06+00:00
SKYA,医疗保健,Health Care,Medical/Dental Instruments,Nasdaq screener download,2026-08-09T14:32:06+00:00
SKYE,医疗保健,Health Care,Biotechnology: Pharmaceutical Preparations,Nasdaq screener download,2026-08-09T14:32:06+00:00
SKYQ,工业,Industrials,Environmental Services,Nasdaq screener download,2026-08-09T14:32:06+00:00
SKYW,非必需消费,Consumer Discretionary,Air Freight/Delivery Services,Nasdaq screener download,2026-08-09T14:32:06+00:00
SKYX,非必需消费,Consumer Discretionary,Building Products,Nasdaq screener download,2026-08-09T14:32:06+00:00
SLAB,信息技术,Technology,Semiconductors,Nasdaq screener download,2026-08-09T14:32:06+00:00
SLBT,医疗保健,Health Care,Biotechnology: Biological Products (No Diagnostic Substances),Nasdaq screener download,2026-08-09T14:32:06+00:00
SLDB,医疗保健,Health Care,Biotechnology: Biological Products (No Diagnostic Substances),Nasdaq screener download,2026-08-09T14:32:06+00:00
SLDE,金融,Finance,Property-Casualty Insurers,Nasdaq screener download,2026-08-09T14:32:06+00:00
SLE,信息技术,Technology,EDP Services,Nasdaq screener download,2026-08-09T14:32:06+00:00
SLGB,工业,Industrials,Integrated Freight & Logistics,Nasdaq screener download,2026-08-09T14:32:06+00:00
SLGL,医疗保健,Health Care,Biotechnology: Pharmaceutical Preparations,Nasdaq screener download,2026-08-09T14:32:06+00:00
SLM,金融,Finance,Finance: Consumer Services,Nasdaq screener download,2026-08-09T14:32:06+00:00
SLMT,非必需消费,Consumer Discretionary,Services-Misc. Amusement & Recreation,Nasdaq screener download,2026-08-09T14:32:06+00:00
SLNG,公用事业,Utilities,Oil/Gas Transmission,Nasdaq screener download,2026-08-09T14:32:06+00:00
SLNH,信息技术,Technology,EDP Services,Nasdaq screener download,2026-08-09T14:32:06+00:00
SLP,信息技术,Technology,EDP Services,Nasdaq screener download,2026-08-09T14:32:06+00:00
SLRC,金融,Finance,Finance/Investors Services,Nasdaq screener download,2026-08-09T14:32:06+00:00
SLS,医疗保健,Health Care,Biotechnology: Pharmaceutical Preparations,Nasdaq screener download,2026-08-09T14:32:06+00:00
SLSN,非必需消费,Consumer Discretionary,Package Goods/Cosmetics,Nasdaq screener download,2026-08-09T14:32:06+00:00
SLXN,医疗保健,Health Care,Biotechnology: Biological Products (No Diagnostic Substances),Nasdaq screener download,2026-08-09T14:32:06+00:00
SMBC,金融,Finance,Banks,Nasdaq screener download,2026-08-09T14:32:06+00:00
SMCI,信息技术,Technology,Computer Manufacturing,Nasdaq screener download,2026-08-09T14:32:06+00:00
SMID,工业,Industrials,Building Materials,Nasdaq screener download,2026-08-09T14:32:06+00:00
SMMT,医疗保健,Health Care,Biotechnology: Pharmaceutical Preparations,Nasdaq screener download,2026-08-09T14:32:06+00:00
SMPL,必需消费,Consumer Staples,Packaged Foods,Nasdaq screener download,2026-08-09T14:32:06+00:00
SMSI,信息技术,Technology,Computer Software: Prepackaged Software,Nasdaq screener download,2026-08-09T14:32:06+00:00
SMTC,信息技术,Technology,Semiconductors,Nasdaq screener download,2026-08-09T14:32:06+00:00
SMTI,医疗保健,Health Care,Industrial Specialties,Nasdaq screener download,2026-08-09T14:32:06+00:00
SMTK,信息技术,Technology,Semiconductors,Nasdaq screener download,2026-08-09T14:32:06+00:00
SMX,信息技术,Technology,Industrial Machinery/Components,Nasdaq screener download,2026-08-09T14:32:06+00:00
SMXT,非必需消费,Consumer Discretionary,Engineering & Construction,Nasdaq screener download,2026-08-09T14:32:06+00:00
SNAL,信息技术,Technology,Computer Software: Prepackaged Software,Nasdaq screener download,2026-08-09T14:32:06+00:00
SND,工业,Industrials,Mining & Quarrying of Nonmetallic Minerals (No Fuels),Nasdaq screener download,2026-08-09T14:32:06+00:00
SNDK,信息技术,Technology,Electronic Components,Nasdaq screener download,2026-08-09T14:32:06+00:00
SNDX,医疗保健,Health Care,Biotechnology: Pharmaceutical Preparations,Nasdaq screener download,2026-08-09T14:32:06+00:00
SNES,工业,Industrials,Agricultural Chemicals,Nasdaq screener download,2026-08-09T14:32:06+00:00
SNEX,金融,Finance,Investment Bankers/Brokers/Service,Nasdaq screener download,2026-08-09T14:32:06+00:00
SNFCA,金融,Finance,Finance: Consumer Services,Nasdaq screener download,2026-08-09T14:32:06+00:00
SNGX,医疗保健,Health Care,Biotechnology: Pharmaceutical Preparations,Nasdaq screener download,2026-08-09T14:32:06+00:00
SNOA,医疗保健,Health Care,Medical/Dental Instruments,Nasdaq screener download,2026-08-09T14:32:06+00:00
SNPS,信息技术,Technology,Computer Software: Prepackaged Software,Nasdaq screener download,2026-08-09T14:32:06+00:00
SNTG,金融,Finance,Finance: Consumer Services,Nasdaq screener download,2026-08-09T14:32:06+00:00
SNTI,医疗保健,Health Care,Biotechnology: Biological Products (No Diagnostic Substances),Nasdaq screener download,2026-08-09T14:32:06+00:00
SNWV,医疗保健,Health Care,Medical/Dental Instruments,Nasdaq screener download,2026-08-09T14:32:06+00:00
SNYR,医疗保健,Health Care,Other Pharmaceuticals,Nasdaq screener download,2026-08-09T14:32:06+00:00
SOBR,非必需消费,Consumer Discretionary,Newspapers/Magazines,Nasdaq screener download,2026-08-09T14:32:06+00:00
SOFI,金融,Finance,Finance: Consumer Services,Nasdaq screener download,2026-08-09T14:32:06+00:00
SOLS,工业,Industrials,Major Chemicals,Nasdaq screener download,2026-08-09T14:32:06+00:00
SONM,公用事业,Utilities,Telecommunications Equipment,Nasdaq screener download,2026-08-09T14:32:06+00:00
SONO,必需消费,Consumer Staples,Consumer Electronics/Appliances,Nasdaq screener download,2026-08-09T14:32:06+00:00
SOPH,信息技术,Technology,EDP Services,Nasdaq screener download,2026-08-09T14:32:06+00:00
SORA,工业,Industrials,Other Specialty Stores,Nasdaq screener download,2026-08-09T14:32:06+00:00
SORN,金融,Finance,Blank Checks,Nasdaq screener download,2026-08-09T14:32:06+00:00
SOTK,信息技术,Technology,Industrial Machinery/Components,Nasdaq screener download,2026-08-09T14:32:06+00:00
SOUN,信息技术,Technology,Computer Software: Prepackaged Software,Nasdaq screener download,2026-08-09T14:32:06+00:00
SOWG,必需消费,Consumer Staples,Packaged Foods,Nasdaq screener download,2026-08-09T14:32:06+00:00
SPAI,医疗保健,Health Care,Industrial Specialties,Nasdaq screener download,2026-08-09T14:32:06+00:00
SPCB,信息技术,Technology,Semiconductors,Nasdaq screener download,2026-08-09T14:32:06+00:00
SPCX,信息技术,Technology,Computer Software: Programming Data Processing,Nasdaq screener download,2026-08-09T14:32:06+00:00
SPFI,金融,Finance,Major Banks,Nasdaq screener download,2026-08-09T14:32:06+00:00
SPHL,非必需消费,Consumer Discretionary,Homebuilding,Nasdaq screener download,2026-08-09T14:32:06+00:00
SPOK,通信服务,Telecommunications,Telecommunications Equipment,Nasdaq screener download,2026-08-09T14:32:06+00:00
SPPL,非必需消费,Consumer Discretionary,Diversified Commercial Services,Nasdaq screener download,2026-08-09T14:32:06+00:00
SPRB,医疗保健,Health Care,Biotechnology: Pharmaceutical Preparations,Nasdaq screener download,2026-08-09T14:32:06+00:00
SPRC,医疗保健,Health Care,Biotechnology: Pharmaceutical Preparations,Nasdaq screener download,2026-08-09T14:32:06+00:00
SPRO,医疗保健,Health Care,Biotechnology: Pharmaceutical Preparations,Nasdaq screener download,2026-08-09T14:32:06+00:00
SPRY,医疗保健,Health Care,Biotechnology: Pharmaceutical Preparations,Nasdaq screener download,2026-08-09T14:32:06+00:00
SPSC,信息技术,Technology,Computer Software: Prepackaged Software,Nasdaq screener download,2026-08-09T14:32:06+00:00
SPT,信息技术,Technology,Computer Software: Prepackaged Software,Nasdaq screener download,2026-08-09T14:32:06+00:00
SPTX,医疗保健,Health Care,Biotechnology: Pharmaceutical Preparations,Nasdaq screener download,2026-08-09T14:32:06+00:00
SPWH,非必需消费,Consumer Discretionary,Other Specialty Stores,Nasdaq screener download,2026-08-09T14:32:06+00:00
SPWR,信息技术,Technology,Semiconductors,Nasdaq screener download,2026-08-09T14:32:06+00:00
SRAD,信息技术,Technology,Computer Software: Programming Data Processing,Nasdaq screener download,2026-08-09T14:32:06+00:00
SRBK,金融,Finance,Banks,Nasdaq screener download,2026-08-09T14:32:06+00:00
SRCE,金融,Finance,Major Banks,Nasdaq screener download,2026-08-09T14:32:06+00:00
SRPT,医疗保健,Health Care,Biotechnology: Pharmaceutical Preparations,Nasdaq screener download,2026-08-09T14:32:06+00:00
SRRK,医疗保健,Health Care,Biotechnology: Biological Products (No Diagnostic Substances),Nasdaq screener download,2026-08-09T14:32:06+00:00
SRTA,医疗保健,Health Care,Medical/Nursing Services,Nasdaq screener download,2026-08-09T14:32:06+00:00
SRTS,医疗保健,Health Care,Medical/Dental Instruments,Nasdaq screener download,2026-08-09T14:32:06+00:00
SRZN,医疗保健,Health Care,Biotechnology: Biological Products (No Diagnostic Substances),Nasdaq screener download,2026-08-09T14:32:06+00:00
SSAC,金融,Finance,Blank Checks,Nasdaq screener download,2026-08-09T14:32:06+00:00
SSBI,金融,Finance,Major Banks,Nasdaq screener download,2026-08-09T14:32:06+00:00
SSEA,金融,Finance,Blank Checks,Nasdaq screener download,2026-08-09T14:32:06+00:00
SSII,医疗保健,Health Care,Medical/Dental Instruments,Nasdaq screener download,2026-08-09T14:32:06+00:00
SSM,信息技术,Technology,Semiconductors,Nasdaq screener download,2026-08-09T14:32:06+00:00
SSNC,信息技术,Technology,Computer Software: Prepackaged Software,Nasdaq screener download,2026-08-09T14:32:06+00:00
SSP,工业,Industrials,Broadcasting,Nasdaq screener download,2026-08-09T14:32:06+00:00
SSRM,工业,Industrials,Precious Metals,Nasdaq screener download,2026-08-09T14:32:06+00:00
SSTI,信息技术,Technology,Computer Software: Prepackaged Software,Nasdaq screener download,2026-08-09T14:32:06+00:00
SSYS,信息技术,Technology,Computer peripheral equipment,Nasdaq screener download,2026-08-09T14:32:06+00:00
STAA,医疗保健,Health Care,Ophthalmic Goods,Nasdaq screener download,2026-08-09T14:32:06+00:00
STAK,非必需消费,Consumer Discretionary,Oil and Gas Field Machinery,Nasdaq screener download,2026-08-09T14:32:06+00:00
STBA,金融,Finance,Major Banks,Nasdaq screener download,2026-08-09T14:32:06+00:00
STEP,金融,Finance,Investment Managers,Nasdaq screener download,2026-08-09T14:32:06+00:00
STEX,医疗保健,Health Care,Biotechnology: Electromedical & Electrotherapeutic Apparatus,Nasdaq screener download,2026-08-09T14:32:06+00:00
STFS,非必需消费,Consumer Discretionary,Advertising,Nasdaq screener download,2026-08-09T14:32:06+00:00
STGW,非必需消费,Consumer Discretionary,Advertising,Nasdaq screener download,2026-08-09T14:32:06+00:00
STIM,医疗保健,Health Care,Medical/Dental Instruments,Nasdaq screener download,2026-08-09T14:32:06+00:00
STKS,非必需消费,Consumer Discretionary,Restaurants,Nasdaq screener download,2026-08-09T14:32:06+00:00
STOK,医疗保健,Health Care,Biotechnology: Pharmaceutical Preparations,Nasdaq screener download,2026-08-09T14:32:06+00:00
STRA,房地产,Real Estate,Other Consumer Services,Nasdaq screener download,2026-08-09T14:32:06+00:00
STRL,工业,Industrials,Military/Government/Technical,Nasdaq screener download,2026-08-09T14:32:06+00:00
STRO,医疗保健,Health Care,Biotechnology: Biological Products (No Diagnostic Substances),Nasdaq screener download,2026-08-09T14:32:06+00:00
STRR,非必需消费,Consumer Discretionary,Professional Services,Nasdaq screener download,2026-08-09T14:32:06+00:00
STRS,房地产,Real Estate,Homebuilding,Nasdaq screener download,2026-08-09T14:32:06+00:00
STRT,非必需消费,Consumer Discretionary,Auto Parts:O.E.M.,Nasdaq screener download,2026-08-09T14:32:06+00:00
STTK,医疗保健,Health Care,Biotechnology: Pharmaceutical Preparations,Nasdaq screener download,2026-08-09T14:32:06+00:00
STX,信息技术,Technology,Electronic Components,Nasdaq screener download,2026-08-09T14:32:06+00:00
SUGP,非必需消费,Consumer Discretionary,Diversified Commercial Services,Nasdaq screener download,2026-08-09T14:32:06+00:00
SUIG,金融,Finance,Finance: Consumer Services,Nasdaq screener download,2026-08-09T14:32:06+00:00
SUJA,必需消费,Consumer Staples,Beverages (Production/Distribution),Nasdaq screener download,2026-08-09T14:32:06+00:00
SUNE,非必需消费,Consumer Discretionary,Engineering & Construction,Nasdaq screener download,2026-08-09T14:32:06+00:00
SUPN,医疗保健,Health Care,Biotechnology: Pharmaceutical Preparations,Nasdaq screener download,2026-08-09T14:32:06+00:00
SURG,非必需消费,Consumer Discretionary,Advertising,Nasdaq screener download,2026-08-09T14:32:06+00:00
SVAQ,金融,Finance,Blank Checks,Nasdaq screener download,2026-08-09T14:32:06+00:00
SVCO,信息技术,Technology,Computer Software: Prepackaged Software,Nasdaq screener download,2026-08-09T14:32:06+00:00
SVIV,金融,Finance,Blank Checks,Nasdaq screener download,2026-08-09T14:32:06+00:00
SVRA,医疗保健,Health Care,Biotechnology: Pharmaceutical Preparations,Nasdaq screener download,2026-08-09T14:32:06+00:00
SVRN,非必需消费,Consumer Discretionary,Marine Transportation,Nasdaq screener download,2026-08-09T14:32:06+00:00
SWAG,非必需消费,Consumer Discretionary,Advertising,Nasdaq screener download,2026-08-09T14:32:06+00:00
SWBI,工业,Industrials,Ordnance And Accessories,Nasdaq screener download,2026-08-09T14:32:06+00:00
SWIM,工业,Industrials,Plastic Products,Nasdaq screener download,2026-08-09T14:32:06+00:00
SWKS,信息技术,Technology,Semiconductors,Nasdaq screener download,2026-08-09T14:32:06+00:00
SWMR,信息技术,Technology,Computer Software: Prepackaged Software,Nasdaq screener download,2026-08-09T14:32:06+00:00
SXTC,医疗保健,Health Care,Biotechnology: Pharmaceutical Preparations,Nasdaq screener download,2026-08-09T14:32:06+00:00
SXTP,医疗保健,Health Care,Biotechnology: Pharmaceutical Preparations,Nasdaq screener download,2026-08-09T14:32:06+00:00
SYBT,金融,Finance,Major Banks,Nasdaq screener download,2026-08-09T14:32:06+00:00
SYM,工业,Industrials,Industrial Machinery/Components,Nasdaq screener download,2026-08-09T14:32:06+00:00
SYNA,信息技术,Technology,Semiconductors,Nasdaq screener download,2026-08-09T14:32:06+00:00
SYPR,工业,Industrials,Industrial Machinery/Components,Nasdaq screener download,2026-08-09T14:32:06+00:00
SYRE,医疗保健,Health Care,Biotechnology: Pharmaceutical Preparations,Nasdaq screener download,2026-08-09T14:32:06+00:00
SZZL,金融,Finance,Blank Checks,Nasdaq screener download,2026-08-09T14:32:06+00:00
TACH,金融,Finance,Blank Checks,Nasdaq screener download,2026-08-09T14:32:06+00:00
TACO,金融,Finance,Blank Checks,Nasdaq screener download,2026-08-09T14:32:06+00:00
TACT,信息技术,Technology,Computer peripheral equipment,Nasdaq screener download,2026-08-09T14:32:06+00:00
TALK,医疗保健,Health Care,Medical/Nursing Services,Nasdaq screener download,2026-08-09T14:32:06+00:00
TAOP,信息技术,Technology,Computer Software: Prepackaged Software,Nasdaq screener download,2026-08-09T14:32:06+00:00
TAOX,金融,Finance,Finance: Consumer Services,Nasdaq screener download,2026-08-09T14:32:06+00:00
TARA,医疗保健,Health Care,Biotechnology: Biological Products (No Diagnostic Substances),Nasdaq screener download,2026-08-09T14:32:06+00:00
TARS,医疗保健,Health Care,Biotechnology: Biological Products (No Diagnostic Substances),Nasdaq screener download,2026-08-09T14:32:06+00:00
TASK,信息技术,Technology,EDP Services,Nasdaq screener download,2026-08-09T14:32:06+00:00
TATT,工业,Industrials,Aerospace,Nasdaq screener download,2026-08-09T14:32:06+00:00
TAVI,金融,Finance,Blank Checks,Nasdaq screener download,2026-08-09T14:32:06+00:00
TAYD,工业,Industrials,Industrial Machinery/Components,Nasdaq screener download,2026-08-09T14:32:06+00:00
TBBK,金融,Finance,Major Banks,Nasdaq screener download,2026-08-09T14:32:06+00:00
TBCH,通信服务,Telecommunications,Telecommunications Equipment,Nasdaq screener download,2026-08-09T14:32:06+00:00
TBLA,信息技术,Technology,Computer Software: Programming Data Processing,Nasdaq screener download,2026-08-09T14:32:06+00:00
TBPH,医疗保健,Health Care,Biotechnology: Pharmaceutical Preparations,Nasdaq screener download,2026-08-09T14:32:06+00:00
TCBI,金融,Finance,Major Banks,Nasdaq screener download,2026-08-09T14:32:06+00:00
TCBK,金融,Finance,Major Banks,Nasdaq screener download,2026-08-09T14:32:06+00:00
TCMD,医疗保健,Health Care,Medical/Dental Instruments,Nasdaq screener download,2026-08-09T14:32:06+00:00
TCPC,金融,Finance,Finance/Investors Services,Nasdaq screener download,2026-08-09T14:32:06+00:00
TCRT,医疗保健,Health Care,Biotechnology: Pharmaceutical Preparations,Nasdaq screener download,2026-08-09T14:32:06+00:00
TCRX,医疗保健,Health Care,Biotechnology: Biological Products (No Diagnostic Substances),Nasdaq screener download,2026-08-09T14:32:06+00:00
TCX,信息技术,Technology,EDP Services,Nasdaq screener download,2026-08-09T14:32:06+00:00
TDIC,非必需消费,Consumer Discretionary,Other Consumer Services,Nasdaq screener download,2026-08-09T14:32:06+00:00
TDTH,非必需消费,Consumer Discretionary,Business Services,Nasdaq screener download,2026-08-09T14:32:06+00:00
TDUP,非必需消费,Consumer Discretionary,Catalog/Specialty Distribution,Nasdaq screener download,2026-08-09T14:32:06+00:00
TDWD,金融,Finance,Blank Checks,Nasdaq screener download,2026-08-09T14:32:06+00:00
TEAD,信息技术,Technology,Computer Software: Programming Data Processing,Nasdaq screener download,2026-08-09T14:32:06+00:00
TEAM,信息技术,Technology,Computer Software: Prepackaged Software,Nasdaq screener download,2026-08-09T14:32:06+00:00
TECH,医疗保健,Health Care,Biotechnology: Biological Products (No Diagnostic Substances),Nasdaq screener download,2026-08-09T14:32:06+00:00
TECX,医疗保健,Health Care,Biotechnology: Biological Products (No Diagnostic Substances),Nasdaq screener download,2026-08-09T14:32:06+00:00
TELA,医疗保健,Health Care,Medical/Dental Instruments,Nasdaq screener download,2026-08-09T14:32:06+00:00
TELO,医疗保健,Health Care,Biotechnology: Pharmaceutical Preparations,Nasdaq screener download,2026-08-09T14:32:06+00:00
TEM,信息技术,Technology,Computer Software: Programming Data Processing,Nasdaq screener download,2026-08-09T14:32:06+00:00
TENB,信息技术,Technology,Computer Software: Prepackaged Software,Nasdaq screener download,2026-08-09T14:32:06+00:00
TENX,医疗保健,Health Care,Biotechnology: Pharmaceutical Preparations,Nasdaq screener download,2026-08-09T14:32:06+00:00
TER,工业,Industrials,Electrical Products,Nasdaq screener download,2026-08-09T14:32:06+00:00
TFSL,金融,Finance,Savings Institutions,Nasdaq screener download,2026-08-09T14:32:06+00:00
TGHL,信息技术,Technology,EDP Services,Nasdaq screener download,2026-08-09T14:32:06+00:00
TGL,非必需消费,Consumer Discretionary,Business Services,Nasdaq screener download,2026-08-09T14:32:06+00:00
TGTX,医疗保健,Health Care,Biotechnology: Pharmaceutical Preparations,Nasdaq screener download,2026-08-09T14:32:06+00:00
TH,非必需消费,Consumer Discretionary,Hotels/Resorts,Nasdaq screener download,2026-08-09T14:32:06+00:00
THCH,非必需消费,Consumer Discretionary,Restaurants,Nasdaq screener download,2026-08-09T14:32:06+00:00
THFF,金融,Finance,Major Banks,Nasdaq screener download,2026-08-09T14:32:06+00:00
THH,非必需消费,Consumer Discretionary,Services-Misc. Amusement & Recreation,Nasdaq screener download,2026-08-09T14:32:06+00:00
THRM,非必需消费,Consumer Discretionary,Auto Parts:O.E.M.,Nasdaq screener download,2026-08-09T14:32:06+00:00
THRY,非必需消费,Consumer Discretionary,Advertising,Nasdaq screener download,2026-08-09T14:32:06+00:00
TIGO,通信服务,Telecommunications,Telecommunications Equipment,Nasdaq screener download,2026-08-09T14:32:06+00:00
TIL,医疗保健,Health Care,Biotechnology: Biological Products (No Diagnostic Substances),Nasdaq screener download,2026-08-09T14:32:06+00:00
TILE,非必需消费,Consumer Discretionary,Home Furnishings,Nasdaq screener download,2026-08-09T14:32:06+00:00
TIPT,金融,Finance,Property-Casualty Insurers,Nasdaq screener download,2026-08-09T14:32:06+00:00
TITN,非必需消费,Consumer Discretionary,Other Specialty Stores,Nasdaq screener download,2026-08-09T14:32:06+00:00
TJGC,非必需消费,Consumer Discretionary,Advertising,Nasdaq screener download,2026-08-09T14:32:06+00:00
TKNO,医疗保健,Health Care,Biotechnology: In Vitro & In Vivo Diagnostic Substances,Nasdaq screener download,2026-08-09T14:32:06+00:00
TLF,非必需消费,Consumer Discretionary,Apparel,Nasdaq screener download,2026-08-09T14:32:06+00:00
TLIH,非必需消费,Consumer Discretionary,Industrial Specialties,Nasdaq screener download,2026-08-09T14:32:06+00:00
TLN,公用事业,Utilities,Electric Utilities: Central,Nasdaq screener download,2026-08-09T14:32:06+00:00
TLNC,金融,Finance,Blank Checks,Nasdaq screener download,2026-08-09T14:32:06+00:00
TLPH,医疗保健,Health Care,Biotechnology: Pharmaceutical Preparations,Nasdaq screener download,2026-08-09T14:32:06+00:00
TLRY,医疗保健,Health Care,Medicinal Chemicals and Botanical Products,Nasdaq screener download,2026-08-09T14:32:06+00:00
TLS,信息技术,Technology,EDP Services,Nasdaq screener download,2026-08-09T14:32:06+00:00
TLSI,医疗保健,Health Care,Medical Specialities,Nasdaq screener download,2026-08-09T14:32:06+00:00
TMC,原材料,Basic Materials,Metal Mining,Nasdaq screener download,2026-08-09T14:32:06+00:00
TMCI,医疗保健,Health Care,Medical/Dental Instruments,Nasdaq screener download,2026-08-09T14:32:06+00:00
TMCR,原材料,Basic Materials,Precious Metals,Nasdaq screener download,2026-08-09T14:32:06+00:00
TMDX,医疗保健,Health Care,Biotechnology: Electromedical & Electrotherapeutic Apparatus,Nasdaq screener download,2026-08-09T14:32:06+00:00
TMUS,通信服务,Telecommunications,Telecommunications Equipment,Nasdaq screener download,2026-08-09T14:32:06+00:00
TNDM,医疗保健,Health Care,Medical/Dental Instruments,Nasdaq screener download,2026-08-09T14:32:06+00:00
TNMG,非必需消费,Consumer Discretionary,Advertising,Nasdaq screener download,2026-08-09T14:32:06+00:00
TNON,医疗保健,Health Care,Medical/Dental Instruments,Nasdaq screener download,2026-08-09T14:32:06+00:00
TNXP,医疗保健,Health Care,Biotechnology: Pharmaceutical Preparations,Nasdaq screener download,2026-08-09T14:32:06+00:00
TNYA,医疗保健,Health Care,Biotechnology: Biological Products (No Diagnostic Substances),Nasdaq screener download,2026-08-09T14:32:06+00:00
TOMZ,工业,Industrials,Major Chemicals,Nasdaq screener download,2026-08-09T14:32:06+00:00
TONX,金融,Finance,Finance: Consumer Services,Nasdaq screener download,2026-08-09T14:32:06+00:00
TOP,金融,Finance,Investment Bankers/Brokers/Service,Nasdaq screener download,2026-08-09T14:32:06+00:00
TORO,非必需消费,Consumer Discretionary,Marine Transportation,Nasdaq screener download,2026-08-09T14:32:06+00:00
TOWN,金融,Finance,Major Banks,Nasdaq screener download,2026-08-09T14:32:06+00:00
TOYO,非必需消费,Consumer Discretionary,Miscellaneous manufacturing industries,Nasdaq screener download,2026-08-09T14:32:06+00:00
TPCS,工业,Industrials,Metal Fabrications,Nasdaq screener download,2026-08-09T14:32:06+00:00
TPG,金融,Finance,Investment Managers,Nasdaq screener download,2026-08-09T14:32:06+00:00
TPST,医疗保健,Health Care,Biotechnology: Pharmaceutical Preparations,Nasdaq screener download,2026-08-09T14:32:06+00:00
TRAW,医疗保健,Health Care,Biotechnology: Pharmaceutical Preparations,Nasdaq screener download,2026-08-09T14:32:06+00:00
TRAX,医疗保健,Health Care,Biotechnology: Pharmaceutical Preparations,Nasdaq screener download,2026-08-09T14:32:06+00:00
TRDA,医疗保健,Health Care,Biotechnology: Pharmaceutical Preparations,Nasdaq screener download,2026-08-09T14:32:06+00:00
TREE,金融,Finance,Finance: Consumer Services,Nasdaq screener download,2026-08-09T14:32:06+00:00
TRGS,金融,Finance,Blank Checks,Nasdaq screener download,2026-08-09T14:32:06+00:00
TRIP,信息技术,Technology,Computer Software: Programming Data Processing,Nasdaq screener download,2026-08-09T14:32:06+00:00
TRMB,工业,Industrials,Industrial Machinery/Components,Nasdaq screener download,2026-08-09T14:32:06+00:00
TRMD,非必需消费,Consumer Discretionary,Marine Transportation,Nasdaq screener download,2026-08-09T14:32:06+00:00
TRNR,信息技术,Technology,Consumer Electronics/Appliances,Nasdaq screener download,2026-08-09T14:32:06+00:00
TRNS,工业,Industrials,Electrical Products,Nasdaq screener download,2026-08-09T14:32:06+00:00
TRON,金融,Finance,Finance: Consumer Services,Nasdaq screener download,2026-08-09T14:32:06+00:00
TROO,金融,Finance,Diversified Financial Services,Nasdaq screener download,2026-08-09T14:32:06+00:00
TROW,金融,Finance,Investment Managers,Nasdaq screener download,2026-08-09T14:32:06+00:00
TRS,工业,Industrials,Industrial Specialties,Nasdaq screener download,2026-08-09T14:32:06+00:00
TRSG,工业,Industrials,Industrial Machinery/Components,Nasdaq screener download,2026-08-09T14:32:06+00:00
TRUG,非必需消费,Consumer Discretionary,Recreational Games/Products/Toys,Nasdaq screener download,2026-08-09T14:32:06+00:00
TRUP,医疗保健,Health Care,Medical Specialities,Nasdaq screener download,2026-08-09T14:32:06+00:00
TRVI,医疗保健,Health Care,Biotechnology: Pharmaceutical Preparations,Nasdaq screener download,2026-08-09T14:32:06+00:00
TSBK,金融,Finance,Banks,Nasdaq screener download,2026-08-09T14:32:06+00:00
TSCO,非必需消费,Consumer Discretionary,RETAIL: Building Materials,Nasdaq screener download,2026-08-09T14:32:06+00:00
TSEM,信息技术,Technology,Semiconductors,Nasdaq screener download,2026-08-09T14:32:06+00:00
TSHA,医疗保健,Health Care,Biotechnology: Biological Products (No Diagnostic Substances),Nasdaq screener download,2026-08-09T14:32:06+00:00
TSLA,工业,Industrials,Auto Manufacturing,Nasdaq screener download,2026-08-09T14:32:06+00:00
TSSI,非必需消费,Consumer Discretionary,Professional Services,Nasdaq screener download,2026-08-09T14:32:06+00:00
TTAN,信息技术,Technology,Computer Software: Prepackaged Software,Nasdaq screener download,2026-08-09T14:32:06+00:00
TTD,信息技术,Technology,Computer Software: Programming Data Processing,Nasdaq screener download,2026-08-09T14:32:06+00:00
TTEC,非必需消费,Consumer Discretionary,Professional Services,Nasdaq screener download,2026-08-09T14:32:06+00:00
TTEK,非必需消费,Consumer Discretionary,Military/Government/Technical,Nasdaq screener download,2026-08-09T14:32:06+00:00
TTGT,通信服务,Telecommunications,Telecommunications Equipment,Nasdaq screener download,2026-08-09T14:32:06+00:00
TTMI,信息技术,Technology,Electrical Products,Nasdaq screener download,2026-08-09T14:32:06+00:00
TTRX,医疗保健,Health Care,Biotechnology: Pharmaceutical Preparations,Nasdaq screener download,2026-08-09T14:32:06+00:00
TTWO,信息技术,Technology,Computer Software: Prepackaged Software,Nasdaq screener download,2026-08-09T14:32:06+00:00
TULP,必需消费,Consumer Staples,Farming/Seeds/Milling,Nasdaq screener download,2026-08-09T14:32:06+00:00
TUSK,能源,Energy,Oilfield Services/Equipment,Nasdaq screener download,2026-08-09T14:32:06+00:00
TVGN,医疗保健,Health Care,Biotechnology: Biological Products (No Diagnostic Substances),Nasdaq screener download,2026-08-09T14:32:06+00:00
TVRD,医疗保健,Health Care,Biotechnology: Pharmaceutical Preparations,Nasdaq screener download,2026-08-09T14:32:06+00:00
TVTX,医疗保健,Health Care,Biotechnology: Pharmaceutical Preparations,Nasdaq screener download,2026-08-09T14:32:06+00:00
TW,金融,Finance,Investment Bankers/Brokers/Service,Nasdaq screener download,2026-08-09T14:32:06+00:00
TWAV,信息技术,Technology,Computer Software: Programming Data Processing,Nasdaq screener download,2026-08-09T14:32:06+00:00
TWFG,金融,Finance,Specialty Insurers,Nasdaq screener download,2026-08-09T14:32:06+00:00
TWG,必需消费,Consumer Staples,Packaged Foods,Nasdaq screener download,2026-08-09T14:32:06+00:00
TWIN,工业,Industrials,Industrial Machinery/Components,Nasdaq screener download,2026-08-09T14:32:06+00:00
TWLV,金融,Finance,Blank Checks,Nasdaq screener download,2026-08-09T14:32:06+00:00
TWST,医疗保健,Health Care,Biotechnology: Biological Products (No Diagnostic Substances),Nasdaq screener download,2026-08-09T14:32:06+00:00
TXG,工业,Industrials,Biotechnology: Laboratory Analytical Instruments,Nasdaq screener download,2026-08-09T14:32:06+00:00
TXMD,医疗保健,Health Care,Biotechnology: Pharmaceutical Preparations,Nasdaq screener download,2026-08-09T14:32:06+00:00
TXN,信息技术,Technology,Semiconductors,Nasdaq screener download,2026-08-09T14:32:06+00:00
TXRH,非必需消费,Consumer Discretionary,Restaurants,Nasdaq screener download,2026-08-09T14:32:06+00:00
TYGO,信息技术,Technology,Semiconductors,Nasdaq screener download,2026-08-09T14:32:06+00:00
TYRA,医疗保健,Health Care,Biotechnology: Pharmaceutical Preparations,Nasdaq screener download,2026-08-09T14:32:06+00:00
TZOO,非必需消费,Consumer Discretionary,Advertising,Nasdaq screener download,2026-08-09T14:32:06+00:00
UCTT,信息技术,Technology,Semiconductors,Nasdaq screener download,2026-08-09T14:32:06+00:00
UEIC,必需消费,Consumer Staples,Consumer Electronics/Appliances,Nasdaq screener download,2026-08-09T14:32:06+00:00
UFG,能源,Energy,Oil Refining/Marketing,Nasdaq screener download,2026-08-09T14:32:06+00:00
UFPI,原材料,Basic Materials,Forest Products,Nasdaq screener download,2026-08-09T14:32:06+00:00
UFPT,医疗保健,Health Care,Medical/Dental Instruments,Nasdaq screener download,2026-08-09T14:32:06+00:00
UK,非必需消费,Consumer Discretionary,Business Services,Nasdaq screener download,2026-08-09T14:32:06+00:00
ULCC,非必需消费,Consumer Discretionary,Air Freight/Delivery Services,Nasdaq screener download,2026-08-09T14:32:06+00:00
ULH,工业,Industrials,Trucking Freight/Courier Services,Nasdaq screener download,2026-08-09T14:32:06+00:00
ULTA,非必需消费,Consumer Discretionary,Other Specialty Stores,Nasdaq screener download,2026-08-09T14:32:06+00:00
UMBF,金融,Finance,Major Banks,Nasdaq screener download,2026-08-09T14:32:06+00:00
UNB,金融,Finance,Major Banks,Nasdaq screener download,2026-08-09T14:32:06+00:00
UNCY,医疗保健,Health Care,Biotechnology: Pharmaceutical Preparations,Nasdaq screener download,2026-08-09T14:32:06+00:00
UONE,非必需消费,Consumer Discretionary,Broadcasting,Nasdaq screener download,2026-08-09T14:32:06+00:00
UONEK,非必需消费,Consumer Discretionary,Broadcasting,Nasdaq screener download,2026-08-09T14:32:06+00:00
UPB,医疗保健,Health Care,Biotechnology: Pharmaceutical Preparations,Nasdaq screener download,2026-08-09T14:32:06+00:00
UPBD,非必需消费,Consumer Discretionary,Diversified Commercial Services,Nasdaq screener download,2026-08-09T14:32:06+00:00
UPC,医疗保健,Health Care,Biotechnology: Pharmaceutical Preparations,Nasdaq screener download,2026-08-09T14:32:06+00:00
UPLD,信息技术,Technology,Computer Software: Prepackaged Software,Nasdaq screener download,2026-08-09T14:32:06+00:00
UPST,金融,Finance,Finance: Consumer Services,Nasdaq screener download,2026-08-09T14:32:06+00:00
UPWK,信息技术,Technology,EDP Services,Nasdaq screener download,2026-08-09T14:32:06+00:00
UPXI,金融,Finance,Finance: Consumer Services,Nasdaq screener download,2026-08-09T14:32:06+00:00
URBN,非必需消费,Consumer Discretionary,Clothing/Shoe/Accessory Stores,Nasdaq screener download,2026-08-09T14:32:06+00:00
URGN,医疗保健,Health Care,Biotechnology: Pharmaceutical Preparations,Nasdaq screener download,2026-08-09T14:32:06+00:00
UROY,金融,Finance,Investment Bankers/Brokers/Service,Nasdaq screener download,2026-08-09T14:32:06+00:00
USAR,原材料,Basic Materials,Metal Mining,Nasdaq screener download,2026-08-09T14:32:06+00:00
USAU,原材料,Basic Materials,Metal Mining,Nasdaq screener download,2026-08-09T14:32:06+00:00
USCB,金融,Finance,Major Banks,Nasdaq screener download,2026-08-09T14:32:06+00:00
USDE,金融,Finance,Finance: Consumer Services,Nasdaq screener download,2026-08-09T14:32:06+00:00
USGO,原材料,Basic Materials,Precious Metals,Nasdaq screener download,2026-08-09T14:32:06+00:00
USIO,金融,Finance,Investment Bankers/Brokers/Service,Nasdaq screener download,2026-08-09T14:32:06+00:00
UTMD,医疗保健,Health Care,Medical/Dental Instruments,Nasdaq screener download,2026-08-09T14:32:06+00:00
UTSI,通信服务,Telecommunications,Telecommunications Equipment,Nasdaq screener download,2026-08-09T14:32:06+00:00
UVSP,金融,Finance,Major Banks,Nasdaq screener download,2026-08-09T14:32:06+00:00
UYSC,金融,Finance,Blank Checks,Nasdaq screener download,2026-08-09T14:32:06+00:00
UZX,非必需消费,Consumer Discretionary,Catalog/Specialty Distribution,Nasdaq screener download,2026-08-09T14:32:06+00:00
VABK,金融,Finance,Major Banks,Nasdaq screener download,2026-08-09T14:32:06+00:00
VALU,金融,Finance,Investment Managers,Nasdaq screener download,2026-08-09T14:32:06+00:00
VANI,医疗保健,Health Care,Biotechnology: Electromedical & Electrotherapeutic Apparatus,Nasdaq screener download,2026-08-09T14:32:06+00:00
VBIO,医疗保健,Health Care,Biotechnology: Electromedical & Electrotherapeutic Apparatus,Nasdaq screener download,2026-08-09T14:32:06+00:00
VC,非必需消费,Consumer Discretionary,Auto Parts:O.E.M.,Nasdaq screener download,2026-08-09T14:32:06+00:00
VCEL,医疗保健,Health Care,Biotechnology: Biological Products (No Diagnostic Substances),Nasdaq screener download,2026-08-09T14:32:06+00:00
VCTR,金融,Finance,Investment Managers,Nasdaq screener download,2026-08-09T14:32:06+00:00
VCYT,医疗保健,Health Care,Medical Specialities,Nasdaq screener download,2026-08-09T14:32:06+00:00
VECO,信息技术,Technology,Industrial Machinery/Components,Nasdaq screener download,2026-08-09T14:32:06+00:00
VEEA,信息技术,Technology,EDP Services,Nasdaq screener download,2026-08-09T14:32:06+00:00
VEEE,工业,Industrials,Marine Transportation,Nasdaq screener download,2026-08-09T14:32:06+00:00
VELO,信息技术,Technology,Industrial Machinery/Components,Nasdaq screener download,2026-08-09T14:32:06+00:00
VERA,医疗保健,Health Care,Biotechnology: Pharmaceutical Preparations,Nasdaq screener download,2026-08-09T14:32:06+00:00
VERI,信息技术,Technology,EDP Services,Nasdaq screener download,2026-08-09T14:32:06+00:00
VERU,医疗保健,Health Care,Biotechnology: Pharmaceutical Preparations,Nasdaq screener download,2026-08-09T14:32:06+00:00
VERX,信息技术,Technology,Computer Software: Prepackaged Software,Nasdaq screener download,2026-08-09T14:32:06+00:00
VFS,工业,Industrials,Auto Manufacturing,Nasdaq screener download,2026-08-09T14:32:06+00:00
VGAS,工业,Industrials,Major Chemicals,Nasdaq screener download,2026-08-09T14:32:06+00:00
VHUB,信息技术,Technology,Industrial Machinery/Components,Nasdaq screener download,2026-08-09T14:32:06+00:00
VIAV,信息技术,Technology,Semiconductors,Nasdaq screener download,2026-08-09T14:32:06+00:00
VICR,信息技术,Technology,Industrial Machinery/Components,Nasdaq screener download,2026-08-09T14:32:06+00:00
VIR,医疗保健,Health Care,Biotechnology: Biological Products (No Diagnostic Substances),Nasdaq screener download,2026-08-09T14:32:06+00:00
VIRC,非必需消费,Consumer Discretionary,Industrial Specialties,Nasdaq screener download,2026-08-09T14:32:06+00:00
VISN,信息技术,Technology,Radio And Television Broadcasting And Communications Equipment,Nasdaq screener download,2026-08-09T14:32:06+00:00
VITL,必需消费,Consumer Staples,Packaged Foods,Nasdaq screener download,2026-08-09T14:32:06+00:00
VIVK,公用事业,Utilities,Environmental Services,Nasdaq screener download,2026-08-09T14:32:06+00:00
VIVO,公用事业,Utilities,Power Generation,Nasdaq screener download,2026-08-09T14:32:06+00:00
VIVS,医疗保健,Health Care,Biotechnology: Biological Products (No Diagnostic Substances),Nasdaq screener download,2026-08-09T14:32:06+00:00
VKTX,医疗保健,Health Care,Biotechnology: Pharmaceutical Preparations,Nasdaq screener download,2026-08-09T14:32:06+00:00
VLGEA,必需消费,Consumer Staples,Food Chains,Nasdaq screener download,2026-08-09T14:32:06+00:00
VLY,金融,Finance,Major Banks,Nasdaq screener download,2026-08-09T14:32:06+00:00
VMET,工业,Industrials,Precious Metals,Nasdaq screener download,2026-08-09T14:32:06+00:00
VNCE,非必需消费,Consumer Discretionary,Clothing/Shoe/Accessory Stores,Nasdaq screener download,2026-08-09T14:32:06+00:00
VNDA,医疗保健,Health Care,Biotechnology: Pharmaceutical Preparations,Nasdaq screener download,2026-08-09T14:32:06+00:00
VNME,金融,Finance,Blank Checks,Nasdaq screener download,2026-08-09T14:32:06+00:00
VNOM,能源,Energy,Oil & Gas Production,Nasdaq screener download,2026-08-09T14:32:06+00:00
VOR,医疗保健,Health Care,Biotechnology: Biological Products (No Diagnostic Substances),Nasdaq screener download,2026-08-09T14:32:06+00:00
VOXR,原材料,Basic Materials,Precious Metals,Nasdaq screener download,2026-08-09T14:32:06+00:00
VRA,非必需消费,Consumer Discretionary,Apparel,Nasdaq screener download,2026-08-09T14:32:06+00:00
VRAX,医疗保健,Health Care,Biotechnology: In Vitro & In Vivo Diagnostic Substances,Nasdaq screener download,2026-08-09T14:32:06+00:00
VRCA,医疗保健,Health Care,Biotechnology: Pharmaceutical Preparations,Nasdaq screener download,2026-08-09T14:32:06+00:00
VRDN,医疗保健,Health Care,Biotechnology: Pharmaceutical Preparations,Nasdaq screener download,2026-08-09T14:32:06+00:00
VREX,信息技术,Technology,Industrial Machinery/Components,Nasdaq screener download,2026-08-09T14:32:06+00:00
VRM,非必需消费,Consumer Discretionary,Retail-Auto Dealers and Gas Stations,Nasdaq screener download,2026-08-09T14:32:06+00:00
VRME,信息技术,Technology,EDP Services,Nasdaq screener download,2026-08-09T14:32:06+00:00
VRNS,信息技术,Technology,Computer Software: Prepackaged Software,Nasdaq screener download,2026-08-09T14:32:06+00:00
VRRM,非必需消费,Consumer Discretionary,Transportation Services,Nasdaq screener download,2026-08-09T14:32:06+00:00
VRSK,信息技术,Technology,EDP Services,Nasdaq screener download,2026-08-09T14:32:06+00:00
VRSN,信息技术,Technology,EDP Services,Nasdaq screener download,2026-08-09T14:32:06+00:00
VRTX,医疗保健,Health Care,Biotechnology: Pharmaceutical Preparations,Nasdaq screener download,2026-08-09T14:32:06+00:00
VRXA,医疗保健,Health Care,Biotechnology: Pharmaceutical Preparations,Nasdaq screener download,2026-08-09T14:32:06+00:00
VS,信息技术,Technology,EDP Services,Nasdaq screener download,2026-08-09T14:32:06+00:00
VSAT,非必需消费,Consumer Discretionary,Telecommunications Equipment,Nasdaq screener download,2026-08-09T14:32:06+00:00
VSEC,非必需消费,Consumer Discretionary,Military/Government/Technical,Nasdaq screener download,2026-08-09T14:32:06+00:00
VSME,非必需消费,Consumer Discretionary,Advertising,Nasdaq screener download,2026-08-09T14:32:06+00:00
VSNT,工业,Industrials,Broadcasting,Nasdaq screener download,2026-08-09T14:32:06+00:00
VSTM,医疗保健,Health Care,Biotechnology: Pharmaceutical Preparations,Nasdaq screener download,2026-08-09T14:32:06+00:00
VTGN,医疗保健,Health Care,Biotechnology: Pharmaceutical Preparations,Nasdaq screener download,2026-08-09T14:32:06+00:00
VTIX,信息技术,Technology,Computer peripheral equipment,Nasdaq screener download,2026-08-09T14:32:06+00:00
VTRS,医疗保健,Health Care,Biotechnology: Pharmaceutical Preparations,Nasdaq screener download,2026-08-09T14:32:06+00:00
VTSI,非必需消费,Consumer Discretionary,Miscellaneous manufacturing industries,Nasdaq screener download,2026-08-09T14:32:06+00:00
VTVT,医疗保健,Health Care,Biotechnology: Pharmaceutical Preparations,Nasdaq screener download,2026-08-09T14:32:06+00:00
VUZI,信息技术,Technology,Radio And Television Broadcasting And Communications Equipment,Nasdaq screener download,2026-08-09T14:32:06+00:00
VVOS,医疗保健,Health Care,Medical/Dental Instruments,Nasdaq screener download,2026-08-09T14:32:06+00:00
VWAV,信息技术,Technology,Computer Software: Prepackaged Software,Nasdaq screener download,2026-08-09T14:32:06+00:00
VYGR,医疗保健,Health Care,Biotechnology: Biological Products (No Diagnostic Substances),Nasdaq screener download,2026-08-09T14:32:06+00:00
WABC,金融,Finance,Major Banks,Nasdaq screener download,2026-08-09T14:32:06+00:00
WAFD,金融,Finance,Major Banks,Nasdaq screener download,2026-08-09T14:32:06+00:00
WAFU,房地产,Real Estate,Other Consumer Services,Nasdaq screener download,2026-08-09T14:32:06+00:00
WATT,信息技术,Technology,Radio And Television Broadcasting And Communications Equipment,Nasdaq screener download,2026-08-09T14:32:06+00:00
WAY,信息技术,Technology,EDP Services,Nasdaq screener download,2026-08-09T14:32:06+00:00
WBD,通信服务,Telecommunications,Cable & Other Pay Television Services,Nasdaq screener download,2026-08-09T14:32:06+00:00
WBTN,非必需消费,Consumer Discretionary,Publishing,Nasdaq screener download,2026-08-09T14:32:06+00:00
WBUY,非必需消费,Consumer Discretionary,Other Specialty Stores,Nasdaq screener download,2026-08-09T14:32:06+00:00
WCT,信息技术,Technology,Computer Software: Prepackaged Software,Nasdaq screener download,2026-08-09T14:32:06+00:00
WDAY,信息技术,Technology,EDP Services,Nasdaq screener download,2026-08-09T14:32:06+00:00
WDC,信息技术,Technology,Electronic Components,Nasdaq screener download,2026-08-09T14:32:06+00:00
WDFC,工业,Industrials,Major Chemicals,Nasdaq screener download,2026-08-09T14:32:06+00:00
WEN,非必需消费,Consumer Discretionary,Restaurants,Nasdaq screener download,2026-08-09T14:32:06+00:00
WERN,工业,Industrials,Trucking Freight/Courier Services,Nasdaq screener download,2026-08-09T14:32:06+00:00
WEST,必需消费,Consumer Staples,Beverages (Production/Distribution),Nasdaq screener download,2026-08-09T14:32:06+00:00
WETH,信息技术,Technology,Computer peripheral equipment,Nasdaq screener download,2026-08-09T14:32:06+00:00
WETO,工业,Industrials,Other Transportation,Nasdaq screener download,2026-08-09T14:32:06+00:00
WEYS,必需消费,Consumer Staples,Apparel,Nasdaq screener download,2026-08-09T14:32:06+00:00
WFCF,信息技术,Technology,Computer Software: Prepackaged Software,Nasdaq screener download,2026-08-09T14:32:06+00:00
WFF,非必需消费,Consumer Discretionary,Miscellaneous manufacturing industries,Nasdaq screener download,2026-08-09T14:32:06+00:00
WFRD,非必需消费,Consumer Discretionary,Oil and Gas Field Machinery,Nasdaq screener download,2026-08-09T14:32:06+00:00
WGS,医疗保健,Health Care,Medical/Nursing Services,Nasdaq screener download,2026-08-09T14:32:06+00:00
WHF,金融,Finance,Finance Companies,Nasdaq screener download,2026-08-09T14:32:06+00:00
WHWK,医疗保健,Health Care,Biotechnology: Pharmaceutical Preparations,Nasdaq screener download,2026-08-09T14:32:06+00:00
WILC,非必需消费,Consumer Discretionary,Food Distributors,Nasdaq screener download,2026-08-09T14:32:06+00:00
WIMI,信息技术,Technology,Computer Software: Prepackaged Software,Nasdaq screener download,2026-08-09T14:32:06+00:00
WINA,非必需消费,Consumer Discretionary,Other Specialty Stores,Nasdaq screener download,2026-08-09T14:32:06+00:00
WING,非必需消费,Consumer Discretionary,Restaurants,Nasdaq screener download,2026-08-09T14:32:06+00:00
WIX,信息技术,Technology,Computer Software: Programming Data Processing,Nasdaq screener download,2026-08-09T14:32:06+00:00
WKHS,工业,Industrials,Auto Manufacturing,Nasdaq screener download,2026-08-09T14:32:06+00:00
WKSP,非必需消费,Consumer Discretionary,Auto Parts:O.E.M.,Nasdaq screener download,2026-08-09T14:32:06+00:00
WLDN,非必需消费,Consumer Discretionary,Military/Government/Technical,Nasdaq screener download,2026-08-09T14:32:06+00:00
WLFC,非必需消费,Consumer Discretionary,Industrial Specialties,Nasdaq screener download,2026-08-09T14:32:06+00:00
WLII,金融,Finance,Blank Checks,Nasdaq screener download,2026-08-09T14:32:06+00:00
WLTH,金融,Finance,Finance: Consumer Services,Nasdaq screener download,2026-08-09T14:32:06+00:00
WMG,非必需消费,Consumer Discretionary,Services-Misc. Amusement & Recreation,Nasdaq screener download,2026-08-09T14:32:06+00:00
WMT,非必需消费,Consumer Discretionary,Department/Specialty Retail Stores,Nasdaq screener download,2026-08-09T14:32:06+00:00
WNEB,金融,Finance,Savings Institutions,Nasdaq screener download,2026-08-09T14:32:06+00:00
WNW,非必需消费,Consumer Discretionary,Package Goods/Cosmetics,Nasdaq screener download,2026-08-09T14:32:06+00:00
WOK,医疗保健,Health Care,Medical/Dental Instruments,Nasdaq screener download,2026-08-09T14:32:06+00:00
WOOF,非必需消费,Consumer Discretionary,Other Specialty Stores,Nasdaq screener download,2026-08-09T14:32:06+00:00
WRAP,工业,Industrials,Ordnance And Accessories,Nasdaq screener download,2026-08-09T14:32:06+00:00
WRLD,金融,Finance,Finance: Consumer Services,Nasdaq screener download,2026-08-09T14:32:06+00:00
WSBC,金融,Finance,Major Banks,Nasdaq screener download,2026-08-09T14:32:06+00:00
WSBF,金融,Finance,Savings Institutions,Nasdaq screener download,2026-08-09T14:32:06+00:00
WSBK,金融,Finance,Banks,Nasdaq screener download,2026-08-09T14:32:06+00:00
WSC,工业,Industrials,Misc Corporate Leasing Services,Nasdaq screener download,2026-08-09T14:32:06+00:00
WSE,工业,Industrials,Diversified Commercial Services,Nasdaq screener download,2026-08-09T14:32:06+00:00
WSFS,金融,Finance,Major Banks,Nasdaq screener download,2026-08-09T14:32:06+00:00
WSHP,非必需消费,Consumer Discretionary,Other Specialty Stores,Nasdaq screener download,2026-08-09T14:32:06+00:00
WTBA,金融,Finance,Major Banks,Nasdaq screener download,2026-08-09T14:32:06+00:00
WTF,金融,Finance,Investment Bankers/Brokers/Service,Nasdaq screener download,2026-08-09T14:32:06+00:00
WTG,金融,Finance,Blank Checks,Nasdaq screener download,2026-08-09T14:32:06+00:00
WTW,金融,Finance,Specialty Insurers,Nasdaq screener download,2026-08-09T14:32:06+00:00
WULF,金融,Finance,Finance: Consumer Services,Nasdaq screener download,2026-08-09T14:32:06+00:00
WVE,医疗保健,Health Care,Biotechnology: Pharmaceutical Preparations,Nasdaq screener download,2026-08-09T14:32:06+00:00
WVVI,必需消费,Consumer Staples,Beverages (Production/Distribution),Nasdaq screener download,2026-08-09T14:32:06+00:00
WW,非必需消费,Consumer Discretionary,Other Consumer Services,Nasdaq screener download,2026-08-09T14:32:06+00:00
WWD,能源,Energy,Industrial Machinery/Components,Nasdaq screener download,2026-08-09T14:32:06+00:00
WXM,非必需消费,Consumer Discretionary,Engineering & Construction,Nasdaq screener download,2026-08-09T14:32:06+00:00
WYFI,金融,Finance,Finance: Consumer Services,Nasdaq screener download,2026-08-09T14:32:06+00:00
WYNN,非必需消费,Consumer Discretionary,Hotels/Resorts,Nasdaq screener download,2026-08-09T14:32:06+00:00
XAIR,医疗保健,Health Care,Medical/Dental Instruments,Nasdaq screener download,2026-08-09T14:32:06+00:00
XBIO,医疗保健,Health Care,Biotechnology: Pharmaceutical Preparations,Nasdaq screener download,2026-08-09T14:32:06+00:00
XBIT,医疗保健,Health Care,Biotechnology: Pharmaceutical Preparations,Nasdaq screener download,2026-08-09T14:32:06+00:00
XBP,信息技术,Technology,EDP Services,Nasdaq screener download,2026-08-09T14:32:06+00:00
XCUR,医疗保健,Health Care,Biotechnology: Pharmaceutical Preparations,Nasdaq screener download,2026-08-09T14:32:06+00:00
XE,工业,Industrials,Metal Fabrications,Nasdaq screener download,2026-08-09T14:32:06+00:00
XEL,公用事业,Utilities,Power Generation,Nasdaq screener download,2026-08-09T14:32:06+00:00
XERS,医疗保健,Health Care,Biotechnology: Pharmaceutical Preparations,Nasdaq screener download,2026-08-09T14:32:06+00:00
XFOR,医疗保健,Health Care,Biotechnology: Biological Products (No Diagnostic Substances),Nasdaq screener download,2026-08-09T14:32:06+00:00
XGN,医疗保健,Health Care,Medical Specialities,Nasdaq screener download,2026-08-09T14:32:06+00:00
XHLD,非必需消费,Consumer Discretionary,Business Services,Nasdaq screener download,2026-08-09T14:32:06+00:00
XLO,医疗保健,Health Care,Biotechnology: Pharmaceutical Preparations,Nasdaq screener download,2026-08-09T14:32:06+00:00
XMAX,非必需消费,Consumer Discretionary,Home Furnishings,Nasdaq screener download,2026-08-09T14:32:06+00:00
XMTR,非必需消费,Consumer Discretionary,Business Services,Nasdaq screener download,2026-08-09T14:32:06+00:00
XNCR,医疗保健,Health Care,Biotechnology: Pharmaceutical Preparations,Nasdaq screener download,2026-08-09T14:32:06+00:00
XOS,非必需消费,Consumer Discretionary,Auto Parts:O.E.M.,Nasdaq screener download,2026-08-09T14:32:06+00:00
XP,金融,Finance,Investment Bankers/Brokers/Service,Nasdaq screener download,2026-08-09T14:32:06+00:00
XPEL,工业,Industrials,Industrial Specialties,Nasdaq screener download,2026-08-09T14:32:06+00:00
XRAY,医疗保健,Health Care,Medical/Dental Instruments,Nasdaq screener download,2026-08-09T14:32:06+00:00
XRPN,金融,Finance,Blank Checks,Nasdaq screener download,2026-08-09T14:32:06+00:00
XRX,信息技术,Technology,Computer peripheral equipment,Nasdaq screener download,2026-08-09T14:32:06+00:00
XSLL,金融,Finance,Blank Checks,Nasdaq screener download,2026-08-09T14:32:06+00:00
XTIA,信息技术,Technology,EDP Services,Nasdaq screener download,2026-08-09T14:32:06+00:00
XWEL,非必需消费,Consumer Discretionary,Other Consumer Services,Nasdaq screener download,2026-08-09T14:32:06+00:00
XXII,医疗保健,Health Care,Medicinal Chemicals and Botanical Products,Nasdaq screener download,2026-08-09T14:32:06+00:00
YAAS,信息技术,Technology,Computer Software: Prepackaged Software,Nasdaq screener download,2026-08-09T14:32:06+00:00
YDDL,非必需消费,Consumer Discretionary,Industrial Specialties,Nasdaq screener download,2026-08-09T14:32:06+00:00
YDES,医疗保健,Health Care,Medical Specialities,Nasdaq screener download,2026-08-09T14:32:06+00:00
YHC,必需消费,Consumer Staples,Beverages (Production/Distribution),Nasdaq screener download,2026-08-09T14:32:06+00:00
YHGJ,工业,Industrials,Specialty Chemicals,Nasdaq screener download,2026-08-09T14:32:06+00:00
YIBO,信息技术,Technology,Computer peripheral equipment,Nasdaq screener download,2026-08-09T14:32:06+00:00
YICC,金融,Finance,Blank Checks,Nasdaq screener download,2026-08-09T14:32:06+00:00
YMAT,非必需消费,Consumer Discretionary,Recreational Games/Products/Toys,Nasdaq screener download,2026-08-09T14:32:06+00:00
YORW,公用事业,Utilities,Water Supply,Nasdaq screener download,2026-08-09T14:32:06+00:00
YSWY,必需消费,Consumer Staples,Food Chains,Nasdaq screener download,2026-08-09T14:32:06+00:00
YSXT,非必需消费,Consumer Discretionary,Automotive Aftermarket,Nasdaq screener download,2026-08-09T14:32:06+00:00
YTRA,非必需消费,Consumer Discretionary,Transportation Services,Nasdaq screener download,2026-08-09T14:32:06+00:00
YYAI,信息技术,Technology,Computer Software: Programming Data Processing,Nasdaq screener download,2026-08-09T14:32:06+00:00
YYGH,非必需消费,Consumer Discretionary,Professional Services,Nasdaq screener download,2026-08-09T14:32:06+00:00
ZBAO,金融,Finance,Specialty Insurers,Nasdaq screener download,2026-08-09T14:32:06+00:00
ZBIO,医疗保健,Health Care,Biotechnology: Pharmaceutical Preparations,Nasdaq screener download,2026-08-09T14:32:06+00:00
ZBRA,工业,Industrials,Industrial Machinery/Components,Nasdaq screener download,2026-08-09T14:32:06+00:00
ZCMD,房地产,Real Estate,Other Consumer Services,Nasdaq screener download,2026-08-09T14:32:06+00:00
ZD,通信服务,Telecommunications,Telecommunications Equipment,Nasdaq screener download,2026-08-09T14:32:06+00:00
ZDAI,非必需消费,Consumer Discretionary,General Bldg Contractors - Nonresidential Bldgs,Nasdaq screener download,2026-08-09T14:32:06+00:00
ZENA,信息技术,Technology,Computer Software: Prepackaged Software,Nasdaq screener download,2026-08-09T14:32:06+00:00
ZG,非必需消费,Consumer Discretionary,Business Services,Nasdaq screener download,2026-08-09T14:32:06+00:00
ZION,金融,Finance,Major Banks,Nasdaq screener download,2026-08-09T14:32:06+00:00
ZJK,工业,Industrials,Metal Fabrications,Nasdaq screener download,2026-08-09T14:32:06+00:00
ZJYL,医疗保健,Health Care,Industrial Specialties,Nasdaq screener download,2026-08-09T14:32:06+00:00
ZKP,金融,Finance,Blank Checks,Nasdaq screener download,2026-08-09T14:32:06+00:00
ZM,信息技术,Technology,Computer Software: Programming Data Processing,Nasdaq screener download,2026-08-09T14:32:06+00:00
ZNB,房地产,Real Estate,Other Consumer Services,Nasdaq screener download,2026-08-09T14:32:06+00:00
ZNTL,医疗保健,Health Care,Biotechnology: Pharmaceutical Preparations,Nasdaq screener download,2026-08-09T14:32:06+00:00
ZOOZ,信息技术,Technology,Industrial Machinery/Components,Nasdaq screener download,2026-08-09T14:32:06+00:00
ZS,信息技术,Technology,EDP Services,Nasdaq screener download,2026-08-09T14:32:06+00:00
ZSQR,金融,Finance,Finance: Consumer Services,Nasdaq screener download,2026-08-09T14:32:06+00:00
ZSTK,医疗保健,Health Care,Other Pharmaceuticals,Nasdaq screener download,2026-08-09T14:32:06+00:00
ZTEK,工业,Industrials,Major Chemicals,Nasdaq screener download,2026-08-09T14:32:06+00:00
ZTG,非必需消费,Consumer Discretionary,Professional Services,Nasdaq screener download,2026-08-09T14:32:06+00:00
ZUMZ,非必需消费,Consumer Discretionary,Clothing/Shoe/Accessory Stores,Nasdaq screener download,2026-08-09T14:32:06+00:00
ZURA,医疗保健,Health Care,Biotechnology: Biological Products (No Diagnostic Substances),Nasdaq screener download,2026-08-09T14:32:06+00:00
ZVRA,医疗保健,Health Care,Biotechnology: Pharmaceutical Preparations,Nasdaq screener download,2026-08-09T14:32:06+00:00
ZYBT,医疗保健,Health Care,Biotechnology: Pharmaceutical Preparations,Nasdaq screener download,2026-08-09T14:32:06+00:00
ZYME,医疗保健,Health Care,Biotechnology: Pharmaceutical Preparations,Nasdaq screener download,2026-08-09T14:32:06+00:00
