Date,Open,High,Low,Close,Volume
2016-07-18,7.0,7.0,5.599999904632568,5.599999904632568,254
2016-07-19,6.650000095367432,6.650000095367432,4.199999809265137,5.25,234
2016-07-20,7.0,7.0,4.199999809265137,4.199999809265137,37
2016-07-21,4.199999809265137,4.199999809265137,4.199999809265137,4.199999809265137,314
2016-07-22,4.199999809265137,4.199999809265137,4.199999809265137,4.199999809265137,0
2016-07-25,4.199999809265137,4.199999809265137,4.199999809265137,4.199999809265137,0
2016-07-26,7.0,7.0,4.550000190734863,4.550000190734863,137
2016-07-27,7.0,7.0,6.650000095367432,6.650000095367432,320
2016-07-28,6.300000190734863,6.300000190734863,6.300000190734863,6.300000190734863,14
2016-07-29,4.900000095367432,4.900000095367432,4.199999809265137,4.199999809265137,611
2016-08-01,4.199999809265137,4.199999809265137,4.199999809265137,4.199999809265137,286
2016-08-02,4.199999809265137,4.199999809265137,4.199999809265137,4.199999809265137,291
2016-08-03,5.599999904632568,6.300000190734863,5.599999904632568,6.300000190734863,114
2016-08-04,6.650000095367432,6.650000095367432,6.650000095367432,6.650000095367432,6
2016-08-05,6.650000095367432,6.650000095367432,6.650000095367432,6.650000095367432,0
2016-08-08,6.650000095367432,6.650000095367432,6.650000095367432,6.650000095367432,0
2016-08-09,4.199999809265137,7.0,4.199999809265137,7.0,51
2016-08-10,4.550000190734863,4.550000190734863,4.550000190734863,4.550000190734863,49
2016-08-11,5.599999904632568,5.599999904632568,4.550000190734863,4.550000190734863,97
2016-08-12,4.550000190734863,5.25,4.199999809265137,4.900000095367432,3986
2016-08-15,4.900000095367432,4.900000095367432,4.900000095367432,4.900000095367432,43
2016-08-16,4.900000095367432,4.900000095367432,4.550000190734863,4.550000190734863,46
2016-08-17,4.550000190734863,4.550000190734863,4.550000190734863,4.550000190734863,0
2016-08-18,4.900000095367432,4.900000095367432,4.900000095367432,4.900000095367432,123
2016-08-19,4.550000190734863,4.550000190734863,4.550000190734863,4.550000190734863,123
2016-08-22,4.550000190734863,4.550000190734863,3.8499999046325684,3.8499999046325684,3166
2016-08-23,4.900000095367432,4.900000095367432,4.199999809265137,4.199999809265137,20
2016-08-24,4.199999809265137,4.199999809265137,4.199999809265137,4.199999809265137,0
2016-08-25,4.199999809265137,4.199999809265137,4.199999809265137,4.199999809265137,0
2016-08-26,4.199999809265137,4.900000095367432,4.199999809265137,4.900000095367432,31
2016-08-29,4.900000095367432,4.900000095367432,4.900000095367432,4.900000095367432,89
2016-08-30,4.900000095367432,4.900000095367432,4.900000095367432,4.900000095367432,29
2016-08-31,4.550000190734863,4.900000095367432,4.550000190734863,4.900000095367432,226
2016-09-01,4.900000095367432,4.900000095367432,4.900000095367432,4.900000095367432,29
2016-09-02,4.900000095367432,4.900000095367432,4.900000095367432,4.900000095367432,0
2016-09-06,4.900000095367432,4.900000095367432,4.900000095367432,4.900000095367432,0
2016-09-07,4.900000095367432,4.900000095367432,4.900000095367432,4.900000095367432,29
2016-09-08,4.900000095367432,4.900000095367432,4.900000095367432,4.900000095367432,0
2016-09-09,4.550000190734863,5.25,4.550000190734863,5.25,23
2016-09-12,4.900000095367432,4.900000095367432,4.900000095367432,4.900000095367432,20
2016-09-13,4.900000095367432,4.900000095367432,4.900000095367432,4.900000095367432,0
2016-09-14,5.949999809265137,5.949999809265137,4.550000190734863,4.550000190734863,71
2016-09-15,4.550000190734863,4.550000190734863,4.550000190734863,4.550000190734863,63
2016-09-16,5.949999809265137,5.949999809265137,5.949999809265137,5.949999809265137,14
2016-09-19,5.949999809265137,5.949999809265137,5.25,5.25,111
2016-09-20,5.25,5.25,5.25,5.25,0
2016-09-21,5.25,5.25,5.25,5.25,57
2016-09-22,5.949999809265137,5.949999809265137,5.599999904632568,5.599999904632568,831
2016-09-23,5.949999809265137,5.949999809265137,5.949999809265137,5.949999809265137,23
2016-09-26,5.949999809265137,6.300000190734863,5.599999904632568,5.599999904632568,694
2016-09-27,4.199999809265137,4.199999809265137,4.199999809265137,4.199999809265137,57
2016-09-28,5.949999809265137,5.949999809265137,5.599999904632568,5.599999904632568,137
2016-09-29,5.599999904632568,5.599999904632568,4.550000190734863,4.550000190734863,306
2016-09-30,5.599999904632568,5.599999904632568,5.25,5.599999904632568,89
2016-10-03,4.550000190734863,5.599999904632568,4.550000190734863,4.550000190734863,323
2016-10-04,4.199999809265137,4.550000190734863,4.199999809265137,4.550000190734863,280
2016-10-05,4.550000190734863,5.599999904632568,4.550000190734863,5.599999904632568,1214
2016-10-06,5.599999904632568,5.599999904632568,4.550000190734863,4.550000190734863,674
2016-10-07,5.599999904632568,5.599999904632568,5.599999904632568,5.599999904632568,169
2016-10-10,5.599999904632568,5.599999904632568,5.599999904632568,5.599999904632568,43
2016-10-11,5.599999904632568,5.599999904632568,4.550000190734863,4.550000190734863,91
2016-10-12,5.949999809265137,5.949999809265137,4.550000190734863,5.599999904632568,349
2016-10-13,5.949999809265137,5.949999809265137,5.599999904632568,5.599999904632568,54
2016-10-14,5.949999809265137,5.949999809265137,5.599999904632568,5.599999904632568,991
2016-10-17,5.949999809265137,7.0,5.599999904632568,7.0,7974
2016-10-18,7.0,7.0,4.550000190734863,4.550000190734863,1177
2016-10-19,4.550000190734863,4.550000190734863,4.550000190734863,4.550000190734863,0
2016-10-20,4.900000095367432,5.25,4.900000095367432,5.25,111
2016-10-21,5.949999809265137,6.300000190734863,5.949999809265137,6.300000190734863,834
2016-10-24,5.949999809265137,5.949999809265137,5.949999809265137,5.949999809265137,37
2016-10-25,3.5,5.949999809265137,3.5,5.949999809265137,1211
2016-10-26,5.949999809265137,5.949999809265137,5.949999809265137,5.949999809265137,31
2016-10-27,5.949999809265137,5.949999809265137,5.599999904632568,5.599999904632568,143
2016-10-28,4.550000190734863,5.949999809265137,4.550000190734863,5.949999809265137,466
2016-10-31,5.949999809265137,5.949999809265137,5.949999809265137,5.949999809265137,286
2016-11-01,4.900000095367432,6.650000095367432,4.900000095367432,6.650000095367432,763
2016-11-02,6.300000190734863,6.300000190734863,5.949999809265137,5.949999809265137,69
2016-11-03,5.599999904632568,7.0,4.900000095367432,4.900000095367432,289
2016-11-04,4.900000095367432,4.900000095367432,4.900000095367432,4.900000095367432,0
2016-11-07,5.949999809265137,5.949999809265137,5.949999809265137,5.949999809265137,29
2016-11-08,5.949999809265137,5.949999809265137,5.949999809265137,5.949999809265137,0
2016-11-09,4.900000095367432,6.650000095367432,4.900000095367432,6.650000095367432,117
2016-11-10,5.25,5.25,4.550000190734863,4.900000095367432,1620
2016-11-11,4.900000095367432,4.900000095367432,4.900000095367432,4.900000095367432,520
2016-11-14,4.550000190734863,6.300000190734863,4.550000190734863,5.949999809265137,60
2016-11-15,5.599999904632568,5.949999809265137,4.550000190734863,4.550000190734863,1809
2016-11-16,5.949999809265137,5.949999809265137,5.599999904632568,5.949999809265137,1080
2016-11-17,5.599999904632568,5.949999809265137,5.25,5.949999809265137,1083
2016-11-18,5.949999809265137,5.949999809265137,5.949999809265137,5.949999809265137,103
2016-11-21,5.949999809265137,5.949999809265137,5.949999809265137,5.949999809265137,3389
2016-11-22,5.25,5.25,5.25,5.25,343
2016-11-23,6.300000190734863,6.300000190734863,6.300000190734863,6.300000190734863,100
2016-11-25,6.300000190734863,6.300000190734863,5.949999809265137,5.949999809265137,466
2016-11-28,6.300000190734863,6.300000190734863,6.300000190734863,6.300000190734863,711
2016-11-29,5.949999809265137,6.300000190734863,5.949999809265137,6.300000190734863,329
2016-11-30,6.300000190734863,7.0,5.599999904632568,5.599999904632568,874
2016-12-01,4.550000190734863,7.0,4.550000190734863,4.900000095367432,523
2016-12-02,4.900000095367432,4.900000095367432,4.900000095367432,4.900000095367432,66
2016-12-05,5.599999904632568,5.599999904632568,5.25,5.25,29
2016-12-06,6.650000095367432,7.0,4.900000095367432,7.0,97
2016-12-07,7.0,7.0,5.25,5.25,103
2016-12-08,7.0,7.0,5.25,7.0,317
2016-12-09,7.0,7.0,5.25,5.25,343
2016-12-12,7.0,7.0,7.0,7.0,29
2016-12-13,7.0,7.0,7.0,7.0,14
2016-12-14,7.0,7.0,5.599999904632568,6.650000095367432,400
2016-12-15,4.550000190734863,7.0,4.550000190734863,4.900000095367432,991
2016-12-16,7.0,7.0,4.900000095367432,5.25,69
2016-12-19,6.650000095367432,6.650000095367432,5.25,5.25,69
2016-12-20,6.650000095367432,6.650000095367432,4.199999809265137,5.25,2863
2016-12-21,4.199999809265137,5.25,3.8499999046325684,5.25,1334
2016-12-22,5.25,5.25,4.550000190734863,4.550000190734863,14
2016-12-23,5.25,5.25,5.25,5.25,57
2016-12-27,5.25,5.25,5.25,5.25,0
2016-12-28,4.550000190734863,4.550000190734863,4.550000190734863,4.550000190734863,57
2016-12-29,4.550000190734863,4.550000190734863,4.550000190734863,4.550000190734863,286
2016-12-30,4.550000190734863,4.900000095367432,4.550000190734863,4.900000095367432,974
2017-01-03,5.25,5.25,4.900000095367432,4.900000095367432,366
2017-01-04,5.25,5.25,5.25,5.25,6
2017-01-05,5.25,5.25,4.199999809265137,4.199999809265137,597
2017-01-06,4.5,4.5,4.5,4.5,100
2017-01-09,4.5,4.5,4.5,4.5,0
2017-01-10,4.550000190734863,4.550000190734863,4.5,4.5,1500
2017-01-11,4.5,4.5,4.199999809265137,4.199999809265137,2700
2017-01-12,5.019999980926514,5.019999980926514,4.210000038146973,4.210000038146973,1600
2017-01-13,4.550000190734863,4.550000190734863,4.150000095367432,4.150000095367432,1500
2017-01-17,4.150000095367432,4.510000228881836,4.150000095367432,4.510000228881836,700
2017-01-18,4.510000228881836,4.510000228881836,4.150000095367432,4.199999809265137,1100
2017-01-19,4.199999809265137,4.199999809265137,4.150000095367432,4.150000095367432,1200
2017-01-20,4.150000095367432,4.150000095367432,4.150000095367432,4.150000095367432,1100
2017-01-23,4.5,4.5,4.150000095367432,4.150000095367432,3800
2017-01-24,4.5,4.5,4.150000095367432,4.150000095367432,500
2017-01-25,4.150000095367432,4.5,4.150000095367432,4.199999809265137,1000
2017-01-26,4.170000076293945,4.170000076293945,4.170000076293945,4.170000076293945,300
2017-01-27,4.199999809265137,4.199999809265137,4.150000095367432,4.150000095367432,700
2017-01-30,4.150000095367432,4.150000095367432,4.150000095367432,4.150000095367432,0
2017-01-31,4.320000171661377,4.320000171661377,4.03000020980835,4.25,1300
2017-02-01,4.25,4.25,4.150000095367432,4.150000095367432,1900
2017-02-02,4.150000095367432,4.5,4.150000095367432,4.5,2400
2017-02-03,4.599999904632568,5.010000228881836,4.599999904632568,5.010000228881836,1000
2017-02-06,10.0,10.0,8.0,8.0,600
2017-02-07,8.100000381469727,9.850000381469727,7.0,7.900000095367432,4400
2017-02-08,7.849999904632568,11.0,7.849999904632568,8.100000381469727,13100
2017-02-09,9.989999771118164,9.989999771118164,8.100000381469727,9.199999809265137,10700
2017-02-10,8.899999618530273,9.199999809265137,7.800000190734863,8.350000381469727,7500
2017-02-13,8.350000381469727,8.899999618530273,8.0,8.84000015258789,3100
2017-02-14,9.050000190734863,9.050000190734863,7.849999904632568,8.5,3100
2017-02-15,7.849999904632568,8.5,7.849999904632568,7.929999828338623,1900
2017-02-16,8.449999809265137,9.050000190734863,7.989999771118164,8.300000190734863,9500
2017-02-17,8.300000190734863,8.300000190734863,7.5,7.599999904632568,8900
2017-02-21,7.75,8.399999618530273,5.25,5.300000190734863,4500
2017-02-22,5.300000190734863,8.0,5.300000190734863,7.0,3700
2017-02-23,8.949999809265137,8.949999809265137,7.099999904632568,7.099999904632568,1800
2017-02-24,7.489999771118164,8.949999809265137,6.75,8.949999809265137,1700
2017-02-27,8.9399995803833,8.9399995803833,6.849999904632568,7.900000095367432,2200
2017-02-28,7.0,7.050000190734863,7.0,7.050000190734863,2700
2017-03-01,7.25,8.75,7.25,7.550000190734863,21200
2017-03-02,8.5,8.890000343322754,6.849999904632568,7.239999771118164,47300
2017-03-03,7.0,7.0,5.75,7.0,14300
2017-03-06,7.050000190734863,7.309999942779541,6.349999904632568,7.099999904632568,6600
2017-03-07,7.099999904632568,7.099999904632568,6.050000190734863,6.5,4100
2017-03-08,7.0,7.0,5.75,5.760000228881836,4300
2017-03-09,5.800000190734863,5.800000190734863,5.050000190734863,5.050000190734863,9800
2017-03-10,5.050000190734863,5.300000190734863,4.010000228881836,4.010000228881836,3900
2017-03-13,4.5,4.5,4.019999980926514,4.019999980926514,6600
2017-03-14,4.019999980926514,4.019999980926514,4.019999980926514,4.019999980926514,2400
2017-03-15,4.019999980926514,4.019999980926514,4.010000228881836,4.019999980926514,6100
2017-03-16,4.099999904632568,4.880000114440918,3.950000047683716,4.0,10000
2017-03-17,3.950000047683716,3.950000047683716,3.25,3.5,1800
2017-03-20,3.25,3.4000000953674316,3.009999990463257,3.009999990463257,8800
2017-03-21,3.0199999809265137,3.0199999809265137,3.0199999809265137,3.0199999809265137,1400
2017-03-22,3.049999952316284,3.049999952316284,3.049999952316284,3.049999952316284,100
2017-03-23,3.059999942779541,3.200000047683716,3.059999942779541,3.200000047683716,2900
2017-03-24,3.25,3.25,3.25,3.25,200
2017-03-27,3.0199999809265137,3.25,3.0199999809265137,3.0199999809265137,1100
2017-03-28,3.0999999046325684,3.0999999046325684,3.0999999046325684,3.0999999046325684,300
2017-03-29,3.25,3.25,3.25,3.25,7400
2017-03-30,3.490000009536743,3.5,3.490000009536743,3.5,900
2017-03-31,3.490000009536743,3.5,3.490000009536743,3.5,1100
2017-04-03,4.059999942779541,4.5,3.940000057220459,4.5,3800
2017-04-04,4.5,4.599999904632568,4.5,4.559999942779541,5000
2017-04-05,4.599999904632568,4.599999904632568,4.349999904632568,4.349999904632568,1300
2017-04-06,4.349999904632568,4.349999904632568,3.0999999046325684,3.990000009536743,2100
2017-04-07,3.259999990463257,3.299999952316284,3.259999990463257,3.299999952316284,700
2017-04-10,3.259999990463257,3.630000114440918,3.259999990463257,3.630000114440918,300
2017-04-11,3.630000114440918,3.630000114440918,3.630000114440918,3.630000114440918,0
2017-04-12,3.630000114440918,3.630000114440918,3.630000114440918,3.630000114440918,0
2017-04-13,3.630000114440918,3.630000114440918,3.630000114440918,3.630000114440918,0
2017-04-17,3.630000114440918,3.630000114440918,3.630000114440918,3.630000114440918,0
2017-04-18,3.619999885559082,3.619999885559082,3.619999885559082,3.619999885559082,100
2017-04-19,3.619999885559082,3.619999885559082,3.619999885559082,3.619999885559082,0
2017-04-20,3.3499999046325684,3.3499999046325684,3.3499999046325684,3.3499999046325684,300
2017-04-21,3.3499999046325684,3.3499999046325684,3.3499999046325684,3.3499999046325684,800
2017-04-24,3.3499999046325684,3.3499999046325684,3.3499999046325684,3.3499999046325684,300
2017-04-25,3.3499999046325684,3.75,3.3499999046325684,3.5999999046325684,3700
2017-04-26,3.3499999046325684,3.3499999046325684,3.3499999046325684,3.3499999046325684,300
2017-04-27,3.359999895095825,3.359999895095825,3.3499999046325684,3.3499999046325684,500
2017-04-28,3.3499999046325684,3.3499999046325684,3.3499999046325684,3.3499999046325684,0
2017-05-01,3.369999885559082,3.369999885559082,3.369999885559082,3.369999885559082,300
2017-05-02,3.25,3.3499999046325684,3.25,3.3499999046325684,300
2017-05-03,3.3499999046325684,3.3499999046325684,3.3499999046325684,3.3499999046325684,0
2017-05-04,3.3499999046325684,3.3499999046325684,3.3499999046325684,3.3499999046325684,600
2017-05-05,3.359999895095825,3.359999895095825,3.359999895095825,3.359999895095825,100
2017-05-08,3.5,3.5,3.359999895095825,3.359999895095825,1000
2017-05-09,3.359999895095825,3.359999895095825,3.359999895095825,3.359999895095825,0
2017-05-10,3.359999895095825,3.359999895095825,3.359999895095825,3.359999895095825,0
2017-05-11,3.5,3.5,3.3499999046325684,3.3499999046325684,1200
2017-05-12,3.75,3.75,3.700000047683716,3.700000047683716,200
2017-05-15,3.4100000858306885,3.5,3.4000000953674316,3.5,8200
2017-05-16,3.4000000953674316,3.4000000953674316,3.0,3.0,20200
2017-05-17,3.4000000953674316,3.5,3.4000000953674316,3.5,800
2017-05-18,3.5,3.5,3.5,3.5,0
2017-05-19,3.5999999046325684,4.5,3.5999999046325684,4.5,3200
2017-05-22,3.700000047683716,3.700000047683716,3.700000047683716,3.700000047683716,200
2017-05-23,3.700000047683716,3.700000047683716,3.700000047683716,3.700000047683716,100
2017-05-24,3.700000047683716,4.5,3.700000047683716,4.489999771118164,6300
2017-05-25,4.449999809265137,4.800000190734863,3.3499999046325684,4.5,11800
2017-05-26,3.380000114440918,3.380000114440918,3.380000114440918,3.380000114440918,400
2017-05-30,3.5999999046325684,3.5999999046325684,3.5999999046325684,3.5999999046325684,300
2017-05-31,4.0,4.0,4.0,4.0,1000
2017-06-01,4.5,5.0,3.5,3.7100000381469727,5800
2017-06-02,4.0,4.0,3.700000047683716,3.700000047683716,300
2017-06-05,4.0,4.0,4.0,4.0,1100
2017-06-06,4.0,4.0,4.0,4.0,0
2017-06-07,3.5,3.5,3.5,3.5,100
2017-06-08,3.3499999046325684,3.3499999046325684,3.3499999046325684,3.3499999046325684,300
2017-06-09,3.3499999046325684,3.3499999046325684,3.3499999046325684,3.3499999046325684,0
2017-06-12,3.3499999046325684,3.3499999046325684,3.3499999046325684,3.3499999046325684,100
2017-06-13,3.3499999046325684,3.3499999046325684,3.3499999046325684,3.3499999046325684,0
2017-06-14,3.3499999046325684,3.3499999046325684,3.3499999046325684,3.3499999046325684,0
2017-06-15,3.3499999046325684,3.4100000858306885,3.3499999046325684,3.4100000858306885,3000
2017-06-16,3.440000057220459,3.450000047683716,3.3499999046325684,3.3499999046325684,2000
2017-06-19,3.3499999046325684,3.3499999046325684,3.3499999046325684,3.3499999046325684,1700
2017-06-20,3.3499999046325684,3.4600000381469727,3.3499999046325684,3.4600000381469727,4700
2017-06-21,3.299999952316284,3.299999952316284,3.299999952316284,3.299999952316284,500
2017-06-22,3.299999952316284,3.299999952316284,3.299999952316284,3.299999952316284,200
2017-06-23,3.299999952316284,3.299999952316284,3.299999952316284,3.299999952316284,0
2017-06-26,3.200000047683716,3.200000047683716,3.0199999809265137,3.0199999809265137,1500
2017-06-27,3.0199999809265137,3.200000047683716,3.0199999809265137,3.200000047683716,1200
2017-06-28,3.0199999809265137,3.299999952316284,3.0199999809265137,3.299999952316284,4500
2017-06-29,3.0199999809265137,3.0299999713897705,3.0199999809265137,3.0299999713897705,2400
2017-06-30,3.0199999809265137,3.0199999809265137,3.0199999809265137,3.0199999809265137,2300
2017-07-03,3.0199999809265137,3.0199999809265137,3.0199999809265137,3.0199999809265137,0
2017-07-05,3.25,3.25,3.25,3.25,100
2017-07-06,3.0,3.0,3.0,3.0,500
2017-07-07,3.25,3.3299999237060547,3.0,3.0,1100
2017-07-10,3.0299999713897705,3.3399999141693115,3.0299999713897705,3.3399999141693115,1900
2017-07-11,3.3399999141693115,3.3399999141693115,3.2899999618530273,3.3399999141693115,900
2017-07-12,3.3399999141693115,3.3399999141693115,3.3399999141693115,3.3399999141693115,100
2017-07-13,3.3399999141693115,3.3399999141693115,3.3399999141693115,3.3399999141693115,0
2017-07-14,3.0299999713897705,3.0299999713897705,3.0299999713897705,3.0299999713897705,200
2017-07-17,3.3399999141693115,3.3399999141693115,3.049999952316284,3.049999952316284,1300
2017-07-18,3.049999952316284,3.700000047683716,3.049999952316284,3.049999952316284,27100
2017-07-19,3.049999952316284,3.0999999046325684,3.049999952316284,3.0999999046325684,700
2017-07-20,3.0999999046325684,3.0999999046325684,3.0999999046325684,3.0999999046325684,0
2017-07-21,3.0999999046325684,3.0999999046325684,3.0999999046325684,3.0999999046325684,0
2017-07-24,3.0,3.0,3.0,3.0,1000
2017-07-25,3.0,3.0,3.0,3.0,1100
2017-07-26,3.0,3.0999999046325684,3.0,3.0999999046325684,2200
2017-07-27,3.0,3.25,3.0,3.0,13500
2017-07-28,3.049999952316284,3.25,3.049999952316284,3.25,2900
2017-07-31,3.25,3.25,3.25,3.25,700
2017-08-01,3.0,3.0,3.0,3.0,900
2017-08-02,3.0,3.0199999809265137,3.0,3.0199999809265137,6700
2017-08-03,3.0199999809265137,3.0199999809265137,3.0199999809265137,3.0199999809265137,0
2017-08-04,3.049999952316284,3.049999952316284,3.049999952316284,3.049999952316284,400
2017-08-07,3.049999952316284,3.049999952316284,3.0,3.0,2000
2017-08-08,3.0,3.0,3.0,3.0,400
2017-08-09,3.049999952316284,3.049999952316284,3.0,3.0,2700
2017-08-10,3.0,3.0,3.0,3.0,0
2017-08-11,3.0,3.0199999809265137,3.0,3.0199999809265137,6800
2017-08-14,3.0199999809265137,3.0199999809265137,3.0199999809265137,3.0199999809265137,0
2017-08-15,3.0,3.0199999809265137,3.0,3.0,600
2017-08-16,3.0199999809265137,3.25,3.0,3.25,1600
2017-08-17,3.0,3.0,3.0,3.0,300
2017-08-18,3.0,3.0,3.0,3.0,300
2017-08-21,3.0,3.0,3.0,3.0,300
2017-08-22,3.0,3.0,3.0,3.0,200
2017-08-23,3.0,3.0,3.0,3.0,0
2017-08-24,3.200000047683716,3.200000047683716,3.0,3.0,300
2017-08-25,3.0,3.0,3.0,3.0,200
2017-08-28,3.0,3.0,2.990000009536743,2.990000009536743,900
2017-08-29,2.990000009536743,2.990000009536743,2.990000009536743,2.990000009536743,0
2017-08-30,2.990000009536743,2.990000009536743,2.990000009536743,2.990000009536743,0
2017-08-31,3.0,3.0,3.0,3.0,700
2017-09-01,3.0,3.0,3.0,3.0,0
2017-09-05,3.0,3.0,3.0,3.0,2000
2017-09-06,3.0,3.299999952316284,3.0,3.299999952316284,10700
2017-09-07,3.0999999046325684,3.0999999046325684,3.0999999046325684,3.0999999046325684,2300
2017-09-08,3.0999999046325684,3.0999999046325684,3.0999999046325684,3.0999999046325684,0
2017-09-11,3.5,3.819999933242798,3.0999999046325684,3.450000047683716,18800
2017-09-12,3.450000047683716,3.450000047683716,3.200000047683716,3.450000047683716,1400
2017-09-13,3.200000047683716,3.200000047683716,3.0,3.0999999046325684,800
2017-09-14,3.180000066757202,3.180000066757202,3.180000066757202,3.180000066757202,800
2017-09-15,3.25,3.380000114440918,3.25,3.380000114440918,2600
2017-09-18,3.4000000953674316,3.4000000953674316,3.4000000953674316,3.4000000953674316,1600
2017-09-19,3.4000000953674316,3.4000000953674316,3.4000000953674316,3.4000000953674316,1000
2017-09-20,3.0999999046325684,3.0999999046325684,3.0,3.0999999046325684,1500
2017-09-21,3.0,3.0999999046325684,3.0,3.0,1400
2017-09-22,3.4000000953674316,3.450000047683716,3.390000104904175,3.390000104904175,3000
2017-09-25,3.390000104904175,3.390000104904175,3.390000104904175,3.390000104904175,0
2017-09-26,3.200000047683716,3.200000047683716,3.200000047683716,3.200000047683716,200
2017-09-27,3.0999999046325684,3.0999999046325684,3.049999952316284,3.049999952316284,800
2017-09-28,3.0,3.0,3.0,3.0,2200
2017-09-29,3.0,3.0,3.0,3.0,500
2017-10-02,3.0,3.0,2.8499999046325684,2.8499999046325684,600
2017-10-03,3.049999952316284,3.049999952316284,2.950000047683716,3.0,12100
2017-10-04,2.9000000953674316,2.9000000953674316,2.8499999046325684,2.8499999046325684,4600
2017-10-05,3.0,3.200000047683716,2.859999895095825,3.200000047683716,4300
2017-10-06,3.140000104904175,3.140000104904175,3.140000104904175,3.140000104904175,900
2017-10-09,3.200000047683716,3.200000047683716,3.200000047683716,3.200000047683716,1400
2017-10-10,3.059999942779541,3.059999942779541,3.059999942779541,3.059999942779541,600
2017-10-11,2.859999895095825,3.0,2.859999895095825,3.0,200
2017-10-12,3.0,3.2100000381469727,3.0,3.200000047683716,3600
2017-10-13,3.200000047683716,3.299999952316284,3.200000047683716,3.299999952316284,2700
2017-10-16,3.2899999618530273,3.2899999618530273,3.2899999618530273,3.2899999618530273,300
2017-10-17,3.2899999618530273,3.2899999618530273,3.2899999618530273,3.2899999618530273,0
2017-10-18,3.200000047683716,3.200000047683716,3.200000047683716,3.200000047683716,1500
2017-10-19,3.200000047683716,3.200000047683716,3.200000047683716,3.200000047683716,600
2017-10-20,3.2300000190734863,3.2300000190734863,3.0,3.200000047683716,4400
2017-10-23,3.200000047683716,3.200000047683716,3.200000047683716,3.200000047683716,0
2017-10-24,3.0,3.0,3.0,3.0,300
2017-10-25,2.9000000953674316,3.0,2.8499999046325684,2.8499999046325684,9000
2017-10-26,2.8499999046325684,2.8499999046325684,2.8499999046325684,2.8499999046325684,600
2017-10-27,2.8499999046325684,2.8499999046325684,2.8499999046325684,2.8499999046325684,0
2017-10-30,2.049999952316284,2.5,2.049999952316284,2.5,7200
2017-10-31,2.450000047683716,2.450000047683716,2.200000047683716,2.200000047683716,600
2017-11-01,2.200000047683716,2.200000047683716,2.200000047683716,2.200000047683716,300
2017-11-02,2.200000047683716,2.200000047683716,2.200000047683716,2.200000047683716,4200
2017-11-03,2.5,2.5,2.200000047683716,2.200000047683716,1100
2017-11-06,2.0,2.0,2.0,2.0,1600
2017-11-07,2.0,2.0,2.0,2.0,1700
2017-11-08,1.9500000476837158,1.9500000476837158,1.9500000476837158,1.9500000476837158,500
2017-11-09,2.0,2.25,2.0,2.25,2200
2017-11-10,2.25,2.25,1.649999976158142,2.0,2300
2017-11-13,2.0,2.0,2.0,2.0,100
2017-11-14,1.9500000476837158,1.9500000476837158,1.9500000476837158,1.9500000476837158,900
2017-11-15,1.899999976158142,1.899999976158142,1.899999976158142,1.899999976158142,600
2017-11-16,1.850000023841858,1.850000023841858,1.7999999523162842,1.7999999523162842,400
2017-11-17,1.809999942779541,1.809999942779541,1.7000000476837158,1.7000000476837158,1800
2017-11-20,1.7000000476837158,1.7400000095367432,1.5,1.5,8900
2017-11-21,1.5,1.899999976158142,1.5,1.899999976158142,4300
2017-11-22,1.899999976158142,2.25,1.899999976158142,2.25,7500
2017-11-24,2.299999952316284,2.799999952316284,2.299999952316284,2.3499999046325684,25000
2017-11-27,2.359999895095825,3.180000066757202,2.359999895095825,3.1700000762939453,35100
2017-11-28,3.1700000762939453,3.1700000762939453,2.609999895095825,2.609999895095825,9600
2017-11-29,2.6500000953674316,3.3399999141693115,2.6500000953674316,3.299999952316284,39700
2017-11-30,3.3499999046325684,3.3499999046325684,2.6500000953674316,2.700000047683716,6400
2017-12-01,2.569999933242798,2.569999933242798,2.559999942779541,2.559999942779541,1600
2017-12-04,2.9000000953674316,3.3499999046325684,2.9000000953674316,3.1700000762939453,14600
2017-12-05,3.180000066757202,3.950000047683716,3.180000066757202,3.799999952316284,9100
2017-12-06,4.0,4.0,3.630000114440918,3.799999952316284,4800
2017-12-07,3.75,3.799999952316284,3.609999895095825,3.609999895095825,3600
2017-12-08,3.609999895095825,5.5,3.609999895095825,4.5,27800
2017-12-11,5.099999904632568,8.3100004196167,4.650000095367432,7.25,37900
2017-12-12,7.5,8.239999771118164,6.840000152587891,6.980000019073486,34000
2017-12-13,6.690000057220459,7.590000152587891,6.690000057220459,6.989999771118164,11500
2017-12-14,7.25,7.25,5.460000038146973,5.900000095367432,9200
2017-12-15,5.800000190734863,5.800000190734863,4.260000228881836,5.25,6500
2017-12-18,4.849999904632568,7.199999809265137,4.769999980926514,7.199999809265137,8200
2017-12-19,7.449999809265137,8.020000457763672,7.210000038146973,7.599999904632568,18300
2017-12-20,7.769999980926514,8.25,6.550000190734863,7.0,11400
2017-12-21,7.199999809265137,7.349999904632568,6.570000171661377,7.340000152587891,5900
2017-12-22,7.25,7.5,6.650000095367432,7.409999847412109,9800
2017-12-26,7.5,7.5,7.110000133514404,7.349999904632568,8200
2017-12-27,7.5,7.5,7.309999942779541,7.5,3600
2017-12-28,7.5,7.5,7.150000095367432,7.25,5600
2017-12-29,7.25,7.489999771118164,7.170000076293945,7.21999979019165,1700
2018-01-02,7.260000228881836,7.260000228881836,6.960000038146973,7.150000095367432,3000
2018-01-03,7.0,7.0,6.340000152587891,6.989999771118164,8900
2018-01-04,6.900000095367432,7.0,6.900000095367432,7.0,1100
2018-01-05,7.0,7.0,7.0,7.0,0
2018-01-08,7.010000228881836,7.010000228881836,6.550000190734863,6.550000190734863,1200
2018-01-09,6.550000190734863,6.550000190734863,6.550000190734863,6.550000190734863,0
2018-01-10,6.869999885559082,6.949999809265137,6.869999885559082,6.949999809265137,400
2018-01-11,6.949999809265137,6.949999809265137,6.949999809265137,6.949999809265137,0
2018-01-12,7.199999809265137,7.599999904632568,5.590000152587891,7.019999980926514,6200
2018-01-16,7.099999904632568,7.099999904632568,6.260000228881836,7.0,3500
2018-01-17,6.510000228881836,6.510000228881836,6.5,6.510000228881836,3900
2018-01-18,6.510000228881836,6.510000228881836,6.5,6.5,400
2018-01-19,6.5,7.449999809265137,6.5,7.300000190734863,3200
2018-01-22,6.510000228881836,6.510000228881836,6.03000020980835,6.309999942779541,7400
2018-01-23,6.449999809265137,6.449999809265137,5.25,5.989999771118164,7200
2018-01-24,5.25,5.260000228881836,4.559999942779541,5.25,4800
2018-01-25,5.050000190734863,5.050000190734863,4.650000095367432,4.650000095367432,2600
2018-01-26,4.550000190734863,4.989999771118164,4.550000190734863,4.550000190734863,3200
2018-01-29,4.460000038146973,4.460000038146973,4.010000228881836,4.25,3200
2018-01-30,4.25,4.25,4.25,4.25,0
2018-01-31,4.349999904632568,4.429999828338623,4.349999904632568,4.429999828338623,1000
2018-02-01,4.429999828338623,4.429999828338623,4.429999828338623,4.429999828338623,0
2018-02-02,4.440000057220459,4.440000057220459,4.440000057220459,4.440000057220459,200
2018-02-05,4.440000057220459,4.980000019073486,3.0999999046325684,4.980000019073486,7800
2018-02-06,5.0,5.0,4.989999771118164,4.989999771118164,1200
2018-02-07,5.0,5.75,5.0,5.53000020980835,3700
2018-02-08,5.539999961853027,5.550000190734863,5.539999961853027,5.550000190734863,1100
2018-02-09,5.550000190734863,5.949999809265137,5.539999961853027,5.949999809265137,600
2018-02-12,5.949999809265137,6.550000190734863,5.949999809265137,6.159999847412109,2700
2018-02-13,6.159999847412109,6.539999961853027,6.150000095367432,6.539999961853027,1300
2018-02-14,6.260000228881836,6.260000228881836,6.010000228881836,6.230000019073486,1800
2018-02-15,6.239999771118164,6.550000190734863,6.239999771118164,6.269999980926514,1200
2018-02-16,6.269999980926514,6.300000190734863,6.199999809265137,6.300000190734863,1000
2018-02-20,6.199999809265137,6.199999809265137,6.199999809265137,6.199999809265137,400
2018-02-21,6.199999809265137,6.199999809265137,6.199999809265137,6.199999809265137,0
2018-02-22,6.199999809265137,6.199999809265137,6.199999809265137,6.199999809265137,200
2018-02-23,6.199999809265137,6.199999809265137,6.199999809265137,6.199999809265137,0
2018-02-26,5.679999828338623,6.0,5.679999828338623,6.0,800
2018-02-27,5.900000095367432,6.0,5.900000095367432,6.0,900
2018-02-28,5.849999904632568,5.849999904632568,5.679999828338623,5.679999828338623,600
2018-03-01,5.5,5.5,5.010000228881836,5.010000228881836,900
2018-03-02,5.5,5.5,5.5,5.5,100
2018-03-05,5.0,5.0,5.0,5.0,300
2018-03-06,5.0,5.0,5.0,5.0,0
2018-03-07,5.25,5.25,5.25,5.25,500
2018-03-08,5.25,5.25,5.25,5.25,300
2018-03-09,5.25,5.25,5.25,5.25,0
2018-03-12,5.25,7.0,5.25,7.0,1600
2018-03-13,6.75,6.989999771118164,6.400000095367432,6.849999904632568,5500
2018-03-14,6.75,6.75,6.5,6.699999809265137,300
2018-03-15,6.650000095367432,6.650000095367432,6.599999904632568,6.599999904632568,300
2018-03-16,5.849999904632568,5.849999904632568,3.5,3.5,300
2018-03-19,3.75,5.5,3.700000047683716,5.5,1600
2018-03-20,5.550000190734863,5.550000190734863,5.5,5.5,1000
2018-03-21,4.75,5.699999809265137,4.75,5.699999809265137,200
2018-03-22,5.699999809265137,5.699999809265137,5.699999809265137,5.699999809265137,200
2018-03-23,5.699999809265137,6.599999904632568,5.699999809265137,6.0,2000
2018-03-26,6.5,6.5,6.5,6.5,300
2018-03-27,6.5,6.5,6.5,6.5,0
2018-03-28,6.5,6.5,6.5,6.5,0
2018-03-29,6.5,6.5,6.5,6.5,0
2018-04-02,6.0,6.0,6.0,6.0,300
2018-04-03,6.0,6.0,6.0,6.0,0
2018-04-04,6.0,6.0,6.0,6.0,0
2018-04-05,6.0,6.0,6.0,6.0,0
2018-04-06,5.050000190734863,5.050000190734863,5.03000020980835,5.050000190734863,800
2018-04-09,5.800000190734863,5.800000190734863,5.800000190734863,5.800000190734863,200
2018-04-10,5.699999809265137,5.699999809265137,5.699999809265137,5.699999809265137,300
2018-04-11,5.699999809265137,5.699999809265137,5.699999809265137,5.699999809265137,0
2018-04-12,5.699999809265137,5.699999809265137,5.699999809265137,5.699999809265137,0
2018-04-13,5.699999809265137,5.699999809265137,5.699999809265137,5.699999809265137,0
2018-04-16,5.650000095367432,5.650000095367432,5.650000095367432,5.650000095367432,500
2018-04-17,5.650000095367432,5.650000095367432,5.650000095367432,5.650000095367432,0
2018-04-18,5.449999809265137,5.449999809265137,5.449999809265137,5.449999809265137,200
2018-04-19,5.039999961853027,5.039999961853027,5.03000020980835,5.03000020980835,200
2018-04-20,5.0,5.0,5.0,5.0,200
2018-04-23,5.0,5.0,5.0,5.0,0
2018-04-24,4.0,4.0,4.0,4.0,200
2018-04-25,4.0,4.0,4.0,4.0,0
2018-04-26,4.0,4.0,4.0,4.0,0
2018-04-27,4.440000057220459,4.650000095367432,4.440000057220459,4.650000095367432,1100
2018-04-30,4.900000095367432,5.099999904632568,4.900000095367432,5.099999904632568,500
2018-05-01,5.0,5.199999809265137,5.0,5.199999809265137,2000
2018-05-02,4.059999942779541,5.199999809265137,4.059999942779541,5.0,1900
2018-05-03,5.199999809265137,5.449999809265137,4.050000190734863,5.179999828338623,7900
2018-05-04,5.179999828338623,5.179999828338623,5.179999828338623,5.179999828338623,0
2018-05-07,5.0,5.230000019073486,5.0,5.199999809265137,1600
2018-05-08,5.199999809265137,5.199999809265137,5.199999809265137,5.199999809265137,0
2018-05-09,5.0,6.0,5.0,5.099999904632568,2500
2018-05-10,5.25,5.25,5.150000095367432,5.150000095367432,2500
2018-05-11,5.150000095367432,5.150000095367432,4.800000190734863,4.800000190734863,1600
2018-05-14,5.25,6.5,5.25,5.900000095367432,23600
2018-05-15,5.019999980926514,5.019999980926514,5.0,5.0,400
2018-05-16,5.0,5.599999904632568,5.0,5.599999904632568,700
2018-05-17,5.599999904632568,5.599999904632568,5.599999904632568,5.599999904632568,0
2018-05-18,5.599999904632568,5.599999904632568,5.599999904632568,5.599999904632568,0
2018-05-21,5.550000190734863,6.0,5.550000190734863,6.0,2000
2018-05-22,6.0,6.0,6.0,6.0,0
2018-05-23,6.550000190734863,6.75,6.0,6.0,5500
2018-05-24,5.579999923706055,5.579999923706055,5.579999923706055,5.579999923706055,200
2018-05-25,5.579999923706055,5.579999923706055,5.579999923706055,5.579999923706055,0
2018-05-29,5.260000228881836,6.75,5.010000228881836,6.699999809265137,13700
2018-05-30,6.059999942779541,6.25,5.940000057220459,6.059999942779541,18600
2018-05-31,6.059999942779541,6.059999942779541,5.949999809265137,6.0,1000
2018-06-01,6.0,6.25,5.699999809265137,6.25,19100
2018-06-04,6.25,6.25,6.25,6.25,0
2018-06-05,6.21999979019165,6.699999809265137,6.21999979019165,6.650000095367432,3400
2018-06-06,6.699999809265137,7.0,6.25,7.0,18200
2018-06-07,7.0,7.050000190734863,6.75,6.840000152587891,1400
2018-06-08,6.920000076293945,6.920000076293945,6.920000076293945,6.920000076293945,200
2018-06-11,6.909999847412109,6.909999847412109,6.909999847412109,6.909999847412109,200
2018-06-12,6.920000076293945,7.5,6.019999980926514,6.019999980926514,3000
2018-06-13,6.099999904632568,6.480000019073486,6.050000190734863,6.480000019073486,1200
2018-06-14,6.480000019073486,6.480000019073486,6.480000019073486,6.480000019073486,0
2018-06-15,5.550000190734863,6.25,5.5,6.25,7600
2018-06-18,6.25,6.25,6.25,6.25,400
2018-06-19,6.010000228881836,6.010000228881836,6.010000228881836,6.010000228881836,600
2018-06-20,6.010000228881836,6.010000228881836,6.010000228881836,6.010000228881836,100
2018-06-21,5.699999809265137,6.75,5.5,6.75,1500
2018-06-22,6.0,7.0,6.0,7.0,2800
2018-06-25,7.0,7.0,7.0,7.0,100
2018-06-26,7.0,7.0,7.0,7.0,0
2018-06-27,7.0,7.0,7.0,7.0,200
2018-06-28,7.0,7.0,7.0,7.0,100
2018-06-29,7.0,7.0,6.5,7.0,1400
2018-07-02,7.0,7.0,6.019999980926514,7.0,600
2018-07-03,7.0,7.0,6.5,6.5,1100
2018-07-05,7.0,7.0,7.0,7.0,100
2018-07-06,7.0,7.0,7.0,7.0,200
2018-07-09,6.75,6.75,6.630000114440918,6.75,600
2018-07-10,6.5,7.0,6.050000190734863,7.0,1500
2018-07-11,7.0,7.0,7.0,7.0,100
2018-07-12,6.309999942779541,7.0,6.110000133514404,7.0,400
2018-07-13,7.0,7.0,6.300000190734863,6.949999809265137,700
2018-07-16,6.630000114440918,6.949999809265137,6.630000114440918,6.949999809265137,500
2018-07-17,7.0,7.0,6.800000190734863,6.949999809265137,900
2018-07-18,6.800000190734863,6.949999809265137,6.800000190734863,6.949999809265137,1400
2018-07-19,6.800000190734863,6.940000057220459,6.300000190734863,6.940000057220459,1200
2018-07-20,6.949999809265137,6.949999809265137,6.949999809265137,6.949999809265137,100
2018-07-23,6.949999809265137,6.949999809265137,6.949999809265137,6.949999809265137,100
2018-07-24,6.949999809265137,6.949999809265137,6.949999809265137,6.949999809265137,100
2018-07-25,6.599999904632568,6.949999809265137,6.599999904632568,6.949999809265137,2000
2018-07-26,6.949999809265137,6.949999809265137,6.949999809265137,6.949999809265137,400
2018-07-27,6.949999809265137,6.949999809265137,6.949999809265137,6.949999809265137,100
2018-07-30,6.949999809265137,6.949999809265137,6.949999809265137,6.949999809265137,300
2018-07-31,6.630000114440918,6.949999809265137,6.630000114440918,6.949999809265137,600
2018-08-01,6.300000190734863,6.949999809265137,6.300000190734863,6.949999809265137,900
2018-08-02,6.300000190734863,6.940000057220459,6.300000190734863,6.940000057220459,2400
2018-08-03,6.900000095367432,6.900000095367432,6.900000095367432,6.900000095367432,100
2018-08-06,6.889999866485596,6.889999866485596,6.889999866485596,6.889999866485596,1500
2018-08-07,6.5,6.5,6.400000095367432,6.400000095367432,1600
2018-08-08,6.360000133514404,6.699999809265137,6.360000133514404,6.699999809265137,1300
2018-08-09,6.409999847412109,6.409999847412109,6.050000190734863,6.050000190734863,2800
2018-08-10,6.0,6.25,5.25,6.25,4900
2018-08-13,6.25,6.25,6.25,6.25,0
2018-08-14,6.300000190734863,6.300000190734863,6.300000190734863,6.300000190734863,100
2018-08-15,6.0,6.0,5.25,5.789999961853027,400
2018-08-16,6.880000114440918,6.889999866485596,6.880000114440918,6.889999866485596,2400
2018-08-17,6.0,6.75,6.0,6.75,200
2018-08-20,6.5,6.5,6.5,6.5,100
2018-08-21,6.550000190734863,6.550000190734863,6.550000190734863,6.550000190734863,100
2018-08-22,6.739999771118164,6.739999771118164,6.5,6.5,500
2018-08-23,6.5,6.5,6.5,6.5,0
2018-08-24,6.5,6.5,6.5,6.5,0
2018-08-27,6.5,6.5,6.5,6.5,0
2018-08-28,6.5,6.5,6.5,6.5,0
2018-08-29,6.5,6.5,6.5,6.5,0
2018-08-30,6.5,6.5,6.5,6.5,0
2018-08-31,5.369999885559082,6.5,5.369999885559082,5.369999885559082,400
2018-09-04,6.0,6.0,6.0,6.0,100
2018-09-05,5.210000038146973,5.210000038146973,5.0,5.099999904632568,1300
2018-09-06,5.099999904632568,5.699999809265137,5.099999904632568,5.699999809265137,400
2018-09-07,5.699999809265137,5.699999809265137,5.699999809265137,5.699999809265137,0
2018-09-10,5.010000228881836,5.699999809265137,5.010000228881836,5.699999809265137,4000
2018-09-11,5.699999809265137,5.699999809265137,5.699999809265137,5.699999809265137,0
2018-09-12,5.699999809265137,5.699999809265137,5.699999809265137,5.699999809265137,0
2018-09-13,5.699999809265137,5.699999809265137,5.699999809265137,5.699999809265137,0
2018-09-14,5.699999809265137,5.699999809265137,5.699999809265137,5.699999809265137,0
2018-09-17,5.5,5.5,5.5,5.5,100
2018-09-18,5.199999809265137,5.199999809265137,5.199999809265137,5.199999809265137,500
2018-09-19,5.099999904632568,6.0,5.0,6.0,1500
2018-09-20,5.0,5.5,5.0,5.5,4400
2018-09-21,5.0,5.0,5.0,5.0,300
2018-09-24,4.75,4.75,3.4000000953674316,3.7699999809265137,1700
2018-09-25,4.110000133514404,5.989999771118164,4.110000133514404,5.989999771118164,600
2018-09-26,4.010000228881836,5.900000095367432,4.0,5.900000095367432,2400
2018-09-27,5.25,5.75,5.25,5.75,1900
2018-09-28,5.75,5.75,5.75,5.75,0
2018-10-01,5.519999980926514,5.71999979019165,5.0,5.71999979019165,1200
2018-10-02,5.0,5.690000057220459,5.0,5.690000057220459,200
2018-10-03,5.0,5.690000057220459,5.0,5.690000057220459,600
2018-10-04,5.0,5.0,5.0,5.0,300
2018-10-05,5.0,5.0,5.0,5.0,0
2018-10-08,5.0,5.0,5.0,5.0,0
2018-10-09,5.679999828338623,5.699999809265137,5.010000228881836,5.699999809265137,3300
2018-10-10,5.059999942779541,5.059999942779541,5.059999942779541,5.059999942779541,300
2018-10-11,5.059999942779541,5.059999942779541,5.059999942779541,5.059999942779541,0
2018-10-12,5.070000171661377,5.070000171661377,5.0,5.0,1100
2018-10-15,5.0,5.0,5.0,5.0,0
2018-10-16,5.0,5.0,5.0,5.0,0
2018-10-17,5.0,5.0,5.0,5.0,200
2018-10-18,5.0,5.0,5.0,5.0,0
2018-10-19,5.0,5.0,5.0,5.0,0
2018-10-22,5.0,5.0,5.0,5.0,0
2018-10-23,5.0,5.0,4.5,5.0,700
2018-10-24,5.0,5.0,5.0,5.0,0
2018-10-25,5.0,5.0,5.0,5.0,100
2018-10-26,5.0,5.0,5.0,5.0,100
2018-10-29,5.0,5.0,5.0,5.0,0
2018-10-30,5.0,5.0,5.0,5.0,0
2018-10-31,5.0,5.5,5.0,5.5,500
2018-11-01,5.5,5.5,5.5,5.5,0
2018-11-02,5.5,5.5,5.5,5.5,100
2018-11-05,4.75,5.349999904632568,4.5,4.5,800
2018-11-06,4.5,4.5,4.5,4.5,0
2018-11-07,4.5,4.5,4.5,4.5,0
2018-11-08,4.550000190734863,4.550000190734863,4.550000190734863,4.550000190734863,3000
2018-11-09,4.550000190734863,4.550000190734863,4.550000190734863,4.550000190734863,100
2018-11-12,4.550000190734863,4.550000190734863,4.5,4.5,400
2018-11-13,4.5,4.5,4.5,4.5,200
2018-11-14,4.25,5.0,4.25,5.0,3900
2018-11-15,4.989999771118164,5.25,4.5,5.25,2300
2018-11-16,5.25,5.75,5.0,5.75,3100
2018-11-19,5.75,5.75,5.75,5.75,0
2018-11-20,5.75,5.75,5.75,5.75,100
2018-11-21,5.25,5.25,4.0,5.0,800
2018-11-23,4.099999904632568,4.099999904632568,4.099999904632568,4.099999904632568,1000
2018-11-26,4.5,5.900000095367432,4.5,5.900000095367432,6100
2018-11-27,5.0,5.0,5.0,5.0,400
2018-11-28,5.0,5.0,5.0,5.0,100
2018-11-29,4.550000190734863,4.900000095367432,4.050000190734863,4.900000095367432,4300
2018-11-30,4.900000095367432,4.900000095367432,4.900000095367432,4.900000095367432,500
2018-12-03,4.900000095367432,4.900000095367432,4.900000095367432,4.900000095367432,0
2018-12-04,4.900000095367432,4.900000095367432,4.900000095367432,4.900000095367432,200
2018-12-06,4.900000095367432,4.900000095367432,4.900000095367432,4.900000095367432,0
2018-12-07,5.849999904632568,5.849999904632568,5.849999904632568,5.849999904632568,100
2018-12-10,4.900000095367432,4.900000095367432,4.900000095367432,4.900000095367432,400
2018-12-11,4.900000095367432,4.900000095367432,4.900000095367432,4.900000095367432,0
2018-12-12,4.099999904632568,4.099999904632568,4.050000190734863,4.050000190734863,1400
2018-12-13,4.050000190734863,4.050000190734863,4.050000190734863,4.050000190734863,100
2018-12-14,4.050000190734863,4.050000190734863,4.050000190734863,4.050000190734863,100
2018-12-17,4.050000190734863,4.050000190734863,4.050000190734863,4.050000190734863,100
2018-12-18,4.5,4.5,4.5,4.5,100
2018-12-19,3.8499999046325684,3.8499999046325684,3.0,3.0,900
2018-12-20,4.0,4.0,4.0,4.0,100
2018-12-21,4.0,4.0,4.0,4.0,0
2018-12-24,4.449999809265137,4.449999809265137,4.449999809265137,4.449999809265137,100
2018-12-26,4.0,4.25,4.0,4.25,200
2018-12-27,4.25,4.25,4.25,4.25,200
2018-12-28,4.25,4.25,4.25,4.25,100
2018-12-31,4.0,4.5,4.0,4.5,1000
2019-01-02,3.369999885559082,4.300000190734863,3.369999885559082,4.300000190734863,300
2019-01-03,4.300000190734863,4.300000190734863,4.300000190734863,4.300000190734863,0
2019-01-04,4.300000190734863,4.300000190734863,4.300000190734863,4.300000190734863,100
2019-01-07,3.9800000190734863,3.9800000190734863,3.9800000190734863,3.9800000190734863,200
2019-01-08,3.9800000190734863,3.9800000190734863,3.9800000190734863,3.9800000190734863,0
2019-01-09,3.950000047683716,3.950000047683716,3.8499999046325684,3.8499999046325684,200
2019-01-10,3.8499999046325684,3.8499999046325684,3.8499999046325684,3.8499999046325684,0
2019-01-11,3.8499999046325684,3.8499999046325684,3.8499999046325684,3.8499999046325684,0
2019-01-14,3.299999952316284,3.299999952316284,2.75,2.75,400
2019-01-15,2.880000114440918,3.0,2.880000114440918,3.0,400
2019-01-16,3.549999952316284,3.5999999046325684,3.5399999618530273,3.5999999046325684,1400
2019-01-17,3.5999999046325684,3.5999999046325684,3.5999999046325684,3.5999999046325684,1200
2019-01-18,3.490000009536743,3.490000009536743,3.490000009536743,3.490000009536743,100
2019-01-22,3.490000009536743,3.490000009536743,3.490000009536743,3.490000009536743,100
2019-01-23,3.490000009536743,3.490000009536743,3.490000009536743,3.490000009536743,0
2019-01-24,3.0999999046325684,3.0999999046325684,3.0999999046325684,3.0999999046325684,100
2019-01-25,3.0999999046325684,3.0999999046325684,3.0999999046325684,3.0999999046325684,0
2019-01-28,3.0999999046325684,3.0999999046325684,3.0999999046325684,3.0999999046325684,1700
2019-01-29,3.0999999046325684,3.0999999046325684,3.0999999046325684,3.0999999046325684,0
2019-01-30,3.0999999046325684,3.0999999046325684,3.0999999046325684,3.0999999046325684,0
2019-01-31,3.450000047683716,3.450000047683716,3.450000047683716,3.450000047683716,600
2019-02-01,3.450000047683716,3.450000047683716,3.450000047683716,3.450000047683716,100
2019-02-04,3.430000066757202,3.430000066757202,3.430000066757202,3.430000066757202,100
2019-02-05,3.430000066757202,3.430000066757202,3.430000066757202,3.430000066757202,0
2019-02-06,3.430000066757202,3.430000066757202,3.430000066757202,3.430000066757202,0
2019-02-07,3.4000000953674316,3.4000000953674316,3.4000000953674316,3.4000000953674316,100
2019-02-08,3.4000000953674316,3.4000000953674316,3.4000000953674316,3.4000000953674316,0
2019-02-11,3.4000000953674316,3.4000000953674316,3.4000000953674316,3.4000000953674316,0
2019-02-12,3.4000000953674316,3.4000000953674316,3.4000000953674316,3.4000000953674316,0
2019-02-13,3.4000000953674316,3.4000000953674316,3.4000000953674316,3.4000000953674316,0
2019-02-14,2.559999942779541,2.559999942779541,2.559999942779541,2.559999942779541,100
2019-02-15,2.559999942779541,2.559999942779541,2.559999942779541,2.559999942779541,0
2019-02-19,3.3499999046325684,4.480000019073486,3.3499999046325684,4.480000019073486,4000
2019-02-20,4.480000019073486,4.480000019073486,4.480000019073486,4.480000019073486,0
2019-02-21,4.480000019073486,4.480000019073486,4.480000019073486,4.480000019073486,0
2019-02-22,4.480000019073486,4.480000019073486,4.480000019073486,4.480000019073486,0
2019-02-25,4.480000019073486,4.480000019073486,4.480000019073486,4.480000019073486,0
2019-02-26,4.480000019073486,4.480000019073486,4.480000019073486,4.480000019073486,100
2019-02-27,4.480000019073486,4.480000019073486,4.480000019073486,4.480000019073486,0
2019-02-28,4.480000019073486,4.480000019073486,4.480000019073486,4.480000019073486,0
2019-03-01,3.990000009536743,3.990000009536743,3.990000009536743,3.990000009536743,300
2019-03-04,3.990000009536743,3.990000009536743,3.990000009536743,3.990000009536743,100
2019-03-05,3.990000009536743,3.990000009536743,3.990000009536743,3.990000009536743,100
2019-03-06,3.990000009536743,3.990000009536743,3.990000009536743,3.990000009536743,0
2019-03-07,3.990000009536743,3.990000009536743,3.990000009536743,3.990000009536743,0
2019-03-08,3.990000009536743,3.990000009536743,3.990000009536743,3.990000009536743,0
2019-03-11,3.990000009536743,3.990000009536743,3.990000009536743,3.990000009536743,0
2019-03-12,3.990000009536743,3.990000009536743,3.990000009536743,3.990000009536743,0
2019-03-13,3.990000009536743,3.990000009536743,3.990000009536743,3.990000009536743,0
2019-03-14,4.0,4.0,4.0,4.0,100
2019-03-15,4.0,4.0,4.0,4.0,0
2019-03-18,4.0,4.0,3.25,4.0,900
2019-03-19,3.990000009536743,3.990000009536743,3.990000009536743,3.990000009536743,200
2019-03-20,2.25,2.75,1.0499999523162842,2.75,2000
2019-03-21,2.880000114440918,3.0,2.880000114440918,3.0,200
2019-03-22,3.5399999618530273,3.75,3.5399999618530273,3.75,900
2019-03-25,4.0,4.0,4.0,4.0,1200
2019-03-26,4.0,4.0,4.0,4.0,0
2019-03-27,3.549999952316284,3.549999952316284,3.5399999618530273,3.5399999618530273,400
2019-03-28,3.5399999618530273,3.5399999618530273,3.5399999618530273,3.5399999618530273,100
2019-03-29,3.5399999618530273,3.5399999618530273,3.5399999618530273,3.5399999618530273,0
2019-04-01,3.990000009536743,3.990000009536743,3.990000009536743,3.990000009536743,300
2019-04-02,3.990000009536743,3.990000009536743,3.990000009536743,3.990000009536743,0
2019-04-03,3.2799999713897705,3.2799999713897705,3.2799999713897705,3.2799999713897705,100
2019-04-04,3.2799999713897705,3.2799999713897705,3.2799999713897705,3.2799999713897705,100
2019-04-05,3.9800000190734863,4.0,3.490000009536743,4.0,1000
2019-04-08,4.0,4.0,4.0,4.0,0
2019-04-09,4.0,4.0,4.0,4.0,0
2019-04-10,4.0,4.0,4.0,4.0,0
2019-04-11,3.5,4.0,3.5,4.0,500
2019-04-12,3.799999952316284,3.799999952316284,3.0,3.0,500
2019-04-15,3.0,3.0,3.0,3.0,100
2019-04-16,4.0,4.0,3.0,3.0,2000
2019-04-17,3.25,3.25,3.25,3.25,100
2019-04-18,2.869999885559082,3.950000047683716,2.869999885559082,3.4700000286102295,600
2019-04-22,3.700000047683716,3.700000047683716,2.0199999809265137,2.559999942779541,2500
2019-04-23,2.559999942779541,2.559999942779541,2.559999942779541,2.559999942779541,0
2019-04-24,2.559999942779541,2.559999942779541,2.559999942779541,2.559999942779541,100
2019-04-25,3.240000009536743,3.240000009536743,3.0,3.0,2000
2019-04-26,3.0,3.0,3.0,3.0,900
2019-04-29,3.0,3.0,3.0,3.0,0
2019-04-30,3.25,3.4000000953674316,3.25,3.4000000953674316,200
2019-05-01,3.0299999713897705,3.2899999618530273,3.0299999713897705,3.2899999618530273,500
2019-05-02,3.0999999046325684,3.0999999046325684,3.0999999046325684,3.0999999046325684,200
2019-05-03,3.0999999046325684,3.0999999046325684,3.0999999046325684,3.0999999046325684,100
2019-05-06,3.0999999046325684,3.0999999046325684,3.0999999046325684,3.0999999046325684,0
2019-05-07,3.0999999046325684,3.0999999046325684,3.0999999046325684,3.0999999046325684,100
2019-05-08,2.75,3.0,2.5,2.990000009536743,900
2019-05-09,2.990000009536743,2.990000009536743,2.990000009536743,2.990000009536743,100
2019-05-10,2.990000009536743,2.990000009536743,2.990000009536743,2.990000009536743,0
2019-05-13,3.0,3.0,3.0,3.0,200
2019-05-14,2.309999942779541,2.309999942779541,2.109999895095825,2.109999895095825,200
2019-05-15,2.549999952316284,2.7899999618530273,2.549999952316284,2.7899999618530273,300
2019-05-16,2.990000009536743,3.0999999046325684,2.990000009536743,3.0999999046325684,900
2019-05-17,3.0999999046325684,3.0999999046325684,3.0999999046325684,3.0999999046325684,0
2019-05-20,3.0999999046325684,3.0999999046325684,3.0999999046325684,3.0999999046325684,0
2019-05-21,3.0999999046325684,3.0999999046325684,3.0999999046325684,3.0999999046325684,0
2019-05-22,3.0999999046325684,3.0999999046325684,3.0999999046325684,3.0999999046325684,100
2019-05-23,3.0999999046325684,3.0999999046325684,3.0999999046325684,3.0999999046325684,0
2019-05-24,3.0999999046325684,3.0999999046325684,3.0999999046325684,3.0999999046325684,0
2019-05-28,3.0999999046325684,3.0999999046325684,3.0999999046325684,3.0999999046325684,0
2019-05-29,3.0999999046325684,3.0999999046325684,3.0999999046325684,3.0999999046325684,0
2019-05-30,3.5899999141693115,3.5899999141693115,3.5899999141693115,3.5899999141693115,300
2019-05-31,3.5899999141693115,3.5899999141693115,3.5899999141693115,3.5899999141693115,0
2019-06-03,4.0,4.0,3.299999952316284,3.299999952316284,1300
2019-06-04,3.299999952316284,3.299999952316284,3.299999952316284,3.299999952316284,0
2019-06-05,3.299999952316284,3.299999952316284,3.299999952316284,3.299999952316284,0
2019-06-06,3.299999952316284,3.299999952316284,3.299999952316284,3.299999952316284,0
2019-06-07,3.7300000190734863,3.930000066757202,3.7300000190734863,3.930000066757202,2200
2019-06-10,3.640000104904175,3.640000104904175,3.3499999046325684,3.3499999046325684,900
2019-06-11,4.0,4.0,4.0,4.0,400
2019-06-12,4.0,4.0,4.0,4.0,100
2019-06-13,4.0,4.0,4.0,4.0,0
2019-06-14,4.0,4.0,4.0,4.0,0
2019-06-17,3.75,3.75,2.240000009536743,2.240000009536743,3100
2019-06-18,3.5999999046325684,3.5999999046325684,3.5999999046325684,3.5999999046325684,100
2019-06-19,3.5999999046325684,3.5999999046325684,3.5999999046325684,3.5999999046325684,0
2019-06-20,3.5999999046325684,3.5999999046325684,3.5999999046325684,3.5999999046325684,100
2019-06-21,3.0,3.930000066757202,3.0,3.930000066757202,2000
2019-06-24,3.930000066757202,3.930000066757202,3.930000066757202,3.930000066757202,100
2019-06-25,3.25,3.25,3.25,3.25,100
2019-06-26,3.25,3.25,3.25,3.25,0
2019-06-27,3.25,3.25,3.25,3.25,0
2019-06-28,3.25,3.25,3.25,3.25,0
2019-07-01,3.75,3.75,2.6500000953674316,2.6500000953674316,400
2019-07-02,3.5,3.75,3.200000047683716,3.75,1200
2019-07-03,2.6500000953674316,2.6500000953674316,2.6500000953674316,2.6500000953674316,1000
2019-07-05,2.6500000953674316,2.6500000953674316,2.6500000953674316,2.6500000953674316,0
2019-07-08,2.6500000953674316,2.6500000953674316,2.6500000953674316,2.6500000953674316,100
2019-07-09,3.2799999713897705,3.6600000858306885,3.2799999713897705,3.6600000858306885,800
2019-07-10,3.180000066757202,3.180000066757202,3.180000066757202,3.180000066757202,100
2019-07-11,3.0,3.0999999046325684,3.0,3.0,3400
2019-07-12,3.0,3.0,3.0,3.0,100
2019-07-15,3.4200000762939453,3.4200000762939453,3.0999999046325684,3.0999999046325684,900
2019-07-16,3.7300000190734863,3.75,3.380000114440918,3.75,800
2019-07-17,3.380000114440918,3.75,3.380000114440918,3.75,800
2019-07-18,3.75,3.75,3.75,3.75,0
2019-07-19,3.75,3.75,3.75,3.75,0
2019-07-22,3.380000114440918,3.4800000190734863,3.2100000381469727,3.2100000381469727,1000
2019-07-23,3.2100000381469727,3.3299999237060547,3.1500000953674316,3.1500000953674316,700
2019-07-24,3.1500000953674316,3.1500000953674316,3.1500000953674316,3.1500000953674316,0
2019-07-25,3.1500000953674316,3.1500000953674316,3.1500000953674316,3.1500000953674316,100
2019-07-26,3.1500000953674316,3.1500000953674316,3.1500000953674316,3.1500000953674316,0
2019-07-29,3.2100000381469727,3.3299999237060547,3.1500000953674316,3.1500000953674316,100
2019-07-30,3.0,3.490000009536743,2.240000009536743,3.490000009536743,900
2019-07-31,3.490000009536743,3.490000009536743,2.240000009536743,3.490000009536743,500
2019-08-01,3.490000009536743,3.490000009536743,3.490000009536743,3.490000009536743,100
2019-08-02,3.490000009536743,3.490000009536743,3.490000009536743,3.490000009536743,100
2019-08-05,3.490000009536743,3.490000009536743,3.490000009536743,3.490000009536743,0
2019-08-06,3.2200000286102295,3.75,3.2200000286102295,3.5,1400
2019-08-07,3.5,3.5,3.5,3.5,100
2019-08-08,3.5,3.5,3.5,3.5,0
2019-08-09,3.5,3.5,3.5,3.5,100
2019-08-12,3.5,3.5,3.5,3.5,100
2019-08-13,3.5,3.5,3.5,3.5,100
2019-08-14,3.5,3.5,3.5,3.5,100
2019-08-15,3.0,3.0,2.75,2.75,300
2019-08-16,2.75,2.75,2.75,2.75,0
2019-08-19,3.5,3.5,3.5,3.5,500
2019-08-20,3.180000066757202,3.180000066757202,2.259999990463257,2.9000000953674316,800
2019-08-21,2.799999952316284,2.799999952316284,2.25,2.25,1000
2019-08-22,2.25,2.25,2.25,2.25,0
2019-08-23,2.25,2.25,2.25,2.25,0
2019-08-26,2.25,2.25,2.25,2.25,0
2019-08-27,2.880000114440918,3.0,2.630000114440918,2.9000000953674316,600
2019-08-28,2.9000000953674316,2.9000000953674316,2.9000000953674316,2.9000000953674316,0
2019-08-29,2.5,2.5199999809265137,2.5,2.5,600
2019-08-30,2.5,2.5,2.5,2.5,0
2019-09-03,2.9000000953674316,3.0,2.75,2.75,900
2019-09-04,2.5999999046325684,2.9000000953674316,2.5999999046325684,2.799999952316284,800
2019-09-05,2.799999952316284,2.799999952316284,2.799999952316284,2.799999952316284,0
2019-09-06,2.799999952316284,2.799999952316284,2.799999952316284,2.799999952316284,0
2019-09-09,3.0,3.0,3.0,3.0,300
2019-09-10,3.0,3.0,3.0,3.0,0
2019-09-11,2.5999999046325684,2.609999895095825,2.5999999046325684,2.5999999046325684,400
2019-09-12,2.5999999046325684,2.5999999046325684,2.5999999046325684,2.5999999046325684,0
2019-09-13,2.5999999046325684,2.5999999046325684,2.5999999046325684,2.5999999046325684,0
2019-09-16,2.5999999046325684,2.5999999046325684,2.5999999046325684,2.5999999046325684,0
2019-09-17,2.25,2.2699999809265137,1.7200000286102295,1.7200000286102295,3300
2019-09-18,1.7200000286102295,1.7200000286102295,1.7200000286102295,1.7200000286102295,100
2019-09-19,1.7200000286102295,1.7200000286102295,1.7200000286102295,1.7200000286102295,0
2019-09-20,1.8899999856948853,1.8899999856948853,1.7999999523162842,1.7999999523162842,500
2019-09-23,1.7999999523162842,1.7999999523162842,1.7999999523162842,1.7999999523162842,0
2019-09-24,1.7999999523162842,1.7999999523162842,1.7999999523162842,1.7999999523162842,0
2019-09-25,1.7999999523162842,1.7999999523162842,1.7999999523162842,1.7999999523162842,0
2019-09-26,1.7999999523162842,1.7999999523162842,1.7999999523162842,1.7999999523162842,0
2019-09-27,2.4200000762939453,2.4200000762939453,2.1500000953674316,2.1500000953674316,1000
2019-09-30,2.700000047683716,2.700000047683716,2.1500000953674316,2.1500000953674316,300
2019-10-01,2.1500000953674316,2.1700000762939453,1.399999976158142,1.399999976158142,13200
2019-10-02,1.7599999904632568,1.7999999523162842,1.4199999570846558,1.4199999570846558,15200
2019-10-03,1.4199999570846558,1.4199999570846558,1.4199999570846558,1.4199999570846558,0
2019-10-04,1.4199999570846558,1.4199999570846558,1.4199999570846558,1.4199999570846558,100
2019-10-07,1.5,1.7300000190734863,1.4700000286102295,1.4700000286102295,500
2019-10-08,1.75,1.75,1.5,1.5,3300
2019-10-09,1.5,1.5,1.5,1.5,100
2019-10-10,1.5099999904632568,1.5099999904632568,1.5,1.5,1400
2019-10-11,1.5,1.5,1.5,1.5,0
2019-10-14,1.7699999809265137,1.7699999809265137,1.5499999523162842,1.5499999523162842,200
2019-10-15,1.7200000286102295,1.8799999952316284,1.5700000524520874,1.7300000190734863,1900
2019-10-16,1.7300000190734863,1.7300000190734863,1.7300000190734863,1.7300000190734863,0
2019-10-17,1.7300000190734863,1.7300000190734863,1.7300000190734863,1.7300000190734863,0
2019-10-18,1.7999999523162842,1.7999999523162842,1.25,1.25,1400
2019-10-21,1.600000023841858,1.8799999952316284,1.600000023841858,1.7999999523162842,3200
2019-10-22,1.7999999523162842,1.7999999523162842,1.7999999523162842,1.7999999523162842,0
2019-10-23,1.7999999523162842,1.7999999523162842,1.7999999523162842,1.7999999523162842,0
2019-10-24,1.7999999523162842,1.7999999523162842,1.7999999523162842,1.7999999523162842,0
2019-10-25,1.7999999523162842,1.7999999523162842,1.7999999523162842,1.7999999523162842,0
2019-10-28,1.7999999523162842,1.7999999523162842,1.7999999523162842,1.7999999523162842,0
2019-10-29,1.7999999523162842,1.7999999523162842,1.7999999523162842,1.7999999523162842,0
2019-10-30,1.850000023841858,1.850000023841858,1.6100000143051147,1.6100000143051147,300
2019-10-31,1.7999999523162842,1.7999999523162842,1.7999999523162842,1.7999999523162842,100
2019-11-01,1.7999999523162842,1.7999999523162842,1.2999999523162842,1.2999999523162842,14200
2019-11-04,1.2999999523162842,1.2999999523162842,1.2999999523162842,1.2999999523162842,0
2019-11-05,1.350000023841858,1.350000023841858,1.2000000476837158,1.2000000476837158,10500
2019-11-06,1.2000000476837158,1.2000000476837158,1.2000000476837158,1.2000000476837158,0
2019-11-07,1.2000000476837158,1.2000000476837158,1.2000000476837158,1.2000000476837158,0
2019-11-08,1.2100000381469727,1.3799999952316284,1.2100000381469727,1.3700000047683716,1300
2019-11-11,1.3700000047683716,1.3700000047683716,1.25,1.25,2900
2019-11-12,1.25,1.25,1.25,1.25,0
2019-11-13,1.25,1.25,1.25,1.25,0
2019-11-14,1.399999976158142,1.399999976158142,1.399999976158142,1.399999976158142,2000
2019-11-15,1.399999976158142,1.399999976158142,1.399999976158142,1.399999976158142,0
2019-11-18,1.399999976158142,1.399999976158142,1.399999976158142,1.399999976158142,0
2019-11-19,1.399999976158142,1.399999976158142,1.399999976158142,1.399999976158142,0
2019-11-20,1.2899999618530273,1.2999999523162842,1.149999976158142,1.2000000476837158,1700
2019-11-21,1.1799999475479126,1.4299999475479126,1.1799999475479126,1.4299999475479126,5200
2019-11-22,1.5,1.5099999904632568,1.5,1.5099999904632568,2000
2019-11-25,1.7999999523162842,1.7999999523162842,1.75,1.75,2300
2019-11-26,1.75,1.75,1.75,1.75,100
2019-11-27,1.75,1.75,1.75,1.75,0
2019-11-29,1.7799999713897705,1.7799999713897705,1.7799999713897705,1.7799999713897705,100
2019-12-02,1.7799999713897705,1.7799999713897705,1.7799999713897705,1.7799999713897705,0
2019-12-03,1.7799999713897705,1.7799999713897705,1.7799999713897705,1.7799999713897705,100
2019-12-04,1.7799999713897705,1.7799999713897705,1.7799999713897705,1.7799999713897705,200
2019-12-05,1.7799999713897705,1.7799999713897705,1.7799999713897705,1.7799999713897705,0
2019-12-06,1.7799999713897705,1.7799999713897705,1.7799999713897705,1.7799999713897705,0
2019-12-09,1.7799999713897705,1.7799999713897705,1.7799999713897705,1.7799999713897705,0
2019-12-10,1.2000000476837158,1.2000000476837158,1.2000000476837158,1.2000000476837158,200
2019-12-11,1.2000000476837158,1.2000000476837158,1.2000000476837158,1.2000000476837158,100
2019-12-12,1.2000000476837158,1.2000000476837158,1.2000000476837158,1.2000000476837158,0
2019-12-13,1.2000000476837158,1.2000000476837158,1.190000057220459,1.2000000476837158,1900
2019-12-16,1.5499999523162842,1.5499999523162842,1.159999966621399,1.159999966621399,11800
2019-12-17,1.3700000047683716,1.399999976158142,1.3700000047683716,1.3700000047683716,2300
2019-12-18,1.7599999904632568,1.7599999904632568,1.7599999904632568,1.7599999904632568,400
2019-12-19,1.7599999904632568,1.7599999904632568,1.7599999904632568,1.7599999904632568,0
2019-12-20,1.159999966621399,1.3600000143051147,1.100000023841858,1.100000023841858,14200
2019-12-23,1.100000023841858,1.2300000190734863,1.0499999523162842,1.100000023841858,7600
2019-12-24,1.100000023841858,1.100000023841858,1.100000023841858,1.100000023841858,0
2019-12-26,1.0499999523162842,1.090000033378601,1.0,1.0,3300
2019-12-27,1.100000023841858,1.350000023841858,1.0,1.0700000524520874,9700
2019-12-30,1.1399999856948853,1.1399999856948853,1.0099999904632568,1.0399999618530273,4300
2019-12-31,1.100000023841858,1.190000057220459,1.0,1.190000057220459,1700
2020-01-02,1.0099999904632568,1.0299999713897705,1.0099999904632568,1.0199999809265137,7400
2020-01-03,1.0499999523162842,1.2899999618530273,0.7599999904632568,1.25,4800
2020-01-06,1.25,1.25,1.25,1.25,0
2020-01-07,1.0199999809265137,1.0199999809265137,0.800000011920929,0.800000011920929,900
2020-01-08,0.800000011920929,0.800000011920929,0.800000011920929,0.800000011920929,0
2020-01-09,0.800000011920929,0.800000011920929,0.800000011920929,0.800000011920929,0
2020-01-10,0.800000011920929,0.800000011920929,0.800000011920929,0.800000011920929,0
2020-01-13,1.25,1.25,0.800000011920929,1.100000023841858,2600
2020-01-14,1.100000023841858,1.100000023841858,1.100000023841858,1.100000023841858,0
2020-01-15,1.2000000476837158,1.2000000476837158,1.2000000476837158,1.2000000476837158,700
2020-01-16,1.2000000476837158,1.2000000476837158,1.2000000476837158,1.2000000476837158,0
2020-01-17,0.800000011920929,0.800000011920929,0.800000011920929,0.800000011920929,100
2020-01-21,0.7900000214576721,0.7900000214576721,0.7900000214576721,0.7900000214576721,200
2020-01-22,0.7900000214576721,0.7900000214576721,0.7900000214576721,0.7900000214576721,0
2020-01-23,0.7900000214576721,0.7900000214576721,0.7900000214576721,0.7900000214576721,0
2020-01-24,1.0,1.0,0.8199999928474426,0.8199999928474426,200
2020-01-27,0.8199999928474426,0.8199999928474426,0.8199999928474426,0.8199999928474426,0
2020-01-28,0.7799999713897705,0.7900000214576721,0.7699999809265137,0.7699999809265137,6400
2020-01-29,0.7699999809265137,0.7699999809265137,0.7699999809265137,0.7699999809265137,0
2020-01-30,0.7699999809265137,0.7699999809265137,0.7699999809265137,0.7699999809265137,0
2020-01-31,0.7699999809265137,0.7699999809265137,0.7699999809265137,0.7699999809265137,0
2020-02-03,0.7699999809265137,0.7699999809265137,0.7699999809265137,0.7699999809265137,0
2020-02-04,0.7900000214576721,0.7900000214576721,0.7900000214576721,0.7900000214576721,100
2020-02-05,0.7900000214576721,0.8999999761581421,0.7699999809265137,0.7699999809265137,11500
2020-02-06,0.7699999809265137,0.7699999809265137,0.7599999904632568,0.7699999809265137,6700
2020-02-07,0.7699999809265137,0.7699999809265137,0.7699999809265137,0.7699999809265137,0
2020-02-10,0.7599999904632568,0.7599999904632568,0.7599999904632568,0.7599999904632568,700
2020-02-11,0.7599999904632568,0.7599999904632568,0.7599999904632568,0.7599999904632568,1200
2020-02-12,0.7599999904632568,0.7599999904632568,0.7599999904632568,0.7599999904632568,0
2020-02-13,0.7599999904632568,0.7599999904632568,0.7599999904632568,0.7599999904632568,0
2020-02-14,0.7599999904632568,0.7599999904632568,0.7599999904632568,0.7599999904632568,0
2020-02-18,0.7599999904632568,0.7599999904632568,0.7599999904632568,0.7599999904632568,0
2020-02-19,0.8799999952316284,1.4299999475479126,0.8799999952316284,1.2699999809265137,10300
2020-02-20,1.2699999809265137,1.2699999809265137,1.2699999809265137,1.2699999809265137,0
2020-02-21,1.2699999809265137,1.2699999809265137,1.2699999809265137,1.2699999809265137,0
2020-02-24,1.2699999809265137,1.2699999809265137,1.2699999809265137,1.2699999809265137,0
2020-02-25,1.2699999809265137,1.2699999809265137,1.2699999809265137,1.2699999809265137,0
2020-02-26,0.8999999761581421,0.9900000095367432,0.8999999761581421,0.9700000286102295,2200
2020-02-27,0.9700000286102295,0.9700000286102295,0.9700000286102295,0.9700000286102295,0
2020-02-28,0.9700000286102295,0.9700000286102295,0.9700000286102295,0.9700000286102295,0
2020-03-02,0.9700000286102295,0.9700000286102295,0.9700000286102295,0.9700000286102295,0
2020-03-03,0.9700000286102295,0.9700000286102295,0.9700000286102295,0.9700000286102295,0
2020-03-04,0.8199999928474426,0.8199999928474426,0.800000011920929,0.800000011920929,11900
2020-03-05,0.800000011920929,0.800000011920929,0.800000011920929,0.800000011920929,0
2020-03-06,0.800000011920929,0.800000011920929,0.800000011920929,0.800000011920929,0
2020-03-09,0.7699999809265137,0.7699999809265137,0.7699999809265137,0.7699999809265137,400
2020-03-10,1.0,1.0700000524520874,1.0,1.0,11000
2020-03-11,1.0,1.0,1.0,1.0,0
2020-03-12,0.800000011920929,0.800000011920929,0.800000011920929,0.800000011920929,200
2020-03-13,0.800000011920929,0.800000011920929,0.800000011920929,0.800000011920929,0
2020-03-16,0.9300000071525574,0.9300000071525574,0.800000011920929,0.800000011920929,2000
2020-03-17,0.800000011920929,0.800000011920929,0.800000011920929,0.800000011920929,0
2020-03-18,0.949999988079071,0.949999988079071,0.800000011920929,0.800000011920929,1000
2020-03-19,0.800000011920929,0.800000011920929,0.800000011920929,0.800000011920929,0
2020-03-20,0.800000011920929,0.800000011920929,0.800000011920929,0.800000011920929,0
2020-03-23,0.800000011920929,0.800000011920929,0.800000011920929,0.800000011920929,0
2020-03-24,0.800000011920929,0.800000011920929,0.800000011920929,0.800000011920929,0
2020-03-25,0.800000011920929,0.800000011920929,0.800000011920929,0.800000011920929,0
2020-03-26,0.800000011920929,0.800000011920929,0.800000011920929,0.800000011920929,0
2020-03-27,1.1299999952316284,1.1299999952316284,1.1200000047683716,1.1200000047683716,1600
2020-03-30,1.1200000047683716,1.1200000047683716,1.1200000047683716,1.1200000047683716,0
2020-03-31,0.8500000238418579,0.8600000143051147,0.8500000238418579,0.8600000143051147,3000
2020-04-01,0.8600000143051147,0.8600000143051147,0.8600000143051147,0.8600000143051147,0
2020-04-02,0.6000000238418579,1.0499999523162842,0.6000000238418579,0.8799999952316284,4800
2020-04-03,1.100000023841858,1.100000023841858,1.100000023841858,1.100000023841858,1000
2020-04-06,1.100000023841858,1.100000023841858,1.100000023841858,1.100000023841858,0
2020-04-07,1.100000023841858,1.100000023841858,1.100000023841858,1.100000023841858,0
2020-04-08,1.1200000047683716,1.1200000047683716,0.8399999737739563,0.8399999737739563,800
2020-04-09,0.8399999737739563,0.8399999737739563,0.8399999737739563,0.8399999737739563,0
2020-04-13,0.949999988079071,0.949999988079071,0.949999988079071,0.949999988079071,100
2020-04-14,0.9300000071525574,0.9300000071525574,0.7799999713897705,0.7799999713897705,1000
2020-04-15,0.7799999713897705,0.7799999713897705,0.7799999713897705,0.7799999713897705,0
2020-04-16,0.7799999713897705,0.7799999713897705,0.7799999713897705,0.7799999713897705,0
2020-04-17,0.7799999713897705,0.7799999713897705,0.7799999713897705,0.7799999713897705,0
2020-04-20,0.75,0.8999999761581421,0.6299999952316284,0.6299999952316284,3100
2020-04-21,0.6299999952316284,0.6299999952316284,0.6299999952316284,0.6299999952316284,0
2020-04-22,0.6299999952316284,0.6299999952316284,0.6299999952316284,0.6299999952316284,0
2020-04-23,0.9200000166893005,1.0,0.8299999833106995,0.8799999952316284,6100
2020-04-24,0.9900000095367432,0.9900000095367432,0.9900000095367432,0.9900000095367432,100
2020-04-27,0.9900000095367432,0.9900000095367432,0.9900000095367432,0.9900000095367432,0
2020-04-28,0.9900000095367432,0.9900000095367432,0.9900000095367432,0.9900000095367432,0
2020-04-29,0.9900000095367432,0.9900000095367432,0.9900000095367432,0.9900000095367432,0
2020-04-30,0.9900000095367432,0.9900000095367432,0.8799999952316284,0.8799999952316284,600
2020-05-01,0.7699999809265137,0.7699999809265137,0.7699999809265137,0.7699999809265137,300
2020-05-04,0.7699999809265137,0.7699999809265137,0.7699999809265137,0.7699999809265137,0
2020-05-05,0.8500000238418579,0.8500000238418579,0.8500000238418579,0.8500000238418579,300
2020-05-06,0.8500000238418579,0.8500000238418579,0.7699999809265137,0.7699999809265137,300
2020-05-07,0.8399999737739563,0.8399999737739563,0.7699999809265137,0.7699999809265137,2700
2020-05-08,0.7699999809265137,0.7699999809265137,0.6899999976158142,0.75,1400
2020-05-11,0.9900000095367432,1.1200000047683716,0.8600000143051147,0.9200000166893005,7000
2020-05-12,0.9200000166893005,0.9200000166893005,0.9200000166893005,0.9200000166893005,0
2020-05-13,1.0,1.0,1.0,1.0,1000
2020-05-14,0.7599999904632568,0.7599999904632568,0.7599999904632568,0.7599999904632568,1000
2020-05-15,0.7599999904632568,0.7599999904632568,0.7599999904632568,0.7599999904632568,0
2020-05-18,1.25,1.25,1.25,1.25,300
2020-05-19,1.2400000095367432,6.0,1.2400000095367432,1.5,42900
2020-05-20,1.600000023841858,1.600000023841858,1.2100000381469727,1.2100000381469727,11100
2020-05-21,1.25,1.2999999523162842,1.149999976158142,1.2999999523162842,17700
2020-05-22,1.3799999952316284,1.399999976158142,1.3799999952316284,1.399999976158142,1500
2020-05-26,1.4800000190734863,1.5,1.4500000476837158,1.5,1000
2020-05-27,1.5499999523162842,1.559999942779541,1.399999976158142,1.399999976158142,2300
2020-05-28,1.5499999523162842,1.75,1.4600000381469727,1.4600000381469727,5900
2020-05-29,1.4600000381469727,1.4600000381469727,1.4600000381469727,1.4600000381469727,0
2020-06-01,1.25,1.25,0.7300000190734863,1.100000023841858,8000
2020-06-02,1.2899999618530273,1.75,1.2899999618530273,1.7100000381469727,2300
2020-06-03,1.7100000381469727,1.7100000381469727,1.7100000381469727,1.7100000381469727,0
2020-06-04,1.7100000381469727,1.7100000381469727,1.7100000381469727,1.7100000381469727,0
2020-06-05,1.7100000381469727,1.7100000381469727,1.7100000381469727,1.7100000381469727,0
2020-06-08,1.7100000381469727,1.7100000381469727,1.7100000381469727,1.7100000381469727,0
2020-06-09,1.7100000381469727,1.7100000381469727,1.7100000381469727,1.7100000381469727,0
2020-06-10,1.649999976158142,1.649999976158142,1.649999976158142,1.649999976158142,200
2020-06-11,1.649999976158142,1.649999976158142,1.649999976158142,1.649999976158142,0
2020-06-12,1.7400000095367432,1.75,1.7400000095367432,1.75,300
2020-06-15,1.75,1.75,1.75,1.75,0
2020-06-16,1.75,1.75,1.75,1.75,100
2020-06-17,1.75,1.75,1.75,1.75,100
2020-06-18,1.649999976158142,1.649999976158142,1.649999976158142,1.649999976158142,1200
2020-06-19,1.649999976158142,1.649999976158142,1.649999976158142,1.649999976158142,0
2020-06-22,1.649999976158142,1.649999976158142,1.649999976158142,1.649999976158142,0
2020-06-23,1.649999976158142,1.649999976158142,1.649999976158142,1.649999976158142,0
2020-06-24,1.100000023841858,1.100000023841858,1.100000023841858,1.100000023841858,200
2020-06-25,1.100000023841858,1.100000023841858,1.100000023841858,1.100000023841858,0
2020-06-26,1.100000023841858,1.100000023841858,1.100000023841858,1.100000023841858,0
2020-06-29,1.100000023841858,1.100000023841858,1.100000023841858,1.100000023841858,0
2020-06-30,1.100000023841858,1.100000023841858,1.100000023841858,1.100000023841858,0
2020-07-01,1.100000023841858,1.100000023841858,1.100000023841858,1.100000023841858,400
2020-07-02,1.100000023841858,1.100000023841858,1.100000023841858,1.100000023841858,0
2020-07-06,1.100000023841858,1.100000023841858,1.100000023841858,1.100000023841858,0
2020-07-07,1.5499999523162842,1.75,1.5499999523162842,1.75,1300
2020-07-08,1.75,1.75,1.75,1.75,0
2020-07-09,1.75,1.75,1.75,1.75,0
2020-07-10,1.75,1.75,1.75,1.75,0
2020-07-13,1.75,1.75,1.75,1.75,0
2020-07-14,1.75,1.75,1.75,1.75,0
2020-07-15,1.25,1.25,1.25,1.25,200
2020-07-16,1.2000000476837158,1.2200000286102295,1.149999976158142,1.2000000476837158,8000
2020-07-17,1.2000000476837158,1.2000000476837158,1.2000000476837158,1.2000000476837158,0
2020-07-20,1.4500000476837158,1.4500000476837158,1.4500000476837158,1.4500000476837158,1900
2020-07-21,1.5,1.5,1.5,1.5,600
2020-07-22,1.5,1.5,1.5,1.5,0
2020-07-23,1.2000000476837158,1.2000000476837158,1.2000000476837158,1.2000000476837158,100
2020-07-24,1.25,1.2999999523162842,1.25,1.2999999523162842,300
2020-07-27,1.2999999523162842,1.2999999523162842,1.2999999523162842,1.2999999523162842,0
2020-07-28,1.5,1.75,1.5,1.75,700
2020-07-29,1.7000000476837158,1.7000000476837158,1.7000000476837158,1.7000000476837158,200
2020-07-30,1.7000000476837158,1.7000000476837158,1.7000000476837158,1.7000000476837158,0
2020-07-31,1.7000000476837158,1.7000000476837158,1.7000000476837158,1.7000000476837158,0
2020-08-03,1.7000000476837158,1.7000000476837158,1.690000057220459,1.690000057220459,2200
2020-08-04,1.690000057220459,1.690000057220459,1.690000057220459,1.690000057220459,0
2020-08-05,1.690000057220459,1.690000057220459,1.690000057220459,1.690000057220459,0
2020-08-06,1.2200000286102295,1.2200000286102295,1.2200000286102295,1.2200000286102295,4000
2020-08-07,1.2200000286102295,1.2200000286102295,1.2200000286102295,1.2200000286102295,0
2020-08-10,1.159999966621399,1.159999966621399,1.159999966621399,1.159999966621399,100
2020-08-11,1.159999966621399,1.159999966621399,1.159999966621399,1.159999966621399,0
2020-08-12,1.5,1.5,1.5,1.5,600
2020-08-13,1.5,1.5,1.5,1.5,2000
2020-08-14,1.5,1.5,1.5,1.5,0
2020-08-17,1.4800000190734863,1.4800000190734863,1.309999942779541,1.340000033378601,5700
2020-08-18,1.5,1.5,1.309999942779541,1.350000023841858,6100
2020-08-19,1.5299999713897705,1.5299999713897705,1.5299999713897705,1.5299999713897705,100
2020-08-20,1.2999999523162842,1.2999999523162842,1.2000000476837158,1.2000000476837158,1800
2020-08-21,1.25,1.25,1.2000000476837158,1.2000000476837158,1400
2020-08-24,1.2000000476837158,1.2000000476837158,1.2000000476837158,1.2000000476837158,0
2020-08-25,1.2000000476837158,1.2000000476837158,1.2000000476837158,1.2000000476837158,0
2020-08-26,1.2000000476837158,1.3200000524520874,1.2000000476837158,1.3200000524520874,1800
2020-08-27,1.3700000047683716,1.440000057220459,1.3700000047683716,1.440000057220459,3000
2020-08-28,1.440000057220459,1.440000057220459,1.440000057220459,1.440000057220459,0
2020-08-31,1.440000057220459,1.440000057220459,1.440000057220459,1.440000057220459,0
2020-09-01,1.440000057220459,1.440000057220459,1.440000057220459,1.440000057220459,0
2020-09-02,1.440000057220459,1.440000057220459,1.440000057220459,1.440000057220459,0
2020-09-03,1.440000057220459,1.440000057220459,1.440000057220459,1.440000057220459,0
2020-09-04,1.440000057220459,1.440000057220459,1.440000057220459,1.440000057220459,0
2020-09-08,1.4500000476837158,2.700000047683716,1.350000023841858,1.350000023841858,26900
2020-09-09,1.350000023841858,1.350000023841858,1.350000023841858,1.350000023841858,0
2020-09-10,1.350000023841858,1.350000023841858,1.350000023841858,1.350000023841858,0
2020-09-11,1.350000023841858,1.350000023841858,1.350000023841858,1.350000023841858,0
2020-09-14,1.350000023841858,1.350000023841858,1.350000023841858,1.350000023841858,0
2020-09-15,1.399999976158142,1.399999976158142,1.399999976158142,1.399999976158142,900
2020-09-16,1.3300000429153442,1.3300000429153442,1.2899999618530273,1.2899999618530273,300
2020-09-17,1.2899999618530273,1.2899999618530273,1.1100000143051147,1.1100000143051147,4200
2020-09-18,1.1100000143051147,1.1100000143051147,1.1100000143051147,1.1100000143051147,0
2020-09-21,1.1100000143051147,1.1100000143051147,1.1100000143051147,1.1100000143051147,0
2020-09-22,1.1100000143051147,1.1100000143051147,1.1100000143051147,1.1100000143051147,0
2020-09-23,1.1100000143051147,1.1100000143051147,1.1100000143051147,1.1100000143051147,0
2020-09-24,1.1100000143051147,1.1100000143051147,1.1100000143051147,1.1100000143051147,0
2020-09-25,1.149999976158142,1.159999966621399,1.0499999523162842,1.159999966621399,1200
2020-09-28,1.159999966621399,1.159999966621399,0.8500000238418579,1.1299999952316284,2900
2020-09-29,1.100000023841858,1.100000023841858,1.100000023841858,1.100000023841858,700
2020-09-30,1.100000023841858,1.100000023841858,1.100000023841858,1.100000023841858,0
2020-10-01,1.100000023841858,1.100000023841858,1.100000023841858,1.100000023841858,0
2020-10-02,1.100000023841858,1.100000023841858,1.100000023841858,1.100000023841858,1100
2020-10-05,1.100000023841858,1.100000023841858,1.100000023841858,1.100000023841858,600
2020-10-06,1.100000023841858,1.100000023841858,1.100000023841858,1.100000023841858,0
2020-10-07,1.100000023841858,1.100000023841858,1.0,1.0,1100
2020-10-08,1.0,1.0,1.0,1.0,0
2020-10-09,0.9700000286102295,0.9700000286102295,0.8500000238418579,0.8600000143051147,2500
2020-10-12,0.8700000047683716,0.8700000047683716,0.8700000047683716,0.8700000047683716,300
2020-10-13,0.8700000047683716,0.8700000047683716,0.8500000238418579,0.8500000238418579,1000
2020-10-14,0.8500000238418579,0.8500000238418579,0.8500000238418579,0.8500000238418579,0
2020-10-15,0.8500000238418579,0.8500000238418579,0.8500000238418579,0.8500000238418579,0
2020-10-16,0.8500000238418579,0.8500000238418579,0.8500000238418579,0.8500000238418579,0
2020-10-19,0.8700000047683716,0.8700000047683716,0.8700000047683716,0.8700000047683716,1000
2020-10-20,1.0,1.0,1.0,1.0,1700
2020-10-21,1.0,1.0,1.0,1.0,100
2020-10-22,0.8999999761581421,0.8999999761581421,0.699999988079071,0.8500000238418579,13600
2020-10-23,0.7400000095367432,0.8399999737739563,0.6700000166893005,0.800000011920929,14000
2020-10-26,0.800000011920929,0.800000011920929,0.800000011920929,0.800000011920929,0
2020-10-27,0.800000011920929,0.800000011920929,0.800000011920929,0.800000011920929,0
2020-10-28,0.8999999761581421,0.8999999761581421,0.8999999761581421,0.8999999761581421,2000
2020-10-29,0.8999999761581421,0.8999999761581421,0.8999999761581421,0.8999999761581421,0
2020-10-30,0.800000011920929,0.8399999737739563,0.800000011920929,0.8299999833106995,4000
2020-11-02,0.8399999737739563,1.0,0.8199999928474426,0.949999988079071,13100
2020-11-03,1.0,1.0,1.0,1.0,1500
2020-11-04,1.0,1.25,0.9300000071525574,1.1200000047683716,5800
2020-11-05,1.2699999809265137,1.600000023841858,1.2699999809265137,1.3700000047683716,10000
2020-11-06,1.3700000047683716,1.3700000047683716,1.3700000047683716,1.3700000047683716,1200
2020-11-09,1.399999976158142,1.7200000286102295,1.1299999952316284,1.149999976158142,26900
2020-11-10,1.2899999618530273,1.2899999618530273,1.1200000047683716,1.149999976158142,14400
2020-11-11,1.149999976158142,1.149999976158142,1.149999976158142,1.149999976158142,0
2020-11-12,1.149999976158142,1.149999976158142,1.149999976158142,1.149999976158142,3600
2020-11-13,1.159999966621399,1.159999966621399,1.159999966621399,1.159999966621399,100
2020-11-16,1.159999966621399,1.159999966621399,1.159999966621399,1.159999966621399,0
2020-11-17,1.25,1.2699999809265137,1.25,1.2599999904632568,6400
2020-11-18,1.2999999523162842,1.2999999523162842,1.2100000381469727,1.2300000190734863,33700
2020-11-19,1.1799999475479126,1.1799999475479126,1.100000023841858,1.1399999856948853,18000
2020-11-20,1.1399999856948853,1.190000057220459,1.1399999856948853,1.190000057220459,2100
2020-11-23,1.159999966621399,1.159999966621399,1.159999966621399,1.159999966621399,500
2020-11-24,1.3799999952316284,1.399999976158142,1.3799999952316284,1.3899999856948853,10000
2020-11-25,1.3200000524520874,1.3700000047683716,1.25,1.3700000047683716,5100
2020-11-27,1.3700000047683716,1.3700000047683716,1.3700000047683716,1.3700000047683716,100
2020-11-30,1.1399999856948853,1.3700000047683716,1.1399999856948853,1.3700000047683716,1900
2020-12-01,1.2999999523162842,1.2999999523162842,1.25,1.25,1000
2020-12-02,1.309999942779541,1.309999942779541,1.149999976158142,1.149999976158142,9100
2020-12-03,1.149999976158142,1.2000000476837158,1.1399999856948853,1.2000000476837158,15900
2020-12-04,1.2699999809265137,1.2699999809265137,1.2100000381469727,1.2699999809265137,4100
2020-12-07,1.2699999809265137,1.2799999713897705,1.2200000286102295,1.25,5300
2020-12-08,1.2200000286102295,1.2200000286102295,1.2000000476837158,1.2000000476837158,2000
2020-12-09,1.2000000476837158,1.2300000190734863,1.2000000476837158,1.2300000190734863,2200
2020-12-10,1.2200000286102295,1.2200000286102295,1.2200000286102295,1.2200000286102295,600
2020-12-11,1.2200000286102295,1.2200000286102295,1.2000000476837158,1.2000000476837158,900
2020-12-14,1.2200000286102295,1.2200000286102295,1.2200000286102295,1.2200000286102295,500
2020-12-15,1.2799999713897705,1.3300000429153442,1.2799999713897705,1.309999942779541,4100
2020-12-16,1.2599999904632568,1.5,1.2300000190734863,1.5,3600
2020-12-17,1.5,1.5099999904632568,1.5,1.5,1700
2020-12-18,1.4700000286102295,1.4700000286102295,1.2799999713897705,1.350000023841858,18200
2020-12-21,1.2999999523162842,1.340000033378601,1.1699999570846558,1.340000033378601,14300
2020-12-22,1.350000023841858,1.6699999570846558,1.2400000095367432,1.5,13400
2020-12-23,1.5700000524520874,1.5700000524520874,1.5,1.5,1600
2020-12-24,1.5,1.5,1.5,1.5,0
2020-12-28,1.5,1.6100000143051147,1.4500000476837158,1.5,9700
2020-12-29,1.5700000524520874,1.6100000143051147,1.3899999856948853,1.590000033378601,15500
2020-12-30,1.5099999904632568,1.559999942779541,1.3899999856948853,1.5,9800
2020-12-31,1.3600000143051147,1.4800000190734863,1.3600000143051147,1.4600000381469727,6200
2021-01-04,1.4800000190734863,1.7300000190734863,1.4800000190734863,1.590000033378601,6500
2021-01-05,1.6200000047683716,1.7000000476837158,1.590000033378601,1.590000033378601,4400
2021-01-06,1.600000023841858,1.7300000190734863,1.600000023841858,1.7000000476837158,6800
2021-01-07,1.75,1.75,1.75,1.75,600
2021-01-08,1.6799999475479126,2.450000047683716,1.5,2.450000047683716,9000
2021-01-11,2.200000047683716,2.200000047683716,1.899999976158142,2.0,2300
2021-01-12,1.9900000095367432,2.009999990463257,1.9900000095367432,2.0,5700
2021-01-13,2.0,2.200000047683716,2.0,2.200000047683716,900
2021-01-14,2.0,2.0799999237060547,1.7100000381469727,1.7200000286102295,20500
2021-01-15,1.809999942779541,1.809999942779541,1.659999966621399,1.7999999523162842,12500
2021-01-19,1.8600000143051147,2.4000000953674316,1.850000023841858,2.0899999141693115,8400
2021-01-20,1.899999976158142,2.049999952316284,1.6799999475479126,1.6799999475479126,5100
2021-01-21,2.0799999237060547,2.200000047683716,1.840000033378601,2.200000047683716,8200
2021-01-22,2.200000047683716,2.25,2.200000047683716,2.25,2500
2021-01-25,2.309999942779541,2.450000047683716,1.8799999952316284,1.899999976158142,60800
2021-01-26,2.0,2.0999999046325684,1.8799999952316284,1.909999966621399,14200
2021-01-27,2.200000047683716,2.200000047683716,1.8600000143051147,1.8700000047683716,18400
2021-01-28,1.8700000047683716,2.0299999713897705,1.7599999904632568,1.8600000143051147,16900
2021-01-29,1.7699999809265137,1.7799999713897705,1.7100000381469727,1.7699999809265137,3700
2021-02-01,1.8200000524520874,2.1600000858306885,1.7999999523162842,1.9600000381469727,13200
2021-02-02,2.0,2.1500000953674316,1.909999966621399,2.1500000953674316,13100
2021-02-03,2.0299999713897705,2.0299999713897705,2.0299999713897705,2.0299999713897705,200
2021-02-04,1.9600000381469727,2.75,1.75,2.75,30200
2021-02-05,2.509999990463257,2.509999990463257,1.840000033378601,2.109999895095825,9400
2021-02-08,2.049999952316284,2.3499999046325684,2.049999952316284,2.1600000858306885,8500
2021-02-09,2.200000047683716,2.299999952316284,2.140000104904175,2.299999952316284,14200
2021-02-10,2.140000104904175,2.359999895095825,2.0999999046325684,2.3399999141693115,11300
2021-02-11,2.1700000762939453,2.200000047683716,1.9600000381469727,2.200000047683716,7900
2021-02-12,2.200000047683716,2.200000047683716,2.200000047683716,2.200000047683716,0
2021-02-16,2.200000047683716,2.3499999046325684,1.9700000286102295,2.190000057220459,14400
2021-02-17,2.200000047683716,2.200000047683716,1.899999976158142,2.190000057220459,13300
2021-02-18,2.190000057220459,2.190000057220459,2.190000057220459,2.190000057220459,0
2021-02-19,2.190000057220459,2.190000057220459,2.0,2.0,5000
2021-02-22,2.0,2.0,1.8600000143051147,1.8600000143051147,35600
2021-02-23,2.0,2.0,1.8300000429153442,1.8300000429153442,1200
2021-02-24,1.9199999570846558,1.9199999570846558,1.8300000429153442,1.8300000429153442,800
2021-02-25,1.7999999523162842,1.7999999523162842,1.7999999523162842,1.7999999523162842,500
2021-02-26,2.0,2.0,2.0,2.0,200
2021-03-01,2.0,2.1500000953674316,1.809999942779541,1.8200000524520874,12700
2021-03-02,1.8200000524520874,2.25,1.8200000524520874,2.25,5200
2021-03-03,2.130000114440918,2.130000114440918,1.9900000095367432,1.9900000095367432,900
2021-03-04,2.190000057220459,2.200000047683716,1.9299999475479126,2.200000047683716,2100
2021-03-05,2.200000047683716,2.200000047683716,2.200000047683716,2.200000047683716,2000
2021-03-08,2.200000047683716,2.299999952316284,2.200000047683716,2.299999952316284,1000
2021-03-09,1.909999966621399,2.25,1.909999966621399,2.25,600
2021-03-10,2.25,2.25,2.25,2.25,0
2021-03-11,2.2300000190734863,2.2300000190734863,2.119999885559082,2.119999885559082,200
2021-03-12,2.200000047683716,2.240000009536743,2.059999942779541,2.059999942779541,3500
2021-03-15,2.200000047683716,2.200000047683716,1.8700000047683716,1.899999976158142,16900
2021-03-16,1.8799999952316284,1.9900000095367432,1.75,1.7999999523162842,38100
2021-03-17,1.7999999523162842,2.799999952316284,1.7999999523162842,2.1700000762939453,12500
2021-03-18,2.0799999237060547,2.190000057220459,1.809999942779541,1.9500000476837158,3700
2021-03-19,1.9500000476837158,1.9500000476837158,1.9500000476837158,1.9500000476837158,200
2021-03-22,2.009999990463257,2.450000047683716,2.009999990463257,2.200000047683716,17100
2021-03-23,2.4000000953674316,4.369999885559082,2.4000000953674316,3.069999933242798,96500
2021-03-24,3.359999895095825,3.380000114440918,3.0399999618530273,3.0399999618530273,4300
2021-03-25,3.0299999713897705,3.2699999809265137,2.9800000190734863,3.0299999713897705,9400
2021-03-26,3.200000047683716,3.200000047683716,3.200000047683716,3.200000047683716,6700
2021-03-29,3.2699999809265137,3.2699999809265137,3.200000047683716,3.200000047683716,2300
2021-03-30,3.109999895095825,3.200000047683716,3.109999895095825,3.1700000762939453,2300
2021-03-31,3.1500000953674316,3.509999990463257,3.140000104904175,3.4000000953674316,10000
2021-04-01,3.299999952316284,3.619999885559082,3.140000104904175,3.490000009536743,2100
2021-04-05,3.2300000190734863,3.630000114440918,3.009999990463257,3.119999885559082,8200
2021-04-06,3.190000057220459,3.190000057220459,2.6500000953674316,2.700000047683716,27900
2021-04-07,2.700000047683716,3.140000104904175,2.680000066757202,2.700000047683716,10400
2021-04-08,2.6600000858306885,3.0399999618530273,2.5999999046325684,2.8499999046325684,10800
2021-04-09,2.7699999809265137,3.049999952316284,2.7699999809265137,3.0,3800
2021-04-12,2.9700000286102295,3.0399999618530273,2.890000104904175,3.0299999713897705,2200
2021-04-13,3.0399999618530273,3.0399999618530273,3.0399999618530273,3.0399999618530273,200
2021-04-14,3.0299999713897705,3.0299999713897705,3.0299999713897705,3.0299999713897705,1200
2021-04-15,3.0299999713897705,3.0299999713897705,3.0299999713897705,3.0299999713897705,800
2021-04-16,2.9700000286102295,3.0399999618530273,2.5799999237060547,3.0,4000
2021-04-19,2.930000066757202,3.0,2.930000066757202,3.0,1900
2021-04-20,2.930000066757202,3.0199999809265137,2.8499999046325684,2.990000009536743,3600
2021-04-21,2.990000009536743,2.990000009536743,2.990000009536743,2.990000009536743,0
2021-04-22,2.990000009536743,2.990000009536743,2.859999895095825,2.990000009536743,1000
2021-04-23,2.9800000190734863,2.9800000190734863,2.9800000190734863,2.9800000190734863,800
2021-04-26,2.9800000190734863,2.9800000190734863,2.880000114440918,2.880000114440918,1700
2021-04-27,2.9000000953674316,2.9000000953674316,2.9000000953674316,2.9000000953674316,1600
2021-04-28,2.950000047683716,3.0,2.950000047683716,3.0,1300
2021-04-29,3.049999952316284,3.1500000953674316,3.049999952316284,3.1500000953674316,3200
2021-04-30,3.049999952316284,3.049999952316284,2.6500000953674316,2.6700000762939453,33000
2021-05-03,2.6700000762939453,2.6700000762939453,2.6700000762939453,2.6700000762939453,0
2021-05-04,2.8499999046325684,2.990000009536743,2.799999952316284,2.799999952316284,500
2021-05-05,2.799999952316284,3.0,2.799999952316284,3.0,1400
2021-05-06,2.809999942779541,2.9100000858306885,2.809999942779541,2.9100000858306885,300
2021-05-07,2.990000009536743,2.990000009536743,2.869999885559082,2.869999885559082,600
2021-05-10,2.9200000762939453,2.950000047683716,2.9200000762939453,2.950000047683716,1700
2021-05-11,2.8499999046325684,3.0899999141693115,2.8299999237060547,2.8299999237060547,29200
2021-05-12,2.809999942779541,2.809999942779541,2.799999952316284,2.799999952316284,300
2021-05-13,2.809999942779541,2.809999942779541,2.809999942779541,2.809999942779541,800
2021-05-14,2.809999942779541,2.809999942779541,2.809999942779541,2.809999942779541,0
2021-05-17,2.809999942779541,2.809999942779541,2.809999942779541,2.809999942779541,0
2021-05-18,2.950000047683716,2.950000047683716,2.799999952316284,2.880000114440918,600
2021-05-19,2.880000114440918,2.880000114440918,2.880000114440918,2.880000114440918,0
2021-05-20,2.809999942779541,2.8499999046325684,2.5199999809265137,2.5999999046325684,11700
2021-05-21,2.7300000190734863,2.7300000190734863,2.3499999046325684,2.4000000953674316,20000
2021-05-24,2.559999942779541,2.680000066757202,2.5399999618530273,2.569999933242798,1700
2021-05-25,2.569999933242798,2.7200000286102295,2.569999933242798,2.7200000286102295,600
2021-05-26,2.7200000286102295,2.7200000286102295,2.7200000286102295,2.7200000286102295,500
2021-05-27,2.7200000286102295,2.7200000286102295,2.7200000286102295,2.7200000286102295,0
2021-05-28,2.7200000286102295,2.7200000286102295,2.7200000286102295,2.7200000286102295,0
2021-06-01,2.7200000286102295,2.7200000286102295,2.7200000286102295,2.7200000286102295,1200
2021-06-02,2.490000009536743,2.490000009536743,2.490000009536743,2.490000009536743,100
2021-06-03,2.5299999713897705,2.7200000286102295,2.490000009536743,2.7200000286102295,6500
2021-06-04,2.7200000286102295,2.7200000286102295,2.7200000286102295,2.7200000286102295,0
2021-06-07,2.7200000286102295,2.7200000286102295,2.7200000286102295,2.7200000286102295,0
2021-06-08,2.7200000286102295,2.7200000286102295,2.7200000286102295,2.7200000286102295,0
2021-06-09,2.450000047683716,2.559999942779541,2.4100000858306885,2.4100000858306885,2000
2021-06-10,2.5799999237060547,2.5799999237060547,2.5799999237060547,2.5799999237060547,100
2021-06-11,2.5899999141693115,2.6500000953674316,2.5899999141693115,2.5999999046325684,1300
2021-06-14,2.700000047683716,3.390000104904175,2.700000047683716,3.2899999618530273,21300
2021-06-15,3.3299999237060547,3.5299999713897705,3.2100000381469727,3.2100000381469727,3200
2021-06-16,3.430000066757202,3.430000066757202,3.3499999046325684,3.3499999046325684,400
2021-06-17,3.3299999237060547,3.3299999237060547,2.7699999809265137,3.2899999618530273,2300
2021-06-18,3.1500000953674316,3.1500000953674316,3.1500000953674316,3.1500000953674316,100
2021-06-21,3.1500000953674316,3.1500000953674316,3.1500000953674316,3.1500000953674316,0
2021-06-22,3.119999885559082,3.3299999237060547,2.950000047683716,2.950000047683716,2000
2021-06-23,3.299999952316284,3.299999952316284,2.7799999713897705,2.9800000190734863,1300
2021-06-24,3.2899999618530273,3.2899999618530273,3.0999999046325684,3.2799999713897705,1500
2021-06-25,3.2799999713897705,3.2799999713897705,3.1700000762939453,3.2799999713897705,1200
2021-06-28,3.259999990463257,3.2799999713897705,3.0999999046325684,3.2100000381469727,1700
2021-06-29,3.299999952316284,3.3499999046325684,3.200000047683716,3.3499999046325684,4600
2021-06-30,3.3499999046325684,3.3499999046325684,3.2300000190734863,3.3399999141693115,400
2021-07-01,3.25,3.25,3.190000057220459,3.200000047683716,3500
2021-07-02,3.25,3.25,3.0999999046325684,3.180000066757202,1700
2021-07-06,3.180000066757202,3.180000066757202,3.180000066757202,3.180000066757202,0
2021-07-07,3.1500000953674316,3.200000047683716,3.1500000953674316,3.200000047683716,1600
2021-07-08,3.200000047683716,3.200000047683716,3.049999952316284,3.1500000953674316,8700
2021-07-09,3.1500000953674316,3.1500000953674316,3.1500000953674316,3.1500000953674316,0
2021-07-12,3.200000047683716,3.299999952316284,3.049999952316284,3.1700000762939453,4400
2021-07-13,3.0999999046325684,3.2300000190734863,3.059999942779541,3.0999999046325684,11600
2021-07-14,3.1600000858306885,3.1600000858306885,3.0,3.1600000858306885,800
2021-07-15,3.2899999618530273,3.2899999618530273,3.25,3.25,1700
2021-07-16,3.0299999713897705,3.25,3.0299999713897705,3.25,500
2021-07-19,3.25,3.25,3.25,3.25,200
2021-07-20,3.25,3.25,3.25,3.25,100
2021-07-21,3.25,3.25,3.0799999237060547,3.0799999237060547,3000
2021-07-22,3.0899999141693115,3.240000009536743,3.0399999618530273,3.240000009536743,11900
2021-07-23,3.1600000858306885,3.240000009536743,3.1600000858306885,3.240000009536743,700
2021-07-26,3.1700000762939453,3.1700000762939453,2.940000057220459,3.0899999141693115,3300
2021-07-27,3.0899999141693115,3.200000047683716,2.940000057220459,3.200000047683716,1700
2021-07-28,2.950000047683716,3.240000009536743,2.7799999713897705,3.240000009536743,1300
2021-07-29,3.240000009536743,3.240000009536743,3.240000009536743,3.240000009536743,0
2021-07-30,3.0999999046325684,3.1700000762939453,3.0999999046325684,3.1700000762939453,2000
2021-08-02,3.309999942779541,3.3399999141693115,3.200000047683716,3.25,8100
2021-08-03,3.5,4.170000076293945,3.4100000858306885,3.490000009536743,378300
2021-08-04,3.5299999713897705,3.630000114440918,3.4100000858306885,3.4700000286102295,53500
2021-08-05,3.549999952316284,3.549999952316284,3.359999895095825,3.430000066757202,7900
2021-08-06,3.549999952316284,3.549999952316284,3.4000000953674316,3.4200000762939453,6700
2021-08-09,3.450000047683716,3.799999952316284,3.450000047683716,3.740000009536743,188100
2021-08-10,3.799999952316284,3.9000000953674316,3.4600000381469727,3.559999942779541,89400
2021-08-11,3.630000114440918,3.700000047683716,3.359999895095825,3.390000104904175,41200
2021-08-12,3.490000009536743,3.559999942779541,3.319999933242798,3.440000057220459,28200
2021-08-13,3.630000114440918,3.630000114440918,3.25,3.4000000953674316,50000
2021-08-16,3.369999885559082,3.9000000953674316,3.369999885559082,3.5399999618530273,80600
2021-08-17,3.4000000953674316,3.5399999618530273,3.200000047683716,3.319999933242798,38700
2021-08-18,3.25,3.4700000286102295,3.25,3.4200000762939453,30400
2021-08-19,3.4100000858306885,3.5999999046325684,3.319999933242798,3.4700000286102295,88900
2021-08-20,3.5999999046325684,3.5999999046325684,3.4700000286102295,3.490000009536743,31000
2021-08-23,3.640000104904175,3.700000047683716,3.5199999809265137,3.5899999141693115,49300
2021-08-24,3.609999895095825,3.7200000286102295,3.5,3.5999999046325684,32300
2021-08-25,3.5999999046325684,3.700000047683716,3.509999990463257,3.609999895095825,24300
2021-08-26,3.680000066757202,3.680000066757202,3.299999952316284,3.4800000190734863,38600
2021-08-27,3.5899999141693115,3.5999999046325684,3.4700000286102295,3.5999999046325684,17300
2021-08-30,3.690000057220459,3.7799999713897705,3.4200000762939453,3.680000066757202,23800
2021-08-31,3.7200000286102295,3.8299999237060547,3.4000000953674316,3.5,26500
2021-09-01,3.440000057220459,3.6700000762939453,3.430000066757202,3.619999885559082,66000
2021-09-02,3.640000104904175,3.6700000762939453,3.4000000953674316,3.5,35400
2021-09-03,3.5299999713897705,3.8399999141693115,3.4000000953674316,3.4200000762939453,114600
2021-09-07,3.5399999618530273,3.75,3.450000047683716,3.569999933242798,57700
2021-09-08,3.7300000190734863,3.7300000190734863,3.380000114440918,3.5399999618530273,21600
2021-09-09,3.5199999809265137,3.609999895095825,3.4000000953674316,3.5199999809265137,17000
2021-09-10,3.4200000762939453,3.549999952316284,3.4200000762939453,3.5,7300
2021-09-13,3.4200000762939453,3.509999990463257,3.4000000953674316,3.4100000858306885,28700
2021-09-14,3.4600000381469727,3.490000009536743,3.1600000858306885,3.2699999809265137,42100
2021-09-15,3.430000066757202,3.430000066757202,3.2200000286102295,3.3299999237060547,10400
2021-09-16,3.4100000858306885,3.4100000858306885,3.2200000286102295,3.380000114440918,4300
2021-09-17,3.390000104904175,3.390000104904175,3.1600000858306885,3.1600000858306885,27900
2021-09-20,3.0299999713897705,3.25,2.9100000858306885,2.950000047683716,72800
2021-09-21,2.950000047683716,3.2799999713897705,2.950000047683716,3.0199999809265137,18900
2021-09-22,3.2200000286102295,3.2200000286102295,2.9200000762939453,3.009999990463257,64400
2021-09-23,3.009999990463257,3.0199999809265137,2.9100000858306885,2.930000066757202,16200
2021-09-24,2.9700000286102295,4.150000095367432,2.950000047683716,4.010000228881836,4756900
2021-09-27,5.019999980926514,5.75,4.579999923706055,5.400000095367432,32417100
2021-09-28,4.449999809265137,5.519999980926514,4.389999866485596,5.239999771118164,4478200
2021-09-29,5.349999904632568,15.199999809265137,5.340000152587891,8.390000343322754,133244100
2021-09-30,11.34000015258789,14.25,9.609999656677246,10.569999694824219,99227100
2021-10-01,12.460000038146973,13.569999694824219,9.899999618530273,10.069999694824219,46091500
2021-10-04,9.800000190734863,9.880000114440918,8.100000381469727,8.4399995803833,5759600
2021-10-05,8.319999694824219,8.6899995803833,6.619999885559082,8.199999809265137,4571100
2021-10-06,7.409999847412109,8.149999618530273,6.800000190734863,6.929999828338623,2223300
2021-10-07,7.010000228881836,10.569999694824219,7.010000228881836,8.270000457763672,30179100
2021-10-08,8.579999923706055,9.300000190734863,7.880000114440918,8.140000343322754,6860500
2021-10-11,8.350000381469727,9.369999885559082,7.960000038146973,8.180000305175781,5417000
2021-10-12,8.100000381469727,8.880000114440918,7.400000095367432,7.880000114440918,2998200
2021-10-13,8.199999809265137,9.880000114440918,8.199999809265137,8.720000267028809,15097800
2021-10-14,8.899999618530273,9.6899995803833,8.390000343322754,8.979999542236328,4409300
2021-10-15,7.809999942779541,8.149999618530273,7.590000152587891,7.710000038146973,3448100
2021-10-18,7.739999771118164,7.800000190734863,6.96999979019165,7.039999961853027,1327900
2021-10-19,7.329999923706055,7.340000152587891,6.570000171661377,6.789999961853027,1503800
2021-10-20,6.920000076293945,7.900000095367432,6.920000076293945,7.349999904632568,3007400
2021-10-21,7.460000038146973,8.210000038146973,7.03000020980835,7.25,4025100
2021-10-22,7.239999771118164,8.119999885559082,7.0,7.059999942779541,3557000
2021-10-25,6.980000019073486,7.28000020980835,6.610000133514404,7.070000171661377,1051800
2021-10-26,7.300000190734863,7.539999961853027,6.079999923706055,6.179999828338623,1887300
2021-10-27,6.190000057220459,6.599999904632568,5.559999942779541,6.369999885559082,1608300
2021-10-28,6.300000190734863,6.699999809265137,5.619999885559082,5.630000114440918,1639900
2021-10-29,5.75,5.940000057220459,5.400000095367432,5.400000095367432,555700
2021-11-01,5.489999771118164,5.570000171661377,5.099999904632568,5.210000038146973,1003800
2021-11-02,5.179999828338623,5.289999961853027,4.679999828338623,4.829999923706055,841500
2021-11-03,4.710000038146973,5.260000228881836,4.679999828338623,4.820000171661377,808900
2021-11-04,4.869999885559082,5.039999961853027,4.690000057220459,4.71999979019165,398900
2021-11-05,4.670000076293945,4.769999980926514,4.420000076293945,4.519999980926514,362800
2021-11-08,4.710000038146973,4.900000095367432,4.519999980926514,4.840000152587891,433900
2021-11-09,4.769999980926514,5.460000038146973,4.769999980926514,4.980000019073486,1256700
2021-11-10,4.820000171661377,4.820000171661377,4.21999979019165,4.25,620500
2021-11-11,4.21999979019165,4.449999809265137,4.099999904632568,4.150000095367432,316900
2021-11-12,4.099999904632568,4.420000076293945,4.099999904632568,4.349999904632568,231800
2021-11-15,4.349999904632568,4.460000038146973,4.119999885559082,4.199999809265137,454800
2021-11-16,4.199999809265137,4.489999771118164,3.9600000381469727,4.039999961853027,741300
2021-11-17,4.059999942779541,4.119999885559082,3.8499999046325684,3.9600000381469727,302900
2021-11-18,4.019999980926514,4.090000152587891,3.75,4.019999980926514,500700
2021-11-19,3.9600000381469727,4.070000171661377,3.799999952316284,3.819999933242798,429100
2021-11-22,3.75,3.9200000762939453,3.3299999237060547,3.3499999046325684,463100
2021-11-23,3.509999990463257,3.5199999809265137,3.2899999618530273,3.509999990463257,292100
2021-11-24,3.5799999237060547,4.5,3.4800000190734863,4.059999942779541,2961500
2021-11-26,3.7100000381469727,4.230000019073486,3.640000104904175,3.9700000286102295,932800
2021-11-29,4.099999904632568,4.289999961853027,3.549999952316284,3.5999999046325684,996400
2021-11-30,3.690000057220459,4.329999923706055,3.369999885559082,4.019999980926514,2824300
2021-12-01,4.199999809265137,4.650000095367432,3.359999895095825,3.4100000858306885,2841500
2021-12-02,3.4100000858306885,3.5399999618530273,3.109999895095825,3.119999885559082,605300
2021-12-03,3.119999885559082,3.190000057220459,2.9000000953674316,3.0299999713897705,515800
2021-12-06,3.049999952316284,3.2799999713897705,2.819999933242798,3.25,334100
2021-12-07,3.259999990463257,3.680000066757202,3.2200000286102295,3.609999895095825,850200
2021-12-08,3.4600000381469727,3.9000000953674316,3.359999895095825,3.4700000286102295,1281500
2021-12-09,3.5299999713897705,3.799999952316284,3.140000104904175,3.1700000762939453,595600
2021-12-10,3.2200000286102295,3.3399999141693115,3.109999895095825,3.2300000190734863,168800
2021-12-13,3.200000047683716,3.380000114440918,3.1600000858306885,3.2799999713897705,219300
2021-12-14,3.200000047683716,3.2300000190734863,2.9200000762939453,2.990000009536743,246200
2021-12-15,3.0,3.130000114440918,2.9200000762939453,3.0399999618530273,153600
2021-12-16,3.0899999141693115,3.200000047683716,3.009999990463257,3.130000114440918,146500
2021-12-17,3.130000114440918,3.130000114440918,2.9100000858306885,3.0,212300
2021-12-20,2.950000047683716,3.0299999713897705,2.8399999141693115,2.990000009536743,171400
2021-12-21,3.059999942779541,3.2799999713897705,3.0199999809265137,3.2100000381469727,180700
2021-12-22,3.240000009536743,3.7100000381469727,3.1500000953674316,3.25,606200
2021-12-23,3.2699999809265137,3.3499999046325684,3.119999885559082,3.1500000953674316,239500
2021-12-27,3.190000057220459,3.3499999046325684,3.109999895095825,3.2799999713897705,248500
2021-12-28,3.2300000190734863,3.2300000190734863,3.0299999713897705,3.059999942779541,207700
2021-12-29,3.0999999046325684,3.2100000381469727,2.950000047683716,2.9700000286102295,186300
2021-12-30,2.9800000190734863,3.119999885559082,2.950000047683716,2.9800000190734863,90800
2021-12-31,3.0,3.0799999237060547,2.7699999809265137,2.8399999141693115,272500
2022-01-03,2.8499999046325684,3.1700000762939453,2.7699999809265137,3.119999885559082,299800
2022-01-04,3.1600000858306885,3.1600000858306885,2.9600000381469727,3.069999933242798,91900
2022-01-05,3.009999990463257,3.180000066757202,2.9100000858306885,2.9600000381469727,151800
2022-01-06,2.9800000190734863,3.0199999809265137,2.7899999618530273,2.9000000953674316,80700
2022-01-07,2.869999885559082,2.990000009536743,2.8299999237060547,2.9200000762939453,35700
2022-01-10,2.9200000762939453,2.940000057220459,2.690000057220459,2.7799999713897705,135900
2022-01-11,2.819999933242798,3.0999999046325684,2.700000047683716,2.890000104904175,176600
2022-01-12,2.9200000762939453,2.9600000381469727,2.799999952316284,2.9200000762939453,161400
2022-01-13,3.0199999809265137,3.0199999809265137,2.819999933242798,2.8399999141693115,167200
2022-01-14,2.809999942779541,2.869999885559082,2.7799999713897705,2.799999952316284,91500
2022-01-18,2.75,3.0799999237060547,2.700000047683716,2.819999933242798,892800
2022-01-19,2.809999942779541,2.859999895095825,2.5299999713897705,2.569999933242798,351600
2022-01-20,2.5799999237060547,2.819999933242798,2.549999952316284,2.690000057220459,570200
2022-01-21,2.75,2.75,2.4100000858306885,2.4200000762939453,199200
2022-01-24,2.240000009536743,2.4600000381469727,2.2100000381469727,2.430000066757202,119100
2022-01-25,2.369999885559082,2.5,2.3299999237060547,2.359999895095825,56500
2022-01-26,2.440000057220459,2.630000114440918,2.3499999046325684,2.4800000190734863,176100
2022-01-27,2.5,2.5199999809265137,2.25,2.2799999713897705,82400
2022-01-28,2.259999990463257,2.4700000286102295,2.25,2.430000066757202,69400
2022-01-31,2.4000000953674316,2.6500000953674316,2.3399999141693115,2.640000104904175,149400
2022-02-01,2.5899999141693115,3.0399999618530273,2.509999990463257,2.640000104904175,736400
2022-02-02,2.640000104904175,2.9700000286102295,2.4800000190734863,2.509999990463257,948800
2022-02-03,2.4700000286102295,2.7300000190734863,2.3399999141693115,2.390000104904175,369600
2022-02-04,2.3499999046325684,2.559999942779541,2.3299999237060547,2.5199999809265137,93100
2022-02-07,2.5399999618530273,2.5899999141693115,2.369999885559082,2.4700000286102295,159600
2022-02-08,2.4200000762939453,2.740000009536743,2.4200000762939453,2.5999999046325684,385000
2022-02-09,2.5899999141693115,2.880000114440918,2.559999942779541,2.700000047683716,457000
2022-02-10,2.5799999237060547,2.75,2.5,2.549999952316284,191900
2022-02-11,2.549999952316284,2.680000066757202,2.5,2.559999942779541,105700
2022-02-14,2.6500000953674316,2.7699999809265137,2.4100000858306885,2.640000104904175,545800
2022-02-15,2.690000057220459,2.930000066757202,2.6500000953674316,2.9200000762939453,155200
2022-02-16,2.9100000858306885,3.2200000286102295,2.869999885559082,2.9700000286102295,658000
2022-02-17,2.9700000286102295,3.2300000190734863,2.869999885559082,3.0999999046325684,581300
2022-02-18,3.069999933242798,3.430000066757202,3.0299999713897705,3.140000104904175,371100
2022-02-22,3.119999885559082,4.099999904632568,3.069999933242798,3.9600000381469727,1624100
2022-02-23,4.0,4.440000057220459,3.640000104904175,3.7300000190734863,2856500
2022-02-24,3.490000009536743,3.890000104904175,3.0199999809265137,3.0299999713897705,1064600
2022-02-25,3.0899999141693115,3.3399999141693115,2.8499999046325684,2.859999895095825,636200
2022-02-28,2.859999895095825,2.940000057220459,2.680000066757202,2.7300000190734863,254800
2022-03-01,2.7699999809265137,2.7699999809265137,2.4700000286102295,2.6500000953674316,457000
2022-03-02,2.640000104904175,2.7100000381469727,2.549999952316284,2.630000114440918,77400
2022-03-03,2.630000114440918,2.680000066757202,2.490000009536743,2.549999952316284,121600
2022-03-04,2.5399999618530273,2.5999999046325684,2.4000000953674316,2.4800000190734863,197900
2022-03-07,2.4800000190734863,2.5,2.299999952316284,2.450000047683716,165700
2022-03-08,2.450000047683716,2.5299999713897705,2.3399999141693115,2.450000047683716,56700
2022-03-09,2.490000009536743,2.7100000381469727,2.380000114440918,2.440000057220459,267200
2022-03-10,2.4800000190734863,2.6700000762939453,2.319999933242798,2.640000104904175,257500
2022-03-11,2.759999990463257,3.0399999618530273,2.369999885559082,2.4100000858306885,1069000
2022-03-14,2.4000000953674316,2.450000047683716,2.259999990463257,2.319999933242798,142200
2022-03-15,2.3299999237060547,2.490000009536743,2.240000009536743,2.4700000286102295,131100
2022-03-16,2.4600000381469727,2.7300000190734863,2.359999895095825,2.4600000381469727,519400
2022-03-17,2.4800000190734863,2.609999895095825,2.369999885559082,2.5,218900
2022-03-18,2.5299999713897705,2.7799999713897705,2.440000057220459,2.7100000381469727,805400
2022-03-21,2.7100000381469727,2.7100000381469727,2.430000066757202,2.5199999809265137,251700
2022-03-22,2.549999952316284,2.6700000762939453,2.509999990463257,2.630000114440918,44200
2022-03-23,2.630000114440918,2.700000047683716,2.549999952316284,2.640000104904175,123800
2022-03-24,2.569999933242798,2.75,2.4200000762939453,2.6600000858306885,413600
2022-03-25,2.700000047683716,2.7300000190734863,2.5,2.559999942779541,121400
2022-03-28,2.509999990463257,2.9000000953674316,2.509999990463257,2.6600000858306885,826100
2022-03-29,2.6700000762939453,2.75,2.569999933242798,2.609999895095825,145000
2022-03-30,2.569999933242798,2.7300000190734863,2.5199999809265137,2.5799999237060547,185100
2022-03-31,2.549999952316284,2.630000114440918,2.509999990463257,2.5899999141693115,158600
2022-04-01,2.559999942779541,2.5899999141693115,2.509999990463257,2.549999952316284,86600
2022-04-04,2.5299999713897705,2.690000057220459,2.5299999713897705,2.609999895095825,227900
2022-04-05,2.569999933242798,2.640000104904175,2.549999952316284,2.5899999141693115,27200
2022-04-06,2.5399999618530273,2.640000104904175,2.5,2.5899999141693115,53600
2022-04-07,2.619999885559082,2.619999885559082,2.5,2.559999942779541,58700
2022-04-08,2.559999942779541,2.5899999141693115,2.450000047683716,2.509999990463257,94400
2022-04-11,2.4800000190734863,2.5799999237060547,2.450000047683716,2.559999942779541,71900
2022-04-12,2.4600000381469727,2.6500000953674316,2.4600000381469727,2.619999885559082,104400
2022-04-13,2.619999885559082,2.700000047683716,2.5799999237060547,2.6500000953674316,132700
2022-04-14,2.6500000953674316,2.690000057220459,2.569999933242798,2.5999999046325684,64700
2022-04-18,2.559999942779541,2.5999999046325684,2.5299999713897705,2.569999933242798,34700
2022-04-19,2.559999942779541,2.7300000190734863,2.549999952316284,2.5999999046325684,105500
2022-04-20,2.609999895095825,2.690000057220459,2.5,2.6500000953674316,124100
2022-04-21,2.630000114440918,2.6500000953674316,2.509999990463257,2.509999990463257,56500
2022-04-22,2.640000104904175,2.640000104904175,2.4000000953674316,2.490000009536743,130300
2022-04-25,2.440000057220459,2.490000009536743,2.3299999237060547,2.4000000953674316,171200
2022-04-26,2.299999952316284,2.5399999618530273,2.299999952316284,2.4600000381469727,26900
2022-04-27,2.4200000762939453,2.549999952316284,2.4000000953674316,2.4600000381469727,49300
2022-04-28,2.440000057220459,2.440000057220459,2.319999933242798,2.380000114440918,63700
2022-04-29,2.4000000953674316,2.5999999046325684,2.359999895095825,2.5199999809265137,140100
2022-05-02,2.5199999809265137,2.5799999237060547,2.4700000286102295,2.5399999618530273,36800
2022-05-03,2.509999990463257,2.5899999141693115,2.430000066757202,2.4800000190734863,45900
2022-05-04,2.4600000381469727,2.6500000953674316,2.430000066757202,2.5,387600
2022-05-05,2.5399999618530273,2.640000104904175,2.4200000762939453,2.5299999713897705,229800
2022-05-06,2.5299999713897705,2.5999999046325684,2.25,2.2799999713897705,124900
2022-05-09,2.2799999713897705,2.450000047683716,2.0899999141693115,2.119999885559082,328400
2022-05-10,2.119999885559082,2.259999990463257,1.9900000095367432,1.9900000095367432,308700
2022-05-11,2.0,2.0799999237060547,1.7599999904632568,1.940000057220459,343300
2022-05-12,1.940000057220459,2.009999990463257,1.8799999952316284,2.009999990463257,39500
2022-05-13,2.0199999809265137,2.440000057220459,2.0,2.4000000953674316,215400
2022-05-16,2.4000000953674316,2.5799999237060547,2.1700000762939453,2.259999990463257,328900
2022-05-17,2.2100000381469727,2.4100000858306885,2.190000057220459,2.25,93300
2022-05-18,2.2100000381469727,2.2699999809265137,2.009999990463257,2.0399999618530273,38000
2022-05-19,2.0399999618530273,2.2699999809265137,2.0399999618530273,2.1700000762939453,224600
2022-05-20,2.1600000858306885,2.1600000858306885,1.9199999570846558,1.9700000286102295,139800
2022-05-23,1.9700000286102295,2.2699999809265137,1.9600000381469727,2.240000009536743,185300
2022-05-24,2.309999942779541,2.5199999809265137,2.1500000953674316,2.190000057220459,775200
2022-05-25,2.130000114440918,2.380000114440918,2.0199999809265137,2.059999942779541,282400
2022-05-26,2.0399999618530273,2.1700000762939453,2.0,2.009999990463257,104200
2022-05-27,2.0199999809265137,2.180000066757202,2.009999990463257,2.049999952316284,161300
2022-05-31,2.049999952316284,2.0999999046325684,1.9900000095367432,2.0299999713897705,33000
2022-06-01,2.0899999141693115,2.0999999046325684,1.909999966621399,1.940000057220459,139500
2022-06-02,1.9500000476837158,2.049999952316284,1.909999966621399,1.9700000286102295,79500
2022-06-03,1.9500000476837158,2.0399999618530273,1.9199999570846558,2.0199999809265137,51300
2022-06-06,2.0299999713897705,2.049999952316284,1.9299999475479126,1.9700000286102295,40900
2022-06-07,2.009999990463257,2.119999885559082,1.9900000095367432,2.0299999713897705,54900
2022-06-08,2.049999952316284,2.069999933242798,1.8899999856948853,1.9299999475479126,100800
2022-06-09,1.8899999856948853,2.0,1.8799999952316284,1.9500000476837158,1263600
2022-06-10,2.3499999046325684,2.4600000381469727,2.0199999809265137,2.2300000190734863,17695900
2022-06-13,2.0,2.319999933242798,2.0,2.119999885559082,789600
2022-06-14,2.009999990463257,2.1500000953674316,1.9700000286102295,2.049999952316284,284200
2022-06-15,2.0899999141693115,2.1500000953674316,2.0,2.069999933242798,205000
2022-06-16,2.0,2.0799999237060547,1.9800000190734863,2.0399999618530273,129200
2022-06-17,2.0199999809265137,2.240000009536743,2.009999990463257,2.059999942779541,726700
2022-06-21,2.0899999141693115,2.190000057220459,2.0,2.0299999713897705,301900
2022-06-22,1.9500000476837158,2.049999952316284,1.9500000476837158,2.049999952316284,130300
2022-06-23,2.049999952316284,2.049999952316284,1.9800000190734863,2.0299999713897705,71600
2022-06-24,2.0799999237060547,2.0899999141693115,2.0399999618530273,2.0799999237060547,69400
2022-06-27,2.0899999141693115,2.140000104904175,2.0299999713897705,2.0799999237060547,134000
2022-06-28,2.059999942779541,2.3299999237060547,2.0299999713897705,2.0399999618530273,738300
2022-06-29,2.059999942779541,2.1500000953674316,2.0399999618530273,2.069999933242798,67500
2022-06-30,2.0199999809265137,2.109999895095825,1.9500000476837158,1.9800000190734863,246900
2022-07-01,2.009999990463257,2.049999952316284,1.8899999856948853,1.9500000476837158,121300
2022-07-05,1.909999966621399,2.049999952316284,1.909999966621399,2.009999990463257,42400
2022-07-06,1.940000057220459,2.009999990463257,1.940000057220459,1.9800000190734863,15600
2022-07-07,1.9199999570846558,2.0799999237060547,1.9199999570846558,2.0299999713897705,67300
2022-07-08,2.0199999809265137,2.059999942779541,2.0,2.0399999618530273,51400
2022-07-11,2.0399999618530273,2.1500000953674316,1.9600000381469727,1.9700000286102295,258700
2022-07-12,1.9700000286102295,2.059999942779541,1.9700000286102295,2.049999952316284,34200
2022-07-13,2.0199999809265137,2.059999942779541,1.9800000190734863,2.049999952316284,40800
2022-07-14,2.0,2.1500000953674316,1.9900000095367432,2.0399999618530273,79900
2022-07-15,2.0399999618530273,2.0899999141693115,1.9800000190734863,2.0399999618530273,26400
2022-07-18,1.9900000095367432,2.140000104904175,1.9900000095367432,2.109999895095825,81600
2022-07-19,2.0899999141693115,2.0999999046325684,2.009999990463257,2.049999952316284,44600
2022-07-20,2.0399999618530273,2.069999933242798,2.0199999809265137,2.0299999713897705,27000
2022-07-21,2.0299999713897705,2.190000057220459,1.9900000095367432,2.0899999141693115,381500
2022-07-22,2.119999885559082,2.140000104904175,2.009999990463257,2.049999952316284,93800
2022-07-25,2.0199999809265137,2.1500000953674316,2.009999990463257,2.0299999713897705,349600
2022-07-26,2.0299999713897705,2.059999942779541,1.7999999523162842,1.7999999523162842,290700
2022-07-27,1.7999999523162842,1.909999966621399,1.7999999523162842,1.840000033378601,98900
2022-07-28,1.8700000047683716,1.9299999475479126,1.7599999904632568,1.8600000143051147,67600
2022-07-29,1.8799999952316284,2.0299999713897705,1.8300000429153442,1.909999966621399,407300
2022-08-01,1.8300000429153442,1.9900000095367432,1.8300000429153442,1.899999976158142,441200
2022-08-02,1.940000057220459,1.9900000095367432,1.7899999618530273,1.809999942779541,490900
2022-08-03,1.8600000143051147,1.9800000190734863,1.8200000524520874,1.8799999952316284,291900
2022-08-04,1.940000057220459,1.9900000095367432,1.8600000143051147,1.9299999475479126,92500
2022-08-05,1.8799999952316284,1.940000057220459,1.8600000143051147,1.899999976158142,64800
2022-08-08,1.899999976158142,1.9500000476837158,1.7999999523162842,1.809999942779541,264300
2022-08-09,1.7999999523162842,2.049999952316284,1.6299999952316284,1.809999942779541,1275700
2022-08-10,1.7999999523162842,1.940000057220459,1.7400000095367432,1.75,180000
2022-08-11,1.7200000286102295,1.8600000143051147,1.690000057220459,1.690000057220459,490600
2022-08-12,1.7100000381469727,1.809999942779541,1.7100000381469727,1.75,117600
2022-08-15,1.7799999713897705,1.7999999523162842,1.75,1.75,51600
2022-08-16,1.7599999904632568,1.7799999713897705,1.7300000190734863,1.75,200200
2022-08-17,1.7200000286102295,1.7799999713897705,1.7200000286102295,1.75,285600
2022-08-18,1.75,1.8899999856948853,1.7400000095367432,1.75,186500
2022-08-19,1.7200000286102295,1.7999999523162842,1.7200000286102295,1.7799999713897705,77800
2022-08-22,1.7799999713897705,1.840000033378601,1.75,1.7699999809265137,21800
2022-08-23,1.7799999713897705,1.840000033378601,1.75,1.7999999523162842,64000
2022-08-24,1.7699999809265137,1.809999942779541,1.7300000190734863,1.7300000190734863,120500
2022-08-25,1.7599999904632568,1.7699999809265137,1.7300000190734863,1.7699999809265137,32700
2022-08-26,1.7899999618530273,1.8300000429153442,1.7599999904632568,1.7999999523162842,90000
2022-08-29,1.7999999523162842,1.8300000429153442,1.75,1.75,24800
2022-08-30,1.7799999713897705,1.7899999618530273,1.75,1.7599999904632568,36100
2022-08-31,1.7699999809265137,1.9299999475479126,1.7699999809265137,1.7799999713897705,260600
2022-09-01,1.7799999713897705,1.8200000524520874,1.7000000476837158,1.75,113800
2022-09-02,1.7200000286102295,1.7799999713897705,1.6399999856948853,1.649999976158142,230800
2022-09-06,1.7000000476837158,1.7000000476837158,1.6399999856948853,1.6799999475479126,12600
2022-09-07,1.6799999475479126,1.7000000476837158,1.6299999952316284,1.7000000476837158,8700
2022-09-08,1.6799999475479126,1.690000057220459,1.6100000143051147,1.690000057220459,29800
2022-09-09,1.7000000476837158,1.7400000095367432,1.6699999570846558,1.7100000381469727,50400
2022-09-12,1.6699999570846558,1.7200000286102295,1.659999966621399,1.6699999570846558,26400
2022-09-13,1.6799999475479126,1.7300000190734863,1.6699999570846558,1.7100000381469727,21600
2022-09-14,1.7000000476837158,1.7599999904632568,1.6799999475479126,1.6799999475479126,44100
2022-09-15,1.7000000476837158,1.7400000095367432,1.7000000476837158,1.7000000476837158,5900
2022-09-16,1.7100000381469727,1.7300000190734863,1.6399999856948853,1.6399999856948853,71300
2022-09-19,1.6699999570846558,1.6699999570846558,1.5700000524520874,1.590000033378601,21000
2022-09-20,1.600000023841858,1.6299999952316284,1.5499999523162842,1.5499999523162842,9200
2022-09-21,1.5299999713897705,1.6200000047683716,1.5299999713897705,1.5499999523162842,94600
2022-09-22,1.5499999523162842,1.5700000524520874,1.5,1.5199999809265137,31900
2022-09-23,1.5,1.5,1.4199999570846558,1.4199999570846558,12300
2022-09-26,1.4900000095367432,1.6100000143051147,1.4500000476837158,1.5499999523162842,77300
2022-09-27,1.5199999809265137,1.590000033378601,1.5,1.5299999713897705,11500
2022-09-28,1.5299999713897705,1.5800000429153442,1.5299999713897705,1.5499999523162842,6100
2022-09-29,1.5299999713897705,1.590000033378601,1.4700000286102295,1.5800000429153442,16100
2022-09-30,1.590000033378601,1.590000033378601,1.5,1.5099999904632568,50100
2022-10-03,1.5499999523162842,1.5499999523162842,1.5,1.5299999713897705,5800
2022-10-04,1.590000033378601,1.7400000095367432,1.5099999904632568,1.5499999523162842,624600
2022-10-05,1.5299999713897705,1.5700000524520874,1.409999966621399,1.4299999475479126,162000
2022-10-06,1.4500000476837158,1.5099999904632568,1.4299999475479126,1.4900000095367432,30700
2022-10-07,1.4900000095367432,1.4900000095367432,1.4299999475479126,1.440000057220459,38700
2022-10-10,1.4900000095367432,1.4900000095367432,1.440000057220459,1.4600000381469727,24400
2022-10-11,1.4600000381469727,1.4700000286102295,1.350000023841858,1.399999976158142,98300
2022-10-12,1.3700000047683716,1.5299999713897705,1.3700000047683716,1.4299999475479126,38900
2022-10-13,1.4299999475479126,1.5199999809265137,1.399999976158142,1.399999976158142,123100
2022-10-14,1.409999966621399,1.4900000095367432,1.409999966621399,1.4299999475479126,56600
2022-10-17,1.4199999570846558,1.5199999809265137,1.4199999570846558,1.4500000476837158,62200
2022-10-18,1.4700000286102295,1.5399999618530273,1.4600000381469727,1.4900000095367432,48200
2022-10-19,1.5,1.5299999713897705,1.4700000286102295,1.4700000286102295,18100
2022-10-20,1.4800000190734863,1.5299999713897705,1.4800000190734863,1.5099999904632568,15300
2022-10-21,1.5,1.5299999713897705,1.4600000381469727,1.4800000190734863,27800
2022-10-24,1.4500000476837158,1.5199999809265137,1.4500000476837158,1.5,25500
2022-10-25,1.5199999809265137,1.5299999713897705,1.4500000476837158,1.4600000381469727,61900
2022-10-26,1.5,1.5199999809265137,1.4900000095367432,1.4900000095367432,22200
2022-10-27,1.4800000190734863,1.5199999809265137,1.4800000190734863,1.5099999904632568,14800
2022-10-28,1.4900000095367432,1.5199999809265137,1.4900000095367432,1.5,8000
2022-10-31,1.5,1.5199999809265137,1.4600000381469727,1.4600000381469727,8600
2022-11-01,1.5,1.5499999523162842,1.4700000286102295,1.4800000190734863,94500
2022-11-02,1.5099999904632568,1.559999942779541,1.4700000286102295,1.4800000190734863,99100
2022-11-03,1.4600000381469727,1.5499999523162842,1.4600000381469727,1.5099999904632568,31400
2022-11-04,1.5099999904632568,1.5399999618530273,1.5,1.5299999713897705,12800
2022-11-07,1.5099999904632568,1.5499999523162842,1.4500000476837158,1.4500000476837158,61700
2022-11-08,1.409999966621399,1.5299999713897705,1.3899999856948853,1.4600000381469727,197200
2022-11-09,1.4500000476837158,1.5199999809265137,1.4199999570846558,1.5,21700
2022-11-10,1.5,1.5499999523162842,1.5,1.5299999713897705,13400
2022-11-11,1.5299999713897705,1.6399999856948853,1.5099999904632568,1.559999942779541,87600
2022-11-14,1.5499999523162842,1.5800000429153442,1.5399999618530273,1.559999942779541,5400
2022-11-15,1.5,1.5700000524520874,1.4900000095367432,1.5399999618530273,7000
2022-11-16,1.5399999618530273,1.5499999523162842,1.440000057220459,1.4900000095367432,116000
2022-11-17,1.600000023841858,1.75,1.5800000429153442,1.7300000190734863,111900
2022-11-18,1.7599999904632568,1.9299999475479126,1.4600000381469727,1.5800000429153442,876900
2022-11-21,1.559999942779541,1.6299999952316284,1.4900000095367432,1.5,50400
2022-11-22,1.4900000095367432,1.5800000429153442,1.4900000095367432,1.5099999904632568,38200
2022-11-23,1.5,1.5299999713897705,1.4500000476837158,1.4500000476837158,57200
2022-11-25,1.4199999570846558,1.5199999809265137,1.4199999570846558,1.4800000190734863,12800
2022-11-28,1.4800000190734863,1.5099999904632568,1.4800000190734863,1.4800000190734863,3100
2022-11-29,1.4800000190734863,1.5299999713897705,1.4800000190734863,1.4900000095367432,29900
2022-11-30,1.5199999809265137,1.5299999713897705,1.5,1.5199999809265137,10300
2022-12-01,1.5,1.5399999618530273,1.4800000190734863,1.5099999904632568,13300
2022-12-02,1.5199999809265137,1.5399999618530273,1.5099999904632568,1.5099999904632568,23900
2022-12-05,1.5,1.5499999523162842,1.5,1.5,5400
2022-12-06,1.5,1.5199999809265137,1.5,1.5199999809265137,7100
2022-12-07,1.5199999809265137,1.5199999809265137,1.5,1.5099999904632568,14800
2022-12-08,1.5,1.5099999904632568,1.5,1.5099999904632568,6300
2022-12-09,1.5199999809265137,1.5800000429153442,1.5,1.5199999809265137,47800
2022-12-12,1.5299999713897705,1.5399999618530273,1.5099999904632568,1.5199999809265137,30800
2022-12-13,1.5099999904632568,1.5299999713897705,1.5,1.5099999904632568,28000
2022-12-14,1.5099999904632568,1.5199999809265137,1.5099999904632568,1.5099999904632568,3300
2022-12-15,1.5,1.5399999618530273,1.5,1.5399999618530273,19800
2022-12-16,1.5199999809265137,1.5399999618530273,1.5099999904632568,1.5399999618530273,5500
2022-12-19,1.5099999904632568,1.5199999809265137,1.5099999904632568,1.5099999904632568,27500
2022-12-20,1.5,1.5199999809265137,1.5,1.5,4100
2022-12-21,1.5199999809265137,1.6399999856948853,1.5099999904632568,1.5099999904632568,41200
2022-12-22,1.5199999809265137,1.5299999713897705,1.4800000190734863,1.5299999713897705,34100
2022-12-23,1.4900000095367432,1.5099999904632568,1.4800000190734863,1.4800000190734863,15100
2022-12-27,1.4700000286102295,1.4700000286102295,1.4199999570846558,1.4299999475479126,59800
2022-12-28,1.3700000047683716,1.4700000286102295,1.3700000047683716,1.4299999475479126,20400
2022-12-29,1.4299999475479126,1.4299999475479126,1.3799999952316284,1.3799999952316284,33600
2022-12-30,1.309999942779541,1.3799999952316284,1.309999942779541,1.3200000524520874,57700
2023-01-03,1.309999942779541,1.4199999570846558,1.2799999713897705,1.399999976158142,151300
2023-01-04,1.3799999952316284,1.5,1.3700000047683716,1.4900000095367432,87400
2023-01-05,1.409999966621399,1.559999942779541,1.409999966621399,1.4900000095367432,31200
2023-01-06,1.4600000381469727,1.6399999856948853,1.440000057220459,1.559999942779541,41700
2023-01-09,1.4900000095367432,1.6399999856948853,1.4900000095367432,1.6399999856948853,16400
2023-01-10,1.6100000143051147,1.7599999904632568,1.5299999713897705,1.6799999475479126,24400
2023-01-11,1.649999976158142,1.8899999856948853,1.6200000047683716,1.7999999523162842,40900
2023-01-12,1.899999976158142,2.119999885559082,1.8700000047683716,2.0799999237060547,61900
2023-01-13,2.130000114440918,2.3299999237060547,2.119999885559082,2.200000047683716,75000
2023-01-17,2.2100000381469727,2.380000114440918,2.2100000381469727,2.369999885559082,60500
2023-01-18,2.390000104904175,2.4000000953674316,2.2799999713897705,2.319999933242798,29700
2023-01-19,2.3499999046325684,2.440000057220459,2.319999933242798,2.359999895095825,42500
2023-01-20,2.440000057220459,2.5999999046325684,2.359999895095825,2.5899999141693115,85300
2023-01-23,2.5899999141693115,3.1600000858306885,2.5899999141693115,2.990000009536743,233100
2023-01-24,2.9800000190734863,3.4000000953674316,2.6600000858306885,3.0799999237060547,940200
2023-01-25,3.2899999618530273,3.4600000381469727,2.7300000190734863,3.430000066757202,387600
2023-01-26,3.440000057220459,3.759999990463257,3.1600000858306885,3.559999942779541,848200
2023-01-27,3.6600000858306885,4.0,3.549999952316284,3.890000104904175,830700
2023-01-30,3.990000009536743,4.139999866485596,3.740000009536743,4.050000190734863,977300
2023-01-31,3.990000009536743,4.429999828338623,3.9000000953674316,4.199999809265137,1129400
2023-02-01,4.389999866485596,4.599999904632568,4.110000133514404,4.25,1196200
2023-02-02,4.28000020980835,4.480000019073486,3.5799999237060547,3.799999952316284,1168500
2023-02-03,3.7799999713897705,3.9000000953674316,3.5299999713897705,3.640000104904175,350400
2023-02-06,3.690000057220459,4.25,3.690000057220459,4.090000152587891,697100
2023-02-07,4.079999923706055,4.369999885559082,3.7699999809265137,3.809999942779541,709300
2023-02-08,3.740000009536743,3.859999895095825,3.109999895095825,3.1600000858306885,733800
2023-02-09,3.1700000762939453,3.319999933242798,2.950000047683716,2.950000047683716,206000
2023-02-10,2.930000066757202,3.2799999713897705,2.8499999046325684,3.2100000381469727,153000
2023-02-13,3.25,3.630000114440918,3.049999952316284,3.0899999141693115,515300
2023-02-14,3.049999952316284,3.3299999237060547,3.049999952316284,3.069999933242798,387300
2023-02-15,3.0399999618530273,3.2200000286102295,3.009999990463257,3.119999885559082,349200
2023-02-16,3.0999999046325684,3.240000009536743,3.069999933242798,3.0899999141693115,187600
2023-02-17,3.069999933242798,3.640000104904175,3.069999933242798,3.5299999713897705,503100
2023-02-21,3.4600000381469727,4.099999904632568,3.450000047683716,3.7799999713897705,754100
2023-02-22,3.9000000953674316,4.269999980926514,3.2799999713897705,3.3399999141693115,850900
2023-02-23,3.4600000381469727,3.6500000953674316,3.309999942779541,3.369999885559082,369700
2023-02-24,3.4000000953674316,3.7799999713897705,2.869999885559082,3.549999952316284,1394500
2023-02-27,3.5799999237060547,3.990000009536743,3.509999990463257,3.549999952316284,956200
2023-02-28,3.5999999046325684,3.7100000381469727,2.5799999237060547,2.640000104904175,974400
2023-03-01,2.609999895095825,2.7100000381469727,2.180000066757202,2.200000047683716,396600
2023-03-02,2.259999990463257,2.359999895095825,1.840000033378601,1.8700000047683716,555600
2023-03-03,1.8300000429153442,2.059999942779541,1.75,1.8799999952316284,298900
2023-03-06,1.840000033378601,1.909999966621399,1.659999966621399,1.6699999570846558,391600
2023-03-07,1.7000000476837158,1.7200000286102295,1.6299999952316284,1.690000057220459,59500
2023-03-08,1.7000000476837158,1.809999942779541,1.649999976158142,1.6799999475479126,261200
2023-03-09,1.6699999570846558,1.8200000524520874,1.559999942779541,1.600000023841858,160600
2023-03-10,1.5199999809265137,1.6200000047683716,1.5,1.600000023841858,294200
2023-03-13,1.5800000429153442,1.7000000476837158,1.4800000190734863,1.4800000190734863,191300
2023-03-14,1.4800000190734863,1.5099999904632568,1.4199999570846558,1.4600000381469727,191000
2023-03-15,1.3799999952316284,1.5099999904632568,1.3700000047683716,1.4900000095367432,140200
2023-03-16,1.4500000476837158,1.5099999904632568,1.4299999475479126,1.5,78800
2023-03-17,1.4900000095367432,1.7300000190734863,1.4700000286102295,1.6399999856948853,204300
2023-03-20,1.6100000143051147,1.6100000143051147,1.5199999809265137,1.5800000429153442,59700
2023-03-21,1.559999942779541,1.6799999475479126,1.559999942779541,1.659999966621399,46100
2023-03-22,1.7100000381469727,1.9199999570846558,1.7000000476837158,1.7699999809265137,288300
2023-03-23,1.840000033378601,1.840000033378601,1.6799999475479126,1.6799999475479126,114500
2023-03-24,1.7100000381469727,1.7400000095367432,1.5099999904632568,1.7400000095367432,142100
2023-03-27,1.7400000095367432,1.9700000286102295,1.7400000095367432,1.9700000286102295,88100
2023-03-28,1.909999966621399,2.0799999237060547,1.8600000143051147,1.940000057220459,96600
2023-03-29,1.9700000286102295,2.0299999713897705,1.8799999952316284,2.0299999713897705,12600
2023-03-30,2.049999952316284,2.2200000286102295,2.009999990463257,2.109999895095825,58300
2023-03-31,2.180000066757202,2.180000066757202,2.0399999618530273,2.130000114440918,43300
2023-04-03,2.130000114440918,2.200000047683716,2.0399999618530273,2.0899999141693115,62700
2023-04-04,2.059999942779541,2.059999942779541,1.909999966621399,1.940000057220459,51700
2023-04-05,1.9700000286102295,1.9700000286102295,1.809999942779541,1.850000023841858,57900
2023-04-06,1.909999966621399,1.940000057220459,1.7899999618530273,1.9299999475479126,32100
2023-04-10,1.8899999856948853,1.9199999570846558,1.7699999809265137,1.8300000429153442,57000
2023-04-11,1.9199999570846558,2.0899999141693115,1.8799999952316284,2.069999933242798,97100
2023-04-12,2.0199999809265137,2.119999885559082,1.940000057220459,2.0199999809265137,41100
2023-04-13,2.0,2.049999952316284,1.9800000190734863,2.049999952316284,18600
2023-04-14,1.9800000190734863,2.009999990463257,1.9199999570846558,1.9500000476837158,33600
2023-04-17,1.940000057220459,1.9800000190734863,1.899999976158142,1.9500000476837158,31700
2023-04-18,1.9500000476837158,1.9700000286102295,1.909999966621399,1.940000057220459,21700
2023-04-19,1.909999966621399,1.9299999475479126,1.75,1.8899999856948853,88800
2023-04-20,1.8600000143051147,1.9500000476837158,1.8600000143051147,1.9199999570846558,9100
2023-04-21,1.9199999570846558,1.9500000476837158,1.909999966621399,1.909999966621399,9000
2023-04-24,1.9199999570846558,1.9199999570846558,1.809999942779541,1.8799999952316284,20200
2023-04-25,1.8300000429153442,1.8799999952316284,1.6799999475479126,1.8700000047683716,80400
2023-04-26,1.8300000429153442,1.850000023841858,1.7699999809265137,1.809999942779541,33400
2023-04-27,1.7799999713897705,1.8700000047683716,1.7699999809265137,1.8700000047683716,32500
2023-04-28,1.8300000429153442,1.909999966621399,1.8300000429153442,1.8600000143051147,29300
2023-05-01,1.899999976158142,1.899999976158142,1.840000033378601,1.840000033378601,33400
2023-05-02,1.8600000143051147,1.899999976158142,1.8200000524520874,1.899999976158142,31200
2023-05-03,1.8899999856948853,1.940000057220459,1.8700000047683716,1.909999966621399,39800
2023-05-04,1.899999976158142,1.899999976158142,1.7699999809265137,1.8700000047683716,77000
2023-05-05,1.7999999523162842,1.940000057220459,1.7999999523162842,1.9199999570846558,55100
2023-05-08,1.899999976158142,1.9600000381469727,1.7999999523162842,1.9500000476837158,268500
2023-05-09,1.909999966621399,2.390000104904175,1.909999966621399,2.259999990463257,313200
2023-05-10,2.2799999713897705,2.5799999237060547,2.2699999809265137,2.4200000762939453,111100
2023-05-11,2.369999885559082,2.4700000286102295,2.2799999713897705,2.4700000286102295,15300
2023-05-12,2.390000104904175,2.5899999141693115,2.359999895095825,2.569999933242798,37200
2023-05-15,2.619999885559082,2.680000066757202,2.4600000381469727,2.5,48900
2023-05-16,2.4800000190734863,2.559999942779541,2.4000000953674316,2.559999942779541,26400
2023-05-17,2.509999990463257,2.6700000762939453,2.4800000190734863,2.609999895095825,39900
2023-05-18,2.609999895095825,2.740000009536743,2.430000066757202,2.6600000858306885,131700
2023-05-19,2.630000114440918,2.890000104904175,2.630000114440918,2.819999933242798,33800
2023-05-22,2.809999942779541,3.0,2.759999990463257,2.9100000858306885,89700
2023-05-23,2.9100000858306885,3.0299999713897705,2.7699999809265137,2.7799999713897705,72700
2023-05-24,2.8299999237060547,2.950000047683716,2.809999942779541,2.8399999141693115,28500
2023-05-25,2.819999933242798,2.9700000286102295,2.809999942779541,2.819999933242798,18400
2023-05-26,2.869999885559082,2.940000057220459,2.809999942779541,2.8499999046325684,23000
2023-05-30,2.9100000858306885,2.9100000858306885,2.759999990463257,2.799999952316284,52800
2023-05-31,2.7699999809265137,2.9000000953674316,2.7699999809265137,2.809999942779541,54800
2023-06-01,2.8299999237060547,2.990000009536743,2.630000114440918,2.630000114440918,48300
2023-06-02,2.6500000953674316,2.7699999809265137,2.5899999141693115,2.6600000858306885,55700
2023-06-05,2.5999999046325684,2.75,2.5999999046325684,2.7100000381469727,56200
2023-06-06,2.740000009536743,2.890000104904175,2.5799999237060547,2.5899999141693115,69800
2023-06-07,2.6700000762939453,2.740000009536743,2.5799999237060547,2.5799999237060547,20200
2023-06-08,2.619999885559082,2.619999885559082,2.5299999713897705,2.5299999713897705,18700
2023-06-09,2.5,2.5799999237060547,2.4200000762939453,2.4200000762939453,58500
2023-06-12,2.4700000286102295,2.5199999809265137,2.190000057220459,2.309999942779541,160000
2023-06-13,2.3499999046325684,2.4700000286102295,2.299999952316284,2.299999952316284,50900
2023-06-14,2.2100000381469727,2.4600000381469727,2.2100000381469727,2.2899999618530273,59600
2023-06-15,2.3499999046325684,2.450000047683716,2.299999952316284,2.3499999046325684,58700
2023-06-16,2.430000066757202,2.9100000858306885,2.390000104904175,2.490000009536743,323300
2023-06-20,2.490000009536743,2.569999933242798,2.3399999141693115,2.4200000762939453,44100
2023-06-21,2.369999885559082,2.5399999618530273,2.3399999141693115,2.4200000762939453,46400
2023-06-22,2.3499999046325684,2.5399999618530273,2.3499999046325684,2.5299999713897705,40700
2023-06-23,2.450000047683716,2.5399999618530273,2.369999885559082,2.430000066757202,28500
2023-06-26,2.4600000381469727,3.25,2.4200000762939453,2.869999885559082,1471500
2023-06-27,2.9100000858306885,3.809999942779541,2.9100000858306885,3.4200000762939453,1917700
2023-06-28,3.359999895095825,3.7699999809265137,3.119999885559082,3.2699999809265137,1324000
2023-06-29,3.299999952316284,3.7699999809265137,2.75,2.819999933242798,895600
2023-06-30,2.069999933242798,2.450000047683716,1.850000023841858,1.8700000047683716,1653800
2023-07-03,1.9800000190734863,2.140000104904175,1.850000023841858,1.8700000047683716,375300
2023-07-05,1.8799999952316284,1.8799999952316284,1.75,1.7899999618530273,160100
2023-07-06,1.7599999904632568,1.809999942779541,1.6100000143051147,1.7599999904632568,197300
2023-07-07,1.7400000095367432,1.940000057220459,1.7100000381469727,1.8799999952316284,205600
2023-07-10,1.899999976158142,1.9500000476837158,1.840000033378601,1.899999976158142,89400
2023-07-11,1.850000023841858,1.9299999475479126,1.840000033378601,1.8799999952316284,31900
2023-07-12,1.8700000047683716,1.9199999570846558,1.7999999523162842,1.850000023841858,21100
2023-07-13,1.8300000429153442,1.9199999570846558,1.7599999904632568,1.8200000524520874,94900
2023-07-14,1.840000033378601,1.8899999856948853,1.7100000381469727,1.7799999713897705,110600
2023-07-17,1.7699999809265137,1.899999976158142,1.7599999904632568,1.8600000143051147,103900
2023-07-18,1.8300000429153442,1.899999976158142,1.7599999904632568,1.7799999713897705,89800
2023-07-19,1.7599999904632568,1.7899999618530273,1.7200000286102295,1.75,48500
2023-07-20,1.7300000190734863,1.7699999809265137,1.7100000381469727,1.7200000286102295,33600
2023-07-21,1.75,1.7599999904632568,1.7200000286102295,1.7200000286102295,20000
2023-07-24,1.7699999809265137,1.7699999809265137,1.6699999570846558,1.7599999904632568,112200
2023-07-25,1.7000000476837158,1.75,1.6799999475479126,1.690000057220459,21400
2023-07-26,1.659999966621399,1.7300000190734863,1.659999966621399,1.7200000286102295,18100
2023-07-27,1.7000000476837158,1.7200000286102295,1.6299999952316284,1.690000057220459,88300
2023-07-28,1.7300000190734863,1.7599999904632568,1.6299999952316284,1.7400000095367432,17800
2023-07-31,1.7400000095367432,1.7899999618530273,1.7200000286102295,1.7699999809265137,15000
2023-08-01,1.7699999809265137,1.7799999713897705,1.649999976158142,1.75,112100
2023-08-02,1.7200000286102295,1.7400000095367432,1.7000000476837158,1.7200000286102295,6400
2023-08-03,1.6799999475479126,1.7999999523162842,1.6799999475479126,1.7799999713897705,35000
2023-08-04,1.7699999809265137,1.7799999713897705,1.7100000381469727,1.7200000286102295,12700
2023-08-07,1.7699999809265137,1.7699999809265137,1.7200000286102295,1.7200000286102295,22700
2023-08-08,1.7300000190734863,1.8300000429153442,1.7300000190734863,1.7899999618530273,30000
2023-08-09,1.7100000381469727,1.7799999713897705,1.659999966621399,1.7300000190734863,300400
2023-08-10,1.7999999523162842,2.140000104904175,1.6699999570846558,2.069999933242798,403300
2023-08-11,2.069999933242798,2.200000047683716,1.850000023841858,2.119999885559082,96400
2023-08-14,2.049999952316284,2.0799999237060547,1.9500000476837158,1.9700000286102295,32400
2023-08-15,1.899999976158142,2.0799999237060547,1.7999999523162842,2.0799999237060547,62300
2023-08-16,2.009999990463257,2.049999952316284,1.9700000286102295,2.0299999713897705,15600
2023-08-17,1.9700000286102295,2.130000114440918,1.9700000286102295,2.0299999713897705,45500
2023-08-18,2.0299999713897705,2.0299999713897705,1.9900000095367432,2.0,6700
2023-08-21,2.0,2.009999990463257,1.9500000476837158,1.9500000476837158,10500
2023-08-22,1.9500000476837158,1.9800000190734863,1.8700000047683716,1.909999966621399,17400
2023-08-23,1.9299999475479126,1.940000057220459,1.899999976158142,1.9199999570846558,4100
2023-08-24,1.899999976158142,1.940000057220459,1.8899999856948853,1.9199999570846558,16300
2023-08-25,1.899999976158142,1.9299999475479126,1.850000023841858,1.9199999570846558,23800
2023-08-28,1.909999966621399,2.049999952316284,1.899999976158142,2.049999952316284,17400
2023-08-29,2.0799999237060547,2.0899999141693115,1.9299999475479126,2.0,32100
2023-08-30,1.9500000476837158,2.069999933242798,1.9500000476837158,2.059999942779541,20500
2023-08-31,2.0899999141693115,2.0899999141693115,2.009999990463257,2.0299999713897705,18600
2023-09-01,2.0299999713897705,2.1500000953674316,2.0299999713897705,2.049999952316284,33900
2023-09-05,2.0999999046325684,2.319999933242798,2.069999933242798,2.190000057220459,123900
2023-09-06,2.2300000190734863,2.3399999141693115,2.1500000953674316,2.2300000190734863,59600
2023-09-07,2.3399999141693115,2.3399999141693115,2.1700000762939453,2.180000066757202,30000
2023-09-08,2.1700000762939453,2.2100000381469727,2.1500000953674316,2.1500000953674316,28200
2023-09-11,2.200000047683716,2.200000047683716,2.0899999141693115,2.180000066757202,26200
2023-09-12,2.1500000953674316,2.200000047683716,2.049999952316284,2.049999952316284,33800
2023-09-13,2.0199999809265137,2.1500000953674316,1.909999966621399,2.1500000953674316,91800
2023-09-14,2.119999885559082,2.2200000286102295,2.109999895095825,2.1600000858306885,21500
2023-09-15,2.200000047683716,2.200000047683716,2.0899999141693115,2.130000114440918,18900
2023-09-18,2.1700000762939453,2.1700000762939453,2.009999990463257,2.130000114440918,23800
2023-09-19,2.0999999046325684,2.1500000953674316,2.0899999141693115,2.130000114440918,28400
2023-09-20,2.0999999046325684,2.119999885559082,2.049999952316284,2.049999952316284,5100
2023-09-21,2.009999990463257,2.0399999618530273,1.9299999475479126,1.9500000476837158,47900
2023-09-22,1.9800000190734863,2.1500000953674316,1.9500000476837158,1.9900000095367432,52800
2023-09-25,1.9600000381469727,2.0999999046325684,1.899999976158142,1.9299999475479126,72100
2023-09-26,1.909999966621399,2.0,1.7799999713897705,1.809999942779541,185100
2023-09-27,1.7999999523162842,1.840000033378601,1.7999999523162842,1.809999942779541,16700
2023-09-28,1.850000023841858,1.8700000047683716,1.809999942779541,1.809999942779541,9600
2023-09-29,1.8200000524520874,1.8300000429153442,1.7999999523162842,1.809999942779541,23000
2023-10-02,1.7699999809265137,1.940000057220459,1.7699999809265137,1.850000023841858,82400
2023-10-03,1.8799999952316284,1.9600000381469727,1.8200000524520874,1.8200000524520874,18600
2023-10-04,1.8200000524520874,1.940000057220459,1.809999942779541,1.8899999856948853,17300
2023-10-05,1.8600000143051147,1.9500000476837158,1.840000033378601,1.9299999475479126,34900
2023-10-06,1.9199999570846558,1.940000057220459,1.809999942779541,1.899999976158142,59000
2023-10-09,1.8700000047683716,1.899999976158142,1.8300000429153442,1.899999976158142,4700
2023-10-10,1.8899999856948853,1.9199999570846558,1.840000033378601,1.8600000143051147,33900
2023-10-11,1.8600000143051147,1.9700000286102295,1.7999999523162842,1.8300000429153442,105600
2023-10-12,1.8799999952316284,1.8799999952316284,1.7999999523162842,1.8799999952316284,17900
2023-10-13,1.850000023841858,1.8899999856948853,1.809999942779541,1.809999942779541,8200
2023-10-16,1.840000033378601,1.9199999570846558,1.809999942779541,1.809999942779541,42600
2023-10-17,1.8799999952316284,1.9199999570846558,1.850000023841858,1.8600000143051147,25900
2023-10-18,1.899999976158142,1.9199999570846558,1.7799999713897705,1.809999942779541,43500
2023-10-19,1.7699999809265137,1.809999942779541,1.6200000047683716,1.659999966621399,61800
2023-10-20,1.690000057220459,1.7300000190734863,1.6699999570846558,1.7000000476837158,25600
2023-10-23,1.7000000476837158,1.7000000476837158,1.6299999952316284,1.6399999856948853,58400
2023-10-24,1.6799999475479126,1.7000000476837158,1.6100000143051147,1.6100000143051147,14300
2023-10-25,1.600000023841858,1.6299999952316284,1.5800000429153442,1.600000023841858,31000
2023-10-26,1.6399999856948853,1.6399999856948853,1.5299999713897705,1.5399999618530273,27200
2023-10-27,1.6200000047683716,1.6200000047683716,1.5499999523162842,1.5700000524520874,19700
2023-10-30,1.559999942779541,1.590000033378601,1.5399999618530273,1.5700000524520874,4700
2023-10-31,1.5700000524520874,1.5800000429153442,1.5399999618530273,1.559999942779541,5200
2023-11-01,1.5299999713897705,1.5700000524520874,1.5299999713897705,1.5700000524520874,3500
2023-11-02,1.5399999618530273,1.6399999856948853,1.5399999618530273,1.6200000047683716,61500
2023-11-03,1.6399999856948853,1.7000000476837158,1.5499999523162842,1.6699999570846558,68300
2023-11-06,1.7000000476837158,1.7400000095367432,1.6200000047683716,1.7100000381469727,22500
2023-11-07,1.649999976158142,1.7799999713897705,1.5499999523162842,1.6799999475479126,80200
2023-11-08,1.6299999952316284,1.7200000286102295,1.5499999523162842,1.7200000286102295,102800
2023-11-09,1.75,1.8300000429153442,1.690000057220459,1.8200000524520874,32400
2023-11-10,1.7999999523162842,1.850000023841858,1.75,1.850000023841858,8100
2023-11-13,1.7599999904632568,1.840000033378601,1.7300000190734863,1.7799999713897705,3800
2023-11-14,1.7799999713897705,1.8200000524520874,1.7300000190734863,1.8200000524520874,17100
2023-11-15,1.7699999809265137,1.8600000143051147,1.7699999809265137,1.840000033378601,30300
2023-11-16,1.7899999618530273,1.840000033378601,1.6799999475479126,1.7000000476837158,46000
2023-11-17,1.7200000286102295,1.7400000095367432,1.7100000381469727,1.7400000095367432,21900
2023-11-20,1.7100000381469727,1.7300000190734863,1.6399999856948853,1.7300000190734863,6300
2023-11-21,1.7200000286102295,1.75,1.649999976158142,1.7400000095367432,15800
2023-11-22,1.7400000095367432,1.7400000095367432,1.7000000476837158,1.7400000095367432,11100
2023-11-24,1.75,1.7899999618530273,1.7400000095367432,1.7799999713897705,7400
2023-11-27,1.7599999904632568,1.850000023841858,1.7599999904632568,1.8200000524520874,20700
2023-11-28,1.7899999618530273,1.8700000047683716,1.7799999713897705,1.8200000524520874,14600
2023-11-29,1.7999999523162842,1.8200000524520874,1.7799999713897705,1.7999999523162842,42100
2023-11-30,1.7899999618530273,1.8200000524520874,1.7899999618530273,1.8200000524520874,11600
2023-12-01,1.8300000429153442,1.850000023841858,1.809999942779541,1.840000033378601,7400
2023-12-04,1.840000033378601,1.9199999570846558,1.8300000429153442,1.8899999856948853,31500
2023-12-05,1.8799999952316284,1.9500000476837158,1.8700000047683716,1.9199999570846558,16300
2023-12-06,1.9600000381469727,2.0399999618530273,1.9299999475479126,1.940000057220459,42400
2023-12-07,1.9700000286102295,2.0299999713897705,1.899999976158142,1.9900000095367432,44000
2023-12-08,1.9199999570846558,2.0399999618530273,1.909999966621399,2.0,11900
2023-12-11,1.9800000190734863,1.9900000095367432,1.9199999570846558,1.9900000095367432,13100
2023-12-12,1.940000057220459,1.9900000095367432,1.940000057220459,1.9500000476837158,10700
2023-12-13,1.9700000286102295,1.9900000095367432,1.9600000381469727,1.9800000190734863,5500
2023-12-14,1.9800000190734863,2.0,1.940000057220459,1.940000057220459,15600
2023-12-15,1.9600000381469727,1.9800000190734863,1.8600000143051147,1.909999966621399,12000
2023-12-18,1.899999976158142,2.009999990463257,1.8700000047683716,1.940000057220459,18400
2023-12-19,1.9800000190734863,2.0799999237060547,1.9299999475479126,2.0,30700
2023-12-20,1.9800000190734863,2.299999952316284,1.9700000286102295,2.299999952316284,104800
2023-12-21,2.299999952316284,2.5899999141693115,2.190000057220459,2.299999952316284,79800
2023-12-22,2.25,2.4000000953674316,2.25,2.309999942779541,42900
2023-12-26,2.259999990463257,2.369999885559082,2.259999990463257,2.359999895095825,10500
2023-12-27,2.4000000953674316,2.4700000286102295,2.2799999713897705,2.359999895095825,35000
2023-12-28,2.2799999713897705,2.509999990463257,2.2799999713897705,2.359999895095825,27100
2023-12-29,2.3499999046325684,2.4600000381469727,2.2899999618530273,2.3399999141693115,46600
2024-01-02,2.4100000858306885,2.4200000762939453,2.3299999237060547,2.3499999046325684,9600
2024-01-03,2.4000000953674316,2.4100000858306885,2.309999942779541,2.380000114440918,27400
2024-01-04,2.4100000858306885,2.430000066757202,2.1700000762939453,2.3399999141693115,45300
2024-01-05,2.3299999237060547,2.369999885559082,2.0,2.369999885559082,11600
2024-01-08,2.299999952316284,2.450000047683716,2.299999952316284,2.3499999046325684,15900
2024-01-09,2.4200000762939453,2.430000066757202,2.309999942779541,2.380000114440918,23600
2024-01-10,2.4000000953674316,2.5899999141693115,2.3499999046325684,2.5899999141693115,80500
2024-01-11,2.7100000381469727,3.299999952316284,2.700000047683716,3.2100000381469727,355000
2024-01-12,3.4600000381469727,3.4600000381469727,2.869999885559082,3.0799999237060547,373700
2024-01-16,3.180000066757202,3.4800000190734863,3.180000066757202,3.25,196100
2024-01-17,3.25,3.369999885559082,3.009999990463257,3.180000066757202,142800
2024-01-18,3.0799999237060547,3.3499999046325684,3.0799999237060547,3.2300000190734863,69500
2024-01-19,3.3499999046325684,3.3499999046325684,3.059999942779541,3.109999895095825,95400
2024-01-22,3.0999999046325684,3.200000047683716,2.940000057220459,3.140000104904175,68500
2024-01-23,3.130000114440918,3.309999942779541,2.9700000286102295,3.25,158400
2024-01-24,3.380000114440918,3.940000057220459,3.380000114440918,3.8399999141693115,197300
2024-01-25,4.099999904632568,4.389999866485596,4.050000190734863,4.110000133514404,419600
2024-01-26,4.110000133514404,4.539999961853027,4.099999904632568,4.230000019073486,275200
2024-01-29,4.300000190734863,4.380000114440918,3.869999885559082,4.119999885559082,256400
2024-01-30,4.119999885559082,4.230000019073486,4.010000228881836,4.230000019073486,72500
2024-01-31,4.159999847412109,4.429999828338623,4.019999980926514,4.260000228881836,199500
2024-02-01,4.320000171661377,4.650000095367432,4.199999809265137,4.570000171661377,116000
2024-02-02,4.650000095367432,5.079999923706055,4.650000095367432,4.96999979019165,437400
2024-02-05,5.050000190734863,5.190000057220459,4.679999828338623,4.760000228881836,415800
2024-02-06,4.909999847412109,5.010000228881836,4.699999809265137,4.96999979019165,189400
2024-02-07,5.0,5.019999980926514,4.210000038146973,4.389999866485596,437500
2024-02-08,4.329999923706055,4.5,3.8499999046325684,4.28000020980835,276800
2024-02-09,4.409999847412109,4.880000114440918,4.389999866485596,4.840000152587891,81600
2024-02-12,4.889999866485596,5.079999923706055,4.449999809265137,4.599999904632568,195400
2024-02-13,4.449999809265137,4.800000190734863,4.230000019073486,4.28000020980835,63900
2024-02-14,4.329999923706055,4.730000019073486,4.329999923706055,4.710000038146973,36100
2024-02-15,4.679999828338623,4.760000228881836,4.570000171661377,4.670000076293945,67800
2024-02-16,4.619999885559082,4.659999847412109,4.409999847412109,4.570000171661377,42100
2024-02-20,4.579999923706055,4.710000038146973,4.300000190734863,4.659999847412109,69900
2024-02-21,4.71999979019165,5.03000020980835,4.690000057220459,4.880000114440918,92300
2024-02-22,4.849999904632568,4.860000133514404,4.550000190734863,4.739999771118164,34000
2024-02-23,4.659999847412109,4.949999809265137,4.659999847412109,4.820000171661377,21300
2024-02-26,4.800000190734863,4.989999771118164,4.460000038146973,4.53000020980835,106800
2024-02-27,4.550000190734863,4.869999885559082,4.360000133514404,4.829999923706055,42900
2024-02-28,4.769999980926514,5.0,4.519999980926514,4.690000057220459,101500
2024-02-29,4.760000228881836,4.949999809265137,4.690000057220459,4.710000038146973,23300
2024-03-01,4.610000133514404,4.789999961853027,4.599999904632568,4.710000038146973,12700
2024-03-04,4.699999809265137,4.880000114440918,4.579999923706055,4.619999885559082,76800
2024-03-05,4.699999809265137,4.869999885559082,4.409999847412109,4.550000190734863,90500
2024-03-06,4.460000038146973,4.760000228881836,4.309999942779541,4.699999809265137,83900
2024-03-07,4.699999809265137,4.849999904632568,4.5,4.789999961853027,102700
2024-03-08,4.900000095367432,4.900000095367432,4.71999979019165,4.849999904632568,32500
2024-03-11,4.889999866485596,4.989999771118164,4.619999885559082,4.789999961853027,113900
2024-03-12,4.800000190734863,4.900000095367432,4.670000076293945,4.889999866485596,88600
2024-03-13,4.920000076293945,5.050000190734863,4.849999904632568,4.929999828338623,67500
2024-03-14,4.940000057220459,4.949999809265137,4.659999847412109,4.75,122800
2024-03-15,4.75,4.809999942779541,3.869999885559082,4.070000171661377,364900
2024-03-18,4.170000076293945,4.460000038146973,4.150000095367432,4.409999847412109,138600
2024-03-19,4.360000133514404,4.440000057220459,4.099999904632568,4.400000095367432,90100
2024-03-20,4.400000095367432,4.489999771118164,2.5999999046325684,2.7799999713897705,749600
2024-03-21,2.259999990463257,2.4600000381469727,2.119999885559082,2.3499999046325684,636700
2024-03-22,2.319999933242798,2.640000104904175,2.319999933242798,2.569999933242798,118800
2024-03-25,2.509999990463257,2.700000047683716,2.369999885559082,2.4600000381469727,195100
2024-03-26,2.430000066757202,2.8499999046325684,2.430000066757202,2.7799999713897705,93400
2024-03-27,2.8499999046325684,3.1700000762939453,2.8499999046325684,3.1600000858306885,111300
2024-03-28,3.240000009536743,3.390000104904175,2.9200000762939453,3.0799999237060547,103000
2024-04-01,3.049999952316284,3.200000047683716,2.9000000953674316,3.059999942779541,25400
2024-04-02,3.0,3.200000047683716,2.9600000381469727,3.140000104904175,73900
2024-04-03,3.190000057220459,3.2699999809265137,3.0799999237060547,3.119999885559082,54800
2024-04-04,3.1600000858306885,3.319999933242798,3.0,3.2699999809265137,82300
2024-04-05,3.2100000381469727,3.299999952316284,3.1500000953674316,3.2699999809265137,12200
2024-04-08,3.319999933242798,3.5,3.259999990463257,3.5,13800
2024-04-09,3.5,3.5,3.4000000953674316,3.4000000953674316,15000
2024-04-10,3.359999895095825,3.490000009536743,3.359999895095825,3.4700000286102295,16300
2024-04-11,3.4100000858306885,4.050000190734863,3.4000000953674316,4.03000020980835,58300
2024-04-12,4.210000038146973,4.449999809265137,3.5899999141693115,3.7100000381469727,181800
2024-04-15,3.7200000286102295,4.0,3.5999999046325684,3.630000114440918,65800
2024-04-16,3.7100000381469727,3.9200000762939453,3.5199999809265137,3.859999895095825,27100
2024-04-17,3.799999952316284,4.090000152587891,3.690000057220459,3.809999942779541,11600
2024-04-18,3.890000104904175,3.890000104904175,3.799999952316284,3.819999933242798,4700
2024-04-19,3.8399999141693115,3.950000047683716,3.5,3.5299999713897705,53500
2024-04-22,3.5899999141693115,3.9000000953674316,3.4200000762939453,3.450000047683716,33900
2024-04-23,3.559999942779541,3.7200000286102295,3.4600000381469727,3.6600000858306885,17300
2024-04-24,3.619999885559082,3.7300000190734863,3.549999952316284,3.549999952316284,17000
2024-04-25,3.569999933242798,3.619999885559082,3.509999990463257,3.619999885559082,4900
2024-04-26,3.5999999046325684,3.7699999809265137,3.5999999046325684,3.75,10600
2024-04-29,3.7300000190734863,3.75,3.6600000858306885,3.700000047683716,2500
2024-04-30,3.6600000858306885,3.799999952316284,3.569999933242798,3.5799999237060547,5900
2024-05-01,3.5999999046325684,3.5999999046325684,3.25,3.430000066757202,73500
2024-05-02,3.299999952316284,3.5199999809265137,3.2799999713897705,3.509999990463257,12300
2024-05-03,3.450000047683716,3.619999885559082,3.309999942779541,3.5799999237060547,5000
2024-05-06,3.4600000381469727,3.549999952316284,3.4000000953674316,3.4000000953674316,8900
2024-05-07,3.309999942779541,3.4700000286102295,3.200000047683716,3.200000047683716,55600
2024-05-08,3.240000009536743,3.2799999713897705,3.109999895095825,3.190000057220459,10000
2024-05-09,3.259999990463257,3.5,3.200000047683716,3.240000009536743,20100
2024-05-10,3.2100000381469727,3.2699999809265137,3.0999999046325684,3.0999999046325684,21800
2024-05-13,3.119999885559082,3.240000009536743,3.119999885559082,3.2100000381469727,3600
2024-05-14,3.180000066757202,3.2300000190734863,3.0999999046325684,3.119999885559082,8500
2024-05-15,3.180000066757202,3.180000066757202,3.140000104904175,3.1700000762939453,2000
2024-05-16,3.2100000381469727,3.430000066757202,3.1600000858306885,3.259999990463257,10300
2024-05-17,3.2699999809265137,3.299999952316284,3.2100000381469727,3.2100000381469727,3000
2024-05-20,3.2100000381469727,3.2699999809265137,3.180000066757202,3.2699999809265137,10700
2024-05-21,3.240000009536743,3.2699999809265137,3.180000066757202,3.180000066757202,4700
2024-05-22,3.2899999618530273,3.3299999237060547,3.180000066757202,3.2899999618530273,6200
2024-05-23,3.259999990463257,3.369999885559082,3.25,3.3299999237060547,10900
2024-05-24,3.380000114440918,3.380000114440918,3.299999952316284,3.299999952316284,13600
2024-05-28,3.319999933242798,3.440000057220459,3.319999933242798,3.440000057220459,15900
2024-05-29,3.430000066757202,3.700000047683716,3.390000104904175,3.6700000762939453,16200
2024-05-30,3.5799999237060547,3.799999952316284,3.5799999237060547,3.7200000286102295,38600
2024-05-31,3.809999942779541,3.950000047683716,3.640000104904175,3.640000104904175,15000
2024-06-03,3.6500000953674316,3.819999933242798,3.4700000286102295,3.819999933242798,20600
2024-06-04,3.819999933242798,3.819999933242798,3.5,3.700000047683716,17700
2024-06-05,3.7699999809265137,3.7899999618530273,3.5399999618530273,3.6700000762939453,5500
2024-06-06,3.690000057220459,3.700000047683716,3.609999895095825,3.6500000953674316,26000
2024-06-07,3.6500000953674316,3.7899999618530273,3.5799999237060547,3.630000114440918,27600
2024-06-10,3.5899999141693115,3.6500000953674316,3.569999933242798,3.609999895095825,10400
2024-06-11,3.5999999046325684,3.869999885559082,3.5799999237060547,3.690000057220459,14700
2024-06-12,3.680000066757202,3.819999933242798,3.6500000953674316,3.6700000762939453,12600
2024-06-13,3.799999952316284,3.799999952316284,3.700000047683716,3.7100000381469727,13200
2024-06-14,3.740000009536743,3.7899999618530273,3.7100000381469727,3.7300000190734863,12100
2024-06-17,3.7799999713897705,3.990000009536743,3.7699999809265137,3.9200000762939453,41900
2024-06-18,4.099999904632568,4.25,3.75,3.819999933242798,77000
2024-06-20,3.9100000858306885,4.300000190734863,3.859999895095825,4.28000020980835,54400
2024-06-21,4.179999828338623,4.400000095367432,4.150000095367432,4.28000020980835,40900
2024-06-24,4.300000190734863,4.320000171661377,4.25,4.28000020980835,9100
2024-06-25,4.289999961853027,4.329999923706055,4.230000019073486,4.230000019073486,9600
2024-06-26,4.269999980926514,4.28000020980835,4.190000057220459,4.190000057220459,16300
2024-06-27,4.130000114440918,4.190000057220459,3.950000047683716,4.019999980926514,32700
2024-06-28,4.019999980926514,4.199999809265137,3.950000047683716,4.019999980926514,32000
2024-07-01,4.090000152587891,4.190000057220459,3.8499999046325684,3.890000104904175,38700
2024-07-02,3.9000000953674316,4.090000152587891,3.890000104904175,3.890000104904175,9000
2024-07-03,4.0,4.079999923706055,3.880000114440918,3.890000104904175,14200
2024-07-05,3.9200000762939453,4.099999904632568,3.9200000762939453,4.099999904632568,6600
2024-07-08,4.059999942779541,4.170000076293945,4.039999961853027,4.130000114440918,6700
2024-07-09,4.079999923706055,4.159999847412109,3.940000057220459,4.110000133514404,17200
2024-07-10,4.099999904632568,4.099999904632568,4.050000190734863,4.059999942779541,2000
2024-07-11,4.010000228881836,4.190000057220459,4.010000228881836,4.119999885559082,12200
2024-07-12,4.059999942779541,4.199999809265137,4.059999942779541,4.179999828338623,9500
2024-07-15,4.079999923706055,4.199999809265137,4.079999923706055,4.170000076293945,7900
2024-07-16,4.159999847412109,4.360000133514404,4.150000095367432,4.340000152587891,66200
2024-07-17,4.300000190734863,4.400000095367432,4.210000038146973,4.340000152587891,13900
2024-07-18,4.369999885559082,4.400000095367432,4.230000019073486,4.389999866485596,34000
2024-07-19,4.400000095367432,4.769999980926514,4.389999866485596,4.619999885559082,85300
2024-07-22,4.739999771118164,4.75,4.110000133514404,4.610000133514404,59400
2024-07-23,4.510000228881836,4.510000228881836,4.159999847412109,4.46999979019165,12100
2024-07-24,4.360000133514404,4.599999904632568,4.360000133514404,4.46999979019165,8800
2024-07-25,4.449999809265137,4.639999866485596,4.300000190734863,4.300000190734863,9800
2024-07-26,4.389999866485596,4.590000152587891,4.389999866485596,4.449999809265137,6200
2024-07-29,4.539999961853027,4.75,4.400000095367432,4.53000020980835,38100
2024-07-30,4.489999771118164,4.739999771118164,4.489999771118164,4.610000133514404,14000
2024-07-31,4.619999885559082,4.679999828338623,4.5,4.679999828338623,11300
2024-08-01,4.739999771118164,4.75,4.340000152587891,4.349999904632568,15200
2024-08-02,4.409999847412109,4.46999979019165,3.799999952316284,4.210000038146973,54500
2024-08-05,3.819999933242798,3.859999895095825,2.509999990463257,3.7799999713897705,434100
2024-08-06,3.7100000381469727,4.21999979019165,3.7100000381469727,4.050000190734863,48600
2024-08-07,4.25,4.25,3.9200000762939453,3.9200000762939453,29800
2024-08-08,4.0,4.079999923706055,3.8299999237060547,3.990000009536743,10700
2024-08-09,4.059999942779541,4.139999866485596,3.7899999618530273,4.019999980926514,11800
2024-08-12,3.9600000381469727,4.050000190734863,3.8399999141693115,4.0,93500
2024-08-13,4.050000190734863,4.050000190734863,3.9000000953674316,3.9000000953674316,52600
2024-08-14,3.7799999713897705,4.050000190734863,3.7799999713897705,4.050000190734863,48900
2024-08-15,4.050000190734863,4.050000190734863,3.950000047683716,4.050000190734863,28100
2024-08-16,4.010000228881836,4.099999904632568,3.9700000286102295,4.099999904632568,23900
2024-08-19,4.099999904632568,4.099999904632568,3.859999895095825,3.990000009536743,53100
2024-08-20,4.0,4.070000171661377,3.9200000762939453,4.050000190734863,29400
2024-08-21,4.070000171661377,4.099999904632568,4.03000020980835,4.090000152587891,55500
2024-08-22,4.090000152587891,4.5,4.090000152587891,4.5,138300
2024-08-23,4.730000019073486,5.0,4.690000057220459,4.900000095367432,136100
2024-08-26,5.0,5.340000152587891,4.949999809265137,5.070000171661377,479000
2024-08-27,5.150000095367432,5.239999771118164,4.059999942779541,4.75,215300
2024-08-28,4.920000076293945,5.119999885559082,4.599999904632568,4.789999961853027,210700
2024-08-29,4.869999885559082,5.5,4.809999942779541,5.460000038146973,344100
2024-08-30,3.609999895095825,3.6500000953674316,3.130000114440918,3.2100000381469727,1587100
2024-09-03,3.0,3.2300000190734863,2.950000047683716,2.9600000381469727,292100
2024-09-04,2.9700000286102295,2.9800000190734863,2.700000047683716,2.7200000286102295,207600
2024-09-05,2.700000047683716,2.8299999237060547,2.6700000762939453,2.7200000286102295,166900
2024-09-06,2.799999952316284,3.2300000190734863,2.799999952316284,2.9600000381469727,226800
2024-09-09,2.940000057220459,3.0399999618530273,2.8499999046325684,2.869999885559082,48700
2024-09-10,2.9000000953674316,2.990000009536743,2.799999952316284,2.869999885559082,19600
2024-09-11,2.880000114440918,2.930000066757202,2.7300000190734863,2.9000000953674316,41700
2024-09-12,2.950000047683716,2.950000047683716,2.759999990463257,2.819999933242798,31500
2024-09-13,2.799999952316284,2.880000114440918,2.7300000190734863,2.740000009536743,38300
2024-09-16,2.8499999046325684,2.9000000953674316,2.809999942779541,2.8299999237060547,44700
2024-09-17,2.9000000953674316,3.1700000762939453,2.880000114440918,3.119999885559082,66400
2024-09-18,3.109999895095825,3.130000114440918,2.859999895095825,2.859999895095825,52300
2024-09-19,2.9100000858306885,2.990000009536743,2.9000000953674316,2.9600000381469727,20200
2024-09-20,3.0,3.069999933242798,2.940000057220459,2.990000009536743,30200
2024-09-23,2.9700000286102295,3.240000009536743,2.9200000762939453,3.130000114440918,46400
2024-09-24,3.1500000953674316,3.390000104904175,3.049999952316284,3.2200000286102295,105900
2024-09-25,3.259999990463257,3.259999990463257,3.0899999141693115,3.1700000762939453,44900
2024-09-26,3.2300000190734863,3.299999952316284,3.0,3.069999933242798,46200
2024-09-27,3.0399999618530273,3.2100000381469727,3.0,3.180000066757202,50500
2024-09-30,3.1600000858306885,3.25,3.0799999237060547,3.2300000190734863,20100
2024-10-01,3.180000066757202,3.240000009536743,3.130000114440918,3.190000057220459,15000
2024-10-02,3.140000104904175,3.1700000762939453,3.069999933242798,3.119999885559082,18100
2024-10-03,3.109999895095825,3.140000104904175,3.059999942779541,3.0999999046325684,8800
2024-10-04,3.0799999237060547,3.190000057220459,3.049999952316284,3.190000057220459,13600
2024-10-07,3.2200000286102295,3.2300000190734863,3.140000104904175,3.190000057220459,14400
2024-10-08,3.190000057220459,3.190000057220459,3.069999933242798,3.069999933242798,137200
2024-10-09,2.700000047683716,2.7899999618530273,2.4600000381469727,2.549999952316284,193500
2024-10-10,2.569999933242798,2.6500000953674316,2.569999933242798,2.640000104904175,77900
2024-10-11,2.6500000953674316,2.680000066757202,2.5,2.509999990463257,55900
2024-10-14,2.509999990463257,2.5299999713897705,2.3499999046325684,2.390000104904175,84200
2024-10-15,2.380000114440918,2.450000047683716,2.2899999618530273,2.3399999141693115,102700
2024-10-16,2.3499999046325684,2.569999933242798,2.3499999046325684,2.5199999809265137,136800
2024-10-17,2.5,2.680000066757202,2.2899999618530273,2.430000066757202,308200
2024-10-18,2.390000104904175,2.430000066757202,2.309999942779541,2.3399999141693115,42700
2024-10-21,2.309999942779541,2.390000104904175,2.1600000858306885,2.1600000858306885,86600
2024-10-22,2.1700000762939453,2.1700000762939453,1.8200000524520874,2.109999895095825,149100
2024-10-23,2.109999895095825,2.130000114440918,2.049999952316284,2.109999895095825,26800
2024-10-24,2.0899999141693115,2.1600000858306885,1.9600000381469727,2.009999990463257,44600
2024-10-25,2.009999990463257,2.049999952316284,1.899999976158142,1.9500000476837158,40300
2024-10-28,1.9299999475479126,2.049999952316284,1.909999966621399,2.049999952316284,61300
2024-10-29,2.049999952316284,2.049999952316284,1.9299999475479126,1.940000057220459,20100
2024-10-30,1.9700000286102295,2.009999990463257,1.8700000047683716,1.909999966621399,28700
2024-10-31,1.8700000047683716,1.8799999952316284,1.7400000095367432,1.7899999618530273,79700
2024-11-01,1.8200000524520874,1.899999976158142,1.7599999904632568,1.8899999856948853,38900
2024-11-04,1.8899999856948853,1.8899999856948853,1.8200000524520874,1.8700000047683716,23300
2024-11-05,1.809999942779541,1.8600000143051147,1.7300000190734863,1.7899999618530273,36700
2024-11-06,1.7999999523162842,1.899999976158142,1.7400000095367432,1.899999976158142,27600
2024-11-07,1.8899999856948853,2.0,1.7599999904632568,1.9800000190734863,23500
2024-11-08,2.0,2.1600000858306885,1.8899999856948853,2.1500000953674316,77600
2024-11-11,2.119999885559082,2.140000104904175,1.909999966621399,1.9900000095367432,44500
2024-11-12,2.0199999809265137,2.049999952316284,1.9299999475479126,1.9800000190734863,25300
2024-11-13,1.9199999570846558,1.9199999570846558,1.6699999570846558,1.840000033378601,117300
2024-11-14,1.8200000524520874,1.9800000190734863,1.8200000524520874,1.8300000429153442,33000
2024-11-15,1.7799999713897705,1.8899999856948853,1.7000000476837158,1.8300000429153442,64100
2024-11-18,1.7999999523162842,1.899999976158142,1.6799999475479126,1.899999976158142,54200
2024-11-19,1.840000033378601,1.899999976158142,1.7899999618530273,1.8300000429153442,12900
2024-11-20,1.809999942779541,1.940000057220459,1.7400000095367432,1.75,45800
2024-11-21,1.7300000190734863,1.8200000524520874,1.7300000190734863,1.7799999713897705,20000
2024-11-22,1.7599999904632568,1.8799999952316284,1.7200000286102295,1.809999942779541,25400
2024-11-25,1.850000023841858,2.200000047683716,1.850000023841858,2.009999990463257,96900
2024-11-26,2.0,2.0,1.8300000429153442,1.909999966621399,22100
2024-11-27,1.9600000381469727,2.0,1.9299999475479126,1.9900000095367432,32000
2024-11-29,1.9800000190734863,2.0399999618530273,1.9600000381469727,1.9700000286102295,10800
2024-12-02,1.9700000286102295,1.9800000190734863,1.7899999618530273,1.909999966621399,43100
2024-12-03,1.899999976158142,1.9700000286102295,1.8200000524520874,1.9500000476837158,9800
2024-12-04,1.899999976158142,1.9600000381469727,1.8300000429153442,1.909999966621399,32700
2024-12-05,1.9199999570846558,1.9199999570846558,1.840000033378601,1.8600000143051147,15900
2024-12-06,1.840000033378601,1.8899999856948853,1.8200000524520874,1.8899999856948853,25300
2024-12-09,1.840000033378601,1.909999966621399,1.8300000429153442,1.909999966621399,21000
2024-12-10,1.8600000143051147,2.0,1.850000023841858,1.9299999475479126,51200
2024-12-11,1.909999966621399,1.9600000381469727,1.8300000429153442,1.9600000381469727,15300
2024-12-12,1.909999966621399,1.9199999570846558,1.899999976158142,1.909999966621399,5500
2024-12-13,1.8799999952316284,1.8799999952316284,1.7799999713897705,1.8200000524520874,10000
2024-12-16,1.8300000429153442,1.899999976158142,1.7899999618530273,1.899999976158142,9500
2024-12-17,1.899999976158142,1.899999976158142,1.7899999618530273,1.7999999523162842,19900
2024-12-18,1.840000033378601,1.8700000047683716,1.6699999570846558,1.7000000476837158,55800
2024-12-19,1.6699999570846558,1.7000000476837158,1.5199999809265137,1.600000023841858,119500
2024-12-20,1.6200000047683716,1.7599999904632568,1.6200000047683716,1.6799999475479126,51800
2024-12-23,1.690000057220459,1.75,1.600000023841858,1.649999976158142,149100
2024-12-24,1.7000000476837158,1.7000000476837158,1.649999976158142,1.659999966621399,14300
2024-12-26,1.6799999475479126,1.75,1.6299999952316284,1.7400000095367432,67800
2024-12-27,1.7899999618530273,2.240000009536743,1.690000057220459,2.1500000953674316,251100
2024-12-30,2.0199999809265137,2.0999999046325684,1.9199999570846558,1.9800000190734863,99300
2024-12-31,1.9500000476837158,2.0399999618530273,1.850000023841858,1.9900000095367432,91300
2025-01-02,1.9700000286102295,2.0999999046325684,1.9199999570846558,2.049999952316284,39400
2025-01-03,2.069999933242798,2.190000057220459,1.9500000476837158,2.0299999713897705,295600
2025-01-06,2.369999885559082,2.380000114440918,2.0999999046325684,2.180000066757202,394300
2025-01-07,2.180000066757202,2.180000066757202,1.9600000381469727,2.009999990463257,104300
2025-01-08,2.059999942779541,2.059999942779541,1.899999976158142,1.9900000095367432,56500
2025-01-10,1.9700000286102295,2.0,1.850000023841858,1.9700000286102295,100000
2025-01-13,1.8200000524520874,1.940000057220459,1.8200000524520874,1.9299999475479126,44700
2025-01-14,1.9600000381469727,2.0399999618530273,1.8799999952316284,2.0,29000
2025-01-15,2.0899999141693115,2.0899999141693115,1.9500000476837158,1.9500000476837158,50500
2025-01-16,1.9500000476837158,1.9800000190734863,1.850000023841858,1.8899999856948853,48800
2025-01-17,1.840000033378601,2.0199999809265137,1.840000033378601,1.9800000190734863,55100
2025-01-21,2.0399999618530273,2.0399999618530273,1.8799999952316284,1.9800000190734863,34800
2025-01-22,2.0299999713897705,2.0299999713897705,1.850000023841858,1.899999976158142,37100
2025-01-23,1.8700000047683716,1.8899999856948853,1.7799999713897705,1.8200000524520874,121700
2025-01-24,1.850000023841858,1.8899999856948853,1.7799999713897705,1.8300000429153442,30600
2025-01-27,1.7999999523162842,1.8700000047683716,1.75,1.809999942779541,34400
2025-01-28,1.7999999523162842,1.8799999952316284,1.7300000190734863,1.8600000143051147,26900
2025-01-29,1.7999999523162842,1.840000033378601,1.75,1.7799999713897705,23400
2025-01-30,1.7599999904632568,1.8200000524520874,1.7599999904632568,1.7699999809265137,23900
2025-01-31,1.75,1.7999999523162842,1.7200000286102295,1.7599999904632568,30000
2025-02-03,1.7100000381469727,2.119999885559082,1.7100000381469727,1.940000057220459,91400
2025-02-04,1.9700000286102295,2.0999999046325684,1.909999966621399,2.069999933242798,41000
2025-02-05,2.0199999809265137,2.059999942779541,1.8600000143051147,2.059999942779541,27900
2025-02-06,1.9299999475479126,2.0199999809265137,1.9299999475479126,1.9900000095367432,20000
2025-02-07,1.9199999570846558,1.9800000190734863,1.8899999856948853,1.9800000190734863,61000
2025-02-10,1.9600000381469727,2.0799999237060547,1.9600000381469727,2.0799999237060547,26600
2025-02-11,2.049999952316284,2.059999942779541,2.0,2.059999942779541,33100
2025-02-12,2.0,2.0999999046325684,1.9800000190734863,2.059999942779541,27300
2025-02-13,2.069999933242798,2.3499999046325684,2.049999952316284,2.319999933242798,129700
2025-02-14,2.3399999141693115,2.380000114440918,2.0999999046325684,2.1500000953674316,64100
2025-02-18,2.1500000953674316,2.190000057220459,2.0199999809265137,2.1500000953674316,16900
2025-02-19,2.0799999237060547,2.1500000953674316,2.069999933242798,2.140000104904175,25100
2025-02-20,2.140000104904175,2.1700000762939453,2.049999952316284,2.119999885559082,24300
2025-02-21,2.180000066757202,2.2200000286102295,2.0199999809265137,2.059999942779541,45100
2025-02-24,2.0199999809265137,2.0899999141693115,1.9199999570846558,2.0899999141693115,11700
2025-02-25,2.0799999237060547,2.0799999237060547,1.909999966621399,2.009999990463257,14500
2025-02-26,2.0199999809265137,2.0399999618530273,1.9900000095367432,2.0,15200
2025-02-27,2.0199999809265137,2.109999895095825,1.909999966621399,1.9800000190734863,11300
2025-02-28,1.9199999570846558,2.0299999713897705,1.899999976158142,2.0299999713897705,12600
2025-03-03,2.0,2.0,1.9199999570846558,1.9500000476837158,13700
2025-03-04,1.899999976158142,1.899999976158142,1.7899999618530273,1.899999976158142,37500
2025-03-05,1.899999976158142,2.0199999809265137,1.899999976158142,1.9500000476837158,10400
2025-03-06,1.9500000476837158,1.9900000095367432,1.7899999618530273,1.9800000190734863,12700
2025-03-07,1.909999966621399,1.9800000190734863,1.909999966621399,1.9800000190734863,2800
2025-03-10,1.899999976158142,1.9900000095367432,1.8200000524520874,1.8799999952316284,35900
2025-03-11,1.8300000429153442,1.8899999856948853,1.7599999904632568,1.8700000047683716,45500
2025-03-12,1.850000023841858,1.9800000190734863,1.7799999713897705,1.9700000286102295,23400
2025-03-13,1.8899999856948853,1.9800000190734863,1.7999999523162842,1.9800000190734863,13700
2025-03-14,1.940000057220459,1.9800000190734863,1.909999966621399,1.9800000190734863,10000
2025-03-17,1.9199999570846558,1.9800000190734863,1.850000023841858,1.9800000190734863,18300
2025-03-18,1.909999966621399,1.9800000190734863,1.8300000429153442,1.850000023841858,19600
2025-03-19,1.9299999475479126,1.9299999475479126,1.7799999713897705,1.9199999570846558,33400
2025-03-20,1.8899999856948853,1.9800000190734863,1.8300000429153442,1.9500000476837158,44100
2025-03-21,1.8899999856948853,1.909999966621399,1.7999999523162842,1.8200000524520874,20400
2025-03-24,1.8200000524520874,1.9600000381469727,1.7599999904632568,1.9500000476837158,34000
2025-03-25,1.9299999475479126,1.9500000476837158,1.809999942779541,1.8899999856948853,146000
2025-03-26,1.850000023841858,1.899999976158142,1.7999999523162842,1.8799999952316284,22200
2025-03-27,1.850000023841858,1.8799999952316284,1.8300000429153442,1.8300000429153442,18600
2025-03-28,1.7999999523162842,1.8600000143051147,1.7899999618530273,1.8200000524520874,24000
2025-03-31,1.7999999523162842,1.7999999523162842,1.7200000286102295,1.7400000095367432,11600
2025-04-01,1.7400000095367432,1.809999942779541,1.7200000286102295,1.7400000095367432,26400
2025-04-02,1.7699999809265137,1.7899999618530273,1.7699999809265137,1.7699999809265137,25200
2025-04-03,1.6799999475479126,1.809999942779541,1.649999976158142,1.75,62500
2025-04-04,1.7699999809265137,1.7699999809265137,1.649999976158142,1.7200000286102295,43200
2025-04-07,1.659999966621399,1.7799999713897705,1.6399999856948853,1.7599999904632568,63000
2025-04-08,1.7300000190734863,1.7599999904632568,1.5199999809265137,1.6699999570846558,62200
2025-04-09,1.600000023841858,1.7599999904632568,1.5499999523162842,1.7300000190734863,48700
2025-04-10,1.690000057220459,1.7400000095367432,1.659999966621399,1.659999966621399,15300
2025-04-11,1.659999966621399,1.6699999570846558,1.5800000429153442,1.6699999570846558,21200
2025-04-14,1.7000000476837158,1.7400000095367432,1.6799999475479126,1.7100000381469727,11800
2025-04-15,1.7400000095367432,1.75,1.7000000476837158,1.7000000476837158,4900
2025-04-16,1.7400000095367432,1.7400000095367432,1.7100000381469727,1.7100000381469727,3600
2025-04-17,1.7400000095367432,1.7400000095367432,1.649999976158142,1.649999976158142,68500
2025-04-21,1.9500000476837158,2.0799999237060547,1.840000033378601,1.909999966621399,1110100
2025-04-22,1.9800000190734863,1.9900000095367432,1.6799999475479126,1.7200000286102295,216100
2025-04-23,1.7799999713897705,1.8300000429153442,1.7200000286102295,1.7999999523162842,85400
2025-04-24,1.8600000143051147,1.899999976158142,1.8200000524520874,1.8899999856948853,44900
2025-04-25,1.899999976158142,1.9500000476837158,1.840000033378601,1.9299999475479126,46500
2025-04-28,1.9500000476837158,1.9500000476837158,1.809999942779541,1.8700000047683716,47300
2025-04-29,1.8600000143051147,1.8799999952316284,1.7899999618530273,1.8200000524520874,103900
2025-04-30,1.7899999618530273,1.8600000143051147,1.7100000381469727,1.8200000524520874,33700
2025-05-01,1.850000023841858,1.899999976158142,1.809999942779541,1.8700000047683716,12200
2025-05-02,1.8799999952316284,1.9299999475479126,1.8799999952316284,1.899999976158142,29600
2025-05-05,1.8700000047683716,1.8799999952316284,1.8200000524520874,1.8600000143051147,8600
2025-05-06,1.7799999713897705,1.850000023841858,1.7799999713897705,1.809999942779541,7500
2025-05-07,1.840000033378601,1.840000033378601,1.7799999713897705,1.7799999713897705,20100
2025-05-08,1.809999942779541,1.840000033378601,1.7200000286102295,1.840000033378601,49900
2025-05-09,1.840000033378601,1.840000033378601,1.690000057220459,1.75,37400
2025-05-12,1.7599999904632568,1.809999942779541,1.7300000190734863,1.7799999713897705,60300
2025-05-13,1.850000023841858,1.850000023841858,1.7599999904632568,1.7999999523162842,19100
2025-05-14,1.809999942779541,1.909999966621399,1.809999942779541,1.8799999952316284,133000
2025-05-15,1.9900000095367432,2.0999999046325684,1.9199999570846558,2.009999990463257,136700
2025-05-16,2.069999933242798,2.200000047683716,2.0,2.0199999809265137,83200
2025-05-19,2.0799999237060547,2.1500000953674316,2.0199999809265137,2.109999895095825,91000
2025-05-20,2.0199999809265137,2.130000114440918,1.909999966621399,1.9800000190734863,80900
2025-05-21,2.009999990463257,2.140000104904175,1.9900000095367432,2.0299999713897705,128100
2025-05-22,2.0199999809265137,2.0799999237060547,1.9800000190734863,2.069999933242798,52900
2025-05-23,2.0299999713897705,2.2100000381469727,1.9700000286102295,2.140000104904175,87100
2025-05-27,2.1500000953674316,2.2799999713897705,2.049999952316284,2.2799999713897705,119400
2025-05-28,2.440000057220459,2.5999999046325684,1.7999999523162842,2.3299999237060547,444300
2025-05-29,2.4200000762939453,2.4700000286102295,2.0799999237060547,2.0999999046325684,125400
2025-05-30,2.130000114440918,2.190000057220459,2.0199999809265137,2.130000114440918,27800
2025-06-02,2.190000057220459,2.2200000286102295,2.140000104904175,2.200000047683716,49000
2025-06-03,2.2100000381469727,2.25,2.119999885559082,2.1600000858306885,31000
2025-06-04,2.1500000953674316,2.2100000381469727,2.119999885559082,2.2100000381469727,40600
2025-06-05,2.2100000381469727,2.259999990463257,2.0799999237060547,2.0999999046325684,32300
2025-06-06,2.0999999046325684,2.109999895095825,2.0,2.109999895095825,59100
2025-06-09,2.200000047683716,2.200000047683716,2.0399999618530273,2.069999933242798,52300
2025-06-10,2.2200000286102295,2.2200000286102295,2.0,2.069999933242798,12800
2025-06-11,2.109999895095825,2.1500000953674316,2.009999990463257,2.0299999713897705,15500
2025-06-12,2.059999942779541,2.069999933242798,2.009999990463257,2.0299999713897705,12700
2025-06-13,2.0,2.0,1.9600000381469727,1.9900000095367432,14500
2025-06-16,2.0,2.0,1.9500000476837158,1.9500000476837158,32000
2025-06-17,1.9500000476837158,2.0,1.940000057220459,1.940000057220459,34100
2025-06-18,1.9199999570846558,1.9900000095367432,1.9199999570846558,1.940000057220459,10300
2025-06-20,1.9500000476837158,1.9900000095367432,1.9299999475479126,1.9900000095367432,13000
2025-06-23,1.9900000095367432,2.0399999618530273,1.9199999570846558,1.9299999475479126,51400
2025-06-24,1.9299999475479126,2.2300000190734863,1.9299999475479126,2.2200000286102295,138700
2025-06-25,2.240000009536743,2.240000009536743,1.9500000476837158,1.9500000476837158,81300
2025-06-26,1.940000057220459,2.0199999809265137,1.9199999570846558,1.9199999570846558,34700
2025-06-27,1.9199999570846558,1.9600000381469727,1.8799999952316284,1.8799999952316284,36400
2025-06-30,1.8600000143051147,1.9199999570846558,1.8600000143051147,1.8899999856948853,41500
2025-07-01,1.8799999952316284,2.0,1.8799999952316284,1.909999966621399,32900
2025-07-02,1.9299999475479126,1.9500000476837158,1.8799999952316284,1.9199999570846558,12200
2025-07-03,1.909999966621399,1.9199999570846558,1.8700000047683716,1.899999976158142,18200
2025-07-07,1.8899999856948853,1.9600000381469727,1.8799999952316284,1.899999976158142,26000
2025-07-08,1.9299999475479126,1.9299999475479126,1.8899999856948853,1.8899999856948853,15100
2025-07-09,1.8799999952316284,1.9199999570846558,1.8600000143051147,1.8799999952316284,27900
2025-07-10,1.9299999475479126,1.9800000190734863,1.899999976158142,1.9800000190734863,36900
2025-07-11,1.9700000286102295,2.069999933242798,1.899999976158142,1.9800000190734863,51500
2025-07-14,1.9900000095367432,2.0799999237060547,1.9900000095367432,2.009999990463257,32700
2025-07-15,2.049999952316284,2.0799999237060547,1.9199999570846558,1.9700000286102295,30900
2025-07-16,1.9900000095367432,2.0,1.9500000476837158,1.9700000286102295,14100
2025-07-17,1.9600000381469727,2.190000057220459,1.9600000381469727,2.190000057220459,84800
2025-07-18,2.180000066757202,2.2799999713897705,2.049999952316284,2.2300000190734863,85200
2025-07-21,2.2100000381469727,2.319999933242798,2.059999942779541,2.0799999237060547,63600
2025-07-22,2.0799999237060547,2.1700000762939453,2.0799999237060547,2.0999999046325684,25600
2025-07-23,2.0999999046325684,2.119999885559082,2.049999952316284,2.059999942779541,12700
2025-07-24,2.059999942779541,2.059999942779541,2.0299999713897705,2.049999952316284,21400
2025-07-25,2.0299999713897705,2.0399999618530273,1.9600000381469727,2.0399999618530273,9100
2025-07-28,1.9900000095367432,2.0299999713897705,1.9600000381469727,1.9900000095367432,25700
2025-07-29,2.0,2.0399999618530273,1.9600000381469727,2.0299999713897705,51000
2025-07-30,2.0399999618530273,2.049999952316284,2.0,2.009999990463257,6300
2025-07-31,1.9700000286102295,1.9900000095367432,1.9299999475479126,1.9800000190734863,23700
2025-08-01,2.0799999237060547,2.4200000762939453,1.9800000190734863,2.0,182300
2025-08-04,2.0,2.0,1.9199999570846558,1.9700000286102295,73600
2025-08-05,1.9900000095367432,2.0199999809265137,1.9600000381469727,2.0,52000
2025-08-06,1.9900000095367432,1.9900000095367432,1.909999966621399,1.940000057220459,33100
2025-08-07,1.9500000476837158,1.9700000286102295,1.909999966621399,1.9600000381469727,34300
2025-08-08,1.9600000381469727,1.9600000381469727,1.8899999856948853,1.909999966621399,39900
2025-08-11,1.899999976158142,1.9299999475479126,1.8799999952316284,1.909999966621399,97700
2025-08-12,1.909999966621399,2.0,1.899999976158142,2.0,28000
2025-08-13,1.899999976158142,2.0,1.7999999523162842,1.9600000381469727,178100
2025-08-14,1.9299999475479126,1.9500000476837158,1.909999966621399,1.9500000476837158,11000
2025-08-15,1.940000057220459,1.9600000381469727,1.899999976158142,1.9500000476837158,24300
2025-08-18,1.9299999475479126,1.9800000190734863,1.9299999475479126,1.9299999475479126,19700
2025-08-19,1.909999966621399,1.9500000476837158,1.909999966621399,1.9500000476837158,3600
2025-08-20,1.9299999475479126,1.9299999475479126,1.809999942779541,1.899999976158142,62500
2025-08-21,1.8899999856948853,1.909999966621399,1.8899999856948853,1.899999976158142,24400
2025-08-22,1.899999976158142,1.9299999475479126,1.8200000524520874,1.899999976158142,36200
2025-08-25,1.909999966621399,2.0,1.899999976158142,1.9900000095367432,53000
2025-08-26,1.9800000190734863,2.0,1.9500000476837158,2.0,63100
2025-08-27,1.940000057220459,2.0,1.940000057220459,1.9700000286102295,12200
2025-08-28,1.9700000286102295,2.0,1.850000023841858,1.9500000476837158,12300
2025-08-29,1.9199999570846558,1.9700000286102295,1.9199999570846558,1.9299999475479126,6500
2025-09-02,1.8600000143051147,1.940000057220459,1.8600000143051147,1.9199999570846558,19300
2025-09-03,1.899999976158142,1.940000057220459,1.8799999952316284,1.909999966621399,11000
2025-09-04,1.8700000047683716,1.899999976158142,1.8700000047683716,1.8899999856948853,8600
2025-09-05,1.9299999475479126,1.940000057220459,1.8799999952316284,1.8899999856948853,18200
2025-09-08,1.8700000047683716,1.9199999570846558,1.8600000143051147,1.8600000143051147,5600
2025-09-09,1.850000023841858,1.909999966621399,1.850000023841858,1.899999976158142,24000
2025-09-10,1.8700000047683716,1.909999966621399,1.8700000047683716,1.8799999952316284,6100
2025-09-11,1.8700000047683716,1.899999976158142,1.8700000047683716,1.8899999856948853,10500
2025-09-12,1.8899999856948853,1.9199999570846558,1.8899999856948853,1.9199999570846558,3400
2025-09-15,1.8799999952316284,2.0,1.8799999952316284,2.0,53100
2025-09-16,1.9299999475479126,1.9500000476837158,1.8899999856948853,1.9299999475479126,42500
2025-09-17,2.5799999237060547,2.880000114440918,2.2300000190734863,2.369999885559082,58804300
2025-09-18,2.299999952316284,2.559999942779541,2.25,2.440000057220459,1064700
2025-09-19,2.3399999141693115,2.509999990463257,2.130000114440918,2.200000047683716,291600
2025-09-22,2.059999942779541,2.140000104904175,2.049999952316284,2.0899999141693115,250800
2025-09-23,2.069999933242798,2.0899999141693115,1.940000057220459,1.9900000095367432,182300
2025-09-24,1.9299999475479126,2.059999942779541,1.9299999475479126,1.9900000095367432,123500
2025-09-25,1.9299999475479126,2.0799999237060547,1.9299999475479126,1.940000057220459,110200
2025-09-26,1.9299999475479126,2.069999933242798,1.9299999475479126,2.0,71700
2025-09-29,1.9900000095367432,2.0399999618530273,1.909999966621399,1.9900000095367432,88400
2025-09-30,1.9700000286102295,2.0199999809265137,1.9700000286102295,1.9900000095367432,37900
2025-10-01,1.9700000286102295,2.0899999141693115,1.9500000476837158,2.0399999618530273,71100
2025-10-02,2.0,2.0399999618530273,2.0,2.0299999713897705,59600
2025-10-03,2.009999990463257,2.049999952316284,1.9900000095367432,2.0199999809265137,91200
2025-10-06,2.0399999618530273,2.140000104904175,1.9600000381469727,2.0899999141693115,151200
2025-10-07,2.049999952316284,2.180000066757202,2.0,2.0299999713897705,121200
2025-10-08,2.009999990463257,2.1600000858306885,2.0,2.0999999046325684,175500
2025-10-09,2.0799999237060547,2.130000114440918,2.009999990463257,2.0299999713897705,77500
2025-10-10,2.069999933242798,2.1500000953674316,2.049999952316284,2.0899999141693115,118500
2025-10-13,2.069999933242798,2.0999999046325684,2.0,2.0,39900
2025-10-14,2.0,2.049999952316284,1.9500000476837158,2.0399999618530273,45500
2025-10-15,2.0,2.0899999141693115,2.0,2.009999990463257,38700
2025-10-16,2.0199999809265137,2.049999952316284,1.8899999856948853,1.909999966621399,129100
2025-10-17,1.8700000047683716,1.9900000095367432,1.8700000047683716,1.9299999475479126,69000
2025-10-20,1.9500000476837158,1.9700000286102295,1.9500000476837158,1.9500000476837158,16700
2025-10-21,1.9600000381469727,2.180000066757202,1.940000057220459,2.0999999046325684,103500
2025-10-22,2.059999942779541,2.0899999141693115,2.0299999713897705,2.0399999618530273,26900
2025-10-23,2.0899999141693115,2.259999990463257,1.9600000381469727,2.0,383500
2025-10-24,2.0399999618530273,2.0399999618530273,1.9700000286102295,2.0,32800
2025-10-27,1.9600000381469727,2.0999999046325684,1.9600000381469727,2.069999933242798,153300
2025-10-28,2.069999933242798,2.069999933242798,1.9700000286102295,1.9800000190734863,85900
2025-10-29,1.9600000381469727,2.069999933242798,1.9299999475479126,2.0199999809265137,97500
2025-10-30,2.049999952316284,2.059999942779541,1.9700000286102295,1.9800000190734863,19000
2025-10-31,1.9800000190734863,2.0,1.9600000381469727,1.9700000286102295,19300
2025-11-03,2.009999990463257,2.0399999618530273,1.940000057220459,1.9700000286102295,38100
2025-11-04,1.940000057220459,1.9600000381469727,1.9199999570846558,1.9299999475479126,79000
2025-11-05,1.9299999475479126,1.9800000190734863,1.9299999475479126,1.9700000286102295,30300
2025-11-06,1.9199999570846558,1.9600000381469727,1.9199999570846558,1.9199999570846558,20900
2025-11-07,1.9199999570846558,1.9800000190734863,1.8899999856948853,1.940000057220459,44700
2025-11-10,1.9500000476837158,2.009999990463257,1.909999966621399,1.9800000190734863,29400
2025-11-11,1.9800000190734863,1.9800000190734863,1.9600000381469727,1.9700000286102295,11000
2025-11-12,1.9700000286102295,2.0,1.9700000286102295,1.9700000286102295,18000
2025-11-13,2.009999990463257,2.009999990463257,1.7799999713897705,1.8700000047683716,138700
2025-11-14,1.8799999952316284,1.9500000476837158,1.8700000047683716,1.8700000047683716,23500
2025-11-17,1.8700000047683716,1.9199999570846558,1.840000033378601,1.8899999856948853,14700
2025-11-18,1.8600000143051147,1.9500000476837158,1.7799999713897705,1.8600000143051147,13200
2025-11-19,1.8700000047683716,1.899999976158142,1.840000033378601,1.8700000047683716,21500
2025-11-20,1.8700000047683716,1.8899999856948853,1.8300000429153442,1.840000033378601,20100
2025-11-21,1.8300000429153442,1.8899999856948853,1.7999999523162842,1.8300000429153442,21500
2025-11-24,1.8200000524520874,1.850000023841858,1.7999999523162842,1.8300000429153442,21100
2025-11-25,1.840000033378601,1.8700000047683716,1.8200000524520874,1.8600000143051147,10700
2025-11-26,1.8600000143051147,1.909999966621399,1.809999942779541,1.8200000524520874,31100
2025-11-28,1.8300000429153442,1.8600000143051147,1.809999942779541,1.8200000524520874,4200
2025-12-01,1.8200000524520874,1.840000033378601,1.7799999713897705,1.8300000429153442,54400
2025-12-02,1.8300000429153442,1.850000023841858,1.7999999523162842,1.850000023841858,11800
2025-12-03,1.7999999523162842,1.840000033378601,1.7999999523162842,1.840000033378601,19600
2025-12-04,1.8200000524520874,1.899999976158142,1.8200000524520874,1.8600000143051147,12000
2025-12-05,1.8200000524520874,1.899999976158142,1.809999942779541,1.8700000047683716,13600
2025-12-08,1.8899999856948853,1.899999976158142,1.8700000047683716,1.8899999856948853,5100
2025-12-09,1.8899999856948853,1.9900000095367432,1.8899999856948853,1.940000057220459,21700
2025-12-10,1.9199999570846558,1.9299999475479126,1.8200000524520874,1.8200000524520874,51100
2025-12-11,1.7899999618530273,1.8300000429153442,1.7899999618530273,1.8200000524520874,14200
2025-12-12,1.7999999523162842,1.840000033378601,1.7899999618530273,1.7899999618530273,14500
2025-12-15,1.8200000524520874,1.8200000524520874,1.7799999713897705,1.7899999618530273,18800
2025-12-16,1.7599999904632568,1.8200000524520874,1.75,1.7899999618530273,20300
2025-12-17,1.8300000429153442,1.8300000429153442,1.7599999904632568,1.7899999618530273,38800
2025-12-18,1.75,1.809999942779541,1.75,1.7899999618530273,15500
2025-12-19,1.8200000524520874,1.8300000429153442,1.7699999809265137,1.7699999809265137,20200
2025-12-22,1.809999942779541,1.8200000524520874,1.7699999809265137,1.7799999713897705,10700
2025-12-23,1.7599999904632568,1.809999942779541,1.75,1.7699999809265137,27400
2025-12-24,1.7699999809265137,1.7899999618530273,1.75,1.7599999904632568,14000
2025-12-26,1.7599999904632568,1.7899999618530273,1.7400000095367432,1.7599999904632568,18700
2025-12-29,1.7400000095367432,1.7699999809265137,1.7100000381469727,1.75,77000
2025-12-30,1.7200000286102295,1.7699999809265137,1.7100000381469727,1.7200000286102295,23600
2025-12-31,1.7100000381469727,1.7300000190734863,1.7000000476837158,1.7200000286102295,43100
2026-01-02,1.7200000286102295,1.7699999809265137,1.7200000286102295,1.7300000190734863,7500
2026-01-05,1.7200000286102295,1.7799999713897705,1.7200000286102295,1.75,5800
2026-01-06,1.7400000095367432,1.7899999618530273,1.7400000095367432,1.7699999809265137,6700
2026-01-07,1.7599999904632568,1.7999999523162842,1.7599999904632568,1.7699999809265137,12500
2026-01-08,1.75,1.809999942779541,1.7400000095367432,1.7799999713897705,11600
2026-01-09,1.7699999809265137,1.909999966621399,1.7699999809265137,1.8300000429153442,27100
2026-01-12,1.7699999809265137,1.9299999475479126,1.7200000286102295,1.850000023841858,39500
2026-01-13,1.809999942779541,1.9600000381469727,1.809999942779541,1.8200000524520874,30000
2026-01-14,1.8200000524520874,1.8799999952316284,1.809999942779541,1.8200000524520874,2646700
2026-01-15,1.75,1.850000023841858,1.6699999570846558,1.8200000524520874,301500
2026-01-16,1.7899999618530273,1.8899999856948853,1.7400000095367432,1.850000023841858,91700
2026-01-20,1.809999942779541,1.850000023841858,1.75,1.7999999523162842,64300
2026-01-21,1.7699999809265137,1.8300000429153442,1.7200000286102295,1.7599999904632568,41400
2026-01-22,1.7899999618530273,1.850000023841858,1.7300000190734863,1.7999999523162842,31500
2026-01-23,1.7599999904632568,1.8200000524520874,1.7200000286102295,1.7699999809265137,41200
2026-01-26,1.7899999618530273,1.7899999618530273,1.75,1.7699999809265137,17700
2026-01-27,1.7899999618530273,1.7999999523162842,1.7400000095367432,1.7799999713897705,17400
2026-01-28,1.75,1.7799999713897705,1.75,1.7699999809265137,20000
2026-01-29,1.7799999713897705,1.7999999523162842,1.7300000190734863,1.7599999904632568,17600
2026-01-30,1.7300000190734863,1.7599999904632568,1.7300000190734863,1.7400000095367432,41100
2026-02-02,1.7400000095367432,1.809999942779541,1.7200000286102295,1.809999942779541,46500
2026-02-03,1.7599999904632568,1.7999999523162842,1.7300000190734863,1.75,12100
2026-02-04,1.7400000095367432,1.7699999809265137,1.7000000476837158,1.7300000190734863,44500
2026-02-05,1.7200000286102295,1.7300000190734863,1.6799999475479126,1.690000057220459,15800
2026-02-06,1.690000057220459,1.7699999809265137,1.690000057220459,1.7200000286102295,33800
2026-02-09,1.75,1.75,1.6799999475479126,1.7300000190734863,6000
2026-02-10,1.7200000286102295,1.7300000190734863,1.7100000381469727,1.7200000286102295,6200
2026-02-11,1.7300000190734863,1.7400000095367432,1.6699999570846558,1.6799999475479126,23200
2026-02-12,1.690000057220459,1.7000000476837158,1.659999966621399,1.690000057220459,12400
2026-02-13,1.690000057220459,1.7200000286102295,1.6699999570846558,1.690000057220459,9500
2026-02-17,1.690000057220459,1.7000000476837158,1.600000023841858,1.690000057220459,16400
2026-02-18,1.659999966621399,1.7000000476837158,1.659999966621399,1.690000057220459,17000
2026-02-19,1.6200000047683716,1.690000057220459,1.6200000047683716,1.690000057220459,18600
2026-02-20,1.649999976158142,1.6799999475479126,1.6200000047683716,1.6799999475479126,10800
2026-02-23,1.6399999856948853,1.690000057220459,1.6299999952316284,1.6699999570846558,29900
2026-02-24,1.659999966621399,1.7200000286102295,1.659999966621399,1.6799999475479126,13200
2026-02-25,1.659999966621399,1.7200000286102295,1.649999976158142,1.7000000476837158,23100
2026-02-26,1.6799999475479126,1.7300000190734863,1.659999966621399,1.7200000286102295,27900
2026-02-27,1.690000057220459,1.7200000286102295,1.6699999570846558,1.690000057220459,17600
2026-03-02,1.6799999475479126,1.75,1.649999976158142,1.6699999570846558,29800
2026-03-03,1.6100000143051147,1.6799999475479126,1.6100000143051147,1.659999966621399,16600
2026-03-04,1.649999976158142,1.7400000095367432,1.649999976158142,1.6699999570846558,11300
2026-03-05,1.7100000381469727,1.7200000286102295,1.659999966621399,1.6799999475479126,10000
2026-03-06,1.6699999570846558,1.6799999475479126,1.6699999570846558,1.6799999475479126,4000
2026-03-09,1.6399999856948853,1.6699999570846558,1.6399999856948853,1.6699999570846558,8100
2026-03-10,1.7000000476837158,1.8200000524520874,1.6200000047683716,1.75,135600
2026-03-11,1.75,1.8200000524520874,1.6799999475479126,1.7699999809265137,30400
2026-03-12,1.7699999809265137,1.9700000286102295,1.75,1.909999966621399,338500
2026-03-13,2.0799999237060547,2.0999999046325684,1.899999976158142,1.9600000381469727,533600
2026-03-16,2.059999942779541,2.190000057220459,1.9800000190734863,2.1500000953674316,502500
2026-03-17,2.180000066757202,2.190000057220459,1.850000023841858,1.9500000476837158,351000
2026-03-18,1.6699999570846558,1.7699999809265137,1.600000023841858,1.6100000143051147,304700
2026-03-19,1.6200000047683716,1.7200000286102295,1.5700000524520874,1.6299999952316284,203000
2026-03-20,1.6100000143051147,1.6799999475479126,1.5399999618530273,1.6200000047683716,107300
2026-03-23,1.649999976158142,1.6799999475479126,1.5800000429153442,1.6799999475479126,62000
2026-03-24,1.659999966621399,1.6699999570846558,1.6100000143051147,1.6100000143051147,23400
2026-03-25,1.6200000047683716,1.6200000047683716,1.5499999523162842,1.5800000429153442,151400
2026-03-26,1.559999942779541,1.5800000429153442,1.5199999809265137,1.5499999523162842,27900
2026-03-27,1.5099999904632568,1.5700000524520874,1.5,1.5199999809265137,45000
2026-03-30,1.5199999809265137,1.559999942779541,1.4600000381469727,1.4900000095367432,52000
2026-03-31,1.5099999904632568,1.6200000047683716,1.4900000095367432,1.5299999713897705,102000
2026-04-01,1.5800000429153442,1.659999966621399,1.5499999523162842,1.5800000429153442,53400
2026-04-02,1.5700000524520874,1.6200000047683716,1.5499999523162842,1.600000023841858,31900
2026-04-06,1.6200000047683716,1.809999942779541,1.6200000047683716,1.7599999904632568,194300
2026-04-07,1.7599999904632568,1.8799999952316284,1.7599999904632568,1.7999999523162842,63800
2026-04-08,1.8899999856948853,1.8899999856948853,1.7100000381469727,1.7999999523162842,55800
2026-04-09,1.7999999523162842,1.850000023841858,1.6799999475479126,1.7699999809265137,11200
2026-04-10,1.7999999523162842,1.8200000524520874,1.75,1.7899999618530273,34300
2026-04-13,1.75,1.7999999523162842,1.6799999475479126,1.7000000476837158,19500
2026-04-14,1.7000000476837158,1.7699999809265137,1.690000057220459,1.7000000476837158,17100
2026-04-15,1.7300000190734863,1.7599999904632568,1.7000000476837158,1.7200000286102295,28500
2026-04-16,1.7599999904632568,1.7799999713897705,1.7300000190734863,1.75,38700
2026-04-17,1.7400000095367432,1.7799999713897705,1.7200000286102295,1.7300000190734863,29400
2026-04-20,1.7200000286102295,1.7899999618530273,1.7100000381469727,1.7699999809265137,25800
2026-04-21,1.8300000429153442,1.8300000429153442,1.7699999809265137,1.7699999809265137,9600
2026-04-22,1.7899999618530273,1.8200000524520874,1.7699999809265137,1.7999999523162842,10500
2026-04-23,1.7899999618530273,1.7899999618530273,1.7300000190734863,1.7599999904632568,8800
2026-04-24,1.7100000381469727,1.7400000095367432,1.7100000381469727,1.7200000286102295,10300
2026-04-27,1.7100000381469727,1.7799999713897705,1.7100000381469727,1.7300000190734863,32200
2026-04-28,1.7200000286102295,1.8300000429153442,1.7200000286102295,1.7599999904632568,59100
2026-04-29,1.7599999904632568,1.840000033378601,1.7100000381469727,1.7699999809265137,101100
2026-04-30,1.7999999523162842,1.8600000143051147,1.7699999809265137,1.8300000429153442,67500
2026-05-01,1.8200000524520874,1.899999976158142,1.7699999809265137,1.899999976158142,22600
2026-05-04,1.9199999570846558,1.9500000476837158,1.850000023841858,1.850000023841858,34400
2026-05-05,1.8600000143051147,1.899999976158142,1.8300000429153442,1.840000033378601,5300
2026-05-06,1.8799999952316284,1.8799999952316284,1.8200000524520874,1.8300000429153442,28500
2026-05-07,1.840000033378601,1.8899999856948853,1.840000033378601,1.8600000143051147,28900
2026-05-08,1.8600000143051147,1.909999966621399,1.840000033378601,1.840000033378601,23400
2026-05-11,1.840000033378601,1.909999966621399,1.840000033378601,1.8799999952316284,24100
2026-05-12,1.8799999952316284,1.909999966621399,1.809999942779541,1.8600000143051147,36900
2026-05-13,1.8300000429153442,2.009999990463257,1.809999942779541,1.9500000476837158,100900
2026-05-14,1.9900000095367432,2.0,1.9299999475479126,1.940000057220459,27400
2026-05-15,1.9500000476837158,1.9600000381469727,1.8799999952316284,1.8799999952316284,15200
2026-05-18,1.909999966621399,1.9299999475479126,1.850000023841858,1.850000023841858,32200
2026-05-19,1.8200000524520874,1.9500000476837158,1.8200000524520874,1.9199999570846558,33000
2026-05-20,1.8700000047683716,1.9800000190734863,1.8700000047683716,1.899999976158142,16700
2026-05-21,1.899999976158142,2.0,1.899999976158142,1.9700000286102295,42400
2026-05-22,2.0,2.009999990463257,1.9299999475479126,1.9900000095367432,49100
2026-05-26,2.0,2.0399999618530273,1.9199999570846558,1.9199999570846558,39000
2026-05-27,1.909999966621399,2.0,1.8799999952316284,1.9299999475479126,29600
2026-05-28,1.9299999475479126,1.9900000095367432,1.9199999570846558,1.9500000476837158,28100
2026-05-29,2.0,2.0,1.9299999475479126,1.9500000476837158,21600
2026-06-01,1.9299999475479126,2.0,1.9299999475479126,2.0,18000
2026-06-02,1.9800000190734863,2.069999933242798,1.940000057220459,2.049999952316284,50100
2026-06-03,2.069999933242798,2.069999933242798,1.9600000381469727,1.9600000381469727,32100
2026-06-04,1.9700000286102295,2.009999990463257,1.9700000286102295,1.9900000095367432,20800
2026-06-05,1.9299999475479126,2.0,1.8200000524520874,1.850000023841858,41100
2026-06-08,1.850000023841858,1.8899999856948853,1.7999999523162842,1.7999999523162842,20900
2026-06-09,1.7999999523162842,1.8700000047683716,1.7899999618530273,1.809999942779541,48600
2026-06-10,1.8200000524520874,1.9800000190734863,1.809999942779541,1.8300000429153442,41500
2026-06-11,1.8200000524520874,1.8899999856948853,1.809999942779541,1.8600000143051147,26400
2026-06-12,1.75,1.9199999570846558,1.75,1.850000023841858,34500
2026-06-15,1.75,1.8700000047683716,1.7400000095367432,1.7999999523162842,86600
2026-06-16,1.7699999809265137,1.7899999618530273,1.7000000476837158,1.75,37500
2026-06-17,1.7000000476837158,1.7899999618530273,1.6799999475479126,1.7400000095367432,71000
2026-06-18,1.7799999713897705,1.809999942779541,1.7000000476837158,1.7400000095367432,32600
2026-06-22,1.7100000381469727,1.7200000286102295,1.690000057220459,1.7000000476837158,9800
2026-06-23,1.690000057220459,1.7300000190734863,1.690000057220459,1.7200000286102295,26300
2026-06-24,1.7300000190734863,1.7300000190734863,1.7000000476837158,1.7000000476837158,22500
2026-06-25,1.7000000476837158,1.7100000381469727,1.6100000143051147,1.649999976158142,27900
2026-06-26,1.6100000143051147,1.7100000381469727,1.6100000143051147,1.690000057220459,11800
2026-06-29,1.7200000286102295,1.75,1.7000000476837158,1.7200000286102295,12400
2026-06-30,1.7999999523162842,1.840000033378601,1.7400000095367432,1.7400000095367432,28600
2026-07-01,1.75,1.7599999904632568,1.7200000286102295,1.7400000095367432,21800
2026-07-02,1.7000000476837158,1.840000033378601,1.690000057220459,1.7200000286102295,14200
2026-07-06,1.7100000381469727,1.7899999618530273,1.7100000381469727,1.7300000190734863,20100
2026-07-07,1.7200000286102295,1.7599999904632568,1.7000000476837158,1.7000000476837158,25800
2026-07-08,1.690000057220459,1.75,1.690000057220459,1.690000057220459,9600
2026-07-09,1.7400000095367432,1.7599999904632568,1.7100000381469727,1.75,29600
2026-07-10,1.75,1.7699999809265137,1.7200000286102295,1.7699999809265137,8300
2026-07-13,1.75,1.7799999713897705,1.75,1.7799999713897705,7300
2026-07-14,1.7699999809265137,1.9299999475479126,1.7699999809265137,1.8200000524520874,36100
2026-07-15,1.8200000524520874,1.9199999570846558,1.7899999618530273,1.8300000429153442,41300
2026-07-16,1.7799999713897705,1.840000033378601,1.75,1.809999942779541,30800
2026-07-17,1.840000033378601,1.840000033378601,1.7899999618530273,1.809999942779541,10900
