Date,Open,High,Low,Close,Volume
2018-08-29,125.0,135.4499969482422,125.0,135.4499969482422,135140.0
2018-08-30,137.5,144.75,131.25,142.1999969482422,213960.0
2018-08-31,144.25,144.75,139.0,142.8000030517578,36340.0
2018-09-04,143.0,144.60000610351562,142.75,143.0500030517578,19920.0
2018-09-05,143.0500030517578,144.10000610351562,142.5,142.9499969482422,10520.0
2018-09-06,143.0,144.75,140.5,142.14999389648438,23340.0
2018-09-07,140.0,143.14999389648438,140.0,142.1999969482422,7040.0
2018-09-10,143.75,144.10000610351562,137.5500030517578,138.5,42540.0
2018-09-11,139.39999389648438,139.39999389648438,132.5,135.0,55840.0
2018-09-12,133.9499969482422,139.35000610351562,133.9499969482422,136.6999969482422,25860.0
2018-09-13,137.5,137.5,133.0,135.5500030517578,32100.0
2018-09-14,136.25,144.5,134.3000030517578,144.5,58740.0
2018-09-17,142.1999969482422,149.9499969482422,140.5500030517578,149.9499969482422,1110620.0
2018-09-18,149.85000610351562,152.5,145.0,147.10000610351562,323740.0
2018-09-19,147.10000610351562,147.1999969482422,142.5,144.3000030517578,138520.0
2018-09-20,143.64999389648438,146.25,140.8000030517578,144.64999389648438,129960.0
2018-09-21,144.0,151.5,144.0,146.64999389648438,400700.0
2018-09-24,147.5,151.25,142.5,143.9499969482422,117520.0
2018-09-25,145.0500030517578,152.39999389648438,142.5,151.8000030517578,127860.0
2018-09-26,151.5,154.10000610351562,150.0,153.60000610351562,106300.0
2018-09-27,154.5500030517578,160.64999389648438,153.85000610351562,160.25,129860.0
2018-09-28,160.1999969482422,160.75,158.14999389648438,160.0500030517578,57400.0
2018-10-01,160.39999389648438,161.35000610351562,153.8000030517578,154.60000610351562,48040.0
2018-10-02,154.64999389648438,161.0,150.5500030517578,160.0,61920.0
2018-10-03,160.0,166.39999389648438,158.0500030517578,164.8000030517578,84220.0
2018-10-04,164.89999389648438,168.1999969482422,160.5500030517578,164.39999389648438,38680.0
2018-10-05,164.25,165.60000610351562,160.6999969482422,163.64999389648438,135080.0
2018-10-08,163.4499969482422,169.14999389648438,161.0500030517578,168.8000030517578,41360.0
2018-10-09,168.1999969482422,174.10000610351562,165.10000610351562,172.4499969482422,65680.0
2018-10-10,173.0500030517578,175.0,171.75,172.3000030517578,62840.0
2018-10-11,175.5,175.5,169.14999389648438,171.85000610351562,79100.0
2018-10-12,174.5500030517578,174.64999389648438,163.5500030517578,165.5500030517578,30100.0
2018-10-15,166.10000610351562,168.6999969482422,163.75,167.64999389648438,34960.0
2018-10-16,168.14999389648438,175.5,168.14999389648438,170.0,35940.0
2018-10-17,169.64999389648438,175.39999389648438,165.5,165.6999969482422,41700.0
2018-10-18,165.0,171.4499969482422,157.85000610351562,159.89999389648438,25920.0
2018-10-19,158.5500030517578,164.8000030517578,157.60000610351562,161.39999389648438,32340.0
2018-10-22,163.6999969482422,180.64999389648438,163.6999969482422,171.0,92580.0
2018-10-23,173.14999389648438,173.6999969482422,166.10000610351562,168.0500030517578,67040.0
2018-10-24,171.3000030517578,179.75,162.4499969482422,163.0500030517578,119860.0
2018-10-25,165.39999389648438,165.5500030517578,151.25,155.9499969482422,101700.0
2018-10-26,154.5,156.25,150.0,151.5,45340.0
2018-10-29,154.0500030517578,154.0500030517578,141.3000030517578,143.14999389648438,81680.0
2018-10-30,146.25,147.10000610351562,141.75,142.6999969482422,100280.0
2018-10-31,144.35000610351562,144.9499969482422,138.5500030517578,144.4499969482422,107140.0
2018-11-01,146.5500030517578,148.89999389648438,142.5,144.39999389648438,39680.0
2018-11-02,144.5,147.5500030517578,139.9499969482422,143.14999389648438,30000.0
2018-11-05,144.0500030517578,147.39999389648438,143.60000610351562,144.89999389648438,61740.0
2018-11-06,145.1999969482422,148.5,143.60000610351562,145.14999389648438,43220.0
2018-11-07,146.0,147.3000030517578,143.14999389648438,146.9499969482422,55000.0
2018-11-08,146.35000610351562,149.35000610351562,144.0,148.8000030517578,39960.0
2018-11-09,146.6999969482422,150.14999389648438,145.14999389648438,148.5,24880.0
2018-11-12,150.35000610351562,150.39999389648438,147.14999389648438,149.1999969482422,43860.0
2018-11-13,149.35000610351562,152.39999389648438,143.75,145.35000610351562,67260.0
2018-11-14,148.8000030517578,148.8000030517578,142.0,142.64999389648438,28820.0
2018-11-15,141.8000030517578,149.60000610351562,133.85000610351562,142.85000610351562,30820.0
2018-11-16,142.3000030517578,145.64999389648438,140.0,141.9499969482422,45460.0
2018-11-19,142.25,142.3000030517578,132.0,132.64999389648438,54340.0
2018-11-20,130.5500030517578,130.5500030517578,121.5,122.30000305175781,46680.0
2018-11-21,120.55000305175781,125.9000015258789,119.0,120.44999694824219,56540.0
2018-11-23,117.80000305175781,120.19999694824219,115.1500015258789,115.19999694824219,17560.0
2018-11-26,116.3499984741211,117.05000305175781,107.6500015258789,108.75,56700.0
2018-11-27,108.6500015258789,111.5999984741211,99.75,102.55000305175781,111560.0
2018-11-28,103.30000305175781,104.8499984741211,99.75,102.30000305175781,100000.0
2018-11-29,102.6500015258789,104.4000015258789,98.0999984741211,100.80000305175781,57500.0
2018-11-30,99.9000015258789,104.75,98.6500015258789,100.94999694824219,82000.0
2018-12-03,104.94999694824219,107.19999694824219,100.0,104.9000015258789,49500.0
2018-12-04,104.75,106.05000305175781,97.94999694824219,99.0,67180.0
2018-12-06,105.0,129.39999389648438,105.0,126.1500015258789,133940.0
2018-12-07,127.05000305175781,129.3000030517578,122.0999984741211,123.4000015258789,68000.0
2018-12-10,123.4000015258789,127.30000305175781,117.75,124.69999694824219,126620.0
2018-12-11,127.4000015258789,127.80000305175781,121.6500015258789,125.0999984741211,43120.0
2018-12-12,126.8499984741211,128.5500030517578,120.19999694824219,122.4000015258789,30060.0
2018-12-13,123.75,124.94999694824219,118.3499984741211,118.5999984741211,18260.0
2018-12-14,115.9000015258789,120.6500015258789,115.5999984741211,118.80000305175781,54560.0
2018-12-17,122.05000305175781,125.0,118.69999694824219,123.69999694824219,55100.0
2018-12-18,125.0,131.14999389648438,120.25,125.1500015258789,61200.0
2018-12-19,126.6500015258789,132.3000030517578,122.69999694824219,122.69999694824219,51300.0
2018-12-20,121.05000305175781,127.0,121.05000305175781,123.0,64040.0
2018-12-21,121.94999694824219,127.5999984741211,111.30000305175781,112.94999694824219,180820.0
2018-12-24,110.94999694824219,112.55000305175781,107.5,107.5,28360.0
2018-12-26,107.80000305175781,118.55000305175781,103.25,117.25,61760.0
2018-12-27,118.30000305175781,136.5500030517578,113.9000015258789,119.0,37000.0
2018-12-28,117.9000015258789,126.25,117.9000015258789,124.5,32580.0
2018-12-31,126.19999694824219,126.25,113.5,117.25,53760.0
2019-01-02,113.75,122.94999694824219,112.0999984741211,122.25,35540.0
2019-01-03,120.9000015258789,124.05000305175781,115.3499984741211,116.25,19640.0
2019-01-04,117.8499984741211,123.1500015258789,117.5,121.6500015258789,18500.0
2019-01-07,121.55000305175781,132.25,118.25,130.9499969482422,24720.0
2019-01-08,132.0500030517578,134.5500030517578,126.25,128.1999969482422,39960.0
2019-01-09,133.60000610351562,144.6999969482422,129.75,130.25,63780.0
2019-01-10,130.5,136.75,130.5,135.0,21660.0
2019-01-11,134.85000610351562,141.14999389648438,132.85000610351562,140.5,33240.0
2019-01-14,140.5,140.9499969482422,135.0500030517578,136.3000030517578,19780.0
2019-01-15,136.25,141.0,135.25,137.35000610351562,16160.0
2019-01-16,137.6999969482422,142.14999389648438,136.0500030517578,140.0,13180.0
2019-01-17,138.9499969482422,142.25,137.75,141.89999389648438,44580.0
2019-01-18,141.3000030517578,145.5,139.35000610351562,139.85000610351562,30160.0
2019-01-22,139.0,139.0,132.60000610351562,135.0500030517578,20660.0
2019-01-23,135.64999389648438,140.60000610351562,133.1999969482422,135.0,11700.0
2019-01-24,134.3000030517578,145.0500030517578,133.4499969482422,135.0,19180.0
2019-01-25,135.64999389648438,138.6999969482422,135.64999389648438,137.25,25800.0
2019-01-28,135.8000030517578,136.60000610351562,124.8499984741211,127.75,18360.0
2019-01-29,127.80000305175781,130.25,124.75,125.25,14380.0
2019-01-30,125.0,129.6999969482422,123.94999694824219,127.75,30580.0
2019-01-31,128.75,131.10000610351562,128.75,130.3000030517578,23200.0
2019-02-01,130.14999389648438,138.3000030517578,129.4499969482422,137.85000610351562,19780.0
2019-02-04,137.39999389648438,142.35000610351562,135.89999389648438,140.0,36640.0
2019-02-05,140.25,141.6999969482422,137.6999969482422,138.35000610351562,19560.0
2019-02-06,138.25,141.10000610351562,138.25,138.8000030517578,14540.0
2019-02-07,137.8000030517578,141.85000610351562,132.5,133.25,20140.0
2019-02-08,133.1999969482422,135.60000610351562,129.75,134.5,12380.0
2019-02-11,134.4499969482422,136.5500030517578,133.0500030517578,136.14999389648438,12280.0
2019-02-12,138.10000610351562,138.5,134.39999389648438,136.0,18660.0
2019-02-13,136.75,141.0,136.75,140.25,19240.0
2019-02-14,140.0,146.5500030517578,140.0,143.14999389648438,24180.0
2019-02-15,144.35000610351562,145.1999969482422,141.25,142.10000610351562,17500.0
2019-02-19,142.0500030517578,144.9499969482422,141.35000610351562,143.64999389648438,13420.0
2019-02-20,142.0,148.64999389648438,142.0,147.6999969482422,25060.0
2019-02-21,147.25,148.5,142.60000610351562,144.4499969482422,14260.0
2019-02-22,144.75,147.39999389648438,141.8000030517578,143.3000030517578,10340.0
2019-02-25,143.25,149.75,143.25,146.89999389648438,13820.0
2019-02-26,146.85000610351562,150.5500030517578,146.85000610351562,150.0,16280.0
2019-02-27,148.85000610351562,149.25,140.39999389648438,141.1999969482422,20380.0
2019-02-28,140.9499969482422,141.0500030517578,130.5,131.8000030517578,40000.0
2019-03-01,132.3000030517578,133.89999389648438,130.5500030517578,130.75,29600.0
2019-03-04,131.64999389648438,134.8000030517578,127.3499984741211,130.89999389648438,29300.0
2019-03-05,130.89999389648438,132.25,124.8499984741211,125.4000015258789,26280.0
2019-03-06,125.1500015258789,125.9000015258789,118.75,122.5,28220.0
2019-03-07,121.69999694824219,123.8499984741211,114.55000305175781,114.9000015258789,51640.0
2019-03-08,113.80000305175781,119.0999984741211,111.9000015258789,117.5,45880.0
2019-03-11,118.5999984741211,127.75,118.19999694824219,124.0,33540.0
2019-03-12,126.1500015258789,136.0500030517578,125.44999694824219,129.10000610351562,55400.0
2019-03-13,129.75,130.39999389648438,121.3499984741211,129.5,42140.0
2019-03-14,128.0500030517578,130.0500030517578,122.9000015258789,123.5,33540.0
2019-03-15,123.4000015258789,126.55000305175781,122.69999694824219,123.25,70820.0
2019-03-18,123.25,125.0,121.30000305175781,123.4000015258789,57420.0
2019-03-19,124.19999694824219,130.64999389648438,123.55000305175781,127.5999984741211,28520.0
2019-03-20,127.5,133.85000610351562,123.94999694824219,131.14999389648438,27900.0
2019-03-21,133.6999969482422,134.64999389648438,131.5,132.9499969482422,28920.0
2019-03-22,131.35000610351562,132.64999389648438,123.9000015258789,124.25,21880.0
2019-03-25,123.8499984741211,128.14999389648438,121.0,127.94999694824219,19540.0
2019-03-26,129.10000610351562,134.5,127.0999984741211,128.5,16580.0
2019-03-27,128.5,131.25,122.5999984741211,125.9000015258789,14980.0
2019-03-28,124.55000305175781,127.9000015258789,122.5999984741211,125.9000015258789,25120.0
2019-03-29,127.5,129.5,123.30000305175781,125.69999694824219,26780.0
2019-04-01,126.5999984741211,132.5,126.5999984741211,131.89999389648438,23720.0
2019-04-02,131.10000610351562,133.3000030517578,128.10000610351562,128.3000030517578,12380.0
2019-04-03,132.39999389648438,134.9499969482422,126.30000305175781,128.25,27680.0
2019-04-04,129.10000610351562,134.64999389648438,127.69999694824219,134.14999389648438,26640.0
2019-04-05,134.0,135.0,129.8000030517578,133.60000610351562,29880.0
2019-04-08,133.4499969482422,139.35000610351562,131.25,138.5,24340.0
2019-04-09,137.5,139.9499969482422,134.4499969482422,137.14999389648438,21260.0
2019-04-10,137.25,143.5,136.10000610351562,141.9499969482422,32160.0
2019-04-11,141.0,142.35000610351562,138.3000030517578,141.3000030517578,16360.0
2019-04-12,142.85000610351562,144.14999389648438,141.14999389648438,142.8000030517578,21220.0
2019-04-15,141.8000030517578,145.60000610351562,141.8000030517578,144.89999389648438,34040.0
2019-04-16,144.85000610351562,145.35000610351562,142.6999969482422,142.85000610351562,34620.0
2019-04-17,143.5500030517578,145.0,141.8000030517578,143.64999389648438,17900.0
2019-04-18,143.64999389648438,145.0,138.39999389648438,138.4499969482422,15220.0
2019-04-22,138.64999389648438,146.5,137.39999389648438,146.1999969482422,28360.0
2019-04-23,146.0,147.5,145.10000610351562,147.0500030517578,12160.0
2019-04-24,146.5500030517578,146.75,139.3000030517578,140.60000610351562,15720.0
2019-04-25,139.60000610351562,139.60000610351562,134.6999969482422,136.10000610351562,21660.0
2019-04-26,135.5500030517578,141.85000610351562,133.5500030517578,141.35000610351562,12580.0
2019-04-29,140.39999389648438,143.5500030517578,140.39999389648438,141.8000030517578,13480.0
2019-04-30,142.64999389648438,142.64999389648438,136.0,140.25,27180.0
2019-05-01,140.5500030517578,142.0,137.60000610351562,138.1999969482422,41420.0
2019-05-02,137.5500030517578,139.60000610351562,133.0,134.25,18480.0
2019-05-03,135.14999389648438,137.9499969482422,131.3000030517578,136.1999969482422,13000.0
2019-05-06,133.85000610351562,136.60000610351562,133.6999969482422,136.5500030517578,27360.0
2019-05-07,133.9499969482422,134.9499969482422,132.0,133.1999969482422,15040.0
2019-05-08,132.9499969482422,134.60000610351562,130.39999389648438,131.39999389648438,22160.0
2019-05-09,130.10000610351562,131.25,127.9000015258789,129.5500030517578,11480.0
2019-05-10,129.0,129.4499969482422,126.5999984741211,128.89999389648438,15440.0
2019-05-13,126.19999694824219,129.0,121.75,123.30000305175781,14400.0
2019-05-14,124.75,128.64999389648438,124.75,128.4499969482422,19000.0
2019-05-15,126.69999694824219,130.0,125.25,129.39999389648438,13060.0
2019-05-16,129.75,132.64999389648438,129.10000610351562,132.14999389648438,18200.0
2019-05-17,130.14999389648438,132.3000030517578,126.69999694824219,127.6500015258789,16720.0
2019-05-20,126.1500015258789,126.5,121.19999694824219,122.55000305175781,13520.0
2019-05-21,123.44999694824219,129.39999389648438,123.19999694824219,124.8499984741211,14560.0
2019-05-22,137.5,141.25,116.69999694824219,117.5,42300.0
2019-05-23,115.69999694824219,116.3499984741211,107.5,113.4000015258789,50280.0
2019-05-24,114.25,114.25,109.0999984741211,113.3499984741211,33240.0
2019-05-28,114.5,115.8499984741211,110.19999694824219,111.25,36840.0
2019-05-29,109.55000305175781,112.6500015258789,107.0999984741211,111.5999984741211,26680.0
2019-05-30,107.1500015258789,109.5,102.69999694824219,103.6500015258789,68560.0
2019-05-31,102.5,103.30000305175781,96.4000015258789,98.5,51200.0
2019-06-03,98.5,105.94999694824219,98.4000015258789,103.80000305175781,28560.0
2019-06-04,105.0,108.30000305175781,101.19999694824219,107.6500015258789,30320.0
2019-06-05,107.6500015258789,107.9000015258789,99.25,100.05000305175781,23700.0
2019-06-06,100.0999984741211,103.44999694824219,96.30000305175781,98.9000015258789,32640.0
2019-06-07,99.4000015258789,103.05000305175781,96.69999694824219,100.94999694824219,14900.0
2019-06-10,101.05000305175781,102.0999984741211,97.0,98.25,35260.0
2019-06-11,99.30000305175781,104.5999984741211,97.8499984741211,98.8499984741211,38600.0
2019-06-12,98.44999694824219,100.19999694824219,95.75,97.0999984741211,32480.0
2019-06-13,100.30000305175781,104.0999984741211,98.6500015258789,102.6500015258789,26460.0
2019-06-14,102.3499984741211,104.94999694824219,93.0,95.44999694824219,36200.0
2019-06-17,94.94999694824219,98.94999694824219,93.4000015258789,96.55000305175781,25660.0
2019-06-18,98.3499984741211,103.1500015258789,95.9000015258789,101.69999694824219,30240.0
2019-06-19,101.30000305175781,103.05000305175781,100.05000305175781,101.4000015258789,16780.0
2019-06-20,104.1500015258789,108.19999694824219,104.0,104.8499984741211,29220.0
2019-06-21,104.30000305175781,105.55000305175781,101.44999694824219,104.19999694824219,43480.0
2019-06-24,104.25,105.44999694824219,97.30000305175781,98.1500015258789,21120.0
2019-06-25,98.0,98.5999984741211,93.94999694824219,95.4000015258789,47420.0
2019-06-26,96.5,98.8499984741211,95.75,96.94999694824219,33760.0
2019-06-27,97.0999984741211,100.1500015258789,95.0999984741211,98.5,18300.0
2019-06-28,98.0,103.44999694824219,98.0,102.1500015258789,53240.0
2019-07-01,104.05000305175781,106.80000305175781,103.1500015258789,103.8499984741211,24420.0
2019-07-02,103.25,103.25,95.4000015258789,97.8499984741211,22200.0
2019-07-03,97.94999694824219,98.0999984741211,95.0999984741211,96.0,11420.0
2019-07-05,95.1500015258789,96.69999694824219,93.0999984741211,96.0999984741211,11040.0
2019-07-08,96.0999984741211,99.0,91.55000305175781,93.3499984741211,22540.0
2019-07-09,92.5999984741211,94.9000015258789,91.80000305175781,94.19999694824219,14440.0
2019-07-10,95.4000015258789,98.1500015258789,93.0,94.75,14660.0
2019-07-11,95.0,95.69999694824219,91.94999694824219,93.69999694824219,16220.0
2019-07-12,94.05000305175781,96.05000305175781,93.30000305175781,93.94999694824219,19040.0
2019-07-15,94.8499984741211,95.0,91.25,91.8499984741211,37140.0
2019-07-16,91.30000305175781,94.44999694824219,90.3499984741211,90.5,33040.0
2019-07-17,90.69999694824219,90.69999694824219,86.44999694824219,86.55000305175781,28540.0
2019-07-18,84.94999694824219,87.0999984741211,82.80000305175781,85.8499984741211,26240.0
2019-07-19,85.44999694824219,87.0999984741211,83.25,86.3499984741211,30100.0
2019-07-22,86.6500015258789,89.80000305175781,85.55000305175781,88.94999694824219,15720.0
2019-07-23,89.05000305175781,92.0999984741211,88.0,89.0,19680.0
2019-07-24,88.5,90.75,87.6500015258789,90.0,23720.0
2019-07-25,90.0999984741211,90.0999984741211,78.25,82.0999984741211,43320.0
2019-07-26,81.1500015258789,83.44999694824219,79.9000015258789,80.3499984741211,20400.0
2019-07-29,80.3499984741211,80.3499984741211,76.55000305175781,77.05000305175781,24740.0
2019-07-30,76.3499984741211,80.0,75.0,78.6500015258789,67700.0
2019-07-31,79.1500015258789,84.44999694824219,78.55000305175781,78.5999984741211,42580.0
2019-08-01,77.55000305175781,80.9000015258789,67.5,68.0999984741211,54160.0
2019-08-02,69.1500015258789,69.1500015258789,65.75,66.3499984741211,42060.0
2019-08-05,65.0,65.4000015258789,62.5,63.54999923706055,124240.0
2019-08-06,64.4000015258789,65.0,61.04999923706055,64.4000015258789,89080.0
2019-08-07,63.5,63.70000076293945,60.45000076293945,61.400001525878906,29260.0
2019-08-08,61.650001525878906,62.0,59.349998474121094,59.900001525878906,48300.0
2019-08-09,60.400001525878906,60.400001525878906,57.95000076293945,58.20000076293945,44420.0
2019-08-12,59.25,66.44999694824219,58.29999923706055,61.95000076293945,120920.0
2019-08-13,62.25,68.80000305175781,61.349998474121094,62.79999923706055,102660.0
2019-08-14,60.900001525878906,61.400001525878906,57.400001525878906,58.849998474121094,35320.0
2019-08-15,58.29999923706055,59.400001525878906,57.0,58.599998474121094,27460.0
2019-08-16,59.0,62.349998474121094,57.45000076293945,61.79999923706055,47240.0
2019-08-19,62.70000076293945,64.19999694824219,61.349998474121094,61.900001525878906,37980.0
2019-08-20,61.150001525878906,61.5,57.0,58.400001525878906,40700.0
2019-08-21,57.0,62.0,53.900001525878906,59.70000076293945,115560.0
2019-08-22,61.400001525878906,65.0,54.25,54.54999923706055,96140.0
2019-08-23,54.75,55.75,50.54999923706055,52.25,104800.0
2019-08-26,53.45000076293945,53.70000076293945,48.25,48.95000076293945,105060.0
2019-08-27,50.04999923706055,52.650001525878906,47.70000076293945,47.900001525878906,93920.0
2019-08-28,48.29999923706055,54.349998474121094,48.0,51.099998474121094,52240.0
2019-08-29,51.5,53.900001525878906,51.5,52.54999923706055,36160.0
2019-08-30,53.400001525878906,54.04999923706055,49.54999923706055,50.150001525878906,41040.0
2019-09-03,48.599998474121094,50.099998474121094,47.599998474121094,48.900001525878906,63000.0
2019-09-04,49.95000076293945,51.45000076293945,48.54999923706055,49.25,41260.0
2019-09-05,49.75,53.54999923706055,49.75,53.25,49800.0
2019-09-06,53.04999923706055,53.04999923706055,51.150001525878906,51.95000076293945,57680.0
2019-09-09,52.70000076293945,53.900001525878906,51.0,52.95000076293945,91560.0
2019-09-10,53.400001525878906,59.95000076293945,53.400001525878906,58.54999923706055,65860.0
2019-09-11,58.79999923706055,59.79999923706055,55.95000076293945,59.5,68240.0
2019-09-12,58.599998474121094,58.599998474121094,53.45000076293945,55.75,54080.0
2019-09-13,56.04999923706055,56.599998474121094,51.75,53.849998474121094,46920.0
2019-09-16,56.20000076293945,58.29999923706055,54.650001525878906,57.400001525878906,78040.0
2019-09-17,56.75,56.75,52.599998474121094,53.04999923706055,41140.0
2019-09-18,52.29999923706055,54.150001525878906,49.0,49.54999923706055,73080.0
2019-09-19,50.0,51.75,47.099998474121094,48.099998474121094,72760.0
2019-09-20,48.150001525878906,49.45000076293945,47.25,48.0,200440.0
2019-09-23,48.099998474121094,49.599998474121094,47.099998474121094,48.150001525878906,66560.0
2019-09-24,48.70000076293945,51.95000076293945,46.29999923706055,46.70000076293945,61540.0
2019-09-25,45.95000076293945,47.95000076293945,45.79999923706055,46.45000076293945,49820.0
2019-09-26,47.45000076293945,48.0,43.849998474121094,45.25,45700.0
2019-09-27,44.5,46.54999923706055,43.79999923706055,44.54999923706055,42000.0
2019-09-30,44.29999923706055,44.70000076293945,42.70000076293945,43.25,60060.0
2019-10-01,43.54999923706055,44.79999923706055,42.650001525878906,42.70000076293945,44680.0
2019-10-02,42.400001525878906,43.5,41.099998474121094,42.349998474121094,44260.0
2019-10-03,42.0,43.599998474121094,41.150001525878906,43.20000076293945,44640.0
2019-10-04,43.29999923706055,43.900001525878906,42.150001525878906,43.650001525878906,45300.0
2019-10-07,43.45000076293945,45.900001525878906,43.400001525878906,43.650001525878906,39580.0
2019-10-08,42.70000076293945,44.349998474121094,41.400001525878906,42.650001525878906,38320.0
2019-10-09,43.20000076293945,43.349998474121094,41.79999923706055,42.599998474121094,44180.0
2019-10-10,42.70000076293945,43.650001525878906,41.29999923706055,41.54999923706055,38560.0
2019-10-11,42.0,43.54999923706055,41.849998474121094,43.04999923706055,33960.0
2019-10-14,41.79999923706055,44.29999923706055,40.95000076293945,43.95000076293945,54000.0
2019-10-15,43.599998474121094,44.099998474121094,41.54999923706055,42.900001525878906,53360.0
2019-10-16,42.900001525878906,45.45000076293945,42.150001525878906,42.29999923706055,37020.0
2019-10-17,42.349998474121094,43.400001525878906,41.75,42.099998474121094,43900.0
2019-10-18,41.900001525878906,42.849998474121094,41.5,41.650001525878906,39020.0
2019-10-21,41.849998474121094,44.150001525878906,41.45000076293945,42.79999923706055,32640.0
2019-10-22,42.95000076293945,44.400001525878906,41.599998474121094,43.95000076293945,33500.0
2019-10-23,43.79999923706055,44.900001525878906,42.95000076293945,44.25,30380.0
2019-10-24,44.70000076293945,45.5,42.29999923706055,42.75,34500.0
2019-10-25,42.650001525878906,44.29999923706055,41.099998474121094,43.599998474121094,67260.0
2019-10-28,44.400001525878906,45.95000076293945,43.25,43.5,43120.0
2019-10-29,43.25,44.95000076293945,42.849998474121094,44.25,31560.0
2019-10-30,44.20000076293945,44.20000076293945,40.900001525878906,41.25,38060.0
2019-10-31,41.150001525878906,41.150001525878906,39.150001525878906,39.70000076293945,40880.0
2019-11-01,39.95000076293945,40.650001525878906,38.75,39.849998474121094,62880.0
2019-11-04,40.400001525878906,48.29999923706055,40.400001525878906,47.95000076293945,98580.0
2019-11-05,48.5,49.900001525878906,46.900001525878906,48.54999923706055,32160.0
2019-11-06,48.5,49.54999923706055,44.79999923706055,45.04999923706055,27240.0
2019-11-07,45.849998474121094,46.900001525878906,44.95000076293945,46.650001525878906,47000.0
2019-11-08,46.099998474121094,49.25,45.849998474121094,48.79999923706055,33040.0
2019-11-11,48.79999923706055,49.54999923706055,46.70000076293945,48.349998474121094,40920.0
2019-11-12,48.29999923706055,49.25,46.79999923706055,48.25,63280.0
2019-11-13,47.45000076293945,47.95000076293945,42.150001525878906,42.900001525878906,48380.0
2019-11-14,43.04999923706055,44.099998474121094,39.0,39.5,42960.0
2019-11-15,39.75,41.650001525878906,38.5,39.650001525878906,48540.0
2019-11-18,39.150001525878906,39.5,35.75,36.849998474121094,53320.0
2019-11-19,34.45000076293945,34.45000076293945,24.299999237060547,27.149999618530273,207400.0
2019-11-20,27.5,27.549999237060547,26.149999618530273,26.149999618530273,113300.0
2019-11-21,26.799999237060547,28.549999237060547,25.899999618530273,28.350000381469727,78940.0
2019-11-22,28.399999618530273,29.100000381469727,27.200000762939453,27.549999237060547,68620.0
2019-11-25,28.0,29.149999618530273,26.850000381469727,27.899999618530273,85900.0
2019-11-26,28.0,29.0,26.75,26.850000381469727,82340.0
2019-11-27,26.649999618530273,27.350000381469727,25.649999618530273,26.649999618530273,54160.0
2019-11-29,26.75,28.700000762939453,26.75,28.25,25700.0
2019-12-02,29.049999237060547,29.25,27.0,27.600000381469727,42660.0
2019-12-03,27.049999237060547,27.549999237060547,25.600000381469727,26.399999618530273,30540.0
2019-12-04,26.450000762939453,27.399999618530273,25.899999618530273,26.399999618530273,47900.0
2019-12-05,23.600000381469727,23.899999618530273,20.600000381469727,21.149999618530273,170120.0
2019-12-06,22.899999618530273,29.200000762939453,22.5,27.649999618530273,384120.0
2019-12-09,28.950000762939453,33.150001525878906,28.799999237060547,29.899999618530273,243700.0
2019-12-10,30.049999237060547,34.95000076293945,29.549999237060547,34.79999923706055,175420.0
2019-12-11,34.79999923706055,35.0,31.049999237060547,32.04999923706055,117060.0
2019-12-12,31.100000381469727,33.95000076293945,30.5,32.70000076293945,76820.0
2019-12-13,32.75,33.400001525878906,31.649999618530273,32.400001525878906,60660.0
2019-12-16,32.599998474121094,33.849998474121094,31.450000762939453,32.0,110140.0
2019-12-17,32.45000076293945,34.70000076293945,32.0,33.650001525878906,123600.0
2019-12-18,33.75,37.20000076293945,33.20000076293945,34.25,140300.0
2019-12-19,34.20000076293945,36.20000076293945,34.20000076293945,34.5,84280.0
2019-12-20,34.599998474121094,34.599998474121094,30.049999237060547,30.600000381469727,391080.0
2019-12-23,30.549999237060547,32.29999923706055,30.350000381469727,31.0,100800.0
2019-12-24,31.0,31.850000381469727,30.75,31.549999237060547,40400.0
2019-12-26,32.0,32.70000076293945,31.100000381469727,31.25,62920.0
2019-12-27,31.25,32.349998474121094,30.350000381469727,30.399999618530273,80020.0
2019-12-30,30.850000381469727,31.75,29.649999618530273,31.049999237060547,80520.0
2019-12-31,30.600000381469727,32.5,30.399999618530273,32.20000076293945,98220.0
2020-01-02,32.349998474121094,33.20000076293945,28.25,28.649999618530273,96580.0
2020-01-03,29.25,29.75,26.950000762939453,27.5,90000.0
2020-01-06,27.399999618530273,31.700000762939453,27.399999618530273,31.549999237060547,67740.0
2020-01-07,31.549999237060547,31.799999237060547,29.5,30.700000762939453,59500.0
2020-01-08,30.649999618530273,30.799999237060547,28.649999618530273,29.350000381469727,41840.0
2020-01-09,29.149999618530273,30.049999237060547,27.649999618530273,29.950000762939453,64100.0
2020-01-10,30.0,30.25,29.049999237060547,29.899999618530273,33340.0
2020-01-13,29.899999618530273,30.25,28.799999237060547,28.850000381469727,34620.0
2020-01-14,28.649999618530273,29.399999618530273,28.149999618530273,28.649999618530273,35180.0
2020-01-15,28.600000381469727,30.0,27.799999237060547,27.850000381469727,30940.0
2020-01-16,28.149999618530273,29.149999618530273,27.100000381469727,27.350000381469727,47240.0
2020-01-17,27.700000762939453,28.549999237060547,26.100000381469727,26.5,46400.0
2020-01-21,26.200000762939453,26.399999618530273,23.799999237060547,24.149999618530273,55120.0
2020-01-22,24.850000381469727,25.049999237060547,22.899999618530273,24.049999237060547,75980.0
2020-01-23,23.5,24.350000381469727,22.75,24.149999618530273,59340.0
2020-01-24,24.200000762939453,24.600000381469727,22.100000381469727,23.049999237060547,45420.0
2020-01-27,22.350000381469727,23.0,21.25,21.600000381469727,37600.0
2020-01-28,21.799999237060547,22.75,21.5,21.950000762939453,28180.0
2020-01-29,22.149999618530273,22.399999618530273,19.700000762939453,19.75,78700.0
2020-01-30,19.799999237060547,19.950000762939453,18.75,19.450000762939453,58040.0
2020-01-31,19.049999237060547,20.399999618530273,18.75,20.200000762939453,59340.0
2020-02-03,20.200000762939453,20.5,19.149999618530273,19.25,49540.0
2020-02-04,19.700000762939453,20.200000762939453,17.950000762939453,18.600000381469727,52760.0
2020-02-05,19.149999618530273,21.799999237060547,18.899999618530273,21.649999618530273,64460.0
2020-02-06,21.850000381469727,22.200000762939453,19.200000762939453,19.25,38860.0
2020-02-07,19.049999237060547,19.450000762939453,17.950000762939453,18.950000762939453,49660.0
2020-02-10,18.600000381469727,18.600000381469727,17.049999237060547,17.25,64060.0
2020-02-11,17.549999237060547,18.25,16.450000762939453,16.899999618530273,60220.0
2020-02-12,17.200000762939453,18.200000762939453,17.100000381469727,17.299999237060547,31500.0
2020-02-13,17.350000381469727,17.450000762939453,16.0,16.25,53180.0
2020-02-14,16.5,17.25,16.200000762939453,16.700000762939453,32360.0
2020-02-18,16.5,17.299999237060547,15.649999618530273,16.950000762939453,45320.0
2020-02-19,17.399999618530273,17.399999618530273,15.649999618530273,16.149999618530273,46680.0
2020-02-20,16.200000762939453,16.25,15.300000190734863,15.600000381469727,47220.0
2020-02-21,15.550000190734863,16.200000762939453,14.5,14.649999618530273,78600.0
2020-02-24,13.949999809265137,14.449999809265137,13.449999809265137,14.399999618530273,52660.0
2020-02-25,14.350000381469727,14.899999618530273,14.050000190734863,14.75,71660.0
2020-02-26,15.0,15.0,13.350000381469727,13.550000190734863,43020.0
2020-02-27,13.149999618530273,13.399999618530273,11.949999809265137,12.0,65900.0
2020-02-28,11.5,12.350000381469727,11.5,12.100000381469727,75640.0
2020-03-02,12.399999618530273,12.699999809265137,11.0,11.5,110160.0
2020-03-03,11.350000381469727,11.350000381469727,10.350000381469727,10.800000190734863,56060.0
2020-03-04,11.149999618530273,11.399999618530273,10.0,11.050000190734863,54860.0
2020-03-05,10.899999618530273,11.0,9.800000190734863,10.100000381469727,91980.0
2020-03-06,9.550000190734863,10.0,8.75,8.949999809265137,83580.0
2020-03-09,7.5,7.900000095367432,5.949999809265137,6.0,197520.0
2020-03-10,7.099999904632568,8.899999618530273,6.0,6.5,227740.0
2020-03-11,6.25,6.800000190734863,5.849999904632568,6.300000190734863,109540.0
2020-03-12,6.349999904632568,7.650000095367432,5.5,5.699999809265137,107980.0
2020-03-13,5.849999904632568,7.25,5.550000190734863,7.25,103660.0
2020-03-16,6.150000095367432,6.550000190734863,6.0,6.25,63500.0
2020-03-17,6.199999809265137,6.25,5.599999904632568,6.25,62540.0
2020-03-18,5.75,5.849999904632568,4.5,5.099999904632568,61680.0
2020-03-19,5.25,5.949999809265137,4.800000190734863,5.099999904632568,81100.0
2020-03-20,5.300000190734863,6.25,4.849999904632568,5.0,123640.0
2020-03-23,4.800000190734863,5.050000190734863,4.300000190734863,4.550000190734863,41600.0
2020-03-24,5.0,5.099999904632568,4.699999809265137,4.800000190734863,56320.0
2020-03-25,4.900000095367432,5.0,4.0,4.400000095367432,83080.0
2020-03-26,4.400000095367432,4.599999904632568,4.400000095367432,4.599999904632568,60360.0
2020-03-27,4.650000095367432,5.199999809265137,3.6500000953674316,4.0,86300.0
2020-03-30,4.0,4.050000190734863,3.4000000953674316,3.5,76920.0
2020-03-31,3.75,4.349999904632568,3.450000047683716,3.5,94860.0
2020-04-01,3.25,3.25,2.5999999046325684,2.799999952316284,352340.0
2020-04-02,3.3499999046325684,3.549999952316284,2.549999952316284,3.0,547840.0
2020-04-03,3.200000047683716,4.349999904632568,2.5999999046325684,3.25,1930320.0
2020-04-06,3.450000047683716,4.050000190734863,3.4000000953674316,3.799999952316284,395200.0
2020-04-07,4.0,4.5,3.700000047683716,3.9000000953674316,377120.0
2020-04-08,4.150000095367432,6.25,3.9000000953674316,5.599999904632568,530160.0
2020-04-09,5.650000095367432,7.300000190734863,5.199999809265137,5.599999904632568,571700.0
2020-04-13,6.0,6.050000190734863,4.400000095367432,4.849999904632568,249900.0
2020-04-14,4.900000095367432,5.0,4.25,4.400000095367432,177420.0
2020-04-15,4.099999904632568,4.400000095367432,3.9000000953674316,4.099999904632568,117200.0
2020-04-16,4.400000095367432,4.400000095367432,3.9000000953674316,4.0,116080.0
2020-04-17,4.25,4.449999809265137,3.950000047683716,4.349999904632568,148120.0
2020-04-20,3.950000047683716,4.199999809265137,3.6500000953674316,3.9000000953674316,212820.0
2020-04-21,3.700000047683716,3.9000000953674316,3.5,3.6500000953674316,157040.0
2020-04-22,3.799999952316284,4.050000190734863,3.6500000953674316,3.6500000953674316,120300.0
2020-04-23,4.099999904632568,5.949999809265137,3.75,5.650000095367432,1201600.0
2020-04-24,5.800000190734863,6.400000095367432,4.75,5.199999809265137,663260.0
2020-04-27,4.800000190734863,4.800000190734863,4.25,4.599999904632568,187380.0
2020-04-28,4.599999904632568,5.400000095367432,4.550000190734863,5.199999809265137,238020.0
2020-04-29,5.75,5.849999904632568,5.349999904632568,5.800000190734863,285860.0
2020-04-30,6.25,7.800000190734863,5.800000190734863,6.5,790620.0
2020-05-01,6.650000095367432,6.800000190734863,5.0,5.400000095367432,274060.0
2020-05-04,7.650000095367432,9.100000381469727,6.25,6.599999904632568,2595960.0
2020-05-05,7.099999904632568,7.099999904632568,6.0,6.300000190734863,579100.0
2020-05-06,6.300000190734863,6.300000190734863,5.349999904632568,5.550000190734863,295240.0
2020-05-07,5.849999904632568,6.199999809265137,5.650000095367432,6.050000190734863,231760.0
2020-05-08,6.25,6.5,5.900000095367432,6.449999809265137,313720.0
2020-05-11,6.550000190734863,6.849999904632568,6.150000095367432,6.650000095367432,193240.0
2020-05-12,6.75,6.900000095367432,6.349999904632568,6.400000095367432,227100.0
2020-05-13,6.349999904632568,6.349999904632568,5.550000190734863,5.900000095367432,231480.0
2020-05-14,5.699999809265137,6.050000190734863,5.599999904632568,5.849999904632568,149900.0
2020-05-15,5.800000190734863,5.949999809265137,5.550000190734863,5.75,140840.0
2020-05-18,6.0,6.699999809265137,6.0,6.5,285080.0
2020-05-19,6.699999809265137,7.25,6.25,6.949999809265137,261520.0
2020-05-20,6.949999809265137,8.100000381469727,6.900000095367432,7.699999809265137,347100.0
2020-05-21,7.650000095367432,8.600000381469727,7.0,8.5,435340.0
2020-05-22,8.350000381469727,8.399999618530273,7.599999904632568,8.300000190734863,179920.0
2020-05-26,9.050000190734863,9.100000381469727,8.399999618530273,8.850000381469727,186160.0
2020-05-27,8.850000381469727,9.100000381469727,7.949999809265137,8.350000381469727,182880.0
2020-05-28,8.350000381469727,8.600000381469727,7.599999904632568,8.199999809265137,134500.0
2020-05-29,8.050000190734863,8.149999618530273,7.349999904632568,7.400000095367432,239380.0
2020-06-01,7.5,7.900000095367432,7.400000095367432,7.75,86540.0
2020-06-02,7.75,9.199999809265137,7.5,9.0,440800.0
2020-06-03,10.0,10.300000190734863,9.050000190734863,10.199999809265137,434280.0
2020-06-04,10.0,11.300000190734863,9.149999618530273,10.649999618530273,406000.0
2020-06-05,12.199999809265137,13.300000190734863,11.600000381469727,13.100000381469727,399240.0
2020-06-08,14.600000381469727,17.5,14.550000190734863,15.850000381469727,613040.0
2020-06-09,15.649999618530273,17.5,13.800000190734863,17.0,372860.0
2020-06-10,15.699999809265137,16.149999618530273,13.25,14.699999809265137,359100.0
2020-06-11,12.100000381469727,12.949999809265137,11.0,11.550000190734863,340500.0
2020-06-12,14.0,14.449999809265137,11.800000190734863,12.449999809265137,209220.0
2020-06-15,11.800000190734863,13.699999809265137,11.050000190734863,13.300000190734863,170320.0
2020-06-16,14.800000190734863,14.899999618530273,13.0,13.050000190734863,189520.0
2020-06-17,13.149999618530273,13.25,12.199999809265137,12.300000190734863,104420.0
2020-06-18,12.300000190734863,13.25,12.100000381469727,12.600000381469727,110440.0
2020-06-19,13.350000381469727,13.850000381469727,12.5,12.899999618530273,233800.0
2020-06-22,12.699999809265137,13.399999618530273,11.300000190734863,13.350000381469727,152660.0
2020-06-23,13.75,14.5,13.449999809265137,14.300000190734863,162600.0
2020-06-24,13.75,13.75,11.25,11.800000190734863,233240.0
2020-06-25,11.149999618530273,11.550000190734863,10.300000190734863,11.199999809265137,246860.0
2020-06-26,11.0,11.100000381469727,10.149999618530273,10.949999809265137,599040.0
2020-06-29,10.899999618530273,11.399999618530273,10.5,10.850000381469727,132500.0
2020-06-30,10.850000381469727,11.0,10.199999809265137,10.75,152420.0
2020-07-01,11.0,11.350000381469727,10.350000381469727,10.5,119680.0
2020-07-02,11.0,11.199999809265137,10.350000381469727,10.550000190734863,139920.0
2020-07-06,10.949999809265137,10.949999809265137,9.75,10.149999618530273,174180.0
2020-07-07,10.0,10.0,9.25,9.600000381469727,108320.0
2020-07-08,9.350000381469727,10.300000190734863,9.149999618530273,10.100000381469727,96140.0
2020-07-09,10.25,10.350000381469727,9.0,9.050000190734863,131800.0
2020-07-10,9.100000381469727,9.25,8.850000381469727,9.050000190734863,93440.0
2020-07-13,9.050000190734863,9.100000381469727,8.199999809265137,8.199999809265137,161440.0
2020-07-14,7.900000095367432,8.449999809265137,7.5,8.199999809265137,139980.0
2020-07-15,8.550000190734863,9.949999809265137,8.399999618530273,9.550000190734863,157880.0
2020-07-16,9.550000190734863,10.300000190734863,9.149999618530273,10.149999618530273,78960.0
2020-07-17,10.100000381469727,10.399999618530273,9.199999809265137,9.300000190734863,69980.0
2020-07-20,9.149999618530273,9.649999618530273,8.899999618530273,9.0,79940.0
2020-07-21,9.149999618530273,10.5,9.100000381469727,10.399999618530273,138700.0
2020-07-22,10.050000190734863,10.899999618530273,10.0,10.850000381469727,105760.0
2020-07-23,10.75,12.149999618530273,10.75,11.699999809265137,216000.0
2020-07-24,11.699999809265137,12.600000381469727,11.25,11.699999809265137,142160.0
2020-07-27,11.75,11.75,10.0,10.0,173920.0
2020-07-28,9.329999923706055,10.479999542236328,9.050000190734863,10.329999923706055,220900.0
2020-07-29,10.75,10.84000015258789,9.630000114440918,9.729999542236328,180600.0
2020-07-30,9.579999923706055,9.579999923706055,8.75,9.25,184000.0
2020-07-31,9.050000190734863,10.0,9.050000190734863,10.0,176800.0
2020-08-03,9.989999771118164,10.399999618530273,9.670000076293945,9.869999885559082,130100.0
2020-08-04,9.90999984741211,9.989999771118164,9.279999732971191,9.380000114440918,88900.0
2020-08-05,9.720000267028809,10.4399995803833,9.380000114440918,9.619999885559082,121100.0
2020-08-06,9.65999984741211,9.65999984741211,8.899999618530273,8.930000305175781,116700.0
2020-08-07,9.069999694824219,9.069999694824219,8.619999885559082,8.8100004196167,83500.0
2020-08-10,8.880000114440918,9.680000305175781,8.819999694824219,9.600000381469727,112000.0
2020-08-11,9.779999732971191,10.15999984741211,9.600000381469727,9.649999618530273,137900.0
2020-08-12,9.880000114440918,10.25,9.729999542236328,10.010000228881836,130000.0
2020-08-13,10.010000228881836,10.149999618530273,9.760000228881836,10.079999923706055,47300.0
2020-08-14,9.949999809265137,10.640000343322754,9.949999809265137,10.430000305175781,101400.0
2020-08-17,10.359999656677246,10.5600004196167,9.869999885559082,9.890000343322754,88800.0
2020-08-18,9.850000381469727,9.890000343322754,8.899999618530273,9.130000114440918,97400.0
2020-08-19,9.210000038146973,9.399999618530273,8.899999618530273,9.100000381469727,124900.0
2020-08-20,9.0,9.210000038146973,8.760000228881836,8.760000228881836,83100.0
2020-08-21,8.75,8.760000228881836,8.069999694824219,8.300000190734863,152300.0
2020-08-24,8.289999961853027,8.770000457763672,8.289999961853027,8.579999923706055,54300.0
2020-08-25,8.770000457763672,8.770000457763672,8.300000190734863,8.640000343322754,42800.0
2020-08-26,8.600000381469727,8.699999809265137,8.40999984741211,8.479999542236328,42000.0
2020-08-27,8.399999618530273,8.399999618530273,7.800000190734863,8.130000114440918,87200.0
2020-08-28,8.09000015258789,8.329999923706055,8.050000190734863,8.319999694824219,42400.0
2020-08-31,8.420000076293945,8.420000076293945,7.670000076293945,7.860000133514404,80000.0
2020-09-01,7.800000190734863,7.909999847412109,7.71999979019165,7.900000095367432,38900.0
2020-09-02,7.909999847412109,7.909999847412109,7.260000228881836,7.28000020980835,140200.0
2020-09-03,6.880000114440918,7.0,6.519999980926514,6.730000019073486,170400.0
2020-09-04,6.840000152587891,7.300000190734863,6.5,6.699999809265137,99700.0
2020-09-08,6.550000190734863,6.599999904632568,5.940000057220459,6.090000152587891,172400.0
2020-09-09,6.099999904632568,6.179999828338623,5.480000019073486,5.579999923706055,199800.0
2020-09-10,5.519999980926514,5.579999923706055,5.079999923706055,5.28000020980835,239100.0
2020-09-11,5.320000171661377,5.409999847412109,4.699999809265137,4.840000152587891,274300.0
2020-09-14,4.789999961853027,4.920000076293945,4.550000190734863,4.739999771118164,343000.0
2020-09-15,4.809999942779541,5.039999961853027,4.619999885559082,4.710000038146973,174300.0
2020-09-16,4.789999961853027,5.199999809265137,4.619999885559082,5.019999980926514,461200.0
2020-09-17,5.039999961853027,5.789999961853027,4.949999809265137,5.579999923706055,160900.0
2020-09-18,5.559999942779541,5.949999809265137,5.400000095367432,5.409999847412109,188200.0
2020-09-21,5.239999771118164,5.25,4.699999809265137,4.699999809265137,191800.0
2020-09-22,4.659999847412109,4.860000133514404,4.519999980926514,4.519999980926514,104400.0
2020-09-23,4.570000171661377,4.639999866485596,4.159999847412109,4.170000076293945,122700.0
2020-09-24,4.090000152587891,4.420000076293945,3.869999885559082,4.289999961853027,135000.0
2020-09-25,4.28000020980835,4.480000019073486,4.050000190734863,4.119999885559082,49500.0
2020-09-28,4.199999809265137,4.480000019073486,4.199999809265137,4.289999961853027,73800.0
2020-09-29,4.480000019073486,4.489999771118164,4.150000095367432,4.360000133514404,90900.0
2020-09-30,4.269999980926514,4.570000171661377,4.150000095367432,4.150000095367432,114300.0
2020-10-01,4.119999885559082,4.239999771118164,4.010000228881836,4.090000152587891,88500.0
2020-10-02,3.9800000190734863,4.46999979019165,3.859999895095825,4.170000076293945,99800.0
2020-10-05,4.199999809265137,4.400000095367432,4.199999809265137,4.269999980926514,89200.0
2020-10-06,4.349999904632568,4.599999904632568,4.28000020980835,4.300000190734863,90100.0
2020-10-07,4.340000152587891,4.369999885559082,4.199999809265137,4.269999980926514,41200.0
2020-10-08,4.340000152587891,5.590000152587891,4.320000171661377,5.110000133514404,602500.0
2020-10-09,5.25,5.300000190734863,4.570000171661377,4.730000019073486,298400.0
2020-10-12,4.539999961853027,4.650000095367432,4.400000095367432,4.510000228881836,175500.0
2020-10-13,4.480000019073486,4.849999904632568,4.420000076293945,4.599999904632568,118000.0
2020-10-14,4.679999828338623,4.900000095367432,4.5,4.539999961853027,72500.0
2020-10-15,4.409999847412109,4.650000095367432,4.300000190734863,4.579999923706055,98400.0
2020-10-16,4.559999942779541,4.619999885559082,4.329999923706055,4.400000095367432,44700.0
2020-10-19,4.389999866485596,4.679999828338623,4.340000152587891,4.369999885559082,93100.0
2020-10-20,4.360000133514404,4.46999979019165,4.239999771118164,4.380000114440918,76800.0
2020-10-21,4.400000095367432,4.46999979019165,4.199999809265137,4.329999923706055,59400.0
2020-10-22,4.349999904632568,4.630000114440918,4.340000152587891,4.519999980926514,43400.0
2020-10-23,4.599999904632568,4.599999904632568,4.389999866485596,4.409999847412109,77400.0
2020-10-26,4.320000171661377,4.480000019073486,4.079999923706055,4.139999866485596,67200.0
2020-10-27,4.150000095367432,4.420000076293945,4.090000152587891,4.300000190734863,73100.0
2020-10-28,4.159999847412109,4.269999980926514,3.7699999809265137,3.7699999809265137,140000.0
2020-10-29,3.7699999809265137,3.9700000286102295,3.7300000190734863,3.9700000286102295,85900.0
2020-10-30,3.9000000953674316,4.090000152587891,3.809999942779541,3.9200000762939453,58900.0
2020-11-02,4.0,4.25,3.9200000762939453,4.179999828338623,52600.0
2020-11-03,4.139999866485596,4.5,4.139999866485596,4.320000171661377,55300.0
2020-11-04,4.289999961853027,4.440000057220459,4.21999979019165,4.320000171661377,38200.0
2020-11-05,4.320000171661377,4.389999866485596,4.199999809265137,4.28000020980835,41900.0
2020-11-06,4.300000190734863,4.340000152587891,4.199999809265137,4.28000020980835,40700.0
2020-11-09,4.699999809265137,5.199999809265137,4.659999847412109,5.0,110900.0
2020-11-10,5.03000020980835,5.150000095367432,4.840000152587891,4.909999847412109,42400.0
2020-11-11,4.960000038146973,4.980000019073486,4.75,4.869999885559082,77500.0
2020-11-12,4.840000152587891,5.190000057220459,4.510000228881836,4.539999961853027,37700.0
2020-11-13,4.53000020980835,4.889999866485596,4.53000020980835,4.809999942779541,40800.0
2020-11-16,4.980000019073486,5.730000019073486,4.980000019073486,5.579999923706055,240900.0
2020-11-17,5.389999866485596,5.869999885559082,5.179999828338623,5.630000114440918,79300.0
2020-11-18,5.739999771118164,6.550000190734863,5.739999771118164,6.230000019073486,340200.0
2020-11-19,6.210000038146973,6.699999809265137,6.110000133514404,6.409999847412109,70800.0
2020-11-20,6.380000114440918,6.400000095367432,6.059999942779541,6.179999828338623,79700.0
2020-11-23,6.369999885559082,6.940000057220459,6.25,6.650000095367432,142600.0
2020-11-24,6.989999771118164,7.269999980926514,6.309999942779541,6.53000020980835,158800.0
2020-11-25,6.789999961853027,7.090000152587891,6.25,6.849999904632568,81000.0
2020-11-27,7.079999923706055,7.159999847412109,6.860000133514404,7.150000095367432,88100.0
2020-11-30,7.139999866485596,7.25,6.53000020980835,6.789999961853027,96000.0
2020-12-01,6.940000057220459,7.0,6.630000114440918,6.989999771118164,90100.0
2020-12-02,6.989999771118164,7.550000190734863,6.949999809265137,7.409999847412109,130000.0
2020-12-03,7.5,7.800000190734863,7.170000076293945,7.5,89400.0
2020-12-04,7.519999980926514,8.029999732971191,7.360000133514404,7.960000038146973,126300.0
2020-12-07,8.0,8.149999618530273,7.349999904632568,7.440000057220459,90800.0
2020-12-08,7.489999771118164,9.420000076293945,7.489999771118164,8.479999542236328,336700.0
2020-12-09,8.609999656677246,8.949999809265137,7.130000114440918,7.230000019073486,245200.0
2020-12-10,7.929999828338623,8.010000228881836,7.300000190734863,7.949999809265137,205000.0
2020-12-11,7.679999828338623,7.840000152587891,7.309999942779541,7.639999866485596,102700.0
2020-12-14,7.869999885559082,7.96999979019165,6.900000095367432,6.900000095367432,192100.0
2020-12-15,6.949999809265137,7.389999866485596,6.519999980926514,7.210000038146973,126900.0
2020-12-16,7.25,7.25,6.900000095367432,6.989999771118164,44000.0
2020-12-17,6.940000057220459,7.190000057220459,6.800000190734863,7.059999942779541,154000.0
2020-12-18,7.059999942779541,7.150000095367432,6.880000114440918,6.949999809265137,103200.0
2020-12-21,6.510000228881836,7.050000190734863,6.190000057220459,6.929999828338623,119900.0
2020-12-22,6.880000114440918,7.039999961853027,6.800000190734863,6.809999942779541,52000.0
2020-12-23,6.769999980926514,7.230000019073486,6.75,6.860000133514404,187500.0
2020-12-24,6.869999885559082,6.960000038146973,6.679999828338623,6.909999847412109,58200.0
2020-12-28,7.0,7.440000057220459,6.96999979019165,7.320000171661377,72700.0
2020-12-29,7.360000133514404,7.449999809265137,6.699999809265137,6.869999885559082,82800.0
2020-12-30,6.800000190734863,6.909999847412109,6.5,6.579999923706055,89400.0
2020-12-31,6.559999942779541,6.880000114440918,6.440000057220459,6.460000038146973,93300.0
2021-01-04,6.579999923706055,6.760000228881836,6.269999980926514,6.550000190734863,53000.0
2021-01-05,6.670000076293945,7.519999980926514,6.650000095367432,7.260000228881836,134600.0
2021-01-06,7.369999885559082,7.5,6.889999866485596,7.440000057220459,143700.0
2021-01-07,7.449999809265137,7.889999866485596,7.300000190734863,7.809999942779541,73000.0
2021-01-08,7.920000076293945,8.289999961853027,7.619999885559082,8.039999961853027,236200.0
2021-01-11,7.929999828338623,8.210000038146973,7.699999809265137,7.869999885559082,82900.0
2021-01-12,8.0,8.850000381469727,7.920000076293945,8.6899995803833,152600.0
2021-01-13,8.680000305175781,8.760000228881836,8.40999984741211,8.479999542236328,150400.0
2021-01-14,8.640000343322754,9.390000343322754,8.619999885559082,8.989999771118164,245000.0
2021-01-15,8.739999771118164,9.739999771118164,8.59000015258789,9.510000228881836,79200.0
2021-01-19,9.550000190734863,9.880000114440918,9.119999885559082,9.5,151300.0
2021-01-20,9.5,9.539999961853027,8.859999656677246,9.199999809265137,77600.0
2021-01-21,9.020000457763672,9.020000457763672,8.210000038146973,8.260000228881836,151700.0
2021-01-22,7.889999866485596,8.149999618530273,7.820000171661377,7.820000171661377,106800.0
2021-01-25,7.789999961853027,7.900000095367432,6.590000152587891,7.420000076293945,200200.0
2021-01-26,7.5,7.820000171661377,6.96999979019165,7.590000152587891,241600.0
2021-01-27,7.480000019073486,9.140000343322754,7.110000133514404,9.050000190734863,208200.0
2021-01-28,8.949999809265137,8.949999809265137,7.78000020980835,8.300000190734863,221600.0
2021-01-29,8.3100004196167,8.5600004196167,8.029999732971191,8.390000343322754,61400.0
2021-02-01,8.399999618530273,9.0,8.029999732971191,8.75,95500.0
2021-02-02,8.880000114440918,10.5,8.8100004196167,10.380000114440918,238400.0
2021-02-03,10.140000343322754,11.369999885559082,10.140000343322754,11.220000267028809,177900.0
2021-02-04,10.970000267028809,12.300000190734863,10.970000267028809,12.300000190734863,151400.0
2021-02-05,12.489999771118164,13.210000038146973,10.819999694824219,11.020000457763672,301100.0
2021-02-08,11.109999656677246,12.479999542236328,11.039999961853027,11.920000076293945,175800.0
2021-02-09,11.869999885559082,12.479999542236328,11.279999732971191,12.470000267028809,103000.0
2021-02-10,12.029999732971191,12.899999618530273,11.5,12.579999923706055,92100.0
2021-02-11,12.5,12.880000114440918,11.800000190734863,12.329999923706055,93900.0
2021-02-12,12.199999809265137,13.390000343322754,12.050000190734863,13.300000190734863,110600.0
2021-02-16,13.880000114440918,14.199999809265137,13.270000457763672,13.59000015258789,76100.0
2021-02-17,13.600000381469727,13.600000381469727,12.390000343322754,13.180000305175781,50300.0
2021-02-18,13.0600004196167,13.220000267028809,12.15999984741211,12.600000381469727,93200.0
2021-02-19,12.760000228881836,13.25,11.880000114440918,12.260000228881836,128100.0
2021-02-22,12.34000015258789,14.420000076293945,12.34000015258789,13.930000305175781,174300.0
2021-02-23,13.869999885559082,15.579999923706055,12.5600004196167,14.65999984741211,136200.0
2021-02-24,14.859999656677246,17.149999618530273,14.800000190734863,15.960000038146973,335400.0
2021-02-25,16.100000381469727,16.690000534057617,14.8100004196167,15.930000305175781,155600.0
2021-02-26,15.680000305175781,15.680000305175781,14.4399995803833,14.989999771118164,126500.0
2021-03-01,15.479999542236328,15.569999694824219,14.039999961853027,14.670000076293945,209600.0
2021-03-02,14.390000343322754,15.0,13.699999809265137,13.930000305175781,187900.0
2021-03-03,14.289999961853027,14.579999923706055,13.770000457763672,13.989999771118164,161300.0
2021-03-04,14.180000305175781,14.5,12.59000015258789,13.119999885559082,178300.0
2021-03-05,13.859999656677246,15.449999809265137,12.5,13.289999961853027,289300.0
2021-03-08,13.800000190734863,15.180000305175781,12.5,13.5,196700.0
2021-03-09,13.789999961853027,13.789999961853027,12.760000228881836,13.0600004196167,93400.0
2021-03-10,13.229999542236328,14.449999809265137,13.15999984741211,14.210000038146973,48000.0
2021-03-11,14.239999771118164,15.079999923706055,14.109999656677246,14.75,55200.0
2021-03-12,14.979999542236328,16.790000915527344,14.5,16.780000686645508,125100.0
2021-03-15,17.0,17.84000015258789,16.0,16.729999542236328,254200.0
2021-03-16,16.579999923706055,17.8700008392334,15.949999809265137,17.110000610351562,92300.0
2021-03-17,17.059999465942383,18.8700008392334,16.700000762939453,18.1200008392334,86900.0
2021-03-18,18.059999465942383,18.06999969482422,16.860000610351562,17.350000381469727,126000.0
2021-03-19,17.440000534057617,18.969999313354492,17.040000915527344,17.959999084472656,96600.0
2021-03-22,17.739999771118164,18.3700008392334,16.610000610351562,18.170000076293945,68200.0
2021-03-23,17.6299991607666,17.639999389648438,14.670000076293945,16.079999923706055,152800.0
2021-03-24,16.6299991607666,17.270000457763672,16.110000610351562,16.229999542236328,79600.0
2021-03-25,15.470000267028809,16.899999618530273,14.699999809265137,16.790000915527344,80300.0
2021-03-26,16.899999618530273,17.420000076293945,16.3700008392334,16.6299991607666,44200.0
2021-03-29,16.559999465942383,16.559999465942383,15.0,15.40999984741211,51700.0
2021-03-30,15.210000038146973,16.149999618530273,14.760000228881836,15.699999809265137,38400.0
2021-03-31,15.579999923706055,16.459999084472656,15.260000228881836,16.030000686645508,35000.0
2021-04-01,16.270000457763672,17.520000457763672,16.209999084472656,17.270000457763672,49200.0
2021-04-05,17.1200008392334,17.540000915527344,16.0,16.649999618530273,82800.0
2021-04-06,16.65999984741211,17.3700008392334,15.609999656677246,15.739999771118164,70100.0
2021-04-07,15.710000038146973,15.75,14.989999771118164,15.220000267028809,53500.0
2021-04-08,15.119999885559082,15.920000076293945,14.109999656677246,14.770000457763672,50300.0
2021-04-09,14.699999809265137,14.890000343322754,14.3100004196167,14.510000228881836,26800.0
2021-04-12,14.65999984741211,14.65999984741211,13.710000038146973,14.270000457763672,48400.0
2021-04-13,13.930000305175781,14.279999732971191,13.319999694824219,14.100000381469727,88000.0
2021-04-14,14.039999961853027,15.359999656677246,14.039999961853027,14.460000038146973,136700.0
2021-04-15,13.979999542236328,13.979999542236328,9.25,10.399999618530273,1249100.0
2021-04-16,10.300000190734863,10.470000267028809,7.579999923706055,8.699999809265137,1132400.0
2021-04-19,8.899999618530273,9.109999656677246,7.900000095367432,8.029999732971191,477600.0
2021-04-20,8.029999732971191,8.170000076293945,7.110000133514404,7.559999942779541,384800.0
2021-04-21,7.320000171661377,7.960000038146973,7.320000171661377,7.449999809265137,299700.0
2021-04-22,7.630000114440918,8.920000076293945,7.400000095367432,8.75,341200.0
2021-04-23,8.600000381469727,9.270000457763672,8.300000190734863,9.0600004196167,196900.0
2021-04-26,9.069999694824219,9.350000381469727,8.890000343322754,9.010000228881836,144100.0
2021-04-27,9.170000076293945,9.289999961853027,8.319999694824219,8.449999809265137,206400.0
2021-04-28,8.470000267028809,8.789999961853027,8.069999694824219,8.520000457763672,212500.0
2021-04-29,8.720000267028809,8.8100004196167,8.199999809265137,8.350000381469727,82900.0
2021-04-30,8.210000038146973,8.5,7.670000076293945,7.710000038146973,129100.0
2021-05-03,7.739999771118164,8.84000015258789,7.579999923706055,8.75,238400.0
2021-05-04,8.720000267028809,9.0600004196167,8.199999809265137,8.920000076293945,108300.0
2021-05-05,9.220000267028809,10.75,9.020000457763672,10.5600004196167,458900.0
2021-05-06,10.600000381469727,11.520000457763672,9.550000190734863,11.319999694824219,322000.0
2021-05-07,11.050000190734863,12.229999542236328,10.59000015258789,12.0,217400.0
2021-05-10,12.539999961853027,13.479999542236328,11.579999923706055,12.180000305175781,346400.0
2021-05-11,10.979999542236328,13.199999809265137,10.350000381469727,12.710000038146973,237100.0
2021-05-12,12.869999885559082,13.470000267028809,12.0,12.180000305175781,233200.0
2021-05-13,12.239999771118164,12.510000228881836,10.619999885559082,11.949999809265137,242900.0
2021-05-14,12.25,12.850000381469727,11.989999771118164,12.140000343322754,137000.0
2021-05-17,11.100000381469727,12.329999923706055,10.819999694824219,12.0600004196167,149300.0
2021-05-18,12.319999694824219,12.319999694824219,11.5,11.920000076293945,132000.0
2021-05-19,11.550000190734863,11.979999542236328,10.720000267028809,11.0,99000.0
2021-05-20,11.010000228881836,11.479999542236328,10.770000457763672,11.029999732971191,32500.0
2021-05-21,11.289999961853027,11.8100004196167,11.010000228881836,11.640000343322754,74900.0
2021-05-24,11.720000267028809,11.979999542236328,11.260000228881836,11.890000343322754,47700.0
2021-05-25,11.890000343322754,11.970000267028809,11.199999809265137,11.5,53400.0
2021-05-26,11.390000343322754,12.079999923706055,11.050000190734863,11.600000381469727,69000.0
2021-05-27,11.850000381469727,12.550000190734863,11.5,11.859999656677246,98600.0
2021-05-28,11.729999542236328,12.210000038146973,11.399999618530273,11.869999885559082,97400.0
2021-06-01,12.180000305175781,12.720000267028809,12.100000381469727,12.300000190734863,138300.0
2021-06-02,12.460000038146973,15.279999732971191,12.359999656677246,15.029999732971191,367800.0
2021-06-03,14.75,15.550000190734863,13.989999771118164,14.289999961853027,169800.0
2021-06-04,14.449999809265137,14.90999984741211,13.75,14.15999984741211,66800.0
2021-06-07,14.149999618530273,14.649999618530273,13.600000381469727,13.8100004196167,86800.0
2021-06-08,13.789999961853027,14.300000190734863,13.119999885559082,13.130000114440918,76800.0
2021-06-09,13.420000076293945,14.430000305175781,13.350000381469727,13.510000228881836,246700.0
2021-06-10,11.649999618530273,12.199999809265137,10.020000457763672,10.239999771118164,743500.0
2021-06-11,10.300000190734863,10.710000038146973,9.25,9.489999771118164,433400.0
2021-06-14,9.489999771118164,10.09000015258789,9.210000038146973,9.329999923706055,207300.0
2021-06-15,9.300000190734863,9.970000267028809,8.9399995803833,9.640000343322754,240100.0
2021-06-16,9.649999618530273,10.5600004196167,9.329999923706055,10.539999961853027,237500.0
2021-06-17,10.520000457763672,10.75,9.479999542236328,10.010000228881836,239300.0
2021-06-18,9.680000305175781,10.100000381469727,9.65999984741211,10.010000228881836,155000.0
2021-06-21,9.979999542236328,10.479999542236328,9.829999923706055,10.449999809265137,148500.0
2021-06-22,10.529999732971191,10.529999732971191,9.920000076293945,10.479999542236328,89000.0
2021-06-23,10.239999771118164,11.050000190734863,10.109999656677246,10.149999618530273,135900.0
2021-06-24,10.289999961853027,10.4399995803833,9.90999984741211,10.390000343322754,110600.0
2021-06-25,10.420000076293945,10.75,10.210000038146973,10.569999694824219,122100.0
2021-06-28,10.359999656677246,10.579999923706055,10.050000190734863,10.119999885559082,97300.0
2021-06-29,10.15999984741211,10.4399995803833,9.600000381469727,9.600000381469727,118300.0
2021-06-30,9.84000015258789,9.970000267028809,9.369999885559082,9.550000190734863,118400.0
2021-07-01,9.899999618530273,10.34000015258789,9.75,10.170000076293945,171000.0
2021-07-02,10.109999656677246,10.109999656677246,9.510000228881836,9.5600004196167,68300.0
2021-07-06,9.5600004196167,9.75,8.899999618530273,8.930000305175781,110400.0
2021-07-07,8.949999809265137,9.390000343322754,8.460000038146973,8.720000267028809,92300.0
2021-07-08,8.569999694824219,8.779999732971191,8.210000038146973,8.489999771118164,120900.0
2021-07-09,8.75,8.829999923706055,8.420000076293945,8.579999923706055,91000.0
2021-07-12,8.399999618530273,8.699999809265137,8.3100004196167,8.569999694824219,65700.0
2021-07-13,8.529999732971191,8.899999618530273,8.220000267028809,8.710000038146973,80700.0
2021-07-14,8.699999809265137,8.899999618530273,7.949999809265137,7.989999771118164,154400.0
2021-07-15,7.960000038146973,8.109999656677246,7.010000228881836,7.019999980926514,190800.0
2021-07-16,7.070000171661377,7.329999923706055,6.199999809265137,6.449999809265137,221500.0
2021-07-19,6.059999942779541,6.309999942779541,5.769999980926514,6.190000057220459,268900.0
2021-07-20,6.269999980926514,6.769999980926514,6.090000152587891,6.449999809265137,97600.0
2021-07-21,6.510000228881836,6.880000114440918,6.510000228881836,6.579999923706055,133900.0
2021-07-22,6.650000095367432,6.730000019073486,6.239999771118164,6.570000171661377,122600.0
2021-07-23,6.590000152587891,6.840000152587891,5.909999847412109,5.980000019073486,162500.0
2021-07-26,5.920000076293945,6.46999979019165,5.920000076293945,6.099999904632568,71400.0
2021-07-27,6.070000171661377,6.210000038146973,5.960000038146973,6.110000133514404,36100.0
2021-07-28,6.03000020980835,6.320000171661377,5.869999885559082,6.050000190734863,42500.0
2021-07-29,6.28000020980835,6.28000020980835,6.010000228881836,6.130000114440918,57000.0
2021-07-30,6.099999904632568,6.139999866485596,5.800000190734863,5.960000038146973,57500.0
2021-08-02,5.960000038146973,6.130000114440918,5.409999847412109,5.579999923706055,175300.0
2021-08-03,5.539999961853027,5.650000095367432,5.199999809265137,5.449999809265137,68400.0
2021-08-04,5.400000095367432,5.650000095367432,5.03000020980835,5.079999923706055,125700.0
2021-08-05,5.159999847412109,5.349999904632568,5.070000171661377,5.150000095367432,85800.0
2021-08-06,5.300000190734863,5.550000190734863,5.119999885559082,5.539999961853027,57400.0
2021-08-09,5.5,5.579999923706055,5.300000190734863,5.489999771118164,27300.0
2021-08-10,5.610000133514404,5.840000152587891,5.610000133514404,5.820000171661377,37100.0
2021-08-11,5.949999809265137,5.980000019073486,5.449999809265137,5.96999979019165,62500.0
2021-08-12,6.0,6.079999923706055,5.559999942779541,5.559999942779541,81500.0
2021-08-13,5.5,6.050000190734863,5.050000190734863,5.110000133514404,82200.0
2021-08-16,4.920000076293945,5.269999980926514,4.75,5.090000152587891,69100.0
2021-08-17,5.099999904632568,5.159999847412109,4.769999980926514,4.820000171661377,39700.0
2021-08-18,4.829999923706055,5.190000057220459,4.820000171661377,5.110000133514404,51400.0
2021-08-19,4.980000019073486,5.179999828338623,4.860000133514404,4.949999809265137,109500.0
2021-08-20,4.860000133514404,5.269999980926514,4.559999942779541,4.579999923706055,134400.0
2021-08-23,4.820000171661377,5.769999980926514,4.820000171661377,5.769999980926514,126100.0
2021-08-24,6.050000190734863,7.659999847412109,5.769999980926514,7.190000057220459,1031800.0
2021-08-25,7.079999923706055,7.150000095367432,6.199999809265137,6.550000190734863,293200.0
2021-08-26,6.320000171661377,6.590000152587891,6.070000171661377,6.130000114440918,111800.0
2021-08-27,6.28000020980835,6.940000057220459,6.079999923706055,6.559999942779541,144000.0
2021-08-30,6.570000171661377,6.849999904632568,6.300000190734863,6.369999885559082,83800.0
2021-08-31,6.389999866485596,6.53000020980835,6.139999866485596,6.360000133514404,42100.0
2021-09-01,6.289999961853027,6.429999828338623,5.929999828338623,6.170000076293945,105300.0
2021-09-02,6.190000057220459,7.289999961853027,6.099999904632568,6.300000190734863,173700.0
2021-09-03,6.480000019073486,6.480000019073486,6.099999904632568,6.429999828338623,71600.0
2021-09-07,6.429999828338623,6.699999809265137,6.199999809265137,6.369999885559082,54000.0
2021-09-08,6.349999904632568,6.369999885559082,5.880000114440918,5.960000038146973,115200.0
2021-09-09,6.0,6.199999809265137,5.880000114440918,6.070000171661377,84800.0
2021-09-10,6.5,6.5,5.769999980926514,5.989999771118164,94100.0
2021-09-13,5.900000095367432,6.199999809265137,5.510000228881836,5.559999942779541,201400.0
2021-09-14,5.630000114440918,5.940000057220459,5.170000076293945,5.269999980926514,191300.0
2021-09-15,5.349999904632568,5.679999828338623,5.119999885559082,5.25,88800.0
2021-09-16,5.170000076293945,5.289999961853027,5.0,5.039999961853027,79200.0
2021-09-17,5.0,5.090000152587891,4.809999942779541,4.900000095367432,159900.0
2021-09-20,4.800000190734863,4.880000114440918,4.519999980926514,4.539999961853027,151300.0
2021-09-21,4.820000171661377,4.849999904632568,4.269999980926514,4.28000020980835,196900.0
2021-09-22,4.429999828338623,4.610000133514404,4.320000171661377,4.349999904632568,169900.0
2021-09-23,4.590000152587891,4.880000114440918,4.429999828338623,4.809999942779541,178400.0
2021-09-24,4.809999942779541,4.980000019073486,4.699999809265137,4.860000133514404,71800.0
2021-09-27,4.980000019073486,5.139999866485596,4.480000019073486,4.869999885559082,411900.0
2021-09-28,4.860000133514404,5.050000190734863,4.510000228881836,4.679999828338623,317000.0
2021-09-29,4.650000095367432,4.699999809265137,4.380000114440918,4.559999942779541,121500.0
2021-09-30,4.510000228881836,4.809999942779541,4.510000228881836,4.760000228881836,113500.0
2021-10-01,4.760000228881836,4.889999866485596,4.550000190734863,4.739999771118164,178900.0
2021-10-04,4.829999923706055,5.070000171661377,4.550000190734863,4.579999923706055,737500.0
2021-10-05,4.670000076293945,5.199999809265137,4.369999885559082,4.670000076293945,2047000.0
2021-10-06,4.710000038146973,4.849999904632568,4.199999809265137,4.369999885559082,701500.0
2021-10-07,4.429999828338623,4.610000133514404,4.320000171661377,4.5,319500.0
2021-10-08,4.639999866485596,5.25,4.590000152587891,4.650000095367432,1980200.0
2021-10-11,4.900000095367432,5.199999809265137,4.739999771118164,4.769999980926514,774700.0
2021-10-12,4.75,4.900000095367432,4.360000133514404,4.510000228881836,580200.0
2021-10-13,4.510000228881836,4.579999923706055,4.090000152587891,4.25,508000.0
2021-10-14,4.289999961853027,4.409999847412109,4.119999885559082,4.360000133514404,342200.0
2021-10-15,4.440000057220459,4.699999809265137,4.230000019073486,4.630000114440918,828100.0
2021-10-18,4.659999847412109,4.960000038146973,4.449999809265137,4.539999961853027,468200.0
2021-10-19,4.510000228881836,4.699999809265137,4.409999847412109,4.570000171661377,364300.0
2021-10-20,4.619999885559082,4.829999923706055,4.550000190734863,4.800000190734863,498600.0
2021-10-21,4.730000019073486,4.75,4.340000152587891,4.440000057220459,586800.0
2021-10-22,4.420000076293945,4.579999923706055,4.210000038146973,4.380000114440918,799300.0
2021-10-25,4.429999828338623,4.619999885559082,4.369999885559082,4.489999771118164,477700.0
2021-10-26,4.489999771118164,4.510000228881836,4.329999923706055,4.389999866485596,229100.0
2021-10-27,4.349999904632568,4.5,4.300000190734863,4.380000114440918,253100.0
2021-10-28,4.400000095367432,4.550000190734863,4.320000171661377,4.5,270600.0
2021-10-29,4.440000057220459,4.489999771118164,4.28000020980835,4.380000114440918,250400.0
2021-11-01,4.460000038146973,4.579999923706055,4.369999885559082,4.5,341400.0
2021-11-02,4.53000020980835,4.590000152587891,4.449999809265137,4.550000190734863,313000.0
2021-11-03,4.46999979019165,4.900000095367432,4.400000095367432,4.869999885559082,360500.0
2021-11-04,4.949999809265137,5.190000057220459,4.829999923706055,4.989999771118164,470500.0
2021-11-05,5.199999809265137,5.429999828338623,4.840000152587891,4.869999885559082,1303400.0
2021-11-08,5.0,5.289999961853027,4.840000152587891,4.929999828338623,663800.0
2021-11-09,4.909999847412109,4.96999979019165,4.559999942779541,4.769999980926514,351100.0
2021-11-10,4.690000057220459,4.75,4.510000228881836,4.510000228881836,279800.0
2021-11-11,4.510000228881836,4.579999923706055,4.25,4.380000114440918,391600.0
2021-11-12,4.309999942779541,4.400000095367432,4.099999904632568,4.159999847412109,523700.0
2021-11-15,4.170000076293945,4.269999980926514,3.9700000286102295,4.199999809265137,451300.0
2021-11-16,4.159999847412109,4.460000038146973,4.110000133514404,4.369999885559082,185600.0
2021-11-17,4.360000133514404,4.489999771118164,4.170000076293945,4.25,223600.0
2021-11-18,4.199999809265137,4.260000228881836,4.03000020980835,4.130000114440918,158700.0
2021-11-19,4.050000190734863,4.130000114440918,3.869999885559082,3.9700000286102295,404800.0
2021-11-22,3.9200000762939453,4.050000190734863,3.6700000762939453,3.7300000190734863,435600.0
2021-11-23,3.7799999713897705,3.990000009536743,3.7100000381469727,3.8499999046325684,224000.0
2021-11-24,3.8499999046325684,4.170000076293945,3.8299999237060547,4.110000133514404,231000.0
2021-11-26,3.880000114440918,4.170000076293945,3.75,4.130000114440918,284500.0
2021-11-29,4.190000057220459,4.300000190734863,3.9600000381469727,4.119999885559082,145500.0
2021-11-30,4.03000020980835,4.110000133514404,3.8499999046325684,4.0,186200.0
2021-12-01,4.059999942779541,4.070000171661377,3.5399999618530273,3.5399999618530273,328400.0
2021-12-02,3.559999942779541,3.6500000953674316,3.3499999046325684,3.5,268000.0
2021-12-03,3.5399999618530273,3.5899999141693115,3.0299999713897705,3.0899999141693115,549400.0
2021-12-06,3.119999885559082,3.640000104904175,3.049999952316284,3.569999933242798,308600.0
2021-12-07,3.759999990463257,4.110000133514404,3.759999990463257,3.9600000381469727,337200.0
2021-12-08,4.03000020980835,4.159999847412109,3.940000057220459,4.03000020980835,262900.0
2021-12-09,3.9600000381469727,4.099999904632568,3.809999942779541,4.0,383400.0
2021-12-10,4.199999809265137,4.489999771118164,3.3299999237060547,3.569999933242798,1132100.0
2021-12-13,3.440000057220459,3.5299999713897705,3.2300000190734863,3.319999933242798,323600.0
2021-12-14,3.3399999141693115,3.4100000858306885,3.069999933242798,3.109999895095825,241900.0
2021-12-15,3.0899999141693115,3.2799999713897705,2.9600000381469727,3.2200000286102295,399800.0
2021-12-16,3.319999933242798,3.450000047683716,3.109999895095825,3.1500000953674316,320000.0
2021-12-17,3.0899999141693115,3.3399999141693115,2.9600000381469727,3.180000066757202,170700.0
2021-12-20,3.069999933242798,3.200000047683716,2.940000057220459,3.109999895095825,229300.0
2021-12-21,3.1600000858306885,3.4000000953674316,3.1600000858306885,3.2699999809265137,194000.0
2021-12-22,3.259999990463257,3.4100000858306885,3.1700000762939453,3.2699999809265137,155000.0
2021-12-23,3.309999942779541,3.4000000953674316,3.25,3.390000104904175,184800.0
2021-12-27,3.4000000953674316,3.509999990463257,3.259999990463257,3.359999895095825,215900.0
2021-12-28,3.3399999141693115,3.4100000858306885,3.109999895095825,3.119999885559082,226600.0
2021-12-29,3.1500000953674316,3.1500000953674316,2.9700000286102295,3.049999952316284,353600.0
2021-12-30,3.0299999713897705,3.190000057220459,3.009999990463257,3.069999933242798,249800.0
2021-12-31,3.0199999809265137,3.119999885559082,3.0199999809265137,3.0999999046325684,198100.0
2022-01-03,3.130000114440918,3.549999952316284,3.130000114440918,3.5,595000.0
2022-01-04,3.5799999237060547,4.300000190734863,3.559999942779541,3.9800000190734863,736500.0
2022-01-05,4.070000171661377,4.28000020980835,3.7799999713897705,3.859999895095825,442600.0
2022-01-06,3.930000066757202,4.199999809265137,3.8399999141693115,3.990000009536743,183200.0
2022-01-07,4.050000190734863,4.349999904632568,4.0,4.309999942779541,245500.0
2022-01-10,4.190000057220459,4.349999904632568,3.9000000953674316,4.139999866485596,225800.0
2022-01-11,4.170000076293945,4.630000114440918,4.099999904632568,4.579999923706055,277600.0
2022-01-12,4.639999866485596,4.900000095367432,4.239999771118164,4.389999866485596,372200.0
2022-01-13,4.380000114440918,4.550000190734863,4.260000228881836,4.300000190734863,281600.0
2022-01-14,4.230000019073486,4.650000095367432,4.199999809265137,4.53000020980835,265300.0
2022-01-18,4.389999866485596,5.150000095367432,4.269999980926514,4.880000114440918,821500.0
2022-01-19,4.949999809265137,5.070000171661377,4.539999961853027,4.929999828338623,322000.0
2022-01-20,4.929999828338623,5.659999847412109,4.809999942779541,5.139999866485596,829400.0
2022-01-21,5.019999980926514,5.230000019073486,4.840000152587891,4.96999979019165,283700.0
2022-01-24,4.699999809265137,4.989999771118164,4.150000095367432,4.960000038146973,651900.0
2022-01-25,4.869999885559082,5.599999904632568,4.789999961853027,5.53000020980835,494900.0
2022-01-26,5.619999885559082,6.0,5.360000133514404,5.559999942779541,681200.0
2022-01-27,5.599999904632568,5.849999904632568,4.900000095367432,4.949999809265137,719600.0
2022-01-28,4.940000057220459,5.289999961853027,4.699999809265137,4.960000038146973,282100.0
2022-01-31,4.960000038146973,5.159999847412109,4.849999904632568,4.989999771118164,155300.0
2022-02-01,4.940000057220459,5.53000020980835,4.909999847412109,5.480000019073486,258200.0
2022-02-02,5.550000190734863,5.650000095367432,5.25,5.449999809265137,277700.0
2022-02-03,5.369999885559082,5.449999809265137,5.130000114440918,5.309999942779541,323000.0
2022-02-04,5.519999980926514,5.949999809265137,5.489999771118164,5.579999923706055,398400.0
2022-02-07,5.550000190734863,5.590000152587891,5.25,5.300000190734863,181800.0
2022-02-08,5.21999979019165,5.230000019073486,4.980000019073486,5.010000228881836,224100.0
2022-02-09,5.019999980926514,5.21999979019165,4.96999979019165,5.119999885559082,148400.0
2022-02-10,5.03000020980835,5.409999847412109,4.989999771118164,5.139999866485596,151000.0
2022-02-11,5.179999828338623,5.75,5.170000076293945,5.699999809265137,288500.0
2022-02-14,5.710000038146973,5.900000095367432,5.539999961853027,5.820000171661377,209900.0
2022-02-15,5.619999885559082,6.440000057220459,5.559999942779541,6.329999923706055,363500.0
2022-02-16,6.349999904632568,6.849999904632568,5.909999847412109,6.099999904632568,647100.0
2022-02-17,6.010000228881836,6.360000133514404,5.900000095367432,6.260000228881836,189200.0
2022-02-18,6.25,6.380000114440918,5.869999885559082,6.090000152587891,224000.0
2022-02-22,6.079999923706055,6.079999923706055,5.53000020980835,5.53000020980835,377400.0
2022-02-23,5.550000190734863,5.940000057220459,5.5,5.610000133514404,275100.0
2022-02-24,5.869999885559082,5.920000076293945,5.03000020980835,5.869999885559082,352400.0
2022-02-25,5.800000190734863,6.239999771118164,5.650000095367432,6.159999847412109,199600.0
2022-02-28,5.929999828338623,6.840000152587891,5.929999828338623,6.699999809265137,386600.0
2022-03-01,6.679999828338623,7.360000133514404,6.340000152587891,6.929999828338623,503500.0
2022-03-02,7.050000190734863,7.309999942779541,6.75,7.199999809265137,316600.0
2022-03-03,7.239999771118164,9.109999656677246,7.099999904632568,8.550000190734863,4585100.0
2022-03-04,8.380000114440918,10.5,8.25,10.40999984741211,3366500.0
2022-03-07,11.300000190734863,12.390000343322754,9.729999542236328,10.8100004196167,3469800.0
2022-03-08,11.899999618530273,13.359999656677246,9.079999923706055,10.34000015258789,3252200.0
2022-03-09,9.380000114440918,10.09000015258789,8.510000228881836,9.569999694824219,1061300.0
2022-03-10,9.819999694824219,10.3100004196167,9.449999809265137,9.699999809265137,667700.0
2022-03-11,7.46999979019165,10.25,7.409999847412109,10.130000114440918,1263300.0
2022-03-14,9.850000381469727,9.970000267028809,8.619999885559082,8.859999656677246,644200.0
2022-03-15,7.96999979019165,8.710000038146973,7.900000095367432,8.279999732971191,454300.0
2022-03-16,8.4399995803833,8.710000038146973,7.010000228881836,7.199999809265137,710900.0
2022-03-17,7.840000152587891,7.989999771118164,7.179999828338623,7.369999885559082,818800.0
2022-03-18,7.190000057220459,7.5,6.639999866485596,6.670000076293945,692700.0
2022-03-21,6.840000152587891,7.349999904632568,6.75,6.849999904632568,617500.0
2022-03-22,7.0,7.0,6.360000133514404,6.789999961853027,501800.0
2022-03-23,6.860000133514404,7.110000133514404,6.739999771118164,6.960000038146973,705000.0
2022-03-24,7.170000076293945,7.5,6.639999866485596,6.679999828338623,745500.0
2022-03-25,6.550000190734863,6.639999866485596,6.070000171661377,6.480000019073486,644400.0
2022-03-28,6.25,6.25,5.300000190734863,5.420000076293945,742500.0
2022-03-29,5.230000019073486,5.679999828338623,5.139999866485596,5.409999847412109,652800.0
2022-03-30,5.480000019073486,5.739999771118164,5.090000152587891,5.130000114440918,692500.0
2022-03-31,5.079999923706055,5.239999771118164,4.949999809265137,5.170000076293945,466700.0
2022-04-01,5.170000076293945,5.5,5.059999942779541,5.300000190734863,611500.0
2022-04-04,5.300000190734863,5.449999809265137,5.079999923706055,5.269999980926514,802500.0
2022-04-05,5.260000228881836,5.420000076293945,4.900000095367432,4.980000019073486,365100.0
2022-04-06,4.980000019073486,5.050000190734863,4.690000057220459,4.710000038146973,341700.0
2022-04-07,4.699999809265137,5.150000095367432,4.5,4.980000019073486,457200.0
2022-04-08,4.980000019073486,5.519999980926514,4.900000095367432,5.320000171661377,334900.0
2022-04-11,5.230000019073486,5.230000019073486,5.019999980926514,5.210000038146973,190900.0
2022-04-12,5.340000152587891,6.130000114440918,5.28000020980835,5.829999923706055,617900.0
2022-04-13,5.909999847412109,6.269999980926514,5.639999866485596,6.269999980926514,327100.0
2022-04-14,6.269999980926514,6.900000095367432,5.960000038146973,6.239999771118164,2361200.0
2022-04-18,6.260000228881836,6.630000114440918,5.96999979019165,6.269999980926514,717000.0
2022-04-19,6.150000095367432,6.21999979019165,5.650000095367432,5.690000057220459,425000.0
2022-04-20,5.71999979019165,5.909999847412109,5.369999885559082,5.820000171661377,285300.0
2022-04-21,5.960000038146973,6.190000057220459,5.409999847412109,5.539999961853027,390100.0
2022-04-22,5.510000228881836,5.659999847412109,5.179999828338623,5.309999942779541,311700.0
2022-04-25,5.090000152587891,5.170000076293945,4.579999923706055,5.039999961853027,606900.0
2022-04-26,5.099999904632568,5.369999885559082,4.880000114440918,5.010000228881836,238500.0
2022-04-27,5.070000171661377,5.070000171661377,4.829999923706055,4.96999979019165,184000.0
2022-04-28,5.03000020980835,5.199999809265137,4.679999828338623,5.099999904632568,408400.0
2022-04-29,5.130000114440918,5.300000190734863,4.820000171661377,4.929999828338623,187400.0
2022-05-02,4.820000171661377,5.0,4.659999847412109,4.900000095367432,168000.0
2022-05-03,4.900000095367432,5.170000076293945,4.809999942779541,5.119999885559082,112900.0
2022-05-04,5.28000020980835,5.320000171661377,4.940000057220459,5.28000020980835,306100.0
2022-05-05,5.329999923706055,5.460000038146973,4.900000095367432,5.150000095367432,208200.0
2022-05-06,5.170000076293945,5.21999979019165,4.880000114440918,5.0,127900.0
2022-05-09,4.900000095367432,4.909999847412109,4.070000171661377,4.079999923706055,283300.0
2022-05-10,4.260000228881836,4.420000076293945,3.930000066757202,4.059999942779541,226900.0
2022-05-11,4.130000114440918,4.519999980926514,4.059999942779541,4.099999904632568,135100.0
2022-05-12,4.039999961853027,4.170000076293945,3.6700000762939453,3.9700000286102295,319300.0
2022-05-13,4.190000057220459,5.039999961853027,4.079999923706055,4.949999809265137,435200.0
2022-05-16,4.960000038146973,5.389999866485596,4.809999942779541,5.21999979019165,273300.0
2022-05-17,5.449999809265137,5.800000190734863,5.239999771118164,5.380000114440918,394600.0
2022-05-18,5.489999771118164,5.5,5.03000020980835,5.300000190734863,247400.0
2022-05-19,5.119999885559082,5.440000057220459,5.019999980926514,5.260000228881836,147900.0
2022-05-20,5.28000020980835,5.329999923706055,4.940000057220459,5.159999847412109,159500.0
2022-05-23,5.199999809265137,5.309999942779541,4.949999809265137,5.199999809265137,131500.0
2022-05-24,5.150000095367432,5.449999809265137,5.039999961853027,5.260000228881836,210400.0
2022-05-25,5.300000190734863,5.639999866485596,5.300000190734863,5.5,259800.0
2022-05-26,5.599999904632568,6.079999923706055,5.5,5.710000038146973,273700.0
2022-05-27,5.670000076293945,6.119999885559082,5.610000133514404,5.96999979019165,280500.0
2022-05-31,6.340000152587891,6.590000152587891,5.820000171661377,6.110000133514404,380400.0
2022-06-01,6.21999979019165,6.420000076293945,6.010000228881836,6.309999942779541,145300.0
2022-06-02,6.25,6.630000114440918,6.199999809265137,6.440000057220459,380100.0
2022-06-03,6.389999866485596,6.699999809265137,6.309999942779541,6.599999904632568,360700.0
2022-06-06,6.739999771118164,7.0,6.519999980926514,6.840000152587891,323300.0
2022-06-07,6.800000190734863,7.300000190734863,6.650000095367432,6.980000019073486,494100.0
2022-06-08,7.050000190734863,7.079999923706055,6.53000020980835,6.650000095367432,532500.0
2022-06-09,6.53000020980835,6.630000114440918,6.349999904632568,6.53000020980835,164600.0
2022-06-10,6.46999979019165,6.5,5.989999771118164,6.440000057220459,235200.0
2022-06-13,6.019999980926514,6.039999961853027,5.510000228881836,5.730000019073486,386000.0
2022-06-14,5.949999809265137,6.170000076293945,5.25,5.320000171661377,265700.0
2022-06-15,5.380000114440918,5.489999771118164,5.0,5.260000228881836,230600.0
2022-06-16,5.050000190734863,5.150000095367432,4.809999942779541,5.139999866485596,270100.0
2022-06-17,5.28000020980835,5.349999904632568,4.849999904632568,4.960000038146973,324100.0
2022-06-21,5.199999809265137,5.300000190734863,4.949999809265137,5.059999942779541,284900.0
2022-06-22,4.769999980926514,5.050000190734863,4.690000057220459,4.78000020980835,192200.0
2022-06-23,4.800000190734863,4.920000076293945,4.210000038146973,4.25,346100.0
2022-06-24,4.300000190734863,4.449999809265137,4.190000057220459,4.260000228881836,227300.0
2022-06-27,4.340000152587891,4.699999809265137,4.190000057220459,4.679999828338623,340000.0
2022-06-28,4.679999828338623,4.940000057220459,4.53000020980835,4.71999979019165,228700.0
2022-06-29,4.769999980926514,4.869999885559082,4.429999828338623,4.599999904632568,232900.0
2022-06-30,4.5,4.539999961853027,4.230000019073486,4.329999923706055,181400.0
2022-07-01,4.380000114440918,4.519999980926514,4.110000133514404,4.449999809265137,122500.0
2022-07-05,4.400000095367432,4.510000228881836,3.880000114440918,4.050000190734863,255300.0
2022-07-06,4.039999961853027,4.159999847412109,3.7100000381469727,3.819999933242798,248000.0
2022-07-07,3.990000009536743,4.28000020980835,3.9000000953674316,4.119999885559082,203300.0
2022-07-08,4.199999809265137,4.269999980926514,4.039999961853027,4.260000228881836,142000.0
2022-07-11,4.079999923706055,4.199999809265137,3.9800000190734863,4.159999847412109,117300.0
2022-07-12,4.0,4.099999904632568,3.8499999046325684,3.940000057220459,175000.0
2022-07-13,3.859999895095825,4.050000190734863,3.809999942779541,3.880000114440918,121500.0
2022-07-14,3.7300000190734863,3.7899999618530273,3.640000104904175,3.7799999713897705,104600.0
2022-07-15,3.890000104904175,4.050000190734863,3.6600000858306885,3.9800000190734863,93800.0
2022-07-18,4.139999866485596,4.5,4.139999866485596,4.300000190734863,222400.0
2022-07-19,4.340000152587891,4.539999961853027,4.179999828338623,4.5,193500.0
2022-07-20,4.409999847412109,4.639999866485596,4.230000019073486,4.599999904632568,126200.0
2022-07-21,4.480000019073486,4.480000019073486,4.119999885559082,4.320000171661377,116400.0
2022-07-22,4.28000020980835,4.389999866485596,4.139999866485596,4.190000057220459,88700.0
2022-07-25,4.25,4.610000133514404,4.21999979019165,4.429999828338623,133600.0
2022-07-26,4.53000020980835,4.75,4.449999809265137,4.619999885559082,166400.0
2022-07-27,4.730000019073486,5.25,4.630000114440918,5.25,126900.0
2022-07-28,5.210000038146973,5.559999942779541,5.010000228881836,5.130000114440918,128400.0
2022-07-29,5.260000228881836,5.579999923706055,5.21999979019165,5.340000152587891,153200.0
2022-08-01,5.329999923706055,5.409999847412109,5.070000171661377,5.360000133514404,114900.0
2022-08-02,5.369999885559082,5.440000057220459,5.099999904632568,5.320000171661377,163100.0
2022-08-03,5.349999904632568,5.420000076293945,5.050000190734863,5.050000190734863,99400.0
2022-08-04,5.099999904632568,5.199999809265137,4.829999923706055,5.059999942779541,185800.0
2022-08-05,5.050000190734863,5.440000057220459,4.929999828338623,5.320000171661377,129100.0
2022-08-08,5.420000076293945,6.099999904632568,5.400000095367432,5.96999979019165,296700.0
2022-08-09,6.070000171661377,6.110000133514404,5.909999847412109,5.949999809265137,75100.0
2022-08-10,6.03000020980835,6.25,5.690000057220459,6.199999809265137,196100.0
2022-08-11,6.260000228881836,6.679999828338623,6.119999885559082,6.460000038146973,469200.0
2022-08-12,7.079999923706055,7.28000020980835,6.139999866485596,7.130000114440918,770700.0
2022-08-15,6.739999771118164,7.199999809265137,6.400000095367432,7.190000057220459,275600.0
2022-08-16,7.199999809265137,7.480000019073486,6.849999904632568,6.869999885559082,227000.0
2022-08-17,6.78000020980835,6.880000114440918,6.440000057220459,6.800000190734863,148000.0
2022-08-18,6.940000057220459,7.440000057220459,6.920000076293945,7.400000095367432,269800.0
2022-08-19,7.320000171661377,7.75,7.050000190734863,7.46999979019165,266300.0
2022-08-22,7.289999961853027,7.710000038146973,7.010000228881836,7.539999961853027,233000.0
2022-08-23,7.789999961853027,8.319999694824219,7.730000019073486,8.079999923706055,296200.0
2022-08-24,8.0,8.229999542236328,7.820000171661377,8.029999732971191,179700.0
2022-08-25,8.039999961853027,8.170000076293945,7.46999979019165,7.860000133514404,310800.0
2022-08-26,7.880000114440918,8.25,7.699999809265137,7.789999961853027,226300.0
2022-08-29,7.789999961853027,8.430000305175781,7.730000019073486,8.25,290300.0
2022-08-30,8.130000114440918,8.170000076293945,7.630000114440918,7.710000038146973,242900.0
2022-08-31,7.519999980926514,8.0600004196167,7.5,7.599999904632568,153100.0
2022-09-01,7.429999828338623,7.610000133514404,6.920000076293945,7.090000152587891,290400.0
2022-09-02,7.449999809265137,7.840000152587891,7.179999828338623,7.489999771118164,136000.0
2022-09-06,7.590000152587891,7.690000057220459,7.110000133514404,7.110000133514404,129600.0
2022-09-07,6.820000171661377,7.119999885559082,6.389999866485596,6.760000228881836,283900.0
2022-09-08,6.820000171661377,7.070000171661377,6.579999923706055,6.869999885559082,102300.0
2022-09-09,7.119999885559082,7.309999942779541,7.050000190734863,7.199999809265137,102000.0
2022-09-12,7.309999942779541,7.389999866485596,7.0,7.269999980926514,99700.0
2022-09-13,7.070000171661377,7.329999923706055,6.949999809265137,7.050000190734863,158800.0
2022-09-14,7.170000076293945,7.409999847412109,7.059999942779541,7.139999866485596,82200.0
2022-09-15,7.010000228881836,7.199999809265137,6.849999904632568,6.920000076293945,104500.0
2022-09-16,6.789999961853027,6.789999961853027,6.400000095367432,6.429999828338623,228200.0
2022-09-19,6.25,6.420000076293945,6.159999847412109,6.269999980926514,66000.0
2022-09-20,6.119999885559082,6.389999866485596,6.110000133514404,6.309999942779541,95200.0
2022-09-21,6.420000076293945,6.559999942779541,6.099999904632568,6.239999771118164,84400.0
2022-09-22,6.320000171661377,6.369999885559082,5.769999980926514,6.0,198700.0
2022-09-23,5.630000114440918,5.760000228881836,5.210000038146973,5.21999979019165,225000.0
2022-09-26,5.050000190734863,5.409999847412109,5.019999980926514,5.309999942779541,170300.0
2022-09-27,5.460000038146973,5.599999904632568,5.179999828338623,5.349999904632568,68800.0
2022-09-28,5.5,7.380000114440918,5.5,6.96999979019165,821700.0
2022-09-29,6.909999847412109,7.550000190734863,6.440000057220459,7.260000228881836,284200.0
2022-09-30,7.210000038146973,8.9399995803833,7.019999980926514,8.229999542236328,814200.0
2022-10-03,8.770000457763672,8.770000457763672,8.020000457763672,8.640000343322754,244900.0
2022-10-04,8.729999542236328,9.09000015258789,8.359999656677246,9.050000190734863,336700.0
2022-10-05,8.84000015258789,10.880000114440918,8.329999923706055,10.260000228881836,787500.0
2022-10-06,10.039999961853027,10.399999618530273,9.819999694824219,10.109999656677246,238000.0
2022-10-07,10.050000190734863,10.8100004196167,9.789999961853027,10.529999732971191,300400.0
2022-10-10,10.34000015258789,10.970000267028809,9.850000381469727,10.130000114440918,188000.0
2022-10-11,9.75,10.119999885559082,9.3100004196167,9.8100004196167,204500.0
2022-10-12,9.670000076293945,10.289999961853027,9.489999771118164,9.789999961853027,225900.0
2022-10-13,9.609999656677246,10.239999771118164,9.59000015258789,10.069999694824219,133300.0
2022-10-14,9.729999542236328,9.960000038146973,9.279999732971191,9.319999694824219,118300.0
2022-10-17,9.510000228881836,9.989999771118164,9.510000228881836,9.949999809265137,145100.0
2022-10-18,10.039999961853027,10.449999809265137,9.65999984741211,10.239999771118164,186700.0
2022-10-19,10.359999656677246,12.729999542236328,10.359999656677246,12.25,1209200.0
2022-10-20,12.40999984741211,12.430000305175781,11.760000228881836,12.069999694824219,435000.0
2022-10-21,12.25,13.1899995803833,11.579999923706055,12.819999694824219,593100.0
2022-10-24,12.9399995803833,13.75,12.569999694824219,12.850000381469727,321500.0
2022-10-25,12.8100004196167,13.800000190734863,12.399999618530273,13.720000267028809,296400.0
2022-10-26,13.899999618530273,15.0600004196167,13.8100004196167,14.520000457763672,375100.0
2022-10-27,14.770000457763672,15.050000190734863,13.6899995803833,14.220000267028809,332100.0
2022-10-28,14.210000038146973,14.680000305175781,13.529999732971191,14.170000076293945,314500.0
2022-10-31,14.380000114440918,15.819999694824219,13.65999984741211,15.390000343322754,407900.0
2022-11-01,15.960000038146973,16.200000762939453,14.949999809265137,15.220000267028809,270300.0
2022-11-02,15.520000457763672,16.270000457763672,14.75,15.260000228881836,365900.0
2022-11-03,15.3100004196167,15.800000190734863,14.029999732971191,14.800000190734863,654500.0
2022-11-04,15.550000190734863,15.75,14.390000343322754,14.539999961853027,316900.0
2022-11-07,14.579999923706055,15.850000381469727,14.579999923706055,15.729999542236328,369900.0
2022-11-08,15.859999656677246,17.469999313354492,15.600000381469727,17.010000228881836,589100.0
2022-11-09,16.5,16.940000534057617,15.140000343322754,15.460000038146973,522100.0
2022-11-10,16.5,16.5,14.550000190734863,16.100000381469727,461000.0
2022-11-11,16.8799991607666,18.6299991607666,16.790000915527344,17.420000076293945,648700.0
2022-11-14,17.489999771118164,18.15999984741211,16.479999542236328,16.479999542236328,345900.0
2022-11-15,16.600000381469727,17.149999618530273,16.3799991607666,17.020000457763672,175300.0
2022-11-16,16.959999084472656,16.959999084472656,15.779999732971191,15.84000015258789,272600.0
2022-11-17,15.649999618530273,16.65999984741211,15.369999885559082,16.65999984741211,260700.0
2022-11-18,16.329999923706055,16.670000076293945,15.630000114440918,16.43000030517578,237600.0
2022-11-21,16.709999084472656,16.709999084472656,14.640000343322754,16.020000457763672,365900.0
2022-11-22,16.079999923706055,16.610000610351562,16.049999237060547,16.049999237060547,180300.0
2022-11-23,15.729999542236328,16.15999984741211,15.380000114440918,15.670000076293945,154700.0
2022-11-25,15.800000190734863,16.030000686645508,15.0,15.4399995803833,467900.0
2022-11-28,14.75,15.699999809265137,14.5,14.720000267028809,341400.0
2022-11-29,15.09000015258789,15.34000015258789,14.770000457763672,15.0600004196167,207600.0
2022-11-30,15.3100004196167,16.1299991607666,14.979999542236328,15.779999732971191,250700.0
2022-12-01,16.139999389648438,16.700000762939453,15.859999656677246,15.960000038146973,240400.0
2022-12-02,15.9399995803833,16.360000610351562,15.59000015258789,15.670000076293945,135100.0
2022-12-05,16.0,16.049999237060547,14.520000457763672,14.899999618530273,241300.0
2022-12-06,14.6899995803833,15.029999732971191,14.170000076293945,14.270000457763672,105100.0
2022-12-07,14.300000190734863,14.600000381469727,12.760000228881836,13.0,476400.0
2022-12-08,13.300000190734863,13.630000114440918,12.59000015258789,12.930000305175781,197500.0
2022-12-09,12.789999961853027,13.380000114440918,12.510000228881836,12.949999809265137,165900.0
2022-12-12,12.850000381469727,13.9399995803833,12.850000381469727,13.6899995803833,175500.0
2022-12-13,13.930000305175781,14.449999809265137,13.470000267028809,13.90999984741211,139900.0
2022-12-14,13.920000076293945,14.829999923706055,13.649999618530273,14.539999961853027,139300.0
2022-12-15,14.399999618530273,14.779999732971191,13.699999809265137,14.670000076293945,113900.0
2022-12-16,14.199999809265137,14.899999618530273,14.050000190734863,14.510000228881836,143700.0
2022-12-19,14.619999885559082,14.84000015258789,14.15999984741211,14.460000038146973,86500.0
2022-12-20,14.40999984741211,15.550000190734863,14.399999618530273,14.630000114440918,203600.0
2022-12-21,15.020000457763672,15.859999656677246,14.880000114440918,15.739999771118164,156400.0
2022-12-22,15.930000305175781,15.930000305175781,14.670000076293945,15.25,251000.0
2022-12-23,15.579999923706055,16.700000762939453,15.449999809265137,16.700000762939453,176800.0
2022-12-27,16.850000381469727,17.469999313354492,16.0,16.219999313354492,523900.0
2022-12-28,16.25,16.81999969482422,15.300000190734863,16.149999618530273,291200.0
2022-12-29,15.930000305175781,17.020000457763672,15.930000305175781,16.920000076293945,191000.0
2022-12-30,16.8700008392334,17.489999771118164,16.719999313354492,17.309999465942383,154600.0
2023-01-03,17.450000762939453,18.200000762939453,14.550000190734863,15.260000228881836,569400.0
2023-01-04,14.399999618530273,15.260000228881836,14.130000114440918,14.279999732971191,289500.0
2023-01-05,14.220000267028809,14.75,13.65999984741211,14.5600004196167,142900.0
2023-01-06,14.8100004196167,15.619999885559082,14.579999923706055,14.670000076293945,145200.0
2023-01-09,15.109999656677246,15.640000343322754,14.930000305175781,15.039999961853027,133600.0
2023-01-10,14.979999542236328,15.420000076293945,14.729999542236328,15.010000228881836,111800.0
2023-01-11,15.260000228881836,15.609999656677246,14.960000038146973,15.329999923706055,93900.0
2023-01-12,15.5600004196167,17.190000534057617,15.510000228881836,16.389999389648438,496700.0
2023-01-13,16.59000015258789,16.770000457763672,15.699999809265137,16.09000015258789,184100.0
2023-01-17,16.079999923706055,16.25,15.0,15.630000114440918,251800.0
2023-01-18,15.640000343322754,16.170000076293945,14.029999732971191,14.359999656677246,345900.0
2023-01-19,14.130000114440918,14.199999809265137,13.579999923706055,14.069999694824219,330500.0
2023-01-20,14.050000190734863,15.15999984741211,13.800000190734863,15.0,198800.0
2023-01-23,15.09000015258789,15.739999771118164,15.0,15.020000457763672,148300.0
2023-01-24,15.0,15.029999732971191,14.460000038146973,15.0,149700.0
2023-01-25,14.819999694824219,15.619999885559082,14.520000457763672,15.489999771118164,117500.0
2023-01-26,15.600000381469727,15.699999809265137,14.949999809265137,15.5,158400.0
2023-01-27,15.600000381469727,16.360000610351562,15.319999694824219,15.34000015258789,198300.0
2023-01-30,15.25,15.350000381469727,14.579999923706055,14.789999961853027,150900.0
2023-01-31,14.729999542236328,15.270000457763672,14.520000457763672,14.779999732971191,119700.0
2023-02-01,14.779999732971191,14.779999732971191,13.9399995803833,14.270000457763672,232600.0
2023-02-02,14.149999618530273,14.300000190734863,13.569999694824219,13.949999809265137,215800.0
2023-02-03,13.84000015258789,14.989999771118164,13.84000015258789,13.84000015258789,105100.0
2023-02-06,13.850000381469727,13.890000343322754,12.710000038146973,13.140000343322754,241200.0
2023-02-07,13.180000305175781,13.630000114440918,12.710000038146973,13.0,176700.0
2023-02-08,13.210000038146973,13.350000381469727,12.369999885559082,12.470000267028809,247200.0
2023-02-09,12.470000267028809,12.470000267028809,11.4399995803833,11.890000343322754,537600.0
2023-02-10,11.970000267028809,14.050000190734863,11.859999656677246,13.890000343322754,383600.0
2023-02-13,13.729999542236328,14.600000381469727,13.289999961853027,14.100000381469727,124000.0
2023-02-14,14.0,14.489999771118164,13.670000076293945,14.1899995803833,58000.0
2023-02-15,13.930000305175781,13.930000305175781,13.300000190734863,13.619999885559082,144200.0
2023-02-16,13.470000267028809,13.699999809265137,13.140000343322754,13.199999809265137,198400.0
2023-02-17,12.960000038146973,13.15999984741211,12.369999885559082,12.699999809265137,290800.0
2023-02-21,12.789999961853027,13.289999961853027,12.210000038146973,12.319999694824219,219400.0
2023-02-22,12.270000457763672,12.319999694824219,11.600000381469727,11.850000381469727,261000.0
2023-02-23,12.170000076293945,12.489999771118164,11.710000038146973,12.239999771118164,227400.0
2023-02-24,11.979999542236328,12.710000038146973,11.84000015258789,12.630000114440918,108800.0
2023-02-27,12.729999542236328,12.989999771118164,12.600000381469727,12.739999771118164,66600.0
2023-02-28,12.949999809265137,13.149999618530273,12.770000457763672,12.789999961853027,60000.0
2023-03-01,12.789999961853027,13.579999923706055,12.6899995803833,13.470000267028809,94400.0
2023-03-02,13.460000038146973,13.9399995803833,13.010000228881836,13.699999809265137,83000.0
2023-03-03,13.529999732971191,14.5,13.289999961853027,14.460000038146973,78600.0
2023-03-06,14.479999542236328,14.529999732971191,14.050000190734863,14.270000457763672,124000.0
2023-03-07,14.270000457763672,14.350000381469727,13.850000381469727,14.140000343322754,72400.0
2023-03-08,14.020000457763672,14.270000457763672,13.210000038146973,13.569999694824219,110700.0
2023-03-09,15.239999771118164,17.0,14.789999961853027,15.210000038146973,536900.0
2023-03-10,15.289999961853027,15.619999885559082,14.0,14.380000114440918,355600.0
2023-03-13,13.479999542236328,14.109999656677246,12.989999771118164,13.199999809265137,256200.0
2023-03-14,13.229999542236328,14.25,12.90999984741211,13.40999984741211,173800.0
2023-03-15,12.789999961853027,12.90999984741211,11.520000457763672,12.399999618530273,325600.0
2023-03-16,12.140000343322754,12.65999984741211,11.930000305175781,12.619999885559082,175100.0
2023-03-17,12.399999618530273,12.529999732971191,11.960000038146973,12.069999694824219,177600.0
2023-03-20,12.020000457763672,12.640000343322754,11.880000114440918,11.90999984741211,118300.0
2023-03-21,12.050000190734863,12.569999694824219,11.979999542236328,12.319999694824219,92700.0
2023-03-22,12.399999618530273,12.609999656677246,11.960000038146973,12.0,120200.0
2023-03-23,12.100000381469727,12.470000267028809,11.390000343322754,11.59000015258789,119300.0
2023-03-24,11.300000190734863,11.449999809265137,10.720000267028809,10.90999984741211,238200.0
2023-03-27,11.170000076293945,12.100000381469727,11.020000457763672,11.899999618530273,315800.0
2023-03-28,11.920000076293945,12.25,11.569999694824219,11.699999809265137,142000.0
2023-03-29,11.789999961853027,12.079999923706055,11.539999961853027,11.720000267028809,107800.0
2023-03-30,11.829999923706055,11.84000015258789,11.210000038146973,11.329999923706055,132600.0
2023-03-31,11.359999656677246,11.880000114440918,11.329999923706055,11.649999618530273,75200.0
2023-04-03,12.470000267028809,13.430000305175781,12.300000190734863,13.329999923706055,431900.0
2023-04-04,13.210000038146973,13.319999694824219,12.0,12.470000267028809,206700.0
2023-04-05,12.4399995803833,12.649999618530273,12.149999618530273,12.350000381469727,87000.0
2023-04-06,12.390000343322754,12.390000343322754,11.920000076293945,12.010000228881836,89400.0
2023-04-10,11.949999809265137,12.550000190734863,11.899999618530273,12.229999542236328,76200.0
2023-04-11,12.289999961853027,12.399999618530273,11.720000267028809,11.779999732971191,201800.0
2023-04-12,12.020000457763672,12.09000015258789,11.149999618530273,11.470000267028809,215100.0
2023-04-13,11.470000267028809,11.699999809265137,11.350000381469727,11.479999542236328,64000.0
2023-04-14,11.510000228881836,11.600000381469727,11.100000381469727,11.380000114440918,73400.0
2023-04-17,11.449999809265137,11.5,10.720000267028809,10.770000457763672,339100.0
2023-04-18,10.720000267028809,10.819999694824219,10.34000015258789,10.699999809265137,131900.0
2023-04-19,10.680000305175781,10.869999885559082,10.470000267028809,10.869999885559082,110600.0
2023-04-20,10.880000114440918,10.880000114440918,10.239999771118164,10.239999771118164,159100.0
2023-04-21,10.270000457763672,10.270000457763672,9.90999984741211,10.050000190734863,198200.0
2023-04-24,9.949999809265137,10.529999732971191,9.9399995803833,10.489999771118164,185600.0
2023-04-25,10.359999656677246,10.359999656677246,9.640000343322754,9.699999809265137,225800.0
2023-04-26,9.699999809265137,9.869999885559082,9.350000381469727,9.550000190734863,147400.0
2023-04-27,9.640000343322754,9.65999984741211,9.199999809265137,9.399999618530273,163000.0
2023-04-28,9.420000076293945,10.050000190734863,9.399999618530273,9.970000267028809,172100.0
2023-05-01,9.850000381469727,9.949999809265137,9.40999984741211,9.779999732971191,126900.0
2023-05-02,9.670000076293945,9.670000076293945,8.899999618530273,8.979999542236328,242700.0
2023-05-03,8.829999923706055,8.920000076293945,8.529999732971191,8.529999732971191,171500.0
2023-05-04,8.579999923706055,9.300000190734863,8.520000457763672,9.170000076293945,224600.0
2023-05-05,9.970000267028809,10.0600004196167,9.460000038146973,9.59000015258789,185800.0
2023-05-08,9.9399995803833,10.640000343322754,9.75,10.289999961853027,280700.0
2023-05-09,10.109999656677246,10.289999961853027,9.4399995803833,9.600000381469727,300900.0
2023-05-10,9.6899995803833,9.6899995803833,8.899999618530273,8.920000076293945,385000.0
2023-05-11,10.609999656677246,11.5,10.130000114440918,10.75,796700.0
2023-05-12,10.680000305175781,11.149999618530273,10.680000305175781,11.039999961853027,288200.0
2023-05-15,11.0600004196167,11.100000381469727,10.359999656677246,10.420000076293945,250400.0
2023-05-16,10.420000076293945,10.420000076293945,9.729999542236328,9.859999656677246,240000.0
2023-05-17,9.949999809265137,10.220000267028809,9.84000015258789,10.010000228881836,242900.0
2023-05-18,9.979999542236328,10.180000305175781,9.710000038146973,10.130000114440918,218200.0
2023-05-19,10.119999885559082,10.199999809265137,9.819999694824219,9.930000305175781,162000.0
2023-05-22,9.890000343322754,10.140000343322754,9.829999923706055,10.0,164300.0
2023-05-23,10.100000381469727,10.539999961853027,9.899999618530273,9.9399995803833,129100.0
2023-05-24,10.0,10.100000381469727,9.300000190734863,9.510000228881836,223900.0
2023-05-25,9.4399995803833,9.4399995803833,8.869999885559082,8.920000076293945,156800.0
2023-05-26,8.899999618530273,9.1899995803833,8.609999656677246,8.770000457763672,113700.0
2023-05-30,8.579999923706055,8.640000343322754,8.029999732971191,8.130000114440918,204900.0
2023-05-31,8.020000457763672,8.079999923706055,7.71999979019165,7.940000057220459,181500.0
2023-06-01,7.940000057220459,8.260000228881836,7.699999809265137,8.079999923706055,348800.0
2023-06-02,8.279999732971191,9.119999885559082,8.279999732971191,9.09000015258789,256000.0
2023-06-05,9.40999984741211,9.699999809265137,8.789999961853027,8.859999656677246,233000.0
2023-06-06,8.600000381469727,9.210000038146973,8.550000190734863,8.869999885559082,132300.0
2023-06-07,8.90999984741211,9.279999732971191,8.729999542236328,9.210000038146973,223000.0
2023-06-08,9.100000381469727,9.479999542236328,8.899999618530273,9.050000190734863,164400.0
2023-06-09,8.960000038146973,9.199999809265137,8.869999885559082,9.130000114440918,140700.0
2023-06-12,9.0,9.220000267028809,8.239999771118164,8.329999923706055,471400.0
2023-06-13,8.3100004196167,9.640000343322754,8.3100004196167,9.170000076293945,399000.0
2023-06-14,9.289999961853027,9.359999656677246,8.970000267028809,9.09000015258789,178700.0
2023-06-15,9.050000190734863,9.550000190734863,9.050000190734863,9.359999656677246,125400.0
2023-06-16,9.420000076293945,9.430000305175781,9.039999961853027,9.039999961853027,228100.0
2023-06-20,8.84000015258789,8.930000305175781,8.619999885559082,8.859999656677246,255800.0
2023-06-21,8.850000381469727,9.649999618530273,8.720000267028809,9.569999694824219,341000.0
2023-06-22,9.3100004196167,9.489999771118164,9.0,9.020000457763672,130000.0
2023-06-23,8.800000190734863,9.170000076293945,8.600000381469727,9.010000228881836,1826900.0
2023-06-26,8.920000076293945,9.239999771118164,8.649999618530273,9.010000228881836,216900.0
2023-06-27,8.890000343322754,9.109999656677246,8.75,8.899999618530273,137500.0
2023-06-28,8.9399995803833,9.010000228881836,8.5,8.989999771118164,138000.0
2023-06-29,8.970000267028809,9.550000190734863,8.75,9.489999771118164,204200.0
2023-06-30,9.539999961853027,9.899999618530273,9.359999656677246,9.729999542236328,154000.0
2023-07-03,9.75,9.930000305175781,9.510000228881836,9.819999694824219,70300.0
2023-07-05,9.800000190734863,9.84000015258789,9.430000305175781,9.489999771118164,117100.0
2023-07-06,9.380000114440918,9.380000114440918,8.600000381469727,8.930000305175781,255900.0
2023-07-07,8.960000038146973,10.329999923706055,8.960000038146973,10.239999771118164,373000.0
2023-07-10,10.199999809265137,10.430000305175781,9.9399995803833,10.229999542236328,160400.0
2023-07-11,10.270000457763672,11.520000457763672,10.270000457763672,11.25,232400.0
2023-07-12,11.350000381469727,11.729999542236328,11.010000228881836,11.300000190734863,215800.0
2023-07-13,11.369999885559082,11.850000381469727,11.149999618530273,11.5,198600.0
2023-07-14,11.520000457763672,11.520000457763672,10.5,10.630000114440918,215600.0
2023-07-17,10.579999923706055,10.979999542236328,10.5,10.699999809265137,193000.0
2023-07-18,10.729999542236328,11.4399995803833,10.699999809265137,10.9399995803833,158700.0
2023-07-19,10.850000381469727,11.289999961853027,10.760000228881836,11.119999885559082,194000.0
2023-07-20,11.229999542236328,11.449999809265137,11.039999961853027,11.430000305175781,91800.0
2023-07-21,11.479999542236328,11.600000381469727,11.1899995803833,11.510000228881836,103900.0
2023-07-24,11.489999771118164,12.069999694824219,11.390000343322754,11.729999542236328,204800.0
2023-07-25,11.640000343322754,11.770000457763672,11.180000305175781,11.220000267028809,135900.0
2023-07-26,11.170000076293945,11.34000015258789,11.050000190734863,11.09000015258789,66900.0
2023-07-27,11.140000343322754,11.539999961853027,11.050000190734863,11.319999694824219,162300.0
2023-07-28,11.3100004196167,11.600000381469727,11.170000076293945,11.34000015258789,72100.0
2023-07-31,11.350000381469727,11.800000190734863,11.270000457763672,11.729999542236328,91000.0
2023-08-01,11.569999694824219,11.619999885559082,11.270000457763672,11.550000190734863,143000.0
2023-08-02,11.4399995803833,11.4399995803833,10.59000015258789,10.890000343322754,169900.0
2023-08-03,10.880000114440918,11.239999771118164,10.760000228881836,10.979999542236328,85500.0
2023-08-04,10.979999542236328,11.579999923706055,10.960000038146973,11.119999885559082,219400.0
2023-08-07,11.100000381469727,11.34000015258789,10.619999885559082,11.0600004196167,138600.0
2023-08-08,10.829999923706055,11.640000343322754,10.569999694824219,11.520000457763672,165700.0
2023-08-09,11.729999542236328,12.199999809265137,11.5600004196167,11.880000114440918,247600.0
2023-08-10,11.34000015258789,13.420000076293945,10.859999656677246,12.380000114440918,550300.0
2023-08-11,12.069999694824219,12.460000038146973,11.470000267028809,11.619999885559082,267600.0
2023-08-14,11.609999656677246,11.949999809265137,11.460000038146973,11.779999732971191,225100.0
2023-08-15,11.640000343322754,11.760000228881836,11.15999984741211,11.279999732971191,248600.0
2023-08-16,11.149999618530273,11.420000076293945,10.529999732971191,10.5600004196167,258200.0
2023-08-17,10.720000267028809,11.0600004196167,10.550000190734863,10.59000015258789,170200.0
2023-08-18,10.479999542236328,10.75,10.420000076293945,10.609999656677246,151200.0
2023-08-21,10.649999618530273,10.800000190734863,10.470000267028809,10.630000114440918,75800.0
2023-08-22,10.680000305175781,10.850000381469727,10.630000114440918,10.65999984741211,80700.0
2023-08-23,10.5,10.630000114440918,10.149999618530273,10.550000190734863,109600.0
2023-08-24,10.470000267028809,10.470000267028809,9.829999923706055,9.869999885559082,258100.0
2023-08-25,9.960000038146973,10.479999542236328,9.770000457763672,10.350000381469727,218500.0
2023-08-28,10.329999923706055,10.649999618530273,10.180000305175781,10.270000457763672,106100.0
2023-08-29,10.279999732971191,10.430000305175781,10.140000343322754,10.369999885559082,89400.0
2023-08-30,10.479999542236328,10.539999961853027,10.170000076293945,10.279999732971191,138500.0
2023-08-31,10.34000015258789,10.779999732971191,10.289999961853027,10.40999984741211,125700.0
2023-09-01,10.539999961853027,11.640000343322754,10.430000305175781,11.609999656677246,373500.0
2023-09-05,11.739999771118164,12.119999885559082,11.600000381469727,11.680000305175781,188300.0
2023-09-06,11.649999618530273,11.90999984741211,11.279999732971191,11.600000381469727,142000.0
2023-09-07,11.5,11.739999771118164,11.260000228881836,11.579999923706055,216200.0
2023-09-08,11.600000381469727,12.140000343322754,11.510000228881836,11.640000343322754,189400.0
2023-09-11,11.699999809265137,11.989999771118164,11.539999961853027,11.649999618530273,143100.0
2023-09-12,11.729999542236328,12.319999694824219,11.6899995803833,12.25,225200.0
2023-09-13,12.210000038146973,12.210000038146973,11.520000457763672,11.65999984741211,229100.0
2023-09-14,11.899999618530273,12.050000190734863,11.829999923706055,12.0,91900.0
2023-09-15,11.979999542236328,11.979999542236328,11.5,11.609999656677246,201900.0
2023-09-18,11.75,11.930000305175781,11.579999923706055,11.720000267028809,91300.0
2023-09-19,11.819999694824219,11.899999618530273,11.3100004196167,11.40999984741211,98400.0
2023-09-20,11.319999694824219,11.550000190734863,11.0600004196167,11.09000015258789,88600.0
2023-09-21,11.140000343322754,11.140000343322754,10.720000267028809,10.899999618530273,75000.0
2023-09-22,11.039999961853027,11.260000228881836,10.800000190734863,10.869999885559082,81800.0
2023-09-25,10.84000015258789,11.1899995803833,10.65999984741211,11.069999694824219,83700.0
2023-09-26,11.0,11.210000038146973,10.84000015258789,11.079999923706055,126000.0
2023-09-27,11.3100004196167,12.5600004196167,11.260000228881836,12.3100004196167,257700.0
2023-09-28,12.239999771118164,12.430000305175781,11.960000038146973,12.239999771118164,128200.0
2023-09-29,12.270000457763672,12.270000457763672,11.670000076293945,11.850000381469727,91200.0
2023-10-02,11.800000190734863,11.859999656677246,10.5600004196167,10.649999618530273,178900.0
2023-10-03,10.510000228881836,10.65999984741211,10.0,10.15999984741211,229900.0
2023-10-04,9.930000305175781,9.9399995803833,9.15999984741211,9.479999542236328,329800.0
2023-10-05,9.420000076293945,9.539999961853027,9.020000457763672,9.359999656677246,257700.0
2023-10-06,9.300000190734863,9.859999656677246,9.180000305175781,9.510000228881836,169800.0
2023-10-09,9.90999984741211,10.479999542236328,9.760000228881836,10.270000457763672,203100.0
2023-10-10,10.34000015258789,10.579999923706055,10.25,10.34000015258789,108100.0
2023-10-11,10.260000228881836,10.430000305175781,10.029999732971191,10.289999961853027,77100.0
2023-10-12,10.449999809265137,10.449999809265137,9.84000015258789,10.029999732971191,149000.0
2023-10-13,10.319999694824219,11.0600004196167,10.3100004196167,10.729999542236328,243800.0
2023-10-16,10.789999961853027,10.789999961853027,10.449999809265137,10.520000457763672,112200.0
2023-10-17,10.529999732971191,11.140000343322754,10.529999732971191,10.859999656677246,116200.0
2023-10-18,10.989999771118164,11.020000457763672,10.649999618530273,10.720000267028809,77500.0
2023-10-19,10.600000381469727,10.850000381469727,10.369999885559082,10.699999809265137,71000.0
2023-10-20,10.739999771118164,10.739999771118164,10.350000381469727,10.579999923706055,94500.0
2023-10-23,10.4399995803833,10.550000190734863,10.15999984741211,10.399999618530273,79100.0
2023-10-24,10.4399995803833,10.640000343322754,10.300000190734863,10.350000381469727,66900.0
2023-10-25,10.300000190734863,10.390000343322754,9.75,10.329999923706055,96100.0
2023-10-26,10.239999771118164,10.550000190734863,10.0600004196167,10.399999618530273,94200.0
2023-10-27,10.4399995803833,10.449999809265137,10.09000015258789,10.210000038146973,84300.0
2023-10-30,10.210000038146973,10.460000038146973,9.930000305175781,10.319999694824219,116600.0
2023-10-31,10.399999618530273,10.630000114440918,10.149999618530273,10.279999732971191,111200.0
2023-11-01,10.300000190734863,10.329999923706055,9.930000305175781,10.109999656677246,92500.0
2023-11-02,10.220000267028809,10.489999771118164,10.029999732971191,10.460000038146973,180000.0
2023-11-03,10.59000015258789,10.779999732971191,10.100000381469727,10.449999809265137,114000.0
2023-11-06,10.479999542236328,10.479999542236328,9.850000381469727,9.850000381469727,177900.0
2023-11-07,9.710000038146973,10.359999656677246,8.850000381469727,9.760000228881836,314400.0
2023-11-08,9.75,10.15999984741211,9.600000381469727,9.649999618530273,151600.0
2023-11-09,9.8100004196167,9.899999618530273,9.529999732971191,9.8100004196167,185100.0
2023-11-10,9.979999542236328,10.020000457763672,9.75,9.8100004196167,167800.0
2023-11-13,9.770000457763672,9.770000457763672,9.270000457763672,9.4399995803833,183100.0
2023-11-14,9.539999961853027,9.829999923706055,9.430000305175781,9.789999961853027,124900.0
2023-11-15,9.800000190734863,10.130000114440918,9.5,9.539999961853027,144200.0
2023-11-16,9.479999542236328,9.479999542236328,8.770000457763672,9.029999732971191,243900.0
2023-11-17,9.180000305175781,9.720000267028809,9.140000343322754,9.420000076293945,155500.0
2023-11-20,9.579999923706055,10.050000190734863,9.510000228881836,9.829999923706055,162600.0
2023-11-21,9.8100004196167,9.890000343322754,9.420000076293945,9.449999809265137,90800.0
2023-11-22,9.300000190734863,9.699999809265137,9.149999618530273,9.619999885559082,106800.0
2023-11-24,9.600000381469727,9.930000305175781,9.600000381469727,9.90999984741211,56500.0
2023-11-27,9.949999809265137,10.100000381469727,9.649999618530273,9.880000114440918,101500.0
2023-11-28,9.960000038146973,9.960000038146973,9.460000038146973,9.470000267028809,78600.0
2023-11-29,9.569999694824219,9.65999984741211,9.3100004196167,9.460000038146973,54000.0
2023-11-30,9.5600004196167,9.850000381469727,9.319999694824219,9.5,55600.0
2023-12-01,9.539999961853027,9.989999771118164,9.390000343322754,9.670000076293945,117300.0
2023-12-04,9.5600004196167,9.779999732971191,9.460000038146973,9.75,104900.0
2023-12-05,9.710000038146973,10.15999984741211,9.600000381469727,9.800000190734863,134700.0
2023-12-06,9.65999984741211,9.880000114440918,9.130000114440918,9.15999984741211,129000.0
2023-12-07,9.149999618530273,9.390000343322754,9.010000228881836,9.319999694824219,82600.0
2023-12-08,9.390000343322754,9.5,9.239999771118164,9.380000114440918,110700.0
2023-12-11,9.380000114440918,9.529999732971191,9.199999809265137,9.3100004196167,60400.0
2023-12-12,9.100000381469727,9.170000076293945,8.899999618530273,9.039999961853027,105000.0
2023-12-13,9.020000457763672,9.670000076293945,8.949999809265137,9.640000343322754,136600.0
2023-12-14,9.920000076293945,10.489999771118164,9.899999618530273,10.210000038146973,158700.0
2023-12-15,10.3100004196167,10.369999885559082,10.010000228881836,10.229999542236328,147000.0
2023-12-18,10.5,10.770000457763672,10.34000015258789,10.470000267028809,92800.0
2023-12-19,10.489999771118164,11.09000015258789,10.119999885559082,11.069999694824219,172900.0
2023-12-20,11.140000343322754,11.75,10.970000267028809,11.050000190734863,125500.0
2023-12-21,11.079999923706055,11.210000038146973,10.829999923706055,11.140000343322754,80300.0
2023-12-22,11.319999694824219,11.609999656677246,10.800000190734863,11.15999984741211,133700.0
2023-12-26,11.420000076293945,11.970000267028809,11.329999923706055,11.880000114440918,195900.0
2023-12-27,11.880000114440918,12.130000114440918,11.380000114440918,11.850000381469727,142200.0
2023-12-28,11.720000267028809,11.84000015258789,11.479999542236328,11.510000228881836,75400.0
2023-12-29,11.489999771118164,11.600000381469727,11.170000076293945,11.260000228881836,70600.0
2024-01-02,11.34000015258789,11.619999885559082,11.029999732971191,11.09000015258789,93700.0
2024-01-03,11.09000015258789,11.390000343322754,10.869999885559082,11.140000343322754,77300.0
2024-01-04,11.279999732971191,11.34000015258789,10.770000457763672,10.819999694824219,75400.0
2024-01-05,10.84000015258789,11.4399995803833,10.760000228881836,11.279999732971191,166300.0
2024-01-08,11.050000190734863,11.149999618530273,10.630000114440918,11.0600004196167,88600.0
2024-01-09,11.0600004196167,11.0600004196167,10.670000076293945,10.770000457763672,75700.0
2024-01-10,10.779999732971191,10.859999656677246,10.199999809265137,10.430000305175781,128000.0
2024-01-11,10.470000267028809,10.470000267028809,10.1899995803833,10.319999694824219,90000.0
2024-01-12,10.670000076293945,10.680000305175781,10.25,10.3100004196167,126600.0
2024-01-16,10.199999809265137,10.279999732971191,9.859999656677246,9.920000076293945,111600.0
2024-01-17,9.699999809265137,9.970000267028809,9.640000343322754,9.819999694824219,92700.0
2024-01-18,9.890000343322754,9.989999771118164,9.649999618530273,9.880000114440918,70400.0
2024-01-19,9.930000305175781,10.010000228881836,9.65999984741211,9.90999984741211,68600.0
2024-01-22,9.90999984741211,10.100000381469727,9.890000343322754,10.029999732971191,83100.0
2024-01-23,10.039999961853027,10.289999961853027,9.899999618530273,9.960000038146973,109900.0
2024-01-24,10.100000381469727,10.1899995803833,9.850000381469727,9.960000038146973,91000.0
2024-01-25,10.199999809265137,10.25,9.899999618530273,10.100000381469727,156100.0
2024-01-26,10.15999984741211,10.579999923706055,10.029999732971191,10.199999809265137,71100.0
2024-01-29,10.170000076293945,10.260000228881836,9.819999694824219,10.239999771118164,48300.0
2024-01-30,10.020000457763672,10.300000190734863,9.9399995803833,10.210000038146973,147300.0
2024-01-31,10.199999809265137,10.229999542236328,9.710000038146973,9.720000267028809,76600.0
2024-02-01,9.729999542236328,9.899999618530273,9.399999618530273,9.760000228881836,120600.0
2024-02-02,9.5600004196167,9.5600004196167,9.050000190734863,9.15999984741211,159600.0
2024-02-05,9.029999732971191,9.0600004196167,8.75,8.760000228881836,219200.0
2024-02-06,8.770000457763672,9.130000114440918,8.729999542236328,8.970000267028809,133800.0
2024-02-07,9.0,9.0,8.710000038146973,8.779999732971191,99500.0
2024-02-08,8.819999694824219,9.109999656677246,8.75,8.949999809265137,93800.0
2024-02-09,9.020000457763672,9.130000114440918,8.920000076293945,9.039999961853027,126200.0
2024-02-12,9.100000381469727,9.420000076293945,9.100000381469727,9.260000228881836,92500.0
2024-02-13,9.140000343322754,9.140000343322754,8.609999656677246,8.699999809265137,134900.0
2024-02-14,8.729999542236328,8.869999885559082,8.479999542236328,8.729999542236328,104000.0
2024-02-15,8.779999732971191,9.489999771118164,8.779999732971191,9.489999771118164,108800.0
2024-02-16,9.4399995803833,9.800000190734863,9.239999771118164,9.569999694824219,70300.0
2024-02-20,9.479999542236328,9.479999542236328,9.130000114440918,9.239999771118164,56400.0
2024-02-21,9.1899995803833,9.420000076293945,8.960000038146973,9.0,96700.0
2024-02-22,9.0,9.170000076293945,8.760000228881836,8.90999984741211,89300.0
2024-02-23,8.829999923706055,9.140000343322754,8.729999542236328,9.09000015258789,73300.0
2024-02-26,8.850000381469727,8.899999618530273,7.679999828338623,8.130000114440918,754000.0
2024-02-27,8.180000305175781,8.779999732971191,8.0,8.539999961853027,203700.0
2024-02-28,8.489999771118164,8.770000457763672,8.020000457763672,8.069999694824219,163200.0
2024-02-29,8.220000267028809,8.319999694824219,8.010000228881836,8.119999885559082,194100.0
2024-03-01,8.229999542236328,8.600000381469727,8.220000267028809,8.279999732971191,110200.0
2024-03-04,8.210000038146973,8.34000015258789,7.800000190734863,7.829999923706055,398200.0
2024-03-05,7.769999980926514,7.889999866485596,7.610000133514404,7.639999866485596,232000.0
2024-03-06,7.829999923706055,8.199999809265137,7.659999847412109,7.710000038146973,248900.0
2024-03-07,7.570000171661377,8.0,7.489999771118164,7.510000228881836,312000.0
2024-03-08,7.579999923706055,7.639999866485596,7.329999923706055,7.389999866485596,245800.0
2024-03-11,7.309999942779541,7.389999866485596,7.150000095367432,7.360000133514404,267100.0
2024-03-12,7.320000171661377,7.380000114440918,7.079999923706055,7.25,320000.0
2024-03-13,7.28000020980835,7.570000171661377,7.130000114440918,7.170000076293945,188400.0
2024-03-14,7.199999809265137,7.289999961853027,6.909999847412109,7.050000190734863,273200.0
2024-03-15,6.989999771118164,7.380000114440918,6.929999828338623,7.329999923706055,421600.0
2024-03-18,7.349999904632568,7.449999809265137,7.070000171661377,7.340000152587891,166700.0
2024-03-19,7.269999980926514,7.809999942779541,7.25,7.730000019073486,288500.0
2024-03-20,7.639999866485596,7.769999980926514,7.449999809265137,7.71999979019165,164900.0
2024-03-21,7.670000076293945,7.909999847412109,7.639999866485596,7.659999847412109,292200.0
2024-03-22,7.71999979019165,7.71999979019165,7.260000228881836,7.269999980926514,225400.0
2024-03-25,7.269999980926514,7.489999771118164,7.21999979019165,7.28000020980835,126900.0
2024-03-26,7.300000190734863,7.369999885559082,7.019999980926514,7.050000190734863,222400.0
2024-03-27,7.070000171661377,7.320000171661377,7.059999942779541,7.289999961853027,208700.0
2024-03-28,7.349999904632568,7.789999961853027,7.349999904632568,7.739999771118164,409800.0
2024-04-01,7.769999980926514,7.789999961853027,7.489999771118164,7.599999904632568,338900.0
2024-04-02,7.570000171661377,7.860000133514404,7.46999979019165,7.690000057220459,174400.0
2024-04-03,7.690000057220459,8.0,7.590000152587891,7.980000019073486,150800.0
2024-04-04,7.980000019073486,7.980000019073486,7.429999828338623,7.46999979019165,228800.0
2024-04-05,7.46999979019165,7.710000038146973,7.360000133514404,7.610000133514404,141700.0
2024-04-08,7.699999809265137,8.130000114440918,7.579999923706055,7.78000020980835,232500.0
2024-04-09,7.860000133514404,7.889999866485596,7.619999885559082,7.670000076293945,193200.0
2024-04-10,7.539999961853027,7.809999942779541,7.389999866485596,7.769999980926514,189900.0
2024-04-11,7.849999904632568,7.849999904632568,7.519999980926514,7.590000152587891,136900.0
2024-04-12,7.610000133514404,8.100000381469727,7.539999961853027,7.610000133514404,197000.0
2024-04-15,7.610000133514404,7.920000076293945,7.409999847412109,7.610000133514404,386700.0
2024-04-16,7.610000133514404,7.610000133514404,7.130000114440918,7.329999923706055,328300.0
2024-04-17,7.309999942779541,7.5,6.929999828338623,7.0,245400.0
2024-04-18,6.96999979019165,7.230000019073486,6.960000038146973,7.0,122900.0
2024-04-19,6.949999809265137,7.21999979019165,6.920000076293945,7.210000038146973,184600.0
2024-04-22,7.210000038146973,7.210000038146973,6.940000057220459,7.03000020980835,144200.0
2024-04-23,7.03000020980835,7.460000038146973,6.869999885559082,7.449999809265137,145800.0
2024-04-24,7.420000076293945,7.559999942779541,7.039999961853027,7.130000114440918,140500.0
2024-04-25,7.079999923706055,7.159999847412109,6.860000133514404,7.099999904632568,205800.0
2024-04-26,7.110000133514404,7.239999771118164,6.949999809265137,7.019999980926514,70900.0
2024-04-29,6.929999828338623,7.099999904632568,6.929999828338623,7.090000152587891,120500.0
2024-04-30,7.03000020980835,7.110000133514404,6.559999942779541,6.630000114440918,452800.0
2024-05-01,6.630000114440918,6.769999980926514,6.25,6.289999961853027,242200.0
2024-05-02,6.309999942779541,6.670000076293945,6.25,6.570000171661377,149800.0
2024-05-03,6.650000095367432,6.900000095367432,6.53000020980835,6.769999980926514,133600.0
2024-05-06,6.849999904632568,6.960000038146973,6.650000095367432,6.710000038146973,119900.0
2024-05-07,6.730000019073486,6.900000095367432,6.619999885559082,6.630000114440918,131900.0
2024-05-08,6.440000057220459,6.619999885559082,5.300000190734863,6.059999942779541,621900.0
2024-05-09,6.090000152587891,6.199999809265137,5.860000133514404,6.039999961853027,315100.0
2024-05-10,6.010000228881836,6.010000228881836,5.46999979019165,5.599999904632568,302400.0
2024-05-13,5.630000114440918,5.980000019073486,5.579999923706055,5.659999847412109,317900.0
2024-05-14,5.679999828338623,5.960000038146973,5.679999828338623,5.940000057220459,172900.0
2024-05-15,5.96999979019165,5.96999979019165,5.449999809265137,5.710000038146973,346600.0
2024-05-16,5.679999828338623,5.909999847412109,5.670000076293945,5.829999923706055,106900.0
2024-05-17,5.860000133514404,5.909999847412109,5.690000057220459,5.869999885559082,211000.0
2024-05-20,5.789999961853027,5.880000114440918,5.730000019073486,5.760000228881836,150600.0
2024-05-21,5.769999980926514,5.800000190734863,5.570000171661377,5.579999923706055,164100.0
2024-05-22,5.550000190734863,5.579999923706055,5.21999979019165,5.239999771118164,201000.0
2024-05-23,5.269999980926514,5.389999866485596,4.909999847412109,4.96999979019165,220900.0
2024-05-24,5.0,5.079999923706055,4.829999923706055,5.010000228881836,211900.0
2024-05-28,5.110000133514404,5.380000114440918,5.090000152587891,5.309999942779541,184300.0
2024-05-29,5.300000190734863,5.300000190734863,4.860000133514404,4.869999885559082,173700.0
2024-05-30,4.860000133514404,5.03000020980835,4.800000190734863,4.920000076293945,163000.0
2024-05-31,4.940000057220459,5.150000095367432,4.900000095367432,5.110000133514404,129600.0
2024-06-03,5.050000190734863,5.059999942779541,4.71999979019165,4.809999942779541,316800.0
2024-06-04,4.769999980926514,4.800000190734863,4.659999847412109,4.710000038146973,172900.0
2024-06-05,4.75,4.949999809265137,4.630000114440918,4.880000114440918,215000.0
2024-06-06,4.880000114440918,4.880000114440918,4.710000038146973,4.730000019073486,118600.0
2024-06-07,4.75,4.860000133514404,4.710000038146973,4.760000228881836,95000.0
2024-06-10,4.78000020980835,4.880000114440918,4.730000019073486,4.760000228881836,157400.0
2024-06-11,4.75,4.769999980926514,4.619999885559082,4.75,134000.0
2024-06-12,4.860000133514404,4.909999847412109,4.659999847412109,4.670000076293945,126500.0
2024-06-13,4.619999885559082,4.670000076293945,4.519999980926514,4.579999923706055,140700.0
2024-06-14,4.559999942779541,4.610000133514404,4.179999828338623,4.269999980926514,398000.0
2024-06-17,4.289999961853027,4.630000114440918,4.210000038146973,4.579999923706055,207100.0
2024-06-18,4.599999904632568,4.619999885559082,4.420000076293945,4.440000057220459,110900.0
2024-06-20,4.440000057220459,4.480000019073486,4.260000228881836,4.440000057220459,189800.0
2024-06-21,4.480000019073486,4.610000133514404,4.400000095367432,4.449999809265137,151200.0
2024-06-24,4.460000038146973,4.980000019073486,4.400000095367432,4.960000038146973,153300.0
2024-06-25,4.960000038146973,4.96999979019165,4.730000019073486,4.940000057220459,221800.0
2024-06-26,4.980000019073486,5.289999961853027,4.929999828338623,5.03000020980835,208800.0
2024-06-27,5.03000020980835,5.360000133514404,4.909999847412109,5.190000057220459,219000.0
2024-06-28,5.28000020980835,5.309999942779541,4.860000133514404,4.949999809265137,1936300.0
2024-07-01,5.010000228881836,5.110000133514404,4.650000095367432,4.900000095367432,225100.0
2024-07-02,4.900000095367432,5.159999847412109,4.880000114440918,5.050000190734863,127400.0
2024-07-03,5.03000020980835,5.050000190734863,4.849999904632568,4.909999847412109,87600.0
2024-07-05,4.909999847412109,4.980000019073486,4.679999828338623,4.699999809265137,100400.0
2024-07-08,4.690000057220459,4.920000076293945,4.690000057220459,4.900000095367432,145300.0
2024-07-09,4.900000095367432,4.929999828338623,4.619999885559082,4.630000114440918,95900.0
2024-07-10,4.670000076293945,4.800000190734863,4.670000076293945,4.699999809265137,55800.0
2024-07-11,4.78000020980835,5.079999923706055,4.71999979019165,5.039999961853027,74900.0
2024-07-12,5.139999866485596,5.21999979019165,4.880000114440918,4.949999809265137,125300.0
2024-07-15,4.909999847412109,5.429999828338623,4.909999847412109,5.360000133514404,204100.0
2024-07-16,5.360000133514404,5.670000076293945,5.28000020980835,5.53000020980835,174500.0
2024-07-17,5.539999961853027,6.420000076293945,5.539999961853027,6.119999885559082,410900.0
2024-07-18,6.070000171661377,6.75,6.0,6.230000019073486,239000.0
2024-07-19,6.210000038146973,6.25,5.869999885559082,5.989999771118164,136100.0
2024-07-22,5.940000057220459,6.099999904632568,5.800000190734863,6.050000190734863,124500.0
2024-07-23,5.809999942779541,6.409999847412109,5.800000190734863,6.329999923706055,92500.0
2024-07-24,6.260000228881836,6.53000020980835,6.099999904632568,6.28000020980835,141300.0
2024-07-25,6.300000190734863,6.679999828338623,6.269999980926514,6.570000171661377,280900.0
2024-07-26,6.670000076293945,6.670000076293945,6.400000095367432,6.559999942779541,98900.0
2024-07-29,6.5,6.579999923706055,6.360000133514404,6.449999809265137,81300.0
2024-07-30,6.440000057220459,6.769999980926514,6.440000057220459,6.710000038146973,67000.0
2024-07-31,6.829999923706055,6.96999979019165,6.639999866485596,6.889999866485596,109900.0
2024-08-01,6.849999904632568,6.940000057220459,6.360000133514404,6.489999771118164,169900.0
2024-08-02,6.300000190734863,6.300000190734863,5.800000190734863,6.039999961853027,173700.0
2024-08-05,5.550000190734863,5.760000228881836,5.260000228881836,5.670000076293945,253900.0
2024-08-06,5.710000038146973,6.0,5.639999866485596,5.760000228881836,64100.0
2024-08-07,5.900000095367432,5.989999771118164,5.610000133514404,5.760000228881836,202100.0
2024-08-08,5.960000038146973,6.199999809265137,5.829999923706055,6.079999923706055,145400.0
2024-08-09,6.139999866485596,6.139999866485596,5.820000171661377,5.96999979019165,80900.0
2024-08-12,5.949999809265137,6.119999885559082,5.71999979019165,6.079999923706055,176500.0
2024-08-13,6.039999961853027,6.53000020980835,6.0,6.389999866485596,93400.0
2024-08-14,6.389999866485596,6.75,6.300000190734863,6.690000057220459,88400.0
2024-08-15,6.78000020980835,6.889999866485596,6.630000114440918,6.75,63800.0
2024-08-16,6.690000057220459,7.239999771118164,6.690000057220459,6.989999771118164,327700.0
2024-08-19,7.050000190734863,7.320000171661377,6.840000152587891,7.179999828338623,255400.0
2024-08-20,7.25,7.28000020980835,6.809999942779541,6.940000057220459,119200.0
2024-08-21,7.010000228881836,7.170000076293945,6.820000171661377,7.039999961853027,165900.0
2024-08-22,7.150000095367432,7.449999809265137,6.989999771118164,7.010000228881836,107200.0
2024-08-23,7.070000171661377,7.489999771118164,7.070000171661377,7.449999809265137,289800.0
2024-08-26,7.5,7.630000114440918,7.130000114440918,7.170000076293945,104000.0
2024-08-27,7.070000171661377,7.550000190734863,6.96999979019165,7.460000038146973,213500.0
2024-08-28,7.349999904632568,7.400000095367432,6.860000133514404,7.110000133514404,209600.0
2024-08-29,7.170000076293945,7.659999847412109,7.119999885559082,7.429999828338623,210900.0
2024-08-30,7.449999809265137,7.5,7.239999771118164,7.360000133514404,61700.0
2024-09-03,7.199999809265137,7.199999809265137,6.840000152587891,6.940000057220459,112600.0
2024-09-04,6.940000057220459,7.019999980926514,6.309999942779541,6.349999904632568,143600.0
2024-09-05,6.480000019073486,6.539999961853027,6.239999771118164,6.269999980926514,172000.0
2024-09-06,6.28000020980835,6.46999979019165,6.199999809265137,6.21999979019165,98200.0
2024-09-09,6.190000057220459,6.21999979019165,5.849999904632568,5.860000133514404,118900.0
2024-09-10,5.900000095367432,5.96999979019165,5.659999847412109,5.789999961853027,166500.0
2024-09-11,5.789999961853027,5.789999961853027,5.510000228881836,5.53000020980835,106800.0
2024-09-12,5.570000171661377,5.650000095367432,5.400000095367432,5.449999809265137,74000.0
2024-09-13,5.489999771118164,5.510000228881836,4.949999809265137,5.010000228881836,182800.0
2024-09-16,5.099999904632568,5.190000057220459,4.820000171661377,4.980000019073486,255300.0
2024-09-17,5.039999961853027,5.460000038146973,5.010000228881836,5.329999923706055,209600.0
2024-09-18,5.329999923706055,5.929999828338623,5.329999923706055,5.730000019073486,99500.0
2024-09-19,5.909999847412109,6.360000133514404,5.820000171661377,6.329999923706055,95500.0
2024-09-20,6.340000152587891,6.360000133514404,6.019999980926514,6.230000019073486,75000.0
2024-09-23,6.21999979019165,6.46999979019165,5.900000095367432,5.900000095367432,134400.0
2024-09-24,6.0,6.150000095367432,6.0,6.039999961853027,30300.0
2024-09-25,6.039999961853027,6.039999961853027,5.579999923706055,5.619999885559082,103000.0
2024-09-26,5.510000228881836,5.820000171661377,5.369999885559082,5.389999866485596,143300.0
2024-09-27,5.489999771118164,5.71999979019165,5.110000133514404,5.360000133514404,130300.0
2024-09-30,5.409999847412109,5.650000095367432,5.340000152587891,5.46999979019165,84900.0
2024-10-01,5.349999904632568,5.679999828338623,5.349999904632568,5.539999961853027,144000.0
2024-10-02,5.630000114440918,5.710000038146973,5.449999809265137,5.539999961853027,51400.0
2024-10-03,5.519999980926514,5.670000076293945,5.389999866485596,5.619999885559082,75100.0
2024-10-04,5.75,5.909999847412109,5.659999847412109,5.710000038146973,83100.0
2024-10-07,5.710000038146973,5.840000152587891,5.599999904632568,5.639999866485596,67900.0
2024-10-08,5.550000190734863,5.579999923706055,5.340000152587891,5.5,123800.0
2024-10-09,5.480000019073486,5.610000133514404,5.429999828338623,5.5,50300.0
2024-10-10,5.519999980926514,5.730000019073486,5.46999979019165,5.539999961853027,63000.0
2024-10-11,5.480000019073486,5.760000228881836,5.480000019073486,5.590000152587891,89800.0
2024-10-14,5.579999923706055,5.670000076293945,5.46999979019165,5.550000190734863,75300.0
2024-10-15,5.429999828338623,5.550000190734863,5.170000076293945,5.199999809265137,100900.0
2024-10-16,5.260000228881836,5.349999904632568,5.190000057220459,5.199999809265137,122800.0
2024-10-17,5.210000038146973,5.239999771118164,4.78000020980835,4.960000038146973,124000.0
2024-10-18,4.949999809265137,4.960000038146973,4.690000057220459,4.739999771118164,85500.0
2024-10-21,4.769999980926514,4.929999828338623,4.5,4.53000020980835,97900.0
2024-10-22,4.519999980926514,4.53000020980835,4.190000057220459,4.239999771118164,207300.0
2024-10-23,4.239999771118164,4.769999980926514,4.239999771118164,4.650000095367432,197100.0
2024-10-24,4.659999847412109,4.679999828338623,4.329999923706055,4.389999866485596,71200.0
2024-10-25,4.460000038146973,4.53000020980835,4.309999942779541,4.510000228881836,44900.0
2024-10-28,4.400000095367432,4.590000152587891,4.400000095367432,4.559999942779541,61300.0
2024-10-29,4.570000171661377,4.570000171661377,4.289999961853027,4.329999923706055,57500.0
2024-10-30,4.389999866485596,4.550000190734863,4.309999942779541,4.510000228881836,49800.0
2024-10-31,4.559999942779541,4.559999942779541,4.389999866485596,4.420000076293945,37300.0
2024-11-01,4.599999904632568,4.599999904632568,4.199999809265137,4.25,107600.0
2024-11-04,4.309999942779541,4.349999904632568,4.199999809265137,4.329999923706055,110700.0
2024-11-05,4.320000171661377,4.409999847412109,4.260000228881836,4.400000095367432,70600.0
2024-11-06,4.860000133514404,5.389999866485596,4.630000114440918,5.289999961853027,269500.0
2024-11-07,5.300000190734863,5.880000114440918,4.960000038146973,5.670000076293945,252300.0
2024-11-08,5.690000057220459,5.980000019073486,5.559999942779541,5.690000057220459,211800.0
2024-11-11,5.78000020980835,6.329999923706055,5.639999866485596,6.25,220100.0
2024-11-12,6.300000190734863,6.300000190734863,5.760000228881836,5.989999771118164,76500.0
2024-11-13,6.019999980926514,6.070000171661377,5.559999942779541,5.599999904632568,94000.0
2024-11-14,5.679999828338623,5.699999809265137,5.46999979019165,5.659999847412109,56700.0
2024-11-15,5.610000133514404,5.869999885559082,5.380000114440918,5.440000057220459,115600.0
2024-11-18,5.429999828338623,6.300000190734863,5.360000133514404,6.260000228881836,181000.0
2024-11-19,6.260000228881836,6.309999942779541,5.75,5.789999961853027,131000.0
2024-11-20,5.900000095367432,6.03000020980835,5.75,5.980000019073486,95100.0
2024-11-21,6.150000095367432,6.150000095367432,5.880000114440918,6.119999885559082,125200.0
2024-11-22,6.170000076293945,6.570000171661377,6.110000133514404,6.320000171661377,110200.0
2024-11-25,6.320000171661377,6.659999847412109,6.320000171661377,6.489999771118164,132400.0
2024-11-26,6.489999771118164,6.489999771118164,5.96999979019165,6.010000228881836,86900.0
2024-11-27,6.059999942779541,6.230000019073486,5.920000076293945,6.019999980926514,106700.0
2024-11-29,6.110000133514404,6.21999979019165,5.940000057220459,6.03000020980835,14500.0
2024-12-02,6.070000171661377,6.190000057220459,5.849999904632568,5.909999847412109,85300.0
2024-12-03,5.989999771118164,6.179999828338623,5.610000133514404,5.650000095367432,122100.0
2024-12-04,5.630000114440918,5.679999828338623,5.389999866485596,5.440000057220459,141600.0
2024-12-05,5.369999885559082,5.440000057220459,4.980000019073486,5.0,152700.0
2024-12-06,5.010000228881836,5.090000152587891,4.840000152587891,4.960000038146973,106500.0
2024-12-09,5.010000228881836,5.269999980926514,4.949999809265137,5.019999980926514,71800.0
2024-12-10,5.03000020980835,5.190000057220459,4.900000095367432,5.139999866485596,76400.0
2024-12-11,5.170000076293945,5.340000152587891,5.099999904632568,5.150000095367432,118600.0
2024-12-12,5.170000076293945,5.199999809265137,4.820000171661377,4.920000076293945,68500.0
2024-12-13,4.96999979019165,5.03000020980835,4.650000095367432,4.820000171661377,96600.0
2024-12-16,4.75,4.949999809265137,4.349999904632568,4.46999979019165,196800.0
2024-12-17,4.449999809265137,4.710000038146973,4.269999980926514,4.710000038146973,167400.0
2024-12-18,4.789999961853027,5.260000228881836,4.550000190734863,4.630000114440918,274800.0
2024-12-19,4.800000190734863,4.929999828338623,4.369999885559082,4.409999847412109,99000.0
2024-12-20,4.360000133514404,4.570000171661377,4.329999923706055,4.46999979019165,109100.0
2024-12-23,4.489999771118164,4.71999979019165,4.420000076293945,4.619999885559082,52400.0
2024-12-24,4.630000114440918,4.71999979019165,4.440000057220459,4.559999942779541,68100.0
2024-12-26,4.599999904632568,4.639999866485596,4.400000095367432,4.639999866485596,99700.0
2024-12-27,4.619999885559082,4.739999771118164,4.389999866485596,4.639999866485596,145300.0
2024-12-30,4.599999904632568,5.289999961853027,4.5,5.070000171661377,240200.0
2024-12-31,5.130000114440918,5.130000114440918,4.820000171661377,4.980000019073486,112500.0
2025-01-02,4.980000019073486,5.809999942779541,4.920000076293945,5.440000057220459,219900.0
2025-01-03,5.489999771118164,5.489999771118164,5.190000057220459,5.28000020980835,135500.0
2025-01-06,5.329999923706055,5.360000133514404,4.900000095367432,4.929999828338623,124600.0
2025-01-07,4.940000057220459,5.239999771118164,4.800000190734863,5.190000057220459,39000.0
2025-01-08,5.179999828338623,5.300000190734863,5.059999942779541,5.110000133514404,116300.0
2025-01-10,5.179999828338623,5.320000171661377,5.090000152587891,5.210000038146973,83100.0
2025-01-13,5.190000057220459,5.360000133514404,5.139999866485596,5.239999771118164,79100.0
2025-01-14,5.329999923706055,5.690000057220459,5.039999961853027,5.630000114440918,246900.0
2025-01-15,5.650000095367432,5.789999961853027,5.360000133514404,5.760000228881836,160700.0
2025-01-16,5.679999828338623,6.75,5.670000076293945,6.710000038146973,230100.0
2025-01-17,6.800000190734863,6.980000019073486,6.179999828338623,6.650000095367432,292900.0
2025-01-21,7.0,7.400000095367432,6.699999809265137,6.989999771118164,353600.0
2025-01-22,7.150000095367432,7.349999904632568,6.900000095367432,7.039999961853027,246700.0
2025-01-23,7.090000152587891,7.239999771118164,6.329999923706055,6.559999942779541,241400.0
2025-01-24,6.630000114440918,6.760000228881836,5.989999771118164,6.0,287100.0
2025-01-27,5.800000190734863,6.119999885559082,5.730000019073486,5.909999847412109,249900.0
2025-01-28,5.96999979019165,6.159999847412109,5.599999904632568,5.880000114440918,158100.0
2025-01-29,5.909999847412109,5.929999828338623,5.460000038146973,5.670000076293945,243300.0
2025-01-30,5.679999828338623,5.829999923706055,5.380000114440918,5.449999809265137,103900.0
2025-01-31,5.429999828338623,5.610000133514404,5.159999847412109,5.289999961853027,174900.0
2025-02-03,5.210000038146973,5.260000228881836,5.059999942779541,5.059999942779541,70300.0
2025-02-04,5.0,5.260000228881836,5.0,5.010000228881836,175800.0
2025-02-05,5.03000020980835,5.170000076293945,4.909999847412109,4.960000038146973,103100.0
2025-02-06,5.010000228881836,5.019999980926514,4.610000133514404,4.670000076293945,182800.0
2025-02-07,4.630000114440918,4.800000190734863,4.510000228881836,4.539999961853027,151800.0
2025-02-10,4.599999904632568,4.949999809265137,4.570000171661377,4.880000114440918,113800.0
2025-02-11,4.900000095367432,5.139999866485596,4.78000020980835,4.849999904632568,82000.0
2025-02-12,4.800000190734863,5.099999904632568,4.769999980926514,4.929999828338623,96100.0
2025-02-13,5.119999885559082,5.119999885559082,4.659999847412109,4.739999771118164,172300.0
2025-02-14,4.769999980926514,4.849999904632568,4.659999847412109,4.710000038146973,68900.0
2025-02-18,4.690000057220459,4.920000076293945,4.670000076293945,4.71999979019165,100100.0
2025-02-19,4.699999809265137,4.849999904632568,4.670000076293945,4.679999828338623,58900.0
2025-02-20,4.679999828338623,4.860000133514404,4.550000190734863,4.670000076293945,90200.0
2025-02-21,4.619999885559082,4.639999866485596,4.429999828338623,4.429999828338623,180800.0
2025-02-24,4.429999828338623,4.460000038146973,4.300000190734863,4.329999923706055,108600.0
2025-02-25,4.320000171661377,4.449999809265137,4.110000133514404,4.119999885559082,245400.0
2025-02-26,4.110000133514404,4.170000076293945,4.03000020980835,4.110000133514404,287800.0
2025-02-27,4.159999847412109,4.269999980926514,3.799999952316284,3.799999952316284,251000.0
2025-02-28,3.9600000381469727,4.789999961853027,3.809999942779541,4.670000076293945,448600.0
2025-03-03,4.489999771118164,4.739999771118164,4.03000020980835,4.03000020980835,211900.0
2025-03-04,3.950000047683716,4.329999923706055,3.759999990463257,4.21999979019165,224700.0
2025-03-05,4.21999979019165,4.349999904632568,3.869999885559082,3.930000066757202,260500.0
2025-03-06,3.9700000286102295,4.139999866485596,3.890000104904175,4.119999885559082,143800.0
2025-03-07,4.099999904632568,5.289999961853027,4.099999904632568,4.739999771118164,687100.0
2025-03-10,4.599999904632568,4.659999847412109,4.28000020980835,4.289999961853027,139700.0
2025-03-11,4.389999866485596,4.539999961853027,4.199999809265137,4.510000228881836,81300.0
2025-03-12,4.510000228881836,4.809999942779541,4.460000038146973,4.650000095367432,180500.0
2025-03-13,4.559999942779541,4.840000152587891,4.179999828338623,4.369999885559082,155100.0
2025-03-14,4.489999771118164,4.489999771118164,4.099999904632568,4.239999771118164,163600.0
2025-03-17,4.150000095367432,4.360000133514404,3.8499999046325684,3.880000114440918,160600.0
2025-03-18,3.9600000381469727,3.990000009536743,3.680000066757202,3.7799999713897705,134300.0
2025-03-19,3.799999952316284,4.110000133514404,3.740000009536743,4.03000020980835,192700.0
2025-03-20,4.010000228881836,4.039999961853027,3.7899999618530273,3.8299999237060547,161500.0
2025-03-21,3.7699999809265137,3.859999895095825,3.5,3.559999942779541,312200.0
2025-03-24,3.609999895095825,3.690000057220459,3.450000047683716,3.4700000286102295,236600.0
2025-03-25,3.5,3.740000009536743,3.4100000858306885,3.5999999046325684,218600.0
2025-03-26,3.5999999046325684,3.740000009536743,3.430000066757202,3.640000104904175,198700.0
2025-03-27,3.5999999046325684,3.640000104904175,3.5,3.549999952316284,132600.0
2025-03-28,3.5399999618530273,3.6500000953674316,3.309999942779541,3.369999885559082,131800.0
2025-03-31,3.3399999141693115,3.549999952316284,3.200000047683716,3.5,267800.0
2025-04-01,3.430000066757202,3.5,3.190000057220459,3.309999942779541,239600.0
2025-04-02,3.240000009536743,3.490000009536743,3.240000009536743,3.4100000858306885,55400.0
2025-04-03,3.2200000286102295,3.2200000286102295,3.049999952316284,3.0799999237060547,278400.0
2025-04-04,3.0,3.0,2.2699999809265137,2.2799999713897705,645000.0
2025-04-07,2.1600000858306885,2.3399999141693115,2.0199999809265137,2.1700000762939453,791500.0
2025-04-08,2.3299999237060547,2.4000000953674316,1.7000000476837158,1.7599999904632568,815300.0
2025-04-09,1.7300000190734863,1.9500000476837158,1.5099999904632568,1.909999966621399,486300.0
2025-04-10,1.8799999952316284,1.899999976158142,1.590000033378601,1.6799999475479126,343700.0
2025-04-11,1.7200000286102295,1.850000023841858,1.6200000047683716,1.7000000476837158,264800.0
2025-04-14,1.75,1.75,1.649999976158142,1.6699999570846558,168700.0
2025-04-15,1.649999976158142,1.7400000095367432,1.649999976158142,1.6699999570846558,98600.0
2025-04-16,1.649999976158142,1.7200000286102295,1.6399999856948853,1.649999976158142,154300.0
2025-04-17,1.6699999570846558,1.9299999475479126,1.659999966621399,1.850000023841858,216700.0
2025-04-21,1.850000023841858,1.8600000143051147,1.649999976158142,1.649999976158142,130100.0
2025-04-22,1.7100000381469727,1.8200000524520874,1.649999976158142,1.7699999809265137,117800.0
2025-04-23,1.809999942779541,1.9800000190734863,1.7699999809265137,1.7799999713897705,128700.0
2025-04-24,1.809999942779541,2.1500000953674316,1.809999942779541,2.0999999046325684,174100.0
2025-04-25,2.0899999141693115,2.130000114440918,1.9700000286102295,2.069999933242798,126300.0
2025-04-28,2.0799999237060547,2.119999885559082,2.0199999809265137,2.059999942779541,87400.0
2025-04-29,2.069999933242798,2.2200000286102295,2.0299999713897705,2.049999952316284,99400.0
2025-04-30,2.0399999618530273,2.0899999141693115,2.0,2.009999990463257,121600.0
2025-05-01,1.9900000095367432,2.180000066757202,1.9600000381469727,2.119999885559082,85200.0
2025-05-02,2.140000104904175,2.359999895095825,2.109999895095825,2.2300000190734863,146900.0
2025-05-05,2.1600000858306885,2.1600000858306885,2.0,2.0,125800.0
2025-05-06,2.0,2.0399999618530273,2.0,2.009999990463257,37900.0
2025-05-07,2.0299999713897705,2.059999942779541,1.8799999952316284,1.9700000286102295,145400.0
2025-05-08,1.9800000190734863,2.4100000858306885,1.899999976158142,2.3299999237060547,626300.0
2025-05-09,1.9600000381469727,2.2200000286102295,1.8899999856948853,1.9299999475479126,245800.0
2025-05-12,2.140000104904175,2.190000057220459,1.9600000381469727,1.9700000286102295,88500.0
2025-05-13,2.009999990463257,2.4200000762939453,1.7999999523162842,2.359999895095825,426200.0
2025-05-14,2.359999895095825,2.359999895095825,2.1500000953674316,2.2300000190734863,184100.0
2025-05-15,2.2300000190734863,2.2300000190734863,2.0399999618530273,2.119999885559082,126100.0
2025-05-16,2.109999895095825,2.25,2.0299999713897705,2.119999885559082,181700.0
2025-05-19,2.069999933242798,2.2200000286102295,2.0399999618530273,2.069999933242798,146400.0
2025-05-20,2.119999885559082,2.140000104904175,1.9700000286102295,2.0299999713897705,120000.0
2025-05-21,2.0,2.069999933242798,1.8300000429153442,1.8700000047683716,128200.0
2025-05-22,1.840000033378601,1.8899999856948853,1.7300000190734863,1.8600000143051147,99100.0
2025-05-23,1.8700000047683716,1.9199999570846558,1.7999999523162842,1.8799999952316284,62800.0
2025-05-27,1.899999976158142,1.9700000286102295,1.8700000047683716,1.9299999475479126,66300.0
2025-05-28,1.940000057220459,1.9800000190734863,1.850000023841858,1.850000023841858,64600.0
2025-05-29,1.8600000143051147,1.940000057220459,1.7899999618530273,1.8200000524520874,89400.0
2025-05-30,1.809999942779541,1.850000023841858,1.6799999475479126,1.7200000286102295,63900.0
2025-06-02,1.7799999713897705,1.809999942779541,1.690000057220459,1.7400000095367432,67900.0
2025-06-03,1.7799999713897705,1.9500000476837158,1.7400000095367432,1.8600000143051147,95700.0
2025-06-04,1.840000033378601,1.940000057220459,1.809999942779541,1.840000033378601,52700.0
2025-06-05,1.8600000143051147,1.8799999952316284,1.7899999618530273,1.7899999618530273,74700.0
2025-06-06,1.809999942779541,2.1600000858306885,1.809999942779541,1.9900000095367432,158400.0
2025-06-09,2.0,2.1500000953674316,1.9500000476837158,1.9600000381469727,255000.0
2025-06-10,1.9600000381469727,2.2100000381469727,1.9500000476837158,2.119999885559082,153300.0
2025-06-11,2.190000057220459,2.359999895095825,2.0899999141693115,2.3299999237060547,175300.0
2025-06-12,2.319999933242798,2.319999933242798,2.1600000858306885,2.200000047683716,139700.0
2025-06-13,2.319999933242798,2.819999933242798,2.2699999809265137,2.819999933242798,951400.0
2025-06-16,2.859999895095825,2.9700000286102295,2.4100000858306885,2.569999933242798,757100.0
2025-06-17,2.6600000858306885,3.0,2.430000066757202,2.8399999141693115,390400.0
2025-06-18,2.8399999141693115,2.940000057220459,2.559999942779541,2.7200000286102295,335300.0
2025-06-20,2.7300000190734863,2.7300000190734863,2.2799999713897705,2.299999952316284,402000.0
2025-06-23,2.4000000953674316,2.5799999237060547,2.119999885559082,2.119999885559082,612800.0
2025-06-24,2.069999933242798,2.130000114440918,1.9199999570846558,1.9500000476837158,255600.0
2025-06-25,1.9500000476837158,2.0,1.8600000143051147,1.940000057220459,196100.0
2025-06-26,1.9199999570846558,2.049999952316284,1.9199999570846558,2.0,144100.0
2025-06-27,1.9800000190734863,2.059999942779541,1.850000023841858,1.9199999570846558,252100.0
2025-06-30,1.8899999856948853,1.9299999475479126,1.8600000143051147,1.8700000047683716,142700.0
2025-07-01,1.850000023841858,2.0199999809265137,1.840000033378601,1.9500000476837158,179300.0
2025-07-02,1.9800000190734863,2.0199999809265137,1.9500000476837158,1.9700000286102295,170500.0
2025-07-03,2.009999990463257,2.0899999141693115,1.9500000476837158,1.9500000476837158,159700.0
2025-07-07,1.9900000095367432,2.0,1.850000023841858,1.9199999570846558,90500.0
2025-07-08,1.9500000476837158,2.0199999809265137,1.899999976158142,1.9600000381469727,209400.0
2025-07-09,1.9600000381469727,2.009999990463257,1.9299999475479126,1.9500000476837158,86700.0
2025-07-10,1.9299999475479126,1.9700000286102295,1.899999976158142,1.9600000381469727,120500.0
2025-07-11,1.9600000381469727,1.9800000190734863,1.9199999570846558,1.9299999475479126,54700.0
2025-07-14,1.9299999475479126,1.940000057220459,1.6699999570846558,1.7100000381469727,415800.0
2025-07-15,1.7100000381469727,1.7300000190734863,1.5800000429153442,1.590000033378601,217300.0
2025-07-16,1.600000023841858,1.840000033378601,1.4600000381469727,1.7599999904632568,422300.0
2025-07-17,1.75,1.8600000143051147,1.7300000190734863,1.7799999713897705,204200.0
2025-07-18,1.7899999618530273,1.8300000429153442,1.690000057220459,1.7799999713897705,174500.0
2025-07-21,1.7799999713897705,1.9900000095367432,1.7100000381469727,1.9199999570846558,164500.0
2025-07-22,1.9199999570846558,2.0799999237060547,1.8899999856948853,1.9800000190734863,142900.0
2025-07-23,1.9900000095367432,2.069999933242798,1.9800000190734863,1.9900000095367432,192900.0
2025-07-24,1.940000057220459,2.0,1.899999976158142,1.9700000286102295,52400.0
2025-07-25,1.9800000190734863,1.9800000190734863,1.8200000524520874,1.8899999856948853,136000.0
2025-07-28,1.909999966621399,2.0,1.8600000143051147,1.9600000381469727,105300.0
2025-07-29,1.9800000190734863,1.9800000190734863,1.8700000047683716,1.909999966621399,44600.0
2025-07-30,1.8899999856948853,1.9500000476837158,1.8600000143051147,1.8899999856948853,104300.0
2025-07-31,1.8700000047683716,1.8700000047683716,1.7899999618530273,1.7899999618530273,47200.0
2025-08-01,1.7899999618530273,1.7899999618530273,1.6200000047683716,1.649999976158142,146100.0
2025-08-04,1.7000000476837158,1.7599999904632568,1.6399999856948853,1.6699999570846558,63400.0
2025-08-05,1.6699999570846558,1.7799999713897705,1.649999976158142,1.7699999809265137,71200.0
2025-08-06,1.75,1.7799999713897705,1.6200000047683716,1.6200000047683716,104000.0
2025-08-07,1.659999966621399,1.690000057220459,1.5099999904632568,1.5299999713897705,253200.0
2025-08-08,1.5299999713897705,1.7799999713897705,1.5299999713897705,1.7100000381469727,167600.0
2025-08-11,1.7300000190734863,1.7799999713897705,1.6699999570846558,1.7000000476837158,120200.0
2025-08-12,1.7000000476837158,1.9500000476837158,1.7000000476837158,1.8799999952316284,215700.0
2025-08-13,1.909999966621399,2.0,1.8200000524520874,1.8799999952316284,143400.0
2025-08-14,1.840000033378601,1.8899999856948853,1.75,1.8700000047683716,47600.0
2025-08-15,1.8700000047683716,1.9900000095367432,1.8200000524520874,1.8300000429153442,177800.0
2025-08-18,1.8200000524520874,1.899999976158142,1.7799999713897705,1.7999999523162842,99300.0
2025-08-19,1.7799999713897705,1.8600000143051147,1.7599999904632568,1.7899999618530273,60200.0
2025-08-20,1.7599999904632568,1.8600000143051147,1.7300000190734863,1.7899999618530273,85300.0
2025-08-21,1.75,1.8200000524520874,1.75,1.7799999713897705,37100.0
2025-08-22,1.7899999618530273,1.940000057220459,1.7599999904632568,1.899999976158142,108600.0
2025-08-25,1.899999976158142,1.9800000190734863,1.850000023841858,1.9199999570846558,80800.0
2025-08-26,1.9199999570846558,2.009999990463257,1.9199999570846558,1.9900000095367432,191600.0
2025-08-27,2.009999990463257,2.049999952316284,1.9299999475479126,1.9299999475479126,64800.0
2025-08-28,1.9600000381469727,2.009999990463257,1.8700000047683716,1.940000057220459,99400.0
2025-08-29,1.9500000476837158,2.0,1.8799999952316284,1.9600000381469727,73800.0
2025-09-02,1.9500000476837158,2.1500000953674316,1.9500000476837158,2.109999895095825,179600.0
2025-09-03,2.0,2.049999952316284,1.8899999856948853,1.909999966621399,97800.0
2025-09-04,1.8799999952316284,1.9900000095367432,1.8799999952316284,1.9500000476837158,51300.0
2025-09-05,1.9199999570846558,1.9600000381469727,1.8200000524520874,1.8899999856948853,50500.0
2025-09-08,1.909999966621399,1.9299999475479126,1.8300000429153442,1.8600000143051147,58400.0
2025-09-09,1.850000023841858,1.9299999475479126,1.8200000524520874,1.840000033378601,58700.0
2025-09-10,1.8300000429153442,1.9299999475479126,1.7699999809265137,1.909999966621399,101600.0
2025-09-11,1.909999966621399,1.940000057220459,1.8600000143051147,1.8700000047683716,70100.0
2025-09-12,1.8300000429153442,1.8899999856948853,1.7599999904632568,1.7599999904632568,127000.0
2025-09-15,1.8200000524520874,1.8300000429153442,1.7400000095367432,1.7899999618530273,121400.0
2025-09-16,1.7999999523162842,1.840000033378601,1.7300000190734863,1.840000033378601,55700.0
2025-09-17,1.8300000429153442,1.8799999952316284,1.7999999523162842,1.809999942779541,51500.0
2025-09-18,1.809999942779541,1.8799999952316284,1.75,1.7999999523162842,120400.0
2025-09-19,1.7799999713897705,1.8799999952316284,1.7699999809265137,1.8600000143051147,134800.0
2025-09-22,1.850000023841858,1.8799999952316284,1.7899999618530273,1.8700000047683716,78600.0
2025-09-23,1.809999942779541,2.0299999713897705,1.809999942779541,1.9199999570846558,162700.0
2025-09-24,1.9199999570846558,2.009999990463257,1.9199999570846558,1.9800000190734863,66900.0
2025-09-25,1.9800000190734863,2.0999999046325684,1.9600000381469727,2.049999952316284,204600.0
2025-09-26,2.0899999141693115,2.1600000858306885,1.9700000286102295,2.0299999713897705,155500.0
2025-09-29,2.0,2.0,1.850000023841858,1.9600000381469727,204500.0
2025-09-30,1.909999966621399,1.940000057220459,1.8600000143051147,1.9199999570846558,62500.0
2025-10-01,1.9199999570846558,1.9500000476837158,1.909999966621399,1.9199999570846558,32700.0
2025-10-02,1.9199999570846558,1.9299999475479126,1.8700000047683716,1.8899999856948853,60900.0
2025-10-03,1.899999976158142,1.9800000190734863,1.899999976158142,1.9800000190734863,97900.0
2025-10-06,2.0,2.0399999618530273,1.9500000476837158,1.9700000286102295,76000.0
2025-10-07,1.9800000190734863,2.0299999713897705,1.9199999570846558,1.9900000095367432,87700.0
2025-10-08,2.009999990463257,2.0299999713897705,1.9600000381469727,2.0,66100.0
2025-10-09,2.0299999713897705,2.069999933242798,1.8300000429153442,1.8799999952316284,68400.0
2025-10-10,1.8600000143051147,1.9299999475479126,1.7400000095367432,1.7400000095367432,82900.0
2025-10-13,1.7599999904632568,1.7999999523162842,1.7300000190734863,1.7599999904632568,101400.0
2025-10-14,1.7200000286102295,1.809999942779541,1.7200000286102295,1.7899999618530273,60300.0
2025-10-15,1.7999999523162842,1.8300000429153442,1.75,1.7999999523162842,35500.0
2025-10-16,1.8300000429153442,1.8300000429153442,1.7300000190734863,1.7599999904632568,78000.0
2025-10-17,1.7300000190734863,1.75,1.649999976158142,1.6799999475479126,82800.0
2025-10-20,1.690000057220459,1.7699999809265137,1.690000057220459,1.7300000190734863,100500.0
2025-10-21,1.7300000190734863,1.7300000190734863,1.6799999475479126,1.7000000476837158,79800.0
2025-10-22,1.6799999475479126,1.7899999618530273,1.6699999570846558,1.690000057220459,210500.0
2025-10-23,1.7999999523162842,1.8600000143051147,1.7400000095367432,1.840000033378601,255000.0
2025-10-24,1.8600000143051147,1.9700000286102295,1.7699999809265137,1.8700000047683716,108700.0
2025-10-27,1.7999999523162842,1.909999966621399,1.7999999523162842,1.8600000143051147,56800.0
2025-10-28,1.8300000429153442,1.8600000143051147,1.7699999809265137,1.7799999713897705,95400.0
2025-10-29,1.809999942779541,1.899999976158142,1.809999942779541,1.8600000143051147,130500.0
2025-10-30,1.8600000143051147,2.009999990463257,1.809999942779541,1.9700000286102295,112600.0
2025-10-31,1.9199999570846558,2.0,1.75,1.8700000047683716,100400.0
2025-11-03,1.8700000047683716,1.8899999856948853,1.7699999809265137,1.8200000524520874,59900.0
2025-11-04,1.7699999809265137,1.7999999523162842,1.7100000381469727,1.75,49800.0
2025-11-05,1.7599999904632568,1.7699999809265137,1.7000000476837158,1.7400000095367432,62400.0
2025-11-06,1.7799999713897705,1.8899999856948853,1.7599999904632568,1.850000023841858,412400.0
2025-11-07,1.850000023841858,1.8600000143051147,1.7000000476837158,1.75,140000.0
2025-11-10,1.75,1.7999999523162842,1.7200000286102295,1.7799999713897705,49200.0
2025-11-11,1.7899999618530273,1.8300000429153442,1.7599999904632568,1.7899999618530273,121600.0
2025-11-12,1.7799999713897705,1.8300000429153442,1.6699999570846558,1.7000000476837158,190700.0
2025-11-13,1.7599999904632568,1.809999942779541,1.5800000429153442,1.6399999856948853,125100.0
2025-11-14,1.6399999856948853,1.690000057220459,1.590000033378601,1.6399999856948853,120500.0
2025-11-17,1.6299999952316284,1.75,1.5700000524520874,1.6699999570846558,128000.0
2025-11-18,1.649999976158142,1.7100000381469727,1.6299999952316284,1.6799999475479126,130900.0
2025-11-19,1.649999976158142,1.6799999475479126,1.590000033378601,1.6299999952316284,145600.0
2025-11-20,1.6299999952316284,1.6699999570846558,1.600000023841858,1.6399999856948853,137200.0
2025-11-21,1.6200000047683716,1.659999966621399,1.4900000095367432,1.6200000047683716,263100.0
2025-11-24,1.649999976158142,1.6799999475479126,1.5399999618530273,1.649999976158142,169000.0
2025-11-25,1.649999976158142,1.649999976158142,1.5700000524520874,1.600000023841858,136700.0
2025-11-26,1.600000023841858,1.649999976158142,1.5800000429153442,1.600000023841858,89200.0
2025-11-28,1.6200000047683716,1.6699999570846558,1.6200000047683716,1.659999966621399,43800.0
2025-12-01,1.6699999570846558,1.7000000476837158,1.5800000429153442,1.590000033378601,153000.0
2025-12-02,1.5700000524520874,1.6200000047683716,1.5399999618530273,1.559999942779541,88700.0
2025-12-03,1.559999942779541,1.659999966621399,1.5499999523162842,1.659999966621399,132600.0
2025-12-04,1.6399999856948853,1.7999999523162842,1.6200000047683716,1.7899999618530273,166900.0
2025-12-05,1.7899999618530273,1.7999999523162842,1.6399999856948853,1.659999966621399,247200.0
2025-12-08,1.649999976158142,1.7599999904632568,1.600000023841858,1.659999966621399,153200.0
2025-12-09,1.6799999475479126,1.7300000190734863,1.6399999856948853,1.659999966621399,178200.0
2025-12-10,1.649999976158142,1.8200000524520874,1.6299999952316284,1.7799999713897705,218700.0
2025-12-11,1.7999999523162842,1.9500000476837158,1.7100000381469727,1.940000057220459,244800.0
2025-12-12,1.9500000476837158,1.9800000190734863,1.8700000047683716,1.940000057220459,134000.0
2025-12-15,1.9500000476837158,1.9500000476837158,1.7400000095367432,1.75,98800.0
2025-12-16,1.7699999809265137,1.7699999809265137,1.6299999952316284,1.6399999856948853,81500.0
2025-12-17,1.6799999475479126,1.7400000095367432,1.6200000047683716,1.6799999475479126,195700.0
2025-12-18,1.6799999475479126,1.7000000476837158,1.6299999952316284,1.6299999952316284,53600.0
2025-12-19,1.649999976158142,1.6699999570846558,1.5700000524520874,1.5800000429153442,394400.0
2025-12-22,1.590000033378601,1.7200000286102295,1.590000033378601,1.690000057220459,87700.0
2025-12-23,1.690000057220459,1.7200000286102295,1.659999966621399,1.7100000381469727,86500.0
2025-12-24,1.7100000381469727,1.7300000190734863,1.659999966621399,1.7000000476837158,72300.0
2025-12-26,1.659999966621399,1.7000000476837158,1.5700000524520874,1.5800000429153442,138900.0
2025-12-29,1.5800000429153442,1.6699999570846558,1.5800000429153442,1.6399999856948853,153800.0
2025-12-30,1.649999976158142,1.649999976158142,1.4900000095367432,1.5700000524520874,682300.0
2025-12-31,1.7000000476837158,1.9199999570846558,1.6299999952316284,1.8899999856948853,743600.0
2026-01-02,1.8899999856948853,1.9700000286102295,1.7999999523162842,1.940000057220459,172700.0
2026-01-05,2.0,2.140000104904175,1.8799999952316284,2.0899999141693115,299600.0
2026-01-06,2.109999895095825,2.450000047683716,2.069999933242798,2.390000104904175,514100.0
2026-01-07,2.4100000858306885,2.4800000190734863,2.240000009536743,2.4200000762939453,295700.0
2026-01-08,2.390000104904175,2.4200000762939453,2.299999952316284,2.3299999237060547,142300.0
2026-01-09,2.3299999237060547,2.3299999237060547,2.140000104904175,2.1600000858306885,149800.0
2026-01-12,2.200000047683716,2.430000066757202,2.1500000953674316,2.3399999141693115,242500.0
2026-01-13,2.390000104904175,2.450000047683716,2.2699999809265137,2.359999895095825,189900.0
2026-01-14,2.369999885559082,2.369999885559082,2.2100000381469727,2.2300000190734863,244400.0
2026-01-15,2.240000009536743,2.240000009536743,2.049999952316284,2.119999885559082,128600.0
2026-01-16,2.1700000762939453,2.25,2.0299999713897705,2.1500000953674316,188100.0
2026-01-20,2.130000114440918,2.140000104904175,2.009999990463257,2.049999952316284,107400.0
2026-01-21,2.0799999237060547,2.2300000190734863,2.0799999237060547,2.180000066757202,125500.0
2026-01-22,2.200000047683716,2.25,2.1600000858306885,2.2100000381469727,58800.0
2026-01-23,2.240000009536743,2.4100000858306885,2.240000009536743,2.299999952316284,190400.0
2026-01-26,2.359999895095825,2.490000009536743,2.25,2.4700000286102295,194600.0
2026-01-27,2.5399999618530273,3.0,2.5399999618530273,2.950000047683716,510000.0
2026-01-28,3.0,3.440000057220459,2.950000047683716,3.2699999809265137,953400.0
2026-01-29,3.299999952316284,3.450000047683716,2.890000104904175,2.9000000953674316,438700.0
2026-01-30,2.8299999237060547,2.940000057220459,2.7200000286102295,2.7799999713897705,139200.0
2026-02-02,2.680000066757202,2.75,2.3499999046325684,2.430000066757202,271800.0
2026-02-03,2.4600000381469727,2.4700000286102295,2.0799999237060547,2.200000047683716,273800.0
2026-02-04,2.200000047683716,2.380000114440918,2.119999885559082,2.299999952316284,274800.0
2026-02-05,2.2699999809265137,2.2899999618530273,2.009999990463257,2.1600000858306885,165200.0
2026-02-06,2.190000057220459,2.359999895095825,2.0999999046325684,2.2899999618530273,173300.0
2026-02-09,2.2799999713897705,2.4000000953674316,2.25,2.3499999046325684,122800.0
2026-02-10,2.369999885559082,2.430000066757202,2.309999942779541,2.3499999046325684,99800.0
2026-02-11,2.380000114440918,2.509999990463257,2.319999933242798,2.3399999141693115,117300.0
2026-02-12,2.309999942779541,2.319999933242798,2.119999885559082,2.2200000286102295,132200.0
2026-02-13,2.2100000381469727,2.609999895095825,2.109999895095825,2.5399999618530273,210500.0
2026-02-17,2.559999942779541,2.6500000953674316,2.4600000381469727,2.5199999809265137,173800.0
2026-02-18,2.5899999141693115,2.75,2.5899999141693115,2.680000066757202,228200.0
2026-02-19,2.75,3.0199999809265137,2.7200000286102295,2.9000000953674316,331600.0
2026-02-20,2.9600000381469727,2.9700000286102295,2.4700000286102295,2.6600000858306885,504600.0
2026-02-23,2.740000009536743,2.7699999809265137,2.3299999237060547,2.380000114440918,235800.0
2026-02-24,2.380000114440918,2.440000057220459,2.3499999046325684,2.4100000858306885,47400.0
2026-02-25,2.4100000858306885,2.4200000762939453,2.25,2.380000114440918,131600.0
2026-02-26,2.3499999046325684,2.5,2.240000009536743,2.4600000381469727,118400.0
2026-02-27,2.4800000190734863,2.5999999046325684,2.430000066757202,2.5399999618530273,141800.0
2026-03-02,2.6600000858306885,3.009999990463257,2.5999999046325684,2.940000057220459,499500.0
2026-03-03,3.009999990463257,3.190000057220459,2.6500000953674316,2.7300000190734863,602700.0
2026-03-04,2.7300000190734863,2.8299999237060547,2.5,2.569999933242798,214400.0
2026-03-05,2.6600000858306885,2.8399999141693115,2.5199999809265137,2.619999885559082,209400.0
2026-03-06,2.6600000858306885,2.8299999237060547,2.490000009536743,2.509999990463257,307400.0
2026-03-09,2.609999895095825,2.7100000381469727,2.549999952316284,2.6600000858306885,212700.0
2026-03-10,2.640000104904175,2.690000057220459,2.5,2.5799999237060547,214600.0
2026-03-11,2.569999933242798,3.0,2.5399999618530273,2.950000047683716,334400.0
2026-03-12,2.940000057220459,2.9700000286102295,2.309999942779541,2.6700000762939453,839900.0
2026-03-13,2.6700000762939453,3.180000066757202,2.6500000953674316,2.690000057220459,745700.0
2026-03-16,2.690000057220459,2.9100000858306885,2.619999885559082,2.7899999618530273,189000.0
2026-03-17,2.819999933242798,2.950000047683716,2.740000009536743,2.8299999237060547,282600.0
2026-03-18,2.759999990463257,3.0,2.75,2.799999952316284,368700.0
2026-03-19,2.75,3.0,2.700000047683716,2.8399999141693115,327900.0
2026-03-20,2.859999895095825,2.9100000858306885,2.6700000762939453,2.7899999618530273,246300.0
2026-03-23,2.7799999713897705,2.7799999713897705,2.5999999046325684,2.7100000381469727,223200.0
2026-03-24,2.740000009536743,2.9000000953674316,2.740000009536743,2.7899999618530273,176400.0
2026-03-25,2.759999990463257,2.8499999046325684,2.690000057220459,2.8299999237060547,195700.0
2026-03-26,2.8299999237060547,2.9800000190734863,2.7300000190734863,2.7899999618530273,289300.0
2026-03-27,2.7899999618530273,2.890000104904175,2.690000057220459,2.809999942779541,276500.0
2026-03-30,2.8299999237060547,2.8499999046325684,2.690000057220459,2.75,158000.0
2026-03-31,2.75,2.7699999809265137,2.5199999809265137,2.5999999046325684,365600.0
2026-04-01,2.549999952316284,2.619999885559082,2.380000114440918,2.4100000858306885,199300.0
2026-04-02,2.4200000762939453,2.630000114440918,2.4000000953674316,2.490000009536743,321100.0
2026-04-06,2.490000009536743,2.9000000953674316,2.4000000953674316,2.869999885559082,464500.0
2026-04-07,2.890000104904175,3.0,2.740000009536743,2.8299999237060547,242500.0
2026-04-08,2.700000047683716,2.700000047683716,2.3499999046325684,2.5,419200.0
2026-04-09,2.5299999713897705,2.569999933242798,2.1700000762939453,2.2100000381469727,369200.0
2026-04-10,2.200000047683716,2.2699999809265137,2.1500000953674316,2.2300000190734863,190100.0
2026-04-13,2.2799999713897705,2.430000066757202,2.2200000286102295,2.359999895095825,224900.0
2026-04-14,2.3399999141693115,2.430000066757202,2.130000114440918,2.200000047683716,235300.0
2026-04-15,2.2300000190734863,2.3299999237060547,2.180000066757202,2.299999952316284,154900.0
2026-04-16,2.299999952316284,2.4000000953674316,2.2899999618530273,2.390000104904175,81200.0
2026-04-17,2.3399999141693115,2.359999895095825,2.1500000953674316,2.2799999713897705,258000.0
2026-04-20,2.2699999809265137,2.3499999046325684,2.240000009536743,2.319999933242798,39500.0
2026-04-21,2.319999933242798,2.549999952316284,2.319999933242798,2.440000057220459,241000.0
2026-04-22,2.549999952316284,2.5999999046325684,2.4100000858306885,2.5,272700.0
2026-04-23,2.5,3.0199999809265137,2.4700000286102295,2.940000057220459,798500.0
2026-04-24,2.950000047683716,3.4800000190734863,2.7699999809265137,3.3499999046325684,825600.0
2026-04-27,3.390000104904175,3.5999999046325684,3.3499999046325684,3.490000009536743,384700.0
2026-04-28,3.5,3.759999990463257,3.359999895095825,3.75,296300.0
2026-04-29,3.7899999618530273,3.950000047683716,3.5999999046325684,3.930000066757202,462000.0
2026-04-30,3.9200000762939453,3.9200000762939453,3.700000047683716,3.7300000190734863,184200.0
2026-05-01,3.7300000190734863,3.809999942779541,3.4800000190734863,3.7200000286102295,183100.0
2026-05-04,3.7200000286102295,4.039999961853027,3.5799999237060547,4.03000020980835,226400.0
2026-05-05,4.0,4.070000171661377,3.7300000190734863,3.7300000190734863,249400.0
2026-05-06,3.5899999141693115,3.6700000762939453,3.240000009536743,3.430000066757202,431800.0
2026-05-07,3.309999942779541,3.4100000858306885,3.0999999046325684,3.259999990463257,248700.0
2026-05-08,3.200000047683716,3.430000066757202,3.200000047683716,3.390000104904175,101200.0
2026-05-11,3.390000104904175,3.7200000286102295,3.3399999141693115,3.6500000953674316,159400.0
2026-05-12,3.740000009536743,3.9700000286102295,3.640000104904175,3.859999895095825,181100.0
2026-05-13,3.690000057220459,4.5,3.4000000953674316,4.269999980926514,887000.0
2026-05-14,4.340000152587891,4.400000095367432,3.9600000381469727,4.019999980926514,460300.0
2026-05-15,4.019999980926514,4.199999809265137,3.9100000858306885,3.9200000762939453,332100.0
2026-05-18,4.010000228881836,4.099999904632568,3.5999999046325684,3.7799999713897705,354600.0
2026-05-19,3.7699999809265137,3.9100000858306885,3.630000114440918,3.7300000190734863,185700.0
2026-05-20,3.7300000190734863,3.819999933242798,3.390000104904175,3.4200000762939453,201500.0
2026-05-21,3.4200000762939453,3.509999990463257,3.180000066757202,3.180000066757202,223500.0
2026-05-22,3.140000104904175,3.190000057220459,3.0199999809265137,3.059999942779541,182000.0
2026-05-26,3.0999999046325684,3.200000047683716,3.0299999713897705,3.0899999141693115,282300.0
2026-05-27,3.0199999809265137,3.109999895095825,2.9100000858306885,2.9200000762939453,196700.0
2026-05-28,2.9100000858306885,2.9600000381469727,2.759999990463257,2.7699999809265137,384000.0
2026-05-29,2.7300000190734863,2.9800000190734863,2.7100000381469727,2.740000009536743,330400.0
2026-06-01,2.759999990463257,3.119999885559082,2.759999990463257,3.009999990463257,412900.0
2026-06-02,2.990000009536743,3.3399999141693115,2.990000009536743,3.0899999141693115,1645400.0
2026-06-03,2.990000009536743,3.2100000381469727,2.859999895095825,3.0,557000.0
2026-06-04,2.9200000762939453,3.2799999713897705,2.9200000762939453,3.2699999809265137,283600.0
2026-06-05,3.1500000953674316,3.1600000858306885,2.7899999618530273,2.7899999618530273,225300.0
2026-06-08,2.7899999618530273,3.0299999713897705,2.7899999618530273,2.9700000286102295,210100.0
2026-06-09,2.940000057220459,3.0,2.700000047683716,2.890000104904175,288300.0
2026-06-10,2.8499999046325684,3.0799999237060547,2.809999942779541,3.0399999618530273,297500.0
2026-06-11,3.049999952316284,3.0999999046325684,2.8499999046325684,2.9000000953674316,213000.0
2026-06-12,2.869999885559082,3.0299999713897705,2.7799999713897705,2.8499999046325684,387800.0
2026-06-15,2.7799999713897705,2.859999895095825,2.6600000858306885,2.7799999713897705,564300.0
2026-06-16,2.75,2.8299999237060547,2.640000104904175,2.6600000858306885,210900.0
2026-06-17,2.6500000953674316,2.7100000381469727,2.549999952316284,2.549999952316284,281400.0
2026-06-18,2.5,2.5299999713897705,2.2799999713897705,2.309999942779541,451000.0
2026-06-22,2.359999895095825,2.359999895095825,2.0999999046325684,2.2300000190734863,492400.0
2026-06-23,2.140000104904175,2.3499999046325684,2.140000104904175,2.2100000381469727,309800.0
2026-06-24,2.180000066757202,2.259999990463257,2.059999942779541,2.119999885559082,325900.0
2026-06-25,2.119999885559082,2.319999933242798,2.059999942779541,2.259999990463257,584000.0
2026-06-26,2.2100000381469727,2.4000000953674316,2.2100000381469727,2.4000000953674316,126900.0
2026-06-29,2.430000066757202,2.6700000762939453,2.430000066757202,2.619999885559082,205300.0
2026-06-30,2.5899999141693115,2.6700000762939453,2.559999942779541,2.5799999237060547,208100.0
2026-07-01,2.5399999618530273,2.5899999141693115,2.440000057220459,2.4800000190734863,92100.0
2026-07-02,2.5199999809265137,2.630000114440918,2.430000066757202,2.430000066757202,90300.0
2026-07-06,2.4100000858306885,2.5899999141693115,2.3499999046325684,2.440000057220459,145600.0
2026-07-07,2.430000066757202,2.549999952316284,2.430000066757202,2.4800000190734863,101900.0
2026-07-08,2.5299999713897705,2.640000104904175,2.369999885559082,2.509999990463257,168300.0
2026-07-09,2.509999990463257,2.5199999809265137,2.3399999141693115,2.4800000190734863,229400.0
2026-07-10,2.4700000286102295,2.5299999713897705,2.4100000858306885,2.4600000381469727,184300.0
2026-07-13,2.509999990463257,2.6500000953674316,2.509999990463257,2.549999952316284,105600.0
2026-07-14,2.5799999237060547,2.619999885559082,2.440000057220459,2.490000009536743,104900.0
2026-07-15,2.5,2.5299999713897705,2.3399999141693115,2.380000114440918,79700.0
2026-07-16,2.380000114440918,2.380000114440918,2.069999933242798,2.2100000381469727,426500.0
2026-07-17,2.2200000286102295,2.2699999809265137,2.0199999809265137,2.119999885559082,506800.0
