Date,Open,High,Low,Close,Volume
2016-07-18,56.779998779296875,57.119998931884766,55.93000030517578,56.61000061035156,10924
2016-07-19,56.439998626708984,56.61000061035156,53.720001220703125,55.59000015258789,17771
2016-07-20,55.7599983215332,57.119998931884766,54.7400016784668,56.439998626708984,18065
2016-07-21,56.439998626708984,63.06999969482422,56.439998626708984,60.349998474121094,22835
2016-07-22,60.18000030517578,63.06999969482422,57.970001220703125,62.900001525878906,12782
2016-07-25,63.06999969482422,63.2400016784668,61.369998931884766,61.880001068115234,12641
2016-07-26,61.880001068115234,62.900001525878906,60.18000030517578,61.20000076293945,11229
2016-07-27,61.20000076293945,63.222999572753906,60.0099983215332,61.20000076293945,6576
2016-07-28,61.20000076293945,63.40999984741211,60.52000045776367,61.20000076293945,6076
2016-07-29,61.369998931884766,63.06999969482422,60.52000045776367,62.72999954223633,6612
2016-08-01,62.900001525878906,62.900001525878906,55.93000030517578,58.224998474121094,14329
2016-08-02,58.13999938964844,59.33000183105469,55.93000030517578,57.79999923706055,13806
2016-08-03,55.25,62.220001220703125,55.25,61.029998779296875,11518
2016-08-04,61.20000076293945,62.900001525878906,59.5,61.96500015258789,9641
2016-08-05,62.220001220703125,63.58000183105469,60.18000030517578,62.900001525878906,7135
2016-08-08,62.900001525878906,63.2400016784668,61.540000915527344,62.72999954223633,7835
2016-08-09,63.06999969482422,74.62999725341797,61.540000915527344,73.44000244140625,35541
2016-08-10,72.93000030517578,74.29000091552734,67.31999969482422,71.73999786376953,27276
2016-08-11,71.91000366210938,72.41999816894531,69.0199966430664,71.91000366210938,5582
2016-08-12,72.08000183105469,78.54000091552734,70.51599884033203,76.16000366210938,26335
2016-08-15,76.16000366210938,76.5,73.2699966430664,74.12000274658203,6518
2016-08-16,73.61000061035156,73.94999694824219,68.0,68.16999816894531,9541
2016-08-17,68.0,70.55000305175781,63.91999816894531,65.62000274658203,7741
2016-08-18,66.80999755859375,66.9800033569336,62.220001220703125,62.900001525878906,9559
2016-08-19,62.72999954223633,66.30000305175781,61.709999084472656,62.38999938964844,8506
2016-08-22,62.560001373291016,66.9800033569336,60.18000030517578,64.08999633789062,7318
2016-08-23,64.08999633789062,66.30000305175781,62.220001220703125,64.7699966430664,9894
2016-08-24,65.79000091552734,66.12999725341797,61.029998779296875,61.709999084472656,5194
2016-08-25,62.04999923706055,64.7699966430664,57.91899871826172,60.0099983215332,14659
2016-08-26,59.84000015258789,63.58000183105469,59.84000015258789,61.540000915527344,4524
2016-08-29,61.880001068115234,63.40999984741211,59.66999816894531,60.18000030517578,15300
2016-08-30,59.5,62.220001220703125,59.5,60.18000030517578,5400
2016-08-31,59.66999816894531,61.369998931884766,56.61000061035156,57.290000915527344,7224
2016-09-01,57.970001220703125,59.33000183105469,56.61000061035156,58.310001373291016,6829
2016-09-02,58.310001373291016,59.84000015258789,57.391998291015625,59.15999984741211,5688
2016-09-06,59.5,61.20000076293945,57.630001068115234,57.630001068115234,7747
2016-09-07,57.630001068115234,59.244998931884766,56.61000061035156,56.61000061035156,10629
2016-09-08,56.779998779296875,58.310001373291016,56.61000061035156,57.290000915527344,8929
2016-09-09,57.119998931884766,58.650001525878906,56.27000045776367,57.79999923706055,4735
2016-09-12,57.290000915527344,61.709999084472656,56.95000076293945,61.20000076293945,4571
2016-09-13,61.029998779296875,61.029998779296875,54.75699996948242,55.93000030517578,6600
2016-09-14,55.7599983215332,58.9900016784668,54.400001525878906,56.099998474121094,7359
2016-09-15,55.7599983215332,60.86000061035156,55.7599983215332,59.5,12729
2016-09-16,59.84000015258789,62.560001373291016,58.224998474121094,61.540000915527344,13900
2016-09-19,61.709999084472656,62.38999938964844,57.79999923706055,58.650001525878906,13965
2016-09-20,58.9900016784668,62.220001220703125,57.137001037597656,61.029998779296875,11029
2016-09-21,61.369998931884766,63.75,59.84000015258789,62.04999923706055,11029
2016-09-22,62.220001220703125,66.30000305175781,62.220001220703125,65.11000061035156,8606
2016-09-23,65.11000061035156,66.9800033569336,63.58000183105469,66.12999725341797,6865
2016-09-26,75.6500015258789,83.80999755859375,70.20999908447266,72.76000213623047,115188
2016-09-27,74.80000305175781,77.3499984741211,70.55000305175781,76.16000366210938,33682
2016-09-28,76.66999816894531,78.02999877929688,73.2699966430664,74.97000122070312,15388
2016-09-29,74.80000305175781,74.9020004272461,68.0,69.0199966430664,12006
2016-09-30,69.36000061035156,77.3499984741211,67.1500015258789,75.81999969482422,26482
2016-10-03,76.33000183105469,77.86000061035156,71.73999786376953,77.18000030517578,11853
2016-10-04,77.5199966430664,77.5199966430664,71.73999786376953,72.25,9300
2016-10-05,72.25,73.94999694824219,70.20999908447266,73.0999984741211,6300
2016-10-06,72.58999633789062,73.44000244140625,69.87000274658203,70.88999938964844,7041
2016-10-07,88.4000015258789,100.30000305175781,86.87000274658203,91.97000122070312,673282
2016-10-10,97.41000366210938,97.75,91.12000274658203,94.18000030517578,130494
2016-10-11,99.79000091552734,99.95999908447266,91.80000305175781,92.13999938964844,140988
2016-10-12,91.45999908447266,92.13999938964844,76.83999633789062,78.19999694824219,83494
2016-10-13,77.69000244140625,79.7300033569336,70.04000091552734,70.55000305175781,58124
2016-10-14,70.20999908447266,70.20999908447266,63.75,64.5999984741211,44718
2016-10-17,66.63999938964844,69.87000274658203,61.20000076293945,62.04999923706055,60218
2016-10-18,61.880001068115234,65.24600219726562,60.52000045776367,61.20000076293945,33065
2016-10-19,61.20000076293945,62.220001220703125,60.52000045776367,61.540000915527344,19147
2016-10-20,61.540000915527344,63.35900115966797,60.689998626708984,61.709999084472656,15712
2016-10-21,61.369998931884766,63.58000183105469,60.52000045776367,60.86000061035156,17082
2016-10-24,60.349998474121094,61.709999084472656,59.33000183105469,59.5,16500
2016-10-25,59.66999816894531,59.66999816894531,57.290000915527344,57.79999923706055,14476
2016-10-26,57.459999084472656,58.650001525878906,55.59000015258789,55.7599983215332,14565
2016-10-27,56.099998474121094,56.61000061035156,53.720001220703125,55.41999816894531,21776
2016-10-28,55.25,55.487998962402344,53.54999923706055,54.22999954223633,7959
2016-10-31,54.060001373291016,55.25,53.54999923706055,54.56999969482422,14094
2016-11-01,55.08000183105469,57.119998931884766,54.060001373291016,54.7400016784668,12229
2016-11-02,55.08000183105469,55.08000183105469,53.209999084472656,53.720001220703125,13788
2016-11-03,53.54999923706055,53.54999923706055,51.849998474121094,52.02000045776367,22647
2016-11-04,52.02000045776367,54.22999954223633,52.02000045776367,52.189998626708984,7594
2016-11-07,52.70000076293945,53.209999084472656,51.5099983215332,52.189998626708984,10112
2016-11-08,53.040000915527344,56.779998779296875,53.040000915527344,56.61000061035156,12518
2016-11-09,56.27000045776367,58.9900016784668,54.56999969482422,58.9900016784668,12500
2016-11-10,59.5,64.43000030517578,58.81999969482422,62.220001220703125,18347
2016-11-11,62.900001525878906,63.06999969482422,59.5,60.349998474121094,15959
2016-11-14,60.52000045776367,65.44999694824219,60.52000045776367,65.27999877929688,9829
2016-11-15,65.27999877929688,65.68800354003906,62.72999954223633,64.7699966430664,5312
2016-11-16,64.5999984741211,66.30000305175781,61.709999084472656,64.08999633789062,4865
2016-11-17,64.5999984741211,66.09600067138672,62.57699966430664,64.5999984741211,5941
2016-11-18,64.43000030517578,64.94000244140625,62.900001525878906,63.91999816894531,3994
2016-11-21,64.43000030517578,65.95999908447266,63.494998931884766,65.27999877929688,5971
2016-11-22,65.27999877929688,65.39900207519531,61.029998779296875,61.880001068115234,6953
2016-11-23,60.349998474121094,63.053001403808594,57.119998931884766,57.79999923706055,20782
2016-11-25,57.79999923706055,60.18000030517578,56.439998626708984,59.5,6000
2016-11-28,59.15999984741211,59.33000183105469,53.125,53.88999938964844,19300
2016-11-29,53.88999938964844,57.970001220703125,53.88999938964844,56.61000061035156,6900
2016-11-30,56.099998474121094,58.650001525878906,54.56999969482422,58.13999938964844,5112
2016-12-01,57.79999923706055,59.84000015258789,54.7400016784668,55.59000015258789,5306
2016-12-02,55.59000015258789,60.86000061035156,55.59000015258789,58.9900016784668,7253
2016-12-05,59.66999816894531,64.26000213623047,59.5,63.32500076293945,9235
2016-12-06,63.40999984741211,64.5999984741211,61.20000076293945,63.2400016784668,5929
2016-12-07,62.72999954223633,63.2400016784668,60.18000030517578,61.369998931884766,7506
2016-12-08,60.689998626708984,62.474998474121094,60.0099983215332,61.029998779296875,7706
2016-12-09,61.709999084472656,64.26000213623047,61.13199996948242,63.40999984741211,9712
2016-12-12,62.900001525878906,63.85200119018555,61.20000076293945,61.880001068115234,5735
2016-12-13,62.04999923706055,62.72999954223633,59.66999816894531,60.52000045776367,4941
2016-12-14,60.349998474121094,60.689998626708984,57.970001220703125,59.33000183105469,4571
2016-12-15,59.15999984741211,60.18000030517578,58.310001373291016,58.650001525878906,5988
2016-12-16,59.15999984741211,61.029998779296875,56.37200164794922,61.029998779296875,13818
2016-12-19,61.369998931884766,64.5999984741211,61.369998931884766,63.58000183105469,11047
2016-12-20,65.62000274658203,71.73999786376953,64.94000244140625,68.68000030517578,32559
2016-12-21,68.8499984741211,71.00900268554688,66.47000122070312,66.80999755859375,13606
2016-12-22,67.31999969482422,68.68000030517578,63.2400016784668,63.75,5276
2016-12-23,64.94000244140625,66.30000305175781,64.5999984741211,65.95999908447266,7324
2016-12-27,66.12999725341797,70.37999725341797,66.12999725341797,69.87000274658203,15994
2016-12-28,69.87000274658203,70.55000305175781,66.63999938964844,66.63999938964844,19976
2016-12-29,66.30000305175781,68.51000213623047,62.900001525878906,63.40999984741211,8135
2016-12-30,63.75,64.43000030517578,62.38999938964844,62.560001373291016,7700
2017-01-03,63.75,64.072998046875,61.029998779296875,62.560001373291016,3688
2017-01-04,63.06999969482422,66.30000305175781,62.900001525878906,65.44999694824219,7288
2017-01-05,66.9800033569336,66.9800033569336,61.369998931884766,63.91999816894531,8382
2017-01-06,64.08999633789062,65.39900207519531,62.72999954223633,62.72999954223633,3953
2017-01-09,62.72999954223633,64.53199768066406,58.05500030517578,58.9900016784668,7488
2017-01-10,59.5,59.5,57.47700119018555,57.970001220703125,6100
2017-01-11,58.81999969482422,58.81999969482422,55.25,56.95000076293945,8141
2017-01-12,56.95000076293945,59.5,56.95000076293945,58.650001525878906,4788
2017-01-13,58.650001525878906,60.86000061035156,58.47999954223633,59.66999816894531,3924
2017-01-17,59.84000015258789,61.029998779296875,57.20500183105469,60.86000061035156,10676
2017-01-18,61.709999084472656,61.709999084472656,57.119998931884766,57.630001068115234,6547
2017-01-19,57.630001068115234,58.47999954223633,55.59000015258789,55.7599983215332,5271
2017-01-20,55.7599983215332,57.970001220703125,55.7599983215332,57.290000915527344,5018
2017-01-23,57.290000915527344,59.33000183105469,56.525001525878906,57.79999923706055,4453
2017-01-24,57.119998931884766,59.5,56.95000076293945,59.15999984741211,3565
2017-01-25,60.0099983215332,62.04999923706055,59.15999984741211,61.20000076293945,5941
2017-01-26,61.540000915527344,61.91400146484375,60.18000030517578,61.369998931884766,3129
2017-01-27,61.369998931884766,62.72999954223633,60.689998626708984,61.880001068115234,3853
2017-01-30,60.86000061035156,62.38999938964844,58.9900016784668,60.689998626708984,4500
2017-01-31,60.689998626708984,61.880001068115234,58.47999954223633,61.540000915527344,8900
2017-02-01,62.220001220703125,63.58000183105469,60.86000061035156,62.220001220703125,5529
2017-02-02,62.220001220703125,63.58000183105469,60.0099983215332,62.560001373291016,5024
2017-02-03,63.58000183105469,63.85200119018555,61.880001068115234,62.72999954223633,5071
2017-02-06,62.04999923706055,63.75,62.04999923706055,62.900001525878906,6218
2017-02-07,63.2400016784668,64.26000213623047,62.763999938964844,63.40999984741211,4229
2017-02-08,63.40999984741211,63.97100067138672,59.5,60.349998474121094,9488
2017-02-09,60.689998626708984,62.72999954223633,57.86800003051758,61.880001068115234,2976
2017-02-10,62.560001373291016,63.2400016784668,61.20000076293945,62.38999938964844,2935
2017-02-13,63.06999969482422,63.58000183105469,62.04999923706055,63.06999969482422,3218
2017-02-14,63.40999984741211,65.27999877929688,62.900001525878906,63.75,5018
2017-02-15,62.38999938964844,64.7699966430664,62.04999923706055,64.5999984741211,4400
2017-02-16,64.7699966430664,65.62000274658203,63.40999984741211,65.11000061035156,4965
2017-02-17,65.11000061035156,65.11000061035156,63.58000183105469,64.26000213623047,4629
2017-02-21,66.12999725341797,68.68000030517578,64.83799743652344,67.83000183105469,8453
2017-02-22,67.83000183105469,69.69999694824219,66.47000122070312,67.31999969482422,4918
2017-02-23,68.0,68.0,64.94000244140625,66.47000122070312,4147
2017-02-24,66.30000305175781,68.68000030517578,65.27999877929688,65.62000274658203,3800
2017-02-27,66.30000305175781,68.51000213623047,65.79000091552734,68.16999816894531,4282
2017-02-28,68.0,68.68000030517578,66.30000305175781,67.31999969482422,3912
2017-03-01,68.68000030517578,70.55000305175781,68.0,69.19000244140625,5576
2017-03-02,68.8499984741211,72.08000183105469,68.8499984741211,69.19000244140625,6141
2017-03-03,69.69999694824219,70.88999938964844,67.31999969482422,68.0,5029
2017-03-06,67.31999969482422,68.51000213623047,65.44999694824219,65.95999908447266,6682
2017-03-07,63.75,66.9800033569336,63.75,66.30000305175781,8865
2017-03-08,66.9800033569336,68.8499984741211,66.12999725341797,66.30000305175781,3665
2017-03-09,66.9800033569336,67.83000183105469,64.7699966430664,67.31999969482422,4976
2017-03-10,68.33999633789062,68.51000213623047,67.66000366210938,68.0,6459
2017-03-13,68.0,76.5,68.0,75.6500015258789,59053
2017-03-14,75.6500015258789,75.6500015258789,70.55000305175781,72.58999633789062,14929
2017-03-15,72.58999633789062,73.0999984741211,71.05999755859375,72.08000183105469,13106
2017-03-16,72.08000183105469,72.41999816894531,69.69999694824219,70.20999908447266,7476
2017-03-17,70.55000305175781,77.86000061035156,70.55000305175781,76.5,30341
2017-03-20,79.9000015258789,82.60299682617188,73.61000061035156,75.81999969482422,24494
2017-03-21,75.81999969482422,75.81999969482422,70.20999908447266,70.55000305175781,11582
2017-03-22,70.72000122070312,73.50800323486328,66.47000122070312,71.2300033569336,11400
2017-03-23,71.2300033569336,74.45999908447266,69.36000061035156,71.05999755859375,6124
2017-03-24,71.56999969482422,71.56999969482422,67.1500015258789,68.16999816894531,7571
2017-03-27,66.63999938964844,69.36000061035156,61.880001068115234,64.26000213623047,17088
2017-03-28,65.27999877929688,66.30000305175781,63.75,65.62000274658203,10041
2017-03-29,65.95999908447266,70.88999938964844,64.7699966430664,68.33999633789062,7771
2017-03-30,67.66000366210938,68.51000213623047,65.62000274658203,66.30000305175781,5065
2017-03-31,65.62000274658203,67.31999969482422,65.44999694824219,66.30000305175781,3612
2017-04-03,66.80999755859375,67.1500015258789,63.75,65.11000061035156,6888
2017-04-04,65.44999694824219,65.44999694824219,63.2400016784668,63.58000183105469,9988
2017-04-05,63.91999816894531,66.38500213623047,63.2400016784668,63.75,6865
2017-04-06,64.08999633789062,66.02799987792969,63.40999984741211,64.5999984741211,6435
2017-04-07,64.08999633789062,65.11000061035156,63.75,63.91999816894531,2571
2017-04-10,63.75,65.44999694824219,63.222999572753906,63.91999816894531,4341
2017-04-11,64.26000213623047,65.44999694824219,61.880001068115234,63.75,6371
2017-04-12,63.58000183105469,64.94000244140625,62.900001525878906,63.40999984741211,2918
2017-04-13,63.58000183105469,64.26000213623047,62.1349983215332,63.75,3600
2017-04-17,63.75,65.27999877929688,63.06999969482422,63.91999816894531,2788
2017-04-18,62.900001525878906,63.91999816894531,62.04999923706055,62.560001373291016,3253
2017-04-19,63.2400016784668,65.27999877929688,62.560001373291016,62.900001525878906,9459
2017-04-20,62.900001525878906,63.58000183105469,61.880001068115234,62.72999954223633,6229
2017-04-21,63.58000183105469,64.05599975585938,62.04999923706055,62.900001525878906,5682
2017-04-24,65.27999877929688,66.02799987792969,62.38999938964844,64.5999984741211,3118
2017-04-25,65.44999694824219,72.25,65.0250015258789,69.0199966430664,19741
2017-04-26,69.87000274658203,71.4000015258789,68.33999633789062,70.20999908447266,5971
2017-04-27,71.05999755859375,71.11100006103516,69.0199966430664,69.87000274658203,5276
2017-04-28,70.37999725341797,74.80000305175781,68.51000213623047,72.08000183105469,17341
2017-05-01,73.2699966430664,73.32099914550781,70.20999908447266,71.05999755859375,7059
2017-05-02,71.56999969482422,73.77999877929688,69.5979995727539,71.91000366210938,9812
2017-05-03,72.08000183105469,73.49099731445312,70.94100189208984,72.08000183105469,7982
2017-05-04,72.41999816894531,72.41999816894531,71.05999755859375,71.56999969482422,4682
2017-05-05,71.56999969482422,71.56999969482422,70.55000305175781,70.55000305175781,5071
2017-05-08,69.87000274658203,70.55000305175781,66.47000122070312,67.66000366210938,7494
2017-05-09,67.31999969482422,69.0199966430664,67.31999969482422,67.66000366210938,4735
2017-05-10,68.0,68.68000030517578,66.63999938964844,68.33999633789062,4594
2017-05-11,68.33999633789062,68.68000030517578,66.47000122070312,68.0,5712
2017-05-12,68.0,68.0,61.880001068115234,62.04999923706055,16982
2017-05-15,62.900001525878906,65.65399932861328,62.900001525878906,63.91999816894531,7476
2017-05-16,63.06999969482422,65.79000091552734,57.970001220703125,58.47999954223633,24176
2017-05-17,57.79999923706055,61.1150016784668,56.61000061035156,56.95000076293945,17029
2017-05-18,57.79999923706055,59.33000183105469,56.95000076293945,58.81999969482422,10053
2017-05-19,58.650001525878906,61.029998779296875,58.310001373291016,60.52000045776367,7918
2017-05-22,61.029998779296875,63.06999969482422,59.15999984741211,60.349998474121094,7412
2017-05-23,60.349998474121094,63.494998931884766,60.349998474121094,62.220001220703125,8406
2017-05-24,61.880001068115234,63.91999816894531,61.540000915527344,62.560001373291016,5300
2017-05-25,63.06999969482422,63.06999969482422,60.52000045776367,61.880001068115234,6194
2017-05-26,61.880001068115234,63.2400016784668,58.9900016784668,61.880001068115234,23041
2017-05-30,61.540000915527344,61.540000915527344,57.71500015258789,59.66999816894531,13776
2017-05-31,59.84000015258789,62.560001373291016,59.5,62.38999938964844,4424
2017-06-01,62.220001220703125,65.0250015258789,61.20000076293945,63.91999816894531,7176
2017-06-02,64.43000030517578,65.95999908447266,61.79499816894531,62.72999954223633,9729
2017-06-05,63.75,64.5999984741211,61.880001068115234,62.04999923706055,7076
2017-06-06,62.04999923706055,64.58300018310547,58.81999969482422,59.66999816894531,9071
2017-06-07,60.0099983215332,63.91999816894531,59.33000183105469,60.52000045776367,11988
2017-06-08,60.86000061035156,62.560001373291016,59.5,61.20000076293945,6624
2017-06-09,67.54100036621094,67.54100036621094,58.9900016784668,61.029998779296875,6388
2017-06-12,60.0099983215332,62.04999923706055,58.81999969482422,59.5,12365
2017-06-13,59.92499923706055,63.75,59.92499923706055,62.560001373291016,6959
2017-06-14,62.04999923706055,68.83300018310547,60.18000030517578,66.9800033569336,23218
2017-06-15,66.9800033569336,70.88999938964844,65.27999877929688,67.48999786376953,22694
2017-06-16,66.63999938964844,67.37100219726562,65.44999694824219,65.79000091552734,8065
2017-06-19,65.95999908447266,70.02300262451172,64.94000244140625,68.33999633789062,80900
2017-06-20,86.0199966430664,87.37999725341797,70.72000122070312,72.08000183105469,496571
2017-06-21,71.4000015258789,74.15399932861328,69.0199966430664,70.72000122070312,69665
2017-06-22,69.87000274658203,74.12000274658203,69.69999694824219,73.44000244140625,31859
2017-06-23,73.94999694824219,75.81999969482422,70.88999938964844,71.56999969482422,119700
2017-06-26,71.91000366210938,73.74600219726562,66.30000305175781,66.9800033569336,44618
2017-06-27,67.48999786376953,70.88999938964844,66.63999938964844,67.83000183105469,38182
2017-06-28,68.68000030517578,70.55000305175781,68.0,70.20999908447266,18835
2017-06-29,69.69999694824219,73.61000061035156,68.51000213623047,69.36000061035156,32429
2017-06-30,69.0199966430664,70.72000122070312,64.94000244140625,68.33999633789062,20994
2017-07-03,68.33999633789062,70.55000305175781,67.48999786376953,69.52999877929688,9506
2017-07-05,69.19000244140625,71.73999786376953,66.63999938964844,67.66000366210938,23424
2017-07-06,69.0199966430664,71.05999755859375,67.83000183105469,68.0,20271
2017-07-07,68.16999816894531,69.87000274658203,68.0,68.8499984741211,10706
2017-07-10,67.83000183105469,70.88999938964844,67.83000183105469,70.20999908447266,12441
2017-07-11,69.69999694824219,73.77999877929688,69.69999694824219,73.61000061035156,17182
2017-07-12,74.97000122070312,76.33000183105469,73.61000061035156,75.98999786376953,27253
2017-07-13,74.97000122070312,76.16000366210938,73.2699966430664,75.30999755859375,11724
2017-07-14,75.4800033569336,75.6500015258789,74.25599670410156,74.97000122070312,9324
2017-07-17,75.6500015258789,81.7699966430664,75.30999755859375,79.55999755859375,30100
2017-07-18,80.06999969482422,80.41000366210938,77.18000030517578,77.3499984741211,17494
2017-07-19,78.19999694824219,79.7300033569336,76.33000183105469,79.38999938964844,7888
2017-07-20,78.87999725341797,79.7300033569336,77.69000244140625,78.70999908447266,7647
2017-07-21,77.86000061035156,80.23999786376953,77.86000061035156,80.06999969482422,12324
2017-07-24,80.06999969482422,84.83000183105469,79.7300033569336,83.47000122070312,20894
2017-07-25,82.79000091552734,88.4000015258789,82.79000091552734,86.19000244140625,44800
2017-07-26,87.04000091552734,87.04000091552734,83.63999938964844,84.48999786376953,13018
2017-07-27,83.9800033569336,85.91799926757812,81.94000244140625,83.9800033569336,16388
2017-07-28,83.9800033569336,89.58999633789062,83.30000305175781,89.41999816894531,24065
2017-07-31,90.44000244140625,90.61000061035156,85.0,86.19000244140625,14882
2017-08-01,86.36000061035156,86.36000061035156,80.41000366210938,81.94000244140625,12035
2017-08-02,81.5999984741211,84.1500015258789,75.13999938964844,77.69000244140625,18800
2017-08-03,77.3499984741211,79.55999755859375,75.30999755859375,75.30999755859375,11612
2017-08-04,76.5,77.3499984741211,74.80000305175781,75.13999938964844,8629
2017-08-07,76.33000183105469,80.44400024414062,74.12000274658203,76.33000183105469,6041
2017-08-08,75.4800033569336,78.54000091552734,74.45999908447266,76.83999633789062,7347
2017-08-09,79.55999755859375,82.95999908447266,71.73999786376953,73.44000244140625,20612
2017-08-10,72.25,73.44000244140625,68.16999816894531,72.08000183105469,15271
2017-08-11,72.25,76.80599975585938,70.37999725341797,72.58999633789062,9694
2017-08-14,76.66999816894531,77.69000244140625,70.20999908447266,73.44000244140625,19929
2017-08-15,74.12000274658203,74.12000274658203,69.36000061035156,70.55000305175781,34841
2017-08-16,71.4000015258789,72.25,69.36000061035156,70.88999938964844,4912
2017-08-17,70.88999938964844,71.2300033569336,69.52999877929688,69.69999694824219,4900
2017-08-18,69.0199966430664,70.04000091552734,68.51000213623047,69.69999694824219,3576
2017-08-21,70.20999908447266,76.07499694824219,68.51000213623047,71.2300033569336,11359
2017-08-22,70.75399780273438,72.72599792480469,69.52999877929688,70.88999938964844,4659
2017-08-23,70.55000305175781,70.72000122070312,69.0199966430664,69.52999877929688,23347
2017-08-24,70.55000305175781,72.25,67.83000183105469,68.51000213623047,23406
2017-08-25,68.51000213623047,68.96900177001953,67.1500015258789,68.16999816894531,9906
2017-08-28,68.51000213623047,69.19000244140625,67.31999969482422,68.8499984741211,6141
2017-08-29,68.51000213623047,69.52999877929688,64.7699966430664,65.11000061035156,20435
2017-08-30,64.7699966430664,64.94000244140625,59.99300003051758,62.474998474121094,27688
2017-08-31,62.900001525878906,64.43000030517578,59.84000015258789,64.26000213623047,23353
2017-09-01,64.5999984741211,66.9800033569336,63.06999969482422,64.94000244140625,5106
2017-09-05,65.11000061035156,66.12999725341797,63.2400016784668,64.08999633789062,6947
2017-09-06,64.5999984741211,65.95999908447266,62.900001525878906,64.5999984741211,3953
2017-09-07,64.5999984741211,66.04499816894531,64.5999984741211,64.5999984741211,6376
2017-09-08,64.43000030517578,66.12999725341797,64.26000213623047,65.11000061035156,2794
2017-09-11,65.44999694824219,71.91000366210938,64.4469985961914,70.20999908447266,15694
2017-09-12,71.2300033569336,71.2300033569336,68.8499984741211,70.72000122070312,5000
2017-09-13,70.55000305175781,71.56999969482422,69.51300048828125,70.37999725341797,4241
2017-09-14,70.55000305175781,71.05999755859375,69.19000244140625,69.52999877929688,3988
2017-09-15,69.52999877929688,70.37999725341797,67.31999969482422,68.16999816894531,7235
2017-09-18,67.1500015258789,70.37999725341797,67.1500015258789,67.66000366210938,8347
2017-09-19,67.66000366210938,68.16999816894531,66.47000122070312,66.80999755859375,5047
2017-09-20,66.63999938964844,68.68000030517578,64.7699966430664,68.0,6941
2017-09-21,67.1500015258789,71.4000015258789,67.1500015258789,70.20999908447266,10141
2017-09-22,70.77100372314453,71.04299926757812,66.9800033569336,70.37999725341797,9206
2017-09-25,70.55000305175781,71.56999969482422,69.87000274658203,70.37999725341797,4476
2017-09-26,70.55000305175781,70.55000305175781,67.48999786376953,68.16999816894531,7600
2017-09-27,68.27200317382812,69.19000244140625,67.83000183105469,68.68000030517578,3682
2017-09-28,68.8499984741211,70.20999908447266,67.1500015258789,67.31999969482422,6453
2017-09-29,67.1500015258789,68.0,66.47000122070312,67.48999786376953,5524
2017-10-02,68.16999816894531,69.87000274658203,67.98300170898438,69.0199966430664,7965
2017-10-03,68.8499984741211,69.802001953125,68.16999816894531,68.8499984741211,4353
2017-10-04,68.33999633789062,70.37999725341797,68.33999633789062,69.36000061035156,5029
2017-10-05,69.0199966430664,69.44499969482422,66.9800033569336,67.48999786376953,7341
2017-10-06,66.9800033569336,68.0,66.47000122070312,67.1500015258789,2747
2017-10-09,67.83000183105469,68.16999816894531,65.11000061035156,65.79000091552734,8106
2017-10-10,66.33399963378906,70.04000091552734,65.95999908447266,70.04000091552734,15729
2017-10-11,69.36000061035156,74.44300079345703,69.36000061035156,73.94999694824219,20600
2017-10-12,73.94999694824219,74.29000091552734,69.87000274658203,70.55000305175781,11506
2017-10-13,72.08000183105469,72.08000183105469,66.67400360107422,67.83000183105469,19253
2017-10-16,65.44999694824219,68.51000213623047,62.220001220703125,64.26000213623047,22324
2017-10-17,64.43000030517578,66.80999755859375,62.72999954223633,63.06999969482422,12612
2017-10-18,66.12999725341797,70.26100158691406,62.560001373291016,67.83000183105469,42282
2017-10-19,67.83000183105469,67.83000183105469,64.94000244140625,65.11000061035156,7418
2017-10-20,65.95999908447266,65.95999908447266,62.06700134277344,63.06999969482422,25994
2017-10-23,63.40999984741211,64.5999984741211,60.349998474121094,61.029998779296875,22088
2017-10-24,61.369998931884766,61.369998931884766,59.66999816894531,59.84000015258789,19159
2017-10-25,60.18000030517578,61.369998931884766,59.5,60.52000045776367,13959
2017-10-26,60.52000045776367,60.52000045776367,57.79999923706055,59.5,16024
2017-10-27,59.66999816894531,63.06999969482422,58.071998596191406,61.540000915527344,18135
2017-10-30,62.04999923706055,62.04999923706055,59.5,60.0099983215332,8541
2017-10-31,60.52000045776367,61.55699920654297,59.15999984741211,60.0099983215332,6753
2017-11-01,60.0099983215332,61.029998779296875,58.47999954223633,59.5,6312
2017-11-02,59.5,60.0099983215332,58.13999938964844,59.5,5800
2017-11-03,59.5,60.0099983215332,58.683998107910156,59.5,7782
2017-11-06,58.9900016784668,62.04999923706055,58.81999969482422,61.20000076293945,10118
2017-11-07,62.04999923706055,62.560001373291016,59.5,60.349998474121094,5082
2017-11-08,60.86000061035156,61.880001068115234,60.0099983215332,60.18000030517578,3235
2017-11-09,60.86000061035156,61.880001068115234,59.5,61.709999084472656,3959
2017-11-10,62.560001373291016,66.30000305175781,62.560001373291016,65.79000091552734,15394
2017-11-13,65.27999877929688,67.50700378417969,61.880001068115234,62.72999954223633,7671
2017-11-14,62.04999923706055,63.75,60.0099983215332,61.369998931884766,7029
2017-11-15,61.20000076293945,64.08999633789062,60.4010009765625,62.900001525878906,5212
2017-11-16,64.26000213623047,68.15299987792969,62.38999938964844,65.44999694824219,13394
2017-11-17,60.349998474121094,62.69599914550781,59.5,61.709999084472656,19435
2017-11-20,61.369998931884766,61.540000915527344,58.9900016784668,60.689998626708984,14424
2017-11-21,60.689998626708984,62.06700134277344,60.18000030517578,60.52000045776367,8929
2017-11-22,60.86000061035156,61.590999603271484,60.349998474121094,60.689998626708984,4288
2017-11-24,61.029998779296875,63.375999450683594,60.86000061035156,61.880001068115234,5471
2017-11-27,61.880001068115234,61.981998443603516,60.18000030517578,60.689998626708984,6259
2017-11-28,60.52000045776367,61.540000915527344,60.349998474121094,61.20000076293945,6118
2017-11-29,61.20000076293945,62.38999938964844,60.689998626708984,61.540000915527344,6112
2017-11-30,61.880001068115234,62.04999923706055,60.349998474121094,60.689998626708984,7912
2017-12-01,61.029998779296875,61.20000076293945,59.5,60.52000045776367,7776
2017-12-04,61.20000076293945,63.58000183105469,59.66999816894531,62.38999938964844,17318
2017-12-05,62.560001373291016,63.40999984741211,60.18000030517578,61.029998779296875,8600
2017-12-06,60.18000030517578,61.20000076293945,59.15999984741211,59.84000015258789,10253
2017-12-07,60.18000030517578,60.18000030517578,58.650001525878906,58.650001525878906,6182
2017-12-08,61.20000076293945,61.880001068115234,58.650001525878906,60.689998626708984,8353
2017-12-11,61.20000076293945,61.369998931884766,59.33000183105469,60.0099983215332,6488
2017-12-12,60.689998626708984,60.689998626708984,59.15999984741211,59.584999084472656,6106
2017-12-13,59.84000015258789,60.87699890136719,58.47999954223633,58.9900016784668,10941
2017-12-14,58.650001525878906,58.9900016784668,56.95000076293945,57.119998931884766,18341
2017-12-15,57.79999923706055,61.029998779296875,56.779998779296875,59.5,22241
2017-12-18,61.20000076293945,61.709999084472656,58.650001525878906,59.33000183105469,11176
2017-12-19,59.5,61.20000076293945,58.9900016784668,59.84000015258789,16688
2017-12-20,60.349998474121094,60.52000045776367,58.9900016784668,58.9900016784668,5412
2017-12-21,59.15999984741211,60.52000045776367,58.13999938964844,58.81999969482422,9076
2017-12-22,59.194000244140625,60.349998474121094,58.310001373291016,59.5,15735
2017-12-26,60.52000045776367,61.029998779296875,59.33000183105469,59.5,15918
2017-12-27,59.33000183105469,60.349998474121094,59.15999984741211,59.5,7465
2017-12-28,60.0099983215332,60.689998626708984,58.650001525878906,60.0099983215332,11976
2017-12-29,59.5,60.52000045776367,57.970001220703125,58.47999954223633,24947
2018-01-02,59.5,60.52000045776367,57.119998931884766,58.47999954223633,46265
2018-01-03,58.9900016784668,59.99300003051758,57.119998931884766,57.630001068115234,47365
2018-01-04,59.5,59.5,55.31800079345703,56.27000045776367,65324
2018-01-05,56.439998626708984,57.459999084472656,49.231998443603516,51.5099983215332,110506
2018-01-08,55.25,61.029998779296875,53.974998474121094,58.13999938964844,124418
2018-01-09,59.15999984741211,59.5,49.810001373291016,58.81999969482422,112594
2018-01-10,58.81999969482422,58.81999969482422,58.81999969482422,58.81999969482422,42329
2018-01-11,29.75,36.380001068115234,28.389999389648438,31.790000915527344,294794
2018-01-12,34.0,34.0,28.729999542236328,29.06999969482422,92912
2018-01-16,29.06999969482422,29.325000762939453,25.5,25.84000015258789,79571
2018-01-17,25.5,27.01300048828125,23.799999237060547,24.989999771118164,55341
2018-01-18,25.15999984741211,25.329999923706055,24.139999389648438,24.309999465942383,31882
2018-01-19,24.309999465942383,24.479999542236328,22.100000381469727,23.1200008392334,62106
2018-01-22,22.780000686645508,25.329999923706055,22.440000534057617,24.649999618530273,36088
2018-01-23,24.81999969482422,25.15999984741211,23.290000915527344,24.309999465942383,21341
2018-01-24,24.309999465942383,24.479999542236328,22.950000762939453,23.459999084472656,23518
2018-01-25,23.6299991607666,24.479999542236328,22.950000762939453,23.799999237060547,19482
2018-01-26,23.969999313354492,24.292999267578125,22.270000457763672,22.270000457763672,68371
2018-01-29,22.440000534057617,24.649999618530273,21.420000076293945,23.969999313354492,45347
2018-01-30,23.799999237060547,23.799999237060547,22.270000457763672,23.1200008392334,15359
2018-01-31,23.290000915527344,23.290000915527344,22.440000534057617,22.440000534057617,9441
2018-02-01,22.610000610351562,24.309999465942383,21.760000228881836,24.309999465942383,27041
2018-02-02,23.969999313354492,23.969999313354492,22.100000381469727,22.610000610351562,55141
2018-02-05,22.270000457763672,22.440000534057617,20.399999618530273,20.90999984741211,38394
2018-02-06,21.079999923706055,21.25,20.059999465942383,20.90999984741211,18453
2018-02-07,21.25,21.93000030517578,20.90999984741211,21.93000030517578,8488
2018-02-08,21.93000030517578,22.100000381469727,19.889999389648438,20.399999618530273,19359
2018-02-09,20.56999969482422,21.59000015258789,19.549999237060547,20.90999984741211,18582
2018-02-12,21.25,22.440000534057617,20.90999984741211,21.93000030517578,20453
2018-02-13,21.93000030517578,22.270000457763672,20.56999969482422,21.59000015258789,9976
2018-02-14,21.760000228881836,22.270000457763672,20.90999984741211,22.100000381469727,8924
2018-02-15,22.100000381469727,22.950000762939453,21.760000228881836,22.610000610351562,15400
2018-02-16,22.610000610351562,23.6299991607666,22.270000457763672,22.610000610351562,22576
2018-02-20,22.100000381469727,23.1200008392334,20.059999465942383,21.420000076293945,6165
2018-02-21,21.59000015258789,22.100000381469727,21.079999923706055,21.420000076293945,13659
2018-02-22,21.59000015258789,21.59000015258789,19.889999389648438,20.059999465942383,19024
2018-02-23,20.229999542236328,21.420000076293945,19.73699951171875,21.079999923706055,12124
2018-02-26,21.079999923706055,23.290000915527344,21.079999923706055,22.270000457763672,14029
2018-02-27,28.049999237060547,28.729999542236328,24.139999389648438,25.84000015258789,325529
2018-02-28,27.200000762939453,33.65999984741211,26.350000381469727,32.29999923706055,221829
2018-03-01,32.29999923706055,32.810001373291016,25.84000015258789,26.690000534057617,128482
2018-03-02,28.219999313354492,30.43000030517578,26.690000534057617,28.899999618530273,51782
2018-03-05,29.06999969482422,29.75,26.010000228881836,27.540000915527344,40512
2018-03-06,27.3700008392334,28.049999237060547,26.18000030517578,27.030000686645508,14712
2018-03-07,26.860000610351562,28.406999588012695,26.350000381469727,28.049999237060547,22471
2018-03-08,28.049999237060547,28.219999313354492,26.690000534057617,27.200000762939453,10718
2018-03-09,27.3700008392334,28.525999069213867,26.350000381469727,26.860000610351562,24282
2018-03-12,26.350000381469727,26.860000610351562,24.139999389648438,25.15999984741211,28829
2018-03-13,25.329999923706055,26.18000030517578,24.836999893188477,25.15999984741211,5841
2018-03-14,25.329999923706055,26.010000228881836,25.15999984741211,25.670000076293945,13047
2018-03-15,25.84000015258789,25.84000015258789,24.81999969482422,24.989999771118164,8718
2018-03-16,24.989999771118164,26.010000228881836,24.81999969482422,25.84000015258789,11218
2018-03-19,25.670000076293945,26.010000228881836,23.969999313354492,25.15999984741211,11953
2018-03-20,26.010000228881836,26.010000228881836,24.139999389648438,25.329999923706055,10735
2018-03-21,25.5,26.520000457763672,24.81999969482422,26.18000030517578,12000
2018-03-22,26.010000228881836,29.239999771118164,26.010000228881836,28.389999389648438,32829
2018-03-23,29.06999969482422,29.06999969482422,26.690000534057617,27.200000762939453,14871
2018-03-26,27.3700008392334,27.8799991607666,25.670000076293945,26.350000381469727,7729
2018-03-27,26.520000457763672,27.030000686645508,26.010000228881836,26.520000457763672,6406
2018-03-28,26.350000381469727,27.709999084472656,24.81999969482422,24.81999969482422,9594
2018-03-29,27.200000762939453,27.200000762939453,24.81999969482422,26.010000228881836,8682
2018-04-02,26.520000457763672,27.540000915527344,25.006999969482422,25.670000076293945,10206
2018-04-03,25.84000015258789,26.350000381469727,25.261999130249023,25.5,6776
2018-04-04,25.329999923706055,27.590999603271484,25.329999923706055,27.200000762939453,11359
2018-04-05,27.3700008392334,28.44099998474121,26.520000457763672,27.709999084472656,11053
2018-04-06,27.540000915527344,28.559999465942383,26.860000610351562,28.049999237060547,16482
2018-04-09,28.389999389648438,30.243000030517578,27.540000915527344,27.709999084472656,31412
2018-04-10,28.049999237060547,28.219999313354492,26.18000030517578,27.8799991607666,15324
2018-04-11,27.8799991607666,28.899999618530273,26.87700080871582,28.559999465942383,5512
2018-04-12,28.729999542236328,28.899999618530273,28.049999237060547,28.219999313354492,6506
2018-04-13,28.389999389648438,29.579999923706055,28.23699951171875,28.985000610351562,12394
2018-04-16,29.239999771118164,29.75,28.066999435424805,28.899999618530273,5824
2018-04-17,28.729999542236328,29.579999923706055,28.049999237060547,28.729999542236328,10512
2018-04-18,28.899999618530273,28.899999618530273,27.200000762939453,28.729999542236328,7594
2018-04-19,28.899999618530273,28.899999618530273,26.860000610351562,27.540000915527344,7765
2018-04-20,27.540000915527344,28.389999389648438,27.183000564575195,28.049999237060547,4441
2018-04-23,28.049999237060547,28.049999237060547,25.15999984741211,25.5,21065
2018-04-24,25.329999923706055,26.860000610351562,25.329999923706055,26.350000381469727,6306
2018-04-25,26.350000381469727,26.690000534057617,25.415000915527344,26.350000381469727,5712
2018-04-26,26.520000457763672,27.8799991607666,25.5,27.3700008392334,5512
2018-04-27,27.540000915527344,27.709999084472656,26.690000534057617,27.200000762939453,4518
2018-04-30,27.200000762939453,27.35300064086914,25.84000015258789,26.18000030517578,9218
2018-05-01,26.520000457763672,26.53700065612793,24.649999618530273,25.329999923706055,11112
2018-05-02,25.84000015258789,26.350000381469727,24.649999618530273,25.15999984741211,6124
2018-05-03,25.329999923706055,25.5,24.989999771118164,25.5,4412
2018-05-04,25.84000015258789,26.860000610351562,25.329999923706055,26.18000030517578,15388
2018-05-07,28.899999618530273,29.239999771118164,26.350000381469727,26.690000534057617,51788
2018-05-08,27.3700008392334,36.3120002746582,27.200000762939453,30.260000228881836,174265
2018-05-09,19.549999237060547,21.079999923706055,17.510000228881836,19.3799991607666,127194
2018-05-10,18.700000762939453,18.8700008392334,17.850000381469727,18.020000457763672,31824
2018-05-11,18.190000534057617,19.209999084472656,17.850000381469727,18.700000762939453,26359
2018-05-14,18.8700008392334,21.760000228881836,18.360000610351562,21.59000015258789,41806
2018-05-15,21.420000076293945,21.93000030517578,20.399999618530273,21.25,14753
2018-05-16,21.079999923706055,21.079999923706055,20.399999618530273,20.399999618530273,10518
2018-05-17,20.56999969482422,21.079999923706055,20.229999542236328,20.90999984741211,6676
2018-05-18,21.25,22.76300048828125,20.90999984741211,22.100000381469727,17171
2018-05-21,22.270000457763672,22.474000930786133,20.586999893188477,21.25,16306
2018-05-22,21.25,21.59000015258789,20.739999771118164,20.739999771118164,6488
2018-05-23,20.739999771118164,21.59000015258789,20.56999969482422,21.079999923706055,3165
2018-05-24,20.90999984741211,20.90999984741211,20.145000457763672,20.229999542236328,6224
2018-05-25,20.399999618530273,20.739999771118164,20.399999618530273,20.739999771118164,4076
2018-05-29,20.399999618530273,20.56999969482422,19.719999313354492,20.229999542236328,4382
2018-05-30,20.399999618530273,20.756999969482422,19.889999389648438,19.889999389648438,4188
2018-05-31,20.059999465942383,20.399999618530273,19.3799991607666,20.059999465942383,5912
2018-06-01,20.229999542236328,20.56999969482422,19.549999237060547,20.229999542236328,2618
2018-06-04,20.059999465942383,20.399999618530273,20.059999465942383,20.229999542236328,1894
2018-06-05,20.399999618530273,21.079999923706055,20.399999618530273,20.56999969482422,4459
2018-06-06,20.739999771118164,21.420000076293945,20.739999771118164,21.079999923706055,6424
2018-06-07,21.079999923706055,22.440000534057617,21.079999923706055,21.760000228881836,14053
2018-06-08,21.59000015258789,22.610000610351562,21.267000198364258,21.59000015258789,6553
2018-06-11,21.760000228881836,22.780000686645508,21.760000228881836,22.593000411987305,6747
2018-06-12,22.610000610351562,22.950000762939453,21.368999481201172,22.440000534057617,3076
2018-06-13,22.440000534057617,23.1200008392334,21.420000076293945,23.1200008392334,5900
2018-06-14,22.950000762939453,23.969999313354492,22.950000762939453,23.6299991607666,9482
2018-06-15,23.6299991607666,23.799999237060547,22.797000885009766,23.6299991607666,4924
2018-06-18,23.6299991607666,23.799999237060547,22.270000457763672,22.69499969482422,3324
2018-06-19,22.440000534057617,23.03499984741211,22.270000457763672,22.780000686645508,2659
2018-06-20,22.780000686645508,23.969999313354492,22.780000686645508,23.03499984741211,5582
2018-06-21,22.100000381469727,23.1200008392334,22.100000381469727,22.100000381469727,2412
2018-06-22,22.270000457763672,22.780000686645508,21.59000015258789,21.59000015258789,7418
2018-06-25,21.59000015258789,21.913000106811523,20.9950008392334,21.59000015258789,3012
2018-06-26,21.25,22.100000381469727,21.25,22.100000381469727,2806
2018-06-27,22.100000381469727,22.950000762939453,22.08300018310547,22.610000610351562,2759
2018-06-28,21.93000030517578,22.610000610351562,21.437000274658203,21.760000228881836,2224
2018-06-29,21.93000030517578,22.270000457763672,21.93000030517578,22.100000381469727,1894
2018-07-02,21.93000030517578,22.780000686645508,21.59000015258789,22.610000610351562,2324
2018-07-03,22.76300048828125,23.459999084472656,22.610000610351562,23.459999084472656,2612
2018-07-05,23.290000915527344,23.799999237060547,22.304000854492188,22.950000762939453,3929
2018-07-06,22.780000686645508,23.799999237060547,22.780000686645508,23.459999084472656,1959
2018-07-09,23.459999084472656,24.649999618530273,22.950000762939453,23.459999084472656,12012
2018-07-10,23.64699935913086,24.479999542236328,23.459999084472656,23.459999084472656,2100
2018-07-11,23.799999237060547,24.649999618530273,23.459999084472656,23.969999313354492,5729
2018-07-12,24.139999389648438,24.309999465942383,23.6299991607666,24.225000381469727,3212
2018-07-13,23.799999237060547,24.649999618530273,23.799999237060547,24.139999389648438,2841
2018-07-16,24.479999542236328,24.479999542236328,23.799999237060547,23.969999313354492,2659
2018-07-17,23.799999237060547,24.479999542236328,23.459999084472656,23.459999084472656,3582
2018-07-18,24.513999938964844,24.513999938964844,23.680999755859375,23.969999313354492,3700
2018-07-19,24.139999389648438,24.46299934387207,23.459999084472656,23.459999084472656,5141
2018-07-20,23.6299991607666,24.309999465942383,23.1200008392334,23.6299991607666,2941
2018-07-23,23.969999313354492,23.969999313354492,23.476999282836914,23.969999313354492,13771
2018-07-24,23.799999237060547,24.479999542236328,23.6299991607666,23.799999237060547,1812
2018-07-25,23.459999084472656,23.969999313354492,23.136999130249023,23.969999313354492,2518
2018-07-26,23.799999237060547,24.309999465942383,23.1200008392334,23.6299991607666,2524
2018-07-27,23.476999282836914,23.799999237060547,23.290000915527344,23.6299991607666,647
2018-07-30,23.57900047302246,24.139999389648438,22.780000686645508,23.290000915527344,2200
2018-07-31,23.1200008392334,23.799999237060547,22.270000457763672,22.270000457763672,2859
2018-08-01,22.950000762939453,23.969999313354492,22.950000762939453,23.6299991607666,3488
2018-08-02,23.476999282836914,23.799999237060547,23.459999084472656,23.59600067138672,2253
2018-08-03,22.950000762939453,23.6299991607666,22.780000686645508,23.290000915527344,2624
2018-08-06,23.136999130249023,24.479999542236328,22.100000381469727,24.309999465942383,2165
2018-08-07,24.479999542236328,25.15999984741211,23.969999313354492,23.969999313354492,3547
2018-08-08,24.479999542236328,26.350000381469727,23.969999313354492,25.329999923706055,21906
2018-08-09,25.15999984741211,25.84000015258789,25.006999969482422,25.329999923706055,5947
2018-08-10,25.5,26.18000030517578,24.989999771118164,26.010000228881836,6059
2018-08-13,26.350000381469727,27.030000686645508,25.85700035095215,26.350000381469727,5753
2018-08-14,26.860000610351562,26.860000610351562,24.139999389648438,25.329999923706055,9006
2018-08-15,25.15999984741211,25.329999923706055,24.259000778198242,24.479999542236328,2053
2018-08-16,24.309999465942383,25.43199920654297,23.1200008392334,23.799999237060547,3312
2018-08-17,23.6299991607666,24.41200065612793,23.1200008392334,23.290000915527344,1306
2018-08-20,23.1200008392334,23.969999313354492,22.610000610351562,22.950000762939453,3047
2018-08-21,23.204999923706055,24.309999465942383,22.950000762939453,23.799999237060547,4265
2018-08-22,23.799999237060547,24.309999465942383,23.290000915527344,24.139999389648438,2141
2018-08-23,24.309999465942383,24.649999618530273,23.969999313354492,24.479999542236328,1012
2018-08-24,24.309999465942383,24.649999618530273,23.799999237060547,23.799999237060547,1329
2018-08-27,23.799999237060547,24.479999542236328,23.1200008392334,23.290000915527344,4924
2018-08-28,23.290000915527344,24.139999389648438,23.1200008392334,23.290000915527344,1971
2018-08-29,23.459999084472656,23.969999313354492,23.459999084472656,23.969999313354492,1182
2018-08-30,23.799999237060547,24.649999618530273,23.6299991607666,24.139999389648438,4724
2018-08-31,24.309999465942383,25.329999923706055,24.309999465942383,25.329999923706055,3435
2018-09-04,24.649999618530273,28.559999465942383,24.649999618530273,26.774999618530273,16188
2018-09-05,26.690000534057617,28.049999237060547,25.670000076293945,27.540000915527344,3053
2018-09-06,27.709999084472656,27.8799991607666,26.520000457763672,27.709999084472656,1918
2018-09-07,27.540000915527344,28.899999618530273,26.384000778198242,26.690000534057617,4059
2018-09-10,26.690000534057617,27.709999084472656,26.18000030517578,26.520000457763672,1335
2018-09-11,26.860000610351562,26.860000610351562,25.84000015258789,26.690000534057617,1659
2018-09-12,27.047000885009766,27.047000885009766,26.010000228881836,26.690000534057617,2153
2018-09-13,27.676000595092773,27.709999084472656,26.860000610351562,27.183000564575195,3753
2018-09-14,26.740999221801758,27.200000762939453,25.958999633789062,26.520000457763672,1553
2018-09-17,27.030000686645508,27.200000762939453,26.6560001373291,26.690000534057617,635
2018-09-18,26.520000457763672,27.200000762939453,26.010000228881836,26.774999618530273,3553
2018-09-19,26.690000534057617,27.200000762939453,25.84000015258789,26.690000534057617,3541
2018-09-20,26.860000610351562,27.183000564575195,23.969999313354492,25.84000015258789,10088
2018-09-21,24.649999618530273,26.18000030517578,24.649999618530273,26.18000030517578,4635
2018-09-24,26.010000228881836,26.04400062561035,24.81999969482422,25.329999923706055,1924
2018-09-25,24.649999618530273,25.5,24.309999465942383,24.81999969482422,3706
2018-09-26,25.465999603271484,25.5,23.799999237060547,24.139999389648438,3071
2018-09-27,24.361000061035156,24.649999618530273,23.459999084472656,24.139999389648438,6965
2018-09-28,23.969999313354492,24.139999389648438,23.290000915527344,23.459999084472656,7335
2018-10-01,23.290000915527344,24.649999618530273,23.290000915527344,23.290000915527344,6135
2018-10-02,23.459999084472656,23.799999237060547,23.290000915527344,23.459999084472656,2324
2018-10-03,23.6299991607666,23.969999313354492,23.459999084472656,23.459999084472656,1347
2018-10-04,23.6299991607666,23.969999313354492,22.100000381469727,22.440000534057617,4218
2018-10-05,22.610000610351562,23.459999084472656,22.610000610351562,23.290000915527344,953
2018-10-08,23.1200008392334,23.290000915527344,22.270000457763672,22.780000686645508,2259
2018-10-09,22.610000610351562,23.1200008392334,22.270000457763672,22.69499969482422,859
2018-10-10,22.780000686645508,23.1200008392334,22.270000457763672,22.270000457763672,2829
2018-10-11,22.780000686645508,22.780000686645508,22.100000381469727,22.100000381469727,947
2018-10-12,22.610000610351562,22.950000762939453,22.270000457763672,22.950000762939453,2459
2018-10-15,22.950000762939453,23.6299991607666,22.270000457763672,22.270000457763672,2129
2018-10-16,22.440000534057617,24.479999542236328,22.100000381469727,22.100000381469727,6176
2018-10-17,22.270000457763672,24.479999542236328,21.760000228881836,22.950000762939453,24088
2018-10-18,23.290000915527344,23.290000915527344,22.100000381469727,22.100000381469727,6447
2018-10-19,22.270000457763672,22.440000534057617,20.059999465942383,20.56999969482422,9988
2018-10-22,21.420000076293945,23.000999450683594,18.8700008392334,19.209999084472656,13959
2018-10-23,19.040000915527344,21.148000717163086,18.020000457763672,19.719999313354492,10206
2018-10-24,20.56999969482422,22.610000610351562,20.56999969482422,22.100000381469727,3765
2018-10-25,22.270000457763672,22.950000762939453,21.981000900268555,22.270000457763672,2394
2018-10-26,21.964000701904297,23.1200008392334,21.25,22.270000457763672,7441
2018-10-29,22.270000457763672,22.270000457763672,21.59000015258789,22.270000457763672,2759
2018-10-30,22.100000381469727,23.1200008392334,21.52199935913086,22.780000686645508,2447
2018-10-31,22.270000457763672,24.139999389648438,22.270000457763672,23.799999237060547,3612
2018-11-01,24.139999389648438,24.479999542236328,23.459999084472656,24.479999542236328,4500
2018-11-02,25.15999984741211,26.350000381469727,22.270000457763672,25.15999984741211,17271
2018-11-05,25.5,26.18000030517578,24.649999618530273,25.15999984741211,20129
2018-11-06,25.5,25.84000015258789,25.329999923706055,25.5,8629
2018-11-07,25.84000015258789,25.84000015258789,24.479999542236328,25.329999923706055,8959
2018-11-08,26.18000030517578,27.709999084472656,26.010000228881836,27.709999084472656,24029
2018-11-09,27.709999084472656,27.8799991607666,27.030000686645508,27.200000762939453,9818
2018-11-12,27.200000762939453,29.732999801635742,27.200000762939453,27.200000762939453,8188
2018-11-13,27.200000762939453,28.049999237060547,27.030000686645508,27.200000762939453,4835
2018-11-14,26.690000534057617,26.690000534057617,24.649999618530273,24.989999771118164,5518
2018-11-15,25.15999984741211,25.670000076293945,23.969999313354492,23.969999313354492,2735
2018-11-16,24.139999389648438,24.649999618530273,24.139999389648438,24.479999542236328,2206
2018-11-19,23.969999313354492,24.989999771118164,23.459999084472656,23.6299991607666,2247
2018-11-20,23.1200008392334,24.649999618530273,23.1200008392334,23.969999313354492,812
2018-11-21,24.139999389648438,24.139999389648438,23.799999237060547,23.969999313354492,576
2018-11-23,23.969999313354492,24.479999542236328,23.290000915527344,23.969999313354492,1288
2018-11-26,23.969999313354492,24.139999389648438,22.950000762939453,22.950000762939453,2235
2018-11-27,22.950000762939453,23.799999237060547,22.950000762939453,23.6299991607666,1618
2018-11-28,23.799999237060547,24.479999542236328,23.6299991607666,23.799999237060547,1618
2018-11-29,23.392000198364258,24.139999389648438,23.392000198364258,23.969999313354492,3335
2018-11-30,24.139999389648438,24.649999618530273,23.1200008392334,23.1200008392334,3459
2018-12-03,23.459999084472656,25.5,23.459999084472656,24.649999618530273,4988
2018-12-04,25.5,25.5,23.98699951171875,24.81999969482422,5271
2018-12-06,24.309999465942383,24.649999618530273,23.459999084472656,23.6299991607666,2576
2018-12-07,23.6299991607666,24.81999969482422,23.6299991607666,23.6299991607666,1553
2018-12-10,23.799999237060547,25.15999984741211,23.1200008392334,24.479999542236328,6741
2018-12-11,24.81999969482422,25.15999984741211,23.290000915527344,23.290000915527344,1641
2018-12-12,24.139999389648438,24.81999969482422,23.799999237060547,24.479999542236328,1765
2018-12-13,24.309999465942383,24.649999618530273,23.1200008392334,23.459999084472656,3165
2018-12-14,23.290000915527344,24.649999618530273,23.290000915527344,23.6299991607666,1618
2018-12-17,23.1200008392334,24.309999465942383,22.950000762939453,22.950000762939453,3000
2018-12-18,22.950000762939453,23.6299991607666,21.760000228881836,22.270000457763672,4818
2018-12-19,22.610000610351562,23.290000915527344,22.320999145507812,22.320999145507812,3759
2018-12-20,23.459999084472656,23.459999084472656,22.100000381469727,22.100000381469727,12871
2018-12-21,22.100000381469727,22.780000686645508,21.420000076293945,21.420000076293945,4529
2018-12-24,21.25,22.270000457763672,21.25,21.25,4159
2018-12-26,21.25,21.25,19.549999237060547,19.549999237060547,10235
2018-12-27,19.040000915527344,19.889999389648438,17.850000381469727,18.530000686645508,8618
2018-12-28,17.850000381469727,19.209999084472656,17.68000030517578,18.190000534057617,11135
2018-12-31,18.190000534057617,23.459999084472656,18.020000457763672,22.100000381469727,13471
2019-01-02,22.610000610351562,24.81999969482422,21.760000228881836,24.81999969482422,10071
2019-01-03,24.649999618530273,26.520000457763672,23.969999313354492,26.520000457763672,5159
2019-01-04,26.520000457763672,27.8799991607666,26.520000457763672,27.540000915527344,8418
2019-01-07,27.709999084472656,27.8799991607666,26.996000289916992,27.8799991607666,9929
2019-01-08,27.8799991607666,27.8799991607666,26.18000030517578,26.18000030517578,3206
2019-01-09,26.690000534057617,27.540000915527344,25.84000015258789,27.540000915527344,2547
2019-01-10,27.200000762939453,27.523000717163086,26.520000457763672,26.860000610351562,1582
2019-01-11,27.540000915527344,27.540000915527344,26.520000457763672,26.860000610351562,776
2019-01-14,27.540000915527344,28.729999542236328,26.690000534057617,26.860000610351562,5794
2019-01-15,26.860000610351562,27.540000915527344,26.860000610351562,26.860000610351562,1935
2019-01-16,27.386999130249023,27.540000915527344,26.860000610351562,27.030000686645508,882
2019-01-17,39.8650016784668,44.880001068115234,30.600000381469727,31.959999084472656,1494359
2019-01-18,30.09000015258789,30.600000381469727,27.200000762939453,28.389999389648438,108806
2019-01-22,29.239999771118164,29.75,25.84000015258789,26.520000457763672,35624
2019-01-23,26.860000610351562,28.559999465942383,26.010000228881836,26.520000457763672,27888
2019-01-24,27.8799991607666,28.559999465942383,26.860000610351562,27.3700008392334,41959
2019-01-25,27.3700008392334,28.253999710083008,26.860000610351562,27.030000686645508,17171
2019-01-28,27.709999084472656,28.559999465942383,27.200000762939453,27.3700008392334,14088
2019-01-29,27.200000762939453,28.219999313354492,26.570999145507812,27.709999084472656,12718
2019-01-30,28.049999237060547,28.559999465942383,27.200000762939453,27.437999725341797,14765
2019-01-31,27.540000915527344,28.389999389648438,27.3700008392334,27.3700008392334,13429
2019-02-01,27.3700008392334,28.389999389648438,27.200000762939453,27.3700008392334,19171
2019-02-04,27.540000915527344,28.049999237060547,26.520000457763672,26.860000610351562,39424
2019-02-05,26.860000610351562,27.540000915527344,26.860000610351562,27.200000762939453,9124
2019-02-06,27.200000762939453,27.709999084472656,26.860000610351562,27.709999084472656,15271
2019-02-07,27.3700008392334,27.743999481201172,27.200000762939453,27.709999084472656,4835
2019-02-08,27.540000915527344,28.389999389648438,27.3700008392334,27.8799991607666,6753
2019-02-11,28.219999313354492,29.239999771118164,28.049999237060547,28.559999465942383,19718
2019-02-12,28.729999542236328,29.920000076293945,28.729999542236328,29.40999984741211,16953
2019-02-13,29.920000076293945,30.09000015258789,28.559999465942383,29.06999969482422,14118
2019-02-14,29.579999923706055,30.09000015258789,26.520000457763672,27.709999084472656,45612
2019-02-15,27.709999084472656,29.40999984741211,27.454999923706055,28.729999542236328,17059
2019-02-19,28.899999618530273,29.579999923706055,28.049999237060547,28.899999618530273,8159
2019-02-20,28.899999618530273,29.239999771118164,28.288000106811523,28.559999465942383,7906
2019-02-21,28.729999542236328,29.239999771118164,28.475000381469727,29.239999771118164,3800
2019-02-22,29.06999969482422,29.239999771118164,28.559999465942383,28.93400001525879,5282
2019-02-25,29.239999771118164,29.239999771118164,28.729999542236328,28.899999618530273,8171
2019-02-26,28.899999618530273,29.239999771118164,28.559999465942383,28.729999542236328,2941
2019-02-27,28.559999465942383,29.239999771118164,28.049999237060547,28.729999542236328,3929
2019-02-28,28.559999465942383,29.579999923706055,28.389999389648438,29.579999923706055,8624
2019-03-01,29.579999923706055,30.770000457763672,29.239999771118164,30.260000228881836,16459
2019-03-04,30.600000381469727,30.770000457763672,29.75,30.770000457763672,6971
2019-03-05,30.600000381469727,34.0,30.055999755859375,33.31999969482422,32447
2019-03-06,32.97999954223633,34.0,30.770000457763672,33.65999984741211,17412
2019-03-07,33.65999984741211,35.70000076293945,32.97999954223633,35.02000045776367,29159
2019-03-08,35.189998626708984,35.189998626708984,34.0,35.02000045776367,10918
2019-03-11,35.36000061035156,37.400001525878906,35.207000732421875,37.060001373291016,22288
2019-03-12,42.66999816894531,43.86000061035156,36.54999923706055,38.25,407235
2019-03-13,37.22999954223633,37.22999954223633,32.130001068115234,34.5099983215332,56035
2019-03-14,36.209999084472656,38.08000183105469,34.849998474121094,37.22999954223633,25265
2019-03-15,37.060001373291016,38.59000015258789,35.70000076293945,38.08000183105469,20659
2019-03-18,37.400001525878906,37.400001525878906,35.869998931884766,36.040000915527344,12294
2019-03-19,35.70000076293945,37.400001525878906,35.02000045776367,37.22999954223633,13429
2019-03-20,37.400001525878906,38.59000015258789,36.125,37.400001525878906,8141
2019-03-21,37.060001373291016,38.25,36.54999923706055,36.88999938964844,4229
2019-03-22,36.54999923706055,37.7400016784668,35.70000076293945,37.400001525878906,11776
2019-03-25,36.720001220703125,37.400001525878906,36.040000915527344,36.974998474121094,8547
2019-03-26,37.400001525878906,38.08000183105469,36.209999084472656,37.22999954223633,13194
2019-03-27,36.040000915527344,40.119998931884766,35.189998626708984,37.90999984741211,88212
2019-03-28,39.779998779296875,39.95000076293945,37.7400016784668,39.61000061035156,36682
2019-03-29,39.439998626708984,40.290000915527344,37.7400016784668,39.27000045776367,21824
2019-04-01,38.41999816894531,39.95000076293945,38.41999816894531,38.93000030517578,8588
2019-04-02,39.27000045776367,39.439998626708984,37.56999969482422,39.439998626708984,7594
2019-04-03,39.099998474121094,39.439998626708984,37.7400016784668,39.27000045776367,10247
2019-04-04,38.59000015258789,39.099998474121094,37.7400016784668,38.59000015258789,8782
2019-04-05,38.59000015258789,39.439998626708984,37.22999954223633,38.7599983215332,8541
2019-04-08,39.27000045776367,39.439998626708984,36.88999938964844,37.314998626708984,9912
2019-04-09,37.22999954223633,37.893001556396484,37.00899887084961,37.400001525878906,7800
2019-04-10,37.56999969482422,37.56999969482422,34.0,35.869998931884766,22741
2019-04-11,36.040000915527344,38.25,35.70000076293945,36.209999084472656,9476
2019-04-12,36.380001068115234,36.54999923706055,31.53499984741211,31.790000915527344,23376
2019-04-15,31.6200008392334,32.130001068115234,26.350000381469727,28.219999313354492,40400
2019-04-16,28.049999237060547,29.40999984741211,25.84000015258789,29.239999771118164,33947
2019-04-17,29.75,32.97999954223633,29.75,32.63999938964844,27182
2019-04-18,32.97999954223633,32.97999954223633,30.888999938964844,31.6200008392334,10541
2019-04-22,31.959999084472656,32.41899871826172,30.600000381469727,31.959999084472656,3553
2019-04-23,31.959999084472656,32.29999923706055,30.940000534057617,31.450000762939453,3512
2019-04-24,31.450000762939453,32.31700134277344,31.110000610351562,31.280000686645508,2129
2019-04-25,31.280000686645508,32.63999938964844,31.280000686645508,32.470001220703125,2741
2019-04-26,32.29999923706055,32.97999954223633,31.6200008392334,31.959999084472656,2518
2019-04-29,31.959999084472656,32.21500015258789,31.076000213623047,32.130001068115234,3088
2019-04-30,31.790000915527344,32.130001068115234,30.600000381469727,31.280000686645508,3600
2019-05-01,31.790000915527344,31.790000915527344,30.600000381469727,31.450000762939453,2376
2019-05-02,31.450000762939453,31.450000762939453,29.239999771118164,30.940000534057617,4188
2019-05-03,30.770000457763672,31.110000610351562,29.920000076293945,30.770000457763672,2600
2019-05-06,30.600000381469727,31.450000762939453,30.600000381469727,31.110000610351562,2629
2019-05-07,30.940000534057617,32.130001068115234,30.940000534057617,31.6200008392334,4135
2019-05-08,31.450000762939453,31.959999084472656,30.9060001373291,31.450000762939453,4159
2019-05-09,31.6200008392334,32.130001068115234,30.650999069213867,32.130001068115234,1735
2019-05-10,31.6200008392334,32.29999923706055,30.940000534057617,31.6200008392334,3559
2019-05-13,31.110000610351562,32.130001068115234,29.75,30.600000381469727,4041
2019-05-14,32.29999923706055,34.0,32.130001068115234,32.810001373291016,14153
2019-05-15,33.31999969482422,33.31999969482422,30.940000534057617,31.959999084472656,3871
2019-05-16,31.959999084472656,31.959999084472656,30.940000534057617,31.6200008392334,2512
2019-05-17,31.790000915527344,31.959999084472656,30.940000534057617,31.790000915527344,1624
2019-05-20,31.790000915527344,31.790000915527344,30.260000228881836,30.260000228881836,11394
2019-05-21,30.09000015258789,30.413000106811523,26.350000381469727,26.860000610351562,35059
2019-05-22,26.520000457763672,27.200000762939453,24.309999465942383,26.33300018310547,13729
2019-05-23,26.520000457763672,28.71299934387207,25.805999755859375,27.030000686645508,3300
2019-05-24,26.350000381469727,27.8799991607666,26.350000381469727,26.690000534057617,3112
2019-05-28,26.94499969482422,27.200000762939453,26.690000534057617,27.030000686645508,3282
2019-05-29,26.860000610351562,27.3700008392334,26.554000854492188,26.690000534057617,3565
2019-05-30,26.860000610351562,26.860000610351562,24.66699981689453,24.81999969482422,3935
2019-05-31,24.81999969482422,26.690000534057617,24.81999969482422,26.010000228881836,7618
2019-06-03,25.5,26.18000030517578,25.15999984741211,25.5,4118
2019-06-04,25.670000076293945,26.350000381469727,25.465999603271484,25.84000015258789,2200
2019-06-05,26.18000030517578,26.18000030517578,24.309999465942383,24.649999618530273,3847
2019-06-06,24.309999465942383,25.075000762939453,23.799999237060547,24.309999465942383,4835
2019-06-07,24.989999771118164,25.84000015258789,24.32699966430664,25.329999923706055,2765
2019-06-10,24.81999969482422,25.72100067138672,24.66699981689453,25.329999923706055,2524
2019-06-11,25.329999923706055,27.200000762939453,25.329999923706055,27.030000686645508,3929
2019-06-12,26.350000381469727,28.899999618530273,26.350000381469727,28.559999465942383,4776
2019-06-13,28.559999465942383,29.579999923706055,26.350000381469727,27.540000915527344,7418
2019-06-14,27.743999481201172,28.423999786376953,26.520000457763672,27.454999923706055,2100
2019-06-17,26.520000457763672,30.770000457763672,23.799999237060547,29.75,19712
2019-06-18,31.110000610351562,31.450000762939453,29.732999801635742,30.940000534057617,7029
2019-06-19,31.6200008392334,31.6200008392334,30.09000015258789,30.940000534057617,2688
2019-06-20,31.280000686645508,32.130001068115234,30.43000030517578,30.43000030517578,3082
2019-06-21,29.920000076293945,31.6200008392334,28.882999420166016,31.110000610351562,2971
2019-06-24,31.110000610351562,31.450000762939453,27.709999084472656,29.75,4300
2019-06-25,29.75,32.130001068115234,29.75,30.854999542236328,5700
2019-06-26,31.110000610351562,32.130001068115234,29.920000076293945,32.130001068115234,2824
2019-06-27,32.130001068115234,34.595001220703125,31.450000762939453,33.83000183105469,9353
2019-06-28,34.16999816894531,34.16999816894531,32.48699951171875,33.150001525878906,14206
2019-07-01,33.65999984741211,33.65999984741211,32.470001220703125,32.810001373291016,3429
2019-07-02,33.150001525878906,33.4900016784668,32.470001220703125,32.810001373291016,2153
2019-07-03,32.29999923706055,32.810001373291016,31.773000717163086,32.470001220703125,4953
2019-07-05,32.470001220703125,33.31999969482422,32.04499816894531,32.810001373291016,3541
2019-07-08,32.63999938964844,34.34000015258789,32.470001220703125,33.150001525878906,6453
2019-07-09,33.4900016784668,33.4900016784668,31.280000686645508,31.790000915527344,4476
2019-07-10,31.790000915527344,32.55500030517578,31.450000762939453,32.130001068115234,3582
2019-07-11,31.959999084472656,33.65999984741211,30.260000228881836,30.43000030517578,9924
2019-07-12,30.43000030517578,32.249000549316406,30.43000030517578,31.6200008392334,5147
2019-07-15,31.6200008392334,31.976999282836914,27.8799991607666,30.600000381469727,6918
2019-07-16,30.600000381469727,31.110000610351562,30.09000015258789,30.770000457763672,1294
2019-07-17,30.940000534057617,31.450000762939453,29.06999969482422,30.43000030517578,5982
2019-07-18,29.920000076293945,31.450000762939453,29.40999984741211,30.600000381469727,5529
2019-07-19,30.43000030517578,32.130001068115234,30.43000030517578,31.110000610351562,4359
2019-07-22,30.940000534057617,30.940000534057617,30.548999786376953,30.940000534057617,1306
2019-07-23,30.940000534057617,32.470001220703125,30.78700065612793,31.450000762939453,12206
2019-07-24,30.770000457763672,31.790000915527344,30.09000015258789,30.940000534057617,8265
2019-07-25,30.770000457763672,31.790000915527344,30.600000381469727,31.110000610351562,2512
2019-07-26,31.110000610351562,31.790000915527344,30.684999465942383,31.450000762939453,2741
2019-07-29,31.790000915527344,32.810001373291016,31.110000610351562,32.130001068115234,4412
2019-07-30,31.790000915527344,33.150001525878906,31.450000762939453,32.29999923706055,6641
2019-07-31,32.470001220703125,33.4900016784668,32.130001068115234,32.130001068115234,4435
2019-08-01,32.29999923706055,33.4900016784668,32.130001068115234,32.130001068115234,2765
2019-08-02,32.29999923706055,33.150001525878906,29.239999771118164,30.770000457763672,7982
2019-08-05,29.920000076293945,30.600000381469727,29.75,30.43000030517578,2388
2019-08-06,30.09000015258789,31.790000915527344,28.559999465942383,30.600000381469727,4076
2019-08-07,30.940000534057617,32.97999954223633,30.940000534057617,32.29999923706055,10953
2019-08-08,32.97999954223633,33.150001525878906,31.959999084472656,32.29999923706055,7618
2019-08-09,32.130001068115234,33.150001525878906,31.450000762939453,32.63999938964844,3788
2019-08-12,32.29999923706055,32.470001220703125,31.959999084472656,32.29999923706055,4306
2019-08-13,32.29999923706055,35.70000076293945,32.130001068115234,34.5099983215332,14835
2019-08-14,34.34000015258789,37.060001373291016,34.34000015258789,35.529998779296875,11176
2019-08-15,35.189998626708984,39.95000076293945,35.189998626708984,36.380001068115234,24941
2019-08-16,36.380001068115234,39.95000076293945,34.356998443603516,39.779998779296875,20959
2019-08-19,40.119998931884766,41.650001525878906,39.099998474121094,40.459999084472656,13524
2019-08-20,40.459999084472656,40.79999923706055,39.439998626708984,40.79999923706055,7529
2019-08-21,40.79999923706055,46.40999984741211,40.79999923706055,45.04999923706055,27982
2019-08-22,47.599998474121094,47.599998474121094,44.20000076293945,46.58000183105469,18094
2019-08-23,46.40999984741211,51.5099983215332,44.540000915527344,46.2400016784668,28794
2019-08-26,46.06999969482422,47.599998474121094,43.349998474121094,46.58000183105469,10800
2019-08-27,46.40999984741211,47.2599983215332,43.52000045776367,45.72999954223633,3359
2019-08-28,46.2400016784668,48.43299865722656,44.709999084472656,48.279998779296875,9212
2019-08-29,48.45000076293945,48.45000076293945,45.38999938964844,46.75,8341
2019-08-30,46.91999816894531,49.97999954223633,45.933998107910156,49.97999954223633,8435
2019-09-03,49.63999938964844,56.95000076293945,48.619998931884766,53.720001220703125,27312
2019-09-04,53.720001220703125,55.505001068115234,52.189998626708984,54.400001525878906,9835
2019-09-05,55.25,57.290000915527344,52.36000061035156,54.400001525878906,13394
2019-09-06,54.90999984741211,56.099998474121094,52.36000061035156,54.7400016784668,6247
2019-09-09,55.08000183105469,58.650001525878906,54.22999954223633,56.61000061035156,15929
2019-09-10,56.099998474121094,56.69499969482422,54.7400016784668,55.25,8618
2019-09-11,55.7599983215332,55.93000030517578,47.09000015258789,49.470001220703125,27347
2019-09-12,49.130001068115234,53.430999755859375,47.599998474121094,51.5099983215332,10135
2019-09-13,51.5099983215332,52.529998779296875,49.470001220703125,50.65999984741211,8324
2019-09-16,50.65999984741211,51.16999816894531,47.599998474121094,49.63999938964844,7306
2019-09-17,49.63999938964844,50.31999969482422,44.20000076293945,48.11000061035156,15059
2019-09-18,47.43000030517578,49.810001373291016,46.733001708984375,49.810001373291016,5676
2019-09-19,50.150001525878906,52.189998626708984,48.619998931884766,49.29999923706055,6188
2019-09-20,48.875,50.4900016784668,47.09000015258789,48.790000915527344,6135
2019-09-23,48.11000061035156,50.83000183105469,47.939998626708984,49.130001068115234,4929
2019-09-24,49.130001068115234,50.83000183105469,47.939998626708984,49.29999923706055,6253
2019-09-25,49.63999938964844,49.89500045776367,48.11000061035156,48.619998931884766,3241
2019-09-26,48.790000915527344,48.959999084472656,47.599998474121094,48.279998779296875,3447
2019-09-27,48.279998779296875,49.130001068115234,46.91999816894531,47.43000030517578,2176
2019-09-30,49.130001068115234,49.130001068115234,46.91999816894531,47.77000045776367,3006
2019-10-01,47.599998474121094,47.599998474121094,44.880001068115234,45.220001220703125,8876
2019-10-02,44.880001068115234,45.560001373291016,44.369998931884766,44.709999084472656,2594
2019-10-03,45.560001373291016,46.75,44.709999084472656,46.06999969482422,4071
2019-10-04,46.40999984741211,48.11000061035156,46.2400016784668,46.40999984741211,1400
2019-10-07,46.75,48.11000061035156,44.540000915527344,47.09000015258789,3918
2019-10-08,46.75,47.939998626708984,45.900001525878906,47.599998474121094,3435
2019-10-09,47.599998474121094,48.279998779296875,44.709999084472656,47.09000015258789,8665
2019-10-10,47.2599983215332,47.599998474121094,46.06999969482422,46.2400016784668,6929
2019-10-11,46.75,48.619998931884766,46.2400016784668,47.2599983215332,2876
2019-10-14,46.75,49.29999923706055,46.75,48.45000076293945,2353
2019-10-15,48.45000076293945,49.97999954223633,48.45000076293945,49.130001068115234,5535
2019-10-16,49.130001068115234,54.56999969482422,49.112998962402344,52.189998626708984,24847
2019-10-17,52.529998779296875,54.22999954223633,51.849998474121094,53.54999923706055,14847
2019-10-18,54.7400016784668,55.25,51.849998474121094,52.70000076293945,11653
2019-10-21,52.70000076293945,52.90399932861328,49.470001220703125,51.849998474121094,6753
2019-10-22,51.696998596191406,52.70000076293945,51.42499923706055,52.02000045776367,2976
2019-10-23,51.849998474121094,52.29199981689453,50.150001525878906,51.0,8088
2019-10-24,51.68000030517578,52.44499969482422,50.4900016784668,51.5099983215332,3459
2019-10-25,50.4900016784668,51.34000015258789,41.13999938964844,45.04999923706055,25512
2019-10-28,46.40999984741211,47.43000030517578,42.15999984741211,46.32500076293945,30935
2019-10-29,46.2400016784668,46.40999984741211,44.540000915527344,45.38999938964844,11524
2019-10-30,45.220001220703125,47.43000030517578,44.880001068115234,45.72999954223633,24935
2019-10-31,45.900001525878906,46.58000183105469,44.709999084472656,45.72999954223633,11118
2019-11-01,46.2400016784668,47.599998474121094,45.72999954223633,46.91999816894531,16918
2019-11-04,47.939998626708984,48.790000915527344,45.1349983215332,46.91999816894531,27476
2019-11-05,47.939998626708984,49.97999954223633,45.900001525878906,48.45000076293945,25406
2019-11-06,49.810001373291016,50.31999969482422,46.06999969482422,47.2599983215332,21759
2019-11-07,47.2599983215332,49.29999923706055,46.58000183105469,47.599998474121094,22429
2019-11-08,47.939998626708984,48.53499984741211,43.349998474121094,46.40999984741211,42512
2019-11-11,10.710000038146973,15.079000473022461,10.539999961853027,13.600000381469727,383676
2019-11-12,13.600000381469727,14.39900016784668,12.920000076293945,13.446999549865723,66165
2019-11-13,13.260000228881836,13.310999870300293,11.220000267028809,11.628000259399414,63112
2019-11-14,7.224999904632568,7.650000095367432,6.460000038146973,6.800000190734863,290759
2019-11-15,6.800000190734863,6.96999979019165,6.49399995803833,6.697999954223633,65259
2019-11-18,6.800000190734863,7.480000019073486,6.630000114440918,6.885000228881836,82094
2019-11-19,7.139999866485596,7.224999904632568,6.630000114440918,6.7829999923706055,54776
2019-11-20,6.9019999504089355,7.309999942779541,6.630000114440918,7.208000183105469,43106
2019-11-21,7.4629998207092285,7.4629998207092285,6.800000190734863,6.885000228881836,59212
2019-11-22,6.96999979019165,7.123000144958496,6.545000076293945,6.697999954223633,56894
2019-11-25,6.800000190734863,7.276000022888184,6.630000114440918,7.173999786376953,48388
2019-11-26,7.276000022888184,7.820000171661377,6.96999979019165,7.224999904632568,81612
2019-11-27,7.650000095367432,7.650000095367432,6.986999988555908,7.072000026702881,58376
2019-11-29,7.480000019073486,7.616000175476074,7.004000186920166,7.565000057220459,40159
2019-12-02,7.497000217437744,7.565000057220459,7.139999866485596,7.480000019073486,33571
2019-12-03,7.309999942779541,7.650000095367432,7.004000186920166,7.105999946594238,43665
2019-12-04,7.123000144958496,7.276000022888184,6.96999979019165,7.020999908447266,26700
2019-12-05,7.038000106811523,7.054999828338623,6.715000152587891,6.7829999923706055,40024
2019-12-06,6.800000190734863,6.868000030517578,6.460000038146973,6.630000114440918,51929
2019-12-09,6.630000114440918,6.885000228881836,6.5279998779296875,6.816999912261963,17459
2019-12-10,6.816999912261963,6.96999979019165,6.460000038146973,6.697999954223633,34253
2019-12-11,6.715000152587891,6.800000190734863,5.984000205993652,6.289999961853027,54206
2019-12-12,6.375,6.460000038146973,5.796999931335449,5.984000205993652,46788
2019-12-13,5.949999809265137,5.9670000076293945,5.78000020980835,5.915999889373779,34200
2019-12-16,5.949999809265137,5.949999809265137,5.440000057220459,5.559000015258789,47541
2019-12-17,5.660999774932861,5.695000171661377,5.440000057220459,5.525000095367432,40176
2019-12-18,5.610000133514404,5.933000087738037,5.440000057220459,5.559000015258789,43365
2019-12-19,5.78000020980835,5.933000087738037,5.559000015258789,5.610000133514404,26706
2019-12-20,5.745999813079834,5.8480000495910645,5.473999977111816,5.78000020980835,41665
2019-12-23,5.729000091552734,5.949999809265137,5.541999816894531,5.864999771118164,43700
2019-12-24,5.830999851226807,6.034999847412109,5.830999851226807,5.949999809265137,39024
2019-12-26,5.949999809265137,6.341000080108643,5.949999809265137,6.204999923706055,61147
2019-12-27,6.289999961853027,6.341000080108643,5.78000020980835,6.034999847412109,51941
2019-12-30,5.949999809265137,6.238999843597412,5.78000020980835,6.1539998054504395,65900
2019-12-31,6.2729997634887695,6.697999954223633,6.000999927520752,6.545000076293945,181800
2020-01-02,6.630000114440918,7.666999816894531,6.375,7.123000144958496,219871
2020-01-03,6.96999979019165,7.139999866485596,6.7829999923706055,6.96999979019165,60447
2020-01-06,7.309999942779541,7.327000141143799,7.038000106811523,7.190999984741211,58953
2020-01-07,7.309999942779541,7.650000095367432,7.139999866485596,7.242000102996826,49459
2020-01-08,6.9019999504089355,7.139999866485596,6.7829999923706055,7.004000186920166,41794
2020-01-09,7.139999866485596,7.309999942779541,6.834000110626221,6.96999979019165,39718
2020-01-10,7.820000171661377,8.670000076293945,7.190999984741211,7.90500020980835,384729
2020-01-13,8.39799976348877,8.5,6.96999979019165,7.650000095367432,123465
2020-01-14,7.1570000648498535,7.650000095367432,7.139999866485596,7.480000019073486,44024
2020-01-15,7.650000095367432,7.90500020980835,7.309999942779541,7.650000095367432,47700
2020-01-16,7.650000095367432,9.774999618530273,7.480000019073486,9.6899995803833,352476
2020-01-17,9.520000457763672,9.809000015258789,8.772000312805176,9.010000228881836,141506
2020-01-21,9.095000267028809,9.350000381469727,8.534000396728516,9.350000381469727,79441
2020-01-22,9.350000381469727,10.454999923706055,8.670000076293945,8.97599983215332,196476
2020-01-23,9.010000228881836,9.010000228881836,8.517000198364258,8.670000076293945,44371
2020-01-24,9.010000228881836,9.07800006866455,7.820000171661377,7.989999771118164,82847
2020-01-27,7.989999771118164,7.989999771118164,7.480000019073486,7.650000095367432,36853
2020-01-28,7.650000095367432,8.5,7.650000095367432,7.785999774932861,30312
2020-01-29,7.836999893188477,8.329999923706055,7.820000171661377,7.989999771118164,30912
2020-01-30,7.854000091552734,7.9730000495910645,7.224999904632568,7.7179999351501465,39806
2020-01-31,7.7179999351501465,7.7179999351501465,7.309999942779541,7.497000217437744,22824
2020-02-03,7.547999858856201,7.650000095367432,7.293000221252441,7.327000141143799,13329
2020-02-04,7.309999942779541,8.15999984741211,7.139999866485596,7.547999858856201,23647
2020-02-05,7.650000095367432,7.9730000495910645,7.650000095367432,7.90500020980835,12688
2020-02-06,7.989999771118164,8.15999984741211,7.480000019073486,7.650000095367432,18788
2020-02-07,7.173999786376953,8.041000366210938,7.173999786376953,7.513999938964844,11465
2020-02-10,7.4120001792907715,7.989999771118164,7.4120001792907715,7.888000011444092,16847
2020-02-11,8.041000366210938,8.244999885559082,7.650000095367432,7.7179999351501465,30124
2020-02-12,7.650000095367432,7.921999931335449,7.513999938964844,7.632999897003174,11765
2020-02-13,7.7179999351501465,7.854000091552734,7.480000019073486,7.565000057220459,11076
2020-02-14,7.989999771118164,7.989999771118164,7.565000057220459,7.735000133514404,16941
2020-02-18,7.820000171661377,8.057999610900879,7.666999816894531,7.989999771118164,13065
2020-02-19,7.989999771118164,8.670000076293945,7.666999816894531,8.092000007629395,79712
2020-02-20,8.15999984741211,8.15999984741211,7.820000171661377,8.02400016784668,15829
2020-02-21,7.989999771118164,7.989999771118164,7.820000171661377,7.836999893188477,14953
2020-02-24,8.670000076293945,13.09000015258789,8.329999923706055,13.09000015258789,833018
2020-02-25,9.145999908447266,10.369999885559082,8.925000190734863,9.486000061035156,469982
2020-02-26,9.520000457763672,9.588000297546387,8.84000015258789,9.010000228881836,156035
2020-02-27,9.180000305175781,9.180000305175781,8.02400016784668,8.5,93676
2020-02-28,8.15999984741211,8.97599983215332,7.309999942779541,8.449000358581543,92353
2020-03-02,8.414999961853027,10.234000205993652,8.414999961853027,9.944999694824219,189959
2020-03-03,9.944999694824219,10.114999771118164,9.043999671936035,9.265000343322754,70529
2020-03-04,9.859999656677246,10.029999732971191,9.027000427246094,9.826000213623047,197771
2020-03-05,9.791999816894531,10.437999725341797,9.604999542236328,9.843000411987305,127082
2020-03-06,9.6899995803833,9.944999694824219,9.366999626159668,9.638999938964844,82441
2020-03-09,8.5,9.180000305175781,8.5,8.720999717712402,74671
2020-03-10,8.925000190734863,8.925000190734863,8.194000244140625,8.772000312805176,68188
2020-03-11,8.670000076293945,8.670000076293945,7.666999816894531,7.666999816894531,60812
2020-03-12,7.361000061035156,7.650000095367432,5.949999809265137,7.054999828338623,56606
2020-03-13,6.800000190734863,7.480000019073486,5.949999809265137,6.204999923706055,74124
2020-03-16,6.119999885559082,6.664000034332275,5.440000057220459,5.440000057220459,59647
2020-03-17,5.440000057220459,5.949999809265137,5.151000022888184,5.440000057220459,78735
2020-03-18,5.541999816894531,5.864999771118164,5.117000102996826,5.644000053405762,143765
2020-03-19,5.610000133514404,7.4629998207092285,5.610000133514404,6.9019999504089355,96000
2020-03-20,7.820000171661377,7.989999771118164,6.119999885559082,6.49399995803833,83576
2020-03-23,6.61299991607666,6.953000068664551,6.238999843597412,6.630000114440918,20018
2020-03-24,6.697999954223633,7.309999942779541,6.119999885559082,6.868000030517578,31788
2020-03-25,6.800000190734863,7.4629998207092285,6.630000114440918,7.208000183105469,29012
2020-03-26,6.885000228881836,7.4629998207092285,6.681000232696533,7.139999866485596,35594
2020-03-27,7.004000186920166,7.4629998207092285,6.96999979019165,7.276000022888184,13041
2020-03-30,7.480000019073486,8.15999984741211,7.309999942779541,8.074999809265137,92429
2020-03-31,8.15999984741211,8.585000038146973,7.989999771118164,8.15999984741211,48582
2020-04-01,7.989999771118164,8.074999809265137,7.139999866485596,7.343999862670898,53318
2020-04-02,7.276000022888184,7.428999900817871,6.96999979019165,7.1570000648498535,18235
2020-04-03,7.309999942779541,7.309999942779541,6.885000228881836,7.054999828338623,14859
2020-04-06,7.054999828338623,7.581999778747559,7.054999828338623,7.309999942779541,18135
2020-04-07,7.309999942779541,7.989999771118164,7.309999942779541,7.735000133514404,32529
2020-04-08,7.701000213623047,7.989999771118164,7.309999942779541,7.598999977111816,18076
2020-04-09,8.15999984741211,8.39799976348877,7.394999980926514,7.989999771118164,89659
2020-04-13,7.820000171661377,8.194000244140625,7.684000015258789,8.041000366210938,20671
2020-04-14,8.15999984741211,8.329999923706055,7.820000171661377,7.888000011444092,22212
2020-04-15,7.820000171661377,8.5,7.769000053405762,8.211000442504883,62618
2020-04-16,8.5,8.5,8.244999885559082,8.244999885559082,21959
2020-04-17,8.482999801635742,8.5,8.39799976348877,8.482999801635742,39771
2020-04-20,8.5,9.758000373840332,8.329999923706055,9.588000297546387,101865
2020-04-21,9.6899995803833,9.6899995803833,8.670000076293945,8.84000015258789,63924
2020-04-22,9.010000228881836,9.180000305175781,8.670000076293945,8.925000190734863,25059
2020-04-23,8.84000015258789,9.520000457763672,8.805999755859375,9.418000221252441,34359
2020-04-24,9.859999656677246,9.859999656677246,9.196999549865723,9.503000259399414,14376
2020-04-27,9.996000289916992,10.029999732971191,9.350000381469727,9.604999542236328,43747
2020-04-28,9.520000457763672,9.520000457763672,9.027000427246094,9.180000305175781,22194
2020-04-29,9.298999786376953,9.520000457763672,9.180000305175781,9.230999946594238,24929
2020-04-30,9.520000457763672,9.520000457763672,9.230999946594238,9.418000221252441,12029
2020-05-01,9.180000305175781,9.6899995803833,9.180000305175781,9.265000343322754,23906
2020-05-04,9.350000381469727,10.029999732971191,9.315999984741211,9.67300033569336,42265
2020-05-05,10.029999732971191,10.539999961853027,9.6899995803833,10.029999732971191,51135
2020-05-06,10.029999732971191,10.710000038146973,9.6899995803833,10.625,41800
2020-05-07,10.72700023651123,12.75,10.234000205993652,11.390000343322754,157729
2020-05-08,11.390000343322754,11.899999618530273,11.135000228881836,11.288000106811523,50112
2020-05-11,11.5600004196167,12.239999771118164,11.475000381469727,12.069999694824219,45918
2020-05-12,12.75,12.920000076293945,12.239999771118164,12.562999725341797,47506
2020-05-13,12.579999923706055,12.75,11.5600004196167,11.899999618530273,83782
2020-05-14,11.729999542236328,12.88599967956543,11.5600004196167,12.75,50406
2020-05-15,12.75,14.229000091552734,12.239999771118164,13.600000381469727,75335
2020-05-18,14.109999656677246,17.391000747680664,14.109999656677246,16.847000122070312,230218
2020-05-19,17.68000030517578,19.040000915527344,15.640000343322754,16.829999923706055,191135
2020-05-20,16.65999984741211,17.34000015258789,15.385000228881836,15.946000099182129,101365
2020-05-21,15.8100004196167,16.149999618530273,14.960000038146973,15.265999794006348,50647
2020-05-22,15.8100004196167,17.170000076293945,15.300000190734863,16.812999725341797,61376
2020-05-26,17.34000015258789,17.510000228881836,15.640000343322754,16.489999771118164,110329
2020-05-27,16.64299964904785,16.64299964904785,15.333999633789062,15.895000457763672,70012
2020-05-28,16.149999618530273,16.64299964904785,15.520999908447266,15.725000381469727,63841
2020-05-29,15.861000061035156,15.861000061035156,14.619999885559082,15.538000106811523,86624
2020-06-01,15.605999946594238,16.405000686645508,15.045000076293945,15.555000305175781,74647
2020-06-02,15.470000267028809,15.8100004196167,14.619999885559082,15.130000114440918,96282
2020-06-03,15.130000114440918,15.470000267028809,14.449999809265137,15.062000274658203,56747
2020-06-04,14.960000038146973,15.979999542236328,14.467000007629395,15.300000190734863,108006
2020-06-05,15.300000190734863,15.640000343322754,14.942999839782715,15.300000190734863,106000
2020-06-08,15.333999633789062,16.132999420166016,14.960000038146973,15.470000267028809,95065
2020-06-09,15.300000190734863,15.640000343322754,14.722000122070312,15.317000389099121,72571
2020-06-10,15.571999549865723,16.829999923706055,15.35099983215332,16.489999771118164,96576
2020-06-11,15.640000343322754,16.489999771118164,14.97700023651123,15.300000190734863,69624
2020-06-12,15.470000267028809,16.149999618530273,13.9399995803833,14.960000038146973,104329
2020-06-15,14.364999771118164,15.555000305175781,14.229000091552734,15.300000190734863,52465
2020-06-16,16.149999618530273,16.149999618530273,15.470000267028809,15.979999542236328,36376
2020-06-17,15.725000381469727,16.149999618530273,15.300000190734863,15.690999984741211,38247
2020-06-18,15.8100004196167,15.979999542236328,15.300000190734863,15.640000343322754,21765
2020-06-19,15.979999542236328,16.65999984741211,15.571999549865723,16.31999969482422,97047
2020-06-22,16.489999771118164,20.399999618530273,16.336999893188477,19.3799991607666,621359
2020-06-23,19.719999313354492,22.100000381469727,18.020000457763672,19.040000915527344,500694
2020-06-24,18.8700008392334,20.399999618530273,17.34000015258789,19.889999389648438,121406
2020-06-25,18.360000610351562,19.889999389648438,18.360000610351562,19.040000915527344,68235
2020-06-26,19.3799991607666,19.719999313354492,18.020000457763672,18.190000534057617,66629
2020-06-29,18.530000686645508,19.719999313354492,18.360000610351562,19.3799991607666,71394
2020-06-30,20.229999542236328,22.100000381469727,19.719999313354492,21.420000076293945,131500
2020-07-01,21.59000015258789,22.440000534057617,20.059999465942383,20.90999984741211,114371
2020-07-02,20.90999984741211,22.780000686645508,20.56999969482422,22.270000457763672,103153
2020-07-06,25.5,25.5,23.1200008392334,24.649999618530273,222682
2020-07-07,24.139999389648438,24.395000457763672,22.440000534057617,22.950000762939453,119835
2020-07-08,23.459999084472656,23.545000076293945,21.760000228881836,22.950000762939453,81824
2020-07-09,23.459999084472656,23.459999084472656,22.100000381469727,22.610000610351562,51700
2020-07-10,22.780000686645508,23.1200008392334,22.100000381469727,22.780000686645508,42612
2020-07-13,23.1200008392334,23.256000518798828,20.56999969482422,21.25,152294
2020-07-14,21.25,21.420000076293945,19.3799991607666,20.90999984741211,98029
2020-07-15,22.270000457763672,22.270000457763672,21.079999923706055,21.93000030517578,92406
2020-07-16,22.100000381469727,23.969999313354492,21.25,22.610000610351562,100135
2020-07-17,23.290000915527344,23.459999084472656,22.100000381469727,22.780000686645508,62559
2020-07-20,23.1200008392334,26.18000030517578,22.440000534057617,26.010000228881836,393041
2020-07-21,25.670000076293945,25.84000015258789,23.459999084472656,24.989999771118164,151541
2020-07-22,24.649999618530273,24.66699981689453,23.799999237060547,24.309999465942383,87265
2020-07-23,23.969999313354492,25.5,23.969999313354492,25.15999984741211,214735
2020-07-24,25.670000076293945,25.84000015258789,24.139999389648438,25.15999984741211,96606
2020-07-27,25.329999923706055,25.329999923706055,24.139999389648438,24.479999542236328,69594
2020-07-28,24.81999969482422,26.18000030517578,23.969999313354492,25.84000015258789,208912
2020-07-29,25.84000015258789,26.010000228881836,24.989999771118164,25.5,103235
2020-07-30,25.5,27.030000686645508,24.989999771118164,25.670000076293945,127229
2020-07-31,26.690000534057617,26.690000534057617,25.5,26.18000030517578,185441
2020-08-03,28.729999542236328,31.280000686645508,26.690000534057617,29.06999969482422,678594
2020-08-04,29.239999771118164,31.790000915527344,28.219999313354492,31.450000762939453,342300
2020-08-05,32.130001068115234,33.83000183105469,31.280000686645508,33.31999969482422,251871
2020-08-06,32.97999954223633,32.97999954223633,29.75,32.55500030517578,334541
2020-08-07,31.959999084472656,31.959999084472656,29.75,31.280000686645508,206388
2020-08-10,33.31999969482422,37.7400016784668,32.29999923706055,36.54999923706055,733206
2020-08-11,37.400001525878906,38.25,35.189998626708984,36.040000915527344,484559
2020-08-12,36.209999084472656,36.209999084472656,33.150001525878906,35.189998626708984,315771
2020-08-13,36.040000915527344,36.380001068115234,34.5099983215332,35.189998626708984,216718
2020-08-14,35.189998626708984,36.88999938964844,34.68000030517578,36.380001068115234,244871
2020-08-17,36.380001068115234,40.630001068115234,36.380001068115234,37.90999984741211,475488
2020-08-18,37.400001525878906,38.25,36.040000915527344,36.88999938964844,295482
2020-08-19,36.54999923706055,36.720001220703125,34.16999816894531,34.68000030517578,412435
2020-08-20,34.68000030517578,34.68000030517578,31.450000762939453,33.83000183105469,346265
2020-08-21,33.4900016784668,34.68000030517578,32.470001220703125,32.97999954223633,200318
2020-08-24,34.5099983215332,34.5099983215332,28.389999389648438,29.239999771118164,575000
2020-08-25,28.049999237060547,28.559999465942383,23.969999313354492,24.479999542236328,580606
2020-08-26,26.690000534057617,32.130001068115234,25.84000015258789,30.260000228881836,1089771
2020-08-27,29.579999923706055,29.920000076293945,27.200000762939453,28.049999237060547,496988
2020-08-28,28.219999313354492,29.920000076293945,26.350000381469727,28.049999237060547,729600
2020-08-31,23.222000122070312,26.18000030517578,22.780000686645508,25.15999984741211,602424
2020-09-01,24.479999542236328,24.81999969482422,23.1200008392334,23.799999237060547,193941
2020-09-02,23.290000915527344,23.969999313354492,20.56999969482422,23.1200008392334,319582
2020-09-03,22.780000686645508,22.780000686645508,21.079999923706055,21.420000076293945,168418
2020-09-04,21.079999923706055,22.270000457763672,19.209999084472656,21.93000030517578,187418
2020-09-08,21.420000076293945,21.93000030517578,19.549999237060547,21.760000228881836,67112
2020-09-09,22.100000381469727,22.780000686645508,21.59000015258789,21.93000030517578,79453
2020-09-10,21.59000015258789,22.100000381469727,21.420000076293945,21.420000076293945,59018
2020-09-11,21.93000030517578,21.93000030517578,20.145000457763672,20.56999969482422,85706
2020-09-14,20.56999969482422,23.6299991607666,20.56999969482422,22.610000610351562,173500
2020-09-15,23.256000518798828,26.690000534057617,22.950000762939453,24.649999618530273,298553
2020-09-16,24.989999771118164,26.690000534057617,24.649999618530273,26.010000228881836,238076
2020-09-17,26.010000228881836,26.010000228881836,24.309999465942383,25.84000015258789,169024
2020-09-18,25.670000076293945,27.540000915527344,25.15999984741211,27.3700008392334,228535
2020-09-21,27.3700008392334,27.540000915527344,25.5,27.114999771118164,180865
2020-09-22,26.690000534057617,26.774999618530273,25.670000076293945,26.350000381469727,112806
2020-09-23,25.670000076293945,26.434999465942383,22.780000686645508,24.309999465942383,161606
2020-09-24,22.950000762939453,23.459999084472656,21.59000015258789,23.290000915527344,86306
2020-09-25,23.1200008392334,24.649999618530273,22.950000762939453,24.139999389648438,68129
2020-09-28,23.6299991607666,24.395000457763672,23.459999084472656,23.799999237060547,64512
2020-09-29,23.459999084472656,24.309999465942383,23.1200008392334,23.459999084472656,60053
2020-09-30,23.459999084472656,24.479999542236328,23.459999084472656,23.969999313354492,53871
2020-10-01,23.799999237060547,24.309999465942383,23.1200008392334,23.1200008392334,57835
2020-10-02,22.270000457763672,23.799999237060547,21.59000015258789,23.799999237060547,62206
2020-10-05,23.969999313354492,24.139999389648438,23.1200008392334,23.799999237060547,43953
2020-10-06,23.290000915527344,24.139999389648438,23.1200008392334,23.459999084472656,56882
2020-10-07,23.459999084472656,23.969999313354492,22.440000534057617,23.459999084472656,55788
2020-10-08,23.799999237060547,26.690000534057617,23.6299991607666,26.520000457763672,163794
2020-10-09,25.5,26.350000381469727,24.309999465942383,25.15999984741211,80371
2020-10-12,25.15999984741211,25.2450008392334,23.969999313354492,24.479999542236328,40635
2020-10-13,24.139999389648438,24.309999465942383,23.290000915527344,24.139999389648438,42424
2020-10-14,24.309999465942383,24.479999542236328,23.459999084472656,24.479999542236328,65747
2020-10-15,23.6299991607666,24.139999389648438,23.290000915527344,24.139999389648438,41947
2020-10-16,23.799999237060547,24.139999389648438,23.290000915527344,23.459999084472656,36241
2020-10-19,23.204999923706055,23.459999084472656,22.270000457763672,23.290000915527344,44053
2020-10-20,22.950000762939453,23.290000915527344,21.93000030517578,23.1200008392334,40382
2020-10-21,22.950000762939453,23.03499984741211,22.100000381469727,22.610000610351562,35176
2020-10-22,22.270000457763672,23.969999313354492,22.270000457763672,23.290000915527344,54076
2020-10-23,23.290000915527344,23.459999084472656,21.93000030517578,23.290000915527344,37900
2020-10-26,22.440000534057617,22.950000762939453,22.270000457763672,22.610000610351562,43271
2020-10-27,22.440000534057617,22.950000762939453,22.270000457763672,22.780000686645508,21835
2020-10-28,22.270000457763672,22.354999542236328,20.90999984741211,21.93000030517578,54629
2020-10-29,21.59000015258789,21.760000228881836,20.739999771118164,21.420000076293945,29618
2020-10-30,21.25,21.25,19.549999237060547,20.399999618530273,60882
2020-11-02,20.399999618530273,20.56999969482422,20.059999465942383,20.399999618530273,36412
2020-11-03,20.399999618530273,22.950000762939453,20.399999618530273,21.59000015258789,61182
2020-11-04,21.760000228881836,22.610000610351562,21.59000015258789,21.93000030517578,30424
2020-11-05,22.440000534057617,22.440000534057617,21.079999923706055,22.440000534057617,35518
2020-11-06,21.760000228881836,25.5,21.760000228881836,24.989999771118164,207071
2020-11-09,25.415000915527344,25.5,23.799999237060547,24.309999465942383,84794
2020-11-10,23.799999237060547,23.799999237060547,21.5049991607666,23.799999237060547,71553
2020-11-11,23.459999084472656,25.5,23.459999084472656,25.5,52753
2020-11-12,25.329999923706055,25.5,23.799999237060547,24.989999771118164,45694
2020-11-13,24.989999771118164,25.670000076293945,24.309999465942383,24.649999618530273,59741
2020-11-16,24.649999618530273,24.854000091552734,23.375,23.799999237060547,70388
2020-11-17,23.6299991607666,24.649999618530273,23.323999404907227,24.479999542236328,43700
2020-11-18,24.309999465942383,24.479999542236328,23.459999084472656,23.459999084472656,47371
2020-11-19,23.969999313354492,24.139999389648438,23.459999084472656,23.459999084472656,40700
2020-11-20,23.799999237060547,25.5,23.459999084472656,25.15999984741211,111694
2020-11-23,26.860000610351562,27.200000762939453,25.84000015258789,26.860000610351562,109988
2020-11-24,26.860000610351562,27.200000762939453,25.84000015258789,27.030000686645508,98153
2020-11-25,26.690000534057617,28.899999618530273,26.350000381469727,27.709999084472656,150700
2020-11-27,27.98200035095215,27.98200035095215,26.520000457763672,27.030000686645508,90571
2020-11-30,28.049999237060547,28.389999389648438,26.350000381469727,27.200000762939453,95453
2020-12-01,27.3700008392334,27.3700008392334,23.799999237060547,25.329999923706055,108759
2020-12-02,25.329999923706055,26.010000228881836,23.969999313354492,25.84000015258789,40476
2020-12-03,25.84000015258789,27.540000915527344,25.15999984741211,27.030000686645508,68429
2020-12-04,27.030000686645508,27.200000762939453,25.924999237060547,26.18000030517578,77018
2020-12-07,26.690000534057617,29.40999984741211,26.520000457763672,28.729999542236328,120588
2020-12-08,28.389999389648438,28.899999618530273,27.540000915527344,28.559999465942383,344241
2020-12-09,25.2450008392334,26.690000534057617,22.100000381469727,22.440000534057617,1014935
2020-12-10,22.950000762939453,26.860000610351562,21.25,23.1200008392334,1295024
2020-12-11,23.6299991607666,23.6299991607666,21.5049991607666,22.270000457763672,297853
2020-12-14,22.440000534057617,23.459999084472656,21.760000228881836,22.780000686645508,246065
2020-12-15,22.270000457763672,24.139999389648438,22.270000457763672,23.290000915527344,264776
2020-12-16,22.950000762939453,23.799999237060547,22.797000885009766,23.459999084472656,111924
2020-12-17,23.799999237060547,24.309999465942383,23.459999084472656,23.969999313354492,113924
2020-12-18,23.799999237060547,23.969999313354492,23.1200008392334,23.6299991607666,115159
2020-12-21,23.459999084472656,24.309999465942383,23.1200008392334,24.139999389648438,84100
2020-12-22,23.969999313354492,24.479999542236328,23.459999084472656,24.309999465942383,85953
2020-12-23,23.969999313354492,24.309999465942383,23.290000915527344,23.969999313354492,85376
2020-12-24,23.799999237060547,24.309999465942383,23.290000915527344,24.139999389648438,84600
2020-12-28,23.799999237060547,24.139999389648438,23.1200008392334,23.6299991607666,102124
2020-12-29,22.950000762939453,23.204999923706055,21.420000076293945,22.610000610351562,139206
2020-12-30,22.780000686645508,22.950000762939453,22.100000381469727,22.270000457763672,81606
2020-12-31,22.270000457763672,23.290000915527344,21.59000015258789,23.1200008392334,120965
2021-01-04,23.1200008392334,24.649999618530273,22.270000457763672,24.309999465942383,261376
2021-01-05,24.479999542236328,25.329999923706055,23.6299991607666,25.15999984741211,149859
2021-01-06,24.81999969482422,25.670000076293945,23.6299991607666,23.969999313354492,120082
2021-01-07,24.309999465942383,24.989999771118164,23.969999313354492,24.81999969482422,92618
2021-01-08,24.81999969482422,26.350000381469727,24.139999389648438,26.18000030517578,131641
2021-01-11,25.84000015258789,29.75,25.670000076293945,28.389999389648438,234594
2021-01-12,30.600000381469727,30.600000381469727,26.520000457763672,27.709999084472656,526394
2021-01-13,28.049999237060547,28.049999237060547,25.329999923706055,26.010000228881836,186818
2021-01-14,26.860000610351562,28.559999465942383,26.145999908447266,28.049999237060547,201847
2021-01-15,28.389999389648438,28.542999267578125,26.520000457763672,27.540000915527344,107182
2021-01-19,28.049999237060547,33.65999984741211,28.049999237060547,29.920000076293945,587171
2021-01-20,30.770000457763672,36.54999923706055,28.729999542236328,35.189998626708984,659053
2021-01-21,39.099998474121094,39.95000076293945,36.040000915527344,38.7599983215332,720094
2021-01-22,37.060001373291016,41.13999938964844,36.720001220703125,37.90999984741211,312276
2021-01-25,39.27000045776367,40.119998931884766,35.529998779296875,37.400001525878906,339918
2021-01-26,32.29999923706055,34.68000030517578,30.600000381469727,33.65999984741211,1621759
2021-01-27,34.0,37.14500045776367,31.959999084472656,32.810001373291016,1066676
2021-01-28,34.084999084472656,34.34000015258789,29.75,30.770000457763672,507406
2021-01-29,31.450000762939453,31.450000762939453,29.06999969482422,30.09000015258789,356494
2021-02-01,31.450000762939453,31.959999084472656,28.389999389648438,29.06999969482422,391835
2021-02-02,29.75,29.920000076293945,28.219999313354492,29.06999969482422,329418
2021-02-03,29.239999771118164,31.450000762939453,29.06999969482422,30.09000015258789,290812
2021-02-04,31.280000686645508,31.790000915527344,30.260000228881836,31.280000686645508,268012
2021-02-05,32.130001068115234,32.470001220703125,30.600000381469727,31.450000762939453,172676
2021-02-08,32.29999923706055,33.83000183105469,31.280000686645508,32.97999954223633,328712
2021-02-09,34.0,35.02000045776367,33.150001525878906,34.68000030517578,363776
2021-02-10,35.78499984741211,38.7599983215332,34.0,36.040000915527344,448235
2021-02-11,35.90399932861328,36.380001068115234,32.810001373291016,34.16999816894531,266212
2021-02-12,33.83000183105469,34.5099983215332,30.600000381469727,33.4900016784668,156835
2021-02-16,33.65999984741211,33.83000183105469,32.16400146484375,33.65999984741211,156659
2021-02-17,33.150001525878906,33.150001525878906,30.940000534057617,32.130001068115234,164612
2021-02-18,31.6200008392334,32.29999923706055,29.75,30.43000030517578,144876
2021-02-19,30.600000381469727,31.280000686645508,30.09000015258789,30.260000228881836,136412
2021-02-22,30.600000381469727,31.110000610351562,29.40999984741211,30.43000030517578,130712
2021-02-23,29.239999771118164,29.239999771118164,25.670000076293945,27.709999084472656,224047
2021-02-24,28.559999465942383,29.06999969482422,27.540000915527344,27.8799991607666,82241
2021-02-25,27.8799991607666,28.219999313354492,25.670000076293945,25.84000015258789,131965
2021-02-26,26.18000030517578,28.049999237060547,24.989999771118164,27.030000686645508,149824
2021-03-01,27.540000915527344,28.049999237060547,26.010000228881836,26.350000381469727,104171
2021-03-02,26.860000610351562,27.200000762939453,25.84000015258789,26.350000381469727,69971
2021-03-03,26.520000457763672,26.520000457763672,23.969999313354492,24.309999465942383,180694
2021-03-04,25.84000015258789,26.010000228881836,21.760000228881836,23.799999237060547,349665
2021-03-05,23.459999084472656,24.309999465942383,21.079999923706055,24.309999465942383,156282
2021-03-08,23.44300079345703,24.989999771118164,23.44300079345703,24.139999389648438,59241
2021-03-09,25.15999984741211,25.329999923706055,23.290000915527344,24.989999771118164,88824
2021-03-10,24.81999969482422,26.010000228881836,24.479999542236328,25.329999923706055,176865
2021-03-11,25.36400032043457,28.559999465942383,25.36400032043457,28.389999389648438,142094
2021-03-12,27.28499984741211,28.71299934387207,26.604999542236328,28.219999313354492,74465
2021-03-15,29.06999969482422,29.239999771118164,27.8799991607666,28.049999237060547,68088
2021-03-16,28.559999465942383,28.559999465942383,25.84000015258789,26.18000030517578,119365
2021-03-17,26.18000030517578,34.5099983215332,25.84000015258789,32.470001220703125,3388788
2021-03-18,29.75,30.43000030517578,28.389999389648438,28.899999618530273,345547
2021-03-19,29.06999969482422,30.09000015258789,28.049999237060547,28.389999389648438,153747
2021-03-22,29.239999771118164,29.239999771118164,27.8799991607666,28.389999389648438,108906
2021-03-23,28.389999389648438,28.389999389648438,25.84000015258789,26.350000381469727,143165
2021-03-24,26.520000457763672,26.520000457763672,24.649999618530273,24.989999771118164,85835
2021-03-25,24.139999389648438,26.520000457763672,23.459999084472656,25.5,111324
2021-03-26,24.93899917602539,26.010000228881836,24.649999618530273,24.989999771118164,72629
2021-03-29,24.479999542236328,25.329999923706055,23.459999084472656,23.459999084472656,100800
2021-03-30,23.459999084472656,24.81999969482422,22.950000762939453,24.479999542236328,60735
2021-03-31,24.479999542236328,26.18000030517578,24.479999542236328,25.670000076293945,52135
2021-04-01,26.010000228881836,26.860000610351562,25.84000015258789,26.350000381469727,52682
2021-04-05,26.520000457763672,27.3700008392334,26.010000228881836,26.860000610351562,67512
2021-04-06,26.860000610351562,28.049999237060547,26.350000381469727,27.030000686645508,88888
2021-04-07,26.520000457763672,27.709999084472656,26.350000381469727,26.520000457763672,57665
2021-04-08,26.520000457763672,27.200000762939453,26.18000030517578,26.690000534057617,49812
2021-04-09,26.350000381469727,27.3700008392334,25.84000015258789,26.18000030517578,60194
2021-04-12,26.18000030517578,26.18000030517578,24.479999542236328,24.989999771118164,80329
2021-04-13,24.81999969482422,25.329999923706055,24.139999389648438,25.15999984741211,56835
2021-04-14,24.649999618530273,26.860000610351562,24.479999542236328,24.989999771118164,121847
2021-04-15,24.989999771118164,25.670000076293945,24.020999908447266,24.139999389648438,43176
2021-04-16,23.799999237060547,24.989999771118164,22.950000762939453,24.81999969482422,78424
2021-04-19,24.173999786376953,24.989999771118164,23.1200008392334,23.6299991607666,69365
2021-04-20,23.799999237060547,24.309999465942383,22.780000686645508,23.969999313354492,61371
2021-04-21,23.799999237060547,24.649999618530273,23.290000915527344,24.309999465942383,40171
2021-04-22,24.479999542236328,25.5,23.969999313354492,24.309999465942383,40953
2021-04-23,23.969999313354492,26.010000228881836,23.799999237060547,24.989999771118164,67024
2021-04-26,24.649999618530273,26.18000030517578,24.649999618530273,25.329999923706055,54741
2021-04-27,25.329999923706055,25.670000076293945,24.565000534057617,24.649999618530273,20347
2021-04-28,24.81999969482422,25.84000015258789,24.309999465942383,24.989999771118164,37229
2021-04-29,25.15999984741211,25.15999984741211,24.139999389648438,24.309999465942383,33471
2021-04-30,24.139999389648438,24.81999969482422,23.799999237060547,23.969999313354492,41382
2021-05-03,24.139999389648438,24.479999542236328,23.459999084472656,24.309999465942383,27900
2021-05-04,23.459999084472656,24.139999389648438,22.950000762939453,23.459999084472656,47018
2021-05-05,23.290000915527344,23.969999313354492,22.950000762939453,23.6299991607666,60329
2021-05-06,23.459999084472656,24.139999389648438,22.950000762939453,23.1200008392334,49112
2021-05-07,23.1200008392334,23.799999237060547,23.1200008392334,23.6299991607666,34200
2021-05-10,23.1200008392334,23.6299991607666,22.457000732421875,22.950000762939453,48982
2021-05-11,22.100000381469727,26.520000457763672,21.25,23.459999084472656,460024
2021-05-12,23.187999725341797,23.969999313354492,21.913000106811523,22.100000381469727,69924
2021-05-13,22.440000534057617,22.780000686645508,21.25,21.25,63547
2021-05-14,21.420000076293945,22.440000534057617,21.334999084472656,22.100000381469727,37741
2021-05-17,21.760000228881836,22.950000762939453,21.59000015258789,22.780000686645508,26641
2021-05-18,22.54199981689453,23.799999237060547,22.440000534057617,22.780000686645508,29882
2021-05-19,22.440000534057617,23.459999084472656,22.440000534057617,23.459999084472656,26276
2021-05-20,23.459999084472656,23.799999237060547,22.950000762939453,23.6299991607666,20712
2021-05-21,23.799999237060547,24.81999969482422,23.459999084472656,24.649999618530273,51247
2021-05-24,24.309999465942383,24.81999969482422,23.6299991607666,23.799999237060547,29059
2021-05-25,23.799999237060547,24.139999389648438,23.290000915527344,23.290000915527344,18394
2021-05-26,19.040000915527344,21.079999923706055,18.530000686645508,20.56999969482422,263788
2021-05-27,20.56999969482422,21.25,20.56999969482422,21.079999923706055,48541
2021-05-28,20.739999771118164,21.59000015258789,20.399999618530273,20.739999771118164,63506
2021-06-01,20.399999618530273,20.90999984741211,20.229999542236328,20.739999771118164,29282
2021-06-02,20.399999618530273,21.420000076293945,20.229999542236328,20.739999771118164,32994
2021-06-03,20.399999618530273,20.672000885009766,19.209999084472656,19.889999389648438,78129
2021-06-04,19.719999313354492,21.25,19.549999237060547,20.90999984741211,85629
2021-06-07,20.56999969482422,21.760000228881836,20.399999618530273,21.59000015258789,53494
2021-06-08,21.59000015258789,21.93000030517578,20.399999618530273,21.25,68706
2021-06-09,21.25,21.93000030517578,21.079999923706055,21.420000076293945,42235
2021-06-10,21.760000228881836,22.100000381469727,21.079999923706055,21.25,33441
2021-06-11,21.420000076293945,22.950000762939453,21.079999923706055,22.610000610351562,77529
2021-06-14,24.81999969482422,25.84000015258789,23.290000915527344,23.6299991607666,241782
2021-06-15,23.799999237060547,23.969999313354492,21.964000701904297,22.440000534057617,65494
2021-06-16,22.100000381469727,23.1200008392334,21.777000427246094,22.780000686645508,45888
2021-06-17,22.610000610351562,23.459999084472656,22.524999618530273,23.290000915527344,30059
2021-06-18,22.780000686645508,24.309999465942383,22.610000610351562,23.1200008392334,48635
2021-06-21,23.459999084472656,23.459999084472656,22.440000534057617,22.780000686645508,38800
2021-06-22,22.780000686645508,23.1200008392334,22.320999145507812,22.950000762939453,26412
2021-06-23,22.610000610351562,23.6299991607666,22.440000534057617,23.1200008392334,38088
2021-06-24,23.969999313354492,24.989999771118164,23.459999084472656,24.309999465942383,97518
2021-06-25,24.649999618530273,25.5,24.309999465942383,25.5,60165
2021-06-28,25.108999252319336,25.5,24.139999389648438,24.479999542236328,42382
2021-06-29,24.309999465942383,24.565000534057617,23.799999237060547,23.969999313354492,29718
2021-06-30,23.799999237060547,24.309999465942383,23.459999084472656,23.799999237060547,26488
2021-07-01,23.6299991607666,23.969999313354492,23.459999084472656,23.799999237060547,13000
2021-07-02,23.799999237060547,25.15999984741211,22.950000762939453,24.989999771118164,81182
2021-07-06,25.15999984741211,25.84000015258789,23.799999237060547,24.139999389648438,59476
2021-07-07,24.309999465942383,24.479999542236328,21.760000228881836,22.950000762939453,112771
2021-07-08,22.610000610351562,23.1200008392334,22.100000381469727,22.950000762939453,25247
2021-07-09,22.780000686645508,23.1200008392334,22.610000610351562,23.1200008392334,23135
2021-07-12,23.290000915527344,23.459999084472656,22.780000686645508,22.950000762939453,17924
2021-07-13,22.950000762939453,23.290000915527344,22.440000534057617,22.440000534057617,29082
2021-07-14,22.440000534057617,22.950000762939453,21.420000076293945,21.93000030517578,270747
2021-07-15,22.966999053955078,23.459999084472656,20.739999771118164,21.59000015258789,153494
2021-07-16,21.420000076293945,21.760000228881836,20.56999969482422,21.420000076293945,55241
2021-07-19,20.739999771118164,21.760000228881836,20.399999618530273,21.59000015258789,28700
2021-07-20,21.420000076293945,22.864999771118164,21.25,22.270000457763672,37824
2021-07-21,22.950000762939453,23.6299991607666,22.610000610351562,22.780000686645508,27012
2021-07-22,22.780000686645508,23.1200008392334,22.440000534057617,23.1200008392334,12918
2021-07-23,22.780000686645508,23.1200008392334,22.270000457763672,22.440000534057617,21965
2021-07-26,22.440000534057617,22.950000762939453,22.270000457763672,22.780000686645508,10835
2021-07-27,22.440000534057617,22.524999618530273,21.60700035095215,22.440000534057617,15382
2021-07-28,22.270000457763672,22.950000762939453,22.100000381469727,22.780000686645508,14406
2021-07-29,22.780000686645508,23.459999084472656,22.440000534057617,22.610000610351562,34182
2021-07-30,22.610000610351562,22.950000762939453,21.93000030517578,22.440000534057617,20418
2021-08-02,22.440000534057617,23.6299991607666,22.270000457763672,23.290000915527344,26771
2021-08-03,23.459999084472656,23.459999084472656,22.610000610351562,23.1200008392334,17929
2021-08-04,23.290000915527344,23.459999084472656,21.420000076293945,22.610000610351562,38265
2021-08-05,22.270000457763672,22.610000610351562,19.889999389648438,22.440000534057617,29688
2021-08-06,22.100000381469727,24.445999145507812,22.100000381469727,23.1200008392334,99218
2021-08-09,22.780000686645508,24.81999969482422,22.440000534057617,24.649999618530273,160694
2021-08-10,23.969999313354492,24.479999542236328,23.290000915527344,23.799999237060547,50671
2021-08-11,23.799999237060547,24.479999542236328,23.6299991607666,24.479999542236328,36824
2021-08-12,24.479999542236328,25.5,24.139999389648438,25.329999923706055,56488
2021-08-13,25.15999984741211,25.5,24.139999389648438,24.649999618530273,67053
2021-08-16,24.139999389648438,24.309999465942383,23.290000915527344,23.290000915527344,37253
2021-08-17,23.290000915527344,24.735000610351562,23.290000915527344,24.309999465942383,44829
2021-08-18,24.139999389648438,24.81999969482422,23.799999237060547,24.139999389648438,28676
2021-08-19,24.139999389648438,24.139999389648438,23.459999084472656,23.6299991607666,39382
2021-08-20,23.290000915527344,24.309999465942383,23.1200008392334,23.6299991607666,47147
2021-08-23,23.459999084472656,24.81999969482422,23.459999084472656,23.799999237060547,65624
2021-08-24,23.799999237060547,24.309999465942383,23.799999237060547,23.969999313354492,50612
2021-08-25,23.969999313354492,25.329999923706055,22.610000610351562,23.799999237060547,385906
2021-08-26,24.309999465942383,24.81999969482422,22.610000610351562,22.780000686645508,88929
2021-08-27,22.950000762939453,24.139999389648438,22.440000534057617,22.610000610351562,114306
2021-08-30,23.290000915527344,23.6299991607666,22.610000610351562,22.950000762939453,35800
2021-08-31,22.950000762939453,23.273000717163086,21.93000030517578,22.270000457763672,67735
2021-09-01,22.440000534057617,22.610000610351562,21.59000015258789,22.270000457763672,53024
2021-09-02,22.440000534057617,22.440000534057617,21.93000030517578,22.100000381469727,30359
2021-09-03,21.93000030517578,22.100000381469727,20.90999984741211,21.25,73276
2021-09-07,21.25,21.420000076293945,20.56999969482422,21.420000076293945,61529
2021-09-08,21.25,21.351999282836914,20.56999969482422,20.739999771118164,31024
2021-09-09,20.90999984741211,21.25,20.399999618530273,21.25,48565
2021-09-10,21.079999923706055,21.079999923706055,20.56999969482422,20.56999969482422,28576
2021-09-13,20.399999618530273,20.56999969482422,19.719999313354492,20.229999542236328,53212
2021-09-14,20.059999465942383,20.246999740600586,18.700000762939453,18.8700008392334,102441
2021-09-15,19.226999282836914,19.80500030517578,18.78499984741211,19.549999237060547,38065
2021-09-16,19.209999084472656,19.719999313354492,18.92099952697754,19.3799991607666,18165
2021-09-17,19.889999389648438,19.889999389648438,19.040000915527344,19.719999313354492,22835
2021-09-20,19.040000915527344,19.209999084472656,18.530000686645508,18.8700008392334,48788
2021-09-21,18.8700008392334,19.176000595092773,17.510000228881836,18.530000686645508,102906
2021-09-22,18.530000686645508,19.3799991607666,18.190000534057617,19.040000915527344,30735
2021-09-23,18.8700008392334,19.3799991607666,18.78499984741211,19.040000915527344,18318
2021-09-24,18.8700008392334,19.040000915527344,18.360000610351562,18.700000762939453,20776
2021-09-27,18.8700008392334,18.8700008392334,17.850000381469727,18.8700008392334,34953
2021-09-28,18.8700008392334,19.3799991607666,18.190000534057617,18.700000762939453,51859
2021-09-29,18.530000686645508,18.8700008392334,18.360000610351562,18.360000610351562,11135
2021-09-30,18.360000610351562,18.8700008392334,18.190000534057617,18.530000686645508,10959
2021-10-01,18.530000686645508,18.700000762939453,17.850000381469727,18.020000457763672,20741
2021-10-04,18.020000457763672,18.326000213623047,17.510000228881836,17.68000030517578,20388
2021-10-05,17.510000228881836,18.190000534057617,17.34000015258789,17.510000228881836,24812
2021-10-06,17.170000076293945,17.510000228881836,16.677000045776367,16.898000717163086,38782
2021-10-07,16.93199920654297,17.850000381469727,16.847000122070312,17.68000030517578,23018
2021-10-08,17.68000030517578,18.190000534057617,17.34000015258789,17.850000381469727,13947
2021-10-11,17.850000381469727,18.360000610351562,17.850000381469727,18.190000534057617,16482
2021-10-12,18.360000610351562,18.530000686645508,18.190000534057617,18.360000610351562,12965
2021-10-13,18.360000610351562,19.040000915527344,18.360000610351562,18.8700008392334,13659
2021-10-14,19.040000915527344,19.46500015258789,18.700000762939453,19.3799991607666,16041
2021-10-15,19.209999084472656,19.3799991607666,18.8700008392334,19.209999084472656,17512
2021-10-18,21.25,21.25,19.040000915527344,20.059999465942383,110629
2021-10-19,21.079999923706055,21.079999923706055,19.040000915527344,19.549999237060547,49665
2021-10-20,19.549999237060547,19.719999313354492,18.8700008392334,19.209999084472656,23088
2021-10-21,19.209999084472656,19.209999084472656,18.360000610351562,18.530000686645508,33294
2021-10-22,18.360000610351562,18.530000686645508,17.850000381469727,18.020000457763672,20859
2021-10-25,17.850000381469727,18.274999618530273,17.68000030517578,17.68000030517578,41082
2021-10-26,17.850000381469727,17.986000061035156,17.170000076293945,17.68000030517578,39859
2021-10-27,17.68000030517578,18.020000457763672,17.34000015258789,17.510000228881836,24688
2021-10-28,17.68000030517578,17.850000381469727,16.982999801635742,17.34000015258789,41982
2021-10-29,17.0,17.850000381469727,17.0,17.68000030517578,23676
2021-11-01,17.68000030517578,18.190000534057617,17.68000030517578,18.020000457763672,24141
2021-11-02,18.190000534057617,19.040000915527344,18.190000534057617,18.8700008392334,31094
2021-11-03,18.8700008392334,19.209999084472656,18.360000610351562,18.8700008392334,21341
2021-11-04,20.399999618530273,20.739999771118164,19.209999084472656,20.059999465942383,246906
2021-11-05,20.059999465942383,20.059999465942383,18.530000686645508,19.040000915527344,45759
2021-11-08,19.549999237060547,20.739999771118164,18.700000762939453,20.399999618530273,72053
2021-11-09,20.059999465942383,20.56999969482422,19.3799991607666,20.229999542236328,41141
2021-11-10,20.739999771118164,20.739999771118164,19.3799991607666,19.889999389648438,25171
2021-11-11,19.889999389648438,20.56999969482422,19.719999313354492,20.059999465942383,31188
2021-11-12,20.399999618530273,20.399999618530273,19.719999313354492,20.229999542236328,18065
2021-11-15,20.56999969482422,20.56999969482422,19.719999313354492,20.399999618530273,27994
2021-11-16,20.399999618530273,20.399999618530273,19.719999313354492,20.229999542236328,35424
2021-11-17,19.889999389648438,20.229999542236328,19.3799991607666,19.719999313354492,31388
2021-11-18,19.549999237060547,19.719999313354492,18.020000457763672,18.530000686645508,53282
2021-11-19,18.700000762939453,20.059999465942383,18.700000762939453,19.889999389648438,38900
2021-11-22,19.719999313354492,20.145000457763672,18.530000686645508,19.209999084472656,38818
2021-11-23,18.700000762939453,19.209999084472656,18.190000534057617,18.8700008392334,44994
2021-11-24,18.8700008392334,20.059999465942383,18.530000686645508,19.889999389648438,32394
2021-11-26,19.549999237060547,19.719999313354492,18.700000762939453,19.209999084472656,19365
2021-11-29,19.533000946044922,19.549999237060547,18.700000762939453,18.700000762939453,20288
2021-11-30,18.8700008392334,19.209999084472656,18.360000610351562,18.700000762939453,30435
2021-12-01,18.700000762939453,18.8700008392334,17.34000015258789,17.34000015258789,48982
2021-12-02,17.0,18.020000457763672,17.0,17.850000381469727,19524
2021-12-03,18.020000457763672,18.190000534057617,16.45599937438965,17.170000076293945,35288
2021-12-06,17.170000076293945,18.190000534057617,17.0,18.190000534057617,17471
2021-12-07,18.020000457763672,19.549999237060547,18.020000457763672,19.040000915527344,39759
2021-12-08,18.700000762939453,20.229999542236328,18.58099937438965,19.3799991607666,27941
2021-12-09,19.3799991607666,19.839000701904297,18.76799964904785,18.8700008392334,12635
2021-12-10,19.040000915527344,19.209999084472656,18.700000762939453,19.040000915527344,16676
2021-12-13,18.700000762939453,19.209999084472656,18.274999618530273,18.700000762939453,16582
2021-12-14,18.530000686645508,18.700000762939453,17.68000030517578,17.68000030517578,31771
2021-12-15,17.850000381469727,18.700000762939453,17.34000015258789,18.360000610351562,24276
2021-12-16,18.360000610351562,18.530000686645508,17.850000381469727,17.850000381469727,11400
2021-12-17,17.850000381469727,18.700000762939453,17.34000015258789,18.530000686645508,32976
2021-12-20,17.68000030517578,18.020000457763672,17.170000076293945,17.34000015258789,48224
2021-12-21,17.34000015258789,18.530000686645508,17.34000015258789,18.530000686645508,17153
2021-12-22,18.190000534057617,18.700000762939453,18.020000457763672,18.190000534057617,22776
2021-12-23,18.020000457763672,18.360000610351562,17.850000381469727,18.020000457763672,29612
2021-12-27,17.850000381469727,18.190000534057617,17.510000228881836,17.68000030517578,43412
2021-12-28,17.68000030517578,17.850000381469727,17.510000228881836,17.510000228881836,26212
2021-12-29,17.510000228881836,17.68000030517578,17.0,17.170000076293945,36300
2021-12-30,17.0,17.510000228881836,16.829999923706055,17.170000076293945,31359
2021-12-31,16.829999923706055,17.170000076293945,16.65999984741211,16.847000122070312,51459
2022-01-03,17.170000076293945,18.954999923706055,17.0,18.530000686645508,84747
2022-01-04,18.8700008392334,19.209999084472656,17.68000030517578,18.360000610351562,28441
2022-01-05,18.020000457763672,18.530000686645508,17.510000228881836,17.850000381469727,32918
2022-01-06,18.08799934387207,18.530000686645508,17.34000015258789,17.850000381469727,17635
2022-01-07,18.020000457763672,18.78499984741211,17.510000228881836,17.510000228881836,29359
2022-01-10,17.510000228881836,17.68000030517578,17.0,17.34000015258789,32624
2022-01-11,17.34000015258789,17.850000381469727,17.0,17.34000015258789,24971
2022-01-12,17.68000030517578,17.68000030517578,17.170000076293945,17.34000015258789,13471
2022-01-13,17.34000015258789,17.510000228881836,16.65999984741211,16.65999984741211,31912
2022-01-14,16.829999923706055,17.0,15.8100004196167,16.93199920654297,50371
2022-01-18,16.31999969482422,17.0,16.31999969482422,16.489999771118164,22135
2022-01-19,16.506999969482422,16.847000122070312,15.8100004196167,16.30299949645996,16718
2022-01-20,16.0310001373291,16.829999923706055,15.8100004196167,15.996999740600586,17206
2022-01-21,16.149999618530273,16.489999771118164,14.467000007629395,15.147000312805176,61288
2022-01-24,14.875,15.8100004196167,13.651000022888184,15.58899974822998,61476
2022-01-25,15.470000267028809,16.31999969482422,15.333999633789062,15.946000099182129,25388
2022-01-26,16.149999618530273,16.31999969482422,15.300000190734863,15.555000305175781,20618
2022-01-27,15.470000267028809,16.132999420166016,14.789999961853027,15.793000221252441,34047
2022-01-28,15.640000343322754,17.34000015258789,15.470000267028809,16.52400016784668,41441
2022-01-31,16.31999969482422,17.34000015258789,15.8100004196167,17.34000015258789,17629
2022-02-01,17.0,17.850000381469727,16.65999984741211,17.68000030517578,25665
2022-02-02,17.510000228881836,17.850000381469727,17.0,17.34000015258789,10435
2022-02-03,17.34000015258789,17.68000030517578,16.489999771118164,16.982999801635742,28576
2022-02-04,17.170000076293945,17.34000015258789,15.979999542236328,16.336999893188477,23247
2022-02-07,16.711000442504883,17.0,16.31999969482422,16.558000564575195,11306
2022-02-08,16.354000091552734,17.0,16.16699981689453,16.965999603271484,14482
2022-02-09,17.0,18.360000610351562,16.965999603271484,18.104999542236328,39094
2022-02-10,17.510000228881836,19.549999237060547,17.510000228881836,18.700000762939453,24282
2022-02-11,18.530000686645508,18.700000762939453,17.850000381469727,18.190000534057617,10100
2022-02-14,18.020000457763672,18.8700008392334,17.867000579833984,18.700000762939453,14182
2022-02-15,18.8700008392334,20.059999465942383,18.819000244140625,19.719999313354492,20147
2022-02-16,19.719999313354492,21.25,19.209999084472656,21.079999923706055,38400
2022-02-17,21.488000869750977,21.59000015258789,20.41699981689453,20.739999771118164,36718
2022-02-18,20.90999984741211,22.100000381469727,20.399999618530273,21.25,45412
2022-02-22,20.9950008392334,20.9950008392334,19.549999237060547,19.889999389648438,35494
2022-02-23,19.889999389648438,20.90999984741211,19.889999389648438,19.889999389648438,38559
2022-02-24,19.073999404907227,20.399999618530273,18.190000534057617,20.059999465942383,38712
2022-02-25,20.399999618530273,21.079999923706055,19.889999389648438,20.739999771118164,17735
2022-02-28,20.90999984741211,21.420000076293945,20.399999618530273,20.90999984741211,15624
2022-03-01,20.739999771118164,21.760000228881836,20.739999771118164,21.59000015258789,32200
2022-03-02,21.59000015258789,22.270000457763672,20.739999771118164,22.100000381469727,33353
2022-03-03,22.270000457763672,24.139999389648438,21.93000030517578,23.969999313354492,77824
2022-03-04,23.799999237060547,25.5,23.799999237060547,25.5,81053
2022-03-07,25.15999984741211,27.200000762939453,24.68400001525879,25.670000076293945,81494
2022-03-08,26.010000228881836,26.350000381469727,22.610000610351562,23.969999313354492,105924
2022-03-09,24.649999618530273,26.350000381469727,24.139999389648438,25.5,67976
2022-03-10,25.5,26.350000381469727,24.309999465942383,25.84000015258789,44341
2022-03-11,25.670000076293945,26.774999618530273,25.670000076293945,26.010000228881836,48476
2022-03-14,25.84000015258789,26.350000381469727,23.799999237060547,24.649999618530273,60759
2022-03-15,24.395000457763672,25.15999984741211,23.799999237060547,24.81999969482422,39129
2022-03-16,24.989999771118164,25.15999984741211,23.799999237060547,24.649999618530273,29641
2022-03-17,24.81999969482422,26.094999313354492,24.496999740600586,25.84000015258789,46029
2022-03-18,25.84000015258789,27.200000762939453,25.670000076293945,27.030000686645508,53741
2022-03-21,27.200000762939453,28.389999389648438,26.860000610351562,28.219999313354492,72771
2022-03-22,29.06999969482422,31.450000762939453,28.729999542236328,30.600000381469727,160894
2022-03-23,30.600000381469727,31.076000213623047,29.75,30.600000381469727,64824
2022-03-24,30.600000381469727,32.130001068115234,30.174999237060547,31.450000762939453,78418
2022-03-25,31.959999084472656,32.130001068115234,30.770000457763672,31.450000762939453,90806
2022-03-28,30.940000534057617,31.280000686645508,27.540000915527344,30.940000534057617,137600
2022-03-29,25.84000015258789,27.8799991607666,24.309999465942383,24.649999618530273,320371
2022-03-30,24.989999771118164,25.5,22.440000534057617,22.610000610351562,105982
2022-03-31,22.610000610351562,24.139999389648438,21.760000228881836,23.290000915527344,67129
2022-04-01,22.440000534057617,23.545000076293945,22.440000534057617,22.780000686645508,42753
2022-04-04,22.270000457763672,22.270000457763672,21.420000076293945,21.760000228881836,71824
2022-04-05,21.760000228881836,22.780000686645508,21.420000076293945,22.100000381469727,29318
2022-04-06,22.100000381469727,22.184999465942383,20.059999465942383,20.56999969482422,75488
2022-04-07,20.399999618530273,21.079999923706055,19.889999389648438,20.229999542236328,27082
2022-04-08,20.229999542236328,21.25,19.889999389648438,20.059999465942383,37200
2022-04-11,19.719999313354492,20.315000534057617,19.635000228881836,19.719999313354492,44165
2022-04-12,19.719999313354492,19.889999389648438,17.850000381469727,18.530000686645508,65518
2022-04-13,18.700000762939453,19.549999237060547,18.190000534057617,19.040000915527344,48865
2022-04-14,18.8700008392334,19.549999237060547,17.850000381469727,18.020000457763672,40712
2022-04-18,17.68000030517578,17.986000061035156,17.0,17.0,46529
2022-04-19,17.34000015258789,17.850000381469727,17.170000076293945,17.68000030517578,21665
2022-04-20,17.510000228881836,17.61199951171875,17.34000015258789,17.34000015258789,10465
2022-04-21,17.34000015258789,17.510000228881836,17.2549991607666,17.34000015258789,30194
2022-04-22,17.34000015258789,18.020000457763672,16.489999771118164,16.77899932861328,29447
2022-04-25,16.65999984741211,18.8700008392334,14.789999961853027,16.72800064086914,100012
2022-04-26,16.31999969482422,16.43899917602539,15.368000030517578,15.8100004196167,18135
2022-04-27,15.640000343322754,16.115999221801758,14.875,15.35099983215332,38065
2022-04-28,15.418999671936035,15.656999588012695,14.960000038146973,15.333999633789062,24318
2022-04-29,15.300000190734863,15.708000183105469,14.670999526977539,14.994000434875488,17782
2022-05-02,14.960000038146973,15.640000343322754,14.619999885559082,15.24899959564209,38076
2022-05-03,15.300000190734863,15.555000305175781,14.654000282287598,15.01099967956543,13059
2022-05-04,14.059000015258789,14.942999839782715,13.9399995803833,14.63700008392334,33982
2022-05-05,14.619999885559082,14.994000434875488,14.109999656677246,14.39900016784668,19282
2022-05-06,14.279999732971191,14.789999961853027,13.633999824523926,13.770000457763672,14159
2022-05-09,14.109999656677246,15.095999717712402,13.378999710083008,13.46399974822998,31418
2022-05-10,13.600000381469727,13.9399995803833,12.427000045776367,12.920000076293945,26824
2022-05-11,13.260000228881836,13.430000305175781,12.239999771118164,12.40999984741211,17888
2022-05-12,12.40999984741211,12.75,12.03600025177002,12.444000244140625,13424
2022-05-13,13.107000350952148,14.109999656677246,12.444000244140625,13.208999633789062,17388
2022-05-16,13.32800006866455,13.9399995803833,12.920000076293945,13.430000305175781,13871
2022-05-17,13.770000457763672,16.31999969482422,13.736000061035156,15.623000144958496,41341
2022-05-18,15.640000343322754,16.149999618530273,14.670999526977539,15.130000114440918,12088
2022-05-19,15.470000267028809,15.861000061035156,14.960000038146973,15.147000312805176,9447
2022-05-20,15.300000190734863,16.149999618530273,14.960000038146973,15.368000030517578,17341
2022-05-23,15.300000190734863,16.149999618530273,14.960000038146973,15.758999824523926,9153
2022-05-24,15.571999549865723,15.640000343322754,14.467000007629395,14.77299976348877,10288
2022-05-25,14.789999961853027,15.402000427246094,14.619999885559082,15.045000076293945,4459
2022-05-26,15.045000076293945,15.470000267028809,14.619999885559082,14.619999885559082,15265
2022-05-27,13.616999626159668,15.045000076293945,13.600000381469727,14.619999885559082,15382
2022-05-31,14.279999732971191,14.586000442504883,13.600000381469727,13.786999702453613,24971
2022-06-01,14.279999732971191,14.39900016784668,13.803999900817871,14.347999572753906,17124
2022-06-02,14.109999656677246,14.619999885559082,13.803999900817871,14.262999534606934,12982
2022-06-03,14.279999732971191,14.279999732971191,13.616999626159668,14.178000450134277,8194
2022-06-06,14.024999618530273,14.39900016784668,13.770000457763672,14.279999732971191,6406
2022-06-07,13.906000137329102,15.979999542236328,13.906000137329102,15.708000183105469,27582
2022-06-08,15.793000221252441,16.149999618530273,15.147000312805176,15.640000343322754,9194
2022-06-09,15.640000343322754,15.640000343322754,14.687999725341797,14.97700023651123,6376
2022-06-10,14.619999885559082,15.435999870300293,14.467000007629395,14.789999961853027,4353
2022-06-13,14.484000205993652,14.909000396728516,13.770000457763672,14.109999656677246,18176
2022-06-14,14.449999809265137,14.960000038146973,13.770000457763672,13.9399995803833,8529
2022-06-15,14.16100025177002,14.619999885559082,13.430000305175781,13.633999824523926,13665
2022-06-16,13.548999786376953,14.109999656677246,12.85200023651123,13.09000015258789,13741
2022-06-17,12.835000038146973,13.956999778747559,12.835000038146973,13.753000259399414,20800
2022-06-21,13.600000381469727,14.449999809265137,13.600000381469727,14.449999809265137,8353
2022-06-22,14.041999816894531,14.807000160217285,13.600000381469727,14.041999816894531,6924
2022-06-23,13.430000305175781,14.416000366210938,13.345000267028809,13.718999862670898,9753
2022-06-24,13.633999824523926,14.789999961853027,13.633999824523926,13.956999778747559,5459
2022-06-27,14.279999732971191,14.53499984741211,13.9399995803833,13.9399995803833,5600
2022-06-28,14.29699993133545,14.449999809265137,13.9399995803833,13.991000175476074,8582
2022-06-29,14.109999656677246,14.416000366210938,13.46399974822998,13.770000457763672,14941
2022-06-30,13.616999626159668,14.144000053405762,13.12399959564209,13.616999626159668,7424
2022-07-01,13.413000106811523,14.109999656677246,13.362000465393066,13.600000381469727,4924
2022-07-05,13.208999633789062,13.838000297546387,13.09000015258789,13.46399974822998,6894
2022-07-06,13.46399974822998,14.144000053405762,13.140999794006348,13.430000305175781,6871
2022-07-07,13.277000427246094,13.9399995803833,13.277000427246094,13.70199966430664,6012
2022-07-08,13.6850004196167,13.9399995803833,13.260000228881836,13.310999870300293,4682
2022-07-11,14.109999656677246,14.109999656677246,13.107000350952148,13.531999588012695,20453
2022-07-12,13.548999786376953,13.6850004196167,13.260000228881836,13.616999626159668,8041
2022-07-13,13.260000228881836,13.991000175476074,13.260000228881836,13.430000305175781,5829
2022-07-14,13.770000457763672,13.9399995803833,13.260000228881836,13.260000228881836,5571
2022-07-15,13.362000465393066,13.600000381469727,13.260000228881836,13.430000305175781,1118
2022-07-18,13.446999549865723,13.736000061035156,13.09000015258789,13.140999794006348,8212
2022-07-19,13.430000305175781,13.906000137329102,13.09000015258789,13.480999946594238,5629
2022-07-20,13.600000381469727,14.109999656677246,13.430000305175781,13.770000457763672,6988
2022-07-21,13.616999626159668,14.109999656677246,13.600000381469727,13.600000381469727,4759
2022-07-22,13.600000381469727,13.770000457763672,13.260000228881836,13.260000228881836,8171
2022-07-25,13.09000015258789,13.9399995803833,13.09000015258789,13.345000267028809,6171
2022-07-26,13.430000305175781,13.430000305175781,12.75,12.784000396728516,10153
2022-07-27,13.107000350952148,13.293999671936035,12.40999984741211,12.98799991607666,6729
2022-07-28,13.09000015258789,13.260000228881836,12.800999641418457,13.12399959564209,5476
2022-07-29,12.920000076293945,13.260000228881836,12.75,12.817999839782715,9835
2022-08-01,12.75,13.600000381469727,12.75,13.378999710083008,8306
2022-08-02,13.92300033569336,13.92300033569336,13.09000015258789,13.430000305175781,10335
2022-08-03,13.446999549865723,14.279999732971191,13.430000305175781,13.668000221252441,9665
2022-08-04,14.024999618530273,14.144000053405762,13.430000305175781,13.770000457763672,7253
2022-08-05,13.310999870300293,14.279999732971191,13.310999870300293,13.991000175476074,6206
2022-08-08,13.991000175476074,13.991000175476074,12.121000289916992,12.444000244140625,48424
2022-08-09,12.291000366210938,12.75,12.154999732971191,12.324999809265137,28094
2022-08-10,12.40999984741211,12.75,11.934000015258789,12.104000091552734,36771
2022-08-11,12.40999984741211,12.40999984741211,11.899999618530273,11.951000213623047,20576
2022-08-12,11.984999656677246,12.40999984741211,11.899999618530273,12.001999855041504,18829
2022-08-15,11.899999618530273,12.40999984741211,11.899999618530273,11.968000411987305,17247
2022-08-16,12.069999694824219,12.37600040435791,10.710000038146973,10.744000434875488,62524
2022-08-17,11.050000190734863,11.050000190734863,10.097999572753906,10.72700023651123,32700
2022-08-18,10.557000160217285,10.897000312805176,10.131999969482422,10.369999885559082,24388
2022-08-19,10.217000007629395,10.710000038146973,10.029999732971191,10.369999885559082,31529
2022-08-22,10.14900016784668,10.454999923706055,9.248000144958496,10.114999771118164,15224
2022-08-23,10.029999732971191,10.692999839782715,9.6899995803833,10.04699993133545,10676
2022-08-24,10.182999610900879,10.692999839782715,9.859999656677246,10.420999526977539,12471
2022-08-25,11.168999671936035,11.168999671936035,9.944999694824219,10.14900016784668,16553
2022-08-26,10.131999969482422,10.199999809265137,9.6899995803833,9.944999694824219,8118
2022-08-29,10.166000366210938,10.472000122070312,10.14900016784668,10.319000244140625,9029
2022-08-30,10.420999526977539,10.420999526977539,9.588000297546387,9.876999855041504,13259
2022-08-31,9.859999656677246,10.166000366210938,9.571000099182129,9.859999656677246,7124
2022-09-01,10.029999732971191,10.199999809265137,9.4350004196167,9.91100025177002,12135
2022-09-02,9.520000457763672,9.843000411987305,9.180000305175781,9.6899995803833,15206
2022-09-06,9.6899995803833,9.859999656677246,9.196999549865723,9.265000343322754,6459
2022-09-07,9.265000343322754,9.350000381469727,9.095000267028809,9.128999710083008,6135
2022-09-08,9.128999710083008,9.4350004196167,8.993000030517578,9.281999588012695,11624
2022-09-09,9.180000305175781,9.180000305175781,8.652999877929688,8.755000114440918,28247
2022-09-12,8.670000076293945,9.180000305175781,8.619000434875488,8.993000030517578,23259
2022-09-13,9.180000305175781,9.859999656677246,8.670000076293945,9.6899995803833,31165
2022-09-14,9.520000457763672,9.758000373840332,9.180000305175781,9.366999626159668,15353
2022-09-15,10.029999732971191,10.029999732971191,9.230999946594238,9.894000053405762,14882
2022-09-16,10.029999732971191,10.114999771118164,9.520000457763672,9.638999938964844,12429
2022-09-19,9.520000457763672,9.859999656677246,9.180000305175781,9.468999862670898,10824
2022-09-20,9.350000381469727,9.350000381469727,8.670000076293945,8.84000015258789,9271
2022-09-21,8.720999717712402,8.84000015258789,8.550999641418457,8.63599967956543,8871
2022-09-22,8.5,8.5,8.074999809265137,8.279000282287598,14176
2022-09-23,8.244999885559082,8.73799991607666,7.989999771118164,8.449000358581543,11653
2022-09-26,8.194000244140625,8.347000122070312,7.224999904632568,7.565000057220459,33382
2022-09-27,7.480000019073486,7.650000095367432,6.13700008392334,6.664000034332275,65635
2022-09-28,6.800000190734863,7.343999862670898,6.800000190734863,7.139999866485596,21029
2022-09-29,7.4120001792907715,7.547999858856201,7.020999908447266,7.394999980926514,9488
2022-09-30,7.309999942779541,7.820000171661377,7.309999942779541,7.650000095367432,5400
2022-10-03,7.650000095367432,7.854000091552734,7.480000019073486,7.854000091552734,3806
2022-10-04,7.343999862670898,8.84000015258789,7.343999862670898,8.652999877929688,12541
2022-10-05,8.670000076293945,9.010000228881836,8.5,8.517000198364258,7465
2022-10-06,8.5,8.84000015258789,7.666999816894531,8.12600040435791,12794
2022-10-07,7.870999813079834,8.5,7.701000213623047,7.735000133514404,7165
2022-10-10,8.109000205993652,8.109000205993652,7.377999782562256,7.377999782562256,5224
2022-10-11,7.327000141143799,7.769000053405762,7.309999942779541,7.497000217437744,5112
2022-10-12,7.820000171661377,7.820000171661377,7.480000019073486,7.547999858856201,5812
2022-10-13,7.394999980926514,7.751999855041504,7.394999980926514,7.7179999351501465,4153
2022-10-14,7.989999771118164,7.989999771118164,7.547999858856201,7.650000095367432,5271
2022-10-17,7.650000095367432,7.989999771118164,7.480000019073486,7.513999938964844,4371
2022-10-18,7.531000137329102,8.244999885559082,7.531000137329102,7.989999771118164,8824
2022-10-19,7.9730000495910645,8.15999984741211,7.480000019073486,7.480000019073486,4124
2022-10-20,7.480000019073486,7.989999771118164,7.480000019073486,7.598999977111816,2218
2022-10-21,7.480000019073486,7.989999771118164,7.309999942779541,7.497000217437744,11482
2022-10-24,7.276000022888184,7.446000099182129,6.96999979019165,7.004000186920166,6059
2022-10-25,7.105999946594238,7.394999980926514,6.800000190734863,7.072000026702881,11624
2022-10-26,6.96999979019165,7.343999862670898,6.96999979019165,7.139999866485596,10318
2022-10-27,7.139999866485596,7.394999980926514,7.139999866485596,7.361000061035156,6494
2022-10-28,7.139999866485596,7.361000061035156,6.800000190734863,7.020999908447266,19324
2022-10-31,7.309999942779541,7.309999942779541,6.885000228881836,6.953000068664551,4353
2022-11-01,6.885000228881836,7.173999786376953,6.646999835968018,6.9019999504089355,10747
2022-11-02,6.96999979019165,7.105999946594238,6.646999835968018,6.85099983215332,5071
2022-11-03,6.800000190734863,7.004000186920166,6.800000190734863,6.885000228881836,3012
2022-11-04,7.020999908447266,7.020999908447266,6.392000198364258,6.73199987411499,10112
2022-11-07,6.646999835968018,7.224999904632568,6.545000076293945,6.85099983215332,6829
2022-11-08,6.800000190734863,7.309999942779541,6.4770002365112305,6.646999835968018,8218
2022-11-09,6.800000190734863,7.105999946594238,6.119999885559082,6.25600004196167,17076
2022-11-10,6.442999839782715,6.800000190734863,6.289999961853027,6.442999839782715,14053
2022-11-11,6.545000076293945,6.953000068664551,6.460000038146973,6.4770002365112305,11006
2022-11-14,6.630000114440918,6.800000190734863,6.119999885559082,6.460000038146973,9071
2022-11-15,6.630000114440918,7.343999862670898,6.630000114440918,7.038000106811523,17394
2022-11-16,6.834000110626221,7.4629998207092285,6.816999912261963,7.139999866485596,12382
2022-11-17,6.800000190734863,8.12600040435791,6.800000190734863,7.684000015258789,13682
2022-11-18,7.820000171661377,8.670000076293945,7.650000095367432,8.15999984741211,19971
2022-11-21,8.652999877929688,8.652999877929688,7.666999816894531,7.666999816894531,8759
2022-11-22,7.820000171661377,8.329999923706055,7.4120001792907715,7.820000171661377,5541
2022-11-23,7.820000171661377,8.211000442504883,7.327000141143799,7.4120001792907715,3229
2022-11-25,7.480000019073486,8.12600040435791,7.480000019073486,8.109000205993652,8506
2022-11-28,8.15999984741211,8.380999565124512,7.581999778747559,7.769000053405762,8812
2022-11-29,7.769000053405762,8.109000205993652,6.986999988555908,7.446000099182129,6282
2022-11-30,7.666999816894531,8.329999923706055,7.480000019073486,7.650000095367432,3194
2022-12-01,7.394999980926514,7.989999771118164,7.258999824523926,7.769000053405762,4518
2022-12-02,7.820000171661377,7.820000171661377,7.054999828338623,7.650000095367432,5859
2022-12-05,7.820000171661377,7.854000091552734,7.139999866485596,7.343999862670898,6729
2022-12-06,7.139999866485596,7.650000095367432,7.054999828338623,7.054999828338623,4035
2022-12-07,7.054999828338623,7.428999900817871,6.919000148773193,6.986999988555908,1953
2022-12-08,6.9019999504089355,7.632999897003174,6.800000190734863,6.9019999504089355,4841
2022-12-09,6.85099983215332,7.139999866485596,6.85099983215332,6.885000228881836,3324
2022-12-12,7.343999862670898,7.343999862670898,6.96999979019165,7.054999828338623,6141
2022-12-13,7.105999946594238,7.309999942779541,6.800000190734863,6.96999979019165,13382
2022-12-14,6.953000068664551,8.074999809265137,6.800000190734863,7.309999942779541,20653
2022-12-15,7.480000019073486,7.666999816894531,7.327000141143799,7.497000217437744,2318
2022-12-16,7.480000019073486,7.820000171661377,7.139999866485596,7.224999904632568,8500
2022-12-19,7.785999774932861,7.90500020980835,7.173999786376953,7.632999897003174,8018
2022-12-20,7.650000095367432,7.684000015258789,7.004000186920166,7.004000186920166,6547
2022-12-21,6.96999979019165,7.394999980926514,6.800000190734863,7.224999904632568,8424
2022-12-22,7.224999904632568,7.224999904632568,6.800000190734863,6.96999979019165,3694
2022-12-23,6.96999979019165,7.139999866485596,6.800000190734863,6.9019999504089355,7459
2022-12-27,6.816999912261963,7.173999786376953,6.800000190734863,6.800000190734863,12100
2022-12-28,6.96999979019165,6.96999979019165,6.630000114440918,6.646999835968018,7159
2022-12-29,6.646999835968018,6.953000068664551,6.646999835968018,6.816999912261963,4776
2022-12-30,6.96999979019165,7.139999866485596,6.323999881744385,6.765999794006348,18435
2023-01-03,6.96999979019165,7.123000144958496,6.630000114440918,7.020999908447266,2894
2023-01-04,7.139999866485596,7.650000095367432,6.986999988555908,7.632999897003174,5206
2023-01-05,7.820000171661377,7.820000171661377,7.565000057220459,7.632999897003174,2953
2023-01-06,7.735000133514404,8.15999984741211,7.565000057220459,8.15999984741211,4488
2023-01-09,8.142999649047852,8.329999923706055,7.836999893188477,8.15999984741211,5947
2023-01-10,8.15999984741211,8.5,7.836999893188477,8.279000282287598,8659
2023-01-11,8.5,8.5,8.02400016784668,8.347000122070312,4818
2023-01-12,8.329999923706055,9.010000228881836,8.15999984741211,8.84000015258789,14765
2023-01-13,8.670000076293945,9.6899995803833,8.670000076293945,9.45199966430664,16118
2023-01-17,9.520000457763672,10.114999771118164,9.350000381469727,9.859999656677246,13088
2023-01-18,9.876999855041504,10.199999809265137,8.84000015258789,9.180000305175781,5235
2023-01-19,9.401000022888184,10.336000442504883,8.890999794006348,9.128999710083008,6259
2023-01-20,9.21399974822998,9.859999656677246,8.958999633789062,9.180000305175781,5547
2023-01-23,9.180000305175781,9.6899995803833,9.180000305175781,9.4350004196167,5006
2023-01-24,9.826000213623047,9.843000411987305,9.196999549865723,9.366999626159668,6606
2023-01-25,9.486000061035156,9.520000457763672,8.687000274658203,8.73799991607666,8265
2023-01-26,8.84000015258789,9.163000106811523,8.244999885559082,8.84000015258789,5876
2023-01-27,8.84000015258789,9.503000259399414,8.329999923706055,9.095000267028809,6947
2023-01-30,9.180000305175781,9.180000305175781,8.84000015258789,8.84000015258789,5265
2023-01-31,8.670000076293945,9.180000305175781,8.670000076293945,9.010000228881836,3729
2023-02-01,8.704000473022461,9.145999908447266,8.704000473022461,8.857000350952148,3371
2023-02-02,8.857000350952148,9.503000259399414,8.857000350952148,9.333000183105469,15665
2023-02-03,9.350000381469727,9.503000259399414,9.043999671936035,9.350000381469727,7841
2023-02-06,9.350000381469727,9.503000259399414,9.163000106811523,9.163000106811523,7041
2023-02-07,9.010000228881836,9.503000259399414,9.010000228881836,9.350000381469727,3441
2023-02-08,9.350000381469727,9.350000381469727,9.095000267028809,9.095000267028809,4876
2023-02-09,9.503000259399414,9.503000259399414,8.857000350952148,9.180000305175781,4141
2023-02-10,9.180000305175781,9.520000457763672,8.84000015258789,8.993000030517578,6294
2023-02-13,9.010000228881836,9.4350004196167,8.788999557495117,9.180000305175781,3659
2023-02-14,9.010000228881836,9.180000305175781,8.670000076293945,9.095000267028809,6076
2023-02-15,8.84000015258789,9.180000305175781,7.989999771118164,8.720999717712402,13600
2023-02-16,8.15999984741211,9.095000267028809,8.15999984741211,8.5,7394
2023-02-17,8.329999923706055,8.84000015258789,8.329999923706055,8.5,1247
2023-02-21,8.432000160217285,8.84000015258789,8.26200008392334,8.26200008392334,2071
2023-02-22,8.5,8.670000076293945,7.989999771118164,7.989999771118164,4341
2023-02-23,7.989999771118164,8.074999809265137,7.428999900817871,7.666999816894531,10535
2023-02-24,7.751999855041504,7.989999771118164,7.139999866485596,7.309999942779541,12953
2023-02-27,7.684000015258789,7.854000091552734,7.309999942779541,7.650000095367432,3994
2023-02-28,8.15999984741211,8.329999923706055,7.377999782562256,7.666999816894531,10929
2023-03-01,7.820000171661377,8.329999923706055,7.480000019073486,7.480000019073486,5729
2023-03-02,7.650000095367432,7.7179999351501465,7.327000141143799,7.327000141143799,3624
2023-03-03,7.820000171661377,8.15999984741211,7.327000141143799,7.4629998207092285,6629
2023-03-06,7.343999862670898,7.820000171661377,6.96999979019165,7.650000095367432,10135
2023-03-07,7.870999813079834,7.870999813079834,7.309999942779541,7.343999862670898,3588
2023-03-08,7.139999866485596,7.650000095367432,6.800000190734863,7.480000019073486,9076
2023-03-09,7.735000133514404,7.785999774932861,7.072000026702881,7.139999866485596,4853
2023-03-10,6.834000110626221,7.309999942779541,4.60699987411499,5.236000061035156,115847
2023-03-13,5.083000183105469,6.800000190734863,4.998000144958496,6.4770002365112305,48976
2023-03-14,6.49399995803833,6.7829999923706055,5.796999931335449,5.796999931335449,21388
2023-03-15,5.949999809265137,5.949999809265137,4.929999828338623,5.252999782562256,11871
2023-03-16,5.440000057220459,5.933000087738037,5.440000057220459,5.745999813079834,8053
2023-03-17,5.610000133514404,6.034999847412109,5.3379998207092285,5.915999889373779,12218
2023-03-20,5.729000091552734,6.25600004196167,5.355000019073486,5.525000095367432,7547
2023-03-21,5.610000133514404,5.864999771118164,5.610000133514404,5.626999855041504,6624
2023-03-22,5.525000095367432,5.78000020980835,5.440000057220459,5.576000213623047,4118
2023-03-23,5.78000020980835,5.864999771118164,5.099999904632568,5.269999980926514,13776
2023-03-24,5.269999980926514,5.440000057220459,4.861999988555908,5.048999786376953,25459
2023-03-27,5.440000057220459,5.610000133514404,5.372000217437744,5.388999938964844,13288
2023-03-28,5.440000057220459,5.610000133514404,5.269999980926514,5.576000213623047,8147
2023-03-29,5.355000019073486,5.949999809265137,5.355000019073486,5.626999855041504,8876
2023-03-30,5.626999855041504,5.78000020980835,5.303999900817871,5.473999977111816,6712
2023-03-31,5.269999980926514,5.610000133514404,5.269999980926514,5.406000137329102,5271
2023-04-03,5.168000221252441,5.949999809265137,5.168000221252441,5.388999938964844,8688
2023-04-04,5.2870001792907715,5.5929999351501465,5.269999980926514,5.372000217437744,6135
2023-04-05,5.321000099182129,5.440000057220459,5.2870001792907715,5.440000057220459,2718
2023-04-06,5.269999980926514,5.830999851226807,5.184999942779541,5.440000057220459,12324
2023-04-10,5.5929999351501465,5.5929999351501465,5.218999862670898,5.236000061035156,6200
2023-04-11,5.440000057220459,5.610000133514404,5.269999980926514,5.321000099182129,2494
2023-04-12,5.610000133514404,5.610000133514404,5.184999942779541,5.202000141143799,7982
2023-04-13,5.014999866485596,5.440000057220459,4.675000190734863,5.083000183105469,14753
2023-04-14,5.083000183105469,5.406000137329102,4.760000228881836,4.84499979019165,12988
2023-04-17,5.099999904632568,5.236000061035156,4.760000228881836,4.84499979019165,9718
2023-04-18,5.014999866485596,5.269999980926514,4.84499979019165,5.168000221252441,15306
2023-04-19,5.168000221252441,5.269999980926514,4.929999828338623,5.184999942779541,2988
2023-04-20,5.269999980926514,5.440000057220459,4.7769999504089355,5.117000102996826,13594
2023-04-21,5.065999984741211,5.269999980926514,4.929999828338623,4.998000144958496,4853
2023-04-24,4.879000186920166,5.269999980926514,4.879000186920166,4.929999828338623,4306
2023-04-25,5.083000183105469,5.099999904632568,4.760000228881836,4.861999988555908,7176
2023-04-26,4.675000190734863,4.929999828338623,4.590000152587891,4.590000152587891,12547
2023-04-27,4.60699987411499,4.913000106811523,4.60699987411499,4.760000228881836,4635
2023-04-28,4.895999908447266,4.895999908447266,4.420000076293945,4.420000076293945,20500
2023-05-01,4.420000076293945,4.929999828338623,4.420000076293945,4.590000152587891,19247
2023-05-02,4.760000228881836,4.913000106811523,4.420000076293945,4.505000114440918,10482
2023-05-03,4.420000076293945,4.913000106811523,4.0970001220703125,4.25,18971
2023-05-04,4.25,4.453999996185303,3.994999885559082,4.25,17529
2023-05-05,4.113999843597412,4.232999801635742,3.9100000858306885,4.13100004196167,24518
2023-05-08,4.079999923706055,4.232999801635742,3.9100000858306885,4.13100004196167,8988
2023-05-09,4.0970001220703125,4.25,4.0970001220703125,4.25,13529
2023-05-10,4.13100004196167,4.590000152587891,3.9779999256134033,4.521999835968018,24318
2023-05-11,4.420000076293945,5.933000087738037,4.420000076293945,4.84499979019165,138582
2023-05-12,4.380000114440918,4.630000114440918,4.0,4.309999942779541,191900
2023-05-15,4.039999961853027,4.449999809265137,4.039999961853027,4.289999961853027,16000
2023-05-16,4.170000076293945,4.21999979019165,3.3499999046325684,3.5299999713897705,159600
2023-05-17,3.390000104904175,3.7799999713897705,3.299999952316284,3.619999885559082,79400
2023-05-18,3.609999895095825,3.740000009536743,3.5,3.6700000762939453,5900
2023-05-19,3.6500000953674316,4.090000152587891,3.630000114440918,3.7699999809265137,127200
2023-05-22,3.7699999809265137,4.27400016784668,3.7699999809265137,4.059999942779541,29800
2023-05-23,3.950000047683716,5.580999851226807,3.950000047683716,5.369999885559082,177700
2023-05-24,5.320000171661377,5.4730000495910645,4.909999847412109,5.130000114440918,55600
2023-05-25,5.019999980926514,5.236999988555908,4.809999942779541,5.210000038146973,56200
2023-05-26,5.070000171661377,5.190000057220459,4.25,4.739999771118164,37300
2023-05-30,4.679999828338623,4.789999961853027,4.535999774932861,4.659999847412109,15500
2023-05-31,4.639999866485596,4.769999980926514,4.510000228881836,4.630000114440918,11500
2023-06-01,4.610000133514404,4.650000095367432,4.300000190734863,4.309999942779541,7100
2023-06-02,4.329999923706055,4.690000057220459,4.329999923706055,4.5,8000
2023-06-05,4.5,4.644999980926514,4.420000076293945,4.460000038146973,9000
2023-06-06,4.638999938964844,4.650000095367432,4.510000228881836,4.590000152587891,7300
2023-06-07,4.840000152587891,4.980000019073486,4.440000057220459,4.460000038146973,25700
2023-06-08,4.409999847412109,4.699999809265137,4.409999847412109,4.429999828338623,5200
2023-06-09,4.510000228881836,4.559999942779541,4.300000190734863,4.300000190734863,9500
2023-06-12,4.269999980926514,4.639999866485596,4.199999809265137,4.360000133514404,12500
2023-06-13,4.400000095367432,5.099999904632568,4.400000095367432,4.920000076293945,33500
2023-06-14,4.75,4.949999809265137,4.650000095367432,4.789999961853027,11200
2023-06-15,4.849999904632568,5.21999979019165,4.710999965667725,5.03000020980835,14700
2023-06-16,5.178999900817871,5.178999900817871,4.849999904632568,4.849999904632568,13500
2023-06-20,4.849999904632568,5.1479997634887695,4.849999904632568,5.03000020980835,18600
2023-06-21,5.169000148773193,5.25,5.03000020980835,5.070000171661377,5300
2023-06-22,5.260000228881836,5.260000228881836,4.96999979019165,4.980000019073486,8400
2023-06-23,4.869999885559082,5.099999904632568,4.809999942779541,4.860000133514404,13100
2023-06-26,4.900000095367432,4.980000019073486,4.730000019073486,4.760000228881836,6600
2023-06-27,4.739999771118164,4.927000045776367,4.699999809265137,4.699999809265137,7700
2023-06-28,4.699999809265137,4.880000114440918,4.699999809265137,4.730000019073486,2800
2023-06-29,4.730000019073486,4.929999828338623,4.650000095367432,4.889999866485596,15100
2023-06-30,4.909999847412109,5.349999904632568,4.880000114440918,5.039999961853027,12500
2023-07-03,5.099999904632568,5.099999904632568,4.860000133514404,4.909999847412109,5300
2023-07-05,4.849999904632568,4.869999885559082,4.71999979019165,4.71999979019165,5500
2023-07-06,4.909999847412109,4.909999847412109,4.301000118255615,4.301000118255615,40500
2023-07-07,4.25,4.458000183105469,4.25,4.420000076293945,15000
2023-07-10,4.349999904632568,4.494999885559082,4.25,4.289999961853027,11400
2023-07-11,4.309999942779541,4.5,4.309999942779541,4.389999866485596,9000
2023-07-12,4.400000095367432,4.53000020980835,4.329999923706055,4.420000076293945,4700
2023-07-13,4.425000190734863,4.519999980926514,4.414999961853027,4.46999979019165,3200
2023-07-14,4.559999942779541,4.559999942779541,4.300000190734863,4.320000171661377,5500
2023-07-17,4.400000095367432,4.420000076293945,4.340000152587891,4.420000076293945,8600
2023-07-18,4.409999847412109,4.480999946594238,4.309999942779541,4.46999979019165,2300
2023-07-19,4.389999866485596,4.389999866485596,4.269999980926514,4.349999904632568,7100
2023-07-20,4.388999938964844,4.388999938964844,4.21999979019165,4.289999961853027,5400
2023-07-21,4.25,4.388999938964844,4.215000152587891,4.239999771118164,7600
2023-07-24,4.210000038146973,4.400000095367432,4.210000038146973,4.260000228881836,4600
2023-07-25,4.239999771118164,4.429999828338623,4.239999771118164,4.289999961853027,2300
2023-07-26,4.260000228881836,4.302999973297119,4.25,4.300000190734863,8700
2023-07-27,5.389999866485596,5.849999904632568,4.699999809265137,5.099999904632568,8853700
2023-07-28,4.809999942779541,5.099999904632568,4.710000038146973,4.909999847412109,264100
2023-07-31,4.730000019073486,5.03000020980835,4.460000038146973,4.96999979019165,193800
2023-08-01,4.769999980926514,4.989999771118164,4.71999979019165,4.980000019073486,25300
2023-08-02,4.900000095367432,5.0,4.690000057220459,4.940000057220459,25400
2023-08-03,4.949999809265137,5.0,4.71999979019165,4.909999847412109,22600
2023-08-04,4.940000057220459,5.170000076293945,4.909999847412109,5.090000152587891,33400
2023-08-07,5.110000133514404,5.139999866485596,4.929999828338623,5.010000228881836,23400
2023-08-08,5.039999961853027,5.210000038146973,4.985000133514404,5.059999942779541,53600
2023-08-09,5.039999961853027,5.179999828338623,4.960000038146973,5.090000152587891,42800
2023-08-10,4.960000038146973,5.156000137329102,4.900000095367432,5.010000228881836,25800
2023-08-11,5.0,5.150000095367432,4.840000152587891,5.079999923706055,63200
2023-08-14,5.079999923706055,5.150000095367432,4.880000114440918,5.0,8400
2023-08-15,4.989999771118164,5.150000095367432,4.890999794006348,5.0,14300
2023-08-16,5.039999961853027,5.114999771118164,4.920000076293945,4.989999771118164,17800
2023-08-17,4.699999809265137,4.900000095367432,4.440000057220459,4.53000020980835,83600
2023-08-18,4.480000019073486,4.659999847412109,4.050000190734863,4.139999866485596,23600
2023-08-21,4.139999866485596,4.309999942779541,3.950000047683716,4.159999847412109,21900
2023-08-22,4.190000057220459,4.300000190734863,4.070000171661377,4.159999847412109,12400
2023-08-23,4.159999847412109,4.539999961853027,4.159999847412109,4.309999942779541,27100
2023-08-24,4.360000133514404,4.460000038146973,4.039999961853027,4.119999885559082,88600
2023-08-25,4.269999980926514,4.269999980926514,3.8399999141693115,4.150000095367432,74700
2023-08-28,4.099999904632568,4.400000095367432,3.9800000190734863,4.0,35800
2023-08-29,4.010000228881836,4.28000020980835,3.9700000286102295,4.099999904632568,39400
2023-08-30,4.070000171661377,4.190000057220459,3.950000047683716,4.0,23400
2023-08-31,4.03000020980835,4.070000171661377,3.8499999046325684,3.950000047683716,7100
2023-09-01,3.930000066757202,4.079999923706055,3.7249999046325684,3.759999990463257,29900
2023-09-05,3.7899999618530273,4.054999828338623,3.7309999465942383,3.990000009536743,36700
2023-09-06,3.950000047683716,4.0,3.739000082015991,3.819999933242798,18700
2023-09-07,3.740000009536743,3.799999952316284,3.5799999237060547,3.6500000953674316,41700
2023-09-08,3.549999952316284,3.7300000190734863,3.5399999618530273,3.680000066757202,36800
2023-09-11,3.700000047683716,4.0,3.700000047683716,3.75,10700
2023-09-12,3.8499999046325684,3.8499999046325684,3.7799999713897705,3.799999952316284,21600
2023-09-13,3.8499999046325684,3.9000000953674316,3.7899999618530273,3.809999942779541,7600
2023-09-14,3.7899999618530273,3.8399999141693115,3.7899999618530273,3.7899999618530273,6300
2023-09-15,3.799999952316284,3.950000047683716,3.640000104904175,3.640000104904175,7100
2023-09-18,3.630000114440918,3.822999954223633,3.450000047683716,3.450000047683716,25200
2023-09-19,3.4600000381469727,3.569999933242798,3.3299999237060547,3.430000066757202,29900
2023-09-20,3.430000066757202,3.430000066757202,3.2200000286102295,3.2200000286102295,37700
2023-09-21,3.25,3.359999895095825,3.25,3.2899999618530273,9100
2023-09-22,3.259999990463257,3.3570001125335693,3.25,3.3399999141693115,5200
2023-09-25,3.4200000762939453,3.4200000762939453,3.0850000381469727,3.0999999046325684,23300
2023-09-26,3.069999933242798,3.322999954223633,2.9779999256134033,2.9779999256134033,5300
2023-09-27,3.009999990463257,3.1500000953674316,2.799999952316284,2.9000000953674316,37700
2023-09-28,3.0899999141693115,3.0899999141693115,2.7799999713897705,2.8299999237060547,17200
2023-09-29,2.819999933242798,3.010999917984009,2.819999933242798,2.9800000190734863,17300
2023-10-02,3.0,3.059999942779541,2.759999990463257,2.8299999237060547,14600
2023-10-03,2.7899999618530273,3.0339999198913574,2.7899999618530273,2.9200000762939453,15300
2023-10-04,2.890000104904175,2.9800000190734863,2.799999952316284,2.869999885559082,9200
2023-10-05,2.799999952316284,2.9100000858306885,2.7699999809265137,2.7799999713897705,7800
2023-10-06,2.7799999713897705,2.9000000953674316,2.7699999809265137,2.819999933242798,11700
2023-10-09,2.7899999618530273,2.9600000381469727,2.7799999713897705,2.9600000381469727,9600
2023-10-10,2.9000000953674316,2.9800000190734863,2.819999933242798,2.940000057220459,6200
2023-10-11,2.9509999752044678,3.0,2.7799999713897705,2.7799999713897705,12800
2023-10-12,2.799999952316284,2.859999895095825,2.625,2.7699999809265137,36000
2023-10-13,2.740000009536743,2.950000047683716,2.683000087738037,2.819999933242798,11100
2023-10-16,2.630000114440918,2.8499999046325684,2.630000114440918,2.7899999618530273,18800
2023-10-17,2.819999933242798,2.890000104904175,2.734999895095825,2.7899999618530273,9500
2023-10-18,2.75,2.8489999771118164,2.5299999713897705,2.5299999713897705,22200
2023-10-19,2.559999942779541,2.619999885559082,2.5299999713897705,2.5899999141693115,8000
2023-10-20,2.569999933242798,2.7149999141693115,2.490000009536743,2.559999942779541,11900
2023-10-23,2.5,2.559999942779541,2.4600000381469727,2.5,15400
2023-10-24,2.450000047683716,2.5889999866485596,2.450000047683716,2.4800000190734863,6100
2023-10-25,2.430000066757202,2.5299999713897705,2.365000009536743,2.4100000858306885,9800
2023-10-26,2.5399999618530273,2.5399999618530273,2.3299999237060547,2.4600000381469727,12800
2023-10-27,2.450000047683716,2.549999952316284,2.319999933242798,2.380000114440918,20500
2023-10-30,2.430000066757202,2.4700000286102295,2.309999942779541,2.359999895095825,7500
2023-10-31,2.4600000381469727,2.5759999752044678,2.3399999141693115,2.549999952316284,8600
2023-11-01,2.5199999809265137,2.5899999141693115,2.430000066757202,2.559999942779541,7300
2023-11-02,2.690000057220459,2.690000057220459,2.440000057220459,2.5799999237060547,11400
2023-11-03,2.630000114440918,2.799999952316284,2.5199999809265137,2.5799999237060547,10500
2023-11-06,2.5799999237060547,2.694000005722046,2.5799999237060547,2.5999999046325684,4800
2023-11-07,2.5799999237060547,2.630000114440918,2.5199999809265137,2.5199999809265137,6200
2023-11-08,2.5,2.569999933242798,2.4000000953674316,2.490000009536743,8800
2023-11-09,2.4600000381469727,2.5999999046325684,2.369999885559082,2.369999885559082,14000
2023-11-10,2.359999895095825,2.569999933242798,2.3499999046325684,2.5,40900
2023-11-13,2.4800000190734863,3.180000066757202,2.4800000190734863,2.7799999713897705,173500
2023-11-14,2.7100000381469727,2.880000114440918,2.6600000858306885,2.684999942779541,26000
2023-11-15,2.630000114440918,2.9049999713897705,2.619999885559082,2.7300000190734863,8200
2023-11-16,2.7300000190734863,2.940000057220459,2.6730000972747803,2.700000047683716,12500
2023-11-17,2.690000057220459,2.7699999809265137,2.690000057220459,2.7699999809265137,10700
2023-11-20,2.569999933242798,2.75,2.4000000953674316,2.4000000953674316,20600
2023-11-21,2.450000047683716,2.5999999046325684,2.450000047683716,2.509999990463257,7600
2023-11-22,2.4800000190734863,2.4800000190734863,2.4000000953674316,2.4700000286102295,12200
2023-11-24,2.490000009536743,2.555000066757202,2.4830000400543213,2.5,3900
2023-11-27,2.5,2.5329999923706055,2.4000000953674316,2.4000000953674316,10500
2023-11-28,2.380000114440918,2.4700000286102295,2.380000114440918,2.4700000286102295,4500
2023-11-29,2.4649999141693115,2.5299999713897705,2.4200000762939453,2.4200000762939453,6600
2023-11-30,2.4549999237060547,2.4549999237060547,2.380000114440918,2.4100000858306885,9200
2023-12-01,2.430000066757202,2.75,2.430000066757202,2.630000114440918,15800
2023-12-04,2.7179999351501465,2.7300000190734863,2.6500000953674316,2.7300000190734863,9300
2023-12-05,2.6410000324249268,2.7200000286102295,2.625,2.6640000343322754,4600
2023-12-06,2.632999897003174,2.638000011444092,2.5429999828338623,2.5429999828338623,30900
2023-12-07,2.559999942779541,2.6500000953674316,2.5460000038146973,2.6029999256134033,9400
2023-12-08,2.549999952316284,2.569999933242798,2.5,2.563999891281128,6600
2023-12-11,2.5199999809265137,2.5899999141693115,2.4000000953674316,2.490000009536743,11400
2023-12-12,2.4600000381469727,2.5199999809265137,2.4200000762939453,2.450000047683716,6200
2023-12-13,2.5399999618530273,2.5799999237060547,2.4200000762939453,2.450000047683716,6900
2023-12-14,2.559999942779541,2.630000114440918,2.5199999809265137,2.559999942779541,29400
2023-12-15,2.5739998817443848,2.7200000286102295,2.553999900817871,2.7100000381469727,11400
2023-12-18,2.680000066757202,2.7100000381469727,2.61299991607666,2.630000114440918,9200
2023-12-19,2.6500000953674316,2.9700000286102295,2.5899999141693115,2.930000066757202,44000
2023-12-20,2.8469998836517334,2.9800000190734863,2.75,2.9800000190734863,9900
2023-12-21,2.8510000705718994,2.940000057220459,2.8510000705718994,2.924999952316284,3100
2023-12-22,2.937000036239624,3.069999933242798,2.821000099182129,2.940000057220459,23700
2023-12-26,2.9600000381469727,3.0399999618530273,2.890000104904175,2.930000066757202,13800
2023-12-27,2.930000066757202,3.180000066757202,2.875,2.950000047683716,57600
2023-12-28,2.9600000381469727,2.9700000286102295,2.440000057220459,2.8399999141693115,112800
2023-12-29,2.809999942779541,2.9019999504089355,2.740000009536743,2.7899999618530273,18400
2024-01-02,2.759999990463257,2.9000000953674316,2.759999990463257,2.859999895095825,4500
2024-01-03,2.990000009536743,3.0,2.9200000762939453,2.9800000190734863,5400
2024-01-04,2.99399995803833,3.0199999809265137,2.9600000381469727,2.9700000286102295,5400
2024-01-05,3.0,3.0199999809265137,2.869999885559082,2.890000104904175,12700
2024-01-08,2.859999895095825,3.0,2.819999933242798,2.9630000591278076,12900
2024-01-09,2.9800000190734863,2.990000009536743,2.819999933242798,2.880000114440918,10400
2024-01-10,2.880000114440918,3.125,2.880000114440918,3.0999999046325684,10700
2024-01-11,3.119999885559082,3.260999917984009,3.0209999084472656,3.109999895095825,4600
2024-01-12,3.140000104904175,3.6500000953674316,3.109999895095825,3.4700000286102295,14900
2024-01-16,3.5,4.385000228881836,3.5,4.110000133514404,45200
2024-01-17,4.139999866485596,4.139999866485596,3.75,3.8499999046325684,10900
2024-01-18,3.890000104904175,4.199999809265137,3.4100000858306885,4.010000228881836,632300
2024-01-19,3.9700000286102295,3.9700000286102295,3.5999999046325684,3.7699999809265137,16800
2024-01-22,3.7899999618530273,4.0,3.5899999141693115,3.859999895095825,30600
2024-01-23,3.8299999237060547,3.890000104904175,3.640000104904175,3.7100000381469727,5300
2024-01-24,3.7100000381469727,3.884999990463257,3.700000047683716,3.8499999046325684,4600
2024-01-25,3.8399999141693115,3.8399999141693115,3.759999990463257,3.8299999237060547,10800
2024-01-26,3.7200000286102295,3.940000057220459,3.693000078201294,3.890000104904175,4900
2024-01-29,3.9000000953674316,4.039999961853027,3.7249999046325684,3.940000057220459,45800
2024-01-30,3.8499999046325684,3.9590001106262207,3.7920000553131104,3.885999917984009,4200
2024-01-31,3.9200000762939453,4.0,3.819999933242798,3.9000000953674316,11700
2024-02-01,4.019999980926514,4.039999961853027,3.869999885559082,3.9800000190734863,6700
2024-02-02,4.010000228881836,4.0980000495910645,3.809999942779541,3.940000057220459,21600
2024-02-05,3.9100000858306885,3.930000066757202,3.8299999237060547,3.930000066757202,5200
2024-02-06,4.046000003814697,4.098999977111816,3.9000000953674316,4.090000152587891,9200
2024-02-07,4.059999942779541,4.078999996185303,3.9200000762939453,3.930000066757202,10700
2024-02-08,3.930000066757202,4.074999809265137,3.930000066757202,4.010000228881836,8800
2024-02-09,4.0,4.050000190734863,3.950000047683716,3.9700000286102295,21300
2024-02-12,3.936000108718872,4.159999847412109,3.930000066757202,4.0,21800
2024-02-13,3.930000066757202,4.0,3.9200000762939453,3.9800000190734863,5200
2024-02-14,3.9800000190734863,4.170000076293945,3.9700000286102295,4.090000152587891,8700
2024-02-15,3.990000009536743,4.119999885559082,3.990000009536743,4.010000228881836,12400
2024-02-16,3.9600000381469727,4.079999923706055,3.9600000381469727,4.010000228881836,8000
2024-02-20,4.0,4.010000228881836,4.0,4.0,9900
2024-02-21,4.0,4.0,3.890000104904175,3.950000047683716,9400
2024-02-22,3.799999952316284,4.019999980926514,3.759999990463257,3.9000000953674316,34800
2024-02-23,3.869999885559082,3.9800000190734863,3.799999952316284,3.809999942779541,8900
2024-02-26,3.753999948501587,3.890000104904175,3.753999948501587,3.859999895095825,13500
2024-02-27,3.859999895095825,3.950000047683716,3.859999895095825,3.859999895095825,22100
2024-02-28,3.868000030517578,3.934000015258789,3.867000102996826,3.880000114440918,7400
2024-02-29,3.990000009536743,3.990000009536743,3.799999952316284,3.809999942779541,11000
2024-03-01,3.7699999809265137,4.0,3.7699999809265137,3.8299999237060547,9100
2024-03-04,3.8499999046325684,3.931999921798706,3.630000114440918,3.6500000953674316,13000
2024-03-05,3.6700000762939453,3.6700000762939453,3.4749999046325684,3.640000104904175,11300
2024-03-06,3.6700000762939453,3.8499999046325684,3.509999990463257,3.5799999237060547,11000
2024-03-07,3.815999984741211,3.815999984741211,3.200000047683716,3.630000114440918,33900
2024-03-08,3.5999999046325684,3.7699999809265137,3.5999999046325684,3.609999895095825,4100
2024-03-11,3.6500000953674316,3.690000057220459,3.4700000286102295,3.609999895095825,12400
2024-03-12,3.569999933242798,4.090000152587891,3.309999942779541,3.9600000381469727,63600
2024-03-13,3.9600000381469727,4.869999885559082,3.940000057220459,4.789999961853027,109300
2024-03-14,4.900000095367432,5.260000228881836,4.429999828338623,4.690000057220459,88100
2024-03-15,4.71999979019165,4.71999979019165,4.139999866485596,4.599999904632568,44300
2024-03-18,4.604000091552734,4.744999885559082,4.389999866485596,4.489999771118164,11900
2024-03-19,4.429999828338623,4.577000141143799,4.21999979019165,4.260000228881836,14700
2024-03-20,4.230000019073486,4.284999847412109,4.059999942779541,4.230000019073486,7000
2024-03-21,4.150000095367432,4.360000133514404,4.099999904632568,4.110000133514404,15500
2024-03-22,4.130000114440918,4.208000183105469,3.880000114440918,4.039999961853027,17700
2024-03-25,4.070000171661377,4.4120001792907715,3.802999973297119,4.400000095367432,38900
2024-03-26,4.420000076293945,5.269999980926514,4.360000133514404,5.010000228881836,73000
2024-03-27,4.949999809265137,5.300000190734863,4.949999809265137,5.129000186920166,20900
2024-03-28,5.03000020980835,5.302000045776367,4.849999904632568,5.199999809265137,49000
2024-04-01,5.110000133514404,5.300000190734863,5.019999980926514,5.300000190734863,13400
2024-04-02,5.210000038146973,5.224999904632568,4.769999980926514,4.96999979019165,10700
2024-04-03,5.019999980926514,5.074999809265137,4.929999828338623,4.929999828338623,4700
2024-04-04,4.869999885559082,4.96999979019165,4.539999961853027,4.610000133514404,25300
2024-04-05,4.579999923706055,4.822000026702881,4.53000020980835,4.800000190734863,23600
2024-04-08,4.900000095367432,5.380000114440918,4.900000095367432,5.260000228881836,19800
2024-04-09,5.335000038146973,5.880000114440918,5.335000038146973,5.769999980926514,96100
2024-04-10,5.800000190734863,6.699999809265137,5.599999904632568,6.510000228881836,51900
2024-04-11,6.300000190734863,7.150000095367432,5.630000114440918,6.409999847412109,2204800
2024-04-12,6.110000133514404,6.25,5.519999980926514,5.809999942779541,214500
2024-04-15,5.670000076293945,5.670000076293945,5.118000030517578,5.355000019073486,96000
2024-04-16,5.300000190734863,5.300000190734863,4.679999828338623,4.760000228881836,37000
2024-04-17,4.739999771118164,5.434999942779541,4.699999809265137,5.320000171661377,34900
2024-04-18,5.239999771118164,5.53000020980835,5.21999979019165,5.440000057220459,21300
2024-04-19,5.409999847412109,5.53000020980835,5.260000228881836,5.269999980926514,11300
2024-04-22,5.190000057220459,5.400000095367432,5.03000020980835,5.070000171661377,21500
2024-04-23,5.059999942779541,5.130000114440918,4.699999809265137,4.800000190734863,76700
2024-04-24,4.789999961853027,5.019999980926514,4.400000095367432,4.440000057220459,66400
2024-04-25,4.420000076293945,4.605000019073486,4.409999847412109,4.550000190734863,8000
2024-04-26,4.519999980926514,4.809999942779541,4.510000228881836,4.797999858856201,19800
2024-04-29,4.769999980926514,4.849999904632568,4.619999885559082,4.730000019073486,28700
2024-04-30,4.710000038146973,4.789999961853027,4.539999961853027,4.619999885559082,28700
2024-05-01,4.650000095367432,4.828000068664551,4.610000133514404,4.710000038146973,9100
2024-05-02,4.800000190734863,5.099999904632568,4.659999847412109,4.699999809265137,25700
2024-05-03,4.800000190734863,5.059999942779541,4.659999847412109,4.679999828338623,68700
2024-05-06,4.690000057220459,5.110000133514404,4.690000057220459,4.920000076293945,25700
2024-05-07,5.03000020980835,5.199999809265137,5.010000228881836,5.010000228881836,21800
2024-05-08,4.860000133514404,5.190000057220459,4.849999904632568,4.849999904632568,16200
2024-05-09,4.900000095367432,5.349999904632568,4.900000095367432,5.239999771118164,44800
2024-05-10,5.260000228881836,5.590000152587891,5.179999828338623,5.320000171661377,47900
2024-05-13,5.440000057220459,5.440000057220459,5.179999828338623,5.28000020980835,16800
2024-05-14,5.239999771118164,5.349999904632568,5.110000133514404,5.349999904632568,20600
2024-05-15,5.389999866485596,5.679999828338623,5.130000114440918,5.619999885559082,27900
2024-05-16,5.619999885559082,5.76800012588501,5.510000228881836,5.75,27200
2024-05-17,5.739999771118164,6.300000190734863,5.739999771118164,6.039999961853027,48900
2024-05-20,6.099999904632568,6.590000152587891,6.099999904632568,6.369999885559082,31500
2024-05-21,6.289999961853027,6.599999904632568,6.070000171661377,6.570000171661377,38600
2024-05-22,6.590000152587891,6.739999771118164,6.460000038146973,6.599999904632568,26800
2024-05-23,6.599999904632568,6.599999904632568,6.349999904632568,6.539999961853027,20200
2024-05-24,6.579999923706055,6.980000019073486,6.4079999923706055,6.889999866485596,19200
2024-05-28,6.760000228881836,6.960000038146973,6.611999988555908,6.630000114440918,28300
2024-05-29,6.679999828338623,6.96999979019165,6.5,6.590000152587891,22700
2024-05-30,6.670000076293945,7.0,6.670000076293945,6.929999828338623,12800
2024-05-31,6.947999954223633,6.965000152587891,6.809999942779541,6.920000076293945,8000
2024-06-03,7.039999961853027,7.119999885559082,6.670000076293945,6.900000095367432,52000
2024-06-04,6.989999771118164,7.099999904632568,6.760000228881836,7.090000152587891,39000
2024-06-05,7.0,7.070000171661377,6.900000095367432,7.050000190734863,11400
2024-06-06,7.0,7.079999923706055,6.920000076293945,7.079999923706055,30400
2024-06-07,6.859000205993652,7.659999847412109,6.859000205993652,7.519999980926514,47200
2024-06-10,7.880000114440918,8.25,7.460000038146973,7.980000019073486,83900
2024-06-11,8.0,8.013999938964844,7.53000020980835,7.820000171661377,61900
2024-06-12,7.820000171661377,8.029999732971191,7.820000171661377,7.949999809265137,23800
2024-06-13,7.96999979019165,8.199999809265137,7.900000095367432,8.180000305175781,31200
2024-06-14,8.170000076293945,9.739999771118164,8.140000343322754,9.489999771118164,164700
2024-06-17,9.550000190734863,10.850000381469727,9.392000198364258,10.6899995803833,233700
2024-06-18,11.010000228881836,11.789999961853027,6.269999980926514,7.179999828338623,446300
2024-06-20,7.5,8.538999557495117,7.349999904632568,7.739999771118164,160100
2024-06-21,7.929999828338623,9.199999809265137,7.289999961853027,8.979999542236328,90800
2024-06-24,8.9399995803833,9.890000343322754,8.75,9.300000190734863,95700
2024-06-25,8.5,8.680000305175781,7.71999979019165,8.149999618530273,104200
2024-06-26,8.079999923706055,8.180000305175781,7.385000228881836,7.849999904632568,60700
2024-06-27,7.739999771118164,8.319999694824219,7.559999942779541,7.75,17900
2024-06-28,7.679999828338623,8.270000457763672,7.171999931335449,8.239999771118164,25100
2024-07-01,8.199999809265137,8.708000183105469,7.630000114440918,7.71999979019165,22300
2024-07-02,7.809999942779541,7.900000095367432,7.328000068664551,7.559999942779541,33700
2024-07-03,7.559999942779541,8.22700023651123,7.501999855041504,7.829999923706055,21700
2024-07-05,7.869999885559082,7.908999919891357,7.105000019073486,7.289999961853027,30300
2024-07-08,7.300000190734863,7.78000020980835,7.0,7.434999942779541,34500
2024-07-09,7.710000038146973,7.71999979019165,7.394999980926514,7.71999979019165,19300
2024-07-10,7.619999885559082,7.849999904632568,7.510000228881836,7.550000190734863,12700
2024-07-11,7.579999923706055,7.75,7.5,7.679999828338623,14000
2024-07-12,7.89300012588501,7.8979997634887695,7.544000148773193,7.690000057220459,8000
2024-07-15,7.610000133514404,7.610000133514404,7.139999866485596,7.139999866485596,58800
2024-07-16,7.139999866485596,7.289999961853027,6.849999904632568,6.909999847412109,38700
2024-07-17,6.929999828338623,6.960000038146973,6.150000095367432,6.380000114440918,54000
2024-07-18,6.329999923706055,6.429999828338623,5.409999847412109,5.539999961853027,87400
2024-07-19,5.480000019073486,5.96999979019165,5.409999847412109,5.650000095367432,34000
2024-07-22,5.730000019073486,6.5,5.730000019073486,6.329999923706055,26400
2024-07-23,6.269999980926514,7.179999828338623,6.170000076293945,6.409999847412109,37200
2024-07-24,6.5,6.5,5.809999942779541,5.949999809265137,26700
2024-07-25,5.960000038146973,6.025000095367432,5.769999980926514,5.820000171661377,10100
2024-07-26,6.0,6.0,5.510000228881836,5.510000228881836,15000
2024-07-29,5.429999828338623,5.429999828338623,4.860000133514404,4.929999828338623,52500
2024-07-30,4.949999809265137,5.067999839782715,4.949999809265137,5.010000228881836,11100
2024-07-31,4.980000019073486,5.21999979019165,4.949999809265137,5.210000038146973,16900
2024-08-01,5.269999980926514,5.269999980926514,4.960000038146973,5.079999923706055,9600
2024-08-02,4.849999904632568,5.166999816894531,4.849999904632568,4.960000038146973,13800
2024-08-05,4.679999828338623,5.110000133514404,4.668000221252441,4.980000019073486,21300
2024-08-06,5.130000114440918,5.130000114440918,4.960000038146973,5.119999885559082,15600
2024-08-07,5.179999828338623,5.920000076293945,4.949999809265137,5.039999961853027,107200
2024-08-08,4.949999809265137,5.429999828338623,4.25,4.389999866485596,110700
2024-08-09,4.260000228881836,4.730000019073486,3.9200000762939453,4.409999847412109,40600
2024-08-12,4.380000114440918,4.380000114440918,3.7049999237060547,4.010000228881836,54900
2024-08-13,3.9800000190734863,4.010000228881836,3.7200000286102295,3.799999952316284,25900
2024-08-14,3.7699999809265137,3.9000000953674316,3.7699999809265137,3.7799999713897705,12600
2024-08-15,3.809999942779541,3.8420000076293945,3.6600000858306885,3.6600000858306885,28400
2024-08-16,3.6500000953674316,3.8299999237060547,3.5799999237060547,3.700000047683716,45100
2024-08-19,3.690000057220459,3.8299999237060547,3.569999933242798,3.7100000381469727,29500
2024-08-20,3.630000114440918,3.700000047683716,3.569999933242798,3.640000104904175,14200
2024-08-21,3.630000114440918,3.7119998931884766,3.549999952316284,3.5799999237060547,22200
2024-08-22,3.5999999046325684,3.7300000190734863,3.569999933242798,3.7100000381469727,4900
2024-08-23,3.6619999408721924,3.7200000286102295,3.6600000858306885,3.6700000762939453,11900
2024-08-26,3.680000066757202,3.7200000286102295,3.549999952316284,3.630000114440918,25900
2024-08-27,3.619999885559082,3.690000057220459,3.5199999809265137,3.5199999809265137,10900
2024-08-28,3.5,3.7100000381469727,3.5,3.700000047683716,12100
2024-08-29,3.630000114440918,3.7200000286102295,3.5,3.5899999141693115,20500
2024-08-30,3.688999891281128,3.688999891281128,3.5199999809265137,3.6700000762939453,4900
2024-09-03,3.630000114440918,3.6500000953674316,3.569999933242798,3.6500000953674316,14300
2024-09-04,3.619999885559082,3.7200000286102295,3.549999952316284,3.7200000286102295,14800
2024-09-05,3.630000114440918,3.740000009536743,3.5899999141693115,3.740000009536743,24100
2024-09-06,3.640000104904175,3.740000009536743,3.5299999713897705,3.6600000858306885,13200
2024-09-09,3.6500000953674316,3.740000009536743,3.5850000381469727,3.740000009536743,16300
2024-09-10,3.75,4.197000026702881,3.740000009536743,3.9800000190734863,50600
2024-09-11,4.050000190734863,4.25,3.8499999046325684,3.9200000762939453,16100
2024-09-12,3.880000114440918,4.389999866485596,3.869999885559082,4.079999923706055,26600
2024-09-13,4.079999923706055,4.836999893188477,4.079999923706055,4.610000133514404,65500
2024-09-16,4.610000133514404,4.829999923706055,4.429999828338623,4.75,39800
2024-09-17,4.760000228881836,5.619999885559082,4.590000152587891,4.829999923706055,262400
2024-09-18,4.860000133514404,5.559999942779541,4.840000152587891,5.010000228881836,89200
2024-09-19,5.130000114440918,5.289999961853027,4.739999771118164,4.769999980926514,55300
2024-09-20,4.739999771118164,5.124000072479248,4.53000020980835,4.840000152587891,17600
2024-09-23,4.869999885559082,4.869999885559082,4.400000095367432,4.539999961853027,22500
2024-09-24,4.840000152587891,4.840000152587891,4.5,4.550000190734863,35400
2024-09-25,4.599999904632568,4.956999778747559,4.502999782562256,4.739999771118164,12000
2024-09-26,4.71999979019165,4.880000114440918,4.5,4.639999866485596,11300
2024-09-27,4.610000133514404,4.7870001792907715,4.349999904632568,4.440000057220459,23400
2024-09-30,4.440000057220459,4.539999961853027,4.309999942779541,4.489999771118164,16100
2024-10-01,4.440000057220459,4.619999885559082,4.01200008392334,4.329999923706055,24000
2024-10-02,4.300000190734863,4.5,4.239999771118164,4.25,20800
2024-10-03,4.400000095367432,4.630000114440918,4.400000095367432,4.480000019073486,6200
2024-10-04,4.579999923706055,5.0,4.579999923706055,4.659999847412109,30300
2024-10-07,4.670000076293945,5.199999809265137,4.585000038146973,4.989999771118164,21000
2024-10-08,5.099999904632568,5.489999771118164,4.894999980926514,5.300000190734863,41300
2024-10-09,5.349999904632568,5.349999904632568,4.889999866485596,5.170000076293945,31100
2024-10-10,5.289999961853027,5.389999866485596,4.9120001792907715,5.199999809265137,35200
2024-10-11,5.210000038146973,5.329999923706055,4.96999979019165,5.139999866485596,26700
2024-10-14,5.125,5.139999866485596,5.008999824523926,5.105000019073486,10200
2024-10-15,5.050000190734863,5.300000190734863,5.0,5.079999923706055,13900
2024-10-16,5.079999923706055,5.199999809265137,4.900000095367432,5.079999923706055,9800
2024-10-17,4.929999828338623,5.090000152587891,4.900000095367432,5.039999961853027,8900
2024-10-18,5.090000152587891,5.349999904632568,5.0,5.230000019073486,15200
2024-10-21,5.210000038146973,5.849999904632568,5.059999942779541,5.559999942779541,75000
2024-10-22,5.519999980926514,5.519999980926514,5.300000190734863,5.5,11500
2024-10-23,5.420000076293945,5.498000144958496,5.135000228881836,5.474999904632568,33600
2024-10-24,5.559999942779541,5.86899995803833,5.534999847412109,5.71999979019165,15500
2024-10-25,5.639999866485596,5.789999961853027,5.489999771118164,5.769999980926514,15500
2024-10-28,5.800000190734863,5.864999771118164,5.26800012588501,5.550000190734863,40300
2024-10-29,5.579999923706055,5.610000133514404,5.329999923706055,5.570000171661377,8700
2024-10-30,5.635000228881836,5.635000228881836,5.360000133514404,5.420000076293945,4000
2024-10-31,5.449999809265137,5.677000045776367,5.386000156402588,5.539999961853027,19200
2024-11-01,5.800000190734863,6.130000114440918,5.539999961853027,6.079999923706055,71200
2024-11-04,6.159999847412109,6.168000221252441,5.539999961853027,6.090000152587891,34200
2024-11-05,6.079999923706055,6.079999923706055,5.360000133514404,5.829999923706055,38400
2024-11-06,5.900000095367432,6.059999942779541,5.64300012588501,6.059999942779541,29300
2024-11-07,6.0,6.156000137329102,5.25,5.590000152587891,64700
2024-11-08,5.519999980926514,5.927999973297119,4.699999809265137,4.760000228881836,66700
2024-11-11,4.849999904632568,5.53000020980835,4.829999923706055,5.329999923706055,37100
2024-11-12,5.25,5.329999923706055,4.789999961853027,5.099999904632568,18100
2024-11-13,5.070000171661377,5.400000095367432,4.989999771118164,5.179999828338623,14700
2024-11-14,5.099999904632568,5.230000019073486,5.034999847412109,5.210000038146973,7500
2024-11-15,5.0,5.2270002365112305,4.869999885559082,4.889999866485596,10400
2024-11-18,4.918000221252441,4.9679999351501465,4.630000114440918,4.71999979019165,21700
2024-11-19,4.699999809265137,4.940000057220459,4.670000076293945,4.760000228881836,13500
2024-11-20,4.730000019073486,4.980000019073486,4.638000011444092,4.710000038146973,5300
2024-11-21,4.710000038146973,5.150000095367432,4.709000110626221,5.0,13600
2024-11-22,5.010000228881836,5.199999809265137,4.866000175476074,5.150000095367432,10700
2024-11-25,5.150000095367432,5.199999809265137,4.889999866485596,5.010000228881836,19400
2024-11-26,5.03000020980835,5.03000020980835,4.010000228881836,4.420000076293945,123300
2024-11-27,4.460000038146973,4.7769999504089355,4.449999809265137,4.449999809265137,42800
2024-11-29,4.480000019073486,4.590000152587891,4.309999942779541,4.539999961853027,14600
2024-12-02,4.489999771118164,4.5,4.190000057220459,4.300000190734863,16000
2024-12-03,4.389999866485596,4.820000171661377,4.389999866485596,4.730000019073486,36900
2024-12-04,4.710000038146973,4.949999809265137,4.65500020980835,4.909999847412109,16100
2024-12-05,4.929999828338623,5.0,4.860000133514404,4.989999771118164,16000
2024-12-06,5.0,5.160999774932861,4.820000171661377,5.099999904632568,34400
2024-12-09,5.079999923706055,5.425000190734863,5.010000228881836,5.150000095367432,28600
2024-12-10,5.090000152587891,5.320000171661377,5.0,5.199999809265137,26200
2024-12-11,5.329999923706055,5.400000095367432,5.0,5.309999942779541,32600
2024-12-12,5.289999961853027,5.46999979019165,5.144999980926514,5.260000228881836,12000
2024-12-13,5.380000114440918,5.380000114440918,5.0,5.019999980926514,14100
2024-12-16,4.949999809265137,5.144999980926514,4.900000095367432,4.989999771118164,17900
2024-12-17,4.699999809265137,5.28000020980835,4.699999809265137,5.210000038146973,80800
2024-12-18,5.190000057220459,5.25,4.735000133514404,4.739999771118164,47700
2024-12-19,4.802999973297119,5.059999942779541,4.679999828338623,4.679999828338623,13300
2024-12-20,4.699999809265137,5.0,4.699999809265137,4.869999885559082,65600
2024-12-23,4.820000171661377,4.920000076293945,4.571000099182129,4.800000190734863,65200
2024-12-24,4.820000171661377,4.926000118255615,4.811999797821045,4.8979997634887695,7000
2024-12-26,4.809999942779541,5.215000152587891,4.599999904632568,4.71999979019165,46800
2024-12-27,4.519999980926514,4.9120001792907715,4.519999980926514,4.760000228881836,33300
2024-12-30,4.699999809265137,4.789999961853027,4.5,4.579999923706055,31800
2024-12-31,4.559999942779541,5.065000057220459,4.559999942779541,4.880000114440918,41600
2025-01-02,4.860000133514404,5.019999980926514,4.755000114440918,4.860000133514404,30200
2025-01-03,4.889999866485596,5.099999904632568,4.822000026702881,5.059999942779541,24800
2025-01-06,5.199999809265137,5.199999809265137,5.0,5.0,9800
2025-01-07,5.03000020980835,5.5,5.03000020980835,5.289999961853027,56000
2025-01-08,5.300000190734863,5.400000095367432,4.964000225067139,5.230000019073486,24600
2025-01-10,5.239999771118164,5.239999771118164,4.820000171661377,4.889999866485596,31000
2025-01-13,4.860000133514404,4.860000133514404,4.5,4.590000152587891,48900
2025-01-14,4.480000019073486,4.730000019073486,4.480000019073486,4.599999904632568,14400
2025-01-15,4.710000038146973,4.888999938964844,4.619999885559082,4.619999885559082,31200
2025-01-16,4.840000152587891,4.840000152587891,4.420000076293945,4.449999809265137,13500
2025-01-17,4.46999979019165,4.559000015258789,4.25,4.369999885559082,42000
2025-01-21,4.380000114440918,4.730000019073486,4.320000171661377,4.599999904632568,19800
2025-01-22,4.659999847412109,4.699999809265137,4.381999969482422,4.389999866485596,30400
2025-01-23,4.400000095367432,4.699999809265137,4.400000095367432,4.539999961853027,39400
2025-01-24,4.639999866485596,4.829999923706055,4.5,4.690000057220459,12600
2025-01-27,4.849999904632568,5.09499979019165,4.519999980926514,4.519999980926514,27700
2025-01-28,4.550000190734863,4.771999835968018,4.409999847412109,4.570000171661377,95700
2025-01-29,4.570000171661377,4.639999866485596,4.420000076293945,4.519999980926514,79500
2025-01-30,4.585000038146973,4.585000038146973,4.46999979019165,4.46999979019165,16500
2025-01-31,4.489999771118164,4.489999771118164,4.320000171661377,4.320000171661377,37800
2025-02-03,4.289999961853027,4.599999904632568,4.289000034332275,4.360000133514404,13200
2025-02-04,4.560999870300293,4.570000171661377,4.409999847412109,4.539999961853027,2500
2025-02-05,4.550000190734863,4.550000190734863,4.409999847412109,4.429999828338623,3100
2025-02-06,4.400000095367432,4.420000076293945,3.630000114440918,3.7799999713897705,172100
2025-02-07,3.928999900817871,3.928999900817871,3.5,3.5,44400
2025-02-10,3.490000009536743,3.5999999046325684,3.4000000953674316,3.5,29300
2025-02-11,3.4700000286102295,3.6459999084472656,3.4100000858306885,3.4100000858306885,8900
2025-02-12,3.450000047683716,3.5899999141693115,3.450000047683716,3.5299999713897705,19100
2025-02-13,3.549999952316284,3.5999999046325684,3.4700000286102295,3.5399999618530273,12200
2025-02-14,3.5199999809265137,3.7869999408721924,3.4739999771118164,3.630000114440918,24200
2025-02-18,3.549999952316284,3.742000102996826,3.4159998893737793,3.559999942779541,22500
2025-02-19,3.549999952316284,3.609999895095825,3.5,3.609999895095825,11200
2025-02-20,3.619999885559082,3.619999885559082,3.4000000953674316,3.5899999141693115,9600
2025-02-21,3.5,3.5,3.359999895095825,3.380000114440918,16400
2025-02-24,3.3299999237060547,3.444999933242798,3.0999999046325684,3.130000114440918,18500
2025-02-25,3.200000047683716,3.25,2.9600000381469727,3.1500000953674316,28100
2025-02-26,3.2100000381469727,3.23799991607666,3.109999895095825,3.23799991607666,5800
2025-02-27,3.240000009536743,3.240999937057495,3.1600000858306885,3.1600000858306885,3900
2025-02-28,3.2200000286102295,3.2200000286102295,3.069999933242798,3.069999933242798,5100
2025-03-03,3.0899999141693115,3.0999999046325684,2.9839999675750732,3.009999990463257,5700
2025-03-04,2.9800000190734863,3.131999969482422,2.9100000858306885,3.069999933242798,24700
2025-03-05,3.140000104904175,3.621999979019165,3.049999952316284,3.380000114440918,28900
2025-03-06,3.319999933242798,3.4639999866485596,3.2920000553131104,3.440000057220459,7200
2025-03-07,3.4100000858306885,3.447000026702881,3.2699999809265137,3.440000057220459,4600
2025-03-10,3.3499999046325684,3.4200000762939453,2.9600000381469727,3.200000047683716,12000
2025-03-11,3.009999990463257,3.309999942779541,3.009999990463257,3.0999999046325684,27600
2025-03-12,3.0999999046325684,3.359999895095825,3.009999990463257,3.2100000381469727,19100
2025-03-13,3.109999895095825,3.380000114440918,3.1010000705718994,3.299999952316284,15800
2025-03-14,3.359999895095825,3.4200000762939453,3.2200000286102295,3.3499999046325684,14300
2025-03-17,3.3499999046325684,3.565000057220459,3.3359999656677246,3.5,11000
2025-03-18,3.490000009536743,3.5999999046325684,3.380000114440918,3.450000047683716,7800
2025-03-19,3.4600000381469727,3.681999921798706,3.450000047683716,3.680000066757202,5600
2025-03-20,3.572999954223633,3.5799999237060547,3.5,3.5,7100
2025-03-21,3.5950000286102295,3.5950000286102295,3.1640000343322754,3.5399999618530273,7800
2025-03-24,3.490000009536743,3.700000047683716,3.2799999713897705,3.680000066757202,20300
2025-03-25,3.7100000381469727,3.7300000190734863,3.4600000381469727,3.559999942779541,19300
2025-03-26,3.5850000381469727,3.635999917984009,3.4700000286102295,3.4700000286102295,3900
2025-03-27,3.490000009536743,3.490000009536743,3.299999952316284,3.312999963760376,5900
2025-03-28,3.3299999237060547,3.444999933242798,3.25,3.2799999713897705,4100
2025-03-31,3.259999990463257,3.3499999046325684,3.0,3.180000066757202,9000
2025-04-01,3.25,3.569999933242798,3.190000057220459,3.3450000286102295,6900
2025-04-02,3.1600000858306885,3.4089999198913574,3.1600000858306885,3.1700000762939453,41300
2025-04-03,3.1600000858306885,3.319999933242798,3.0999999046325684,3.0999999046325684,6900
2025-04-04,2.950000047683716,3.319999933242798,2.950000047683716,3.009999990463257,8200
2025-04-07,2.9100000858306885,2.9800000190734863,2.75,2.8399999141693115,18400
2025-04-08,2.9000000953674316,2.990000009536743,2.809999942779541,2.8299999237060547,10700
2025-04-09,2.7799999713897705,3.0899999141693115,2.75,3.059999942779541,13300
2025-04-10,3.062999963760376,3.140000104904175,2.822999954223633,3.140000104904175,7600
2025-04-11,2.8259999752044678,3.0910000801086426,2.821000099182129,3.069999933242798,13200
2025-04-14,3.109999895095825,3.140000104904175,3.009999990463257,3.119999885559082,10500
2025-04-15,3.140000104904175,3.3440001010894775,3.049999952316284,3.049999952316284,7300
2025-04-16,3.049999952316284,3.130000114440918,3.0,3.009999990463257,3400
2025-04-17,3.009999990463257,3.240000009536743,3.0,3.0,4100
2025-04-21,3.0299999713897705,3.2699999809265137,3.0,3.009999990463257,13600
2025-04-22,3.059999942779541,3.1679999828338623,3.009999990463257,3.009999990463257,12800
2025-04-23,3.0799999237060547,3.1530001163482666,3.049999952316284,3.0999999046325684,6200
2025-04-24,3.2149999141693115,3.2149999141693115,3.059999942779541,3.180000066757202,19300
2025-04-25,3.25600004196167,3.361999988555908,3.174999952316284,3.190000057220459,5100
2025-04-28,3.140000104904175,3.4000000953674316,3.049999952316284,3.2799999713897705,12500
2025-04-29,3.319999933242798,3.446000099182129,3.259999990463257,3.259999990463257,7400
2025-04-30,3.489000082015991,3.489000082015991,3.180000066757202,3.309999942779541,9500
2025-05-01,3.359999895095825,3.559999942779541,3.359999895095825,3.559999942779541,10200
2025-05-02,3.5899999141693115,3.5899999141693115,3.319999933242798,3.3399999141693115,3900
2025-05-05,3.319999933242798,3.4600000381469727,3.319999933242798,3.4200000762939453,8000
2025-05-06,3.430000066757202,3.5999999046325684,3.1619999408721924,3.318000078201294,37400
2025-05-07,3.380000114440918,3.4700000286102295,3.119999885559082,3.299999952316284,7900
2025-05-08,3.5999999046325684,3.5999999046325684,3.2290000915527344,3.2330000400543213,10400
2025-05-09,3.25,3.4000000953674316,3.200000047683716,3.2750000953674316,21100
2025-05-12,3.4590001106262207,3.4600000381469727,2.684000015258789,2.9200000762939453,136900
2025-05-13,2.9100000858306885,3.009999990463257,2.8239998817443848,2.869999885559082,28900
2025-05-14,3.059000015258789,3.5,2.8499999046325684,3.1600000858306885,113100
2025-05-15,3.3399999141693115,3.799999952316284,3.299999952316284,3.7300000190734863,82200
2025-05-16,3.7300000190734863,4.230000019073486,3.5,3.990000009536743,480600
2025-05-19,3.940000057220459,4.03000020980835,3.630000114440918,3.630000114440918,55000
2025-05-20,3.7200000286102295,3.9800000190734863,3.549999952316284,3.640000104904175,140400
2025-05-21,3.513000011444092,3.7899999618530273,3.4000000953674316,3.619999885559082,70900
2025-05-22,3.7699999809265137,3.9179999828338623,3.450000047683716,3.690000057220459,42900
2025-05-23,3.6500000953674316,3.890000104904175,3.559999942779541,3.5799999237060547,27000
2025-05-27,3.609999895095825,3.799999952316284,3.4600000381469727,3.5199999809265137,37100
2025-05-28,3.549999952316284,3.680000066757202,3.4000000953674316,3.4000000953674316,20200
2025-05-29,3.4000000953674316,3.4800000190734863,3.2829999923706055,3.3450000286102295,33900
2025-05-30,3.2799999713897705,3.627000093460083,3.2799999713897705,3.380000114440918,13000
2025-06-02,3.4100000858306885,3.5899999141693115,3.119999885559082,3.2799999713897705,50400
2025-06-03,3.299999952316284,3.3559999465942383,3.181999921798706,3.200000047683716,8800
2025-06-04,3.190000057220459,3.490000009536743,3.0,3.200000047683716,46300
2025-06-05,3.109999895095825,3.3580000400543213,3.109999895095825,3.121999979019165,14800
2025-06-06,3.130000114440918,3.2300000190734863,3.009999990463257,3.1700000762939453,9200
2025-06-09,3.0299999713897705,3.5350000858306885,3.002000093460083,3.369999885559082,611400
2025-06-10,3.200000047683716,3.390000104904175,3.140000104904175,3.299999952316284,73100
2025-06-11,3.240000009536743,3.5999999046325684,3.1700000762939453,3.299999952316284,58300
2025-06-12,3.1540000438690186,3.2699999809265137,3.0,3.1600000858306885,39600
2025-06-13,3.0999999046325684,3.188999891281128,3.049999952316284,3.115000009536743,12200
2025-06-16,3.130000114440918,3.2019999027252197,3.0199999809265137,3.059999942779541,14900
2025-06-17,3.059999942779541,3.2279999256134033,3.059999942779541,3.134999990463257,43100
2025-06-18,3.140000104904175,3.25,3.0739998817443848,3.2049999237060547,15900
2025-06-20,3.200000047683716,3.3289999961853027,3.109999895095825,3.299999952316284,26600
2025-06-23,3.25,3.296999931335449,3.140000104904175,3.140000104904175,19800
2025-06-24,3.180000066757202,3.24399995803833,3.180000066757202,3.200000047683716,2500
2025-06-25,3.190999984741211,3.2300000190734863,3.190000057220459,3.2300000190734863,10300
2025-06-26,3.190000057220459,3.5299999713897705,3.130000114440918,3.2200000286102295,98800
2025-06-27,3.365000009536743,3.450000047683716,3.180000066757202,3.2899999618530273,36100
2025-06-30,3.319999933242798,3.319999933242798,3.1500000953674316,3.1600000858306885,34100
2025-07-01,3.1500000953674316,3.2200000286102295,3.109999895095825,3.190000057220459,40800
2025-07-02,3.190000057220459,3.2249999046325684,3.0999999046325684,3.109999895095825,23900
2025-07-03,3.1500000953674316,3.190000057220459,3.0899999141693115,3.0999999046325684,25700
2025-07-07,3.0999999046325684,3.3399999141693115,3.0999999046325684,3.109999895095825,15500
2025-07-08,3.109999895095825,3.240000009536743,3.0999999046325684,3.140000104904175,26100
2025-07-09,3.200000047683716,3.299999952316284,3.140000104904175,3.2070000171661377,46000
2025-07-10,3.1600000858306885,3.390000104904175,3.1019999980926514,3.319999933242798,57800
2025-07-11,3.259999990463257,3.369999885559082,3.1500000953674316,3.265000104904175,30000
2025-07-14,3.240000009536743,3.259999990463257,3.1549999713897705,3.200000047683716,17000
2025-07-15,3.1600000858306885,3.190000057220459,3.0,3.0,36100
2025-07-16,3.0,3.25,3.0,3.1700000762939453,38800
2025-07-17,3.184999942779541,3.2699999809265137,3.1500000953674316,3.1700000762939453,41000
2025-07-18,3.140000104904175,3.25,3.1050000190734863,3.115999937057495,58500
2025-07-21,3.140000104904175,3.259999990463257,3.0999999046325684,3.1700000762939453,37300
2025-07-22,3.1500000953674316,3.2809998989105225,3.127000093460083,3.259999990463257,51200
2025-07-23,3.2899999618530273,3.4800000190734863,3.259999990463257,3.2699999809265137,129400
2025-07-24,3.299999952316284,3.5799999237060547,3.2909998893737793,3.319999933242798,55900
2025-07-25,3.359999895095825,3.5999999046325684,3.299999952316284,3.440000057220459,33400
2025-07-28,3.4600000381469727,3.5290000438690186,3.2699999809265137,3.3980000019073486,18700
2025-07-29,3.359999895095825,3.371000051498413,3.240000009536743,3.2699999809265137,16100
2025-07-30,3.2699999809265137,3.431999921798706,3.2699999809265137,3.3299999237060547,6900
2025-07-31,3.319999933242798,3.447000026702881,3.2300000190734863,3.2300000190734863,8600
2025-08-01,3.2920000553131104,3.2920000553131104,3.119999885559082,3.1500000953674316,21600
2025-08-04,3.130000114440918,3.2300000190734863,3.0999999046325684,3.130000114440918,47400
2025-08-05,3.109999895095825,3.253999948501587,3.0799999237060547,3.0799999237060547,64800
2025-08-06,3.049999952316284,3.0999999046325684,3.0199999809265137,3.0199999809265137,20900
2025-08-07,3.0199999809265137,3.0799999237060547,2.9200000762939453,2.9800000190734863,16200
2025-08-08,3.0929999351501465,3.0929999351501465,2.930000066757202,2.930000066757202,6000
2025-08-11,2.990000009536743,3.0999999046325684,2.9200000762939453,2.950000047683716,20600
2025-08-12,2.9800000190734863,3.0290000438690186,2.859999895095825,2.9700000286102295,20500
2025-08-13,2.950000047683716,3.059000015258789,2.950000047683716,3.015000104904175,13900
2025-08-14,2.9600000381469727,3.049999952316284,2.9600000381469727,3.0399999618530273,6800
2025-08-15,3.049999952316284,3.049999952316284,3.009999990463257,3.0269999504089355,6300
2025-08-18,3.049999952316284,3.0799999237060547,3.009999990463257,3.009999990463257,20200
2025-08-19,3.0,3.140000104904175,2.9100000858306885,2.9600000381469727,31100
2025-08-20,3.0,3.0399999618530273,2.9100000858306885,3.0399999618530273,16200
2025-08-21,3.059999942779541,3.069999933242798,3.0,3.009999990463257,3900
2025-08-22,3.0450000762939453,3.1389999389648438,2.9700000286102295,3.109999895095825,36300
2025-08-25,3.0399999618530273,3.059999942779541,2.990000009536743,3.0199999809265137,15100
2025-08-26,2.997999906539917,3.109999895095825,2.997999906539917,3.0999999046325684,8900
2025-08-27,3.109999895095825,3.109999895095825,2.990000009536743,3.009999990463257,24500
2025-08-28,3.0199999809265137,3.130000114440918,2.9619998931884766,2.9800000190734863,19400
2025-08-29,2.9800000190734863,2.9800000190734863,2.865000009536743,2.9100000858306885,14900
2025-09-02,2.9100000858306885,3.0,2.869999885559082,2.9000000953674316,21400
2025-09-03,2.9100000858306885,2.9549999237060547,2.8550000190734863,2.9000000953674316,9800
2025-09-04,2.890000104904175,2.940000057220459,2.859999895095825,2.890000104904175,16300
2025-09-05,2.880000114440918,2.950000047683716,2.880000114440918,2.890000104904175,11000
2025-09-08,2.9200000762939453,2.950000047683716,2.8889999389648438,2.9100000858306885,10800
2025-09-09,2.940000057220459,2.950000047683716,2.865000009536743,2.865000009536743,17200
2025-09-10,2.869999885559082,3.0199999809265137,2.869999885559082,3.0,23700
2025-09-11,2.984999895095825,3.0199999809265137,2.940000057220459,2.940000057220459,17500
2025-09-12,2.9600000381469727,3.009999990463257,2.9600000381469727,2.9749999046325684,12900
2025-09-15,2.9600000381469727,2.9800000190734863,2.940000057220459,2.9700000286102295,7700
2025-09-16,2.9700000286102295,3.0840001106262207,2.890000104904175,2.950000047683716,13800
2025-09-17,2.944999933242798,2.9719998836517334,2.8499999046325684,2.8499999046325684,18000
2025-09-18,3.049999952316284,3.049999952316284,2.809999942779541,2.809999942779541,10000
2025-09-19,2.924999952316284,2.9700000286102295,2.8499999046325684,2.880000114440918,10300
2025-09-22,2.8550000190734863,2.9149999618530273,2.8399999141693115,2.859999895095825,11600
2025-09-23,2.8299999237060547,2.859999895095825,2.75,2.759999990463257,31200
2025-09-24,2.8299999237060547,2.8299999237060547,2.680000066757202,2.759999990463257,19200
2025-09-25,2.7200000286102295,2.7890000343322754,2.6500000953674316,2.680000066757202,22900
2025-09-26,2.7799999713897705,2.8299999237060547,2.680000066757202,2.7300000190734863,23800
2025-09-29,2.75,2.815000057220459,2.7300000190734863,2.809999942779541,10100
2025-09-30,2.7699999809265137,2.940000057220459,2.7699999809265137,2.8499999046325684,20800
2025-10-01,2.930000066757202,2.9700000286102295,2.8299999237060547,2.9700000286102295,24300
2025-10-02,3.0,3.0999999046325684,2.9590001106262207,3.0899999141693115,59100
2025-10-03,3.1500000953674316,3.440000057220459,3.0999999046325684,3.3499999046325684,172100
2025-10-06,3.4000000953674316,3.5199999809265137,3.130000114440918,3.200000047683716,325200
2025-10-07,3.2200000286102295,3.4140000343322754,3.1659998893737793,3.2200000286102295,70100
2025-10-08,3.2200000286102295,3.2809998989105225,3.109999895095825,3.1600000858306885,48000
2025-10-09,3.1500000953674316,3.1500000953674316,3.0799999237060547,3.1500000953674316,32000
2025-10-10,3.1600000858306885,3.2200000286102295,3.069999933242798,3.0999999046325684,26100
2025-10-13,3.049999952316284,3.134999990463257,3.049999952316284,3.109999895095825,9700
2025-10-14,3.049999952316284,3.2100000381469727,3.0299999713897705,3.2100000381469727,21900
2025-10-15,3.1500000953674316,3.200000047683716,3.0769999027252197,3.109999895095825,11000
2025-10-16,3.130000114440918,3.190000057220459,2.9200000762939453,3.109999895095825,102900
2025-10-17,3.140000104904175,3.140000104904175,2.9800000190734863,3.0199999809265137,12700
2025-10-20,2.950000047683716,3.0799999237060547,2.9000000953674316,2.9200000762939453,84600
2025-10-21,3.009999990463257,3.009999990463257,2.859999895095825,2.930000066757202,21800
2025-10-22,2.9100000858306885,2.930000066757202,2.75,2.809999942779541,50700
2025-10-23,2.8499999046325684,2.8499999046325684,2.759999990463257,2.7899999618530273,33500
2025-10-24,2.799999952316284,2.9089999198913574,2.759999990463257,2.9000000953674316,36500
2025-10-27,2.9000000953674316,2.9200000762939453,2.809999942779541,2.819999933242798,26800
2025-10-28,2.8299999237060547,2.8299999237060547,2.7200000286102295,2.75,29800
2025-10-29,2.799999952316284,2.799999952316284,2.6500000953674316,2.690000057220459,40800
2025-10-30,2.7090001106262207,2.736999988555908,2.569999933242798,2.5999999046325684,53000
2025-10-31,2.630000114440918,2.7709999084472656,2.569999933242798,2.6600000858306885,32500
2025-11-03,2.6600000858306885,2.7100000381469727,2.630000114440918,2.6500000953674316,6100
2025-11-04,2.569999933242798,2.6389999389648438,2.5199999809265137,2.5299999713897705,23900
2025-11-05,2.549999952316284,2.690000057220459,2.5399999618530273,2.559999942779541,22000
2025-11-06,2.5999999046325684,2.7799999713897705,2.5999999046325684,2.640000104904175,31500
2025-11-07,2.630000114440918,2.630000114440918,2.5269999504089355,2.5399999618530273,20600
2025-11-10,2.5799999237060547,2.9170000553131104,2.569999933242798,2.890000104904175,49400
2025-11-11,2.9100000858306885,3.075000047683716,2.8299999237060547,2.890000104904175,50700
2025-11-12,2.890000104904175,3.005000114440918,2.869999885559082,2.9200000762939453,37900
2025-11-13,2.859999895095825,2.9700000286102295,2.799999952316284,2.819999933242798,18100
2025-11-14,2.819999933242798,2.9000000953674316,2.809999942779541,2.869999885559082,26000
2025-11-17,2.8499999046325684,3.049999952316284,2.8499999046325684,3.0,39700
2025-11-18,3.0999999046325684,3.5899999141693115,3.0899999141693115,3.380000114440918,487600
2025-11-19,3.109999895095825,3.309999942779541,3.069999933242798,3.2100000381469727,69200
2025-11-20,3.2100000381469727,3.319999933242798,3.109999895095825,3.1500000953674316,28700
2025-11-21,3.1600000858306885,3.200000047683716,3.109999895095825,3.1600000858306885,21500
2025-11-24,3.1600000858306885,3.25,3.1600000858306885,3.25,13300
2025-11-25,3.259999990463257,3.369999885559082,3.2300000190734863,3.2699999809265137,41400
2025-11-26,3.2699999809265137,3.4700000286102295,3.2100000381469727,3.2799999713897705,34300
2025-11-28,3.3299999237060547,3.450000047683716,3.3299999237060547,3.440000057220459,21000
2025-12-01,3.3380000591278076,3.380000114440918,3.2880001068115234,3.309999942779541,8800
2025-12-02,3.3420000076293945,3.3420000076293945,3.2100000381469727,3.25,25300
2025-12-03,3.25,3.2780001163482666,3.069999933242798,3.0899999141693115,31200
2025-12-04,3.059999942779541,3.1489999294281006,2.9800000190734863,3.0999999046325684,16700
2025-12-05,3.140000104904175,3.309999942779541,3.140000104904175,3.1500000953674316,26300
2025-12-08,3.200000047683716,3.2850000858306885,3.1659998893737793,3.2699999809265137,8300
2025-12-09,3.2300000190734863,3.3399999141693115,3.2300000190734863,3.2699999809265137,6400
2025-12-10,3.2699999809265137,3.375,3.259999990463257,3.299999952316284,10000
2025-12-11,3.2899999618530273,3.390000104904175,3.180000066757202,3.180000066757202,17800
2025-12-12,3.1500000953674316,3.190000057220459,3.109999895095825,3.1700000762939453,18200
2025-12-15,3.1700000762939453,3.1700000762939453,3.049999952316284,3.1500000953674316,35800
2025-12-16,3.1459999084472656,3.2750000953674316,3.140000104904175,3.1500000953674316,18900
2025-12-17,3.190000057220459,3.930000066757202,3.1610000133514404,3.6700000762939453,264700
2025-12-18,3.7100000381469727,4.349999904632568,3.559999942779541,4.199999809265137,551300
2025-12-19,4.230000019073486,4.349999904632568,4.10099983215332,4.25,102600
2025-12-22,4.190000057220459,4.309999942779541,4.070000171661377,4.260000228881836,54400
2025-12-23,4.230000019073486,4.659999847412109,4.170000076293945,4.610000133514404,62300
2025-12-24,4.630000114440918,4.71999979019165,4.214000225067139,4.650000095367432,26600
2025-12-26,4.679999828338623,5.25,4.559999942779541,5.230000019073486,139600
2025-12-29,5.260000228881836,6.71999979019165,5.199999809265137,6.289999961853027,770200
2025-12-30,6.130000114440918,6.639999866485596,5.880000114440918,6.570000171661377,197700
2025-12-31,6.639999866485596,8.289999961853027,6.301000118255615,8.029999732971191,422000
2026-01-02,8.010000228881836,8.347000122070312,7.510000228881836,8.0,271400
2026-01-05,7.800000190734863,7.980000019073486,6.929999828338623,7.300000190734863,205700
2026-01-06,7.289999961853027,8.0,7.210999965667725,7.514999866485596,96500
2026-01-07,7.610000133514404,7.710000038146973,7.449999809265137,7.519999980926514,73900
2026-01-08,7.460000038146973,7.659999847412109,6.960000038146973,7.53000020980835,105500
2026-01-09,7.559999942779541,8.130000114440918,7.360000133514404,8.010000228881836,78900
2026-01-12,8.020000457763672,9.130000114440918,8.0,9.029999732971191,344100
2026-01-13,9.050000190734863,10.75,8.6899995803833,10.470000267028809,459900
2026-01-14,10.34000015258789,11.34000015258789,9.760000228881836,11.0,345300
2026-01-15,11.0,12.369999885559082,10.800000190734863,11.260000228881836,379500
2026-01-16,11.09000015258789,11.4399995803833,10.5600004196167,11.130000114440918,244800
2026-01-20,10.899999618530273,11.024999618530273,9.84000015258789,9.920000076293945,129400
2026-01-21,10.390000343322754,10.390000343322754,9.300000190734863,9.6899995803833,124900
2026-01-22,9.600000381469727,10.899999618530273,9.5,10.444999694824219,117500
2026-01-23,10.359999656677246,11.09000015258789,9.819999694824219,10.90999984741211,133300
2026-01-26,10.819999694824219,10.98799991607666,10.420000076293945,10.710000038146973,49800
2026-01-27,10.520000457763672,11.104999542236328,9.869999885559082,10.380000114440918,82000
2026-01-28,9.970000267028809,10.135000228881836,8.800000190734863,9.460000038146973,251600
2026-01-29,9.40999984741211,9.40999984741211,8.829999923706055,8.989999771118164,68100
2026-01-30,9.039999961853027,9.149999618530273,8.710000038146973,9.0,104600
2026-02-02,9.0,9.279999732971191,9.0,9.010000228881836,66100
2026-02-03,9.0600004196167,9.0600004196167,8.0,8.350000381469727,65000
2026-02-04,8.4399995803833,8.4399995803833,8.0,8.180000305175781,61500
2026-02-05,8.039999961853027,8.399999618530273,7.619999885559082,7.71999979019165,78300
2026-02-06,7.840000152587891,8.90999984741211,7.840000152587891,8.489999771118164,120700
2026-02-09,8.550000190734863,9.140000343322754,8.25,8.890000343322754,43400
2026-02-10,8.789999961853027,9.322999954223633,8.515999794006348,8.8100004196167,32400
2026-02-11,8.670000076293945,8.850000381469727,8.350000381469727,8.720000267028809,21900
2026-02-12,8.8100004196167,9.149999618530273,8.526000022888184,8.670000076293945,18200
2026-02-13,8.770000457763672,8.960000038146973,8.545999526977539,8.65999984741211,30300
2026-02-17,8.65999984741211,9.777999877929688,8.65999984741211,9.449999809265137,78000
2026-02-18,9.470000267028809,10.484999656677246,9.109999656677246,9.329999923706055,87500
2026-02-19,9.3100004196167,9.489999771118164,9.140000343322754,9.369999885559082,7300
2026-02-20,9.260000228881836,9.949999809265137,9.229999542236328,9.800000190734863,85800
2026-02-23,9.710000038146973,10.3149995803833,9.119999885559082,9.5,222100
2026-02-24,9.420000076293945,9.970000267028809,9.25,9.430000305175781,194900
2026-02-25,9.40999984741211,9.880000114440918,9.0,9.479999542236328,108500
2026-02-26,9.520000457763672,10.109999656677246,9.206999778747559,10.0,267200
2026-02-27,9.970000267028809,10.460000038146973,9.609999656677246,9.960000038146973,327000
2026-03-02,9.5,9.90999984741211,8.720000267028809,8.84000015258789,190100
2026-03-03,8.75,8.75,8.350000381469727,8.420000076293945,65500
2026-03-04,8.569999694824219,8.989999771118164,8.40999984741211,8.430000305175781,170800
2026-03-05,8.289999961853027,8.600000381469727,8.039999961853027,8.1899995803833,68700
2026-03-06,8.0,8.3100004196167,7.809999942779541,8.130000114440918,61600
2026-03-09,8.039999961853027,8.350000381469727,7.869999885559082,7.880000114440918,27200
2026-03-10,7.949999809265137,8.75,7.949999809265137,8.109999656677246,150100
2026-03-11,8.1899995803833,9.279000282287598,8.069999694824219,8.989999771118164,102600
2026-03-12,8.970000267028809,9.25,7.949999809265137,8.050000190734863,258700
2026-03-13,8.260000228881836,8.5,7.309999942779541,7.340000152587891,163500
2026-03-16,7.340000152587891,7.760000228881836,7.21999979019165,7.289999961853027,47300
2026-03-17,7.400000095367432,7.999000072479248,7.320000171661377,7.670000076293945,114200
2026-03-18,7.659999847412109,7.974999904632568,7.289999961853027,7.300000190734863,69200
2026-03-19,7.300000190734863,7.699999809265137,7.190000057220459,7.309999942779541,81500
2026-03-20,7.309999942779541,7.34499979019165,6.909999847412109,7.150000095367432,79400
2026-03-23,7.21999979019165,7.659999847412109,7.170000076293945,7.309999942779541,115200
2026-03-24,7.239999771118164,7.564000129699707,7.15500020980835,7.360000133514404,72100
2026-03-25,7.519999980926514,7.795000076293945,7.340000152587891,7.429999828338623,124600
2026-03-26,7.429999828338623,7.599999904632568,7.335000038146973,7.400000095367432,31600
2026-03-27,7.400000095367432,7.65500020980835,6.889999866485596,7.150000095367432,65000
2026-03-30,7.170000076293945,7.710000038146973,7.170000076293945,7.579999923706055,134800
2026-03-31,7.800000190734863,8.069999694824219,7.639999866485596,7.989999771118164,142500
2026-04-01,7.940000057220459,9.300000190734863,7.599999904632568,9.25,171200
2026-04-02,2.009999990463257,2.109999895095825,1.809999942779541,2.049999952316284,7402200
2026-04-06,2.0899999141693115,2.0999999046325684,1.902999997138977,1.940000057220459,2676900
2026-04-07,2.0299999713897705,2.069999933242798,1.8899999856948853,2.0,1731400
2026-04-08,2.0999999046325684,2.25,1.9900000095367432,2.130000114440918,1840400
2026-04-09,2.140000104904175,2.184999942779541,2.009999990463257,2.0899999141693115,808100
2026-04-10,2.119999885559082,2.2100000381469727,2.009999990463257,2.200000047683716,1321700
2026-04-13,2.1500000953674316,2.4600000381469727,2.1410000324249268,2.380000114440918,838300
2026-04-14,2.430000066757202,2.549999952316284,2.3399999141693115,2.5299999713897705,567300
2026-04-15,2.509999990463257,2.630000114440918,2.4800000190734863,2.559999942779541,233600
2026-04-16,2.5799999237060547,2.630000114440918,2.4000000953674316,2.559999942779541,354800
2026-04-17,2.509999990463257,2.5999999046325684,2.359999895095825,2.430000066757202,736000
2026-04-20,2.380000114440918,2.380000114440918,2.200000047683716,2.299999952316284,431700
2026-04-21,2.2899999618530273,2.4000000953674316,2.259999990463257,2.3499999046325684,277900
2026-04-22,2.3399999141693115,2.4600000381469727,2.319999933242798,2.4200000762939453,248200
2026-04-23,2.4000000953674316,2.4030001163482666,2.299999952316284,2.3499999046325684,113200
2026-04-24,2.3499999046325684,2.440000057220459,2.316999912261963,2.4200000762939453,139800
2026-04-27,2.4200000762939453,2.5,2.3499999046325684,2.369999885559082,210800
2026-04-28,2.3499999046325684,2.3499999046325684,2.240000009536743,2.309999942779541,170200
2026-04-29,2.309999942779541,2.319999933242798,2.200000047683716,2.2899999618530273,183500
2026-04-30,2.319999933242798,2.390000104904175,2.25,2.3299999237060547,138800
2026-05-01,2.359999895095825,2.390000104904175,2.2899999618530273,2.3299999237060547,87500
2026-05-04,2.299999952316284,2.369999885559082,2.2799999713897705,2.2899999618530273,69200
2026-05-05,2.299999952316284,2.3499999046325684,2.259999990463257,2.3299999237060547,94800
2026-05-06,2.3299999237060547,2.4549999237060547,2.3299999237060547,2.430000066757202,158000
2026-05-07,2.380000114440918,2.4200000762939453,2.3399999141693115,2.390000104904175,71200
2026-05-08,2.4100000858306885,2.5,2.3499999046325684,2.369999885559082,188500
2026-05-11,2.319999933242798,2.3989999294281006,2.309999942779541,2.319999933242798,138500
2026-05-12,2.2799999713897705,2.380000114440918,2.2699999809265137,2.3299999237060547,116000
2026-05-13,2.3299999237060547,2.359999895095825,2.299999952316284,2.319999933242798,37800
2026-05-14,2.319999933242798,2.380000114440918,2.2799999713897705,2.3299999237060547,130700
2026-05-15,2.2899999618530273,2.3399999141693115,2.255000114440918,2.259999990463257,55600
2026-05-18,2.259999990463257,2.2750000953674316,2.2100000381469727,2.2100000381469727,86300
2026-05-19,2.2899999618530273,2.2899999618530273,2.119999885559082,2.200000047683716,93200
2026-05-20,2.2200000286102295,2.2799999713897705,2.1989998817443848,2.240000009536743,65200
2026-05-21,2.2699999809265137,2.2699999809265137,2.1600000858306885,2.2200000286102295,54600
2026-05-22,2.2200000286102295,2.2660000324249268,2.2170000076293945,2.259999990463257,61300
2026-05-26,2.309999942779541,2.380000114440918,2.259999990463257,2.259999990463257,152300
2026-05-27,2.3499999046325684,2.369999885559082,2.2100000381469727,2.2799999713897705,85200
2026-05-28,2.259999990463257,2.299999952316284,2.2330000400543213,2.259999990463257,74000
2026-05-29,2.240000009536743,2.2950000762939453,2.190000057220459,2.25,81700
2026-06-01,2.240000009536743,2.3499999046325684,2.200000047683716,2.2799999713897705,148900
2026-06-02,2.2699999809265137,2.319999933242798,2.180000066757202,2.25,140400
2026-06-03,2.200000047683716,2.240000009536743,2.174999952316284,2.190000057220459,59900
2026-06-04,2.140000104904175,2.2249999046325684,2.125,2.2100000381469727,75700
2026-06-05,2.200000047683716,2.200000047683716,2.049999952316284,2.049999952316284,87600
2026-06-08,2.0799999237060547,2.140000104904175,2.0399999618530273,2.0399999618530273,95800
2026-06-09,2.0399999618530273,2.109999895095825,2.010999917984009,2.049999952316284,95900
2026-06-10,2.009999990463257,2.075000047683716,1.9700000286102295,1.9800000190734863,110600
2026-06-11,1.9800000190734863,2.200000047683716,1.940000057220459,2.200000047683716,310400
2026-06-12,2.1500000953674316,2.299999952316284,2.130000114440918,2.259999990463257,202700
2026-06-15,2.259999990463257,2.299999952316284,2.1600000858306885,2.2899999618530273,71200
2026-06-16,2.2890000343322754,2.359999895095825,2.2890000343322754,2.299999952316284,87900
2026-06-17,2.3299999237060547,2.559999942779541,2.259999990463257,2.3399999141693115,159300
2026-06-18,2.3499999046325684,2.5,2.2899999618530273,2.3299999237060547,122400
2026-06-22,2.299999952316284,2.5399999618530273,2.265000104904175,2.2899999618530273,93900
2026-06-23,2.240000009536743,2.6689999103546143,2.240000009536743,2.5299999713897705,207800
2026-06-24,2.5299999713897705,2.5899999141693115,2.430000066757202,2.4700000286102295,63200
2026-06-25,2.4700000286102295,2.4700000286102295,2.364000082015991,2.380000114440918,21500
2026-06-26,2.380000114440918,2.490000009536743,2.369999885559082,2.4600000381469727,19400
2026-06-29,2.490000009536743,2.509999990463257,2.359999895095825,2.490000009536743,31000
2026-06-30,2.4800000190734863,2.609999895095825,2.450000047683716,2.559999942779541,72300
2026-07-01,2.4809999465942383,2.509999990463257,2.359999895095825,2.4600000381469727,78700
2026-07-02,2.450000047683716,2.450000047683716,2.380000114440918,2.390000104904175,66800
2026-07-06,2.430000066757202,2.509999990463257,2.4049999713897705,2.4700000286102295,36500
2026-07-07,2.4200000762939453,2.5199999809265137,2.3499999046325684,2.4700000286102295,84400
2026-07-08,2.4549999237060547,2.5199999809265137,2.390000104904175,2.440000057220459,14700
2026-07-09,2.4600000381469727,2.509999990463257,2.430000066757202,2.4700000286102295,16900
2026-07-10,2.450000047683716,2.450000047683716,2.380000114440918,2.4100000858306885,25300
2026-07-13,2.3919999599456787,2.450000047683716,2.319999933242798,2.3499999046325684,37200
2026-07-14,2.390000104904175,2.390000104904175,2.2899999618530273,2.309999942779541,28600
2026-07-15,2.3299999237060547,2.4000000953674316,2.2880001068115234,2.359999895095825,23700
2026-07-16,2.369999885559082,2.369999885559082,2.2799999713897705,2.2899999618530273,30400
2026-07-17,2.2699999809265137,2.2899999618530273,2.2300000190734863,2.2300000190734863,20600
