Date,Open,High,Low,Close,Volume
2016-07-18,5.050000190734863,5.050000190734863,4.900000095367432,4.949999809265137,445280
2016-07-19,5.0,5.050000190734863,4.849999904632568,4.900000095367432,397160
2016-07-20,4.900000095367432,5.050000190734863,4.849999904632568,4.949999809265137,429280
2016-07-21,5.0,5.050000190734863,4.900000095367432,4.949999809265137,332220
2016-07-22,4.900000095367432,5.0,4.900000095367432,5.0,245660
2016-07-25,5.0,5.099999904632568,4.849999904632568,4.900000095367432,370600
2016-07-26,4.900000095367432,5.050000190734863,4.900000095367432,4.949999809265137,351580
2016-07-27,4.949999809265137,5.099999904632568,4.900000095367432,5.0,285940
2016-07-28,5.0,5.050000190734863,4.800000190734863,4.849999904632568,332260
2016-07-29,4.849999904632568,5.0,4.75,4.949999809265137,400460
2016-08-01,4.949999809265137,5.099999904632568,4.949999809265137,5.099999904632568,400380
2016-08-02,5.050000190734863,5.099999904632568,4.949999809265137,4.949999809265137,357060
2016-08-03,4.949999809265137,5.050000190734863,4.900000095367432,5.050000190734863,325960
2016-08-04,5.0,5.050000190734863,4.949999809265137,5.0,229280
2016-08-05,4.949999809265137,5.050000190734863,4.849999904632568,4.900000095367432,447300
2016-08-08,4.900000095367432,5.0,4.900000095367432,5.0,382620
2016-08-09,4.900000095367432,4.900000095367432,4.5,4.599999904632568,943600
2016-08-10,4.599999904632568,4.849999904632568,4.599999904632568,4.699999809265137,277080
2016-08-11,4.650000095367432,4.900000095367432,4.650000095367432,4.849999904632568,319400
2016-08-12,4.800000190734863,5.0,4.800000190734863,5.0,314800
2016-08-15,4.949999809265137,5.0,4.800000190734863,5.0,595080
2016-08-16,5.0,5.050000190734863,4.900000095367432,5.0,529140
2016-08-17,5.0,5.0,4.800000190734863,4.900000095367432,292420
2016-08-18,4.900000095367432,4.949999809265137,4.900000095367432,4.949999809265137,340520
2016-08-19,4.900000095367432,4.949999809265137,4.800000190734863,4.900000095367432,346040
2016-08-22,4.800000190734863,4.849999904632568,4.650000095367432,4.75,488600
2016-08-23,4.75,4.800000190734863,4.599999904632568,4.599999904632568,350060
2016-08-24,4.650000095367432,4.75,4.25,4.349999904632568,1313220
2016-08-25,4.400000095367432,4.5,4.150000095367432,4.199999809265137,946540
2016-08-26,4.199999809265137,4.25,3.8499999046325684,3.950000047683716,1228700
2016-08-29,4.0,4.0,3.5999999046325684,3.75,985480
2016-08-30,3.6500000953674316,3.700000047683716,3.4000000953674316,3.5,2140460
2016-08-31,3.5,4.349999904632568,3.450000047683716,4.0,2712900
2016-09-01,4.0,4.099999904632568,3.5999999046325684,3.700000047683716,1159200
2016-09-02,3.75,4.099999904632568,3.5999999046325684,3.700000047683716,1052780
2016-09-06,3.799999952316284,3.8499999046325684,3.6500000953674316,3.6500000953674316,635460
2016-09-07,3.6500000953674316,3.700000047683716,3.549999952316284,3.549999952316284,923320
2016-09-08,3.549999952316284,3.75,3.549999952316284,3.5999999046325684,549320
2016-09-09,3.6500000953674316,3.6500000953674316,3.450000047683716,3.450000047683716,693140
2016-09-12,3.5,3.6500000953674316,3.450000047683716,3.5999999046325684,559500
2016-09-13,3.5,3.549999952316284,3.450000047683716,3.450000047683716,546040
2016-09-14,3.450000047683716,3.549999952316284,3.450000047683716,3.5,527340
2016-09-15,3.4000000953674316,3.6500000953674316,3.3499999046325684,3.549999952316284,667980
2016-09-16,3.549999952316284,3.549999952316284,3.3499999046325684,3.5,854700
2016-09-19,3.450000047683716,3.5999999046325684,3.4000000953674316,3.5,633560
2016-09-20,3.450000047683716,3.5999999046325684,3.4000000953674316,3.5,382420
2016-09-21,3.4000000953674316,3.549999952316284,3.4000000953674316,3.450000047683716,480920
2016-09-22,3.450000047683716,3.5,3.3499999046325684,3.4000000953674316,767480
2016-09-23,3.3499999046325684,3.4000000953674316,3.049999952316284,3.049999952316284,1501340
2016-09-26,3.0,3.049999952316284,2.8499999046325684,2.8499999046325684,1008060
2016-09-27,2.799999952316284,3.0999999046325684,2.75,3.0999999046325684,1409100
2016-09-28,3.0999999046325684,3.200000047683716,2.9000000953674316,3.049999952316284,790020
2016-09-29,3.0,3.0999999046325684,2.950000047683716,3.0,503760
2016-09-30,2.950000047683716,3.1500000953674316,2.8499999046325684,3.0999999046325684,788160
2016-10-03,3.0,3.200000047683716,3.0,3.1500000953674316,487840
2016-10-04,3.200000047683716,3.25,3.049999952316284,3.0999999046325684,440920
2016-10-05,3.049999952316284,3.25,3.049999952316284,3.1500000953674316,430160
2016-10-06,3.0999999046325684,3.200000047683716,3.049999952316284,3.1500000953674316,392600
2016-10-07,3.0999999046325684,3.200000047683716,3.0,3.1500000953674316,391100
2016-10-10,3.1500000953674316,3.25,3.1500000953674316,3.200000047683716,282480
2016-10-11,3.0999999046325684,3.25,3.0,3.0,426900
2016-10-12,2.950000047683716,3.049999952316284,2.9000000953674316,2.950000047683716,739280
2016-10-13,2.9000000953674316,2.950000047683716,2.700000047683716,2.799999952316284,497640
2016-10-14,2.6500000953674316,2.75,2.5,2.5,733660
2016-10-17,2.5,2.5999999046325684,2.299999952316284,2.3499999046325684,909760
2016-10-18,2.25,2.3499999046325684,2.200000047683716,2.299999952316284,790940
2016-10-19,2.4000000953674316,2.4000000953674316,2.299999952316284,2.3499999046325684,470340
2016-10-20,2.450000047683716,3.0999999046325684,2.3499999046325684,3.049999952316284,1811320
2016-10-21,3.0,3.450000047683716,2.799999952316284,2.950000047683716,1781940
2016-10-24,2.799999952316284,2.950000047683716,2.6500000953674316,2.75,616740
2016-10-25,2.700000047683716,2.75,2.549999952316284,2.6500000953674316,340640
2016-10-26,2.549999952316284,2.75,2.5,2.549999952316284,355360
2016-10-27,2.5,2.549999952316284,2.4000000953674316,2.450000047683716,283440
2016-10-28,2.4000000953674316,2.4000000953674316,2.1500000953674316,2.25,907540
2016-10-31,2.299999952316284,2.3499999046325684,2.0999999046325684,2.0999999046325684,572920
2016-11-01,2.0999999046325684,2.3499999046325684,2.049999952316284,2.200000047683716,709060
2016-11-02,2.200000047683716,2.299999952316284,2.0999999046325684,2.1500000953674316,421660
2016-11-03,2.1500000953674316,2.200000047683716,2.049999952316284,2.0999999046325684,419320
2016-11-04,2.049999952316284,2.299999952316284,2.049999952316284,2.1500000953674316,296220
2016-11-07,2.25,2.25,2.0999999046325684,2.200000047683716,312840
2016-11-08,2.200000047683716,2.299999952316284,2.049999952316284,2.1500000953674316,391320
2016-11-09,2.5,2.700000047683716,2.200000047683716,2.3499999046325684,2627360
2016-11-10,2.8499999046325684,3.3499999046325684,2.75,3.0999999046325684,5360240
2016-11-11,3.0999999046325684,3.4000000953674316,2.799999952316284,3.299999952316284,1734940
2016-11-14,3.25,3.299999952316284,3.0,3.25,1036900
2016-11-15,3.049999952316284,3.200000047683716,3.0,3.1500000953674316,595880
2016-11-16,3.0999999046325684,3.1500000953674316,3.0,3.1500000953674316,325940
2016-11-17,3.049999952316284,3.25,3.049999952316284,3.1500000953674316,506260
2016-11-18,3.200000047683716,3.200000047683716,3.049999952316284,3.0999999046325684,356020
2016-11-21,3.0999999046325684,3.0999999046325684,2.8499999046325684,3.049999952316284,565180
2016-11-22,2.950000047683716,3.049999952316284,2.8499999046325684,2.9000000953674316,456800
2016-11-23,2.9000000953674316,2.9000000953674316,2.700000047683716,2.75,535540
2016-11-25,2.75,3.0,2.75,2.75,256480
2016-11-28,2.75,2.75,2.549999952316284,2.6500000953674316,816700
2016-11-29,2.549999952316284,2.700000047683716,2.450000047683716,2.450000047683716,677560
2016-11-30,2.450000047683716,2.549999952316284,2.3499999046325684,2.3499999046325684,610240
2016-12-01,2.3499999046325684,2.450000047683716,2.299999952316284,2.4000000953674316,523180
2016-12-02,2.5,3.049999952316284,2.4000000953674316,2.75,1811060
2016-12-05,2.799999952316284,2.950000047683716,2.5999999046325684,2.9000000953674316,649060
2016-12-06,2.9000000953674316,3.299999952316284,2.799999952316284,3.200000047683716,1306580
2016-12-07,3.25,3.3499999046325684,3.049999952316284,3.0999999046325684,901640
2016-12-08,3.0999999046325684,3.299999952316284,2.950000047683716,3.25,650720
2016-12-09,3.25,3.3499999046325684,3.1500000953674316,3.25,766380
2016-12-12,3.25,3.25,2.9000000953674316,3.049999952316284,920020
2016-12-13,3.0,3.1500000953674316,2.950000047683716,3.0999999046325684,479320
2016-12-14,2.9000000953674316,3.049999952316284,2.9000000953674316,3.0,484280
2016-12-15,2.950000047683716,3.1500000953674316,2.9000000953674316,3.0,441940
2016-12-16,3.049999952316284,3.0999999046325684,2.950000047683716,3.049999952316284,5427480
2016-12-19,3.0999999046325684,4.25,3.0,3.950000047683716,3656300
2016-12-20,4.0,4.349999904632568,3.75,3.950000047683716,3956580
2016-12-21,3.8499999046325684,3.950000047683716,3.549999952316284,3.5999999046325684,1480100
2016-12-22,3.549999952316284,3.75,3.3499999046325684,3.5,1204060
2016-12-23,3.450000047683716,3.5999999046325684,3.299999952316284,3.5,810140
2016-12-27,3.4000000953674316,3.5999999046325684,3.4000000953674316,3.4000000953674316,923720
2016-12-28,3.4000000953674316,3.700000047683716,3.3499999046325684,3.450000047683716,1166880
2016-12-29,3.450000047683716,3.75,3.3499999046325684,3.4000000953674316,1158320
2016-12-30,3.299999952316284,3.5,3.1500000953674316,3.200000047683716,1777000
2017-01-03,3.3499999046325684,3.4000000953674316,3.0,3.1500000953674316,1182040
2017-01-04,3.0999999046325684,3.4000000953674316,3.0999999046325684,3.4000000953674316,1037120
2017-01-05,3.299999952316284,3.4000000953674316,3.25,3.299999952316284,605360
2017-01-06,3.3499999046325684,3.549999952316284,3.25,3.3499999046325684,736680
2017-01-09,3.3499999046325684,3.3499999046325684,3.1500000953674316,3.1500000953674316,1175580
2017-01-10,3.1500000953674316,3.25,3.0999999046325684,3.200000047683716,621520
2017-01-11,3.0999999046325684,3.200000047683716,3.0999999046325684,3.1500000953674316,644340
2017-01-12,3.0999999046325684,3.299999952316284,3.0999999046325684,3.25,836580
2017-01-13,3.3499999046325684,3.5999999046325684,3.299999952316284,3.450000047683716,1490860
2017-01-17,3.299999952316284,3.5,3.25,3.4000000953674316,926820
2017-01-18,3.3499999046325684,3.450000047683716,3.299999952316284,3.3499999046325684,496680
2017-01-19,3.25,3.3499999046325684,3.1500000953674316,3.25,597460
2017-01-20,3.200000047683716,3.3499999046325684,3.1500000953674316,3.200000047683716,551120
2017-01-23,3.200000047683716,3.5,3.1500000953674316,3.450000047683716,1045820
2017-01-24,3.4000000953674316,3.4000000953674316,3.25,3.3499999046325684,506680
2017-01-25,3.3499999046325684,3.450000047683716,3.25,3.4000000953674316,432320
2017-01-26,3.4000000953674316,3.4000000953674316,3.299999952316284,3.4000000953674316,426740
2017-01-27,3.4000000953674316,3.450000047683716,3.200000047683716,3.3499999046325684,913360
2017-01-30,3.299999952316284,3.299999952316284,3.200000047683716,3.200000047683716,610960
2017-01-31,3.3499999046325684,3.5,3.200000047683716,3.5,1057500
2017-02-01,3.5999999046325684,3.5999999046325684,3.3499999046325684,3.549999952316284,1060260
2017-02-02,3.200000047683716,3.299999952316284,2.799999952316284,2.950000047683716,2968900
2017-02-03,2.950000047683716,3.049999952316284,2.75,2.8499999046325684,1229060
2017-02-06,2.75,2.8499999046325684,2.700000047683716,2.700000047683716,849980
2017-02-07,2.5999999046325684,2.700000047683716,2.5,2.549999952316284,1150760
2017-02-08,2.700000047683716,2.700000047683716,2.5,2.549999952316284,636520
2017-02-09,2.549999952316284,2.6500000953674316,2.5,2.5999999046325684,511520
2017-02-10,2.5999999046325684,2.6500000953674316,2.5,2.5999999046325684,480960
2017-02-13,2.6500000953674316,2.8499999046325684,2.6500000953674316,2.799999952316284,674480
2017-02-14,2.799999952316284,2.799999952316284,2.5999999046325684,2.700000047683716,579140
2017-02-15,2.700000047683716,2.700000047683716,2.6500000953674316,2.6500000953674316,376560
2017-02-16,2.6500000953674316,2.75,2.5999999046325684,2.700000047683716,403960
2017-02-17,2.75,2.75,2.5999999046325684,2.6500000953674316,508040
2017-02-21,2.5999999046325684,2.700000047683716,2.5,2.549999952316284,543480
2017-02-22,2.5,2.5999999046325684,2.4000000953674316,2.450000047683716,860560
2017-02-23,2.450000047683716,2.549999952316284,2.299999952316284,2.5,1849600
2017-02-24,2.5,2.5999999046325684,2.450000047683716,2.549999952316284,316040
2017-02-27,2.5999999046325684,2.700000047683716,2.549999952316284,2.5999999046325684,384360
2017-02-28,2.549999952316284,2.6500000953674316,2.549999952316284,2.6500000953674316,571820
2017-03-01,2.6500000953674316,2.75,2.5999999046325684,2.6500000953674316,499640
2017-03-02,2.5999999046325684,2.700000047683716,2.4000000953674316,2.450000047683716,688920
2017-03-03,2.380000114440918,2.380000114440918,1.840000033378601,2.130000114440918,3493500
2017-03-06,2.0199999809265137,2.059999942779541,1.7400000095367432,1.8899999856948853,4681300
2017-03-07,1.899999976158142,2.049999952316284,1.850000023841858,1.9700000286102295,2368500
2017-03-08,1.9700000286102295,2.049999952316284,1.8899999856948853,1.940000057220459,1415700
2017-03-09,1.909999966621399,1.9700000286102295,1.899999976158142,1.940000057220459,1001700
2017-03-10,1.9900000095367432,2.0,1.899999976158142,1.9500000476837158,738600
2017-03-13,1.940000057220459,1.9600000381469727,1.899999976158142,1.9500000476837158,645100
2017-03-14,2.009999990463257,2.1500000953674316,1.9299999475479126,2.0199999809265137,2222100
2017-03-15,1.9900000095367432,2.0399999618530273,1.9600000381469727,2.0199999809265137,864300
2017-03-16,2.0,2.069999933242798,1.9700000286102295,2.069999933242798,1046400
2017-03-17,2.069999933242798,2.3499999046325684,1.9299999475479126,2.2200000286102295,4580000
2017-03-20,2.25,2.25,2.119999885559082,2.200000047683716,1157800
2017-03-21,2.200000047683716,2.2300000190734863,1.9800000190734863,2.069999933242798,1769000
2017-03-22,2.0399999618530273,2.0399999618530273,1.9500000476837158,2.0199999809265137,1245500
2017-03-23,2.009999990463257,2.049999952316284,1.8899999856948853,1.9500000476837158,1160700
2017-03-24,1.9700000286102295,1.9700000286102295,1.8700000047683716,1.8899999856948853,1024100
2017-03-27,1.840000033378601,1.8700000047683716,1.7999999523162842,1.8200000524520874,896200
2017-03-28,1.7999999523162842,1.809999942779541,1.6200000047683716,1.6299999952316284,2118100
2017-03-29,1.6100000143051147,1.6100000143051147,1.5399999618530273,1.559999942779541,1701700
2017-03-30,1.5199999809265137,1.5399999618530273,1.440000057220459,1.4900000095367432,1725800
2017-03-31,1.4600000381469727,1.6399999856948853,1.4500000476837158,1.4800000190734863,3133800
2017-04-03,1.4900000095367432,1.5,1.2899999618530273,1.3799999952316284,3201000
2017-04-04,1.3700000047683716,1.4199999570846558,1.350000023841858,1.399999976158142,1601900
2017-04-05,1.399999976158142,1.4199999570846558,1.2899999618530273,1.2999999523162842,1534000
2017-04-06,1.2999999523162842,1.3300000429153442,1.159999966621399,1.2599999904632568,1996300
2017-04-07,1.559999942779541,1.559999942779541,1.2999999523162842,1.3300000429153442,7711600
2017-04-10,1.3700000047683716,1.3799999952316284,1.2100000381469727,1.2599999904632568,2053000
2017-04-11,1.2899999618530273,1.3899999856948853,1.2400000095367432,1.3799999952316284,2269400
2017-04-12,1.3700000047683716,1.399999976158142,1.2999999523162842,1.309999942779541,1287500
2017-04-13,1.340000033378601,1.350000023841858,1.2899999618530273,1.3300000429153442,1230200
2017-04-17,1.340000033378601,1.340000033378601,1.2200000286102295,1.2599999904632568,1679400
2017-04-18,1.2599999904632568,1.2699999809265137,1.2100000381469727,1.2200000286102295,810400
2017-04-19,1.2400000095367432,1.25,1.0700000524520874,1.1200000047683716,3135800
2017-04-20,1.1200000047683716,1.149999976158142,1.0499999523162842,1.0700000524520874,2195300
2017-04-21,1.0800000429153442,1.090000033378601,0.8899999856948853,0.9300000071525574,6215400
2017-04-24,0.8999999761581421,0.9599999785423279,0.8500000238418579,0.8999999761581421,3071200
2017-04-25,0.9300000071525574,0.9599999785423279,0.8999999761581421,0.8999999761581421,1837900
2017-04-26,0.9100000262260437,0.9100000262260437,0.8199999928474426,0.8299999833106995,2364900
2017-04-27,0.8500000238418579,0.9200000166893005,0.800000011920929,0.8799999952316284,1774600
2017-04-28,0.8700000047683716,0.9100000262260437,0.8500000238418579,0.8700000047683716,1087900
2017-05-01,0.8600000143051147,0.8899999856948853,0.8199999928474426,0.8500000238418579,797100
2017-05-02,0.8299999833106995,0.8399999737739563,0.7799999713897705,0.800000011920929,1455500
2017-05-03,0.800000011920929,0.8199999928474426,0.6700000166893005,0.7099999785423279,2349900
2017-05-04,0.7699999809265137,0.7799999713897705,0.6899999976158142,0.7200000286102295,2051600
2017-05-05,0.7200000286102295,0.8199999928474426,0.6899999976158142,0.800000011920929,2932600
2017-05-08,0.8299999833106995,1.1799999475479126,0.800000011920929,1.0099999904632568,11391900
2017-05-09,1.0499999523162842,1.2000000476837158,1.0299999713897705,1.1200000047683716,9231500
2017-05-10,1.25,1.8799999952316284,1.159999966621399,1.600000023841858,32460200
2017-05-11,1.3200000524520874,1.4800000190734863,1.1399999856948853,1.2699999809265137,11872900
2017-05-12,1.25,1.25,1.0099999904632568,1.1200000047683716,5591200
2017-05-15,1.100000023841858,1.1299999952316284,1.0299999713897705,1.059999942779541,2982300
2017-05-16,1.059999942779541,1.340000033378601,1.0099999904632568,1.2200000286102295,8386700
2017-05-17,1.1799999475479126,1.2400000095367432,1.100000023841858,1.100000023841858,4026800
2017-05-18,1.1399999856948853,1.190000057220459,1.059999942779541,1.100000023841858,3215900
2017-05-19,1.1100000143051147,1.190000057220459,1.100000023841858,1.1299999952316284,2078900
2017-05-22,1.149999976158142,1.4199999570846558,1.1399999856948853,1.3700000047683716,8736000
2017-05-23,1.350000023841858,1.3700000047683716,1.25,1.2999999523162842,3454900
2017-05-24,1.2899999618530273,1.3300000429153442,1.2599999904632568,1.2799999713897705,1924700
2017-05-25,1.340000033378601,1.4800000190734863,1.309999942779541,1.4199999570846558,6002000
2017-05-26,1.4199999570846558,1.6799999475479126,1.2999999523162842,1.5199999809265137,6830900
2017-05-30,1.5700000524520874,1.7300000190734863,1.5099999904632568,1.649999976158142,7519300
2017-05-31,1.7100000381469727,1.7100000381469727,1.5099999904632568,1.5199999809265137,4614700
2017-06-01,1.7999999523162842,1.809999942779541,1.600000023841858,1.6200000047683716,5917600
2017-06-02,1.5800000429153442,1.590000033378601,1.4500000476837158,1.5499999523162842,2976400
2017-06-05,1.6299999952316284,1.6299999952316284,1.5199999809265137,1.5800000429153442,2042700
2017-06-06,1.5700000524520874,1.5800000429153442,1.5199999809265137,1.5700000524520874,1729700
2017-06-07,1.559999942779541,1.590000033378601,1.5,1.5800000429153442,2070600
2017-06-08,1.559999942779541,1.6200000047683716,1.5,1.590000033378601,1892000
2017-06-09,1.590000033378601,1.590000033378601,1.5299999713897705,1.559999942779541,1212600
2017-06-12,1.5299999713897705,1.5499999523162842,1.399999976158142,1.5099999904632568,1913300
2017-06-13,1.5299999713897705,1.5299999713897705,1.399999976158142,1.4299999475479126,1825600
2017-06-14,1.399999976158142,1.4700000286102295,1.350000023841858,1.3600000143051147,2780200
2017-06-15,1.309999942779541,1.4900000095367432,1.309999942779541,1.4800000190734863,1930100
2017-06-16,1.559999942779541,1.5800000429153442,1.4500000476837158,1.5499999523162842,2518600
2017-06-19,1.5299999713897705,1.5700000524520874,1.5,1.5399999618530273,1416400
2017-06-20,1.5499999523162842,1.559999942779541,1.4800000190734863,1.5299999713897705,1301100
2017-06-21,1.5399999618530273,1.559999942779541,1.4500000476837158,1.4900000095367432,1857900
2017-06-22,1.5099999904632568,1.5499999523162842,1.440000057220459,1.5299999713897705,1425800
2017-06-23,1.5399999618530273,1.75,1.5,1.5099999904632568,10721600
2017-06-26,1.5099999904632568,1.590000033378601,1.5,1.5099999904632568,1830800
2017-06-27,1.5,1.600000023841858,1.5,1.559999942779541,1409600
2017-06-28,1.5499999523162842,1.5700000524520874,1.5,1.5499999523162842,1425800
2017-06-29,1.5299999713897705,1.559999942779541,1.3899999856948853,1.4500000476837158,2755200
2017-06-30,1.4299999475479126,1.4900000095367432,1.409999966621399,1.409999966621399,856600
2017-07-03,1.399999976158142,1.440000057220459,1.309999942779541,1.3300000429153442,1745700
2017-07-05,1.309999942779541,1.3300000429153442,1.2100000381469727,1.2400000095367432,2290400
2017-07-06,1.2000000476837158,1.2400000095367432,1.159999966621399,1.2200000286102295,1709900
2017-07-07,1.2000000476837158,1.2100000381469727,1.100000023841858,1.1699999570846558,1633300
2017-07-10,1.190000057220459,1.2400000095367432,1.1799999475479126,1.1799999475479126,1039400
2017-07-11,1.2000000476837158,1.2000000476837158,1.1399999856948853,1.159999966621399,1188700
2017-07-12,1.149999976158142,1.190000057220459,1.1399999856948853,1.1699999570846558,917800
2017-07-13,1.149999976158142,1.3899999856948853,1.149999976158142,1.3200000524520874,2891100
2017-07-14,1.3700000047683716,1.4299999475479126,1.2699999809265137,1.2799999713897705,3497100
2017-07-17,1.2899999618530273,1.350000023841858,1.2699999809265137,1.350000023841858,1582400
2017-07-18,1.3200000524520874,1.4800000190734863,1.3200000524520874,1.4500000476837158,3034900
2017-07-19,1.440000057220459,1.440000057220459,1.3700000047683716,1.3799999952316284,1591000
2017-07-20,1.350000023841858,1.399999976158142,1.3300000429153442,1.3600000143051147,1014800
2017-07-21,1.350000023841858,1.3600000143051147,1.2699999809265137,1.2999999523162842,1443300
2017-07-24,1.2999999523162842,1.2999999523162842,1.2200000286102295,1.25,1714700
2017-07-25,1.2599999904632568,1.2899999618530273,1.2300000190734863,1.2599999904632568,1810800
2017-07-26,1.2599999904632568,1.350000023841858,1.2599999904632568,1.3200000524520874,1082400
2017-07-27,1.2999999523162842,1.3200000524520874,1.2300000190734863,1.2799999713897705,942700
2017-07-28,1.2899999618530273,1.3200000524520874,1.2799999713897705,1.3200000524520874,1127700
2017-07-31,1.2999999523162842,1.3200000524520874,1.25,1.2999999523162842,1034500
2017-08-01,1.3300000429153442,1.3300000429153442,1.2599999904632568,1.2699999809265137,836400
2017-08-02,1.25,1.2699999809265137,1.1699999570846558,1.190000057220459,2028700
2017-08-03,1.159999966621399,1.2000000476837158,1.1200000047683716,1.1799999475479126,1806500
2017-08-04,1.2000000476837158,1.25,1.1699999570846558,1.2200000286102295,1371900
2017-08-07,1.2000000476837158,1.2200000286102295,1.149999976158142,1.1699999570846558,2126000
2017-08-08,1.1100000143051147,1.2200000286102295,1.090000033378601,1.149999976158142,2033600
2017-08-09,1.1100000143051147,1.190000057220459,1.090000033378601,1.149999976158142,1358400
2017-08-10,1.149999976158142,1.190000057220459,1.1299999952316284,1.159999966621399,808300
2017-08-11,1.2599999904632568,1.2699999809265137,1.1799999475479126,1.190000057220459,1671200
2017-08-14,1.2300000190734863,1.309999942779541,1.1799999475479126,1.2599999904632568,1931000
2017-08-15,1.2699999809265137,1.2799999713897705,1.2200000286102295,1.2699999809265137,702700
2017-08-16,1.2699999809265137,1.4600000381469727,1.2599999904632568,1.4299999475479126,3560600
2017-08-17,1.4600000381469727,1.5199999809265137,1.3700000047683716,1.399999976158142,3672300
2017-08-18,1.409999966621399,1.5299999713897705,1.3799999952316284,1.4600000381469727,2357100
2017-08-21,1.4500000476837158,1.4500000476837158,1.399999976158142,1.409999966621399,968600
2017-08-22,1.4199999570846558,1.440000057220459,1.3899999856948853,1.4199999570846558,542700
2017-08-23,1.409999966621399,1.4299999475479126,1.399999976158142,1.4299999475479126,530400
2017-08-24,1.4199999570846558,1.5199999809265137,1.399999976158142,1.4700000286102295,1627400
2017-08-25,1.5,1.659999966621399,1.5,1.5499999523162842,4371500
2017-08-28,1.5499999523162842,1.7000000476837158,1.5299999713897705,1.659999966621399,3555300
2017-08-29,1.649999976158142,1.7100000381469727,1.6299999952316284,1.649999976158142,1958400
2017-08-30,1.649999976158142,2.0,1.649999976158142,1.8899999856948853,8748500
2017-08-31,1.9700000286102295,2.2899999618530273,1.9299999475479126,2.069999933242798,14876100
2017-09-01,2.2200000286102295,2.240000009536743,1.850000023841858,1.8700000047683716,7809400
2017-09-05,1.9199999570846558,2.0899999141693115,1.8600000143051147,2.0399999618530273,3830600
2017-09-06,2.069999933242798,2.1700000762939453,1.9299999475479126,1.9700000286102295,3530100
2017-09-07,2.0299999713897705,2.0799999237060547,1.9500000476837158,1.9800000190734863,3136200
2017-09-08,1.9600000381469727,2.0299999713897705,1.8799999952316284,1.9800000190734863,2731600
2017-09-11,1.9500000476837158,2.1500000953674316,1.8600000143051147,2.0399999618530273,3967500
2017-09-12,2.069999933242798,2.25,2.0399999618530273,2.2300000190734863,4382400
2017-09-13,2.25,2.3499999046325684,2.1600000858306885,2.2200000286102295,5160800
2017-09-14,2.259999990463257,2.299999952316284,2.200000047683716,2.25,2572600
2017-09-15,2.25,2.2899999618530273,2.1600000858306885,2.2899999618530273,3182200
2017-09-18,2.2899999618530273,2.299999952316284,2.200000047683716,2.2799999713897705,2044500
2017-09-19,2.240000009536743,2.25,2.0,2.0199999809265137,4128100
2017-09-20,2.0399999618530273,2.069999933242798,1.9199999570846558,1.9800000190734863,2552500
2017-09-21,1.9900000095367432,2.0,1.8899999856948853,1.940000057220459,2021000
2017-09-22,1.9500000476837158,2.069999933242798,1.9299999475479126,1.9800000190734863,2148900
2017-09-25,2.009999990463257,2.009999990463257,1.909999966621399,1.9500000476837158,1808900
2017-09-26,1.9600000381469727,1.9900000095367432,1.840000033378601,1.8799999952316284,2499500
2017-09-27,1.850000023841858,1.909999966621399,1.7999999523162842,1.850000023841858,1963500
2017-09-28,1.8600000143051147,2.240000009536743,1.809999942779541,2.2200000286102295,6049700
2017-09-29,2.25,2.25,2.0899999141693115,2.1700000762939453,3345800
2017-10-02,2.3399999141693115,2.4600000381469727,2.009999990463257,2.3399999141693115,9296900
2017-10-03,2.359999895095825,2.990000009536743,2.309999942779541,2.819999933242798,12880900
2017-10-04,3.0299999713897705,3.5899999141693115,3.009999990463257,3.5399999618530273,18970900
2017-10-05,3.690000057220459,6.510000228881836,3.619999885559082,4.960000038146973,75826800
2017-10-06,5.170000076293945,5.75,4.380000114440918,5.03000020980835,36140200
2017-10-09,5.449999809265137,5.480000019073486,4.849999904632568,5.329999923706055,13217500
2017-10-10,5.889999866485596,6.960000038146973,5.71999979019165,6.710000038146973,48234700
2017-10-11,6.230000019073486,6.269999980926514,4.989999771118164,5.46999979019165,33602700
2017-10-12,5.03000020980835,5.869999885559082,4.849999904632568,5.46999979019165,20830000
2017-10-13,5.320000171661377,5.590000152587891,5.210000038146973,5.28000020980835,6418300
2017-10-16,5.5,5.71999979019165,5.380000114440918,5.420000076293945,10125000
2017-10-17,5.369999885559082,5.420000076293945,4.710000038146973,4.75,12768100
2017-10-18,4.75,4.760000228881836,4.079999923706055,4.130000114440918,12835200
2017-10-19,3.9000000953674316,4.159999847412109,3.7300000190734863,3.9600000381469727,11113300
2017-10-20,3.930000066757202,4.449999809265137,3.869999885559082,4.110000133514404,11426100
2017-10-23,4.210000038146973,4.25,3.700000047683716,3.700000047683716,9517700
2017-10-24,3.6500000953674316,3.8399999141693115,3.3399999141693115,3.609999895095825,13300400
2017-10-25,3.640000104904175,3.75,3.380000114440918,3.4100000858306885,6632900
2017-10-26,3.380000114440918,3.680000066757202,3.25,3.5199999809265137,7120900
2017-10-27,3.509999990463257,3.619999885559082,3.369999885559082,3.369999885559082,4577600
2017-10-30,3.369999885559082,3.549999952316284,3.369999885559082,3.430000066757202,4264700
2017-10-31,3.4600000381469727,3.5,3.2799999713897705,3.2899999618530273,2811700
2017-11-01,3.2799999713897705,3.359999895095825,3.0,3.009999990463257,5968700
2017-11-02,2.940000057220459,3.3499999046325684,2.7799999713897705,3.2300000190734863,7467700
2017-11-03,3.25,3.490000009536743,3.1500000953674316,3.259999990463257,5331600
2017-11-06,3.1600000858306885,3.4000000953674316,3.1600000858306885,3.2300000190734863,2895300
2017-11-07,3.2100000381469727,3.309999942779541,3.1600000858306885,3.25,3272100
2017-11-08,2.9100000858306885,3.1500000953674316,2.7699999809265137,3.0,5674700
2017-11-09,2.9000000953674316,3.299999952316284,2.890000104904175,3.259999990463257,3108800
2017-11-10,3.240000009536743,3.680000066757202,3.2100000381469727,3.240000009536743,6259600
2017-11-13,3.259999990463257,3.2799999713897705,3.0999999046325684,3.2100000381469727,2575300
2017-11-14,3.180000066757202,3.200000047683716,2.9800000190734863,3.109999895095825,2738900
2017-11-15,3.0,3.309999942779541,2.990000009536743,3.240000009536743,3128900
2017-11-16,3.259999990463257,3.380000114440918,3.0999999046325684,3.200000047683716,3355700
2017-11-17,3.2200000286102295,3.299999952316284,3.1700000762939453,3.259999990463257,2442800
2017-11-20,3.2300000190734863,3.2699999809265137,3.069999933242798,3.1700000762939453,2669500
2017-11-21,3.0999999046325684,3.180000066757202,3.049999952316284,3.0999999046325684,2360300
2017-11-22,3.069999933242798,3.0899999141693115,2.950000047683716,3.0299999713897705,3750100
2017-11-24,3.0399999618530273,3.0399999618530273,2.9200000762939453,3.0,1186800
2017-11-27,2.9200000762939453,2.9800000190734863,2.819999933242798,2.880000114440918,3427300
2017-11-28,2.859999895095825,3.190000057220459,2.8499999046325684,3.1600000858306885,5452000
2017-11-29,3.240000009536743,3.2899999618530273,3.069999933242798,3.2200000286102295,4042600
2017-11-30,3.25,3.2699999809265137,3.069999933242798,3.109999895095825,2548300
2017-12-01,3.0899999141693115,3.1600000858306885,2.990000009536743,3.130000114440918,2310100
2017-12-04,3.1500000953674316,3.2200000286102295,2.990000009536743,3.009999990463257,2687300
2017-12-05,2.990000009536743,3.069999933242798,2.950000047683716,3.009999990463257,1518300
2017-12-06,3.0,3.0299999713897705,2.9600000381469727,3.0199999809265137,1388200
2017-12-07,3.0,3.130000114440918,2.930000066757202,3.0899999141693115,1912100
2017-12-08,3.0999999046325684,3.2200000286102295,3.049999952316284,3.1700000762939453,2096600
2017-12-11,3.1700000762939453,3.25,3.0299999713897705,3.0399999618530273,2022800
2017-12-12,3.0399999618530273,3.2200000286102295,3.0,3.0399999618530273,2726100
2017-12-13,3.0399999618530273,3.069999933242798,2.990000009536743,3.0199999809265137,2355700
2017-12-14,3.0,3.069999933242798,2.9200000762939453,2.9700000286102295,2406900
2017-12-15,2.9800000190734863,2.9800000190734863,2.740000009536743,2.809999942779541,6224500
2017-12-18,2.759999990463257,2.799999952316284,2.5,2.759999990463257,4446900
2017-12-19,2.630000114440918,2.740000009536743,2.5199999809265137,2.559999942779541,2620800
2017-12-20,2.5299999713897705,2.5299999713897705,2.259999990463257,2.2799999713897705,5137000
2017-12-21,2.3299999237060547,2.5799999237060547,2.190000057220459,2.5199999809265137,4801800
2017-12-22,2.680000066757202,2.75,2.4100000858306885,2.4100000858306885,4829200
2017-12-26,2.3499999046325684,2.4700000286102295,2.299999952316284,2.3399999141693115,1808600
2017-12-27,2.4100000858306885,2.440000057220459,2.319999933242798,2.4000000953674316,2226400
2017-12-28,2.369999885559082,2.5,2.359999895095825,2.450000047683716,2189000
2017-12-29,2.440000057220459,2.4700000286102295,2.319999933242798,2.319999933242798,2447600
2018-01-02,2.3399999141693115,2.740000009536743,2.309999942779541,2.6600000858306885,5055800
2018-01-03,2.680000066757202,2.680000066757202,2.569999933242798,2.619999885559082,1850900
2018-01-04,2.630000114440918,2.6500000953674316,2.4600000381469727,2.509999990463257,2257900
2018-01-05,2.509999990463257,2.509999990463257,2.4100000858306885,2.4700000286102295,1298400
2018-01-08,2.450000047683716,2.549999952316284,2.380000114440918,2.4700000286102295,1396100
2018-01-09,2.440000057220459,2.5999999046325684,2.440000057220459,2.549999952316284,1606600
2018-01-10,2.509999990463257,2.630000114440918,2.4800000190734863,2.5799999237060547,1570300
2018-01-11,2.5799999237060547,2.609999895095825,2.490000009536743,2.509999990463257,1680700
2018-01-12,2.5,2.5299999713897705,2.4000000953674316,2.4100000858306885,1665700
2018-01-16,2.450000047683716,2.509999990463257,2.4200000762939453,2.4700000286102295,1137500
2018-01-17,2.4600000381469727,2.559999942779541,2.440000057220459,2.509999990463257,1768100
2018-01-18,2.549999952316284,2.559999942779541,2.4800000190734863,2.490000009536743,1451200
2018-01-19,2.4700000286102295,2.609999895095825,2.450000047683716,2.490000009536743,2060700
2018-01-22,2.5,2.5199999809265137,2.450000047683716,2.4600000381469727,2073000
2018-01-23,2.4600000381469727,2.549999952316284,2.4600000381469727,2.5,2414900
2018-01-24,2.5,2.7300000190734863,2.5,2.690000057220459,3766500
2018-01-25,2.7699999809265137,4.050000190734863,2.759999990463257,3.799999952316284,38692800
2018-01-26,3.569999933242798,3.5999999046325684,2.759999990463257,2.7899999618530273,19449100
2018-01-29,2.869999885559082,3.25,2.809999942779541,2.8499999046325684,12839100
2018-01-30,2.9200000762939453,2.950000047683716,2.5999999046325684,2.609999895095825,5076300
2018-01-31,2.6600000858306885,2.819999933242798,2.4800000190734863,2.7200000286102295,7952200
2018-02-01,2.7100000381469727,2.7200000286102295,2.5899999141693115,2.609999895095825,1633200
2018-02-02,2.5899999141693115,2.619999885559082,2.5,2.5199999809265137,2546600
2018-02-05,2.490000009536743,2.6700000762939453,2.450000047683716,2.5199999809265137,3067800
2018-02-06,2.4700000286102295,2.630000114440918,2.4600000381469727,2.569999933242798,2176800
2018-02-07,2.569999933242798,2.7100000381469727,2.5299999713897705,2.5799999237060547,2564600
2018-02-08,2.5799999237060547,2.640000104904175,2.5399999618530273,2.559999942779541,1569600
2018-02-09,2.5999999046325684,2.6500000953674316,2.440000057220459,2.609999895095825,2617800
2018-02-12,2.640000104904175,2.990000009536743,2.5899999141693115,2.7300000190734863,6580700
2018-02-13,2.7100000381469727,3.0899999141693115,2.6700000762939453,3.0199999809265137,7672500
2018-02-14,3.0299999713897705,3.4100000858306885,2.9700000286102295,3.2100000381469727,8483900
2018-02-15,3.3299999237060547,3.3299999237060547,2.8499999046325684,2.930000066757202,5863100
2018-02-16,2.9200000762939453,3.2200000286102295,2.869999885559082,2.990000009536743,3341000
2018-02-20,2.950000047683716,3.0899999141693115,2.8299999237060547,2.8399999141693115,2098600
2018-02-21,2.8499999046325684,2.869999885559082,2.75,2.759999990463257,1414000
2018-02-22,2.7699999809265137,3.009999990463257,2.740000009536743,2.9800000190734863,3984400
2018-02-23,3.059999942779541,3.140000104904175,2.9800000190734863,3.0399999618530273,3305900
2018-02-26,3.0999999046325684,3.3299999237060547,3.0199999809265137,3.2699999809265137,5553800
2018-02-27,3.3399999141693115,3.369999885559082,3.059999942779541,3.1600000858306885,3276800
2018-02-28,2.950000047683716,3.1500000953674316,2.859999895095825,2.930000066757202,4486300
2018-03-01,2.8399999141693115,2.9200000762939453,2.680000066757202,2.8399999141693115,3467900
2018-03-02,2.799999952316284,2.9000000953674316,2.759999990463257,2.8299999237060547,1563100
2018-03-05,2.8299999237060547,2.990000009536743,2.7899999618530273,2.8399999141693115,3729200
2018-03-06,2.869999885559082,2.9000000953674316,2.759999990463257,2.809999942779541,2192800
2018-03-07,2.809999942779541,2.8299999237060547,2.7300000190734863,2.7699999809265137,1789500
2018-03-08,2.7799999713897705,2.8299999237060547,2.75,2.7699999809265137,1694800
2018-03-09,2.7699999809265137,2.799999952316284,2.609999895095825,2.7200000286102295,2366900
2018-03-12,2.7699999809265137,2.799999952316284,2.5299999713897705,2.609999895095825,3211800
2018-03-13,2.700000047683716,2.7100000381469727,2.609999895095825,2.680000066757202,2218500
2018-03-14,2.7100000381469727,2.7100000381469727,2.5799999237060547,2.6500000953674316,1356700
2018-03-15,2.640000104904175,2.6600000858306885,2.5999999046325684,2.619999885559082,864500
2018-03-16,2.5999999046325684,2.619999885559082,2.569999933242798,2.5999999046325684,1096700
2018-03-19,2.5999999046325684,2.619999885559082,2.5199999809265137,2.5999999046325684,1223800
2018-03-20,2.569999933242798,2.619999885559082,2.5299999713897705,2.5399999618530273,1023300
2018-03-21,2.5399999618530273,2.6500000953674316,2.5299999713897705,2.640000104904175,1653700
2018-03-22,2.619999885559082,2.6500000953674316,2.559999942779541,2.569999933242798,1163700
2018-03-23,2.559999942779541,2.5999999046325684,2.5,2.509999990463257,1372800
2018-03-26,2.5399999618530273,2.569999933242798,2.490000009536743,2.5399999618530273,1300500
2018-03-27,2.5299999713897705,2.5799999237060547,2.4700000286102295,2.5,1865200
2018-03-28,2.5,2.5199999809265137,2.25,2.3399999141693115,2221700
2018-03-29,2.2899999618530273,2.3299999237060547,2.180000066757202,2.2799999713897705,1889100
2018-04-02,2.3299999237060547,2.3299999237060547,2.1500000953674316,2.1700000762939453,1695900
2018-04-03,2.1500000953674316,2.2200000286102295,2.0799999237060547,2.190000057220459,1220300
2018-04-04,2.140000104904175,2.2200000286102295,2.0999999046325684,2.190000057220459,1166400
2018-04-05,2.200000047683716,2.450000047683716,2.190000057220459,2.380000114440918,2049400
2018-04-06,2.0,2.0,1.75,1.7899999618530273,10908600
2018-04-09,1.7999999523162842,1.8200000524520874,1.6699999570846558,1.690000057220459,3211000
2018-04-10,1.7000000476837158,1.75,1.600000023841858,1.659999966621399,2601900
2018-04-11,1.649999976158142,1.690000057220459,1.590000033378601,1.590000033378601,2406400
2018-04-12,1.590000033378601,1.7000000476837158,1.590000033378601,1.6799999475479126,2683900
2018-04-13,1.7200000286102295,1.7300000190734863,1.590000033378601,1.6399999856948853,2248600
2018-04-16,1.659999966621399,1.6799999475479126,1.6100000143051147,1.649999976158142,1320600
2018-04-17,1.6699999570846558,1.6799999475479126,1.649999976158142,1.6799999475479126,1433900
2018-04-18,1.690000057220459,1.7000000476837158,1.659999966621399,1.6699999570846558,2227400
2018-04-19,1.659999966621399,1.8200000524520874,1.659999966621399,1.7899999618530273,8225500
2018-04-20,1.7899999618530273,1.7999999523162842,1.6699999570846558,1.7000000476837158,3672100
2018-04-23,1.6699999570846558,1.75,1.6699999570846558,1.7100000381469727,1520100
2018-04-24,1.7000000476837158,1.7400000095367432,1.690000057220459,1.7300000190734863,1933300
2018-04-25,1.850000023841858,1.8700000047683716,1.7599999904632568,1.7999999523162842,4611600
2018-04-26,1.7799999713897705,1.8300000429153442,1.7100000381469727,1.7200000286102295,2089200
2018-04-27,1.7200000286102295,1.7599999904632568,1.690000057220459,1.7000000476837158,2008600
2018-04-30,1.7300000190734863,1.7799999713897705,1.649999976158142,1.7000000476837158,1697600
2018-05-01,1.6799999475479126,1.7300000190734863,1.649999976158142,1.7300000190734863,1129300
2018-05-02,1.7000000476837158,1.7300000190734863,1.6799999475479126,1.7000000476837158,1111900
2018-05-03,1.690000057220459,1.7400000095367432,1.6799999475479126,1.7400000095367432,1032800
2018-05-04,1.75,1.7799999713897705,1.7000000476837158,1.7699999809265137,1623800
2018-05-07,1.7799999713897705,1.7799999713897705,1.7400000095367432,1.7599999904632568,1077600
2018-05-08,1.7599999904632568,1.7699999809265137,1.7100000381469727,1.7300000190734863,1117700
2018-05-09,1.7899999618530273,1.809999942779541,1.7300000190734863,1.7899999618530273,2494000
2018-05-10,1.7000000476837158,1.7899999618530273,1.6100000143051147,1.7699999809265137,2071600
2018-05-11,1.7599999904632568,1.8600000143051147,1.7400000095367432,1.850000023841858,2666800
2018-05-14,1.850000023841858,1.9199999570846558,1.8300000429153442,1.8799999952316284,2258400
2018-05-15,1.8799999952316284,1.909999966621399,1.809999942779541,1.8799999952316284,1743100
2018-05-16,1.9199999570846558,1.9299999475479126,1.8600000143051147,1.909999966621399,1955000
2018-05-17,1.9199999570846558,2.009999990463257,1.899999976158142,1.9900000095367432,2980900
2018-05-18,1.9900000095367432,2.0299999713897705,1.9199999570846558,2.0,2520700
2018-05-21,2.0199999809265137,2.0199999809265137,1.8700000047683716,1.909999966621399,2154000
2018-05-22,1.9199999570846558,1.9800000190734863,1.8799999952316284,1.9500000476837158,1242300
2018-05-23,1.9299999475479126,2.0199999809265137,1.899999976158142,1.940000057220459,1457200
2018-05-24,1.940000057220459,1.9700000286102295,1.9299999475479126,1.940000057220459,885500
2018-05-25,1.909999966621399,1.9800000190734863,1.8899999856948853,1.9299999475479126,1338600
2018-05-29,1.909999966621399,1.9800000190734863,1.899999976158142,1.9600000381469727,1235100
2018-05-30,1.9700000286102295,2.009999990463257,1.9500000476837158,1.9900000095367432,2107900
2018-05-31,2.0,2.009999990463257,1.9600000381469727,2.0,1650200
2018-06-01,1.9900000095367432,1.9900000095367432,1.940000057220459,1.9700000286102295,2165700
2018-06-04,1.9800000190734863,1.9800000190734863,1.9299999475479126,1.9500000476837158,1470700
2018-06-05,1.9500000476837158,1.9900000095367432,1.9199999570846558,1.940000057220459,1545800
2018-06-06,1.940000057220459,2.0,1.9299999475479126,2.0,1591600
2018-06-07,2.0299999713897705,2.0799999237060547,1.9800000190734863,2.0399999618530273,4186800
2018-06-08,2.0399999618530273,2.049999952316284,1.940000057220459,1.9600000381469727,2296500
2018-06-11,1.9800000190734863,2.0,1.8799999952316284,1.899999976158142,2843900
2018-06-12,1.899999976158142,1.909999966621399,1.7999999523162842,1.840000033378601,2028200
2018-06-13,1.8600000143051147,1.940000057220459,1.8300000429153442,1.9299999475479126,2180800
2018-06-14,1.9500000476837158,1.9500000476837158,1.8700000047683716,1.8899999856948853,1741500
2018-06-15,1.899999976158142,1.9199999570846558,1.8600000143051147,1.899999976158142,2168400
2018-06-18,1.909999966621399,1.9500000476837158,1.8600000143051147,1.940000057220459,1911300
2018-06-19,1.9199999570846558,1.9700000286102295,1.8899999856948853,1.9700000286102295,1340400
2018-06-20,1.9800000190734863,2.0,1.909999966621399,1.9199999570846558,1889100
2018-06-21,1.9199999570846558,1.9900000095367432,1.8600000143051147,1.9600000381469727,1873900
2018-06-22,1.940000057220459,2.0299999713897705,1.8700000047683716,2.009999990463257,20914200
2018-06-25,1.9500000476837158,2.0299999713897705,1.909999966621399,2.0199999809265137,2666000
2018-06-26,2.049999952316284,2.049999952316284,1.940000057220459,1.9600000381469727,1861500
2018-06-27,1.9600000381469727,2.0,1.8899999856948853,1.9199999570846558,2721400
2018-06-28,1.909999966621399,1.9199999570846558,1.8600000143051147,1.8799999952316284,1501000
2018-06-29,1.909999966621399,1.9199999570846558,1.809999942779541,1.899999976158142,1435400
2018-07-02,1.899999976158142,1.9199999570846558,1.850000023841858,1.899999976158142,995800
2018-07-03,1.899999976158142,1.899999976158142,1.850000023841858,1.8799999952316284,483600
2018-07-05,1.8899999856948853,1.909999966621399,1.8600000143051147,1.8899999856948853,791800
2018-07-06,1.899999976158142,1.899999976158142,1.7799999713897705,1.7999999523162842,2905200
2018-07-09,1.7999999523162842,1.8200000524520874,1.7200000286102295,1.7400000095367432,1773800
2018-07-10,1.7300000190734863,1.75,1.6799999475479126,1.7000000476837158,1666700
2018-07-11,1.7000000476837158,1.7300000190734863,1.690000057220459,1.7000000476837158,550600
2018-07-12,1.7000000476837158,1.7899999618530273,1.7000000476837158,1.7799999713897705,780600
2018-07-13,1.7300000190734863,1.75,1.659999966621399,1.7000000476837158,1323800
2018-07-16,1.7000000476837158,1.7100000381469727,1.6100000143051147,1.6399999856948853,2489500
2018-07-17,1.649999976158142,1.649999976158142,1.5700000524520874,1.5800000429153442,1715300
2018-07-18,1.600000023841858,1.6399999856948853,1.5299999713897705,1.6100000143051147,1577600
2018-07-19,1.5800000429153442,1.6399999856948853,1.5700000524520874,1.590000033378601,1015800
2018-07-20,1.600000023841858,1.6399999856948853,1.5700000524520874,1.590000033378601,794600
2018-07-23,1.5800000429153442,1.6200000047683716,1.559999942779541,1.600000023841858,720200
2018-07-24,1.6200000047683716,1.6299999952316284,1.5499999523162842,1.5800000429153442,917900
2018-07-25,1.5800000429153442,1.6200000047683716,1.559999942779541,1.590000033378601,570300
2018-07-26,1.5800000429153442,1.600000023841858,1.5700000524520874,1.5800000429153442,534700
2018-07-27,1.5800000429153442,1.649999976158142,1.5199999809265137,1.5399999618530273,2131600
2018-07-30,1.5700000524520874,1.5800000429153442,1.4600000381469727,1.4700000286102295,1546700
2018-07-31,1.5,1.5700000524520874,1.4700000286102295,1.5399999618530273,1386400
2018-08-01,1.5399999618530273,1.6100000143051147,1.5,1.5700000524520874,965500
2018-08-02,1.5,1.559999942779541,1.4800000190734863,1.5,1401400
2018-08-03,1.5,1.5399999618530273,0.9900000095367432,1.149999976158142,11334700
2018-08-06,1.0499999523162842,1.1100000143051147,0.9800000190734863,1.0099999904632568,5774300
2018-08-07,1.0099999904632568,1.1100000143051147,1.0,1.1100000143051147,3134500
2018-08-08,1.1200000047683716,1.3200000524520874,1.090000033378601,1.25,5481900
2018-08-09,1.2799999713897705,1.2899999618530273,1.149999976158142,1.2400000095367432,2473300
2018-08-10,1.2100000381469727,1.2400000095367432,1.1299999952316284,1.1799999475479126,1733900
2018-08-13,1.1399999856948853,1.1699999570846558,1.0499999523162842,1.159999966621399,2270600
2018-08-14,1.159999966621399,1.159999966621399,1.100000023841858,1.1299999952316284,1018300
2018-08-15,1.1100000143051147,1.159999966621399,1.0800000429153442,1.1100000143051147,1632400
2018-08-16,1.1299999952316284,1.149999976158142,1.1100000143051147,1.1299999952316284,320200
2018-08-17,1.1200000047683716,1.149999976158142,1.059999942779541,1.0700000524520874,1091400
2018-08-20,1.1100000143051147,1.149999976158142,1.0700000524520874,1.1100000143051147,1267200
2018-08-21,1.1200000047683716,1.1399999856948853,1.090000033378601,1.1100000143051147,1195700
2018-08-22,1.1299999952316284,1.1399999856948853,1.090000033378601,1.100000023841858,801900
2018-08-23,1.1100000143051147,1.1399999856948853,1.090000033378601,1.1100000143051147,1043300
2018-08-24,1.1299999952316284,1.1299999952316284,1.090000033378601,1.1200000047683716,783300
2018-08-27,1.1200000047683716,1.1399999856948853,1.100000023841858,1.1200000047683716,1133200
2018-08-28,1.1299999952316284,1.1299999952316284,1.090000033378601,1.1100000143051147,859100
2018-08-29,1.100000023841858,1.1200000047683716,1.090000033378601,1.1100000143051147,887100
2018-08-30,1.100000023841858,1.1200000047683716,1.090000033378601,1.1100000143051147,701100
2018-08-31,1.100000023841858,1.1200000047683716,1.090000033378601,1.100000023841858,838300
2018-09-04,1.649999976158142,2.1700000762939453,1.5099999904632568,2.0799999237060547,51912900
2018-09-05,2.450000047683716,3.0399999618530273,2.180000066757202,2.190000057220459,81489100
2018-09-06,2.3299999237060547,2.359999895095825,1.9700000286102295,2.0399999618530273,18722800
2018-09-07,2.0399999618530273,2.049999952316284,1.7000000476837158,1.7799999713897705,13086500
2018-09-10,1.8200000524520874,2.0799999237060547,1.8200000524520874,1.9700000286102295,11093000
2018-09-11,1.9500000476837158,1.9600000381469727,1.7699999809265137,1.7999999523162842,4798000
2018-09-12,1.809999942779541,1.809999942779541,1.7000000476837158,1.75,2722100
2018-09-13,1.8300000429153442,1.8899999856948853,1.659999966621399,1.6799999475479126,5343200
2018-09-14,1.659999966621399,1.6799999475479126,1.5700000524520874,1.649999976158142,4355500
2018-09-17,1.7000000476837158,1.7599999904632568,1.649999976158142,1.7100000381469727,3615900
2018-09-18,1.7000000476837158,1.7799999713897705,1.659999966621399,1.7300000190734863,2442500
2018-09-19,1.7200000286102295,1.7799999713897705,1.7000000476837158,1.7200000286102295,2968200
2018-09-20,1.75,1.7699999809265137,1.6699999570846558,1.6799999475479126,2350100
2018-09-21,1.6799999475479126,1.75,1.649999976158142,1.7400000095367432,4029700
2018-09-24,1.7200000286102295,1.940000057220459,1.6799999475479126,1.9199999570846558,5599900
2018-09-25,1.9500000476837158,1.9800000190734863,1.809999942779541,1.840000033378601,3365900
2018-09-26,1.840000033378601,1.899999976158142,1.8300000429153442,1.8700000047683716,1728400
2018-09-27,1.8799999952316284,1.9299999475479126,1.840000033378601,1.8700000047683716,1745700
2018-09-28,1.840000033378601,1.8600000143051147,1.7899999618530273,1.8300000429153442,1787500
2018-10-01,1.840000033378601,1.840000033378601,1.7200000286102295,1.7699999809265137,2296000
2018-10-02,1.75,1.7599999904632568,1.649999976158142,1.6799999475479126,2760500
2018-10-03,1.75,1.840000033378601,1.7300000190734863,1.7999999523162842,2953800
2018-10-04,1.7699999809265137,1.850000023841858,1.7699999809265137,1.7699999809265137,2186000
2018-10-05,1.7799999713897705,1.8200000524520874,1.690000057220459,1.7300000190734863,1861600
2018-10-08,1.7200000286102295,1.7799999713897705,1.690000057220459,1.7100000381469727,1300600
2018-10-09,1.7000000476837158,1.7799999713897705,1.7000000476837158,1.7400000095367432,1209300
2018-10-10,1.75,1.75,1.659999966621399,1.6699999570846558,1858500
2018-10-11,1.6699999570846558,1.6699999570846558,1.5099999904632568,1.5199999809265137,5741800
2018-10-12,1.5800000429153442,1.6100000143051147,1.5099999904632568,1.600000023841858,2088700
2018-10-15,1.6799999475479126,1.6799999475479126,1.5700000524520874,1.649999976158142,1814300
2018-10-16,1.7000000476837158,1.9700000286102295,1.659999966621399,1.9199999570846558,8053500
2018-10-17,1.909999966621399,1.9600000381469727,1.8200000524520874,1.9299999475479126,2641400
2018-10-18,1.9299999475479126,2.190000057220459,1.899999976158142,2.049999952316284,7890500
2018-10-19,2.0399999618530273,2.109999895095825,1.940000057220459,1.9900000095367432,3303500
2018-10-22,1.9900000095367432,2.0,1.809999942779541,1.8700000047683716,2778700
2018-10-23,1.840000033378601,1.8700000047683716,1.7300000190734863,1.840000033378601,1961900
2018-10-24,1.8200000524520874,1.8899999856948853,1.7400000095367432,1.7699999809265137,2016100
2018-10-25,1.7699999809265137,1.8300000429153442,1.7400000095367432,1.8200000524520874,2030200
2018-10-26,1.7799999713897705,1.809999942779541,1.7000000476837158,1.75,1748400
2018-10-29,1.7599999904632568,1.8300000429153442,1.7000000476837158,1.75,1661700
2018-10-30,1.7899999618530273,1.8200000524520874,1.7100000381469727,1.7799999713897705,1625200
2018-10-31,1.7899999618530273,1.850000023841858,1.7599999904632568,1.8300000429153442,2014200
2018-11-01,1.899999976158142,1.9700000286102295,1.75,1.9199999570846558,3454000
2018-11-02,1.899999976158142,1.9299999475479126,1.7699999809265137,1.8300000429153442,2696700
2018-11-05,1.840000033378601,1.8799999952316284,1.7799999713897705,1.850000023841858,1534600
2018-11-06,1.8700000047683716,1.8799999952316284,1.7899999618530273,1.809999942779541,1686700
2018-11-07,1.7899999618530273,1.840000033378601,1.7400000095367432,1.8200000524520874,1756000
2018-11-08,1.7999999523162842,1.8300000429153442,1.7799999713897705,1.809999942779541,1485900
2018-11-09,1.7999999523162842,1.840000033378601,1.7699999809265137,1.8300000429153442,1415200
2018-11-12,1.8300000429153442,1.8700000047683716,1.75,1.840000033378601,2126600
2018-11-13,1.850000023841858,1.8899999856948853,1.7999999523162842,1.8200000524520874,1363900
2018-11-14,1.809999942779541,1.840000033378601,1.75,1.7799999713897705,2683400
2018-11-15,1.75,1.8200000524520874,1.75,1.7999999523162842,1287400
2018-11-16,1.7799999713897705,1.809999942779541,1.75,1.7999999523162842,1531500
2018-11-19,1.7899999618530273,1.7999999523162842,1.7100000381469727,1.7300000190734863,1823900
2018-11-20,1.690000057220459,1.7300000190734863,1.649999976158142,1.690000057220459,1631200
2018-11-21,1.7200000286102295,1.7799999713897705,1.6799999475479126,1.7599999904632568,1145200
2018-11-23,1.7699999809265137,1.7999999523162842,1.7400000095367432,1.7599999904632568,360900
2018-11-26,1.7300000190734863,1.7899999618530273,1.7300000190734863,1.7799999713897705,1093800
2018-11-27,1.75,1.7999999523162842,1.75,1.7699999809265137,923600
2018-11-28,1.7799999713897705,1.809999942779541,1.7200000286102295,1.7699999809265137,1526200
2018-11-29,1.7699999809265137,1.7899999618530273,1.7400000095367432,1.7699999809265137,923500
2018-11-30,1.7699999809265137,1.7999999523162842,1.75,1.7799999713897705,1339800
2018-12-03,1.7999999523162842,1.7999999523162842,1.7599999904632568,1.7899999618530273,1054800
2018-12-04,1.7699999809265137,1.7899999618530273,1.7200000286102295,1.7300000190734863,1415700
2018-12-06,1.7200000286102295,1.7599999904632568,1.6699999570846558,1.75,1429800
2018-12-07,1.7400000095367432,1.840000033378601,1.7100000381469727,1.75,2506000
2018-12-10,1.7300000190734863,1.7899999618530273,1.6799999475479126,1.7200000286102295,1945500
2018-12-11,1.7200000286102295,1.7699999809265137,1.690000057220459,1.7400000095367432,1638500
2018-12-12,1.7400000095367432,1.7999999523162842,1.7400000095367432,1.7799999713897705,1546200
2018-12-13,1.7799999713897705,1.840000033378601,1.7000000476837158,1.7100000381469727,2071900
2018-12-14,1.7100000381469727,1.75,1.659999966621399,1.6799999475479126,1318600
2018-12-17,1.7000000476837158,1.7300000190734863,1.6100000143051147,1.7000000476837158,2003500
2018-12-18,1.7000000476837158,1.7300000190734863,1.6200000047683716,1.659999966621399,1288800
2018-12-19,1.659999966621399,1.7799999713897705,1.659999966621399,1.690000057220459,1977200
2018-12-20,1.2799999713897705,1.309999942779541,1.0199999809265137,1.1399999856948853,13421900
2018-12-21,1.159999966621399,1.159999966621399,1.0700000524520874,1.090000033378601,3334300
2018-12-24,1.090000033378601,1.149999976158142,1.0,1.090000033378601,2249600
2018-12-26,1.0499999523162842,1.1299999952316284,1.0,1.0499999523162842,3486700
2018-12-27,1.0499999523162842,1.0700000524520874,0.9399999976158142,1.0199999809265137,4580100
2018-12-28,1.0299999713897705,1.159999966621399,1.0199999809265137,1.149999976158142,5423700
2018-12-31,1.1399999856948853,1.159999966621399,1.0099999904632568,1.059999942779541,3797900
2019-01-02,1.0700000524520874,1.190000057220459,1.059999942779541,1.1799999475479126,2802000
2019-01-03,1.1699999570846558,1.1799999475479126,1.100000023841858,1.1399999856948853,2455800
2019-01-04,1.1399999856948853,1.25,1.1299999952316284,1.1799999475479126,3647100
2019-01-07,1.2000000476837158,1.2200000286102295,1.149999976158142,1.2000000476837158,2561400
2019-01-08,1.2000000476837158,1.2200000286102295,1.159999966621399,1.2000000476837158,2185700
2019-01-09,1.2200000286102295,1.2400000095367432,1.190000057220459,1.2200000286102295,2183300
2019-01-10,1.2200000286102295,1.2899999618530273,1.2000000476837158,1.2599999904632568,2267400
2019-01-11,1.25,1.3200000524520874,1.2300000190734863,1.2999999523162842,2080200
2019-01-14,1.3899999856948853,1.409999966621399,1.2899999618530273,1.3600000143051147,3729000
2019-01-15,1.4299999475479126,1.4299999475479126,1.3600000143051147,1.3799999952316284,1742800
2019-01-16,1.399999976158142,1.399999976158142,1.309999942779541,1.3300000429153442,1641400
2019-01-17,1.3600000143051147,1.409999966621399,1.3200000524520874,1.3899999856948853,1800600
2019-01-18,1.3600000143051147,1.409999966621399,1.309999942779541,1.409999966621399,1973300
2019-01-22,1.399999976158142,1.4199999570846558,1.3300000429153442,1.399999976158142,2280100
2019-01-23,1.399999976158142,1.399999976158142,1.25,1.2699999809265137,1990600
2019-01-24,1.2999999523162842,1.3200000524520874,1.2599999904632568,1.2799999713897705,1019100
2019-01-25,1.2799999713897705,1.2999999523162842,1.2000000476837158,1.2899999618530273,3287100
2019-01-28,1.2799999713897705,1.2999999523162842,1.2200000286102295,1.2599999904632568,1910000
2019-01-29,1.2699999809265137,1.2699999809265137,1.1699999570846558,1.190000057220459,3241100
2019-01-30,1.190000057220459,1.25,1.149999976158142,1.2300000190734863,1894300
2019-01-31,1.2400000095367432,1.2999999523162842,1.2300000190734863,1.2599999904632568,1764500
2019-02-01,1.2599999904632568,1.340000033378601,1.25,1.340000033378601,1639400
2019-02-04,1.340000033378601,1.3700000047683716,1.2599999904632568,1.2699999809265137,1791400
2019-02-05,1.2999999523162842,1.3300000429153442,1.2699999809265137,1.309999942779541,1060200
2019-02-06,1.3200000524520874,1.3700000047683716,1.2699999809265137,1.350000023841858,1076000
2019-02-07,1.350000023841858,1.350000023841858,1.2699999809265137,1.2999999523162842,995100
2019-02-08,1.309999942779541,1.340000033378601,1.2699999809265137,1.2999999523162842,1028600
2019-02-11,1.2999999523162842,1.340000033378601,1.2799999713897705,1.3300000429153442,1147600
2019-02-12,1.340000033378601,1.4500000476837158,1.3300000429153442,1.4500000476837158,4286400
2019-02-13,1.399999976158142,1.4600000381469727,1.350000023841858,1.440000057220459,2358100
2019-02-14,1.4199999570846558,1.4700000286102295,1.3899999856948853,1.3899999856948853,2446400
2019-02-15,1.409999966621399,1.4500000476837158,1.3899999856948853,1.4500000476837158,1670300
2019-02-19,1.4299999475479126,1.5199999809265137,1.409999966621399,1.4900000095367432,2715100
2019-02-20,1.5,1.5299999713897705,1.4600000381469727,1.4700000286102295,1571100
2019-02-21,1.4900000095367432,1.5199999809265137,1.4199999570846558,1.4500000476837158,2318300
2019-02-22,1.5199999809265137,1.559999942779541,1.4600000381469727,1.559999942779541,3550700
2019-02-25,1.5800000429153442,1.600000023841858,1.5,1.5099999904632568,2579700
2019-02-26,1.5700000524520874,1.7999999523162842,1.5099999904632568,1.7599999904632568,9865200
2019-02-27,1.7899999618530273,1.940000057220459,1.75,1.8700000047683716,8254300
2019-02-28,1.8700000047683716,1.909999966621399,1.7300000190734863,1.7899999618530273,4702000
2019-03-01,1.8200000524520874,1.8700000047683716,1.7100000381469727,1.7699999809265137,4084500
2019-03-04,1.8200000524520874,1.8200000524520874,1.590000033378601,1.7200000286102295,4299800
2019-03-05,1.7300000190734863,1.8200000524520874,1.649999976158142,1.809999942779541,2275900
2019-03-06,1.809999942779541,1.8200000524520874,1.690000057220459,1.75,2982300
2019-03-07,1.7599999904632568,1.8700000047683716,1.7200000286102295,1.850000023841858,3877300
2019-03-08,1.850000023841858,1.8700000047683716,1.7899999618530273,1.8300000429153442,3459700
2019-03-11,1.8200000524520874,1.940000057220459,1.75,1.9299999475479126,4031700
2019-03-12,1.9500000476837158,2.1500000953674316,1.899999976158142,2.0899999141693115,6602500
2019-03-13,2.109999895095825,2.2899999618530273,2.0199999809265137,2.109999895095825,8746800
2019-03-14,2.1600000858306885,2.2699999809265137,2.0899999141693115,2.240000009536743,5486000
2019-03-15,2.25,2.299999952316284,2.119999885559082,2.200000047683716,8433200
2019-03-18,2.1500000953674316,2.259999990463257,2.069999933242798,2.1500000953674316,3760000
2019-03-19,2.140000104904175,2.259999990463257,2.109999895095825,2.25,4328900
2019-03-20,2.25,2.3399999141693115,2.1700000762939453,2.2100000381469727,3545600
2019-03-21,2.2200000286102295,2.2699999809265137,2.140000104904175,2.200000047683716,2312600
2019-03-22,2.190000057220459,2.2300000190734863,2.069999933242798,2.130000114440918,3835700
2019-03-25,2.130000114440918,2.1700000762939453,1.9299999475479126,1.9800000190734863,5853000
2019-03-26,1.9800000190734863,2.069999933242798,1.9600000381469727,2.0,2240600
2019-03-27,2.0,2.009999990463257,1.899999976158142,1.940000057220459,2796100
2019-03-28,1.9500000476837158,1.9900000095367432,1.9199999570846558,1.9299999475479126,1918300
2019-03-29,1.940000057220459,1.9900000095367432,1.9199999570846558,1.9700000286102295,2027900
2019-04-01,2.0,2.009999990463257,1.7699999809265137,1.7999999523162842,6192300
2019-04-02,1.7999999523162842,1.840000033378601,1.7300000190734863,1.7300000190734863,3259000
2019-04-03,1.7300000190734863,1.7899999618530273,1.690000057220459,1.75,2028500
2019-04-04,1.75,1.7899999618530273,1.7300000190734863,1.75,1792600
2019-04-05,1.7699999809265137,1.7999999523162842,1.75,1.7899999618530273,1264500
2019-04-08,1.809999942779541,1.8200000524520874,1.7599999904632568,1.7999999523162842,1339300
2019-04-09,1.7999999523162842,1.8899999856948853,1.7999999523162842,1.840000033378601,2148300
2019-04-10,1.850000023841858,1.899999976158142,1.840000033378601,1.8799999952316284,1313000
2019-04-11,1.8799999952316284,1.9199999570846558,1.7899999618530273,1.8200000524520874,1602600
2019-04-12,1.7799999713897705,1.7999999523162842,1.649999976158142,1.6699999570846558,3133700
2019-04-15,1.6799999475479126,1.75,1.5800000429153442,1.6200000047683716,2532400
2019-04-16,1.6200000047683716,1.6699999570846558,1.5800000429153442,1.6200000047683716,1621300
2019-04-17,1.6399999856948853,1.649999976158142,1.5099999904632568,1.5399999618530273,2370200
2019-04-18,1.5299999713897705,1.5700000524520874,1.4600000381469727,1.5299999713897705,1981000
2019-04-22,1.5399999618530273,1.6200000047683716,1.5099999904632568,1.590000033378601,1844100
2019-04-23,1.600000023841858,1.6200000047683716,1.5299999713897705,1.600000023841858,1715600
2019-04-24,1.6100000143051147,1.6200000047683716,1.5299999713897705,1.5299999713897705,1320600
2019-04-25,1.5399999618530273,1.6100000143051147,1.5299999713897705,1.600000023841858,1324400
2019-04-26,1.6299999952316284,1.6299999952316284,1.559999942779541,1.5700000524520874,1170200
2019-04-29,1.6100000143051147,1.6399999856948853,1.5199999809265137,1.5399999618530273,1684800
2019-04-30,1.5499999523162842,1.5499999523162842,1.4700000286102295,1.5399999618530273,1656200
2019-05-01,1.5299999713897705,1.5499999523162842,1.4500000476837158,1.4700000286102295,1476500
2019-05-02,1.4500000476837158,1.4600000381469727,1.399999976158142,1.4299999475479126,1569300
2019-05-03,1.4299999475479126,1.5499999523162842,1.4299999475479126,1.5299999713897705,1527000
2019-05-06,1.5099999904632568,1.590000033378601,1.4900000095367432,1.5499999523162842,1858400
2019-05-07,1.5399999618530273,1.5399999618530273,1.4199999570846558,1.4500000476837158,2171400
2019-05-08,1.4500000476837158,1.4700000286102295,1.2999999523162842,1.3600000143051147,3676400
2019-05-09,1.3300000429153442,1.3600000143051147,1.309999942779541,1.340000033378601,1210400
2019-05-10,1.3300000429153442,1.3600000143051147,1.2000000476837158,1.25,4208900
2019-05-13,1.2000000476837158,1.25,1.190000057220459,1.2300000190734863,1358800
2019-05-14,1.2999999523162842,1.3799999952316284,1.2300000190734863,1.3200000524520874,3671400
2019-05-15,1.3300000429153442,1.3799999952316284,1.309999942779541,1.3200000524520874,1975500
2019-05-16,1.3300000429153442,1.350000023841858,1.25,1.2699999809265137,1948400
2019-05-17,1.309999942779541,1.3600000143051147,1.2599999904632568,1.2699999809265137,2709300
2019-05-20,1.2699999809265137,1.350000023841858,1.25,1.2699999809265137,2063300
2019-05-21,1.2799999713897705,1.2999999523162842,1.2599999904632568,1.2999999523162842,1799800
2019-05-22,1.3200000524520874,1.3200000524520874,1.25,1.2599999904632568,1416300
2019-05-23,1.25,1.2699999809265137,1.2000000476837158,1.2200000286102295,1953700
2019-05-24,1.2200000286102295,1.2599999904632568,1.149999976158142,1.1699999570846558,2187200
2019-05-28,1.1799999475479126,1.190000057220459,1.1100000143051147,1.1399999856948853,2377400
2019-05-29,1.149999976158142,1.25,1.1200000047683716,1.2000000476837158,3501900
2019-05-30,1.2000000476837158,1.2300000190734863,1.1399999856948853,1.149999976158142,1680800
2019-05-31,1.149999976158142,1.190000057220459,1.1200000047683716,1.159999966621399,1544100
2019-06-03,1.2200000286102295,1.2699999809265137,1.1799999475479126,1.2300000190734863,2849200
2019-06-04,1.2400000095367432,1.2599999904632568,1.2000000476837158,1.2000000476837158,1784500
2019-06-05,1.2000000476837158,1.2200000286102295,1.159999966621399,1.159999966621399,1389500
2019-06-06,1.1799999475479126,1.190000057220459,1.1399999856948853,1.159999966621399,1411100
2019-06-07,1.159999966621399,1.2000000476837158,1.1299999952316284,1.190000057220459,1679000
2019-06-10,1.2999999523162842,1.340000033378601,1.1699999570846558,1.2200000286102295,5687100
2019-06-11,1.2200000286102295,1.2400000095367432,1.149999976158142,1.1799999475479126,2437600
2019-06-12,1.2000000476837158,1.2000000476837158,1.159999966621399,1.159999966621399,1717900
2019-06-13,1.1699999570846558,1.190000057220459,1.149999976158142,1.1699999570846558,1514700
2019-06-14,1.1699999570846558,1.1799999475479126,1.1399999856948853,1.149999976158142,1863000
2019-06-17,1.1699999570846558,1.2400000095367432,1.149999976158142,1.2300000190734863,2786100
2019-06-18,1.25,1.2699999809265137,1.2000000476837158,1.2200000286102295,1607000
2019-06-19,1.2000000476837158,1.2100000381469727,1.159999966621399,1.190000057220459,2023500
2019-06-20,1.190000057220459,1.2200000286102295,1.159999966621399,1.159999966621399,2191400
2019-06-21,1.149999976158142,1.190000057220459,1.1200000047683716,1.149999976158142,2623200
2019-06-24,1.159999966621399,1.159999966621399,1.100000023841858,1.100000023841858,2144200
2019-06-25,1.1200000047683716,1.159999966621399,1.100000023841858,1.1200000047683716,1458000
2019-06-26,1.1100000143051147,1.1299999952316284,1.0700000524520874,1.090000033378601,3125200
2019-06-27,1.090000033378601,1.1399999856948853,1.0700000524520874,1.1200000047683716,1609800
2019-06-28,1.1299999952316284,1.1699999570846558,1.100000023841858,1.149999976158142,4416500
2019-07-01,1.1699999570846558,1.1799999475479126,1.1200000047683716,1.1200000047683716,1567300
2019-07-02,1.1399999856948853,1.159999966621399,1.1200000047683716,1.149999976158142,1257000
2019-07-03,1.149999976158142,1.190000057220459,1.1299999952316284,1.1799999475479126,860900
2019-07-05,1.159999966621399,1.1699999570846558,1.1200000047683716,1.149999976158142,1478000
2019-07-08,1.1699999570846558,1.190000057220459,1.1299999952316284,1.1399999856948853,1728300
2019-07-09,1.1299999952316284,1.1699999570846558,1.1299999952316284,1.159999966621399,918400
2019-07-10,1.1799999475479126,1.1799999475479126,1.1299999952316284,1.1399999856948853,1388100
2019-07-11,1.1399999856948853,1.1399999856948853,1.0800000429153442,1.0800000429153442,3067100
2019-07-12,1.090000033378601,1.1299999952316284,1.0800000429153442,1.090000033378601,1791100
2019-07-15,1.100000023841858,1.1100000143051147,1.0800000429153442,1.090000033378601,1337800
2019-07-16,1.100000023841858,1.1399999856948853,1.0800000429153442,1.090000033378601,2307900
2019-07-17,1.100000023841858,1.100000023841858,1.0299999713897705,1.0399999618530273,4348200
2019-07-18,1.0700000524520874,1.0800000429153442,1.0399999618530273,1.0700000524520874,1281000
2019-07-19,1.0499999523162842,1.0800000429153442,1.0399999618530273,1.0700000524520874,1285400
2019-07-22,1.059999942779541,1.0700000524520874,1.0299999713897705,1.0499999523162842,1564700
2019-07-23,1.0499999523162842,1.059999942779541,1.0299999713897705,1.0399999618530273,1644200
2019-07-24,1.0299999713897705,1.1299999952316284,1.0299999713897705,1.1299999952316284,1660400
2019-07-25,1.1299999952316284,1.149999976158142,1.0299999713897705,1.0700000524520874,2087700
2019-07-26,1.0700000524520874,1.1299999952316284,1.0499999523162842,1.100000023841858,1596000
2019-07-29,1.100000023841858,1.1299999952316284,1.0800000429153442,1.100000023841858,1263400
2019-07-30,1.100000023841858,1.1299999952316284,1.090000033378601,1.1200000047683716,1665500
2019-07-31,1.1299999952316284,1.2000000476837158,1.1100000143051147,1.1200000047683716,2999000
2019-08-01,1.149999976158142,1.2000000476837158,1.1299999952316284,1.1699999570846558,2089700
2019-08-02,1.1699999570846558,1.2000000476837158,1.1100000143051147,1.1799999475479126,1546300
2019-08-05,1.1399999856948853,1.149999976158142,1.090000033378601,1.1200000047683716,2232000
2019-08-06,1.1399999856948853,1.1399999856948853,1.059999942779541,1.0800000429153442,1322000
2019-08-07,1.0800000429153442,1.1399999856948853,1.0399999618530273,1.1200000047683716,1475700
2019-08-08,1.190000057220459,1.190000057220459,1.0700000524520874,1.0700000524520874,3999700
2019-08-09,1.100000023841858,1.1200000047683716,1.0700000524520874,1.0800000429153442,2387200
2019-08-12,1.090000033378601,1.149999976158142,1.0700000524520874,1.1299999952316284,2566200
2019-08-13,1.1299999952316284,1.149999976158142,1.090000033378601,1.1100000143051147,2019000
2019-08-14,1.1100000143051147,1.1100000143051147,1.0499999523162842,1.059999942779541,2744000
2019-08-15,1.0700000524520874,1.0700000524520874,1.0199999809265137,1.0399999618530273,3115500
2019-08-16,1.0399999618530273,1.090000033378601,1.0299999713897705,1.090000033378601,2378200
2019-08-19,1.100000023841858,1.1799999475479126,1.0800000429153442,1.1699999570846558,3893300
2019-08-20,1.149999976158142,1.1799999475479126,1.1100000143051147,1.149999976158142,1448000
2019-08-21,1.159999966621399,1.190000057220459,1.0800000429153442,1.1200000047683716,3163800
2019-08-22,1.1200000047683716,1.1399999856948853,1.100000023841858,1.1100000143051147,1811400
2019-08-23,1.090000033378601,1.1299999952316284,1.0499999523162842,1.0499999523162842,3106900
2019-08-26,1.090000033378601,1.090000033378601,1.0399999618530273,1.0800000429153442,1511400
2019-08-27,1.0800000429153442,1.090000033378601,1.0399999618530273,1.059999942779541,2013500
2019-08-28,1.0499999523162842,1.0800000429153442,1.0399999618530273,1.0700000524520874,830600
2019-08-29,1.0800000429153442,1.1100000143051147,1.059999942779541,1.0700000524520874,1677000
2019-08-30,1.0800000429153442,1.100000023841858,1.059999942779541,1.100000023841858,1566700
2019-09-03,1.1100000143051147,1.149999976158142,1.0800000429153442,1.1299999952316284,2352400
2019-09-04,1.159999966621399,1.2400000095367432,1.100000023841858,1.1799999475479126,4649000
2019-09-05,1.2000000476837158,1.2000000476837158,1.1399999856948853,1.1799999475479126,1607500
2019-09-06,1.1799999475479126,1.2699999809265137,1.159999966621399,1.2300000190734863,3883300
2019-09-09,1.25,1.2699999809265137,1.1699999570846558,1.2000000476837158,2294000
2019-09-10,1.2000000476837158,1.2999999523162842,1.1699999570846558,1.2799999713897705,2964200
2019-09-11,1.340000033378601,1.4500000476837158,1.3200000524520874,1.440000057220459,5839300
2019-09-12,1.4600000381469727,1.5700000524520874,1.409999966621399,1.4299999475479126,4734200
2019-09-13,1.440000057220459,1.4500000476837158,1.309999942779541,1.3700000047683716,3724300
2019-09-16,1.350000023841858,1.4500000476837158,1.340000033378601,1.399999976158142,2101000
2019-09-17,1.3899999856948853,1.4199999570846558,1.350000023841858,1.3799999952316284,1514900
2019-09-18,1.399999976158142,1.399999976158142,1.309999942779541,1.340000033378601,2366200
2019-09-19,1.350000023841858,1.3700000047683716,1.2999999523162842,1.3200000524520874,1387900
2019-09-20,1.3200000524520874,1.340000033378601,1.2599999904632568,1.3200000524520874,3486500
2019-09-23,1.309999942779541,1.3700000047683716,1.2899999618530273,1.3700000047683716,1479800
2019-09-24,1.3600000143051147,1.3700000047683716,1.2799999713897705,1.3300000429153442,1990600
2019-09-25,1.309999942779541,1.350000023841858,1.2999999523162842,1.350000023841858,1054300
2019-09-26,1.340000033378601,1.3700000047683716,1.2899999618530273,1.2999999523162842,1782600
2019-09-27,1.2999999523162842,1.309999942779541,1.2000000476837158,1.25,2457000
2019-09-30,1.2400000095367432,1.2799999713897705,1.2300000190734863,1.25,1660100
2019-10-01,1.2599999904632568,1.309999942779541,1.2200000286102295,1.2599999904632568,1745100
2019-10-02,1.2699999809265137,1.2699999809265137,1.2100000381469727,1.2400000095367432,1257800
2019-10-03,1.2300000190734863,1.2599999904632568,1.2000000476837158,1.2400000095367432,2136400
2019-10-04,1.2699999809265137,1.4299999475479126,1.25,1.2999999523162842,6144600
2019-10-07,1.340000033378601,1.3899999856948853,1.2799999713897705,1.340000033378601,2087700
2019-10-08,1.3200000524520874,1.350000023841858,1.2699999809265137,1.309999942779541,2062000
2019-10-09,1.3200000524520874,1.3300000429153442,1.2599999904632568,1.2999999523162842,1183900
2019-10-10,1.2999999523162842,1.3200000524520874,1.25,1.2699999809265137,1309400
2019-10-11,1.2999999523162842,1.3200000524520874,1.25,1.2799999713897705,1450400
2019-10-14,1.25,1.2999999523162842,1.25,1.2899999618530273,725300
2019-10-15,1.2999999523162842,1.309999942779541,1.2699999809265137,1.2699999809265137,872700
2019-10-16,1.2699999809265137,1.309999942779541,1.2599999904632568,1.2699999809265137,745500
2019-10-17,1.2699999809265137,1.2999999523162842,1.2599999904632568,1.2799999713897705,901900
2019-10-18,1.2999999523162842,1.309999942779541,1.2599999904632568,1.2799999713897705,1431400
2019-10-21,1.2999999523162842,1.2999999523162842,1.2699999809265137,1.2999999523162842,688100
2019-10-22,1.2999999523162842,1.350000023841858,1.2799999713897705,1.2999999523162842,1833900
2019-10-23,1.2799999713897705,1.3200000524520874,1.2799999713897705,1.2999999523162842,616000
2019-10-24,1.3200000524520874,1.3200000524520874,1.25,1.2599999904632568,1350000
2019-10-25,1.2899999618530273,1.2999999523162842,1.2400000095367432,1.2599999904632568,1414800
2019-10-28,1.2699999809265137,1.3200000524520874,1.25,1.2999999523162842,1221300
2019-10-29,1.2799999713897705,1.350000023841858,1.2799999713897705,1.350000023841858,1410500
2019-10-30,1.3600000143051147,1.3899999856948853,1.309999942779541,1.3200000524520874,1193600
2019-10-31,1.340000033378601,1.350000023841858,1.2699999809265137,1.309999942779541,1416200
2019-11-01,1.309999942779541,1.409999966621399,1.309999942779541,1.3899999856948853,1851600
2019-11-04,1.399999976158142,1.4700000286102295,1.3899999856948853,1.409999966621399,2024700
2019-11-05,1.409999966621399,1.5,1.3899999856948853,1.4900000095367432,2561300
2019-11-06,1.4800000190734863,1.4800000190734863,1.309999942779541,1.3200000524520874,3581800
2019-11-07,1.350000023841858,1.350000023841858,1.2599999904632568,1.2599999904632568,1833000
2019-11-08,1.2599999904632568,1.2799999713897705,1.149999976158142,1.2599999904632568,2691900
2019-11-11,1.2599999904632568,1.2899999618530273,1.2000000476837158,1.2400000095367432,1879700
2019-11-12,1.2000000476837158,1.25,1.2000000476837158,1.2200000286102295,2162500
2019-11-13,1.2100000381469727,1.2200000286102295,1.1699999570846558,1.1699999570846558,1806600
2019-11-14,1.190000057220459,1.2000000476837158,1.1399999856948853,1.1799999475479126,2695800
2019-11-15,1.1699999570846558,1.2100000381469727,1.149999976158142,1.2000000476837158,1533200
2019-11-18,1.2100000381469727,1.2400000095367432,1.149999976158142,1.2000000476837158,2043900
2019-11-19,1.2100000381469727,1.2200000286102295,1.1699999570846558,1.1799999475479126,1210000
2019-11-20,1.1699999570846558,1.2400000095367432,1.1699999570846558,1.2100000381469727,2361700
2019-11-21,1.2000000476837158,1.2300000190734863,1.1699999570846558,1.1799999475479126,1490100
2019-11-22,1.190000057220459,1.2200000286102295,1.159999966621399,1.1699999570846558,2315500
2019-11-25,1.190000057220459,1.2000000476837158,1.159999966621399,1.159999966621399,1549200
2019-11-26,1.1699999570846558,1.1699999570846558,1.1200000047683716,1.1399999856948853,3132400
2019-11-27,1.1299999952316284,1.190000057220459,1.1299999952316284,1.1799999475479126,2358000
2019-11-29,1.1699999570846558,1.2999999523162842,1.1699999570846558,1.2300000190734863,2132100
2019-12-02,1.2400000095367432,1.2599999904632568,1.2000000476837158,1.25,1481800
2019-12-03,1.2400000095367432,1.2999999523162842,1.2100000381469727,1.2300000190734863,2416100
2019-12-04,1.2400000095367432,1.2400000095367432,1.2000000476837158,1.2400000095367432,1966800
2019-12-05,1.2400000095367432,1.2599999904632568,1.1799999475479126,1.190000057220459,2475500
2019-12-06,1.2000000476837158,1.2200000286102295,1.1399999856948853,1.2100000381469727,3096000
2019-12-09,1.2100000381469727,1.2300000190734863,1.190000057220459,1.2200000286102295,1399100
2019-12-10,1.2300000190734863,1.2899999618530273,1.2100000381469727,1.2899999618530273,1675400
2019-12-11,1.25,1.350000023841858,1.25,1.350000023841858,3393200
2019-12-12,1.350000023841858,1.4800000190734863,1.340000033378601,1.399999976158142,4846100
2019-12-13,1.3899999856948853,1.4199999570846558,1.3300000429153442,1.350000023841858,2187100
2019-12-16,1.350000023841858,1.3899999856948853,1.3200000524520874,1.340000033378601,1485000
2019-12-17,1.350000023841858,1.350000023841858,1.2899999618530273,1.340000033378601,1204300
2019-12-18,1.3200000524520874,1.3799999952316284,1.2999999523162842,1.340000033378601,1243800
2019-12-19,1.350000023841858,1.399999976158142,1.340000033378601,1.3799999952316284,2186000
2019-12-20,1.3799999952316284,1.4199999570846558,1.3600000143051147,1.3799999952316284,2870400
2019-12-23,1.340000033378601,1.3700000047683716,1.2799999713897705,1.309999942779541,3648300
2019-12-24,1.3200000524520874,1.340000033378601,1.2799999713897705,1.340000033378601,1785600
2019-12-26,1.3200000524520874,1.3700000047683716,1.2999999523162842,1.3300000429153442,3197500
2019-12-27,1.340000033378601,1.4199999570846558,1.3300000429153442,1.3700000047683716,3253800
2019-12-30,1.409999966621399,1.409999966621399,1.2999999523162842,1.309999942779541,2523900
2019-12-31,1.2999999523162842,1.3200000524520874,1.2799999713897705,1.2899999618530273,2277000
2020-01-02,1.3300000429153442,1.3300000429153442,1.25,1.2999999523162842,1990500
2020-01-03,1.309999942779541,1.309999942779541,1.25,1.2699999809265137,1642800
2020-01-06,1.25,1.3600000143051147,1.25,1.3300000429153442,2208000
2020-01-07,1.340000033378601,1.3899999856948853,1.3300000429153442,1.3899999856948853,2178700
2020-01-08,1.3899999856948853,1.3899999856948853,1.350000023841858,1.3899999856948853,1500500
2020-01-09,1.399999976158142,1.5,1.399999976158142,1.4299999475479126,4247000
2020-01-10,1.440000057220459,1.5399999618530273,1.4299999475479126,1.5099999904632568,4135700
2020-01-13,1.559999942779541,1.649999976158142,1.5099999904632568,1.6200000047683716,6359300
2020-01-14,1.659999966621399,1.6799999475479126,1.5,1.5399999618530273,5449900
2020-01-15,1.5499999523162842,1.5700000524520874,1.4700000286102295,1.5199999809265137,3357600
2020-01-16,1.5199999809265137,1.5700000524520874,1.5,1.5700000524520874,2335500
2020-01-17,1.5499999523162842,1.5700000524520874,1.5,1.5099999904632568,2222400
2020-01-21,1.5499999523162842,1.7899999618530273,1.5099999904632568,1.7100000381469727,9457100
2020-01-22,1.7300000190734863,1.8700000047683716,1.6299999952316284,1.690000057220459,7300700
2020-01-23,1.690000057220459,1.7699999809265137,1.600000023841858,1.7000000476837158,4056100
2020-01-24,1.7200000286102295,1.809999942779541,1.690000057220459,1.7599999904632568,4819400
2020-01-27,1.7599999904632568,1.8799999952316284,1.6200000047683716,1.6200000047683716,6394900
2020-01-28,1.649999976158142,1.659999966621399,1.5099999904632568,1.559999942779541,4419400
2020-01-29,1.5700000524520874,1.600000023841858,1.5199999809265137,1.5700000524520874,1584800
2020-01-30,1.5499999523162842,1.5700000524520874,1.5,1.5199999809265137,2143600
2020-01-31,1.5099999904632568,1.5299999713897705,1.4199999570846558,1.4700000286102295,2767500
2020-02-03,1.4700000286102295,1.5299999713897705,1.440000057220459,1.5,1903500
2020-02-04,1.5299999713897705,1.559999942779541,1.4600000381469727,1.5,1782700
2020-02-05,1.5,1.5399999618530273,1.4700000286102295,1.5199999809265137,1821700
2020-02-06,1.5399999618530273,1.559999942779541,1.5,1.5299999713897705,1306200
2020-02-07,1.5099999904632568,1.5199999809265137,1.440000057220459,1.4500000476837158,2123800
2020-02-10,1.5,1.5,1.4299999475479126,1.4299999475479126,2244800
2020-02-11,1.4600000381469727,1.4800000190734863,1.3899999856948853,1.4600000381469727,1861800
2020-02-12,1.4600000381469727,1.5,1.440000057220459,1.4600000381469727,1240000
2020-02-13,1.4500000476837158,1.5,1.4299999475479126,1.4700000286102295,1380700
2020-02-14,1.4900000095367432,1.5499999523162842,1.4500000476837158,1.4600000381469727,2337700
2020-02-18,1.4800000190734863,1.4800000190734863,1.4500000476837158,1.4700000286102295,1159300
2020-02-19,1.4800000190734863,1.5,1.4199999570846558,1.4299999475479126,2092300
2020-02-20,1.440000057220459,1.5099999904632568,1.4299999475479126,1.5099999904632568,2356100
2020-02-21,1.5299999713897705,1.690000057220459,1.5099999904632568,1.559999942779541,4925900
2020-02-24,1.5499999523162842,1.649999976158142,1.4600000381469727,1.5199999809265137,4692600
2020-02-25,1.5199999809265137,1.5499999523162842,1.2999999523162842,1.350000023841858,6147300
2020-02-26,1.350000023841858,1.4500000476837158,1.3300000429153442,1.399999976158142,2690600
2020-02-27,1.3700000047683716,1.3899999856948853,1.2999999523162842,1.309999942779541,4016600
2020-02-28,1.2699999809265137,1.3300000429153442,1.2200000286102295,1.2699999809265137,4584300
2020-03-02,1.2899999618530273,1.2999999523162842,1.2200000286102295,1.2899999618530273,2621600
2020-03-03,1.2999999523162842,1.3200000524520874,1.2300000190734863,1.2599999904632568,2632900
2020-03-04,1.2999999523162842,1.2999999523162842,1.2200000286102295,1.25,2148100
2020-03-05,1.2599999904632568,1.2699999809265137,1.2300000190734863,1.2699999809265137,1959400
2020-03-06,1.25,1.350000023841858,1.2400000095367432,1.340000033378601,3443700
2020-03-09,1.25,1.2699999809265137,1.2100000381469727,1.2400000095367432,3624500
2020-03-10,1.2400000095367432,1.25,1.1299999952316284,1.1799999475479126,3491900
2020-03-11,1.1699999570846558,1.190000057220459,1.0399999618530273,1.100000023841858,3842400
2020-03-12,0.9300000071525574,1.0499999523162842,0.8999999761581421,0.9399999976158142,5672600
2020-03-13,0.9700000286102295,1.0,0.8399999737739563,0.949999988079071,3873500
2020-03-16,0.800000011920929,0.9300000071525574,0.800000011920929,0.8399999737739563,3199000
2020-03-17,1.1399999856948853,1.1399999856948853,0.9100000262260437,1.0499999523162842,4811400
2020-03-18,1.0499999523162842,1.0499999523162842,0.9399999976158142,0.9900000095367432,2385900
2020-03-19,0.949999988079071,1.090000033378601,0.9399999976158142,1.090000033378601,2288200
2020-03-20,1.059999942779541,1.1100000143051147,1.0,1.0099999904632568,3150200
2020-03-23,1.0,1.0299999713897705,0.949999988079071,0.9800000190734863,2140000
2020-03-24,1.0099999904632568,1.0700000524520874,0.9800000190734863,1.0700000524520874,2377700
2020-03-25,1.0700000524520874,1.090000033378601,1.0,1.0700000524520874,1580000
2020-03-26,1.059999942779541,1.100000023841858,1.0399999618530273,1.100000023841858,1792800
2020-03-27,1.090000033378601,1.100000023841858,1.0399999618530273,1.059999942779541,1252500
2020-03-30,1.059999942779541,1.0800000429153442,1.0199999809265137,1.0800000429153442,1373400
2020-03-31,1.0800000429153442,1.0800000429153442,1.0099999904632568,1.0299999713897705,2344100
2020-04-01,1.0,1.0,0.9200000166893005,0.9599999785423279,2180600
2020-04-02,0.9599999785423279,0.9800000190734863,0.9300000071525574,0.9399999976158142,2006700
2020-04-03,0.9399999976158142,0.949999988079071,0.9100000262260437,0.9399999976158142,1330700
2020-04-06,0.949999988079071,0.9900000095367432,0.949999988079071,0.9900000095367432,2589600
2020-04-07,1.0,1.0399999618530273,0.9800000190734863,0.9900000095367432,1961600
2020-04-08,0.9900000095367432,1.0299999713897705,0.9900000095367432,1.0299999713897705,1371400
2020-04-09,1.0399999618530273,1.0499999523162842,1.0099999904632568,1.0399999618530273,1393600
2020-04-13,1.0399999618530273,1.1699999570846558,1.0199999809265137,1.159999966621399,3022000
2020-04-14,1.2000000476837158,1.2899999618530273,1.2000000476837158,1.2599999904632568,3706700
2020-04-15,1.2599999904632568,1.2799999713897705,1.1699999570846558,1.2599999904632568,2049400
2020-04-16,1.2599999904632568,1.3200000524520874,1.1799999475479126,1.2200000286102295,1556500
2020-04-17,1.190000057220459,1.2899999618530273,1.190000057220459,1.2799999713897705,1608000
2020-04-20,1.2599999904632568,1.2999999523162842,1.2100000381469727,1.2300000190734863,1575800
2020-04-21,1.2100000381469727,1.2599999904632568,1.2000000476837158,1.2300000190734863,1086500
2020-04-22,1.2000000476837158,1.2999999523162842,1.2000000476837158,1.2699999809265137,1421500
2020-04-23,1.2799999713897705,1.2999999523162842,1.2400000095367432,1.25,1423300
2020-04-24,1.25,1.2899999618530273,1.25,1.2899999618530273,1130900
2020-04-27,1.2999999523162842,1.3899999856948853,1.25,1.3799999952316284,2554600
2020-04-28,1.3899999856948853,1.4299999475479126,1.2899999618530273,1.340000033378601,1810400
2020-04-29,1.3600000143051147,1.409999966621399,1.340000033378601,1.3899999856948853,2208500
2020-04-30,1.350000023841858,1.399999976158142,1.2999999523162842,1.2999999523162842,1971600
2020-05-01,1.409999966621399,1.409999966621399,1.2100000381469727,1.25,3681600
2020-05-04,1.25,1.3200000524520874,1.2200000286102295,1.309999942779541,1209900
2020-05-05,1.309999942779541,1.3799999952316284,1.2999999523162842,1.340000033378601,1795800
2020-05-06,1.350000023841858,1.3700000047683716,1.2899999618530273,1.3200000524520874,2037600
2020-05-07,1.340000033378601,1.3799999952316284,1.2999999523162842,1.309999942779541,1480000
2020-05-08,1.350000023841858,1.350000023841858,1.309999942779541,1.309999942779541,1445800
2020-05-11,1.309999942779541,1.350000023841858,1.2799999713897705,1.3300000429153442,2590500
2020-05-12,1.3200000524520874,1.350000023841858,1.2699999809265137,1.2799999713897705,2503500
2020-05-13,1.2899999618530273,1.2999999523162842,1.1699999570846558,1.190000057220459,2505400
2020-05-14,1.190000057220459,1.2300000190734863,1.1399999856948853,1.2000000476837158,2140300
2020-05-15,1.2100000381469727,1.2400000095367432,1.190000057220459,1.2200000286102295,1319500
2020-05-18,1.2899999618530273,1.2999999523162842,1.2400000095367432,1.2699999809265137,2173500
2020-05-19,1.2699999809265137,1.2899999618530273,1.2300000190734863,1.25,1447500
2020-05-20,1.2799999713897705,1.3300000429153442,1.2400000095367432,1.3300000429153442,1636100
2020-05-21,1.3300000429153442,1.3799999952316284,1.2999999523162842,1.340000033378601,2582600
2020-05-22,1.3600000143051147,1.5399999618530273,1.3300000429153442,1.5,5817000
2020-05-26,1.5399999618530273,1.5499999523162842,1.4700000286102295,1.4900000095367432,3552900
2020-05-27,1.5099999904632568,1.5499999523162842,1.440000057220459,1.5199999809265137,2508100
2020-05-28,1.5,1.590000033378601,1.4900000095367432,1.4900000095367432,2364900
2020-05-29,1.5,1.5499999523162842,1.4800000190734863,1.5099999904632568,1821300
2020-06-01,1.4900000095367432,1.5399999618530273,1.4199999570846558,1.440000057220459,2079100
2020-06-02,1.4600000381469727,1.4700000286102295,1.3899999856948853,1.440000057220459,2194000
2020-06-03,1.4299999475479126,1.4500000476837158,1.3700000047683716,1.3799999952316284,2065400
2020-06-04,1.3600000143051147,1.4199999570846558,1.3600000143051147,1.4199999570846558,1908000
2020-06-05,1.440000057220459,1.4500000476837158,1.3799999952316284,1.399999976158142,2305500
2020-06-08,1.399999976158142,1.4800000190734863,1.3799999952316284,1.440000057220459,2933500
2020-06-09,1.440000057220459,1.4700000286102295,1.4199999570846558,1.440000057220459,1495800
2020-06-10,1.440000057220459,1.5,1.4199999570846558,1.4700000286102295,1794800
2020-06-11,1.4500000476837158,1.5299999713897705,1.409999966621399,1.409999966621399,2595100
2020-06-12,1.4500000476837158,1.4900000095367432,1.3799999952316284,1.4199999570846558,1864400
2020-06-15,1.4199999570846558,1.690000057220459,1.399999976158142,1.659999966621399,6190700
2020-06-16,1.7000000476837158,1.7300000190734863,1.5700000524520874,1.6799999475479126,4145500
2020-06-17,1.7300000190734863,2.0,1.7100000381469727,1.8600000143051147,15918300
2020-06-18,1.8700000047683716,1.9900000095367432,1.7899999618530273,1.8300000429153442,6975800
2020-06-19,1.850000023841858,1.9500000476837158,1.840000033378601,1.9299999475479126,5829200
2020-06-22,1.9199999570846558,2.2300000190734863,1.8799999952316284,2.2100000381469727,11151200
2020-06-23,2.2799999713897705,2.4800000190734863,2.069999933242798,2.130000114440918,13794500
2020-06-24,2.0999999046325684,2.109999895095825,1.7300000190734863,1.8600000143051147,10619300
2020-06-25,1.7899999618530273,1.8899999856948853,1.7200000286102295,1.8200000524520874,7897900
2020-06-26,1.850000023841858,1.8700000047683716,1.6799999475479126,1.7300000190734863,9189600
2020-06-29,1.7599999904632568,1.8799999952316284,1.7000000476837158,1.809999942779541,4193400
2020-06-30,1.7799999713897705,1.809999942779541,1.7100000381469727,1.75,3539800
2020-07-01,1.7699999809265137,1.7799999713897705,1.649999976158142,1.690000057220459,3875100
2020-07-02,1.7300000190734863,1.8300000429153442,1.6799999475479126,1.7899999618530273,3957600
2020-07-06,1.8200000524520874,1.8300000429153442,1.7200000286102295,1.7400000095367432,2979400
2020-07-07,1.7599999904632568,1.840000033378601,1.75,1.809999942779541,1985900
2020-07-08,1.8200000524520874,1.8600000143051147,1.7899999618530273,1.8200000524520874,2880200
2020-07-09,1.840000033378601,1.8600000143051147,1.75,1.7999999523162842,2340800
2020-07-10,1.7999999523162842,1.840000033378601,1.7699999809265137,1.7799999713897705,2298900
2020-07-13,1.7999999523162842,1.809999942779541,1.6200000047683716,1.649999976158142,3828500
2020-07-14,1.6200000047683716,1.649999976158142,1.5499999523162842,1.5700000524520874,3338100
2020-07-15,1.600000023841858,1.7000000476837158,1.5800000429153442,1.6699999570846558,3026600
2020-07-16,1.6799999475479126,1.7200000286102295,1.600000023841858,1.6799999475479126,2383000
2020-07-17,1.6799999475479126,1.75,1.659999966621399,1.7200000286102295,1582500
2020-07-20,1.7200000286102295,1.75,1.6699999570846558,1.690000057220459,1565000
2020-07-21,1.7100000381469727,1.7100000381469727,1.6399999856948853,1.6799999475479126,2230100
2020-07-22,1.690000057220459,1.7000000476837158,1.6299999952316284,1.649999976158142,1478400
2020-07-23,1.6399999856948853,1.7300000190734863,1.6299999952316284,1.649999976158142,2322900
2020-07-24,1.659999966621399,1.659999966621399,1.600000023841858,1.6100000143051147,1509500
2020-07-27,1.6100000143051147,1.690000057220459,1.600000023841858,1.6399999856948853,1540700
2020-07-28,1.6299999952316284,1.6799999475479126,1.600000023841858,1.6100000143051147,1543800
2020-07-29,1.6200000047683716,1.6399999856948853,1.5700000524520874,1.600000023841858,1666300
2020-07-30,1.5800000429153442,1.6399999856948853,1.5800000429153442,1.6399999856948853,1389600
2020-07-31,1.649999976158142,1.659999966621399,1.559999942779541,1.559999942779541,2007800
2020-08-03,1.559999942779541,1.6299999952316284,1.5499999523162842,1.6299999952316284,1531500
2020-08-04,1.6399999856948853,1.659999966621399,1.600000023841858,1.659999966621399,1227000
2020-08-05,1.7000000476837158,1.8700000047683716,1.659999966621399,1.8600000143051147,5703100
2020-08-06,1.6399999856948853,1.7200000286102295,1.600000023841858,1.659999966621399,3751100
2020-08-07,1.6399999856948853,1.6399999856948853,1.5199999809265137,1.590000033378601,3950400
2020-08-10,1.5800000429153442,1.6100000143051147,1.5399999618530273,1.590000033378601,1877800
2020-08-11,1.590000033378601,1.649999976158142,1.5700000524520874,1.600000023841858,1935300
2020-08-12,1.600000023841858,1.6399999856948853,1.590000033378601,1.6299999952316284,1937200
2020-08-13,1.600000023841858,1.649999976158142,1.600000023841858,1.6399999856948853,1438000
2020-08-14,1.6200000047683716,1.6399999856948853,1.590000033378601,1.6100000143051147,1741500
2020-08-17,1.6100000143051147,1.7899999618530273,1.600000023841858,1.7599999904632568,3961700
2020-08-18,1.7599999904632568,1.7799999713897705,1.7000000476837158,1.7300000190734863,1506900
2020-08-19,1.7300000190734863,2.119999885559082,1.7200000286102295,1.8799999952316284,10071500
2020-08-20,1.8799999952316284,1.8899999856948853,1.7899999618530273,1.8300000429153442,2095600
2020-08-21,1.8300000429153442,1.8300000429153442,1.7200000286102295,1.7400000095367432,2063000
2020-08-24,1.7400000095367432,1.7599999904632568,1.649999976158142,1.690000057220459,1811600
2020-08-25,1.7100000381469727,1.850000023841858,1.6799999475479126,1.8300000429153442,2245500
2020-08-26,1.809999942779541,1.8200000524520874,1.6399999856948853,1.7200000286102295,1940300
2020-08-27,1.7000000476837158,1.7300000190734863,1.6699999570846558,1.7000000476837158,1263800
2020-08-28,1.7100000381469727,1.7400000095367432,1.6799999475479126,1.7100000381469727,907500
2020-08-31,1.7300000190734863,1.75,1.6799999475479126,1.7400000095367432,1737000
2020-09-01,1.7400000095367432,1.75,1.6799999475479126,1.690000057220459,1462600
2020-09-02,1.6799999475479126,1.690000057220459,1.600000023841858,1.659999966621399,2549600
2020-09-03,1.6399999856948853,1.7000000476837158,1.6100000143051147,1.649999976158142,1694100
2020-09-04,1.6699999570846558,1.690000057220459,1.559999942779541,1.6399999856948853,1996800
2020-09-08,1.6299999952316284,1.7200000286102295,1.590000033378601,1.6299999952316284,1676200
2020-09-09,1.659999966621399,1.6799999475479126,1.6299999952316284,1.649999976158142,939100
2020-09-10,1.649999976158142,1.7200000286102295,1.6299999952316284,1.659999966621399,1451000
2020-09-11,1.6699999570846558,1.6799999475479126,1.6200000047683716,1.6200000047683716,1345400
2020-09-14,1.690000057220459,1.7699999809265137,1.6699999570846558,1.7300000190734863,2445200
2020-09-15,1.7799999713897705,1.840000033378601,1.7400000095367432,1.7699999809265137,2123500
2020-09-16,1.7999999523162842,1.9500000476837158,1.7699999809265137,1.909999966621399,3784400
2020-09-17,1.909999966621399,2.1500000953674316,1.850000023841858,1.9299999475479126,5097800
2020-09-18,1.9299999475479126,2.0799999237060547,1.9199999570846558,2.0799999237060547,4857600
2020-09-21,2.059999942779541,2.130000114440918,1.9700000286102295,2.0,2925700
2020-09-22,2.0299999713897705,2.049999952316284,1.9199999570846558,1.9299999475479126,1816000
2020-09-23,1.9600000381469727,2.0,1.8600000143051147,1.8700000047683716,2514200
2020-09-24,1.850000023841858,1.909999966621399,1.7999999523162842,1.8300000429153442,1409000
2020-09-25,1.8600000143051147,1.8899999856948853,1.809999942779541,1.850000023841858,1105800
2020-09-28,1.8700000047683716,1.940000057220459,1.8600000143051147,1.9299999475479126,2067900
2020-09-29,1.909999966621399,1.9800000190734863,1.899999976158142,1.909999966621399,1500100
2020-09-30,1.9500000476837158,1.9500000476837158,1.8799999952316284,1.8799999952316284,1153900
2020-10-01,1.899999976158142,1.909999966621399,1.8200000524520874,1.8700000047683716,1536400
2020-10-02,1.809999942779541,1.8799999952316284,1.7999999523162842,1.809999942779541,2392300
2020-10-05,1.840000033378601,1.8799999952316284,1.7799999713897705,1.809999942779541,1585400
2020-10-06,1.850000023841858,1.8700000047683716,1.7799999713897705,1.7899999618530273,1519400
2020-10-07,1.8200000524520874,1.8899999856948853,1.809999942779541,1.8899999856948853,1363700
2020-10-08,1.940000057220459,1.940000057220459,1.8899999856948853,1.909999966621399,1441300
2020-10-09,1.9199999570846558,1.9600000381469727,1.8799999952316284,1.8899999856948853,1246700
2020-10-12,1.8799999952316284,1.9800000190734863,1.840000033378601,1.940000057220459,2244600
2020-10-13,1.8899999856948853,2.0299999713897705,1.8899999856948853,1.940000057220459,1992800
2020-10-14,2.0,2.009999990463257,1.909999966621399,1.9199999570846558,1381100
2020-10-15,1.9199999570846558,1.940000057220459,1.8700000047683716,1.9299999475479126,1064100
2020-10-16,1.909999966621399,2.0899999141693115,1.909999966621399,2.0,4454600
2020-10-19,2.0,2.059999942779541,1.9900000095367432,2.0,2360100
2020-10-20,2.0299999713897705,2.0399999618530273,1.9700000286102295,2.009999990463257,2253000
2020-10-21,2.0199999809265137,2.0399999618530273,1.9700000286102295,2.0199999809265137,2120000
2020-10-22,2.009999990463257,2.140000104904175,1.9900000095367432,2.0999999046325684,3412000
2020-10-23,2.140000104904175,2.140000104904175,1.9800000190734863,2.049999952316284,1678800
2020-10-26,2.0,2.109999895095825,1.9900000095367432,2.0799999237060547,2154300
2020-10-27,2.0799999237060547,2.0799999237060547,1.9900000095367432,2.0,1471900
2020-10-28,1.9700000286102295,2.0299999713897705,1.940000057220459,2.009999990463257,2218900
2020-10-29,2.0299999713897705,2.059999942779541,1.9900000095367432,2.049999952316284,1509600
2020-10-30,2.0399999618530273,2.0399999618530273,1.9800000190734863,2.009999990463257,1726000
2020-11-02,2.0199999809265137,2.059999942779541,1.9500000476837158,2.0,1995100
2020-11-03,2.0,2.069999933242798,2.0,2.049999952316284,2191300
2020-11-04,2.0799999237060547,2.2200000286102295,2.069999933242798,2.069999933242798,5468800
2020-11-05,1.9800000190734863,2.2699999809265137,1.9700000286102295,2.2300000190734863,5155200
2020-11-06,2.190000057220459,2.359999895095825,2.180000066757202,2.2799999713897705,4642200
2020-11-09,2.369999885559082,2.5,2.319999933242798,2.440000057220459,5593600
2020-11-10,2.4800000190734863,2.5199999809265137,2.380000114440918,2.490000009536743,3470600
2020-11-11,2.5,2.819999933242798,2.450000047683716,2.799999952316284,5125100
2020-11-12,2.7899999618530273,3.200000047683716,2.700000047683716,2.759999990463257,10287500
2020-11-13,2.759999990463257,2.819999933242798,2.609999895095825,2.680000066757202,2889100
2020-11-16,2.690000057220459,2.859999895095825,2.6700000762939453,2.8299999237060547,3542700
2020-11-17,2.869999885559082,2.9100000858306885,2.7799999713897705,2.8299999237060547,3282800
2020-11-18,2.869999885559082,2.9100000858306885,2.7799999713897705,2.7799999713897705,2580900
2020-11-19,2.809999942779541,2.8299999237060547,2.7100000381469727,2.759999990463257,1891100
2020-11-20,2.7899999618530273,2.9800000190734863,2.75,2.9000000953674316,5385700
2020-11-23,3.0,3.0999999046325684,2.9000000953674316,3.059999942779541,4586500
2020-11-24,3.0999999046325684,3.119999885559082,3.0199999809265137,3.059999942779541,2731600
2020-11-25,3.059999942779541,3.0899999141693115,2.9200000762939453,2.950000047683716,3687100
2020-11-27,2.950000047683716,3.200000047683716,2.950000047683716,3.0799999237060547,2896700
2020-11-30,3.130000114440918,3.1600000858306885,2.9600000381469727,2.9800000190734863,2891000
2020-12-01,3.049999952316284,3.0799999237060547,2.9700000286102295,2.990000009536743,3505300
2020-12-02,2.990000009536743,3.0,2.859999895095825,2.880000114440918,2744200
2020-12-03,2.869999885559082,2.940000057220459,2.8299999237060547,2.8499999046325684,2950200
2020-12-04,2.8499999046325684,3.0199999809265137,2.8499999046325684,2.950000047683716,2448700
2020-12-07,3.009999990463257,3.049999952316284,2.680000066757202,2.740000009536743,5087600
2020-12-08,2.799999952316284,2.9200000762939453,2.759999990463257,2.9000000953674316,2441600
2020-12-09,2.9000000953674316,2.940000057220459,2.7699999809265137,2.819999933242798,2915900
2020-12-10,2.8499999046325684,2.930000066757202,2.7899999618530273,2.9000000953674316,2472100
2020-12-11,3.0299999713897705,3.0999999046325684,2.880000114440918,2.9800000190734863,2731800
2020-12-14,3.0299999713897705,3.359999895095825,3.009999990463257,3.3399999141693115,6047800
2020-12-15,3.390000104904175,3.4000000953674316,3.1500000953674316,3.2799999713897705,3256000
2020-12-16,3.299999952316284,4.050000190734863,3.299999952316284,3.990000009536743,14361300
2020-12-17,3.940000057220459,4.110000133514404,3.7300000190734863,4.039999961853027,8044900
2020-12-18,4.199999809265137,4.210000038146973,3.950000047683716,3.9600000381469727,16487600
2020-12-21,3.819999933242798,4.039999961853027,3.6600000858306885,3.7200000286102295,5696800
2020-12-22,3.7200000286102295,3.7300000190734863,3.259999990463257,3.2799999713897705,8157800
2020-12-23,3.299999952316284,3.3499999046325684,3.1700000762939453,3.3299999237060547,3844100
2020-12-24,3.390000104904175,3.5799999237060547,3.359999895095825,3.4200000762939453,2594400
2020-12-28,3.5,3.630000114440918,3.2799999713897705,3.609999895095825,7280500
2020-12-29,3.619999885559082,3.6600000858306885,3.2799999713897705,3.2899999618530273,4084500
2020-12-30,3.299999952316284,3.450000047683716,3.2300000190734863,3.359999895095825,2933600
2020-12-31,3.3499999046325684,3.359999895095825,3.0799999237060547,3.130000114440918,3876700
2021-01-04,3.1500000953674316,3.2899999618530273,3.0299999713897705,3.2200000286102295,4600700
2021-01-05,3.1700000762939453,3.259999990463257,3.119999885559082,3.200000047683716,2727100
2021-01-06,3.2100000381469727,3.440000057220459,3.190000057220459,3.3399999141693115,4017100
2021-01-07,3.319999933242798,3.630000114440918,3.319999933242798,3.5999999046325684,3951900
2021-01-08,3.5999999046325684,3.5999999046325684,3.3499999046325684,3.4000000953674316,3338100
2021-01-11,3.4000000953674316,3.4600000381469727,3.299999952316284,3.3299999237060547,1895400
2021-01-12,3.309999942779541,3.3499999046325684,3.240000009536743,3.309999942779541,2088400
2021-01-13,3.309999942779541,3.309999942779541,3.1600000858306885,3.1600000858306885,3235500
2021-01-14,3.200000047683716,3.4200000762939453,3.180000066757202,3.380000114440918,3359800
2021-01-15,3.309999942779541,3.380000114440918,3.130000114440918,3.140000104904175,3703600
2021-01-19,3.180000066757202,3.2799999713897705,3.119999885559082,3.2100000381469727,3454600
2021-01-20,3.240000009536743,3.309999942779541,3.180000066757202,3.2100000381469727,2652500
2021-01-21,3.259999990463257,3.4600000381469727,3.180000066757202,3.4100000858306885,3880600
2021-01-22,3.450000047683716,3.5799999237060547,3.3299999237060547,3.5399999618530273,3225100
2021-01-25,3.549999952316284,3.75,3.390000104904175,3.75,4414700
2021-01-26,3.740000009536743,3.8399999141693115,3.630000114440918,3.6700000762939453,2998200
2021-01-27,3.559999942779541,3.7200000286102295,3.4700000286102295,3.559999942779541,3438900
2021-01-28,3.5999999046325684,3.890000104904175,3.559999942779541,3.700000047683716,3581400
2021-01-29,3.690000057220459,3.8299999237060547,3.5199999809265137,3.5199999809265137,3977400
2021-02-01,3.630000114440918,3.6700000762939453,3.4700000286102295,3.6500000953674316,2543900
2021-02-02,3.7200000286102295,3.8399999141693115,3.6700000762939453,3.8399999141693115,2531500
2021-02-03,4.0,5.309999942779541,3.9000000953674316,5.119999885559082,22698500
2021-02-04,6.019999980926514,6.130000114440918,4.760000228881836,5.050000190734863,21502300
2021-02-05,4.929999828338623,4.989999771118164,4.309999942779541,4.699999809265137,8931400
2021-02-08,5.03000020980835,5.21999979019165,4.900000095367432,5.059999942779541,6944800
2021-02-09,5.090000152587891,5.96999979019165,5.010000228881836,5.78000020980835,8686600
2021-02-10,5.699999809265137,5.96999979019165,5.389999866485596,5.53000020980835,7512200
2021-02-11,5.550000190734863,5.579999923706055,5.119999885559082,5.429999828338623,5213600
2021-02-12,5.460000038146973,5.5,5.260000228881836,5.409999847412109,2804900
2021-02-16,5.460000038146973,5.510000228881836,5.190000057220459,5.480000019073486,3565800
2021-02-17,5.440000057220459,5.690000057220459,5.119999885559082,5.510000228881836,4253500
2021-02-18,5.360000133514404,5.5,5.190000057220459,5.309999942779541,3018200
2021-02-19,5.369999885559082,6.190000057220459,5.340000152587891,6.139999866485596,8532300
2021-02-22,5.949999809265137,6.090000152587891,5.599999904632568,5.619999885559082,5358600
2021-02-23,5.400000095367432,5.53000020980835,5.150000095367432,5.28000020980835,5166200
2021-02-24,5.5,6.25,5.46999979019165,5.980000019073486,6669100
2021-02-25,6.010000228881836,6.179999828338623,5.590000152587891,5.610000133514404,5282000
2021-02-26,5.519999980926514,5.96999979019165,5.360000133514404,5.710000038146973,4719600
2021-03-01,5.25,5.300000190734863,3.9100000858306885,4.010000228881836,29156400
2021-03-02,3.950000047683716,3.990000009536743,3.6700000762939453,3.7799999713897705,23275100
2021-03-03,3.799999952316284,3.8499999046325684,3.609999895095825,3.619999885559082,10450900
2021-03-04,3.609999895095825,3.6700000762939453,3.2699999809265137,3.380000114440918,8086100
2021-03-05,3.490000009536743,3.680000066757202,3.140000104904175,3.6700000762939453,8920900
2021-03-08,3.6600000858306885,3.7899999618530273,3.5399999618530273,3.630000114440918,5679400
2021-03-09,3.6700000762939453,3.880000114440918,3.6700000762939453,3.799999952316284,6759100
2021-03-10,3.859999895095825,3.9200000762939453,3.809999942779541,3.8499999046325684,3972400
2021-03-11,3.950000047683716,3.9800000190734863,3.8499999046325684,3.950000047683716,5686200
2021-03-12,3.9000000953674316,4.0,3.819999933242798,3.950000047683716,2664700
2021-03-15,4.0,4.070000171661377,3.940000057220459,4.0,4758100
2021-03-16,4.050000190734863,4.070000171661377,3.700000047683716,3.869999885559082,4779200
2021-03-17,3.799999952316284,3.9600000381469727,3.7200000286102295,3.9000000953674316,3148200
2021-03-18,3.930000066757202,3.930000066757202,3.619999885559082,3.630000114440918,3729700
2021-03-19,3.680000066757202,3.7300000190734863,3.509999990463257,3.7200000286102295,14313200
2021-03-22,3.759999990463257,3.799999952316284,3.6700000762939453,3.6700000762939453,2235300
2021-03-23,3.630000114440918,3.640000104904175,3.3299999237060547,3.3399999141693115,4834100
2021-03-24,3.4000000953674316,3.450000047683716,3.200000047683716,3.2100000381469727,5062000
2021-03-25,3.180000066757202,3.75,3.119999885559082,3.740000009536743,6486000
2021-03-26,3.690000057220459,3.7300000190734863,3.4700000286102295,3.5899999141693115,3789700
2021-03-29,3.619999885559082,3.8299999237060547,3.569999933242798,3.640000104904175,4063000
2021-03-30,3.6600000858306885,3.7799999713897705,3.5799999237060547,3.6500000953674316,2607300
2021-03-31,3.6700000762939453,3.940000057220459,3.6600000858306885,3.9200000762939453,6545700
2021-04-01,3.950000047683716,4.329999923706055,3.930000066757202,4.159999847412109,9504300
2021-04-05,4.230000019073486,4.260000228881836,4.039999961853027,4.179999828338623,4779000
2021-04-06,4.139999866485596,4.460000038146973,4.130000114440918,4.159999847412109,4407000
2021-04-07,4.190000057220459,4.260000228881836,4.050000190734863,4.079999923706055,2643100
2021-04-08,4.099999904632568,4.320000171661377,4.019999980926514,4.320000171661377,2916900
2021-04-09,4.300000190734863,4.340000152587891,4.159999847412109,4.239999771118164,2861500
2021-04-12,4.210000038146973,4.369999885559082,4.139999866485596,4.179999828338623,3115000
2021-04-13,4.21999979019165,4.309999942779541,4.090000152587891,4.210000038146973,2158800
2021-04-14,4.210000038146973,4.559999942779541,4.190000057220459,4.559999942779541,5224200
2021-04-15,4.650000095367432,4.659999847412109,4.260000228881836,4.300000190734863,5212400
2021-04-16,4.309999942779541,4.309999942779541,4.119999885559082,4.179999828338623,2781500
2021-04-19,4.170000076293945,4.239999771118164,4.050000190734863,4.159999847412109,2462300
2021-04-20,4.139999866485596,4.300000190734863,4.130000114440918,4.230000019073486,3267600
2021-04-21,4.260000228881836,4.630000114440918,4.190000057220459,4.619999885559082,4801600
2021-04-22,4.579999923706055,4.849999904632568,4.400000095367432,4.809999942779541,7494900
2021-04-23,4.800000190734863,4.800000190734863,4.590000152587891,4.679999828338623,3678100
2021-04-26,4.699999809265137,4.840000152587891,4.630000114440918,4.829999923706055,3332600
2021-04-27,4.860000133514404,4.980000019073486,4.739999771118164,4.820000171661377,3018300
2021-04-28,4.840000152587891,4.900000095367432,4.75,4.800000190734863,2565700
2021-04-29,4.829999923706055,4.900000095367432,4.699999809265137,4.820000171661377,2756500
2021-04-30,4.760000228881836,4.869999885559082,4.539999961853027,4.570000171661377,3185300
2021-05-03,4.619999885559082,4.690000057220459,4.400000095367432,4.420000076293945,2297200
2021-05-04,4.360000133514404,4.369999885559082,4.199999809265137,4.320000171661377,2803300
2021-05-05,4.369999885559082,4.389999866485596,4.119999885559082,4.159999847412109,2423900
2021-05-06,4.150000095367432,4.150000095367432,3.950000047683716,4.079999923706055,3609200
2021-05-07,4.070000171661377,4.420000076293945,4.03000020980835,4.289999961853027,3121300
2021-05-10,4.25,4.25,4.010000228881836,4.070000171661377,2920400
2021-05-11,3.880000114440918,4.480000019073486,3.75,4.400000095367432,4618200
2021-05-12,4.21999979019165,4.349999904632568,4.019999980926514,4.019999980926514,3623100
2021-05-13,3.9700000286102295,4.21999979019165,3.9100000858306885,4.03000020980835,3395600
2021-05-14,4.130000114440918,4.389999866485596,4.079999923706055,4.309999942779541,3818200
2021-05-17,4.239999771118164,4.28000020980835,4.139999866485596,4.230000019073486,2025900
2021-05-18,4.269999980926514,4.389999866485596,4.21999979019165,4.260000228881836,2358700
2021-05-19,4.170000076293945,4.28000020980835,4.139999866485596,4.230000019073486,2219700
2021-05-20,4.25,4.349999904632568,4.179999828338623,4.309999942779541,2044500
2021-05-21,4.320000171661377,4.389999866485596,4.230000019073486,4.239999771118164,2091700
2021-05-24,4.230000019073486,4.380000114440918,4.159999847412109,4.239999771118164,1917400
2021-05-25,4.260000228881836,4.380000114440918,4.099999904632568,4.099999904632568,2327900
2021-05-26,4.170000076293945,4.210000038146973,4.070000171661377,4.159999847412109,6194700
2021-05-27,4.190000057220459,4.420000076293945,4.179999828338623,4.420000076293945,5817900
2021-05-28,4.400000095367432,4.550000190734863,4.369999885559082,4.420000076293945,4788800
2021-06-01,4.480000019073486,4.480000019073486,4.019999980926514,4.039999961853027,7410400
2021-06-02,4.039999961853027,4.050000190734863,3.630000114440918,3.7100000381469727,9212900
2021-06-03,3.75,3.8399999141693115,3.7100000381469727,3.799999952316284,2686800
2021-06-04,3.799999952316284,3.799999952316284,3.559999942779541,3.609999895095825,3658000
2021-06-07,3.609999895095825,3.990000009536743,3.5999999046325684,3.930000066757202,5523600
2021-06-08,3.9100000858306885,3.940000057220459,3.759999990463257,3.869999885559082,2236300
2021-06-09,3.9000000953674316,4.150000095367432,3.9000000953674316,4.079999923706055,3114500
2021-06-10,4.119999885559082,4.150000095367432,3.990000009536743,4.03000020980835,2183900
2021-06-11,4.03000020980835,4.090000152587891,3.9800000190734863,4.050000190734863,1721700
2021-06-14,4.070000171661377,4.199999809265137,4.059999942779541,4.130000114440918,3081100
2021-06-15,4.130000114440918,4.179999828338623,4.079999923706055,4.099999904632568,2440300
2021-06-16,4.230000019073486,4.579999923706055,4.199999809265137,4.329999923706055,7820200
2021-06-17,4.349999904632568,4.539999961853027,4.300000190734863,4.440000057220459,2541900
2021-06-18,4.389999866485596,4.460000038146973,4.230000019073486,4.260000228881836,4530600
2021-06-21,4.300000190734863,4.53000020980835,4.300000190734863,4.519999980926514,3186000
2021-06-22,4.489999771118164,4.519999980926514,4.380000114440918,4.460000038146973,1678300
2021-06-23,4.440000057220459,4.579999923706055,4.440000057220459,4.519999980926514,1953000
2021-06-24,4.590000152587891,4.71999979019165,4.489999771118164,4.710000038146973,2418500
2021-06-25,4.75,4.829999923706055,4.46999979019165,4.739999771118164,17319700
2021-06-28,5.0,5.389999866485596,4.940000057220459,5.289999961853027,10280600
2021-06-29,5.230000019073486,5.340000152587891,5.119999885559082,5.230000019073486,4262300
2021-06-30,5.179999828338623,5.53000020980835,5.099999904632568,5.449999809265137,4663700
2021-07-01,5.449999809265137,5.5,5.239999771118164,5.480000019073486,2778700
2021-07-02,5.46999979019165,5.5,5.260000228881836,5.400000095367432,2204900
2021-07-06,5.400000095367432,5.420000076293945,5.21999979019165,5.21999979019165,1610400
2021-07-07,5.170000076293945,5.230000019073486,4.909999847412109,4.989999771118164,3188100
2021-07-08,4.760000228881836,4.940000057220459,4.710000038146973,4.889999866485596,2705600
2021-07-09,4.96999979019165,4.980000019073486,4.800000190734863,4.829999923706055,1457500
2021-07-12,4.829999923706055,4.889999866485596,4.670000076293945,4.679999828338623,2255400
2021-07-13,4.650000095367432,4.730000019073486,4.559999942779541,4.570000171661377,2151300
2021-07-14,4.550000190734863,4.670000076293945,4.440000057220459,4.480000019073486,2324600
2021-07-15,4.510000228881836,4.570000171661377,4.389999866485596,4.460000038146973,1586200
2021-07-16,4.510000228881836,4.590000152587891,4.389999866485596,4.420000076293945,1591800
2021-07-19,4.349999904632568,4.400000095367432,4.170000076293945,4.360000133514404,3162800
2021-07-20,4.400000095367432,4.679999828338623,4.320000171661377,4.659999847412109,3109100
2021-07-21,4.699999809265137,4.739999771118164,4.590000152587891,4.619999885559082,1816200
2021-07-22,4.619999885559082,4.639999866485596,4.449999809265137,4.480000019073486,1790700
2021-07-23,4.519999980926514,4.570000171661377,4.360000133514404,4.369999885559082,1419100
2021-07-26,4.389999866485596,4.480000019073486,4.340000152587891,4.380000114440918,1481900
2021-07-27,4.300000190734863,4.409999847412109,4.199999809265137,4.25,1711700
2021-07-28,4.28000020980835,4.429999828338623,4.269999980926514,4.420000076293945,3712700
2021-07-29,4.440000057220459,4.449999809265137,4.210000038146973,4.210000038146973,1849200
2021-07-30,4.21999979019165,4.25,4.090000152587891,4.099999904632568,1861400
2021-08-02,4.159999847412109,4.179999828338623,4.010000228881836,4.03000020980835,2142500
2021-08-03,4.079999923706055,4.079999923706055,3.940000057220459,3.990000009536743,2403300
2021-08-04,3.990000009536743,4.309999942779541,3.990000009536743,4.03000020980835,3807700
2021-08-05,4.03000020980835,4.199999809265137,3.9800000190734863,4.199999809265137,2018900
2021-08-06,4.190000057220459,4.210000038146973,3.990000009536743,4.039999961853027,2368900
2021-08-09,4.010000228881836,4.050000190734863,3.950000047683716,3.9800000190734863,1747100
2021-08-10,3.9600000381469727,3.990000009536743,3.869999885559082,3.890000104904175,1802500
2021-08-11,3.9000000953674316,4.03000020980835,3.8299999237060547,3.990000009536743,2513500
2021-08-12,3.9800000190734863,4.119999885559082,3.7799999713897705,4.090000152587891,2997600
2021-08-13,4.059999942779541,4.289999961853027,4.010000228881836,4.019999980926514,2917100
2021-08-16,4.019999980926514,4.170000076293945,3.930000066757202,4.099999904632568,3214100
2021-08-17,4.110000133514404,4.309999942779541,4.019999980926514,4.150000095367432,2636700
2021-08-18,4.150000095367432,4.230000019073486,4.059999942779541,4.079999923706055,2177900
2021-08-19,4.010000228881836,4.139999866485596,3.9700000286102295,3.9700000286102295,2258300
2021-08-20,4.0,4.21999979019165,3.9700000286102295,4.21999979019165,2060900
2021-08-23,4.269999980926514,4.5,4.239999771118164,4.480000019073486,5729100
2021-08-24,4.53000020980835,4.570000171661377,4.340000152587891,4.440000057220459,5016000
2021-08-25,4.46999979019165,4.639999866485596,4.420000076293945,4.599999904632568,2118300
2021-08-26,4.590000152587891,4.71999979019165,4.550000190734863,4.630000114440918,2397800
2021-08-27,4.639999866485596,4.929999828338623,4.630000114440918,4.909999847412109,4482800
2021-08-30,4.940000057220459,4.96999979019165,4.679999828338623,4.710000038146973,2426800
2021-08-31,4.710000038146973,4.840000152587891,4.690000057220459,4.800000190734863,3726200
2021-09-01,4.800000190734863,4.840000152587891,4.739999771118164,4.800000190734863,1570000
2021-09-02,4.849999904632568,4.889999866485596,4.730000019073486,4.809999942779541,1512800
2021-09-03,4.820000171661377,4.849999904632568,4.639999866485596,4.71999979019165,2003900
2021-09-07,4.699999809265137,4.829999923706055,4.590000152587891,4.710000038146973,2022700
2021-09-08,4.730000019073486,4.760000228881836,4.539999961853027,4.610000133514404,1857000
2021-09-09,4.630000114440918,4.820000171661377,4.630000114440918,4.699999809265137,1666100
2021-09-10,4.71999979019165,4.849999904632568,4.690000057220459,4.699999809265137,2116400
2021-09-13,4.739999771118164,4.849999904632568,4.579999923706055,4.730000019073486,2316100
2021-09-14,4.760000228881836,5.019999980926514,4.679999828338623,4.760000228881836,4088800
2021-09-15,4.769999980926514,4.769999980926514,4.599999904632568,4.670000076293945,2472100
2021-09-16,4.699999809265137,4.699999809265137,4.46999979019165,4.559999942779541,3027600
2021-09-17,4.610000133514404,4.610000133514404,4.460000038146973,4.53000020980835,6713900
2021-09-20,4.360000133514404,4.579999923706055,4.320000171661377,4.480000019073486,2410100
2021-09-21,4.519999980926514,4.619999885559082,4.510000228881836,4.579999923706055,1277500
2021-09-22,4.590000152587891,4.690000057220459,4.570000171661377,4.659999847412109,1561800
2021-09-23,4.690000057220459,4.760000228881836,4.619999885559082,4.75,1586700
2021-09-24,4.730000019073486,4.849999904632568,4.639999866485596,4.679999828338623,1235300
2021-09-27,4.670000076293945,4.840000152587891,4.659999847412109,4.800000190734863,1844500
2021-09-28,4.75,4.789999961853027,4.590000152587891,4.610000133514404,2372800
2021-09-29,4.619999885559082,4.690000057220459,4.420000076293945,4.480000019073486,1964100
2021-09-30,4.480000019073486,4.539999961853027,4.329999923706055,4.349999904632568,2623700
2021-10-01,4.369999885559082,4.550000190734863,4.210000038146973,4.519999980926514,2884400
2021-10-04,4.460000038146973,4.579999923706055,4.429999828338623,4.5,2054100
2021-10-05,4.53000020980835,4.760000228881836,4.510000228881836,4.730000019073486,2563400
2021-10-06,4.690000057220459,5.139999866485596,4.630000114440918,5.099999904632568,5368200
2021-10-07,5.170000076293945,5.440000057220459,5.119999885559082,5.25,4527300
2021-10-08,5.260000228881836,5.349999904632568,5.119999885559082,5.119999885559082,2691400
2021-10-11,5.159999847412109,5.349999904632568,5.099999904632568,5.239999771118164,2267100
2021-10-12,5.260000228881836,5.380000114440918,5.190000057220459,5.210000038146973,2254200
2021-10-13,5.300000190734863,5.400000095367432,5.230000019073486,5.369999885559082,2537000
2021-10-14,5.400000095367432,5.429999828338623,5.239999771118164,5.300000190734863,2788700
2021-10-15,5.300000190734863,5.349999904632568,5.059999942779541,5.090000152587891,4809200
2021-10-18,4.349999904632568,4.380000114440918,4.0,4.159999847412109,16779700
2021-10-19,4.300000190734863,4.309999942779541,4.070000171661377,4.150000095367432,4836900
2021-10-20,4.099999904632568,4.409999847412109,4.039999961853027,4.300000190734863,3891000
2021-10-21,4.320000171661377,4.420000076293945,4.300000190734863,4.409999847412109,2482600
2021-10-22,4.449999809265137,4.659999847412109,4.389999866485596,4.639999866485596,3088100
2021-10-25,4.610000133514404,4.699999809265137,4.53000020980835,4.550000190734863,2144200
2021-10-26,4.590000152587891,4.610000133514404,4.489999771118164,4.579999923706055,1489900
2021-10-27,4.579999923706055,4.650000095367432,4.510000228881836,4.510000228881836,1443500
2021-10-28,4.550000190734863,4.820000171661377,4.53000020980835,4.800000190734863,1931800
2021-10-29,4.78000020980835,4.849999904632568,4.639999866485596,4.710000038146973,1811700
2021-11-01,4.710000038146973,4.940000057220459,4.659999847412109,4.880000114440918,2279900
2021-11-02,4.880000114440918,4.989999771118164,4.800000190734863,4.980000019073486,1835100
2021-11-03,5.0,5.050000190734863,4.860000133514404,5.010000228881836,2059100
2021-11-04,4.989999771118164,5.0,4.809999942779541,4.880000114440918,1824900
2021-11-05,4.909999847412109,4.960000038146973,4.78000020980835,4.809999942779541,2031900
2021-11-08,4.829999923706055,4.940000057220459,4.789999961853027,4.840000152587891,1373200
2021-11-09,4.849999904632568,4.880000114440918,4.679999828338623,4.800000190734863,2165200
2021-11-10,4.949999809265137,5.239999771118164,4.739999771118164,4.809999942779541,3176700
2021-11-11,4.880000114440918,5.070000171661377,4.829999923706055,4.960000038146973,2380800
2021-11-12,4.929999828338623,5.0,4.889999866485596,4.989999771118164,1023200
2021-11-15,4.940000057220459,4.989999771118164,4.75,4.789999961853027,1740600
2021-11-16,4.800000190734863,4.880000114440918,4.730000019073486,4.880000114440918,1810500
2021-11-17,4.820000171661377,4.889999866485596,4.75,4.760000228881836,1293800
2021-11-18,4.800000190734863,4.809999942779541,4.639999866485596,4.710000038146973,1799500
2021-11-19,4.679999828338623,4.849999904632568,4.679999828338623,4.75,1438300
2021-11-22,4.760000228881836,4.820000171661377,4.610000133514404,4.610000133514404,1968300
2021-11-23,4.650000095367432,4.789999961853027,4.519999980926514,4.760000228881836,2301600
2021-11-24,4.710000038146973,4.880000114440918,4.650000095367432,4.849999904632568,1481500
2021-11-26,4.730000019073486,4.840000152587891,4.590000152587891,4.630000114440918,1474400
2021-11-29,4.650000095367432,4.820000171661377,4.619999885559082,4.639999866485596,1739400
2021-11-30,4.619999885559082,4.71999979019165,4.46999979019165,4.630000114440918,9403600
2021-12-01,4.75,4.75,4.320000171661377,4.320000171661377,2277500
2021-12-02,4.420000076293945,4.510000228881836,4.269999980926514,4.420000076293945,2268400
2021-12-03,4.360000133514404,4.409999847412109,4.159999847412109,4.170000076293945,2846900
2021-12-06,4.179999828338623,4.340000152587891,4.079999923706055,4.289999961853027,1797100
2021-12-07,4.340000152587891,4.5,4.340000152587891,4.400000095367432,2463400
2021-12-08,4.409999847412109,4.5,4.380000114440918,4.480000019073486,2787800
2021-12-09,4.400000095367432,4.420000076293945,4.150000095367432,4.150000095367432,4217300
2021-12-10,4.199999809265137,4.199999809265137,4.039999961853027,4.050000190734863,1966900
2021-12-13,4.079999923706055,4.159999847412109,3.990000009536743,4.139999866485596,2342800
2021-12-14,4.110000133514404,4.150000095367432,4.010000228881836,4.070000171661377,2088600
2021-12-15,4.139999866485596,4.320000171661377,4.0,4.309999942779541,2884800
2021-12-16,4.329999923706055,4.340000152587891,4.059999942779541,4.130000114440918,2595300
2021-12-17,4.099999904632568,4.400000095367432,4.079999923706055,4.28000020980835,6471900
2021-12-20,4.210000038146973,4.449999809265137,4.159999847412109,4.389999866485596,2054700
2021-12-21,4.429999828338623,4.480000019073486,4.329999923706055,4.389999866485596,1567000
2021-12-22,4.349999904632568,4.46999979019165,4.289999961853027,4.409999847412109,1364900
2021-12-23,4.429999828338623,4.510000228881836,4.389999866485596,4.460000038146973,1563300
2021-12-27,4.46999979019165,4.599999904632568,4.389999866485596,4.46999979019165,1977400
2021-12-28,4.5,4.650000095367432,4.420000076293945,4.420000076293945,1806600
2021-12-29,4.400000095367432,4.429999828338623,4.329999923706055,4.380000114440918,1145800
2021-12-30,4.360000133514404,4.449999809265137,4.300000190734863,4.380000114440918,1990600
2021-12-31,4.369999885559082,4.449999809265137,4.329999923706055,4.369999885559082,1520600
2022-01-03,4.349999904632568,4.460000038146973,4.28000020980835,4.449999809265137,2186700
2022-01-04,4.449999809265137,4.449999809265137,4.179999828338623,4.21999979019165,2005100
2022-01-05,4.269999980926514,4.300000190734863,4.050000190734863,4.059999942779541,2495500
2022-01-06,4.079999923706055,4.210000038146973,4.03000020980835,4.139999866485596,1587000
2022-01-07,4.110000133514404,4.25,4.059999942779541,4.070000171661377,1714500
2022-01-10,4.039999961853027,4.170000076293945,4.010000228881836,4.139999866485596,2943100
2022-01-11,4.159999847412109,4.179999828338623,4.079999923706055,4.099999904632568,1374300
2022-01-12,4.130000114440918,4.130000114440918,3.8399999141693115,3.8499999046325684,4018300
2022-01-13,3.859999895095825,3.950000047683716,3.75,3.759999990463257,3027200
2022-01-14,3.7200000286102295,3.950000047683716,3.6700000762939453,3.9200000762939453,2913200
2022-01-18,3.9800000190734863,4.179999828338623,3.880000114440918,3.9700000286102295,4496300
2022-01-19,3.9700000286102295,4.190000057220459,3.9700000286102295,4.019999980926514,2780200
2022-01-20,4.050000190734863,4.150000095367432,3.930000066757202,3.930000066757202,2610700
2022-01-21,3.9000000953674316,4.010000228881836,3.7899999618530273,3.7899999618530273,3985500
2022-01-24,3.7200000286102295,3.75,3.440000057220459,3.7100000381469727,4743900
2022-01-25,3.630000114440918,3.759999990463257,3.5299999713897705,3.680000066757202,2659300
2022-01-26,3.700000047683716,3.890000104904175,3.619999885559082,3.640000104904175,3094700
2022-01-27,3.6500000953674316,3.690000057220459,3.380000114440918,3.390000104904175,3101200
2022-01-28,3.430000066757202,3.559999942779541,3.3399999141693115,3.549999952316284,2648500
2022-01-31,3.559999942779541,3.7300000190734863,3.2699999809265137,3.7300000190734863,2718900
2022-02-01,3.759999990463257,3.8299999237060547,3.630000114440918,3.7799999713897705,1851800
2022-02-02,3.740000009536743,3.7699999809265137,3.5999999046325684,3.609999895095825,2430600
2022-02-03,3.6600000858306885,3.690000057220459,3.5199999809265137,3.5399999618530273,2625000
2022-02-04,3.549999952316284,3.630000114440918,3.4800000190734863,3.5899999141693115,2278900
2022-02-07,3.5799999237060547,3.809999942779541,3.5799999237060547,3.7699999809265137,3788700
2022-02-08,3.7300000190734863,3.859999895095825,3.700000047683716,3.8399999141693115,2464500
2022-02-09,3.880000114440918,4.090000152587891,3.880000114440918,4.090000152587891,2830200
2022-02-10,4.039999961853027,4.289999961853027,4.010000228881836,4.079999923706055,3469400
2022-02-11,4.059999942779541,4.210000038146973,4.010000228881836,4.059999942779541,2028300
2022-02-14,4.099999904632568,4.119999885559082,3.930000066757202,3.940000057220459,1992500
2022-02-15,3.990000009536743,4.190000057220459,3.990000009536743,4.190000057220459,1993200
2022-02-16,4.139999866485596,4.21999979019165,4.079999923706055,4.139999866485596,2264400
2022-02-17,4.070000171661377,4.130000114440918,3.930000066757202,3.940000057220459,2426300
2022-02-18,3.930000066757202,3.9700000286102295,3.8399999141693115,3.859999895095825,2101800
2022-02-22,3.8399999141693115,3.890000104904175,3.740000009536743,3.759999990463257,2335000
2022-02-23,3.8399999141693115,3.8399999141693115,3.6600000858306885,3.6600000858306885,2075000
2022-02-24,3.0,3.1600000858306885,2.7799999713897705,2.9100000858306885,12379000
2022-02-25,2.859999895095825,2.890000104904175,2.680000066757202,2.7200000286102295,5748800
2022-02-28,2.6500000953674316,2.700000047683716,2.490000009536743,2.619999885559082,6874900
2022-03-01,2.640000104904175,2.7799999713897705,2.549999952316284,2.75,6350000
2022-03-02,2.9000000953674316,3.259999990463257,2.9000000953674316,3.240000009536743,6289100
2022-03-03,3.2699999809265137,3.309999942779541,3.0999999046325684,3.130000114440918,3476500
2022-03-04,3.0999999046325684,3.190000057220459,2.990000009536743,3.0,2687300
2022-03-07,2.9800000190734863,3.190000057220459,2.9800000190734863,3.130000114440918,2924500
2022-03-08,3.180000066757202,3.359999895095825,3.0999999046325684,3.2300000190734863,3325000
2022-03-09,3.3499999046325684,3.4700000286102295,3.2699999809265137,3.4000000953674316,3668100
2022-03-10,3.369999885559082,3.4800000190734863,3.309999942779541,3.430000066757202,1877700
2022-03-11,3.430000066757202,3.4800000190734863,3.25,3.259999990463257,2494800
2022-03-14,3.259999990463257,3.359999895095825,3.1500000953674316,3.2200000286102295,3282200
2022-03-15,3.200000047683716,3.369999885559082,3.130000114440918,3.369999885559082,3208600
2022-03-16,3.380000114440918,3.430000066757202,3.2300000190734863,3.430000066757202,3537700
2022-03-17,3.390000104904175,3.640000104904175,3.299999952316284,3.609999895095825,2780700
2022-03-18,3.609999895095825,3.7300000190734863,3.569999933242798,3.5799999237060547,4124500
2022-03-21,3.509999990463257,3.619999885559082,3.430000066757202,3.4600000381469727,2038200
2022-03-22,3.5199999809265137,3.6600000858306885,3.490000009536743,3.640000104904175,2542900
2022-03-23,3.609999895095825,3.680000066757202,3.5199999809265137,3.5299999713897705,1976200
2022-03-24,3.569999933242798,3.680000066757202,3.5299999713897705,3.6600000858306885,2199200
2022-03-25,3.680000066757202,3.680000066757202,3.4700000286102295,3.4700000286102295,1921100
2022-03-28,3.509999990463257,3.640000104904175,3.4700000286102295,3.5899999141693115,2408000
2022-03-29,3.640000104904175,3.809999942779541,3.630000114440918,3.809999942779541,3427200
2022-03-30,3.809999942779541,3.9200000762939453,3.680000066757202,3.690000057220459,2870900
2022-03-31,3.740000009536743,3.7699999809265137,3.6600000858306885,3.680000066757202,1673200
2022-04-01,3.7200000286102295,3.880000114440918,3.690000057220459,3.880000114440918,2956900
2022-04-04,3.9000000953674316,4.099999904632568,3.880000114440918,4.0,2964900
2022-04-05,3.9700000286102295,4.03000020980835,3.859999895095825,3.880000114440918,3057500
2022-04-06,3.819999933242798,3.9700000286102295,3.809999942779541,3.9200000762939453,2701800
2022-04-07,3.9100000858306885,4.0,3.819999933242798,3.859999895095825,2003700
2022-04-08,3.859999895095825,3.869999885559082,3.7200000286102295,3.7300000190734863,2241200
2022-04-11,3.680000066757202,3.740000009536743,3.5899999141693115,3.5899999141693115,2279800
2022-04-12,3.609999895095825,3.75,3.5799999237060547,3.619999885559082,1922000
2022-04-13,3.609999895095825,3.859999895095825,3.609999895095825,3.8299999237060547,2487700
2022-04-14,3.8299999237060547,3.8499999046325684,3.680000066757202,3.680000066757202,1836200
2022-04-18,3.700000047683716,3.700000047683716,3.5399999618530273,3.5399999618530273,2574100
2022-04-19,3.5399999618530273,3.6600000858306885,3.5,3.559999942779541,1734800
2022-04-20,3.5899999141693115,3.5899999141693115,3.440000057220459,3.4800000190734863,2345900
2022-04-21,3.5199999809265137,3.5199999809265137,3.3299999237060547,3.359999895095825,2963800
2022-04-22,3.359999895095825,3.440000057220459,3.299999952316284,3.3299999237060547,2317100
2022-04-25,3.309999942779541,3.4100000858306885,3.2899999618530273,3.390000104904175,2924500
2022-04-26,3.390000104904175,3.4200000762939453,3.140000104904175,3.1500000953674316,3623400
2022-04-27,3.130000114440918,3.25,3.0999999046325684,3.119999885559082,4291200
2022-04-28,3.200000047683716,3.259999990463257,3.009999990463257,3.2300000190734863,3009800
2022-04-29,3.1700000762939453,3.3299999237060547,3.130000114440918,3.130000114440918,3159300
2022-05-02,3.1700000762939453,3.2799999713897705,3.0799999237060547,3.2799999713897705,4115000
2022-05-03,3.259999990463257,3.299999952316284,3.180000066757202,3.240000009536743,2612100
2022-05-04,3.2300000190734863,3.25,2.9100000858306885,3.2300000190734863,5901500
2022-05-05,3.200000047683716,3.25,2.990000009536743,3.069999933242798,3025200
2022-05-06,2.9100000858306885,3.140000104904175,2.890000104904175,2.950000047683716,3992000
2022-05-09,2.9100000858306885,2.990000009536743,2.7699999809265137,2.7699999809265137,6312900
2022-05-10,2.7799999713897705,3.0199999809265137,2.7799999713897705,2.950000047683716,6771100
2022-05-11,2.930000066757202,3.0199999809265137,2.6600000858306885,2.6700000762939453,5064300
2022-05-12,2.680000066757202,2.8399999141693115,2.609999895095825,2.7300000190734863,4150700
2022-05-13,2.799999952316284,3.009999990463257,2.740000009536743,3.009999990463257,4220300
2022-05-16,2.990000009536743,3.2300000190734863,2.9600000381469727,3.059999942779541,4742000
2022-05-17,3.109999895095825,3.369999885559082,3.0799999237060547,3.359999895095825,4548000
2022-05-18,3.3499999046325684,3.369999885559082,3.119999885559082,3.190000057220459,7451500
2022-05-19,3.200000047683716,3.5799999237060547,3.200000047683716,3.509999990463257,7137000
2022-05-20,3.549999952316284,3.7100000381469727,3.390000104904175,3.680000066757202,5691800
2022-05-23,3.7300000190734863,4.769999980926514,3.569999933242798,4.170000076293945,25427100
2022-05-24,4.190000057220459,4.409999847412109,3.9200000762939453,4.0,12428000
2022-05-25,4.0,4.239999771118164,3.9200000762939453,4.199999809265137,8042400
2022-05-26,4.190000057220459,4.599999904632568,4.159999847412109,4.570000171661377,8233200
2022-05-27,4.579999923706055,4.659999847412109,4.28000020980835,4.440000057220459,9324600
2022-05-31,4.369999885559082,4.440000057220459,4.139999866485596,4.179999828338623,7523400
2022-06-01,4.199999809265137,4.289999961853027,3.9700000286102295,4.159999847412109,7909700
2022-06-02,4.170000076293945,4.269999980926514,4.050000190734863,4.139999866485596,4235100
2022-06-03,4.139999866485596,4.619999885559082,4.139999866485596,4.610000133514404,8215300
2022-06-06,4.639999866485596,4.699999809265137,4.309999942779541,4.340000152587891,16826700
2022-06-07,4.300000190734863,4.53000020980835,4.300000190734863,4.519999980926514,3654800
2022-06-08,4.400000095367432,4.860000133514404,4.400000095367432,4.769999980926514,5416100
2022-06-09,4.71999979019165,4.75,4.460000038146973,4.460000038146973,3818000
2022-06-10,4.420000076293945,4.480000019073486,4.28000020980835,4.349999904632568,6970400
2022-06-13,4.239999771118164,4.239999771118164,3.759999990463257,3.8499999046325684,8772900
2022-06-14,3.8499999046325684,3.9100000858306885,3.609999895095825,3.7200000286102295,6548300
2022-06-15,3.759999990463257,3.809999942779541,3.440000057220459,3.630000114440918,10090100
2022-06-16,3.549999952316284,3.559999942779541,3.2799999713897705,3.3399999141693115,7399200
2022-06-17,3.4000000953674316,3.6500000953674316,3.319999933242798,3.559999942779541,12574700
2022-06-21,3.680000066757202,3.859999895095825,3.6700000762939453,3.7200000286102295,5543600
2022-06-22,3.609999895095825,3.9000000953674316,3.5799999237060547,3.809999942779541,3385000
2022-06-23,3.8299999237060547,3.9800000190734863,3.75,3.9800000190734863,6089800
2022-06-24,4.019999980926514,4.090000152587891,3.8399999141693115,3.880000114440918,5154900
2022-06-27,3.930000066757202,3.990000009536743,3.799999952316284,3.9600000381469727,2529000
2022-06-28,3.950000047683716,3.9700000286102295,3.75,3.7899999618530273,5725500
2022-06-29,3.7699999809265137,3.819999933242798,3.6700000762939453,3.799999952316284,4124600
2022-06-30,3.700000047683716,3.859999895095825,3.630000114440918,3.809999942779541,3739500
2022-07-01,3.809999942779541,4.0,3.799999952316284,3.9800000190734863,4500000
2022-07-05,3.9100000858306885,4.079999923706055,3.809999942779541,4.050000190734863,11892500
2022-07-06,4.010000228881836,4.369999885559082,4.010000228881836,4.119999885559082,5512200
2022-07-07,4.139999866485596,4.340000152587891,4.119999885559082,4.230000019073486,2722800
2022-07-08,4.190000057220459,4.429999828338623,4.159999847412109,4.340000152587891,3154500
2022-07-11,4.320000171661377,4.320000171661377,4.099999904632568,4.099999904632568,2936800
2022-07-12,4.119999885559082,4.139999866485596,3.890000104904175,4.090000152587891,2736100
2022-07-13,4.039999961853027,4.239999771118164,3.990000009536743,4.099999904632568,2886200
2022-07-14,4.039999961853027,4.059999942779541,3.869999885559082,3.869999885559082,3615600
2022-07-15,3.9700000286102295,4.0,3.7899999618530273,3.9600000381469727,3431900
2022-07-18,4.0,4.110000133514404,3.799999952316284,3.819999933242798,3071800
2022-07-19,3.9000000953674316,4.03000020980835,3.759999990463257,3.809999942779541,6151600
2022-07-20,3.799999952316284,3.9600000381469727,3.619999885559082,3.700000047683716,6937600
2022-07-21,3.6600000858306885,3.6700000762939453,3.4200000762939453,3.509999990463257,9838900
2022-07-22,3.559999942779541,3.559999942779541,3.2899999618530273,3.3299999237060547,5193500
2022-07-25,3.390000104904175,3.5199999809265137,3.359999895095825,3.4800000190734863,3013800
2022-07-26,3.440000057220459,3.5299999713897705,3.380000114440918,3.440000057220459,2100500
2022-07-27,3.4800000190734863,3.509999990463257,3.3499999046325684,3.490000009536743,2631800
2022-07-28,3.509999990463257,3.549999952316284,3.380000114440918,3.5,2606300
2022-07-29,3.4700000286102295,3.5199999809265137,3.4000000953674316,3.450000047683716,2198900
2022-08-01,3.450000047683716,3.809999942779541,3.4200000762939453,3.5799999237060547,4255300
2022-08-02,3.5999999046325684,4.079999923706055,3.559999942779541,3.940000057220459,5390500
2022-08-03,4.0,4.199999809265137,4.0,4.099999904632568,4478900
2022-08-04,4.090000152587891,4.300000190734863,4.090000152587891,4.289999961853027,3634300
2022-08-05,4.210000038146973,4.389999866485596,4.159999847412109,4.329999923706055,4235500
2022-08-08,4.329999923706055,4.46999979019165,4.25,4.349999904632568,3733400
2022-08-09,4.329999923706055,4.329999923706055,4.010000228881836,4.090000152587891,4103100
2022-08-10,3.9800000190734863,4.429999828338623,3.950000047683716,4.289999961853027,4493800
2022-08-11,4.269999980926514,4.289999961853027,4.050000190734863,4.070000171661377,3326800
2022-08-12,4.039999961853027,4.25,4.039999961853027,4.150000095367432,3707100
2022-08-15,4.110000133514404,4.150000095367432,4.03000020980835,4.070000171661377,3541600
2022-08-16,4.070000171661377,4.090000152587891,3.9000000953674316,3.9600000381469727,2560000
2022-08-17,3.930000066757202,4.019999980926514,3.859999895095825,3.930000066757202,3448700
2022-08-18,3.940000057220459,4.010000228881836,3.7899999618530273,4.0,3646800
2022-08-19,3.950000047683716,4.010000228881836,3.9000000953674316,3.9200000762939453,3257500
2022-08-22,3.9100000858306885,3.9600000381469727,3.809999942779541,3.859999895095825,4074400
2022-08-23,3.859999895095825,3.9800000190734863,3.75,3.880000114440918,4157000
2022-08-24,3.8499999046325684,4.039999961853027,3.759999990463257,3.990000009536743,3337900
2022-08-25,4.039999961853027,4.050000190734863,3.9000000953674316,3.9600000381469727,2227000
2022-08-26,3.9600000381469727,3.990000009536743,3.7100000381469727,3.7300000190734863,4299500
2022-08-29,3.700000047683716,3.7200000286102295,3.569999933242798,3.609999895095825,3079400
2022-08-30,3.640000104904175,3.7100000381469727,3.5,3.569999933242798,5417200
2022-08-31,3.5799999237060547,3.680000066757202,3.4100000858306885,3.6500000953674316,6092800
2022-09-01,3.6500000953674316,3.990000009536743,3.5999999046325684,3.9800000190734863,7019300
2022-09-02,3.9800000190734863,4.050000190734863,3.759999990463257,3.7799999713897705,4190000
2022-09-06,3.809999942779541,3.819999933242798,3.5299999713897705,3.5799999237060547,3820800
2022-09-07,3.5799999237060547,3.7899999618530273,3.569999933242798,3.759999990463257,5227400
2022-09-08,3.7100000381469727,3.9700000286102295,3.7100000381469727,3.9600000381469727,4352900
2022-09-09,3.990000009536743,4.0,3.859999895095825,3.880000114440918,3371200
2022-09-12,3.9200000762939453,4.03000020980835,3.859999895095825,3.9800000190734863,4658700
2022-09-13,3.890000104904175,3.950000047683716,3.7799999713897705,3.809999942779541,5409300
2022-09-14,3.809999942779541,4.039999961853027,3.759999990463257,3.950000047683716,5253300
2022-09-15,3.9200000762939453,3.950000047683716,3.680000066757202,3.740000009536743,5098000
2022-09-16,3.700000047683716,3.7200000286102295,3.450000047683716,3.569999933242798,19595200
2022-09-19,3.509999990463257,3.549999952316284,3.369999885559082,3.4800000190734863,5251700
2022-09-20,3.4600000381469727,3.509999990463257,3.3299999237060547,3.369999885559082,3830300
2022-09-21,3.450000047683716,3.450000047683716,3.200000047683716,3.2100000381469727,5689100
2022-09-22,3.180000066757202,3.240000009536743,3.0899999141693115,3.1700000762939453,4710900
2022-09-23,3.130000114440918,3.1700000762939453,2.990000009536743,3.069999933242798,6065100
2022-09-26,3.0799999237060547,3.119999885559082,2.990000009536743,3.0,3872100
2022-09-27,3.0999999046325684,3.0999999046325684,2.950000047683716,3.0199999809265137,4746700
2022-09-28,3.0399999618530273,3.2100000381469727,3.0,3.180000066757202,6193100
2022-09-29,3.140000104904175,3.140000104904175,2.9800000190734863,2.990000009536743,5681800
2022-09-30,3.0,3.2200000286102295,3.0,3.0899999141693115,4281500
2022-10-03,3.190000057220459,3.2200000286102295,3.0299999713897705,3.0899999141693115,3788100
2022-10-04,3.119999885559082,3.2300000190734863,3.109999895095825,3.2300000190734863,4926800
2022-10-05,3.1600000858306885,3.2100000381469727,3.049999952316284,3.1500000953674316,3331300
2022-10-06,3.1600000858306885,3.2799999713897705,3.130000114440918,3.2300000190734863,3066700
2022-10-07,3.200000047683716,3.299999952316284,3.180000066757202,3.2100000381469727,3815800
2022-10-10,3.190000057220459,3.2100000381469727,3.049999952316284,3.0799999237060547,4317200
2022-10-11,3.069999933242798,3.2300000190734863,2.9600000381469727,3.1600000858306885,3529800
2022-10-12,3.140000104904175,3.2200000286102295,3.0,3.0199999809265137,3831600
2022-10-13,2.9600000381469727,3.119999885559082,2.9100000858306885,3.119999885559082,3659200
2022-10-14,3.119999885559082,3.2100000381469727,3.0299999713897705,3.059999942779541,3394100
2022-10-17,3.109999895095825,3.319999933242798,3.069999933242798,3.2699999809265137,4174600
2022-10-18,3.3399999141693115,3.380000114440918,3.2699999809265137,3.3499999046325684,3113100
2022-10-19,3.359999895095825,3.390000104904175,3.119999885559082,3.180000066757202,5321800
2022-10-20,3.2100000381469727,3.3299999237060547,3.1700000762939453,3.2100000381469727,2621100
2022-10-21,3.25,3.3299999237060547,3.1700000762939453,3.3299999237060547,4051400
2022-10-24,3.319999933242798,3.319999933242798,3.200000047683716,3.240000009536743,2902300
2022-10-25,3.259999990463257,3.4200000762939453,3.240000009536743,3.369999885559082,3016100
2022-10-26,3.369999885559082,3.5799999237060547,3.3399999141693115,3.4000000953674316,4818600
2022-10-27,3.440000057220459,3.4700000286102295,3.3399999141693115,3.3499999046325684,3108500
2022-10-28,3.380000114440918,3.509999990463257,3.309999942779541,3.490000009536743,4089800
2022-10-31,3.4200000762939453,3.4700000286102295,3.3399999141693115,3.380000114440918,4647900
2022-11-01,3.440000057220459,3.5399999618530273,3.4000000953674316,3.4700000286102295,3074200
2022-11-02,3.4800000190734863,3.5999999046325684,3.380000114440918,3.390000104904175,5322100
2022-11-03,3.359999895095825,3.5199999809265137,3.3399999141693115,3.440000057220459,2978800
2022-11-04,3.5399999618530273,3.5999999046325684,3.430000066757202,3.5299999713897705,6686800
2022-11-07,3.569999933242798,3.740000009536743,3.509999990463257,3.630000114440918,4129400
2022-11-08,3.7100000381469727,3.9000000953674316,3.6600000858306885,3.809999942779541,4522000
2022-11-09,3.819999933242798,4.039999961853027,3.809999942779541,3.859999895095825,7212500
2022-11-10,4.019999980926514,4.28000020980835,3.950000047683716,4.25,8252500
2022-11-11,4.269999980926514,4.5,4.199999809265137,4.380000114440918,6554200
2022-11-14,4.320000171661377,4.489999771118164,4.119999885559082,4.260000228881836,6128800
2022-11-15,4.409999847412109,4.510000228881836,4.309999942779541,4.389999866485596,4616300
2022-11-16,4.349999904632568,4.5,4.050000190734863,4.150000095367432,5116300
2022-11-17,4.099999904632568,4.230000019073486,4.039999961853027,4.21999979019165,3240100
2022-11-18,4.300000190734863,4.309999942779541,4.159999847412109,4.199999809265137,2539600
2022-11-21,4.179999828338623,4.329999923706055,4.170000076293945,4.300000190734863,2434500
2022-11-22,4.380000114440918,4.429999828338623,4.21999979019165,4.429999828338623,4165300
2022-11-23,4.389999866485596,4.5,4.380000114440918,4.429999828338623,3437800
2022-11-25,4.409999847412109,4.550000190734863,4.340000152587891,4.510000228881836,1795400
2022-11-28,4.449999809265137,4.550000190734863,4.389999866485596,4.409999847412109,3325600
2022-11-29,4.429999828338623,4.550000190734863,4.420000076293945,4.429999828338623,3004200
2022-11-30,4.460000038146973,4.699999809265137,4.400000095367432,4.679999828338623,5572400
2022-12-01,4.659999847412109,4.71999979019165,4.53000020980835,4.659999847412109,3830900
2022-12-02,4.599999904632568,4.840000152587891,4.539999961853027,4.820000171661377,4113800
2022-12-05,4.809999942779541,4.809999942779541,4.570000171661377,4.610000133514404,3850300
2022-12-06,4.619999885559082,4.639999866485596,4.519999980926514,4.570000171661377,3202000
2022-12-07,4.53000020980835,4.710000038146973,4.489999771118164,4.699999809265137,3190900
2022-12-08,4.699999809265137,4.840000152587891,4.650000095367432,4.820000171661377,2955100
2022-12-09,4.800000190734863,4.869999885559082,4.659999847412109,4.670000076293945,4453200
2022-12-12,4.639999866485596,4.869999885559082,4.510000228881836,4.840000152587891,6014400
2022-12-13,4.900000095367432,4.929999828338623,4.670000076293945,4.889999866485596,5557300
2022-12-14,4.869999885559082,5.050000190734863,4.800000190734863,4.949999809265137,4854000
2022-12-15,4.909999847412109,4.949999809265137,4.739999771118164,4.78000020980835,4572200
2022-12-16,4.699999809265137,5.309999942779541,4.659999847412109,5.110000133514404,18253700
2022-12-19,5.110000133514404,5.119999885559082,4.829999923706055,4.900000095367432,6654700
2022-12-20,4.920000076293945,5.179999828338623,4.849999904632568,5.110000133514404,4369700
2022-12-21,5.139999866485596,5.309999942779541,5.050000190734863,5.199999809265137,4094300
2022-12-22,5.139999866485596,5.289999961853027,5.03000020980835,5.28000020980835,5126600
2022-12-23,5.300000190734863,5.309999942779541,5.059999942779541,5.090000152587891,5520900
2022-12-27,5.090000152587891,5.210000038146973,5.050000190734863,5.110000133514404,2974500
2022-12-28,5.110000133514404,5.230000019073486,5.039999961853027,5.070000171661377,4510500
2022-12-29,5.099999904632568,5.46999979019165,5.090000152587891,5.369999885559082,5229300
2022-12-30,5.309999942779541,5.389999866485596,5.130000114440918,5.269999980926514,5705700
2023-01-03,5.309999942779541,5.360000133514404,5.170000076293945,5.210000038146973,2731800
2023-01-04,5.230000019073486,5.369999885559082,5.170000076293945,5.199999809265137,3101200
2023-01-05,5.150000095367432,5.21999979019165,4.929999828338623,4.940000057220459,4820400
2023-01-06,4.980000019073486,5.050000190734863,4.769999980926514,4.960000038146973,3133900
2023-01-09,4.96999979019165,5.010000228881836,4.739999771118164,4.769999980926514,5566500
2023-01-10,4.769999980926514,5.039999961853027,4.699999809265137,4.789999961853027,4658700
2023-01-11,4.769999980926514,4.889999866485596,4.699999809265137,4.849999904632568,3756600
2023-01-12,4.849999904632568,5.03000020980835,4.809999942779541,4.980000019073486,4332200
2023-01-13,4.929999828338623,5.03000020980835,4.710000038146973,4.829999923706055,4051200
2023-01-17,4.829999923706055,4.840000152587891,4.550000190734863,4.570000171661377,2927300
2023-01-18,4.579999923706055,4.670000076293945,4.53000020980835,4.559999942779541,2861400
2023-01-19,4.579999923706055,4.590000152587891,4.5,4.519999980926514,2602600
2023-01-20,4.599999904632568,4.78000020980835,4.539999961853027,4.75,3122600
2023-01-23,4.78000020980835,4.880000114440918,4.639999866485596,4.860000133514404,3856100
2023-01-24,4.829999923706055,5.21999979019165,4.769999980926514,5.190000057220459,4524300
2023-01-25,5.130000114440918,5.320000171661377,5.090000152587891,5.300000190734863,2156900
2023-01-26,5.329999923706055,5.360000133514404,5.210000038146973,5.309999942779541,2645600
2023-01-27,5.260000228881836,5.349999904632568,5.170000076293945,5.230000019073486,1877300
2023-01-30,5.190000057220459,5.289999961853027,5.090000152587891,5.150000095367432,1877800
2023-01-31,5.190000057220459,5.510000228881836,5.190000057220459,5.46999979019165,5174600
2023-02-01,5.449999809265137,5.510000228881836,5.179999828338623,5.269999980926514,3618500
2023-02-02,5.289999961853027,5.340000152587891,5.090000152587891,5.289999961853027,2863900
2023-02-03,5.199999809265137,5.329999923706055,5.150000095367432,5.179999828338623,2370000
2023-02-06,5.130000114440918,5.289999961853027,5.110000133514404,5.159999847412109,1828700
2023-02-07,5.179999828338623,5.28000020980835,5.099999904632568,5.25,2139000
2023-02-08,5.230000019073486,5.260000228881836,5.099999904632568,5.099999904632568,1820200
2023-02-09,5.179999828338623,5.239999771118164,5.110000133514404,5.119999885559082,1572700
2023-02-10,5.110000133514404,5.230000019073486,5.019999980926514,5.159999847412109,2836300
2023-02-13,5.190000057220459,5.389999866485596,5.119999885559082,5.300000190734863,1794600
2023-02-14,5.28000020980835,5.5,5.239999771118164,5.420000076293945,2303700
2023-02-15,5.380000114440918,5.409999847412109,5.289999961853027,5.360000133514404,1689400
2023-02-16,5.289999961853027,5.460000038146973,5.269999980926514,5.369999885559082,1935300
2023-02-17,5.320000171661377,5.659999847412109,5.320000171661377,5.630000114440918,3109000
2023-02-21,5.570000171661377,5.570000171661377,5.239999771118164,5.269999980926514,4152100
2023-02-22,5.099999904632568,5.289999961853027,5.090000152587891,5.190000057220459,3510400
2023-02-23,5.21999979019165,5.25,5.079999923706055,5.21999979019165,2658500
2023-02-24,5.199999809265137,5.650000095367432,5.179999828338623,5.409999847412109,4491400
2023-02-27,5.550000190734863,5.730000019073486,5.360000133514404,5.380000114440918,4588900
2023-02-28,5.380000114440918,5.510000228881836,5.269999980926514,5.28000020980835,3472700
2023-03-01,5.289999961853027,5.309999942779541,4.769999980926514,4.829999923706055,6347400
2023-03-02,4.800000190734863,4.900000095367432,4.699999809265137,4.809999942779541,4069100
2023-03-03,4.809999942779541,4.980000019073486,4.610000133514404,4.869999885559082,3090200
2023-03-06,4.96999979019165,4.96999979019165,4.760000228881836,4.800000190734863,2355700
2023-03-07,4.78000020980835,4.829999923706055,4.710000038146973,4.75,1959200
2023-03-08,4.78000020980835,4.869999885559082,4.730000019073486,4.78000020980835,1684600
2023-03-09,4.809999942779541,4.809999942779541,4.579999923706055,4.619999885559082,5744200
2023-03-10,4.599999904632568,4.650000095367432,4.380000114440918,4.46999979019165,3767700
2023-03-13,4.420000076293945,4.599999904632568,4.369999885559082,4.429999828338623,3687100
2023-03-14,4.559999942779541,4.559999942779541,4.190000057220459,4.230000019073486,5014200
2023-03-15,4.110000133514404,4.179999828338623,4.03000020980835,4.090000152587891,4034700
2023-03-16,4.070000171661377,4.230000019073486,3.990000009536743,4.159999847412109,2885600
2023-03-17,4.110000133514404,4.139999866485596,3.990000009536743,4.070000171661377,6808900
2023-03-20,4.059999942779541,4.099999904632568,3.950000047683716,4.070000171661377,2364700
2023-03-21,4.110000133514404,4.25,4.099999904632568,4.110000133514404,1760400
2023-03-22,4.099999904632568,4.099999904632568,3.940000057220459,3.950000047683716,2560500
2023-03-23,4.019999980926514,4.090000152587891,3.940000057220459,4.039999961853027,2425000
2023-03-24,3.9800000190734863,4.039999961853027,3.930000066757202,3.990000009536743,2841900
2023-03-27,4.039999961853027,4.099999904632568,3.990000009536743,4.03000020980835,1924400
2023-03-28,4.03000020980835,4.079999923706055,3.9800000190734863,4.010000228881836,1549400
2023-03-29,4.059999942779541,4.110000133514404,4.010000228881836,4.090000152587891,1926900
2023-03-30,4.119999885559082,4.119999885559082,3.930000066757202,3.990000009536743,2290600
2023-03-31,4.03000020980835,4.119999885559082,4.0,4.099999904632568,3573700
2023-04-03,4.099999904632568,4.159999847412109,4.090000152587891,4.130000114440918,2001400
2023-04-04,4.130000114440918,4.139999866485596,4.0,4.039999961853027,2573000
2023-04-05,4.039999961853027,4.139999866485596,4.019999980926514,4.050000190734863,1720400
2023-04-06,4.059999942779541,4.239999771118164,4.03000020980835,4.150000095367432,9116200
2023-04-10,4.139999866485596,4.139999866485596,3.950000047683716,3.950000047683716,2960100
2023-04-11,3.930000066757202,3.990000009536743,3.8499999046325684,3.9700000286102295,2876800
2023-04-12,4.0,4.050000190734863,3.880000114440918,3.9000000953674316,1822900
2023-04-13,3.950000047683716,4.210000038146973,3.9200000762939453,4.170000076293945,3854200
2023-04-14,4.170000076293945,4.170000076293945,3.950000047683716,4.03000020980835,2351200
2023-04-17,4.050000190734863,4.269999980926514,4.03000020980835,4.260000228881836,3024900
2023-04-18,4.289999961853027,4.309999942779541,4.179999828338623,4.260000228881836,2209000
2023-04-19,4.239999771118164,4.409999847412109,4.210000038146973,4.400000095367432,2189900
2023-04-20,4.349999904632568,4.349999904632568,3.940000057220459,4.03000020980835,4631300
2023-04-21,4.050000190734863,4.090000152587891,3.9700000286102295,4.070000171661377,3553200
2023-04-24,4.039999961853027,4.090000152587891,3.9200000762939453,3.9600000381469727,2809900
2023-04-25,3.930000066757202,3.9800000190734863,3.859999895095825,3.890000104904175,1985600
2023-04-26,3.9000000953674316,3.940000057220459,3.799999952316284,3.8299999237060547,2011900
2023-04-27,3.8299999237060547,3.880000114440918,3.7799999713897705,3.809999942779541,2654700
2023-04-28,3.7899999618530273,3.890000104904175,3.7799999713897705,3.8499999046325684,2419300
2023-05-01,3.8499999046325684,3.990000009536743,3.8399999141693115,3.9600000381469727,2611100
2023-05-02,3.930000066757202,3.9600000381469727,3.700000047683716,3.7200000286102295,3571600
2023-05-03,3.740000009536743,3.9800000190734863,3.7100000381469727,3.930000066757202,5208600
2023-05-04,3.930000066757202,3.930000066757202,3.7200000286102295,3.890000104904175,3613100
2023-05-05,3.950000047683716,4.019999980926514,3.9000000953674316,3.9600000381469727,3014500
2023-05-08,3.9800000190734863,4.010000228881836,3.8499999046325684,3.880000114440918,2561900
2023-05-09,3.8499999046325684,3.9000000953674316,3.740000009536743,3.799999952316284,2560800
2023-05-10,4.019999980926514,4.590000152587891,4.0,4.400000095367432,6366900
2023-05-11,4.420000076293945,4.53000020980835,4.179999828338623,4.239999771118164,3675400
2023-05-12,4.289999961853027,4.309999942779541,4.179999828338623,4.230000019073486,3962500
2023-05-15,4.239999771118164,4.559999942779541,4.239999771118164,4.53000020980835,6211900
2023-05-16,4.480000019073486,4.510000228881836,4.320000171661377,4.389999866485596,4463600
2023-05-17,4.440000057220459,4.559999942779541,4.380000114440918,4.550000190734863,3540300
2023-05-18,4.550000190734863,4.630000114440918,4.489999771118164,4.559999942779541,3398100
2023-05-19,4.639999866485596,4.650000095367432,4.559999942779541,4.619999885559082,2833600
2023-05-22,4.650000095367432,4.840000152587891,4.639999866485596,4.789999961853027,2576100
2023-05-23,4.78000020980835,4.820000171661377,4.579999923706055,4.659999847412109,2251800
2023-05-24,4.630000114440918,4.760000228881836,4.539999961853027,4.710000038146973,3601600
2023-05-25,4.699999809265137,4.710000038146973,4.53000020980835,4.550000190734863,2950100
2023-05-26,4.539999961853027,4.590000152587891,4.420000076293945,4.539999961853027,2484000
2023-05-30,4.510000228881836,4.630000114440918,4.389999866485596,4.429999828338623,2681400
2023-05-31,4.389999866485596,4.659999847412109,4.389999866485596,4.639999866485596,4949900
2023-06-01,4.639999866485596,4.639999866485596,4.46999979019165,4.480000019073486,1944600
2023-06-02,4.539999961853027,4.570000171661377,4.349999904632568,4.460000038146973,2824000
2023-06-05,4.420000076293945,4.420000076293945,4.25,4.320000171661377,2275300
2023-06-06,4.320000171661377,4.440000057220459,4.260000228881836,4.320000171661377,2272500
2023-06-07,4.360000133514404,4.440000057220459,4.110000133514404,4.210000038146973,3101700
2023-06-08,4.170000076293945,4.210000038146973,4.090000152587891,4.119999885559082,2850700
2023-06-09,4.099999904632568,4.110000133514404,3.9600000381469727,4.03000020980835,2627900
2023-06-12,4.099999904632568,4.199999809265137,4.039999961853027,4.139999866485596,2362200
2023-06-13,4.159999847412109,4.260000228881836,4.139999866485596,4.239999771118164,2613300
2023-06-14,4.239999771118164,4.269999980926514,4.090000152587891,4.130000114440918,2066000
2023-06-15,4.150000095367432,4.190000057220459,4.090000152587891,4.190000057220459,1993400
2023-06-16,4.21999979019165,4.269999980926514,4.070000171661377,4.090000152587891,7062400
2023-06-20,4.079999923706055,4.079999923706055,3.990000009536743,4.019999980926514,1811600
2023-06-21,4.010000228881836,4.199999809265137,4.010000228881836,4.150000095367432,2429600
2023-06-22,4.150000095367432,4.190000057220459,4.050000190734863,4.059999942779541,1485800
2023-06-23,4.019999980926514,4.039999961853027,3.9000000953674316,3.930000066757202,11288700
2023-06-26,3.940000057220459,4.03000020980835,3.930000066757202,3.9600000381469727,2797100
2023-06-27,3.9800000190734863,4.019999980926514,3.9200000762939453,3.9700000286102295,1717200
2023-06-28,3.9800000190734863,3.990000009536743,3.9000000953674316,3.9600000381469727,1906800
2023-06-29,3.9600000381469727,3.990000009536743,3.9200000762939453,3.9600000381469727,1824600
2023-06-30,3.990000009536743,4.139999866485596,3.9600000381469727,4.070000171661377,2621600
2023-07-03,3.950000047683716,4.139999866485596,3.950000047683716,3.9800000190734863,1390900
2023-07-05,3.9800000190734863,4.039999961853027,3.950000047683716,4.0,1455900
2023-07-06,3.9800000190734863,3.9800000190734863,3.9000000953674316,3.9200000762939453,2024900
2023-07-07,3.9000000953674316,4.070000171661377,3.890000104904175,3.9100000858306885,1974300
2023-07-10,3.890000104904175,4.130000114440918,3.890000104904175,4.119999885559082,2836700
2023-07-11,4.099999904632568,4.190000057220459,4.039999961853027,4.090000152587891,1931000
2023-07-12,4.130000114440918,4.210000038146973,4.119999885559082,4.150000095367432,1746500
2023-07-13,4.179999828338623,4.28000020980835,4.150000095367432,4.21999979019165,1634700
2023-07-14,4.230000019073486,4.289999961853027,4.179999828338623,4.21999979019165,1022600
2023-07-17,4.25,4.369999885559082,4.239999771118164,4.349999904632568,1602600
2023-07-18,4.349999904632568,4.429999828338623,4.309999942779541,4.369999885559082,1296700
2023-07-19,4.369999885559082,4.46999979019165,4.369999885559082,4.420000076293945,1068700
2023-07-20,4.409999847412109,4.489999771118164,4.380000114440918,4.389999866485596,1235700
2023-07-21,4.429999828338623,4.480000019073486,4.400000095367432,4.429999828338623,1595000
2023-07-24,4.440000057220459,4.449999809265137,4.289999961853027,4.429999828338623,1762300
2023-07-25,4.400000095367432,4.570000171661377,4.400000095367432,4.460000038146973,1357400
2023-07-26,4.460000038146973,4.519999980926514,4.380000114440918,4.409999847412109,1450600
2023-07-27,4.449999809265137,4.53000020980835,4.400000095367432,4.420000076293945,1484500
2023-07-28,4.449999809265137,4.710000038146973,4.449999809265137,4.630000114440918,2550700
2023-07-31,4.639999866485596,4.710000038146973,4.519999980926514,4.570000171661377,2068600
2023-08-01,4.53000020980835,4.630000114440918,4.449999809265137,4.489999771118164,2077800
2023-08-02,4.639999866485596,4.659999847412109,4.389999866485596,4.590000152587891,2827200
2023-08-03,4.610000133514404,4.849999904632568,4.510000228881836,4.699999809265137,2551800
2023-08-04,4.71999979019165,4.760000228881836,4.590000152587891,4.71999979019165,2253700
2023-08-07,4.739999771118164,4.769999980926514,4.570000171661377,4.599999904632568,3045900
2023-08-08,5.0,5.630000114440918,4.809999942779541,5.449999809265137,16221600
2023-08-09,5.489999771118164,5.75,5.309999942779541,5.340000152587891,8418700
2023-08-10,5.400000095367432,5.409999847412109,5.190000057220459,5.289999961853027,3788900
2023-08-11,5.260000228881836,5.320000171661377,5.150000095367432,5.25,4109400
2023-08-14,5.289999961853027,5.329999923706055,5.190000057220459,5.269999980926514,5308500
2023-08-15,5.289999961853027,5.289999961853027,5.159999847412109,5.239999771118164,3035900
2023-08-16,5.199999809265137,5.260000228881836,5.039999961853027,5.050000190734863,3490700
2023-08-17,5.050000190734863,5.130000114440918,4.940000057220459,4.949999809265137,3011800
2023-08-18,4.920000076293945,5.0,4.869999885559082,4.980000019073486,3444300
2023-08-21,4.96999979019165,5.03000020980835,4.710000038146973,4.760000228881836,3504800
2023-08-22,4.760000228881836,4.78000020980835,4.5,4.539999961853027,4031000
2023-08-23,4.550000190734863,4.659999847412109,4.539999961853027,4.630000114440918,2925000
2023-08-24,4.610000133514404,4.809999942779541,4.559999942779541,4.78000020980835,2840900
2023-08-25,4.820000171661377,4.820000171661377,4.570000171661377,4.71999979019165,2151100
2023-08-28,4.71999979019165,4.940000057220459,4.71999979019165,4.769999980926514,2283800
2023-08-29,4.760000228881836,4.769999980926514,4.639999866485596,4.670000076293945,1258000
2023-08-30,4.679999828338623,4.820000171661377,4.679999828338623,4.739999771118164,2346500
2023-08-31,4.71999979019165,4.75,4.599999904632568,4.610000133514404,1813500
2023-09-01,4.610000133514404,4.690000057220459,4.590000152587891,4.630000114440918,1942500
2023-09-05,4.610000133514404,4.639999866485596,4.539999961853027,4.579999923706055,2447400
2023-09-06,4.579999923706055,4.590000152587891,4.510000228881836,4.539999961853027,1536400
2023-09-07,4.53000020980835,4.53000020980835,4.369999885559082,4.389999866485596,2259100
2023-09-08,4.400000095367432,4.400000095367432,4.239999771118164,4.289999961853027,2191800
2023-09-11,4.230000019073486,4.380000114440918,4.230000019073486,4.349999904632568,2480100
2023-09-12,4.340000152587891,4.380000114440918,4.28000020980835,4.360000133514404,1731000
2023-09-13,4.349999904632568,4.409999847412109,4.28000020980835,4.300000190734863,3184700
2023-09-14,4.309999942779541,4.449999809265137,4.309999942779541,4.389999866485596,1799300
2023-09-15,4.389999866485596,4.389999866485596,4.260000228881836,4.349999904632568,7534400
2023-09-18,4.449999809265137,4.639999866485596,4.28000020980835,4.340000152587891,3359400
2023-09-19,4.320000171661377,4.340000152587891,4.21999979019165,4.239999771118164,1802600
2023-09-20,4.239999771118164,4.260000228881836,4.139999866485596,4.150000095367432,1658300
2023-09-21,4.119999885559082,4.190000057220459,4.090000152587891,4.110000133514404,2882400
2023-09-22,4.139999866485596,4.139999866485596,4.0,4.059999942779541,2352200
2023-09-25,4.079999923706055,4.079999923706055,3.990000009536743,4.010000228881836,1624500
2023-09-26,4.03000020980835,4.150000095367432,4.010000228881836,4.03000020980835,2740600
2023-09-27,4.039999961853027,4.110000133514404,4.0,4.099999904632568,1257600
2023-09-28,4.070000171661377,4.139999866485596,4.010000228881836,4.110000133514404,1593700
2023-09-29,4.150000095367432,4.199999809265137,4.099999904632568,4.130000114440918,1669100
2023-10-02,4.079999923706055,4.130000114440918,3.990000009536743,4.03000020980835,2451300
2023-10-03,4.03000020980835,4.130000114440918,3.859999895095825,3.869999885559082,2793400
2023-10-04,3.9200000762939453,3.9200000762939453,3.809999942779541,3.9000000953674316,1650300
2023-10-05,3.9000000953674316,4.090000152587891,3.9000000953674316,4.070000171661377,2529300
2023-10-06,4.039999961853027,4.099999904632568,4.0,4.010000228881836,1894700
2023-10-09,3.9800000190734863,3.9800000190734863,3.859999895095825,3.940000057220459,1096800
2023-10-10,4.070000171661377,4.420000076293945,4.070000171661377,4.239999771118164,3845400
2023-10-11,4.239999771118164,4.300000190734863,4.150000095367432,4.179999828338623,1130500
2023-10-12,4.159999847412109,4.190000057220459,3.9600000381469727,3.990000009536743,2079100
2023-10-13,4.019999980926514,4.03000020980835,3.9600000381469727,3.990000009536743,2074100
2023-10-16,4.0,4.119999885559082,3.9100000858306885,4.099999904632568,1366400
2023-10-17,4.079999923706055,4.320000171661377,4.079999923706055,4.230000019073486,2315700
2023-10-18,4.210000038146973,4.260000228881836,4.170000076293945,4.199999809265137,1753400
2023-10-19,4.159999847412109,4.230000019073486,4.099999904632568,4.110000133514404,1251600
2023-10-20,4.130000114440918,4.269999980926514,4.079999923706055,4.210000038146973,1580700
2023-10-23,4.199999809265137,4.25,4.079999923706055,4.090000152587891,1807500
2023-10-24,4.150000095367432,4.230000019073486,4.110000133514404,4.150000095367432,1642600
2023-10-25,4.099999904632568,4.139999866485596,4.010000228881836,4.050000190734863,1957300
2023-10-26,4.090000152587891,4.119999885559082,4.0,4.039999961853027,1755400
2023-10-27,4.03000020980835,4.090000152587891,3.890000104904175,3.9100000858306885,2578200
2023-10-30,3.9200000762939453,4.170000076293945,3.9000000953674316,4.159999847412109,1453500
2023-10-31,4.130000114440918,4.300000190734863,4.110000133514404,4.289999961853027,2354000
2023-11-01,4.25,4.380000114440918,3.9800000190734863,4.03000020980835,3116600
2023-11-02,4.050000190734863,4.070000171661377,3.819999933242798,3.9800000190734863,3423300
2023-11-03,4.039999961853027,4.090000152587891,3.950000047683716,3.9600000381469727,2587100
2023-11-06,3.950000047683716,3.950000047683716,3.6500000953674316,3.680000066757202,3936000
2023-11-07,3.819999933242798,3.869999885559082,3.690000057220459,3.799999952316284,2735100
2023-11-08,4.019999980926514,4.050000190734863,3.619999885559082,3.6500000953674316,4058600
2023-11-09,3.630000114440918,3.6600000858306885,3.380000114440918,3.4700000286102295,4142400
2023-11-10,3.5299999713897705,3.5399999618530273,3.4100000858306885,3.430000066757202,2288000
2023-11-13,3.4800000190734863,3.549999952316284,3.380000114440918,3.5399999618530273,5467200
2023-11-14,3.609999895095825,3.759999990463257,3.5899999141693115,3.7200000286102295,4930800
2023-11-15,3.759999990463257,3.9000000953674316,3.700000047683716,3.75,2712800
2023-11-16,3.75,3.7899999618530273,3.569999933242798,3.5999999046325684,2534600
2023-11-17,3.630000114440918,3.8499999046325684,3.630000114440918,3.799999952316284,2984000
2023-11-20,3.8299999237060547,3.859999895095825,3.7200000286102295,3.759999990463257,1717400
2023-11-21,3.7699999809265137,3.890000104904175,3.700000047683716,3.7100000381469727,3878300
2023-11-22,3.7100000381469727,3.7699999809265137,3.640000104904175,3.6500000953674316,1631300
2023-11-24,3.6500000953674316,3.680000066757202,3.5899999141693115,3.619999885559082,714500
2023-11-27,3.5799999237060547,3.5999999046325684,3.490000009536743,3.5199999809265137,2124400
2023-11-28,3.5199999809265137,3.5799999237060547,3.4600000381469727,3.5,1919400
2023-11-29,3.5199999809265137,3.5799999237060547,3.490000009536743,3.5399999618530273,1591000
2023-11-30,3.5399999618530273,3.700000047683716,3.5399999618530273,3.619999885559082,1669600
2023-12-01,3.619999885559082,3.7799999713897705,3.5899999141693115,3.7699999809265137,3319300
2023-12-04,3.7799999713897705,3.8299999237060547,3.609999895095825,3.75,2630200
2023-12-05,3.7200000286102295,3.7899999618530273,3.640000104904175,3.7100000381469727,2574500
2023-12-06,3.7100000381469727,3.759999990463257,3.569999933242798,3.5899999141693115,3709600
2023-12-07,3.609999895095825,3.680000066757202,3.5899999141693115,3.6700000762939453,2255800
2023-12-08,3.6600000858306885,3.700000047683716,3.569999933242798,3.5799999237060547,2215200
2023-12-11,3.5799999237060547,3.609999895095825,3.509999990463257,3.5399999618530273,2149500
2023-12-12,3.549999952316284,3.549999952316284,3.430000066757202,3.509999990463257,2311200
2023-12-13,3.5,3.880000114440918,3.5,3.880000114440918,3436100
2023-12-14,3.930000066757202,4.050000190734863,3.880000114440918,3.9800000190734863,3479300
2023-12-15,3.9800000190734863,4.039999961853027,3.9000000953674316,3.940000057220459,3296000
2023-12-18,3.9200000762939453,3.9200000762939453,3.7100000381469727,3.7300000190734863,2393000
2023-12-19,3.799999952316284,3.9200000762939453,3.7699999809265137,3.9100000858306885,2070400
2023-12-20,3.9000000953674316,4.0,3.299999952316284,3.3399999141693115,9236300
2023-12-21,3.4000000953674316,3.5299999713897705,3.369999885559082,3.4200000762939453,3408200
2023-12-22,3.490000009536743,3.619999885559082,3.440000057220459,3.5999999046325684,3044100
2023-12-26,3.619999885559082,3.700000047683716,3.5799999237060547,3.630000114440918,1983800
2023-12-27,3.640000104904175,3.6700000762939453,3.5999999046325684,3.6600000858306885,1722300
2023-12-28,3.6500000953674316,3.75,3.6500000953674316,3.700000047683716,1932300
2023-12-29,3.7200000286102295,3.7200000286102295,3.630000114440918,3.640000104904175,1697100
2024-01-02,3.7100000381469727,4.139999866485596,3.690000057220459,3.9200000762939453,7778500
2024-01-03,4.0,4.0,3.630000114440918,3.700000047683716,3811500
2024-01-04,3.740000009536743,3.880000114440918,3.700000047683716,3.819999933242798,2663300
2024-01-05,3.759999990463257,3.7699999809265137,3.619999885559082,3.640000104904175,5315100
2024-01-08,3.609999895095825,3.7100000381469727,3.4100000858306885,3.7100000381469727,3305600
2024-01-09,3.640000104904175,3.6500000953674316,3.559999942779541,3.569999933242798,2169200
2024-01-10,3.559999942779541,3.5999999046325684,3.490000009536743,3.5899999141693115,1675200
2024-01-11,3.5199999809265137,3.609999895095825,3.4600000381469727,3.4700000286102295,2911800
2024-01-12,3.490000009536743,3.5199999809265137,3.309999942779541,3.4200000762939453,3050000
2024-01-16,3.369999885559082,3.380000114440918,3.2899999618530273,3.3299999237060547,2058500
2024-01-17,3.309999942779541,3.319999933242798,3.2100000381469727,3.2799999713897705,3628000
2024-01-18,3.319999933242798,3.359999895095825,3.25,3.3499999046325684,3062200
2024-01-19,3.380000114440918,3.4000000953674316,3.299999952316284,3.359999895095825,3263500
2024-01-22,3.390000104904175,3.490000009536743,3.3299999237060547,3.450000047683716,5800700
2024-01-23,3.5,3.569999933242798,3.369999885559082,3.450000047683716,1470600
2024-01-24,3.4700000286102295,3.5199999809265137,3.4100000858306885,3.430000066757202,2176700
2024-01-25,3.4800000190734863,3.549999952316284,3.4200000762939453,3.440000057220459,1527200
2024-01-26,3.4700000286102295,3.5,3.3299999237060547,3.3499999046325684,1338700
2024-01-29,3.3499999046325684,3.5299999713897705,3.319999933242798,3.5199999809265137,1956200
2024-01-30,3.5,3.5,3.390000104904175,3.4100000858306885,1380000
2024-01-31,3.390000104904175,3.490000009536743,3.3399999141693115,3.3399999141693115,1955700
2024-02-01,3.380000114440918,3.430000066757202,3.319999933242798,3.4100000858306885,1826500
2024-02-02,3.380000114440918,3.380000114440918,3.2200000286102295,3.2799999713897705,1897500
2024-02-05,3.2799999713897705,3.2899999618530273,3.1700000762939453,3.25,1950300
2024-02-06,3.240000009536743,3.4700000286102295,3.2200000286102295,3.4600000381469727,1773300
2024-02-07,3.4700000286102295,3.4800000190734863,3.369999885559082,3.430000066757202,1412400
2024-02-08,3.4100000858306885,3.4600000381469727,3.369999885559082,3.430000066757202,939400
2024-02-09,3.4800000190734863,3.509999990463257,3.430000066757202,3.509999990463257,1694000
2024-02-12,3.509999990463257,3.680000066757202,3.430000066757202,3.6700000762939453,2793100
2024-02-13,3.5999999046325684,3.5999999046325684,3.380000114440918,3.4000000953674316,3025300
2024-02-14,3.450000047683716,3.609999895095825,3.4100000858306885,3.5999999046325684,2371100
2024-02-15,3.619999885559082,3.740000009536743,3.5999999046325684,3.7100000381469727,2864600
2024-02-16,3.7100000381469727,3.7200000286102295,3.619999885559082,3.6500000953674316,1497300
2024-02-20,3.5899999141693115,3.6600000858306885,3.559999942779541,3.5999999046325684,1511500
2024-02-21,3.609999895095825,3.640000104904175,3.5299999713897705,3.5999999046325684,1204900
2024-02-22,3.5999999046325684,3.640000104904175,3.5299999713897705,3.5899999141693115,1176100
2024-02-23,3.5799999237060547,3.5999999046325684,3.5299999713897705,3.549999952316284,1449400
2024-02-26,3.569999933242798,3.5799999237060547,3.4700000286102295,3.5799999237060547,1731300
2024-02-27,3.5999999046325684,3.8299999237060547,3.569999933242798,3.7799999713897705,3338200
2024-02-28,3.9000000953674316,4.28000020980835,3.859999895095825,3.9200000762939453,6239300
2024-02-29,4.03000020980835,4.320000171661377,3.9800000190734863,4.110000133514404,6370700
2024-03-01,4.150000095367432,4.699999809265137,4.150000095367432,4.5,7006200
2024-03-04,4.599999904632568,4.670000076293945,4.460000038146973,4.650000095367432,6869800
2024-03-05,4.650000095367432,4.860000133514404,4.610000133514404,4.75,6434300
2024-03-06,4.849999904632568,4.860000133514404,4.710000038146973,4.800000190734863,4732900
2024-03-07,4.849999904632568,5.210000038146973,4.800000190734863,5.150000095367432,8675300
2024-03-08,5.199999809265137,5.400000095367432,5.190000057220459,5.269999980926514,5134200
2024-03-11,5.25,5.260000228881836,4.550000190734863,4.610000133514404,6829700
2024-03-12,4.579999923706055,4.639999866485596,4.400000095367432,4.449999809265137,3356600
2024-03-13,4.440000057220459,4.610000133514404,4.440000057220459,4.590000152587891,3143700
2024-03-14,4.539999961853027,4.639999866485596,4.429999828338623,4.5,2433300
2024-03-15,4.460000038146973,4.570000171661377,4.400000095367432,4.46999979019165,5811300
2024-03-18,4.460000038146973,4.739999771118164,4.409999847412109,4.619999885559082,3996600
2024-03-19,4.610000133514404,4.699999809265137,4.539999961853027,4.670000076293945,1824100
2024-03-20,4.690000057220459,4.829999923706055,4.599999904632568,4.820000171661377,2200900
2024-03-21,4.869999885559082,4.960000038146973,4.699999809265137,4.760000228881836,2511900
2024-03-22,4.789999961853027,4.940000057220459,4.739999771118164,4.920000076293945,2245700
2024-03-25,4.920000076293945,5.110000133514404,4.889999866485596,4.900000095367432,1911500
2024-03-26,4.949999809265137,5.059999942779541,4.860000133514404,4.909999847412109,2590200
2024-03-27,4.900000095367432,4.929999828338623,4.519999980926514,4.630000114440918,5866700
2024-03-28,4.630000114440918,4.739999771118164,4.489999771118164,4.53000020980835,2578100
2024-04-01,4.519999980926514,4.519999980926514,4.300000190734863,4.340000152587891,2720600
2024-04-02,4.300000190734863,4.340000152587891,4.230000019073486,4.309999942779541,4039400
2024-04-03,4.300000190734863,4.489999771118164,4.21999979019165,4.429999828338623,2812500
2024-04-04,4.46999979019165,4.519999980926514,4.300000190734863,4.309999942779541,2705500
2024-04-05,4.300000190734863,4.539999961853027,4.210000038146973,4.440000057220459,2573100
2024-04-08,4.46999979019165,4.619999885559082,4.420000076293945,4.550000190734863,1958600
2024-04-09,4.46999979019165,4.599999904632568,4.389999866485596,4.440000057220459,2064100
2024-04-10,4.340000152587891,4.349999904632568,4.150000095367432,4.239999771118164,3036100
2024-04-11,4.289999961853027,4.380000114440918,4.199999809265137,4.300000190734863,1493600
2024-04-12,4.300000190734863,4.329999923706055,4.099999904632568,4.150000095367432,2108400
2024-04-15,4.159999847412109,4.210000038146973,4.099999904632568,4.119999885559082,1600900
2024-04-16,4.099999904632568,4.130000114440918,4.039999961853027,4.050000190734863,1324700
2024-04-17,4.090000152587891,4.139999866485596,3.9700000286102295,4.099999904632568,2453500
2024-04-18,4.110000133514404,4.21999979019165,4.050000190734863,4.079999923706055,1292600
2024-04-19,4.059999942779541,4.199999809265137,4.019999980926514,4.179999828338623,1798300
2024-04-22,4.230000019073486,4.260000228881836,4.110000133514404,4.110000133514404,1754700
2024-04-23,4.110000133514404,4.25,4.059999942779541,4.159999847412109,1020700
2024-04-24,4.150000095367432,4.289999961853027,4.150000095367432,4.190000057220459,2219000
2024-04-25,4.170000076293945,4.239999771118164,4.119999885559082,4.179999828338623,1775500
2024-04-26,4.199999809265137,4.369999885559082,4.150000095367432,4.230000019073486,2165300
2024-04-29,4.28000020980835,4.400000095367432,4.21999979019165,4.260000228881836,1813800
2024-04-30,4.239999771118164,4.309999942779541,4.110000133514404,4.110000133514404,2259800
2024-05-01,4.190000057220459,4.389999866485596,4.150000095367432,4.340000152587891,2507000
2024-05-02,4.440000057220459,4.440000057220459,4.289999961853027,4.380000114440918,1710800
2024-05-03,4.449999809265137,4.489999771118164,4.340000152587891,4.389999866485596,1836300
2024-05-06,4.519999980926514,4.519999980926514,4.380000114440918,4.400000095367432,1522700
2024-05-07,4.449999809265137,4.53000020980835,4.380000114440918,4.46999979019165,2188700
2024-05-08,4.46999979019165,4.480000019073486,4.340000152587891,4.400000095367432,1970800
2024-05-09,4.550000190734863,4.550000190734863,4.170000076293945,4.309999942779541,2359400
2024-05-10,4.349999904632568,4.449999809265137,4.21999979019165,4.320000171661377,1897700
2024-05-13,4.349999904632568,4.429999828338623,4.28000020980835,4.409999847412109,1806000
2024-05-14,4.449999809265137,4.519999980926514,4.400000095367432,4.5,2009500
2024-05-15,4.590000152587891,4.619999885559082,4.429999828338623,4.449999809265137,2000400
2024-05-16,4.449999809265137,4.650000095367432,4.400000095367432,4.590000152587891,2453200
2024-05-17,4.599999904632568,4.619999885559082,4.510000228881836,4.590000152587891,2119500
2024-05-20,4.599999904632568,4.75,4.550000190734863,4.699999809265137,2845700
2024-05-21,4.71999979019165,4.769999980926514,4.630000114440918,4.739999771118164,1499400
2024-05-22,4.679999828338623,4.829999923706055,4.639999866485596,4.820000171661377,1933200
2024-05-23,4.829999923706055,4.889999866485596,4.760000228881836,4.820000171661377,2142100
2024-05-24,4.820000171661377,4.849999904632568,4.75,4.78000020980835,1262400
2024-05-28,4.789999961853027,4.849999904632568,4.610000133514404,4.630000114440918,1966300
2024-05-29,4.599999904632568,4.699999809265137,4.440000057220459,4.53000020980835,2276800
2024-05-30,4.539999961853027,4.539999961853027,4.409999847412109,4.5,1983900
2024-05-31,4.53000020980835,4.679999828338623,4.5,4.670000076293945,2484500
2024-06-03,4.710000038146973,4.730000019073486,4.610000133514404,4.690000057220459,2368000
2024-06-04,4.650000095367432,4.670000076293945,4.46999979019165,4.550000190734863,3416500
2024-06-05,4.590000152587891,4.75,4.519999980926514,4.730000019073486,2103200
2024-06-06,4.690000057220459,4.75,4.639999866485596,4.639999866485596,1122000
2024-06-07,4.619999885559082,4.78000020980835,4.570000171661377,4.670000076293945,1722000
2024-06-10,4.579999923706055,4.599999904632568,4.360000133514404,4.489999771118164,3201800
2024-06-11,4.429999828338623,4.659999847412109,4.420000076293945,4.650000095367432,1583700
2024-06-12,4.699999809265137,4.800000190734863,4.690000057220459,4.730000019073486,2308100
2024-06-13,4.730000019073486,5.130000114440918,4.710000038146973,5.039999961853027,3467900
2024-06-14,5.0,5.010000228881836,4.739999771118164,4.800000190734863,2691000
2024-06-17,4.75,4.789999961853027,4.619999885559082,4.75,2433000
2024-06-18,4.760000228881836,4.820000171661377,4.71999979019165,4.78000020980835,1922500
2024-06-20,4.800000190734863,4.96999979019165,4.75,4.860000133514404,2188400
2024-06-21,4.900000095367432,5.139999866485596,4.869999885559082,5.110000133514404,7071200
2024-06-24,5.150000095367432,5.550000190734863,5.090000152587891,5.429999828338623,5539300
2024-06-25,5.369999885559082,5.510000228881836,5.230000019073486,5.239999771118164,2778200
2024-06-26,5.239999771118164,5.269999980926514,5.150000095367432,5.190000057220459,2095400
2024-06-27,5.21999979019165,5.300000190734863,5.179999828338623,5.289999961853027,1490500
2024-06-28,5.380000114440918,5.389999866485596,5.119999885559082,5.21999979019165,5349600
2024-07-01,5.199999809265137,5.269999980926514,5.010000228881836,5.090000152587891,3040200
2024-07-02,5.059999942779541,5.079999923706055,4.949999809265137,5.03000020980835,1839400
2024-07-03,5.050000190734863,5.239999771118164,4.989999771118164,5.03000020980835,876600
2024-07-05,5.019999980926514,5.139999866485596,4.920000076293945,5.130000114440918,1630300
2024-07-08,5.199999809265137,5.489999771118164,5.150000095367432,5.389999866485596,3744600
2024-07-09,5.380000114440918,5.400000095367432,5.28000020980835,5.349999904632568,1311000
2024-07-10,5.409999847412109,5.550000190734863,5.349999904632568,5.53000020980835,1775400
2024-07-11,5.599999904632568,5.679999828338623,5.510000228881836,5.610000133514404,2840500
2024-07-12,5.679999828338623,5.769999980926514,5.599999904632568,5.699999809265137,2125500
2024-07-15,5.730000019073486,5.929999828338623,5.650000095367432,5.829999923706055,2801200
2024-07-16,5.900000095367432,6.019999980926514,5.889999866485596,6.0,3654600
2024-07-17,5.860000133514404,6.039999961853027,5.78000020980835,5.800000190734863,3227200
2024-07-18,5.820000171661377,5.869999885559082,5.590000152587891,5.71999979019165,2860100
2024-07-19,5.71999979019165,5.769999980926514,5.639999866485596,5.710000038146973,1685500
2024-07-22,5.760000228881836,5.840000152587891,5.71999979019165,5.739999771118164,2245100
2024-07-23,5.739999771118164,6.010000228881836,5.630000114440918,5.889999866485596,2738300
2024-07-24,5.809999942779541,5.920000076293945,5.789999961853027,5.820000171661377,2248300
2024-07-25,5.800000190734863,5.889999866485596,5.659999847412109,5.800000190734863,2473700
2024-07-26,5.889999866485596,5.900000095367432,5.690000057220459,5.849999904632568,1961500
2024-07-29,5.849999904632568,5.929999828338623,5.699999809265137,5.820000171661377,1864500
2024-07-30,5.840000152587891,5.869999885559082,5.699999809265137,5.760000228881836,1537900
2024-07-31,5.769999980926514,5.909999847412109,5.71999979019165,5.760000228881836,1824100
2024-08-01,5.760000228881836,5.849999904632568,5.539999961853027,5.550000190734863,3243900
2024-08-02,5.329999923706055,5.389999866485596,5.190000057220459,5.340000152587891,3382400
2024-08-05,5.0,5.369999885559082,4.949999809265137,5.230000019073486,4767400
2024-08-06,5.260000228881836,5.429999828338623,5.159999847412109,5.269999980926514,3318100
2024-08-07,5.550000190734863,5.650000095367432,4.96999979019165,5.010000228881836,3542500
2024-08-08,5.110000133514404,5.199999809265137,5.050000190734863,5.190000057220459,1721700
2024-08-09,5.170000076293945,5.199999809265137,5.050000190734863,5.050000190734863,1435700
2024-08-12,5.050000190734863,5.25,5.0,5.190000057220459,1934500
2024-08-13,5.210000038146973,5.25,5.03000020980835,5.070000171661377,2349200
2024-08-14,4.989999771118164,5.21999979019165,4.960000038146973,5.190000057220459,2021500
2024-08-15,5.25,5.300000190734863,5.139999866485596,5.190000057220459,2123000
2024-08-16,5.190000057220459,5.210000038146973,5.099999904632568,5.139999866485596,1103700
2024-08-19,5.179999828338623,5.559999942779541,5.159999847412109,5.349999904632568,2978600
2024-08-20,5.309999942779541,5.360000133514404,5.130000114440918,5.25,1984400
2024-08-21,5.300000190734863,5.400000095367432,5.25,5.389999866485596,1604900
2024-08-22,5.420000076293945,5.420000076293945,5.28000020980835,5.329999923706055,1373800
2024-08-23,5.389999866485596,5.420000076293945,5.309999942779541,5.369999885559082,1211000
2024-08-26,5.420000076293945,5.440000057220459,5.340000152587891,5.380000114440918,1386100
2024-08-27,5.380000114440918,5.409999847412109,5.28000020980835,5.380000114440918,861600
2024-08-28,5.460000038146973,6.25,5.380000114440918,5.900000095367432,11050400
2024-08-29,5.889999866485596,6.440000057220459,5.800000190734863,6.329999923706055,6867000
2024-08-30,6.329999923706055,6.440000057220459,6.25,6.260000228881836,4507300
2024-09-03,6.21999979019165,6.349999904632568,5.949999809265137,6.079999923706055,4521400
2024-09-04,6.119999885559082,6.190000057220459,5.96999979019165,6.090000152587891,2569300
2024-09-05,6.150000095367432,6.260000228881836,6.0,6.03000020980835,1944400
2024-09-06,6.050000190734863,6.090000152587891,5.809999942779541,5.929999828338623,2217100
2024-09-09,6.0,6.289999961853027,5.980000019073486,6.099999904632568,2784000
2024-09-10,6.170000076293945,6.170000076293945,5.940000057220459,6.019999980926514,2285300
2024-09-11,6.0,6.239999771118164,5.900000095367432,6.130000114440918,2393900
2024-09-12,6.119999885559082,6.289999961853027,6.070000171661377,6.199999809265137,1724400
2024-09-13,6.260000228881836,6.400000095367432,6.230000019073486,6.269999980926514,2272700
2024-09-16,6.309999942779541,6.670000076293945,6.309999942779541,6.550000190734863,3723100
2024-09-17,6.630000114440918,6.679999828338623,6.53000020980835,6.559999942779541,2073100
2024-09-18,6.610000133514404,6.809999942779541,6.559999942779541,6.659999847412109,1852100
2024-09-19,6.789999961853027,6.920000076293945,6.670000076293945,6.699999809265137,2795300
2024-09-20,6.699999809265137,6.739999771118164,6.5,6.599999904632568,3597900
2024-09-23,6.619999885559082,6.619999885559082,6.460000038146973,6.519999980926514,1712100
2024-09-24,6.53000020980835,6.599999904632568,6.420000076293945,6.489999771118164,1877900
2024-09-25,6.489999771118164,6.53000020980835,6.360000133514404,6.389999866485596,1537200
2024-09-26,6.440000057220459,6.440000057220459,6.230000019073486,6.269999980926514,2178100
2024-09-27,6.300000190734863,6.320000171661377,6.170000076293945,6.199999809265137,1892000
2024-09-30,6.159999847412109,6.360000133514404,6.139999866485596,6.289999961853027,1870300
2024-10-01,6.28000020980835,6.289999961853027,6.150000095367432,6.260000228881836,1646500
2024-10-02,6.199999809265137,6.300000190734863,6.159999847412109,6.289999961853027,1164700
2024-10-03,6.269999980926514,6.699999809265137,6.230000019073486,6.420000076293945,2775600
2024-10-04,6.489999771118164,6.570000171661377,6.460000038146973,6.489999771118164,1408000
2024-10-07,6.46999979019165,6.5,6.289999961853027,6.340000152587891,2235900
2024-10-08,6.340000152587891,6.559999942779541,6.309999942779541,6.460000038146973,1414900
2024-10-09,6.460000038146973,6.489999771118164,6.360000133514404,6.429999828338623,1034700
2024-10-10,6.360000133514404,6.400000095367432,6.25,6.320000171661377,1320000
2024-10-11,6.349999904632568,6.489999771118164,6.320000171661377,6.480000019073486,1281600
2024-10-14,6.480000019073486,6.610000133514404,6.400000095367432,6.539999961853027,1607200
2024-10-15,6.539999961853027,6.679999828338623,6.5,6.610000133514404,1494500
2024-10-16,6.619999885559082,6.800000190734863,6.619999885559082,6.730000019073486,1789700
2024-10-17,6.769999980926514,6.800000190734863,6.539999961853027,6.599999904632568,1332600
2024-10-18,6.630000114440918,6.670000076293945,6.570000171661377,6.599999904632568,910800
2024-10-21,6.570000171661377,6.670000076293945,6.550000190734863,6.619999885559082,1658700
2024-10-22,6.559999942779541,6.71999979019165,6.559999942779541,6.639999866485596,935200
2024-10-23,6.630000114440918,6.670000076293945,6.489999771118164,6.489999771118164,1010600
2024-10-24,6.46999979019165,6.510000228881836,6.309999942779541,6.440000057220459,1585000
2024-10-25,6.5,6.639999866485596,6.409999847412109,6.539999961853027,1322300
2024-10-28,6.579999923706055,6.900000095367432,6.570000171661377,6.820000171661377,2440300
2024-10-29,6.820000171661377,7.090000152587891,6.800000190734863,6.869999885559082,5558300
2024-10-30,6.909999847412109,7.139999866485596,6.829999923706055,7.019999980926514,3163000
2024-10-31,7.050000190734863,7.150000095367432,6.769999980926514,7.070000171661377,3693600
2024-11-01,7.159999847412109,7.300000190734863,7.099999904632568,7.170000076293945,2469400
2024-11-04,7.179999828338623,7.329999923706055,7.059999942779541,7.090000152587891,2278400
2024-11-05,7.019999980926514,7.300000190734863,7.010000228881836,7.260000228881836,1768800
2024-11-06,7.340000152587891,7.630000114440918,7.260000228881836,7.440000057220459,3680100
2024-11-07,7.5,7.619999885559082,7.389999866485596,7.389999866485596,3971700
2024-11-08,6.989999771118164,7.349999904632568,6.610000133514404,7.349999904632568,4822500
2024-11-11,7.449999809265137,7.480000019073486,7.150000095367432,7.21999979019165,3628100
2024-11-12,7.170000076293945,7.309999942779541,7.039999961853027,7.079999923706055,2927400
2024-11-13,7.119999885559082,7.25,6.940000057220459,6.960000038146973,2416300
2024-11-14,6.960000038146973,7.440000057220459,6.920000076293945,7.019999980926514,3426600
2024-11-15,7.050000190734863,7.070000171661377,6.619999885559082,6.800000190734863,5215700
2024-11-18,6.900000095367432,6.929999828338623,6.679999828338623,6.71999979019165,2325900
2024-11-19,6.679999828338623,6.869999885559082,6.670000076293945,6.860000133514404,1714600
2024-11-20,6.880000114440918,7.039999961853027,6.800000190734863,6.880000114440918,1926800
2024-11-21,6.889999866485596,6.980000019073486,6.739999771118164,6.900000095367432,3628700
2024-11-22,6.940000057220459,7.010000228881836,6.820000171661377,6.840000152587891,3026600
2024-11-25,6.909999847412109,6.980000019073486,6.71999979019165,6.71999979019165,2343900
2024-11-26,6.659999847412109,6.670000076293945,6.260000228881836,6.579999923706055,5996300
2024-11-27,6.579999923706055,6.679999828338623,6.400000095367432,6.610000133514404,3244700
2024-11-29,6.610000133514404,6.800000190734863,6.579999923706055,6.78000020980835,1853500
2024-12-02,6.75,6.75,6.53000020980835,6.590000152587891,3637000
2024-12-03,6.579999923706055,6.769999980926514,6.559999942779541,6.710000038146973,2590900
2024-12-04,6.679999828338623,6.809999942779541,6.590000152587891,6.800000190734863,2779600
2024-12-05,6.800000190734863,6.989999771118164,6.730000019073486,6.730000019073486,2747100
2024-12-06,6.710000038146973,6.849999904632568,6.690000057220459,6.800000190734863,1902300
2024-12-09,6.809999942779541,6.849999904632568,6.590000152587891,6.659999847412109,1889500
2024-12-10,6.699999809265137,6.849999904632568,6.639999866485596,6.670000076293945,1642800
2024-12-11,6.739999771118164,6.739999771118164,6.579999923706055,6.610000133514404,1973400
2024-12-12,6.599999904632568,6.659999847412109,6.480000019073486,6.550000190734863,1896900
2024-12-13,6.559999942779541,6.610000133514404,6.460000038146973,6.539999961853027,1822500
2024-12-16,6.579999923706055,6.769999980926514,6.210000038146973,6.269999980926514,5034600
2024-12-17,6.199999809265137,6.210000038146973,5.809999942779541,5.929999828338623,5321000
2024-12-18,6.110000133514404,6.420000076293945,5.860000133514404,5.940000057220459,4836700
2024-12-19,6.300000190734863,6.340000152587891,6.010000228881836,6.300000190734863,3494500
2024-12-20,6.340000152587891,7.070000171661377,6.300000190734863,6.849999904632568,7215300
2024-12-23,6.730000019073486,7.039999961853027,6.730000019073486,7.019999980926514,3238000
2024-12-24,7.019999980926514,7.019999980926514,6.71999979019165,6.739999771118164,1413600
2024-12-26,6.75,6.900000095367432,6.590000152587891,6.889999866485596,2306800
2024-12-27,6.869999885559082,6.880000114440918,6.670000076293945,6.820000171661377,2253200
2024-12-30,6.75,6.75,6.46999979019165,6.519999980926514,5425700
2024-12-31,6.53000020980835,6.619999885559082,6.420000076293945,6.429999828338623,1716800
2025-01-02,6.5,6.679999828338623,6.5,6.599999904632568,3135600
2025-01-03,6.599999904632568,6.670000076293945,6.480000019073486,6.480000019073486,1716600
2025-01-06,6.510000228881836,6.579999923706055,6.380000114440918,6.380000114440918,1613500
2025-01-07,6.380000114440918,6.429999828338623,6.210000038146973,6.260000228881836,1788900
2025-01-08,6.260000228881836,6.320000171661377,6.150000095367432,6.170000076293945,1761400
2025-01-10,6.119999885559082,6.150000095367432,5.980000019073486,6.090000152587891,2021900
2025-01-13,6.079999923706055,6.190000057220459,5.989999771118164,6.130000114440918,1984200
2025-01-14,6.239999771118164,6.320000171661377,6.0,6.03000020980835,1806900
2025-01-15,6.159999847412109,6.179999828338623,6.010000228881836,6.070000171661377,1585000
2025-01-16,6.050000190734863,6.110000133514404,6.0,6.010000228881836,1418000
2025-01-17,6.039999961853027,6.039999961853027,5.789999961853027,6.010000228881836,3443100
2025-01-21,6.059999942779541,6.110000133514404,5.960000038146973,6.039999961853027,2972700
2025-01-22,6.010000228881836,6.239999771118164,5.989999771118164,6.170000076293945,2312900
2025-01-23,6.110000133514404,6.130000114440918,5.920000076293945,5.949999809265137,2632500
2025-01-24,5.940000057220459,6.090000152587891,5.909999847412109,6.03000020980835,1388200
2025-01-27,5.96999979019165,6.150000095367432,5.960000038146973,6.090000152587891,1436100
2025-01-28,6.139999866485596,6.230000019073486,6.050000190734863,6.110000133514404,1212100
2025-01-29,6.079999923706055,6.190000057220459,6.010000228881836,6.110000133514404,966800
2025-01-30,6.130000114440918,6.159999847412109,5.909999847412109,5.96999979019165,1693900
2025-01-31,5.96999979019165,5.980000019073486,5.75,5.789999961853027,2887200
2025-02-03,5.610000133514404,5.679999828338623,5.460000038146973,5.570000171661377,2661800
2025-02-04,5.559999942779541,5.599999904632568,5.460000038146973,5.590000152587891,2355100
2025-02-05,5.610000133514404,5.75,5.590000152587891,5.639999866485596,1561500
2025-02-06,5.630000114440918,5.71999979019165,5.539999961853027,5.650000095367432,1235900
2025-02-07,5.650000095367432,5.769999980926514,5.590000152587891,5.630000114440918,1227800
2025-02-10,5.789999961853027,5.860000133514404,5.559999942779541,5.590000152587891,1840800
2025-02-11,5.559999942779541,5.630000114440918,5.510000228881836,5.579999923706055,1121900
2025-02-12,5.539999961853027,5.630000114440918,5.5,5.599999904632568,1799200
2025-02-13,5.639999866485596,5.650000095367432,5.489999771118164,5.550000190734863,1445000
2025-02-14,5.570000171661377,5.599999904632568,5.320000171661377,5.420000076293945,2271000
2025-02-18,5.360000133514404,5.480000019073486,5.360000133514404,5.420000076293945,1546500
2025-02-19,5.449999809265137,5.559999942779541,5.400000095367432,5.510000228881836,1876700
2025-02-20,5.5,5.679999828338623,5.440000057220459,5.659999847412109,2067600
2025-02-21,5.739999771118164,5.860000133514404,5.679999828338623,5.760000228881836,1927700
2025-02-24,5.800000190734863,5.840000152587891,5.659999847412109,5.699999809265137,1391500
2025-02-25,5.690000057220459,5.769999980926514,5.559999942779541,5.650000095367432,1523900
2025-02-26,5.610000133514404,5.630000114440918,5.289999961853027,5.46999979019165,3203800
2025-02-27,5.46999979019165,5.739999771118164,5.150000095367432,5.230000019073486,4126400
2025-02-28,5.239999771118164,5.409999847412109,5.210000038146973,5.340000152587891,2988500
2025-03-03,5.349999904632568,5.389999866485596,5.099999904632568,5.130000114440918,3276700
2025-03-04,5.010000228881836,5.190000057220459,5.010000228881836,5.150000095367432,2823600
2025-03-05,5.139999866485596,5.190000057220459,5.079999923706055,5.150000095367432,2193500
2025-03-06,5.099999904632568,5.119999885559082,4.900000095367432,4.920000076293945,2564600
2025-03-07,4.920000076293945,5.039999961853027,4.880000114440918,4.980000019073486,3064700
2025-03-10,4.909999847412109,5.039999961853027,4.769999980926514,4.989999771118164,2816700
2025-03-11,4.980000019073486,5.260000228881836,4.909999847412109,5.25,2386000
2025-03-12,5.239999771118164,5.289999961853027,5.139999866485596,5.210000038146973,2171700
2025-03-13,5.190000057220459,5.300000190734863,5.059999942779541,5.150000095367432,1529500
2025-03-14,5.199999809265137,5.300000190734863,5.159999847412109,5.199999809265137,1622700
2025-03-17,5.179999828338623,5.289999961853027,5.159999847412109,5.239999771118164,1897400
2025-03-18,5.21999979019165,5.269999980926514,5.150000095367432,5.210000038146973,1378600
2025-03-19,5.190000057220459,5.320000171661377,5.179999828338623,5.320000171661377,1424400
2025-03-20,5.300000190734863,5.440000057220459,5.230000019073486,5.260000228881836,2076800
2025-03-21,5.230000019073486,5.230000019073486,5.159999847412109,5.21999979019165,2505200
2025-03-24,5.230000019073486,5.28000020980835,5.199999809265137,5.230000019073486,1324800
2025-03-25,5.21999979019165,5.269999980926514,5.159999847412109,5.21999979019165,1582400
2025-03-26,5.210000038146973,5.21999979019165,5.050000190734863,5.059999942779541,1317300
2025-03-27,5.050000190734863,5.110000133514404,5.019999980926514,5.099999904632568,1321000
2025-03-28,5.090000152587891,5.119999885559082,5.0,5.03000020980835,1299200
2025-03-31,4.960000038146973,5.059999942779541,4.889999866485596,5.03000020980835,3383200
2025-04-01,5.03000020980835,5.079999923706055,4.909999847412109,4.949999809265137,2880800
2025-04-02,4.900000095367432,5.050000190734863,4.880000114440918,5.019999980926514,1727900
2025-04-03,4.920000076293945,5.0,4.829999923706055,4.880000114440918,2135900
2025-04-04,4.769999980926514,4.869999885559082,4.71999979019165,4.739999771118164,3023400
2025-04-07,4.559999942779541,4.940000057220459,4.510000228881836,4.690000057220459,3815100
2025-04-08,4.579999923706055,4.849999904632568,4.570000171661377,4.619999885559082,2325300
2025-04-09,4.559999942779541,4.789999961853027,4.340000152587891,4.690000057220459,3852300
2025-04-10,4.710000038146973,4.739999771118164,4.480000019073486,4.639999866485596,2194200
2025-04-11,4.630000114440918,4.710000038146973,4.539999961853027,4.659999847412109,1939800
2025-04-14,4.659999847412109,4.710000038146973,4.599999904632568,4.630000114440918,1959500
2025-04-15,4.610000133514404,4.71999979019165,4.590000152587891,4.639999866485596,1317400
2025-04-16,4.630000114440918,4.630000114440918,4.46999979019165,4.53000020980835,2319700
2025-04-17,4.510000228881836,4.570000171661377,4.46999979019165,4.539999961853027,1442100
2025-04-21,4.5,4.550000190734863,4.400000095367432,4.440000057220459,1226500
2025-04-22,4.489999771118164,4.690000057220459,4.480000019073486,4.579999923706055,1729600
2025-04-23,4.659999847412109,4.71999979019165,4.570000171661377,4.610000133514404,1491200
2025-04-24,4.610000133514404,4.699999809265137,4.579999923706055,4.670000076293945,1117900
2025-04-25,4.699999809265137,4.75,4.639999866485596,4.739999771118164,1032900
2025-04-28,4.739999771118164,4.840000152587891,4.679999828338623,4.730000019073486,1334300
2025-04-29,4.71999979019165,4.929999828338623,4.659999847412109,4.909999847412109,1890100
2025-04-30,4.909999847412109,5.099999904632568,4.880000114440918,5.039999961853027,2008600
2025-05-01,5.03000020980835,5.050000190734863,4.869999885559082,4.949999809265137,1481500
2025-05-02,5.0,5.039999961853027,4.920000076293945,5.0,1639800
2025-05-05,5.0,5.050000190734863,4.949999809265137,4.960000038146973,1035400
2025-05-06,4.960000038146973,4.960000038146973,4.760000228881836,4.78000020980835,1247500
2025-05-07,4.78000020980835,4.869999885559082,4.699999809265137,4.849999904632568,1861700
2025-05-08,4.610000133514404,4.769999980926514,4.420000076293945,4.630000114440918,2375800
2025-05-09,4.639999866485596,4.730000019073486,4.559999942779541,4.559999942779541,2011800
2025-05-12,4.519999980926514,4.829999923706055,4.519999980926514,4.809999942779541,2569700
2025-05-13,4.809999942779541,4.809999942779541,4.639999866485596,4.71999979019165,2465900
2025-05-14,4.75,4.769999980926514,4.559999942779541,4.570000171661377,1277200
2025-05-15,4.559999942779541,4.599999904632568,4.460000038146973,4.559999942779541,1347200
2025-05-16,4.53000020980835,4.550000190734863,4.349999904632568,4.369999885559082,2917400
2025-05-19,4.369999885559082,4.489999771118164,4.369999885559082,4.46999979019165,1524100
2025-05-20,4.449999809265137,4.510000228881836,4.340000152587891,4.360000133514404,1724100
2025-05-21,4.309999942779541,4.309999942779541,4.139999866485596,4.170000076293945,2357100
2025-05-22,4.130000114440918,4.239999771118164,4.050000190734863,4.21999979019165,1735200
2025-05-23,4.150000095367432,4.190000057220459,4.099999904632568,4.119999885559082,2032100
2025-05-27,4.139999866485596,4.239999771118164,4.110000133514404,4.210000038146973,1810600
2025-05-28,4.230000019073486,4.25,4.070000171661377,4.070000171661377,1890500
2025-05-29,4.130000114440918,4.150000095367432,4.079999923706055,4.119999885559082,1274600
2025-05-30,4.119999885559082,4.190000057220459,4.070000171661377,4.150000095367432,2473300
2025-06-02,4.130000114440918,4.349999904632568,4.130000114440918,4.289999961853027,2005200
2025-06-03,4.289999961853027,4.46999979019165,4.25,4.420000076293945,2568600
2025-06-04,4.429999828338623,4.480000019073486,4.320000171661377,4.349999904632568,2241000
2025-06-05,4.349999904632568,4.349999904632568,4.269999980926514,4.300000190734863,1126300
2025-06-06,4.300000190734863,4.389999866485596,4.300000190734863,4.380000114440918,1567100
2025-06-09,4.440000057220459,4.480000019073486,4.360000133514404,4.369999885559082,1598500
2025-06-10,4.119999885559082,4.130000114440918,3.890000104904175,3.9200000762939453,7418700
2025-06-11,3.9700000286102295,3.990000009536743,3.869999885559082,3.880000114440918,3608700
2025-06-12,3.859999895095825,3.880000114440918,3.799999952316284,3.8299999237060547,1862600
2025-06-13,3.799999952316284,3.809999942779541,3.700000047683716,3.7100000381469727,1780700
2025-06-16,3.7799999713897705,3.8499999046325684,3.7200000286102295,3.809999942779541,2708200
2025-06-17,3.7899999618530273,3.7899999618530273,3.700000047683716,3.75,2484500
2025-06-18,3.7200000286102295,3.880000114440918,3.630000114440918,3.809999942779541,3421300
2025-06-20,3.8399999141693115,3.880000114440918,3.75,3.7699999809265137,6161800
2025-06-23,3.7200000286102295,3.799999952316284,3.6500000953674316,3.799999952316284,3152100
2025-06-24,3.8299999237060547,3.990000009536743,3.75,3.990000009536743,3552200
2025-06-25,3.9600000381469727,4.0,3.700000047683716,3.8499999046325684,4250600
2025-06-26,3.8499999046325684,3.869999885559082,3.7200000286102295,3.7699999809265137,2295200
2025-06-27,3.7799999713897705,3.7799999713897705,3.680000066757202,3.759999990463257,9455300
2025-06-30,3.759999990463257,3.7799999713897705,3.6500000953674316,3.740000009536743,3315600
2025-07-01,3.740000009536743,3.7699999809265137,3.549999952316284,3.5799999237060547,5307400
2025-07-02,3.5899999141693115,3.680000066757202,3.5199999809265137,3.619999885559082,3250700
2025-07-03,3.690000057220459,3.690000057220459,3.549999952316284,3.5999999046325684,1744600
2025-07-07,3.569999933242798,3.5999999046325684,3.509999990463257,3.5399999618530273,2370000
2025-07-08,3.559999942779541,3.6700000762939453,3.5399999618530273,3.619999885559082,2539700
2025-07-09,3.6500000953674316,3.819999933242798,3.630000114440918,3.819999933242798,3522900
2025-07-10,3.799999952316284,3.8299999237060547,3.759999990463257,3.799999952316284,1804600
2025-07-11,3.75,3.799999952316284,3.7300000190734863,3.7699999809265137,1824800
2025-07-14,3.7899999618530273,4.039999961853027,3.7699999809265137,4.03000020980835,2973100
2025-07-15,4.039999961853027,4.050000190734863,3.8299999237060547,3.8499999046325684,2916400
2025-07-16,3.940000057220459,4.0,3.9000000953674316,3.9600000381469727,2895100
2025-07-17,3.9700000286102295,3.9800000190734863,3.890000104904175,3.9000000953674316,1888800
2025-07-18,3.9200000762939453,3.9200000762939453,3.75,3.759999990463257,2315200
2025-07-21,3.759999990463257,3.869999885559082,3.740000009536743,3.819999933242798,2617100
2025-07-22,3.8299999237060547,3.940000057220459,3.8299999237060547,3.930000066757202,2294500
2025-07-23,3.930000066757202,4.130000114440918,3.890000104904175,4.099999904632568,3226300
2025-07-24,4.070000171661377,4.110000133514404,4.03000020980835,4.079999923706055,1703400
2025-07-25,4.099999904632568,4.130000114440918,4.019999980926514,4.059999942779541,2435600
2025-07-28,4.110000133514404,4.119999885559082,3.930000066757202,3.9600000381469727,2257800
2025-07-29,3.9600000381469727,4.070000171661377,3.809999942779541,3.819999933242798,4342000
2025-07-30,3.8499999046325684,3.990000009536743,3.8399999141693115,3.869999885559082,2480000
2025-07-31,3.869999885559082,3.9000000953674316,3.75,3.7799999713897705,2063900
2025-08-01,3.7699999809265137,3.809999942779541,3.700000047683716,3.75,2546500
2025-08-04,3.7899999618530273,3.9700000286102295,3.759999990463257,3.9200000762939453,2046200
2025-08-05,3.9100000858306885,4.070000171661377,3.9000000953674316,3.990000009536743,2449800
2025-08-06,3.6700000762939453,3.7200000286102295,3.450000047683716,3.4700000286102295,9519200
2025-08-07,3.569999933242798,3.5899999141693115,3.4000000953674316,3.430000066757202,4582500
2025-08-08,3.450000047683716,3.5899999141693115,3.450000047683716,3.5199999809265137,3595200
2025-08-11,3.5199999809265137,3.5899999141693115,3.380000114440918,3.4200000762939453,3143500
2025-08-12,3.440000057220459,3.6600000858306885,3.440000057220459,3.6600000858306885,4568200
2025-08-13,3.7100000381469727,3.809999942779541,3.6700000762939453,3.7300000190734863,2698300
2025-08-14,3.700000047683716,3.7200000286102295,3.5999999046325684,3.700000047683716,2171700
2025-08-15,3.7300000190734863,3.75,3.690000057220459,3.7300000190734863,3126400
2025-08-18,3.75,3.8499999046325684,3.740000009536743,3.809999942779541,2227500
2025-08-19,3.8399999141693115,3.990000009536743,3.819999933242798,3.9600000381469727,3134800
2025-08-20,3.9100000858306885,3.9800000190734863,3.869999885559082,3.9700000286102295,1757700
2025-08-21,3.950000047683716,3.9700000286102295,3.9000000953674316,3.940000057220459,1621600
2025-08-22,3.9600000381469727,4.119999885559082,3.950000047683716,4.110000133514404,3052100
2025-08-25,3.940000057220459,4.0,3.759999990463257,3.9000000953674316,5246000
2025-08-26,4.119999885559082,4.139999866485596,3.9100000858306885,4.070000171661377,4173700
2025-08-27,4.199999809265137,4.619999885559082,4.170000076293945,4.519999980926514,8615500
2025-08-28,4.5,4.590000152587891,4.409999847412109,4.489999771118164,6030200
2025-08-29,4.5,4.619999885559082,4.5,4.590000152587891,4213100
2025-09-02,6.059999942779541,6.199999809265137,5.619999885559082,5.739999771118164,27717700
2025-09-03,5.739999771118164,6.0,5.489999771118164,5.510000228881836,9004000
2025-09-04,5.480000019073486,5.519999980926514,5.21999979019165,5.340000152587891,5611300
2025-09-05,5.480000019073486,5.829999923706055,5.400000095367432,5.539999961853027,6759900
2025-09-08,5.5,5.610000133514404,5.440000057220459,5.570000171661377,4924600
2025-09-09,5.550000190734863,5.710000038146973,5.480000019073486,5.510000228881836,4122800
2025-09-10,5.5,5.610000133514404,5.429999828338623,5.570000171661377,3568800
2025-09-11,5.599999904632568,5.679999828338623,5.360000133514404,5.420000076293945,3999200
2025-09-12,5.400000095367432,5.599999904632568,5.380000114440918,5.570000171661377,4159800
2025-09-15,5.550000190734863,5.769999980926514,5.289999961853027,5.380000114440918,6169300
2025-09-16,5.389999866485596,5.400000095367432,5.25,5.369999885559082,3117300
2025-09-17,5.380000114440918,5.539999961853027,5.380000114440918,5.389999866485596,2579400
2025-09-18,5.400000095367432,5.619999885559082,5.400000095367432,5.610000133514404,3630900
2025-09-19,5.630000114440918,5.630000114440918,5.420000076293945,5.429999828338623,4724600
2025-09-22,5.480000019073486,5.639999866485596,5.389999866485596,5.570000171661377,2996600
2025-09-23,5.550000190734863,5.550000190734863,5.28000020980835,5.349999904632568,4628900
2025-09-24,5.349999904632568,5.429999828338623,5.300000190734863,5.329999923706055,3598000
2025-09-25,5.309999942779541,5.369999885559082,5.190000057220459,5.329999923706055,4610400
2025-09-26,5.340000152587891,5.539999961853027,5.300000190734863,5.53000020980835,6079600
2025-09-29,5.579999923706055,5.619999885559082,5.329999923706055,5.389999866485596,3595800
2025-09-30,5.360000133514404,5.429999828338623,5.340000152587891,5.369999885559082,2525000
2025-10-01,5.389999866485596,5.550000190734863,5.329999923706055,5.380000114440918,3524900
2025-10-02,5.409999847412109,5.5,5.349999904632568,5.489999771118164,2638800
2025-10-03,5.5,5.900000095367432,5.489999771118164,5.760000228881836,5126900
2025-10-06,5.75,5.849999904632568,5.650000095367432,5.659999847412109,3391500
2025-10-07,5.690000057220459,5.75,5.610000133514404,5.650000095367432,3619000
2025-10-08,5.670000076293945,5.71999979019165,5.429999828338623,5.440000057220459,4756700
2025-10-09,5.46999979019165,5.699999809265137,5.019999980926514,5.139999866485596,8995700
2025-10-10,5.199999809265137,5.199999809265137,4.789999961853027,4.880000114440918,8955300
2025-10-13,4.920000076293945,5.150000095367432,4.889999866485596,5.099999904632568,4517700
2025-10-14,5.050000190734863,5.150000095367432,5.019999980926514,5.099999904632568,4296800
2025-10-15,5.099999904632568,5.269999980926514,5.059999942779541,5.230000019073486,3910500
2025-10-16,5.230000019073486,5.389999866485596,5.21999979019165,5.349999904632568,5327200
2025-10-17,5.309999942779541,5.519999980926514,5.199999809265137,5.46999979019165,5619700
2025-10-20,5.579999923706055,5.579999923706055,5.28000020980835,5.489999771118164,3794400
2025-10-21,5.489999771118164,5.550000190734863,5.349999904632568,5.510000228881836,3753400
2025-10-22,5.5,5.619999885559082,5.460000038146973,5.53000020980835,4363100
2025-10-23,5.53000020980835,5.610000133514404,5.460000038146973,5.489999771118164,3619200
2025-10-24,5.519999980926514,5.519999980926514,5.300000190734863,5.309999942779541,2975100
2025-10-27,5.300000190734863,5.5,5.28000020980835,5.420000076293945,2689100
2025-10-28,5.369999885559082,5.449999809265137,5.260000228881836,5.300000190734863,2930900
2025-10-29,5.300000190734863,5.670000076293945,5.239999771118164,5.539999961853027,7829700
2025-10-30,5.539999961853027,5.71999979019165,5.429999828338623,5.550000190734863,4207100
2025-10-31,5.510000228881836,5.659999847412109,5.460000038146973,5.590000152587891,3411400
2025-11-03,5.599999904632568,5.679999828338623,5.449999809265137,5.480000019073486,3273600
2025-11-04,5.420000076293945,5.599999904632568,5.409999847412109,5.480000019073486,3882600
2025-11-05,5.960000038146973,6.239999771118164,5.679999828338623,6.059999942779541,10930100
2025-11-06,6.130000114440918,6.130000114440918,5.659999847412109,5.699999809265137,4316100
2025-11-07,5.599999904632568,5.670000076293945,5.519999980926514,5.630000114440918,3176500
2025-11-10,5.199999809265137,5.5,4.949999809265137,5.420000076293945,8187600
2025-11-11,5.340000152587891,5.409999847412109,5.170000076293945,5.25,3122800
2025-11-12,5.300000190734863,5.349999904632568,5.159999847412109,5.25,2814200
2025-11-13,5.269999980926514,5.289999961853027,5.059999942779541,5.070000171661377,3827000
2025-11-14,5.0,5.239999771118164,5.0,5.059999942779541,3460600
2025-11-17,5.03000020980835,5.150000095367432,4.96999979019165,4.980000019073486,3497500
2025-11-18,4.949999809265137,5.099999904632568,4.929999828338623,5.059999942779541,3763400
2025-11-19,5.039999961853027,5.050000190734863,4.940000057220459,5.0,2732900
2025-11-20,5.050000190734863,5.099999904632568,4.949999809265137,4.96999979019165,2470400
2025-11-21,4.960000038146973,5.070000171661377,4.949999809265137,5.03000020980835,2670500
2025-11-24,5.159999847412109,5.190000057220459,5.070000171661377,5.130000114440918,2315800
2025-11-25,5.159999847412109,5.369999885559082,5.130000114440918,5.360000133514404,2504300
2025-11-26,5.340000152587891,5.400000095367432,5.28000020980835,5.380000114440918,2056700
2025-11-28,5.420000076293945,5.420000076293945,5.300000190734863,5.349999904632568,797400
2025-12-01,5.349999904632568,5.46999979019165,5.309999942779541,5.429999828338623,2669500
2025-12-02,5.449999809265137,5.679999828338623,5.429999828338623,5.590000152587891,4130200
2025-12-03,5.619999885559082,5.789999961853027,5.510000228881836,5.590000152587891,3395800
2025-12-04,5.599999904632568,5.809999942779541,5.579999923706055,5.710000038146973,2361700
2025-12-05,5.699999809265137,5.75,5.650000095367432,5.679999828338623,1782200
2025-12-08,5.75,5.760000228881836,5.590000152587891,5.630000114440918,2547600
2025-12-09,5.690000057220459,5.900000095367432,5.630000114440918,5.769999980926514,4410800
2025-12-10,5.800000190734863,5.849999904632568,5.679999828338623,5.840000152587891,3332500
2025-12-11,5.820000171661377,5.909999847412109,5.75,5.809999942779541,3697600
2025-12-12,5.829999923706055,6.010000228881836,5.789999961853027,5.940000057220459,3389500
2025-12-15,5.949999809265137,6.0,5.829999923706055,5.940000057220459,3004400
2025-12-16,5.960000038146973,6.019999980926514,5.880000114440918,5.909999847412109,2832500
2025-12-17,5.880000114440918,6.139999866485596,5.880000114440918,5.96999979019165,3595100
2025-12-18,6.0,6.03000020980835,5.880000114440918,5.96999979019165,3231000
2025-12-19,5.960000038146973,6.119999885559082,5.800000190734863,5.840000152587891,13714200
2025-12-22,5.860000133514404,6.070000171661377,5.840000152587891,5.989999771118164,3040100
2025-12-23,5.980000019073486,6.019999980926514,5.840000152587891,5.929999828338623,2503500
2025-12-24,5.96999979019165,5.96999979019165,5.880000114440918,5.929999828338623,907400
2025-12-26,5.920000076293945,5.920000076293945,5.760000228881836,5.789999961853027,2430900
2025-12-29,5.789999961853027,5.820000171661377,5.730000019073486,5.769999980926514,1640900
2025-12-30,5.78000020980835,5.78000020980835,5.559999942779541,5.659999847412109,3515200
2025-12-31,5.659999847412109,5.730000019073486,5.619999885559082,5.670000076293945,2397100
2026-01-02,5.730000019073486,5.730000019073486,5.579999923706055,5.599999904632568,2733100
2026-01-05,5.610000133514404,5.650000095367432,5.53000020980835,5.619999885559082,2621000
2026-01-06,5.559999942779541,5.760000228881836,5.550000190734863,5.619999885559082,2995800
2026-01-07,5.659999847412109,5.96999979019165,5.630000114440918,5.849999904632568,5420000
2026-01-08,5.900000095367432,6.510000228881836,5.889999866485596,6.010000228881836,7484300
2026-01-09,6.079999923706055,6.110000133514404,5.829999923706055,5.849999904632568,2602400
2026-01-12,5.820000171661377,5.849999904632568,5.739999771118164,5.769999980926514,3685000
2026-01-13,5.800000190734863,5.800000190734863,5.630000114440918,5.639999866485596,2905800
2026-01-14,5.619999885559082,5.639999866485596,5.550000190734863,5.610000133514404,2595100
2026-01-15,5.610000133514404,5.679999828338623,5.550000190734863,5.579999923706055,3947300
2026-01-16,5.590000152587891,5.610000133514404,5.190000057220459,5.210000038146973,6745000
2026-01-20,5.070000171661377,5.5,5.03000020980835,5.489999771118164,5256200
2026-01-21,5.480000019073486,5.739999771118164,5.460000038146973,5.710000038146973,4156400
2026-01-22,5.739999771118164,6.050000190734863,5.690000057220459,5.909999847412109,5723800
2026-01-23,5.880000114440918,5.949999809265137,5.460000038146973,5.460000038146973,4518400
2026-01-26,5.46999979019165,5.630000114440918,5.429999828338623,5.579999923706055,4283400
2026-01-27,5.539999961853027,5.630000114440918,5.420000076293945,5.590000152587891,2784200
2026-01-28,5.579999923706055,5.940000057220459,5.519999980926514,5.639999866485596,4863900
2026-01-29,5.610000133514404,5.929999828338623,5.610000133514404,5.789999961853027,4335900
2026-01-30,5.78000020980835,5.900000095367432,5.71999979019165,5.78000020980835,4275200
2026-02-02,5.75,6.03000020980835,5.619999885559082,6.010000228881836,4617300
2026-02-03,6.0,6.230000019073486,5.980000019073486,6.210000038146973,4422800
2026-02-04,6.25,6.269999980926514,5.75,5.78000020980835,4940500
2026-02-05,5.75,5.869999885559082,5.46999979019165,5.510000228881836,3208400
2026-02-06,5.590000152587891,5.860000133514404,5.53000020980835,5.78000020980835,3012600
2026-02-09,5.75,5.929999828338623,5.730000019073486,5.909999847412109,2515300
2026-02-10,5.929999828338623,6.050000190734863,5.789999961853027,5.829999923706055,2037400
2026-02-11,5.820000171661377,5.869999885559082,5.650000095367432,5.739999771118164,1726700
2026-02-12,5.730000019073486,5.769999980926514,5.539999961853027,5.630000114440918,1524700
2026-02-13,5.659999847412109,5.769999980926514,5.619999885559082,5.659999847412109,2065100
2026-02-17,5.599999904632568,5.730000019073486,5.539999961853027,5.539999961853027,1888100
2026-02-18,5.510000228881836,5.590000152587891,5.409999847412109,5.440000057220459,2207100
2026-02-19,5.420000076293945,5.559999942779541,5.389999866485596,5.53000020980835,1889300
2026-02-20,5.510000228881836,5.670000076293945,5.460000038146973,5.539999961853027,2900800
2026-02-23,5.550000190734863,5.699999809265137,5.539999961853027,5.570000171661377,1841500
2026-02-24,5.590000152587891,5.739999771118164,5.510000228881836,5.539999961853027,1993800
2026-02-25,5.539999961853027,5.550000190734863,3.2899999618530273,3.5,36584500
2026-02-26,3.700000047683716,3.7200000286102295,2.940000057220459,3.240000009536743,33343500
2026-02-27,3.1500000953674316,3.369999885559082,3.140000104904175,3.2799999713897705,8899400
2026-03-02,3.2300000190734863,3.25,2.950000047683716,3.0399999618530273,10456400
2026-03-03,2.950000047683716,3.0199999809265137,2.8299999237060547,2.930000066757202,5146700
2026-03-04,2.9600000381469727,3.009999990463257,2.869999885559082,2.950000047683716,7061400
2026-03-05,2.940000057220459,2.9700000286102295,2.809999942779541,2.8299999237060547,6384200
2026-03-06,2.809999942779541,2.809999942779541,2.5899999141693115,2.609999895095825,9457100
2026-03-09,2.640000104904175,2.680000066757202,2.5199999809265137,2.680000066757202,6620500
2026-03-10,2.7200000286102295,2.740000009536743,2.569999933242798,2.609999895095825,4987700
2026-03-11,2.809999942779541,2.9200000762939453,2.7200000286102295,2.819999933242798,7294700
2026-03-12,2.759999990463257,2.880000114440918,2.690000057220459,2.819999933242798,6205900
2026-03-13,2.809999942779541,2.809999942779541,2.700000047683716,2.7699999809265137,3814100
2026-03-16,2.7699999809265137,2.859999895095825,2.740000009536743,2.7699999809265137,5392900
2026-03-17,2.759999990463257,2.759999990463257,2.700000047683716,2.7300000190734863,3652100
2026-03-18,2.690000057220459,2.7300000190734863,2.5899999141693115,2.609999895095825,4763600
2026-03-19,2.569999933242798,2.5999999046325684,2.4800000190734863,2.5199999809265137,4640800
2026-03-20,2.5399999618530273,2.5399999618530273,2.4100000858306885,2.4700000286102295,19093800
2026-03-23,2.5399999618530273,2.5899999141693115,2.390000104904175,2.440000057220459,6293300
2026-03-24,2.4100000858306885,2.4100000858306885,2.25,2.2899999618530273,14761500
2026-03-25,2.3399999141693115,2.450000047683716,2.25,2.2799999713897705,6324200
2026-03-26,2.25,2.369999885559082,2.240000009536743,2.299999952316284,6357000
2026-03-27,2.2699999809265137,2.319999933242798,2.2300000190734863,2.2799999713897705,5604300
2026-03-30,2.3299999237060547,2.430000066757202,2.2899999618530273,2.369999885559082,5517100
2026-03-31,2.4200000762939453,2.4800000190734863,2.3499999046325684,2.450000047683716,4844000
2026-04-01,2.490000009536743,2.5799999237060547,2.450000047683716,2.5399999618530273,3478400
2026-04-02,2.4800000190734863,2.509999990463257,2.4200000762939453,2.5,3758400
2026-04-06,2.4700000286102295,2.559999942779541,2.450000047683716,2.559999942779541,3175600
2026-04-07,2.5299999713897705,2.5799999237060547,2.4200000762939453,2.569999933242798,3022400
2026-04-08,2.6700000762939453,2.680000066757202,2.559999942779541,2.609999895095825,4470900
2026-04-09,2.5899999141693115,2.6500000953674316,2.559999942779541,2.559999942779541,3291200
2026-04-10,2.5999999046325684,2.640000104904175,2.549999952316284,2.569999933242798,3100300
2026-04-13,2.569999933242798,2.6700000762939453,2.559999942779541,2.640000104904175,2558100
2026-04-14,2.6600000858306885,2.75,2.640000104904175,2.740000009536743,3599000
2026-04-15,2.7100000381469727,2.7799999713897705,2.6700000762939453,2.7699999809265137,3212600
2026-04-16,2.7699999809265137,2.7699999809265137,2.680000066757202,2.75,3025600
2026-04-17,2.7799999713897705,2.8499999046325684,2.759999990463257,2.8399999141693115,3549800
2026-04-20,2.8499999046325684,2.9700000286102295,2.7899999618530273,2.9200000762939453,4068800
2026-04-21,2.9700000286102295,2.9800000190734863,2.700000047683716,2.700000047683716,5216900
2026-04-22,2.75,2.759999990463257,2.6600000858306885,2.740000009536743,3928200
2026-04-23,2.7300000190734863,2.75,2.6600000858306885,2.7100000381469727,2944500
2026-04-24,2.7200000286102295,2.759999990463257,2.6600000858306885,2.700000047683716,2776200
2026-04-27,2.7100000381469727,2.759999990463257,2.5899999141693115,2.630000114440918,3928600
2026-04-28,2.6700000762939453,2.809999942779541,2.6500000953674316,2.7899999618530273,5621400
2026-04-29,2.7799999713897705,2.7799999713897705,2.680000066757202,2.75,3009800
2026-04-30,2.75,2.859999895095825,2.740000009536743,2.8299999237060547,3616900
2026-05-01,2.8299999237060547,2.869999885559082,2.7799999713897705,2.8399999141693115,2797400
2026-05-04,2.8399999141693115,2.880000114440918,2.7799999713897705,2.809999942779541,3684500
2026-05-05,2.8399999141693115,2.890000104904175,2.8299999237060547,2.859999895095825,3029600
2026-05-06,3.440000057220459,4.289999961853027,3.4000000953674316,3.559999942779541,36837700
2026-05-07,3.319999933242798,3.880000114440918,3.259999990463257,3.549999952316284,16013800
2026-05-08,3.559999942779541,3.680000066757202,3.4000000953674316,3.5199999809265137,9544200
2026-05-11,3.5299999713897705,3.5999999046325684,3.3299999237060547,3.359999895095825,7537900
2026-05-12,3.3399999141693115,3.430000066757202,3.25,3.2799999713897705,5514100
2026-05-13,3.2799999713897705,3.2799999713897705,3.109999895095825,3.2100000381469727,4510700
2026-05-14,3.2100000381469727,3.25,3.140000104904175,3.2200000286102295,3592200
2026-05-15,3.190000057220459,3.2100000381469727,3.069999933242798,3.0899999141693115,4962200
2026-05-18,3.130000114440918,3.1700000762939453,2.9700000286102295,2.990000009536743,5152100
2026-05-19,2.990000009536743,3.009999990463257,2.930000066757202,2.9600000381469727,4549100
2026-05-20,3.0,3.2699999809265137,2.990000009536743,3.25,5175700
2026-05-21,3.200000047683716,3.3499999046325684,3.140000104904175,3.309999942779541,3002100
2026-05-22,3.319999933242798,3.4700000286102295,3.319999933242798,3.380000114440918,4607400
2026-05-26,3.430000066757202,3.559999942779541,3.4200000762939453,3.5299999713897705,3697300
2026-05-27,3.5299999713897705,3.630000114440918,3.440000057220459,3.549999952316284,3581400
2026-05-28,3.569999933242798,3.680000066757202,3.4700000286102295,3.640000104904175,5464400
2026-05-29,3.6600000858306885,3.940000057220459,3.509999990463257,3.7699999809265137,20391900
2026-06-01,3.759999990463257,3.809999942779541,3.4100000858306885,3.5299999713897705,8345300
2026-06-02,3.490000009536743,3.5899999141693115,3.4100000858306885,3.430000066757202,7025000
2026-06-03,3.430000066757202,3.5299999713897705,3.299999952316284,3.359999895095825,3494700
2026-06-04,3.3499999046325684,3.5299999713897705,3.3399999141693115,3.5199999809265137,3519400
2026-06-05,3.5299999713897705,3.5299999713897705,3.390000104904175,3.4000000953674316,3245400
2026-06-08,3.450000047683716,3.5199999809265137,3.380000114440918,3.390000104904175,2349400
2026-06-09,3.440000057220459,3.5999999046325684,3.4100000858306885,3.569999933242798,4907700
2026-06-10,3.5,3.740000009536743,3.4800000190734863,3.630000114440918,4478300
2026-06-11,3.630000114440918,3.7899999618530273,3.549999952316284,3.75,4071300
2026-06-12,3.75,3.809999942779541,3.640000104904175,3.6600000858306885,3844000
2026-06-15,3.7300000190734863,4.059999942779541,3.700000047683716,4.0,5605200
2026-06-16,4.0,4.039999961853027,3.8399999141693115,3.869999885559082,3163900
2026-06-17,3.890000104904175,4.019999980926514,3.880000114440918,3.9200000762939453,3665300
2026-06-18,4.0,4.019999980926514,3.8299999237060547,3.940000057220459,16623000
2026-06-22,3.950000047683716,4.059999942779541,3.880000114440918,3.890000104904175,3563000
2026-06-23,3.859999895095825,3.940000057220459,3.8499999046325684,3.930000066757202,2985900
2026-06-24,3.940000057220459,3.990000009536743,3.799999952316284,3.8399999141693115,4483000
2026-06-25,3.8499999046325684,3.950000047683716,3.7699999809265137,3.930000066757202,3234300
2026-06-26,3.9000000953674316,4.190000057220459,3.9000000953674316,4.139999866485596,11868000
2026-06-29,4.099999904632568,4.28000020980835,4.059999942779541,4.239999771118164,3420200
2026-06-30,4.25,4.369999885559082,4.179999828338623,4.260000228881836,6822000
2026-07-01,4.269999980926514,4.300000190734863,4.050000190734863,4.050000190734863,2722600
2026-07-02,4.099999904632568,4.550000190734863,4.079999923706055,4.519999980926514,9568400
2026-07-06,4.480000019073486,4.550000190734863,4.25,4.269999980926514,4083000
2026-07-07,4.329999923706055,4.409999847412109,4.159999847412109,4.21999979019165,3394100
2026-07-08,4.159999847412109,4.320000171661377,4.070000171661377,4.25,6892400
2026-07-09,4.239999771118164,4.289999961853027,4.130000114440918,4.139999866485596,3358400
2026-07-10,4.119999885559082,4.21999979019165,3.9800000190734863,4.090000152587891,4250100
2026-07-13,4.039999961853027,4.139999866485596,3.950000047683716,4.039999961853027,4043900
2026-07-14,4.070000171661377,4.070000171661377,3.8499999046325684,3.880000114440918,4649500
2026-07-15,3.9100000858306885,4.119999885559082,3.869999885559082,4.090000152587891,5611300
2026-07-16,4.059999942779541,4.199999809265137,4.03000020980835,4.039999961853027,3299600
2026-07-17,4.0,4.150000095367432,3.950000047683716,4.03000020980835,3508100
