Date,Open,High,Low,Close,Volume
2016-07-18,29.979999542236328,30.0,29.709999084472656,29.709999084472656,97300
2016-07-19,29.670000076293945,29.969999313354492,29.670000076293945,29.75,67700
2016-07-20,29.920000076293945,29.920000076293945,29.59000015258789,29.690000534057617,57900
2016-07-21,29.68000030517578,29.68000030517578,29.280000686645508,29.360000610351562,56500
2016-07-22,29.280000686645508,30.0,29.229999542236328,29.940000534057617,90700
2016-07-25,29.8799991607666,29.899999618530273,29.579999923706055,29.75,62500
2016-07-26,30.0,30.0,29.309999465942383,29.760000228881836,97600
2016-07-27,29.81999969482422,30.0,29.6299991607666,29.969999313354492,177900
2016-07-28,29.969999313354492,30.030000686645508,29.56999969482422,29.959999084472656,150000
2016-07-29,29.90999984741211,30.229999542236328,29.760000228881836,29.81999969482422,137400
2016-08-01,29.829999923706055,30.059999465942383,29.649999618530273,29.75,72100
2016-08-02,29.700000762939453,29.81999969482422,29.540000915527344,29.59000015258789,96900
2016-08-03,29.6299991607666,29.90999984741211,29.59000015258789,29.899999618530273,75400
2016-08-04,29.979999542236328,30.1299991607666,29.90999984741211,30.0,48400
2016-08-05,30.100000381469727,31.229999542236328,29.979999542236328,31.100000381469727,250600
2016-08-08,31.010000228881836,31.010000228881836,30.670000076293945,30.81999969482422,94600
2016-08-09,30.75,31.100000381469727,30.75,30.969999313354492,59200
2016-08-10,30.979999542236328,30.979999542236328,30.6200008392334,30.639999389648438,41000
2016-08-11,30.739999771118164,30.8700008392334,30.600000381469727,30.639999389648438,58500
2016-08-12,30.549999237060547,30.690000534057617,30.360000610351562,30.68000030517578,43800
2016-08-15,30.68000030517578,30.989999771118164,30.6200008392334,30.959999084472656,54300
2016-08-16,30.829999923706055,30.979999542236328,30.280000686645508,30.899999618530273,55800
2016-08-17,30.889999389648438,31.270000457763672,30.770000457763672,31.06999969482422,65800
2016-08-18,31.1299991607666,31.399999618530273,31.0,31.3799991607666,71100
2016-08-19,31.350000381469727,31.530000686645508,30.979999542236328,31.469999313354492,119400
2016-08-22,31.31999969482422,31.670000076293945,31.270000457763672,31.649999618530273,75500
2016-08-23,31.639999389648438,31.799999237060547,31.399999618530273,31.59000015258789,63100
2016-08-24,31.68000030517578,31.850000381469727,31.59000015258789,31.829999923706055,44300
2016-08-25,31.799999237060547,32.15999984741211,31.780000686645508,32.150001525878906,68800
2016-08-26,32.130001068115234,32.36000061035156,31.959999084472656,32.0,86000
2016-08-29,31.969999313354492,32.290000915527344,31.969999313354492,32.099998474121094,90700
2016-08-30,31.8700008392334,32.040000915527344,31.8700008392334,32.040000915527344,81300
2016-08-31,32.08000183105469,32.34000015258789,31.889999389648438,32.290000915527344,151400
2016-09-01,32.40999984741211,32.45000076293945,31.90999984741211,32.369998931884766,99200
2016-09-02,32.43000030517578,32.68000030517578,32.220001220703125,32.470001220703125,119500
2016-09-06,32.45000076293945,32.45000076293945,31.969999313354492,32.09000015258789,79000
2016-09-07,31.950000762939453,32.56999969482422,31.93000030517578,32.540000915527344,121500
2016-09-08,32.54999923706055,32.70000076293945,32.29999923706055,32.5099983215332,75700
2016-09-09,32.290000915527344,32.560001373291016,32.130001068115234,32.13999938964844,97300
2016-09-12,32.150001525878906,32.36000061035156,31.770000457763672,32.36000061035156,89500
2016-09-13,32.0099983215332,32.310001373291016,31.760000228881836,32.11000061035156,103200
2016-09-14,32.04999923706055,32.2599983215332,31.799999237060547,31.809999465942383,55300
2016-09-15,31.979999542236328,32.40999984741211,31.75,32.400001525878906,95900
2016-09-16,32.529998779296875,32.529998779296875,32.0,32.099998474121094,265700
2016-09-19,32.220001220703125,32.540000915527344,31.979999542236328,32.16999816894531,57600
2016-09-20,32.279998779296875,32.470001220703125,32.2599983215332,32.27000045776367,48100
2016-09-21,32.41999816894531,32.54999923706055,32.209999084472656,32.540000915527344,89300
2016-09-22,32.54999923706055,33.040000915527344,32.5,33.02000045776367,189400
2016-09-23,32.88999938964844,33.040000915527344,32.72999954223633,32.7599983215332,84800
2016-09-26,32.52000045776367,32.599998474121094,32.099998474121094,32.11000061035156,87300
2016-09-27,32.029998779296875,32.47999954223633,31.950000762939453,32.38999938964844,77700
2016-09-28,32.43000030517578,32.84000015258789,32.400001525878906,32.81999969482422,95400
2016-09-29,32.880001068115234,32.880001068115234,32.04999923706055,32.310001373291016,77600
2016-09-30,32.43000030517578,33.0,32.0,32.869998931884766,130500
2016-10-03,32.61000061035156,32.810001373291016,32.2599983215332,32.66999816894531,107600
2016-10-04,32.650001525878906,33.20000076293945,32.619998931884766,32.93000030517578,103500
2016-10-05,33.029998779296875,33.7400016784668,33.029998779296875,33.380001068115234,112300
2016-10-06,33.36000061035156,33.65999984741211,33.34000015258789,33.560001373291016,96400
2016-10-07,33.599998474121094,33.63999938964844,33.20000076293945,33.470001220703125,97800
2016-10-10,33.560001373291016,33.939998626708984,33.459999084472656,33.470001220703125,129700
2016-10-11,33.47999954223633,33.630001068115234,33.060001373291016,33.2599983215332,87100
2016-10-12,33.189998626708984,33.56999969482422,33.18000030517578,33.439998626708984,47300
2016-10-13,33.22999954223633,33.22999954223633,32.619998931884766,32.79999923706055,146600
2016-10-14,33.119998931884766,33.36000061035156,32.939998626708984,33.18000030517578,113700
2016-10-17,33.11000061035156,33.34000015258789,32.790000915527344,32.79999923706055,95800
2016-10-18,33.09000015258789,33.099998474121094,32.79999923706055,33.04999923706055,63600
2016-10-19,33.20000076293945,33.65999984741211,32.959999084472656,33.41999816894531,101700
2016-10-20,33.220001220703125,33.63999938964844,33.119998931884766,33.279998779296875,72800
2016-10-21,32.939998626708984,33.43000030517578,32.599998474121094,33.27000045776367,68200
2016-10-24,33.7400016784668,34.029998779296875,33.369998931884766,33.93000030517578,103900
2016-10-25,33.470001220703125,34.040000915527344,33.25,33.52000045776367,79600
2016-10-26,33.4900016784668,33.7400016784668,33.369998931884766,33.40999984741211,60100
2016-10-27,33.689998626708984,34.2599983215332,33.470001220703125,33.63999938964844,64900
2016-10-28,33.619998931884766,33.689998626708984,33.25,33.38999938964844,57700
2016-10-31,33.45000076293945,33.779998779296875,33.11000061035156,33.709999084472656,138300
2016-11-01,33.709999084472656,33.7599983215332,33.0,33.11000061035156,101900
2016-11-02,32.900001525878906,33.15999984741211,32.459999084472656,32.65999984741211,78700
2016-11-03,32.75,33.060001373291016,32.439998626708984,32.779998779296875,50900
2016-11-04,32.79999923706055,33.119998931884766,32.58000183105469,32.75,59800
2016-11-07,33.36000061035156,33.79999923706055,33.18000030517578,33.75,80000
2016-11-08,33.459999084472656,34.09000015258789,33.459999084472656,33.540000915527344,66900
2016-11-09,33.790000915527344,35.849998474121094,33.7400016784668,35.84000015258789,162900
2016-11-10,36.400001525878906,37.75,35.900001525878906,37.560001373291016,220100
2016-11-11,37.54999923706055,39.560001373291016,36.95000076293945,39.52000045776367,341400
2016-11-14,39.5,40.959999084472656,38.0,39.540000915527344,275400
2016-11-15,39.43000030517578,39.790000915527344,38.75,39.689998626708984,151200
2016-11-16,38.70000076293945,39.470001220703125,38.279998779296875,38.779998779296875,212200
2016-11-17,38.36000061035156,38.95000076293945,37.79999923706055,38.66999816894531,166800
2016-11-18,38.81999969482422,39.209999084472656,38.59000015258789,39.0,221400
2016-11-21,39.04999923706055,39.04999923706055,38.33000183105469,38.869998931884766,122300
2016-11-22,38.849998474121094,39.11000061035156,38.709999084472656,39.099998474121094,195800
2016-11-23,39.0,39.689998626708984,39.0,39.52000045776367,140500
2016-11-25,39.439998626708984,39.77000045776367,39.08000183105469,39.54999923706055,79400
2016-11-28,39.310001373291016,39.36000061035156,38.689998626708984,38.86000061035156,122100
2016-11-29,38.83000183105469,39.119998931884766,38.56999969482422,38.630001068115234,86100
2016-11-30,39.11000061035156,39.43000030517578,38.439998626708984,38.63999938964844,110300
2016-12-01,38.75,39.130001068115234,38.72999954223633,38.810001373291016,108600
2016-12-02,38.83000183105469,38.900001525878906,38.369998931884766,38.52000045776367,108500
2016-12-05,38.81999969482422,39.33000183105469,38.400001525878906,39.290000915527344,102900
2016-12-06,39.5,40.11000061035156,39.13999938964844,40.02000045776367,127900
2016-12-07,39.97999954223633,40.66999816894531,39.38999938964844,40.54999923706055,141100
2016-12-08,40.59000015258789,41.540000915527344,40.40999984741211,41.38999938964844,208600
2016-12-09,41.52000045776367,41.52000045776367,40.61000061035156,41.470001220703125,114600
2016-12-12,41.52000045776367,41.79999923706055,40.40999984741211,40.7599983215332,127500
2016-12-13,40.7400016784668,41.06999969482422,40.27000045776367,40.90999984741211,86000
2016-12-14,40.630001068115234,41.099998474121094,39.88999938964844,40.68000030517578,119300
2016-12-15,40.970001220703125,41.41999816894531,40.470001220703125,41.380001068115234,181000
2016-12-16,41.400001525878906,41.439998626708984,40.81999969482422,40.91999816894531,563700
2016-12-19,41.06999969482422,41.2599983215332,40.43000030517578,41.15999984741211,167100
2016-12-20,41.310001373291016,42.369998931884766,40.81999969482422,42.36000061035156,173100
2016-12-21,42.41999816894531,42.41999816894531,41.880001068115234,42.130001068115234,89400
2016-12-22,42.27000045776367,42.4900016784668,41.779998779296875,41.97999954223633,117400
2016-12-23,42.15999984741211,42.15999984741211,41.77000045776367,41.93000030517578,58400
2016-12-27,41.9900016784668,42.22999954223633,41.84000015258789,42.040000915527344,113000
2016-12-28,42.209999084472656,42.38999938964844,41.83000183105469,42.09000015258789,81400
2016-12-29,42.0,42.25,41.54999923706055,41.900001525878906,80600
2016-12-30,41.91999816894531,42.459999084472656,41.7400016784668,41.880001068115234,117500
2017-01-03,42.38999938964844,42.4900016784668,41.4900016784668,41.970001220703125,149000
2017-01-04,42.029998779296875,42.560001373291016,41.720001220703125,42.459999084472656,175200
2017-01-05,42.36000061035156,42.380001068115234,41.16999816894531,41.470001220703125,120100
2017-01-06,41.599998474121094,41.68000030517578,41.209999084472656,41.41999816894531,82300
2017-01-09,41.25,41.66999816894531,40.650001525878906,41.029998779296875,154200
2017-01-10,41.2400016784668,42.0,41.209999084472656,41.7400016784668,161300
2017-01-11,41.779998779296875,42.0,41.2599983215332,42.0,115500
2017-01-12,41.91999816894531,41.91999816894531,40.61000061035156,40.959999084472656,107100
2017-01-13,41.06999969482422,42.189998626708984,41.06999969482422,41.650001525878906,141600
2017-01-17,41.33000183105469,41.56999969482422,40.349998474121094,40.439998626708984,123600
2017-01-18,40.650001525878906,40.9900016784668,40.16999816894531,40.970001220703125,115900
2017-01-19,41.040000915527344,41.16999816894531,40.59000015258789,41.0099983215332,165200
2017-01-20,41.060001373291016,41.900001525878906,41.060001373291016,41.349998474121094,109500
2017-01-23,41.36000061035156,41.439998626708984,40.939998626708984,41.16999816894531,72800
2017-01-24,41.2400016784668,42.5099983215332,41.2400016784668,42.2599983215332,243800
2017-01-25,42.54999923706055,42.54999923706055,41.0,41.400001525878906,201400
2017-01-26,41.54999923706055,41.70000076293945,41.16999816894531,41.560001373291016,128100
2017-01-27,41.61000061035156,41.61000061035156,40.869998931884766,41.2400016784668,70800
2017-01-30,40.810001373291016,40.810001373291016,40.0099983215332,40.279998779296875,113300
2017-01-31,40.099998474121094,40.849998474121094,39.5,40.7400016784668,138900
2017-02-01,40.849998474121094,41.5,40.220001220703125,40.2599983215332,141200
2017-02-02,40.0,40.2599983215332,39.470001220703125,39.59000015258789,113300
2017-02-03,40.11000061035156,40.70000076293945,40.0,40.5,139500
2017-02-06,40.09000015258789,40.689998626708984,39.83000183105469,39.93000030517578,78700
2017-02-07,40.119998931884766,40.16999816894531,39.349998474121094,39.70000076293945,57200
2017-02-08,39.4900016784668,39.4900016784668,38.81999969482422,39.2599983215332,89900
2017-02-09,39.29999923706055,40.060001373291016,39.25,39.849998474121094,69800
2017-02-10,40.11000061035156,40.16999816894531,39.720001220703125,40.08000183105469,83000
2017-02-13,40.150001525878906,40.86000061035156,39.869998931884766,40.630001068115234,93500
2017-02-14,40.63999938964844,41.439998626708984,40.459999084472656,41.150001525878906,97600
2017-02-15,41.0,41.4900016784668,41.0,41.349998474121094,60800
2017-02-16,41.349998474121094,41.5,41.0099983215332,41.439998626708984,70500
2017-02-17,41.38999938964844,41.41999816894531,41.029998779296875,41.369998931884766,131600
2017-02-21,41.439998626708984,41.61000061035156,41.15999984741211,41.560001373291016,63300
2017-02-22,41.41999816894531,41.9900016784668,41.0099983215332,41.810001373291016,156600
2017-02-23,41.900001525878906,42.279998779296875,39.52000045776367,42.16999816894531,158600
2017-02-24,41.63999938964844,42.04999923706055,41.20000076293945,41.5099983215332,188600
2017-02-27,41.279998779296875,41.41999816894531,40.88999938964844,41.08000183105469,159700
2017-02-28,41.02000045776367,41.02000045776367,40.189998626708984,40.380001068115234,115000
2017-03-01,41.08000183105469,41.81999969482422,40.18000030517578,41.709999084472656,134600
2017-03-02,41.79999923706055,41.79999923706055,40.459999084472656,40.5,97800
2017-03-03,40.70000076293945,40.88999938964844,40.400001525878906,40.66999816894531,80400
2017-03-06,40.310001373291016,40.779998779296875,40.08000183105469,40.560001373291016,88900
2017-03-07,40.52000045776367,41.02000045776367,40.189998626708984,40.310001373291016,78200
2017-03-08,40.70000076293945,41.18000030517578,39.619998931884766,39.68000030517578,103400
2017-03-09,39.75,40.349998474121094,39.59000015258789,39.70000076293945,65300
2017-03-10,40.099998474121094,40.099998474121094,39.150001525878906,39.459999084472656,76400
2017-03-13,39.5,40.29999923706055,39.5,39.650001525878906,60700
2017-03-14,39.400001525878906,39.869998931884766,39.099998474121094,39.709999084472656,71100
2017-03-15,40.08000183105469,40.400001525878906,39.79999923706055,39.84000015258789,143200
2017-03-16,40.130001068115234,40.43000030517578,39.93000030517578,40.34000015258789,97800
2017-03-17,40.119998931884766,40.599998474121094,39.599998474121094,40.52000045776367,540100
2017-03-20,40.470001220703125,40.779998779296875,39.849998474121094,40.11000061035156,79300
2017-03-21,40.34000015258789,40.34000015258789,37.79999923706055,37.84000015258789,178500
2017-03-22,37.4900016784668,37.77000045776367,36.2599983215332,37.060001373291016,193100
2017-03-23,36.939998626708984,37.849998474121094,36.66999816894531,37.29999923706055,106400
2017-03-24,37.540000915527344,37.83000183105469,37.11000061035156,37.34000015258789,214400
2017-03-27,36.54999923706055,37.18000030517578,35.959999084472656,37.08000183105469,95800
2017-03-28,36.869998931884766,37.56999969482422,36.720001220703125,37.470001220703125,131600
2017-03-29,37.279998779296875,37.36000061035156,36.849998474121094,37.029998779296875,119700
2017-03-30,37.099998474121094,38.08000183105469,37.099998474121094,37.939998626708984,254000
2017-03-31,37.849998474121094,37.849998474121094,36.9900016784668,37.06999969482422,237200
2017-04-03,37.0,37.18000030517578,36.2599983215332,36.400001525878906,194100
2017-04-04,36.220001220703125,36.97999954223633,36.220001220703125,36.65999984741211,153600
2017-04-05,37.029998779296875,37.4900016784668,36.43000030517578,36.459999084472656,245100
2017-04-06,36.4900016784668,36.88999938964844,36.22999954223633,36.779998779296875,92300
2017-04-07,36.54999923706055,36.93000030517578,36.40999984741211,36.66999816894531,141000
2017-04-10,36.689998626708984,36.959999084472656,36.08000183105469,36.400001525878906,97300
2017-04-11,36.16999816894531,37.040000915527344,36.16999816894531,37.040000915527344,80600
2017-04-12,36.880001068115234,37.0099983215332,36.15999984741211,36.33000183105469,75300
2017-04-13,36.16999816894531,36.45000076293945,35.560001373291016,35.560001373291016,115500
2017-04-17,35.599998474121094,36.400001525878906,35.47999954223633,36.369998931884766,73800
2017-04-18,36.11000061035156,36.380001068115234,35.77000045776367,36.290000915527344,93800
2017-04-19,36.459999084472656,37.040000915527344,36.459999084472656,36.66999816894531,87000
2017-04-20,36.54999923706055,37.47999954223633,36.25,37.470001220703125,116100
2017-04-21,37.400001525878906,37.81999969482422,37.16999816894531,37.650001525878906,143100
2017-04-24,38.529998779296875,38.849998474121094,38.27000045776367,38.61000061035156,129700
2017-04-25,39.119998931884766,40.849998474121094,38.0099983215332,39.15999984741211,195400
2017-04-26,39.15999984741211,40.439998626708984,39.15999984741211,40.20000076293945,167800
2017-04-27,40.29999923706055,40.33000183105469,39.27000045776367,39.439998626708984,127900
2017-04-28,39.439998626708984,39.540000915527344,38.13999938964844,38.18000030517578,206800
2017-05-01,38.349998474121094,38.83000183105469,38.029998779296875,38.63999938964844,187500
2017-05-02,38.650001525878906,38.79999923706055,37.650001525878906,37.95000076293945,119900
2017-05-03,37.7599983215332,38.459999084472656,37.7599983215332,38.380001068115234,74800
2017-05-04,38.709999084472656,39.08000183105469,38.380001068115234,38.63999938964844,76300
2017-05-05,38.83000183105469,38.83000183105469,38.29999923706055,38.54999923706055,78700
2017-05-08,38.54999923706055,38.790000915527344,38.33000183105469,38.61000061035156,44100
2017-05-09,38.650001525878906,38.650001525878906,37.86000061035156,38.209999084472656,63800
2017-05-10,38.060001373291016,38.45000076293945,37.97999954223633,38.16999816894531,50400
2017-05-11,37.97999954223633,37.97999954223633,37.13999938964844,37.27000045776367,66200
2017-05-12,37.04999923706055,37.36000061035156,36.56999969482422,37.0,77300
2017-05-15,37.09000015258789,37.630001068115234,37.09000015258789,37.459999084472656,66100
2017-05-16,37.45000076293945,37.5,36.97999954223633,37.45000076293945,62200
2017-05-17,36.59000015258789,36.900001525878906,35.58000183105469,35.90999984741211,135600
2017-05-18,35.779998779296875,36.380001068115234,35.650001525878906,36.0099983215332,87000
2017-05-19,35.97999954223633,36.41999816894531,35.70000076293945,35.7400016784668,110400
2017-05-22,35.880001068115234,36.31999969482422,35.779998779296875,36.220001220703125,66200
2017-05-23,36.380001068115234,36.97999954223633,35.959999084472656,36.70000076293945,61500
2017-05-24,36.7400016784668,36.7400016784668,36.099998474121094,36.43000030517578,98600
2017-05-25,36.619998931884766,36.65999984741211,36.130001068115234,36.33000183105469,87300
2017-05-26,36.189998626708984,36.349998474121094,35.81999969482422,36.02000045776367,85700
2017-05-30,35.709999084472656,35.75,35.029998779296875,35.54999923706055,78200
2017-05-31,35.61000061035156,35.61000061035156,34.79999923706055,35.13999938964844,85300
2017-06-01,35.33000183105469,36.06999969482422,35.09000015258789,36.029998779296875,95400
2017-06-02,35.66999816894531,36.83000183105469,35.66999816894531,35.970001220703125,162300
2017-06-05,35.97999954223633,36.5,35.7599983215332,35.7599983215332,93600
2017-06-06,35.439998626708984,36.15999984741211,35.02000045776367,35.93000030517578,98000
2017-06-07,36.06999969482422,36.54999923706055,35.599998474121094,36.41999816894531,119800
2017-06-08,36.939998626708984,38.4900016784668,35.630001068115234,37.869998931884766,204800
2017-06-09,38.189998626708984,39.43000030517578,38.06999969482422,39.380001068115234,180600
2017-06-12,39.380001068115234,40.38999938964844,38.099998474121094,38.689998626708984,131400
2017-06-13,38.75,38.779998779296875,38.0099983215332,38.2599983215332,108000
2017-06-14,37.900001525878906,38.47999954223633,37.650001525878906,38.439998626708984,84600
2017-06-15,38.27000045776367,38.75,37.95000076293945,38.45000076293945,108100
2017-06-16,38.22999954223633,38.34000015258789,37.66999816894531,37.7599983215332,488600
2017-06-19,38.04999923706055,38.20000076293945,37.29999923706055,37.33000183105469,87400
2017-06-20,37.2599983215332,38.189998626708984,36.66999816894531,36.689998626708984,78800
2017-06-21,36.7400016784668,36.7400016784668,35.88999938964844,35.93000030517578,146300
2017-06-22,35.81999969482422,36.09000015258789,35.459999084472656,35.95000076293945,67400
2017-06-23,35.959999084472656,36.11000061035156,35.63999938964844,35.869998931884766,163100
2017-06-26,35.86000061035156,36.38999938964844,35.70000076293945,36.16999816894531,89300
2017-06-27,36.349998474121094,36.7599983215332,36.04999923706055,36.25,120500
2017-06-28,36.47999954223633,37.22999954223633,36.15999984741211,36.83000183105469,116400
2017-06-29,37.25,37.650001525878906,36.7400016784668,37.470001220703125,146300
2017-06-30,37.5,37.5,36.77000045776367,36.95000076293945,97100
2017-07-03,37.099998474121094,38.029998779296875,36.66999816894531,37.75,122200
2017-07-05,37.75,37.75,37.0,37.369998931884766,84400
2017-07-06,37.20000076293945,37.279998779296875,36.58000183105469,36.72999954223633,112400
2017-07-07,36.970001220703125,37.18000030517578,36.599998474121094,37.11000061035156,81900
2017-07-10,36.88999938964844,37.2400016784668,36.709999084472656,36.810001373291016,64200
2017-07-11,36.900001525878906,36.900001525878906,36.31999969482422,36.70000076293945,84500
2017-07-12,36.630001068115234,37.220001220703125,36.529998779296875,36.849998474121094,58200
2017-07-13,36.7599983215332,36.970001220703125,36.5,36.970001220703125,72100
2017-07-14,36.5,36.880001068115234,36.13999938964844,36.619998931884766,88600
2017-07-17,36.540000915527344,36.880001068115234,36.119998931884766,36.709999084472656,124100
2017-07-18,36.439998626708984,36.75,36.220001220703125,36.58000183105469,99800
2017-07-19,36.59000015258789,36.880001068115234,36.41999816894531,36.630001068115234,127700
2017-07-20,36.56999969482422,36.95000076293945,36.400001525878906,36.720001220703125,47800
2017-07-21,37.09000015258789,37.29999923706055,36.290000915527344,36.349998474121094,116200
2017-07-24,36.13999938964844,36.900001525878906,36.13999938964844,36.72999954223633,77200
2017-07-25,36.849998474121094,37.4900016784668,36.310001373291016,36.810001373291016,129400
2017-07-26,36.68000030517578,36.689998626708984,35.93000030517578,36.060001373291016,72600
2017-07-27,36.040000915527344,36.5099983215332,35.7400016784668,35.970001220703125,62900
2017-07-28,35.880001068115234,35.88999938964844,35.4900016784668,35.7400016784668,59800
2017-07-31,35.79999923706055,36.349998474121094,35.77000045776367,36.13999938964844,87300
2017-08-01,36.380001068115234,36.380001068115234,35.959999084472656,36.20000076293945,51400
2017-08-02,36.130001068115234,36.130001068115234,35.529998779296875,35.7400016784668,50400
2017-08-03,35.70000076293945,35.720001220703125,35.13999938964844,35.33000183105469,74000
2017-08-04,35.58000183105469,35.959999084472656,35.400001525878906,35.70000076293945,56500
2017-08-07,35.689998626708984,35.939998626708984,35.279998779296875,35.349998474121094,59100
2017-08-08,35.20000076293945,35.939998626708984,35.13999938964844,35.34000015258789,47000
2017-08-09,35.029998779296875,35.369998931884766,34.650001525878906,34.84000015258789,116700
2017-08-10,34.650001525878906,34.650001525878906,33.93000030517578,33.959999084472656,96600
2017-08-11,34.040000915527344,34.22999954223633,33.27000045776367,33.459999084472656,88100
2017-08-14,33.650001525878906,34.47999954223633,33.63999938964844,34.349998474121094,100100
2017-08-15,35.720001220703125,35.93000030517578,34.060001373291016,34.130001068115234,133300
2017-08-16,34.36000061035156,34.529998779296875,33.7400016784668,33.849998474121094,101100
2017-08-17,33.68000030517578,33.970001220703125,32.84000015258789,32.869998931884766,110800
2017-08-18,32.68000030517578,33.400001525878906,32.220001220703125,33.150001525878906,162200
2017-08-21,33.02000045776367,33.2400016784668,32.779998779296875,33.099998474121094,161900
2017-08-22,33.209999084472656,33.400001525878906,33.16999816894531,33.279998779296875,105400
2017-08-23,32.959999084472656,33.34000015258789,32.900001525878906,32.91999816894531,120600
2017-08-24,33.119998931884766,33.18000030517578,32.81999969482422,33.099998474121094,93100
2017-08-25,33.279998779296875,33.43000030517578,33.13999938964844,33.209999084472656,91800
2017-08-28,33.45000076293945,33.77000045776367,33.099998474121094,33.2599983215332,131200
2017-08-29,32.790000915527344,33.150001525878906,32.75,32.959999084472656,109700
2017-08-30,32.7599983215332,32.849998474121094,32.5,32.720001220703125,78500
2017-08-31,32.65999984741211,33.09000015258789,32.560001373291016,32.83000183105469,81300
2017-09-01,32.869998931884766,33.119998931884766,32.650001525878906,32.77000045776367,73100
2017-09-05,32.650001525878906,32.650001525878906,32.040000915527344,32.2400016784668,110000
2017-09-06,32.22999954223633,32.599998474121094,32.060001373291016,32.15999984741211,152500
2017-09-07,32.16999816894531,32.209999084472656,31.280000686645508,31.65999984741211,84800
2017-09-08,31.600000381469727,32.5099983215332,31.600000381469727,32.130001068115234,99600
2017-09-11,32.38999938964844,32.970001220703125,32.38999938964844,32.790000915527344,74100
2017-09-12,32.84000015258789,33.61000061035156,32.84000015258789,33.40999984741211,123500
2017-09-13,33.41999816894531,34.11000061035156,33.2400016784668,33.93000030517578,147900
2017-09-14,33.90999984741211,34.310001373291016,33.220001220703125,33.66999816894531,147800
2017-09-15,33.7400016784668,34.349998474121094,33.220001220703125,34.220001220703125,420700
2017-09-18,34.290000915527344,34.650001525878906,34.2599983215332,34.59000015258789,136600
2017-09-19,34.59000015258789,34.869998931884766,34.400001525878906,34.689998626708984,137000
2017-09-20,34.7400016784668,35.439998626708984,34.29999923706055,35.11000061035156,114300
2017-09-21,35.09000015258789,35.470001220703125,34.91999816894531,34.939998626708984,197900
2017-09-22,34.90999984741211,35.220001220703125,34.68000030517578,35.09000015258789,75300
2017-09-25,34.97999954223633,35.47999954223633,34.86000061035156,35.40999984741211,115100
2017-09-26,35.529998779296875,35.84000015258789,35.22999954223633,35.63999938964844,88100
2017-09-27,35.9900016784668,37.06999969482422,35.65999984741211,36.810001373291016,288100
2017-09-28,36.84000015258789,37.130001068115234,36.33000183105469,36.790000915527344,115600
2017-09-29,36.7400016784668,37.220001220703125,35.79999923706055,36.720001220703125,133300
2017-10-02,36.720001220703125,37.45000076293945,36.400001525878906,37.439998626708984,135100
2017-10-03,37.599998474121094,37.7599983215332,36.90999984741211,37.709999084472656,119100
2017-10-04,37.70000076293945,37.70000076293945,36.88999938964844,36.939998626708984,104600
2017-10-05,37.08000183105469,37.59000015258789,36.880001068115234,37.400001525878906,66600
2017-10-06,37.439998626708984,37.470001220703125,36.970001220703125,37.31999969482422,51100
2017-10-09,37.369998931884766,37.59000015258789,37.22999954223633,37.470001220703125,63200
2017-10-10,37.70000076293945,37.849998474121094,37.41999816894531,37.75,101500
2017-10-11,37.70000076293945,37.790000915527344,37.380001068115234,37.58000183105469,80400
2017-10-12,37.58000183105469,37.7599983215332,37.31999969482422,37.400001525878906,68000
2017-10-13,37.4900016784668,37.66999816894531,37.02000045776367,37.380001068115234,67000
2017-10-16,37.45000076293945,37.880001068115234,37.41999816894531,37.68000030517578,51900
2017-10-17,37.66999816894531,37.75,37.08000183105469,37.2599983215332,81100
2017-10-18,37.38999938964844,38.189998626708984,37.38999938964844,38.099998474121094,150900
2017-10-19,37.65999984741211,38.400001525878906,37.65999984741211,38.220001220703125,104200
2017-10-20,38.79999923706055,38.79999923706055,38.130001068115234,38.38999938964844,129300
2017-10-23,38.400001525878906,38.66999816894531,37.4900016784668,37.560001373291016,74400
2017-10-24,38.38999938964844,39.060001373291016,37.20000076293945,38.650001525878906,142500
2017-10-25,38.790000915527344,38.849998474121094,38.220001220703125,38.59000015258789,115700
2017-10-26,38.709999084472656,39.16999816894531,38.52000045776367,38.7400016784668,109300
2017-10-27,38.66999816894531,38.970001220703125,38.47999954223633,38.7400016784668,115900
2017-10-30,38.58000183105469,38.75,37.45000076293945,37.619998931884766,117100
2017-10-31,37.689998626708984,38.43000030517578,37.689998626708984,38.13999938964844,135900
2017-11-01,38.470001220703125,38.540000915527344,37.41999816894531,37.65999984741211,134300
2017-11-02,37.689998626708984,38.400001525878906,37.2400016784668,38.31999969482422,97200
2017-11-03,38.27000045776367,38.27000045776367,37.540000915527344,37.79999923706055,133200
2017-11-06,37.810001373291016,38.02000045776367,37.560001373291016,37.7400016784668,55300
2017-11-07,37.68000030517578,38.72999954223633,36.529998779296875,36.650001525878906,129600
2017-11-08,36.41999816894531,36.59000015258789,35.90999984741211,36.20000076293945,91300
2017-11-09,35.90999984741211,36.470001220703125,35.52000045776367,35.959999084472656,93200
2017-11-10,35.9900016784668,36.630001068115234,35.88999938964844,36.060001373291016,73900
2017-11-13,35.779998779296875,36.4900016784668,35.560001373291016,36.41999816894531,109200
2017-11-14,36.150001525878906,36.56999969482422,36.11000061035156,36.29999923706055,148900
2017-11-15,35.900001525878906,36.47999954223633,35.18000030517578,36.2599983215332,170900
2017-11-16,36.43000030517578,37.22999954223633,35.36000061035156,36.93000030517578,148800
2017-11-17,36.689998626708984,37.209999084472656,36.36000061035156,36.9900016784668,372900
2017-11-20,37.09000015258789,37.720001220703125,36.9900016784668,37.68000030517578,89000
2017-11-21,37.869998931884766,37.97999954223633,37.58000183105469,37.880001068115234,99100
2017-11-22,38.04999923706055,38.279998779296875,37.79999923706055,37.869998931884766,78600
2017-11-24,37.959999084472656,37.959999084472656,37.31999969482422,37.54999923706055,83000
2017-11-27,37.5099983215332,37.88999938964844,37.34000015258789,37.36000061035156,82600
2017-11-28,37.5099983215332,38.810001373291016,37.279998779296875,38.779998779296875,124400
2017-11-29,38.959999084472656,40.41999816894531,38.869998931884766,40.02000045776367,139800
2017-11-30,40.13999938964844,40.470001220703125,38.560001373291016,38.84000015258789,162600
2017-12-01,38.790000915527344,39.119998931884766,37.22999954223633,38.72999954223633,96200
2017-12-04,39.38999938964844,39.689998626708984,38.7400016784668,38.91999816894531,306000
2017-12-05,39.130001068115234,39.400001525878906,38.189998626708984,38.220001220703125,103000
2017-12-06,38.099998474121094,38.54999923706055,37.970001220703125,38.13999938964844,150800
2017-12-07,38.0099983215332,38.41999816894531,37.790000915527344,38.040000915527344,95000
2017-12-08,38.33000183105469,38.33000183105469,37.59000015258789,37.63999938964844,56700
2017-12-11,37.619998931884766,37.95000076293945,37.279998779296875,37.380001068115234,366600
2017-12-12,37.540000915527344,38.45000076293945,37.540000915527344,37.65999984741211,179800
2017-12-13,37.72999954223633,38.4900016784668,37.58000183105469,37.810001373291016,87200
2017-12-14,37.939998626708984,38.060001373291016,37.02000045776367,37.189998626708984,85500
2017-12-15,37.349998474121094,38.650001525878906,36.849998474121094,38.29999923706055,828800
2017-12-18,38.68000030517578,39.459999084472656,38.36000061035156,38.72999954223633,118200
2017-12-19,38.79999923706055,38.79999923706055,38.029998779296875,38.13999938964844,84100
2017-12-20,38.41999816894531,38.41999816894531,37.689998626708984,38.02000045776367,60400
2017-12-21,38.130001068115234,38.59000015258789,37.91999816894531,38.369998931884766,58800
2017-12-22,38.470001220703125,38.83000183105469,37.95000076293945,38.220001220703125,69400
2017-12-26,38.220001220703125,38.79999923706055,37.61000061035156,37.91999816894531,59900
2017-12-27,37.91999816894531,38.06999969482422,37.439998626708984,37.470001220703125,68800
2017-12-28,37.59000015258789,37.599998474121094,37.16999816894531,37.459999084472656,37700
2017-12-29,37.5099983215332,37.56999969482422,36.79999923706055,36.79999923706055,113500
2018-01-02,36.900001525878906,37.529998779296875,36.40999984741211,36.72999954223633,130000
2018-01-03,36.599998474121094,36.7599983215332,36.06999969482422,36.27000045776367,111500
2018-01-04,36.47999954223633,36.95000076293945,36.25,36.31999969482422,179600
2018-01-05,36.45000076293945,36.97999954223633,36.2599983215332,36.56999969482422,151200
2018-01-08,36.560001373291016,37.18000030517578,36.2400016784668,36.91999816894531,127700
2018-01-09,37.0,37.63999938964844,36.970001220703125,37.470001220703125,243800
2018-01-10,37.36000061035156,37.88999938964844,37.099998474121094,37.45000076293945,104400
2018-01-11,37.52000045776367,38.2400016784668,37.52000045776367,37.970001220703125,126300
2018-01-12,38.15999984741211,38.5,36.0099983215332,38.15999984741211,133200
2018-01-16,38.380001068115234,38.59000015258789,37.529998779296875,37.68000030517578,84100
2018-01-17,37.83000183105469,38.08000183105469,35.7400016784668,37.970001220703125,96500
2018-01-18,37.959999084472656,37.9900016784668,37.380001068115234,37.47999954223633,85300
2018-01-19,37.34000015258789,38.02000045776367,35.810001373291016,37.709999084472656,163800
2018-01-22,37.68000030517578,37.810001373291016,37.08000183105469,37.7599983215332,82500
2018-01-23,37.70000076293945,38.77000045776367,36.41999816894531,38.369998931884766,147600
2018-01-24,38.540000915527344,38.54999923706055,37.720001220703125,37.720001220703125,124800
2018-01-25,38.04999923706055,38.04999923706055,37.08000183105469,37.61000061035156,173900
2018-01-26,37.70000076293945,37.97999954223633,37.119998931884766,37.400001525878906,58600
2018-01-29,37.34000015258789,37.5,36.83000183105469,37.16999816894531,109700
2018-01-30,36.959999084472656,37.400001525878906,36.709999084472656,36.93000030517578,89000
2018-01-31,37.04999923706055,37.45000076293945,36.88999938964844,36.90999984741211,83300
2018-02-01,36.72999954223633,37.47999954223633,36.560001373291016,37.470001220703125,97300
2018-02-02,37.25,37.83000183105469,37.25,37.290000915527344,130700
2018-02-05,36.849998474121094,37.4900016784668,35.66999816894531,35.689998626708984,147700
2018-02-06,34.869998931884766,36.06999969482422,34.540000915527344,35.810001373291016,171800
2018-02-07,35.5099983215332,36.22999954223633,35.5099983215332,35.91999816894531,87800
2018-02-08,36.220001220703125,36.220001220703125,34.9900016784668,35.0,110900
2018-02-09,35.5099983215332,36.11000061035156,34.84000015258789,35.790000915527344,161400
2018-02-12,36.0,36.08000183105469,35.380001068115234,35.61000061035156,132900
2018-02-13,35.40999984741211,35.869998931884766,35.310001373291016,35.61000061035156,92500
2018-02-14,35.34000015258789,36.470001220703125,35.34000015258789,36.349998474121094,122900
2018-02-15,36.56999969482422,36.7400016784668,36.04999923706055,36.2599983215332,103000
2018-02-16,36.08000183105469,37.25,36.08000183105469,36.849998474121094,811100
2018-02-20,36.70000076293945,37.400001525878906,36.20000076293945,36.40999984741211,127500
2018-02-21,36.40999984741211,37.09000015258789,36.16999816894531,36.70000076293945,82300
2018-02-22,36.72999954223633,36.97999954223633,35.93000030517578,35.959999084472656,102200
2018-02-23,36.13999938964844,36.59000015258789,35.040000915527344,36.56999969482422,92300
2018-02-26,36.65999984741211,36.75,36.290000915527344,36.72999954223633,64400
2018-02-27,36.720001220703125,37.15999984741211,35.869998931884766,35.91999816894531,121400
2018-02-28,35.90999984741211,36.09000015258789,34.77000045776367,34.79999923706055,101100
2018-03-01,34.72999954223633,35.599998474121094,34.529998779296875,35.09000015258789,153100
2018-03-02,34.810001373291016,35.83000183105469,34.04999923706055,35.70000076293945,84000
2018-03-05,35.459999084472656,36.38999938964844,35.150001525878906,36.130001068115234,128900
2018-03-06,36.310001373291016,36.66999816894531,35.88999938964844,36.58000183105469,135000
2018-03-07,36.290000915527344,37.09000015258789,36.290000915527344,36.81999969482422,105100
2018-03-08,36.9900016784668,36.9900016784668,36.029998779296875,36.31999969482422,105800
2018-03-09,36.61000061035156,37.29999923706055,36.119998931884766,37.209999084472656,113300
2018-03-12,37.209999084472656,37.529998779296875,37.0099983215332,37.38999938964844,108900
2018-03-13,37.58000183105469,37.709999084472656,36.79999923706055,37.310001373291016,84500
2018-03-14,37.43000030517578,37.43000030517578,36.689998626708984,36.790000915527344,84800
2018-03-15,37.02000045776367,37.38999938964844,36.689998626708984,37.189998626708984,131000
2018-03-16,37.20000076293945,37.619998931884766,36.939998626708984,37.540000915527344,363400
2018-03-19,37.40999984741211,37.439998626708984,36.59000015258789,37.36000061035156,103000
2018-03-20,37.4900016784668,37.4900016784668,36.709999084472656,36.810001373291016,62200
2018-03-21,36.869998931884766,37.34000015258789,36.61000061035156,36.95000076293945,114600
2018-03-22,36.61000061035156,36.90999984741211,35.900001525878906,36.02000045776367,83400
2018-03-23,36.060001373291016,36.060001373291016,34.599998474121094,34.630001068115234,145200
2018-03-26,35.16999816894531,35.939998626708984,35.0,35.869998931884766,107700
2018-03-27,36.06999969482422,36.40999984741211,35.08000183105469,35.22999954223633,97700
2018-03-28,35.290000915527344,36.060001373291016,34.959999084472656,35.72999954223633,113300
2018-03-29,35.720001220703125,36.220001220703125,35.45000076293945,35.47999954223633,134800
2018-04-02,35.459999084472656,35.93000030517578,34.599998474121094,34.91999816894531,96900
2018-04-03,35.09000015258789,35.599998474121094,34.599998474121094,35.5,119300
2018-04-04,35.0,36.0,35.0,35.83000183105469,77900
2018-04-05,35.95000076293945,36.13999938964844,35.61000061035156,36.08000183105469,70500
2018-04-06,35.90999984741211,36.20000076293945,35.029998779296875,35.439998626708984,77800
2018-04-09,35.619998931884766,36.130001068115234,35.2599983215332,35.36000061035156,77900
2018-04-10,35.790000915527344,36.130001068115234,35.5099983215332,35.95000076293945,89200
2018-04-11,35.779998779296875,35.849998474121094,35.470001220703125,35.65999984741211,48500
2018-04-12,35.88999938964844,36.29999923706055,35.810001373291016,36.06999969482422,66400
2018-04-13,36.20000076293945,36.20000076293945,35.52000045776367,35.689998626708984,91900
2018-04-16,35.95000076293945,36.25,35.709999084472656,36.08000183105469,55200
2018-04-17,36.189998626708984,36.209999084472656,35.5,35.779998779296875,81600
2018-04-18,35.869998931884766,36.0099983215332,35.65999984741211,35.66999816894531,86600
2018-04-19,35.630001068115234,36.31999969482422,35.630001068115234,36.13999938964844,134700
2018-04-20,36.0,36.34000015258789,35.869998931884766,36.279998779296875,81900
2018-04-23,36.31999969482422,36.83000183105469,36.18000030517578,36.529998779296875,86400
2018-04-24,36.95000076293945,37.709999084472656,36.0,37.59000015258789,148300
2018-04-25,37.36000061035156,37.95000076293945,37.130001068115234,37.310001373291016,101200
2018-04-26,37.40999984741211,37.45000076293945,36.9900016784668,37.06999969482422,84500
2018-04-27,37.13999938964844,37.47999954223633,37.0,37.119998931884766,56100
2018-04-30,37.33000183105469,37.33000183105469,36.529998779296875,36.540000915527344,71000
2018-05-01,36.529998779296875,36.939998626708984,35.880001068115234,36.880001068115234,85400
2018-05-02,36.650001525878906,37.400001525878906,36.529998779296875,37.150001525878906,146400
2018-05-03,36.970001220703125,37.08000183105469,36.369998931884766,36.63999938964844,66100
2018-05-04,36.369998931884766,37.439998626708984,36.369998931884766,36.9900016784668,43200
2018-05-07,37.16999816894531,37.630001068115234,36.84000015258789,37.29999923706055,60600
2018-05-08,37.11000061035156,37.79999923706055,37.11000061035156,37.75,74500
2018-05-09,37.849998474121094,38.310001373291016,37.560001373291016,38.029998779296875,70100
2018-05-10,38.040000915527344,38.150001525878906,37.68000030517578,37.95000076293945,59800
2018-05-11,38.040000915527344,38.060001373291016,37.720001220703125,37.79999923706055,53300
2018-05-14,38.2400016784668,38.2400016784668,37.279998779296875,37.369998931884766,99000
2018-05-15,37.310001373291016,37.97999954223633,37.310001373291016,37.72999954223633,68500
2018-05-16,37.790000915527344,37.97999954223633,37.5099983215332,37.790000915527344,122500
2018-05-17,37.84000015258789,38.38999938964844,37.709999084472656,38.22999954223633,54100
2018-05-18,38.400001525878906,38.400001525878906,37.849998474121094,38.099998474121094,78900
2018-05-21,38.25,38.52000045776367,37.880001068115234,38.470001220703125,63100
2018-05-22,38.61000061035156,39.0099983215332,38.33000183105469,38.59000015258789,64200
2018-05-23,38.560001373291016,38.790000915527344,38.290000915527344,38.529998779296875,50800
2018-05-24,38.540000915527344,38.540000915527344,37.79999923706055,38.36000061035156,58300
2018-05-25,38.290000915527344,38.540000915527344,38.220001220703125,38.36000061035156,49000
2018-05-29,38.099998474121094,38.40999984741211,37.560001373291016,37.93000030517578,140500
2018-05-30,38.18000030517578,38.790000915527344,38.11000061035156,38.630001068115234,86000
2018-05-31,38.380001068115234,38.599998474121094,38.02000045776367,38.099998474121094,81800
2018-06-01,38.34000015258789,38.790000915527344,38.33000183105469,38.529998779296875,97300
2018-06-04,38.720001220703125,39.06999969482422,38.380001068115234,39.040000915527344,100500
2018-06-05,38.95000076293945,39.29999923706055,38.689998626708984,39.220001220703125,80100
2018-06-06,39.290000915527344,39.81999969482422,39.290000915527344,39.790000915527344,77900
2018-06-07,39.790000915527344,39.9900016784668,39.54999923706055,39.59000015258789,69700
2018-06-08,39.470001220703125,39.779998779296875,38.869998931884766,39.45000076293945,100200
2018-06-11,39.52000045776367,39.52000045776367,38.93000030517578,39.16999816894531,62500
2018-06-12,39.18000030517578,39.18000030517578,38.630001068115234,38.84000015258789,43000
2018-06-13,38.88999938964844,39.15999984741211,38.58000183105469,38.790000915527344,67900
2018-06-14,38.849998474121094,38.959999084472656,38.40999984741211,38.93000030517578,64700
2018-06-15,38.959999084472656,39.29999923706055,38.5099983215332,38.939998626708984,359400
2018-06-18,38.83000183105469,39.29999923706055,38.540000915527344,39.29999923706055,76300
2018-06-19,39.13999938964844,39.849998474121094,38.540000915527344,39.7599983215332,63900
2018-06-20,39.91999816894531,40.0,39.52000045776367,39.959999084472656,62900
2018-06-21,39.81999969482422,40.2400016784668,39.5099983215332,39.880001068115234,88300
2018-06-22,40.0099983215332,40.220001220703125,39.40999984741211,39.779998779296875,216900
2018-06-25,39.70000076293945,39.70000076293945,39.09000015258789,39.34000015258789,87700
2018-06-26,39.43000030517578,39.70000076293945,39.0,39.41999816894531,56100
2018-06-27,39.400001525878906,39.400001525878906,38.380001068115234,38.380001068115234,53100
2018-06-28,38.369998931884766,38.77000045776367,38.29999923706055,38.36000061035156,49800
2018-06-29,38.54999923706055,38.77000045776367,38.029998779296875,38.150001525878906,120400
2018-07-02,37.849998474121094,38.720001220703125,37.849998474121094,38.709999084472656,77400
2018-07-03,38.70000076293945,38.939998626708984,38.529998779296875,38.619998931884766,38100
2018-07-05,38.68000030517578,38.97999954223633,38.380001068115234,38.959999084472656,94100
2018-07-06,38.939998626708984,39.33000183105469,38.45000076293945,39.11000061035156,45800
2018-07-09,39.29999923706055,39.790000915527344,39.290000915527344,39.709999084472656,61900
2018-07-10,39.900001525878906,39.900001525878906,38.86000061035156,39.209999084472656,62000
2018-07-11,39.060001373291016,39.5099983215332,39.04999923706055,39.119998931884766,51100
2018-07-12,39.22999954223633,39.22999954223633,38.4900016784668,38.84000015258789,85800
2018-07-13,38.779998779296875,39.04999923706055,38.54999923706055,38.54999923706055,42700
2018-07-16,38.54999923706055,39.0,38.54999923706055,38.97999954223633,57800
2018-07-17,38.970001220703125,39.209999084472656,38.84000015258789,38.869998931884766,51800
2018-07-18,38.849998474121094,39.349998474121094,38.779998779296875,39.31999969482422,49800
2018-07-19,39.18000030517578,39.66999816894531,38.91999816894531,39.630001068115234,54600
2018-07-20,39.619998931884766,39.9900016784668,39.470001220703125,39.880001068115234,81400
2018-07-23,39.7599983215332,40.560001373291016,39.47999954223633,40.2599983215332,51000
2018-07-24,41.0,41.56999969482422,39.970001220703125,41.0099983215332,120900
2018-07-25,41.099998474121094,41.099998474121094,40.29999923706055,40.90999984741211,85000
2018-07-26,41.0099983215332,41.880001068115234,40.560001373291016,41.56999969482422,90900
2018-07-27,41.560001373291016,41.83000183105469,40.869998931884766,41.060001373291016,66700
2018-07-30,41.0,41.66999816894531,40.11000061035156,40.560001373291016,72000
2018-07-31,40.790000915527344,40.790000915527344,40.040000915527344,40.2400016784668,104000
2018-08-01,40.33000183105469,40.5,40.04999923706055,40.22999954223633,76000
2018-08-02,40.08000183105469,40.61000061035156,40.0,40.45000076293945,67000
2018-08-03,40.459999084472656,40.66999816894531,39.61000061035156,39.66999816894531,41800
2018-08-06,39.68000030517578,39.75,39.0,39.5,49800
2018-08-07,39.599998474121094,39.599998474121094,39.290000915527344,39.34000015258789,53400
2018-08-08,39.599998474121094,39.599998474121094,39.130001068115234,39.54999923706055,66900
2018-08-09,39.540000915527344,39.689998626708984,39.33000183105469,39.61000061035156,41700
2018-08-10,39.369998931884766,39.65999984741211,39.150001525878906,39.43000030517578,35700
2018-08-13,39.470001220703125,39.72999954223633,39.279998779296875,39.5,56800
2018-08-14,39.61000061035156,40.2599983215332,39.560001373291016,40.25,67000
2018-08-15,40.099998474121094,40.470001220703125,39.68000030517578,39.689998626708984,47800
2018-08-16,39.72999954223633,40.58000183105469,39.72999954223633,40.380001068115234,44300
2018-08-17,40.220001220703125,40.709999084472656,40.220001220703125,40.63999938964844,96000
2018-08-20,40.689998626708984,40.70000076293945,39.9900016784668,40.25,80600
2018-08-21,40.369998931884766,41.20000076293945,40.369998931884766,41.02000045776367,99000
2018-08-22,40.88999938964844,41.27000045776367,40.88999938964844,41.189998626708984,65400
2018-08-23,41.11000061035156,41.459999084472656,40.900001525878906,41.11000061035156,55500
2018-08-24,41.11000061035156,41.29999923706055,40.9900016784668,41.13999938964844,37300
2018-08-27,41.13999938964844,41.369998931884766,40.7599983215332,40.810001373291016,38300
2018-08-28,40.84000015258789,40.900001525878906,40.540000915527344,40.540000915527344,21600
2018-08-29,40.65999984741211,40.65999984741211,40.130001068115234,40.43000030517578,38900
2018-08-30,40.20000076293945,40.36000061035156,39.88999938964844,40.08000183105469,52500
2018-08-31,39.95000076293945,40.59000015258789,39.84000015258789,40.47999954223633,52200
2018-09-04,40.459999084472656,40.72999954223633,40.02000045776367,40.45000076293945,60300
2018-09-05,40.38999938964844,40.7400016784668,40.33000183105469,40.52000045776367,38200
2018-09-06,40.459999084472656,40.720001220703125,40.220001220703125,40.2400016784668,63300
2018-09-07,40.2400016784668,40.540000915527344,40.029998779296875,40.5099983215332,61700
2018-09-10,40.70000076293945,40.720001220703125,40.29999923706055,40.349998474121094,29600
2018-09-11,40.189998626708984,40.619998931884766,40.130001068115234,40.20000076293945,60200
2018-09-12,40.15999984741211,40.189998626708984,39.72999954223633,39.81999969482422,68300
2018-09-13,39.90999984741211,39.90999984741211,39.31999969482422,39.459999084472656,40000
2018-09-14,39.630001068115234,40.369998931884766,39.439998626708984,40.02000045776367,97900
2018-09-17,40.0,40.0,39.2599983215332,39.459999084472656,73800
2018-09-18,39.45000076293945,39.459999084472656,39.220001220703125,39.27000045776367,46800
2018-09-19,39.15999984741211,39.689998626708984,39.15999984741211,39.349998474121094,110500
2018-09-20,39.47999954223633,40.06999969482422,39.47999954223633,39.869998931884766,77500
2018-09-21,39.83000183105469,40.20000076293945,39.560001373291016,39.779998779296875,343400
2018-09-24,39.689998626708984,39.689998626708984,38.689998626708984,38.77000045776367,75900
2018-09-25,38.83000183105469,38.91999816894531,38.65999984741211,38.68000030517578,51600
2018-09-26,38.66999816894531,38.720001220703125,38.119998931884766,38.25,81500
2018-09-27,38.27000045776367,38.529998779296875,38.06999969482422,38.119998931884766,44700
2018-09-28,37.9900016784668,38.52000045776367,37.9900016784668,38.380001068115234,85000
2018-10-01,38.459999084472656,38.5,37.459999084472656,37.470001220703125,70600
2018-10-02,37.5,37.72999954223633,37.18000030517578,37.380001068115234,49400
2018-10-03,37.47999954223633,38.36000061035156,37.380001068115234,38.22999954223633,73100
2018-10-04,38.150001525878906,38.560001373291016,37.900001525878906,38.11000061035156,57900
2018-10-05,38.209999084472656,38.34000015258789,37.560001373291016,37.869998931884766,64600
2018-10-08,37.869998931884766,38.400001525878906,37.689998626708984,38.2400016784668,62500
2018-10-09,38.150001525878906,38.869998931884766,38.060001373291016,38.70000076293945,87900
2018-10-10,38.689998626708984,39.22999954223633,38.2400016784668,38.290000915527344,74300
2018-10-11,38.130001068115234,38.369998931884766,37.31999969482422,37.369998931884766,133400
2018-10-12,37.369998931884766,37.52000045776367,35.220001220703125,36.119998931884766,129300
2018-10-15,36.040000915527344,36.560001373291016,35.70000076293945,36.34000015258789,66200
2018-10-16,36.40999984741211,36.88999938964844,35.88999938964844,36.790000915527344,77400
2018-10-17,36.68000030517578,37.25,36.220001220703125,36.970001220703125,46000
2018-10-18,36.61000061035156,37.11000061035156,36.33000183105469,36.650001525878906,110000
2018-10-19,36.40999984741211,37.099998474121094,36.40999984741211,36.83000183105469,122200
2018-10-22,36.93000030517578,36.959999084472656,36.0099983215332,36.31999969482422,128000
2018-10-23,37.970001220703125,37.970001220703125,35.650001525878906,36.720001220703125,80900
2018-10-24,36.4900016784668,36.650001525878906,34.66999816894531,34.77000045776367,144900
2018-10-25,34.95000076293945,35.91999816894531,34.65999984741211,35.599998474121094,95300
2018-10-26,35.31999969482422,35.83000183105469,34.93000030517578,35.58000183105469,104100
2018-10-29,35.91999816894531,36.59000015258789,35.779998779296875,36.2400016784668,64900
2018-10-30,36.290000915527344,37.119998931884766,36.16999816894531,37.0,86400
2018-10-31,37.29999923706055,37.29999923706055,36.40999984741211,36.4900016784668,138100
2018-11-01,36.619998931884766,37.060001373291016,36.459999084472656,36.869998931884766,111400
2018-11-02,37.040000915527344,37.4900016784668,36.86000061035156,37.369998931884766,82900
2018-11-05,37.380001068115234,37.70000076293945,37.040000915527344,37.400001525878906,80700
2018-11-06,37.400001525878906,38.0099983215332,37.2599983215332,37.91999816894531,73100
2018-11-07,37.959999084472656,38.59000015258789,37.369998931884766,38.47999954223633,228900
2018-11-08,38.439998626708984,38.81999969482422,38.22999954223633,38.630001068115234,51500
2018-11-09,38.529998779296875,38.84000015258789,37.5099983215332,37.7400016784668,75300
2018-11-12,37.75,38.119998931884766,37.47999954223633,37.560001373291016,47200
2018-11-13,37.689998626708984,38.290000915527344,37.689998626708984,37.779998779296875,67400
2018-11-14,38.029998779296875,38.779998779296875,37.2400016784668,37.5099983215332,59000
2018-11-15,37.38999938964844,38.4900016784668,37.2400016784668,38.290000915527344,60200
2018-11-16,38.08000183105469,38.459999084472656,37.91999816894531,38.36000061035156,148000
2018-11-19,38.349998474121094,38.650001525878906,37.880001068115234,38.099998474121094,34500
2018-11-20,37.810001373291016,38.27000045776367,37.5099983215332,37.81999969482422,56100
2018-11-21,37.83000183105469,38.400001525878906,37.630001068115234,37.689998626708984,40100
2018-11-23,37.43000030517578,38.27000045776367,37.43000030517578,37.91999816894531,21900
2018-11-26,38.15999984741211,38.630001068115234,37.88999938964844,38.099998474121094,67200
2018-11-27,37.880001068115234,38.20000076293945,37.58000183105469,37.91999816894531,34500
2018-11-28,37.93000030517578,38.70000076293945,37.52000045776367,38.599998474121094,75900
2018-11-29,38.2599983215332,38.56999969482422,37.810001373291016,38.20000076293945,74400
2018-11-30,38.18000030517578,39.099998474121094,38.18000030517578,38.970001220703125,142100
2018-12-03,39.209999084472656,39.25,38.09000015258789,38.75,99000
2018-12-04,38.540000915527344,38.540000915527344,36.2400016784668,36.33000183105469,127400
2018-12-06,35.790000915527344,36.45000076293945,35.4900016784668,36.369998931884766,71400
2018-12-07,36.189998626708984,37.06999969482422,35.97999954223633,36.5099983215332,115700
2018-12-10,36.52000045776367,36.52000045776367,35.189998626708984,35.79999923706055,146100
2018-12-11,36.18000030517578,36.47999954223633,35.47999954223633,35.7599983215332,79800
2018-12-12,36.16999816894531,37.040000915527344,36.0099983215332,36.75,91700
2018-12-13,36.810001373291016,36.939998626708984,36.02000045776367,36.16999816894531,80000
2018-12-14,35.93000030517578,36.40999984741211,35.470001220703125,35.47999954223633,122500
2018-12-17,35.5,35.66999816894531,34.689998626708984,34.86000061035156,179400
2018-12-18,35.130001068115234,35.52000045776367,34.61000061035156,34.66999816894531,147500
2018-12-19,34.689998626708984,34.91999816894531,32.34000015258789,32.470001220703125,266500
2018-12-20,31.969999313354492,33.0,30.360000610351562,32.56999969482422,179700
2018-12-21,32.65999984741211,34.459999084472656,32.34000015258789,33.84000015258789,502000
2018-12-24,33.65999984741211,34.09000015258789,32.97999954223633,32.9900016784668,72100
2018-12-26,33.119998931884766,34.310001373291016,32.849998474121094,34.2400016784668,170900
2018-12-27,33.880001068115234,34.459999084472656,32.97999954223633,34.04999923706055,132800
2018-12-28,34.04999923706055,34.709999084472656,33.83000183105469,34.41999816894531,96700
2018-12-31,34.470001220703125,34.720001220703125,34.04999923706055,34.59000015258789,136500
2019-01-02,34.220001220703125,35.25,34.09000015258789,34.97999954223633,127700
2019-01-03,34.75,35.279998779296875,34.66999816894531,34.849998474121094,73100
2019-01-04,35.22999954223633,35.91999816894531,35.040000915527344,35.66999816894531,78400
2019-01-07,35.54999923706055,36.119998931884766,35.529998779296875,35.880001068115234,70800
2019-01-08,35.9900016784668,36.11000061035156,35.529998779296875,36.02000045776367,81500
2019-01-09,36.040000915527344,36.209999084472656,35.65999984741211,36.040000915527344,55400
2019-01-10,35.849998474121094,36.08000183105469,35.459999084472656,35.900001525878906,43100
2019-01-11,35.689998626708984,36.15999984741211,35.52000045776367,36.06999969482422,91800
2019-01-14,35.93000030517578,36.349998474121094,35.70000076293945,35.900001525878906,95900
2019-01-15,35.83000183105469,36.04999923706055,35.52000045776367,36.02000045776367,69100
2019-01-16,36.02000045776367,36.91999816894531,36.0,36.81999969482422,94800
2019-01-17,36.599998474121094,36.9900016784668,36.599998474121094,36.91999816894531,146900
2019-01-18,36.93000030517578,37.310001373291016,36.7400016784668,36.790000915527344,109700
2019-01-22,36.61000061035156,37.0099983215332,36.18000030517578,36.47999954223633,95100
2019-01-23,36.779998779296875,36.970001220703125,36.279998779296875,36.36000061035156,99900
2019-01-24,36.47999954223633,36.91999816894531,36.029998779296875,36.290000915527344,61000
2019-01-25,36.45000076293945,36.5099983215332,35.91999816894531,36.209999084472656,47700
2019-01-28,36.16999816894531,36.47999954223633,35.75,36.22999954223633,66200
2019-01-29,36.15999984741211,36.5099983215332,36.0099983215332,36.130001068115234,74900
2019-01-30,36.29999923706055,36.45000076293945,35.619998931884766,35.7599983215332,93400
2019-01-31,35.869998931884766,35.97999954223633,35.130001068115234,35.619998931884766,140100
2019-02-01,35.5,36.150001525878906,35.349998474121094,35.90999984741211,64100
2019-02-04,35.90999984741211,36.43000030517578,35.689998626708984,36.400001525878906,92200
2019-02-05,36.4900016784668,36.70000076293945,36.040000915527344,36.33000183105469,68400
2019-02-06,36.310001373291016,36.79999923706055,36.18000030517578,36.63999938964844,62700
2019-02-07,36.7400016784668,37.310001373291016,36.59000015258789,36.9900016784668,52300
2019-02-08,36.81999969482422,37.189998626708984,36.59000015258789,36.849998474121094,45000
2019-02-11,36.88999938964844,37.47999954223633,36.7599983215332,37.470001220703125,58300
2019-02-12,37.529998779296875,37.88999938964844,37.41999816894531,37.619998931884766,64600
2019-02-13,37.619998931884766,37.81999969482422,37.380001068115234,37.65999984741211,62500
2019-02-14,37.5,37.880001068115234,37.279998779296875,37.61000061035156,151400
2019-02-15,37.81999969482422,38.400001525878906,37.72999954223633,38.31999969482422,110100
2019-02-19,38.099998474121094,39.09000015258789,38.06999969482422,38.93000030517578,72900
2019-02-20,38.90999984741211,39.58000183105469,38.709999084472656,39.47999954223633,109300
2019-02-21,39.470001220703125,39.470001220703125,38.880001068115234,39.11000061035156,94200
2019-02-22,39.119998931884766,39.41999816894531,38.959999084472656,39.20000076293945,51000
2019-02-25,39.29999923706055,39.560001373291016,38.93000030517578,39.08000183105469,60000
2019-02-26,39.099998474121094,39.2400016784668,38.59000015258789,38.59000015258789,58700
2019-02-27,38.59000015258789,38.970001220703125,38.279998779296875,38.86000061035156,38700
2019-02-28,38.70000076293945,38.849998474121094,38.58000183105469,38.630001068115234,62700
2019-03-01,38.880001068115234,38.97999954223633,38.5,38.869998931884766,65200
2019-03-04,38.790000915527344,38.86000061035156,38.290000915527344,38.33000183105469,88600
2019-03-05,38.33000183105469,38.59000015258789,37.95000076293945,38.5,60000
2019-03-06,38.5,38.5,37.310001373291016,37.5,99400
2019-03-07,37.47999954223633,37.4900016784668,36.54999923706055,36.560001373291016,108200
2019-03-08,36.45000076293945,37.099998474121094,36.45000076293945,36.970001220703125,72500
2019-03-11,37.09000015258789,37.470001220703125,37.02000045776367,37.38999938964844,82300
2019-03-12,37.47999954223633,37.68000030517578,36.880001068115234,37.13999938964844,126300
2019-03-13,37.33000183105469,37.7400016784668,37.290000915527344,37.38999938964844,110600
2019-03-14,37.43000030517578,37.66999816894531,37.22999954223633,37.31999969482422,71600
2019-03-15,37.279998779296875,38.06999969482422,37.20000076293945,37.560001373291016,443300
2019-03-18,37.63999938964844,38.099998474121094,37.59000015258789,37.7400016784668,93100
2019-03-19,37.88999938964844,37.939998626708984,36.720001220703125,36.79999923706055,79100
2019-03-20,36.810001373291016,37.09000015258789,35.97999954223633,36.11000061035156,122000
2019-03-21,36.06999969482422,36.650001525878906,35.86000061035156,36.0,122800
2019-03-22,35.77000045776367,35.95000076293945,34.290000915527344,34.5099983215332,148400
2019-03-25,34.5,35.11000061035156,34.290000915527344,34.97999954223633,124800
2019-03-26,35.08000183105469,35.900001525878906,35.08000183105469,35.849998474121094,93800
2019-03-27,35.81999969482422,36.209999084472656,35.2400016784668,35.90999984741211,105200
2019-03-28,35.91999816894531,36.369998931884766,35.84000015258789,36.09000015258789,86100
2019-03-29,36.310001373291016,36.349998474121094,35.529998779296875,36.0099983215332,151700
2019-04-01,36.2599983215332,36.630001068115234,36.15999984741211,36.4900016784668,96800
2019-04-02,36.5,36.540000915527344,36.04999923706055,36.18000030517578,73200
2019-04-03,36.45000076293945,36.650001525878906,36.040000915527344,36.150001525878906,59000
2019-04-04,36.15999984741211,36.68000030517578,36.099998474121094,36.560001373291016,75600
2019-04-05,36.56999969482422,36.880001068115234,36.5,36.81999969482422,66800
2019-04-08,36.810001373291016,36.81999969482422,36.52000045776367,36.77000045776367,104900
2019-04-09,36.599998474121094,36.880001068115234,36.29999923706055,36.34000015258789,79400
2019-04-10,36.400001525878906,37.15999984741211,36.380001068115234,37.15999984741211,142700
2019-04-11,37.25,37.459999084472656,37.060001373291016,37.18000030517578,46600
2019-04-12,37.47999954223633,37.7400016784668,37.13999938964844,37.349998474121094,75700
2019-04-15,37.400001525878906,37.47999954223633,36.619998931884766,36.709999084472656,64200
2019-04-16,36.709999084472656,37.31999969482422,36.70000076293945,37.31999969482422,91500
2019-04-17,37.45000076293945,37.529998779296875,36.959999084472656,37.43000030517578,84600
2019-04-18,37.31999969482422,37.400001525878906,36.849998474121094,37.060001373291016,85900
2019-04-22,37.0099983215332,37.0099983215332,36.529998779296875,36.68000030517578,66700
2019-04-23,37.84000015258789,38.34000015258789,36.560001373291016,38.04999923706055,162000
2019-04-24,38.060001373291016,38.18000030517578,37.54999923706055,37.93000030517578,82200
2019-04-25,37.7400016784668,37.90999984741211,37.209999084472656,37.58000183105469,58800
2019-04-26,37.66999816894531,38.09000015258789,37.38999938964844,38.08000183105469,58400
2019-04-29,38.06999969482422,38.650001525878906,37.720001220703125,38.2599983215332,136500
2019-04-30,38.349998474121094,38.470001220703125,37.84000015258789,38.02000045776367,102200
2019-05-01,38.130001068115234,38.13999938964844,37.630001068115234,37.88999938964844,291600
2019-05-02,37.880001068115234,38.36000061035156,37.810001373291016,38.22999954223633,80100
2019-05-03,38.38999938964844,39.11000061035156,38.209999084472656,38.959999084472656,94200
2019-05-06,38.380001068115234,39.279998779296875,38.380001068115234,39.16999816894531,88000
2019-05-07,38.869998931884766,38.970001220703125,38.2599983215332,38.52000045776367,81400
2019-05-08,38.5099983215332,38.75,38.209999084472656,38.310001373291016,75000
2019-05-09,38.09000015258789,38.5099983215332,37.75,38.380001068115234,65300
2019-05-10,38.34000015258789,38.45000076293945,37.900001525878906,38.400001525878906,88800
2019-05-13,37.84000015258789,38.22999954223633,37.130001068115234,37.2599983215332,74300
2019-05-14,37.29999923706055,37.88999938964844,37.099998474121094,37.63999938964844,64400
2019-05-15,37.38999938964844,37.529998779296875,37.06999969482422,37.36000061035156,54500
2019-05-16,37.43000030517578,37.900001525878906,37.16999816894531,37.68000030517578,39000
2019-05-17,37.369998931884766,37.95000076293945,37.2400016784668,37.2599983215332,93300
2019-05-20,37.130001068115234,37.88999938964844,37.130001068115234,37.650001525878906,33400
2019-05-21,37.810001373291016,37.849998474121094,37.599998474121094,37.779998779296875,60600
2019-05-22,37.709999084472656,37.77000045776367,37.43000030517578,37.66999816894531,70400
2019-05-23,37.38999938964844,37.38999938964844,36.619998931884766,36.95000076293945,99600
2019-05-24,37.150001525878906,37.63999938964844,37.119998931884766,37.560001373291016,48100
2019-05-28,37.38999938964844,37.540000915527344,37.20000076293945,37.20000076293945,57000
2019-05-29,36.95000076293945,37.40999984741211,36.79999923706055,37.2599983215332,78300
2019-05-30,37.119998931884766,37.189998626708984,36.099998474121094,36.400001525878906,82000
2019-05-31,36.029998779296875,36.16999816894531,35.650001525878906,35.95000076293945,120800
2019-06-03,36.0,36.459999084472656,35.88999938964844,36.349998474121094,117100
2019-06-04,36.40999984741211,37.2599983215332,36.40999984741211,37.150001525878906,123000
2019-06-05,37.08000183105469,37.16999816894531,36.61000061035156,36.869998931884766,71500
2019-06-06,36.75,36.939998626708984,36.130001068115234,36.59000015258789,70500
2019-06-07,36.540000915527344,36.959999084472656,36.369998931884766,36.54999923706055,48800
2019-06-10,36.66999816894531,37.06999969482422,36.52000045776367,36.790000915527344,54300
2019-06-11,37.029998779296875,37.150001525878906,36.61000061035156,36.790000915527344,77200
2019-06-12,36.880001068115234,36.959999084472656,36.529998779296875,36.630001068115234,69800
2019-06-13,36.7599983215332,37.02000045776367,36.63999938964844,36.709999084472656,48400
2019-06-14,36.709999084472656,37.11000061035156,36.43000030517578,36.790000915527344,88900
2019-06-17,36.900001525878906,37.11000061035156,36.47999954223633,36.59000015258789,101200
2019-06-18,36.66999816894531,37.279998779296875,36.66999816894531,36.9900016784668,72200
2019-06-19,37.040000915527344,37.209999084472656,36.470001220703125,36.529998779296875,128300
2019-06-20,36.790000915527344,36.83000183105469,36.11000061035156,36.59000015258789,98200
2019-06-21,36.43000030517578,36.79999923706055,36.099998474121094,36.16999816894531,194900
2019-06-24,36.11000061035156,36.689998626708984,35.9900016784668,36.02000045776367,106600
2019-06-25,36.08000183105469,36.220001220703125,35.630001068115234,36.040000915527344,109200
2019-06-26,36.22999954223633,36.33000183105469,35.70000076293945,35.72999954223633,124400
2019-06-27,35.83000183105469,36.7599983215332,35.83000183105469,36.72999954223633,123800
2019-06-28,36.900001525878906,37.7400016784668,36.81999969482422,37.5099983215332,343700
2019-07-01,37.599998474121094,37.630001068115234,37.27000045776367,37.52000045776367,97100
2019-07-02,37.459999084472656,37.619998931884766,36.63999938964844,37.02000045776367,96300
2019-07-03,37.209999084472656,37.33000183105469,37.08000183105469,37.279998779296875,28300
2019-07-05,37.40999984741211,37.790000915527344,37.36000061035156,37.72999954223633,72000
2019-07-08,37.560001373291016,37.689998626708984,37.13999938964844,37.439998626708984,79200
2019-07-09,37.400001525878906,37.66999816894531,37.369998931884766,37.63999938964844,77900
2019-07-10,37.709999084472656,37.75,37.369998931884766,37.400001525878906,70000
2019-07-11,37.400001525878906,37.58000183105469,37.130001068115234,37.529998779296875,57500
2019-07-12,37.650001525878906,38.04999923706055,37.459999084472656,37.84000015258789,101600
2019-07-15,37.91999816894531,38.029998779296875,36.97999954223633,37.11000061035156,70500
2019-07-16,37.130001068115234,37.41999816894531,37.04999923706055,37.13999938964844,44100
2019-07-17,36.959999084472656,37.349998474121094,36.86000061035156,37.029998779296875,60000
2019-07-18,37.0099983215332,37.54999923706055,37.0,37.310001373291016,54800
2019-07-19,37.13999938964844,37.650001525878906,37.13999938964844,37.209999084472656,105800
2019-07-22,37.20000076293945,37.310001373291016,36.900001525878906,37.150001525878906,51200
2019-07-23,37.209999084472656,37.349998474121094,36.72999954223633,37.349998474121094,71000
2019-07-24,37.130001068115234,38.20000076293945,37.130001068115234,37.9900016784668,135600
2019-07-25,37.9900016784668,38.36000061035156,37.7599983215332,37.849998474121094,92400
2019-07-26,37.880001068115234,38.709999084472656,37.849998474121094,38.630001068115234,101600
2019-07-29,38.540000915527344,38.689998626708984,38.119998931884766,38.15999984741211,89600
2019-07-30,37.939998626708984,38.77000045776367,37.880001068115234,38.689998626708984,109100
2019-07-31,38.5,39.20000076293945,38.5,38.70000076293945,154700
2019-08-01,38.56999969482422,39.029998779296875,37.59000015258789,37.72999954223633,126500
2019-08-02,37.599998474121094,37.689998626708984,36.849998474121094,37.20000076293945,87800
2019-08-05,36.560001373291016,36.560001373291016,35.5,35.9900016784668,112300
2019-08-06,36.099998474121094,36.400001525878906,35.470001220703125,36.119998931884766,83800
2019-08-07,35.52000045776367,35.66999816894531,35.060001373291016,35.599998474121094,58600
2019-08-08,35.720001220703125,36.59000015258789,35.720001220703125,36.22999954223633,145800
2019-08-09,36.15999984741211,36.459999084472656,35.90999984741211,36.220001220703125,80600
2019-08-12,35.900001525878906,36.220001220703125,35.849998474121094,35.959999084472656,54300
2019-08-13,35.88999938964844,36.66999816894531,35.88999938964844,36.2599983215332,37500
2019-08-14,35.619998931884766,35.900001525878906,35.189998626708984,35.33000183105469,80600
2019-08-15,35.400001525878906,35.810001373291016,34.900001525878906,35.099998474121094,67500
2019-08-16,35.25,36.08000183105469,35.25,36.029998779296875,88900
2019-08-19,36.5,36.5,36.040000915527344,36.06999969482422,58000
2019-08-20,35.95000076293945,35.95000076293945,35.439998626708984,35.5,58600
2019-08-21,35.77000045776367,35.77000045776367,35.349998474121094,35.720001220703125,74000
2019-08-22,36.0,36.15999984741211,35.58000183105469,35.880001068115234,86700
2019-08-23,35.68000030517578,35.88999938964844,34.529998779296875,34.720001220703125,136500
2019-08-26,34.959999084472656,35.20000076293945,34.77000045776367,34.9900016784668,122700
2019-08-27,35.34000015258789,35.34000015258789,34.20000076293945,34.2599983215332,89800
2019-08-28,34.119998931884766,34.939998626708984,34.119998931884766,34.599998474121094,55700
2019-08-29,34.63999938964844,35.029998779296875,34.459999084472656,34.900001525878906,70000
2019-08-30,35.11000061035156,35.209999084472656,34.65999984741211,34.970001220703125,73500
2019-09-03,34.72999954223633,34.72999954223633,34.13999938964844,34.34000015258789,85800
2019-09-04,34.720001220703125,34.81999969482422,34.22999954223633,34.36000061035156,65700
2019-09-05,34.880001068115234,35.7599983215332,34.790000915527344,35.0099983215332,127900
2019-09-06,35.08000183105469,35.27000045776367,34.77000045776367,34.84000015258789,56100
2019-09-09,34.9900016784668,35.900001525878906,34.720001220703125,35.689998626708984,95400
2019-09-10,35.66999816894531,36.400001525878906,35.54999923706055,36.220001220703125,100700
2019-09-11,36.439998626708984,37.2400016784668,35.720001220703125,36.97999954223633,177500
2019-09-12,36.79999923706055,37.70000076293945,36.599998474121094,37.54999923706055,128800
2019-09-13,38.060001373291016,38.349998474121094,37.75,38.13999938964844,179000
2019-09-16,37.90999984741211,38.40999984741211,37.459999084472656,37.61000061035156,227500
2019-09-17,37.61000061035156,37.61000061035156,36.970001220703125,37.43000030517578,78600
2019-09-18,37.40999984741211,37.4900016784668,37.040000915527344,37.189998626708984,146500
2019-09-19,37.22999954223633,37.689998626708984,36.810001373291016,36.93000030517578,154700
2019-09-20,36.970001220703125,37.29999923706055,36.61000061035156,36.86000061035156,278500
2019-09-23,36.75,37.16999816894531,36.54999923706055,36.91999816894531,124200
2019-09-24,37.040000915527344,37.189998626708984,36.36000061035156,36.61000061035156,150200
2019-09-25,36.7599983215332,37.47999954223633,36.7400016784668,37.41999816894531,114000
2019-09-26,37.20000076293945,37.29999923706055,36.81999969482422,36.84000015258789,72800
2019-09-27,37.02000045776367,37.56999969482422,36.79999923706055,36.939998626708984,89100
2019-09-30,36.9900016784668,36.9900016784668,36.54999923706055,36.59000015258789,109000
2019-10-01,36.630001068115234,37.060001373291016,35.939998626708984,36.189998626708984,186600
2019-10-02,35.93000030517578,36.15999984741211,35.689998626708984,36.13999938964844,111900
2019-10-03,35.939998626708984,36.04999923706055,35.439998626708984,35.79999923706055,109400
2019-10-04,35.849998474121094,36.27000045776367,35.72999954223633,36.27000045776367,66800
2019-10-07,36.040000915527344,36.47999954223633,36.040000915527344,36.279998779296875,106800
2019-10-08,35.86000061035156,35.95000076293945,35.58000183105469,35.720001220703125,127900
2019-10-09,36.040000915527344,36.16999816894531,35.619998931884766,35.849998474121094,103300
2019-10-10,36.02000045776367,36.36000061035156,35.93000030517578,35.959999084472656,75600
2019-10-11,36.52000045776367,37.209999084472656,36.470001220703125,36.529998779296875,135200
2019-10-14,36.34000015258789,36.58000183105469,36.220001220703125,36.540000915527344,61000
2019-10-15,36.529998779296875,37.08000183105469,36.529998779296875,36.939998626708984,109200
2019-10-16,37.0,37.36000061035156,36.68000030517578,36.790000915527344,85800
2019-10-17,36.95000076293945,37.209999084472656,36.75,37.189998626708984,162800
2019-10-18,37.189998626708984,37.79999923706055,37.119998931884766,37.70000076293945,167500
2019-10-21,37.88999938964844,38.400001525878906,37.75,37.83000183105469,131600
2019-10-22,37.68000030517578,38.04999923706055,37.41999816894531,37.84000015258789,104000
2019-10-23,37.5099983215332,37.93000030517578,37.400001525878906,37.630001068115234,129300
2019-10-24,37.790000915527344,37.790000915527344,37.20000076293945,37.34000015258789,64900
2019-10-25,37.349998474121094,37.689998626708984,37.27000045776367,37.38999938964844,81100
2019-10-28,37.400001525878906,38.119998931884766,37.400001525878906,38.029998779296875,93700
2019-10-29,38.970001220703125,39.91999816894531,38.34000015258789,39.88999938964844,274200
2019-10-30,39.97999954223633,40.04999923706055,39.029998779296875,39.79999923706055,159900
2019-10-31,39.529998779296875,39.77000045776367,39.0,39.75,156400
2019-11-01,39.900001525878906,40.08000183105469,39.619998931884766,39.91999816894531,115000
2019-11-04,39.97999954223633,40.31999969482422,39.97999954223633,40.20000076293945,102000
2019-11-05,40.560001373291016,40.77000045776367,40.130001068115234,40.54999923706055,82700
2019-11-06,40.470001220703125,40.56999969482422,40.099998474121094,40.36000061035156,76600
2019-11-07,40.77000045776367,40.93000030517578,40.349998474121094,40.470001220703125,84100
2019-11-08,40.27000045776367,40.68000030517578,40.27000045776367,40.599998474121094,86200
2019-11-11,40.560001373291016,40.81999969482422,40.2599983215332,40.52000045776367,62200
2019-11-12,40.619998931884766,40.65999984741211,40.279998779296875,40.619998931884766,96100
2019-11-13,40.380001068115234,40.470001220703125,40.08000183105469,40.2400016784668,100700
2019-11-14,40.2599983215332,40.40999984741211,40.060001373291016,40.36000061035156,100600
2019-11-15,40.650001525878906,40.650001525878906,40.189998626708984,40.279998779296875,198300
2019-11-18,40.15999984741211,40.279998779296875,39.869998931884766,40.22999954223633,91000
2019-11-19,40.439998626708984,40.59000015258789,40.20000076293945,40.400001525878906,94500
2019-11-20,40.2599983215332,40.56999969482422,40.0099983215332,40.27000045776367,138800
2019-11-21,40.4900016784668,40.4900016784668,39.75,40.0099983215332,124000
2019-11-22,40.209999084472656,40.220001220703125,39.84000015258789,39.900001525878906,74900
2019-11-25,39.90999984741211,40.709999084472656,39.83000183105469,40.369998931884766,178400
2019-11-26,40.16999816894531,40.58000183105469,40.099998474121094,40.130001068115234,124600
2019-11-27,40.060001373291016,40.220001220703125,39.900001525878906,40.040000915527344,104200
2019-11-29,39.93000030517578,40.25,39.79999923706055,40.0,84200
2019-12-02,40.119998931884766,40.189998626708984,39.59000015258789,39.63999938964844,104400
2019-12-03,39.22999954223633,39.310001373291016,38.939998626708984,39.27000045776367,78100
2019-12-04,39.36000061035156,39.97999954223633,39.36000061035156,39.560001373291016,140600
2019-12-05,39.810001373291016,39.869998931884766,39.66999816894531,39.70000076293945,112500
2019-12-06,40.22999954223633,40.43000030517578,40.0,40.04999923706055,122900
2019-12-09,39.93000030517578,40.099998474121094,39.689998626708984,39.900001525878906,106900
2019-12-10,39.790000915527344,40.09000015258789,39.790000915527344,39.869998931884766,117800
2019-12-11,39.900001525878906,40.0,39.65999984741211,39.70000076293945,109900
2019-12-12,39.790000915527344,40.75,39.790000915527344,40.58000183105469,129300
2019-12-13,40.68000030517578,40.77000045776367,40.08000183105469,40.439998626708984,124700
2019-12-16,40.81999969482422,41.209999084472656,40.720001220703125,40.9900016784668,115800
2019-12-17,41.08000183105469,41.29999923706055,40.72999954223633,41.189998626708984,127800
2019-12-18,41.400001525878906,41.41999816894531,40.099998474121094,40.38999938964844,319000
2019-12-19,40.459999084472656,41.22999954223633,40.459999084472656,41.220001220703125,196700
2019-12-20,41.400001525878906,41.5,41.04999923706055,41.380001068115234,957200
2019-12-23,41.4900016784668,41.4900016784668,40.810001373291016,40.93000030517578,131800
2019-12-24,40.95000076293945,41.0099983215332,40.79999923706055,40.810001373291016,65800
2019-12-26,40.810001373291016,40.880001068115234,40.689998626708984,40.869998931884766,72200
2019-12-27,40.84000015258789,40.84000015258789,40.41999816894531,40.68000030517578,133300
2019-12-30,40.83000183105469,41.0,40.65999984741211,40.81999969482422,71300
2019-12-31,40.619998931884766,41.02000045776367,40.54999923706055,40.560001373291016,151700
2020-01-02,40.70000076293945,40.790000915527344,40.45000076293945,40.70000076293945,135000
2020-01-03,40.18000030517578,40.77000045776367,40.11000061035156,40.68000030517578,174500
2020-01-06,40.27000045776367,40.63999938964844,40.08000183105469,40.47999954223633,124100
2020-01-07,40.400001525878906,40.4900016784668,39.81999969482422,39.91999816894531,97800
2020-01-08,39.81999969482422,40.40999984741211,39.81999969482422,40.25,95400
2020-01-09,40.5,40.599998474121094,40.130001068115234,40.310001373291016,91600
2020-01-10,40.25,40.25,39.77000045776367,39.91999816894531,74600
2020-01-13,39.90999984741211,40.189998626708984,39.720001220703125,40.18000030517578,58700
2020-01-14,40.0099983215332,40.47999954223633,39.88999938964844,40.33000183105469,108200
2020-01-15,40.119998931884766,40.4900016784668,40.04999923706055,40.439998626708984,142000
2020-01-16,40.66999816894531,41.040000915527344,40.54999923706055,40.939998626708984,105500
2020-01-17,41.27000045776367,41.27000045776367,40.810001373291016,40.91999816894531,100700
2020-01-21,40.619998931884766,40.880001068115234,40.18000030517578,40.2400016784668,132400
2020-01-22,40.43000030517578,40.43000030517578,39.9900016784668,40.029998779296875,85000
2020-01-23,39.95000076293945,40.06999969482422,39.58000183105469,39.970001220703125,160500
2020-01-24,39.81999969482422,40.0,39.130001068115234,39.45000076293945,80300
2020-01-27,38.880001068115234,39.27000045776367,38.45000076293945,38.939998626708984,99800
2020-01-28,38.97999954223633,40.4900016784668,38.16999816894531,38.459999084472656,156000
2020-01-29,38.41999816894531,38.65999984741211,38.0099983215332,38.310001373291016,111700
2020-01-30,38.0,38.65999984741211,38.0,38.650001525878906,127400
2020-01-31,38.41999816894531,38.7400016784668,37.709999084472656,37.790000915527344,131600
2020-02-03,37.900001525878906,38.54999923706055,37.810001373291016,38.41999816894531,173600
2020-02-04,38.97999954223633,39.25,38.790000915527344,38.869998931884766,81700
2020-02-05,39.310001373291016,39.560001373291016,39.06999969482422,39.5,87900
2020-02-06,39.68000030517578,39.68000030517578,39.060001373291016,39.06999969482422,51800
2020-02-07,38.849998474121094,38.95000076293945,38.59000015258789,38.7599983215332,55700
2020-02-10,38.56999969482422,38.86000061035156,38.459999084472656,38.86000061035156,86200
2020-02-11,38.95000076293945,39.380001068115234,38.95000076293945,39.040000915527344,47600
2020-02-12,39.2400016784668,39.43000030517578,39.09000015258789,39.31999969482422,77600
2020-02-13,39.11000061035156,39.599998474121094,39.0099983215332,39.58000183105469,73900
2020-02-14,39.58000183105469,39.75,39.2599983215332,39.290000915527344,71700
2020-02-18,39.11000061035156,39.33000183105469,38.900001525878906,39.20000076293945,101300
2020-02-19,39.2400016784668,39.529998779296875,39.130001068115234,39.2599983215332,63900
2020-02-20,39.130001068115234,39.619998931884766,39.130001068115234,39.52000045776367,63700
2020-02-21,39.5099983215332,39.52000045776367,39.060001373291016,39.279998779296875,97000
2020-02-24,38.22999954223633,38.4900016784668,38.060001373291016,38.27000045776367,66100
2020-02-25,38.2400016784668,38.2400016784668,37.349998474121094,37.349998474121094,128000
2020-02-26,37.5,37.95000076293945,36.9900016784668,37.04999923706055,102100
2020-02-27,36.22999954223633,37.25,35.54999923706055,35.59000015258789,183700
2020-02-28,34.52000045776367,35.209999084472656,33.099998474121094,33.689998626708984,258600
2020-03-02,33.529998779296875,35.65999984741211,33.439998626708984,35.56999969482422,160300
2020-03-03,35.31999969482422,36.25,34.189998626708984,34.63999938964844,144900
2020-03-04,34.880001068115234,35.13999938964844,33.90999984741211,35.04999923706055,138600
2020-03-05,34.20000076293945,34.38999938964844,32.95000076293945,33.58000183105469,184700
2020-03-06,32.439998626708984,33.31999969482422,32.029998779296875,33.13999938964844,184700
2020-03-09,31.139999389648438,31.760000228881836,29.799999237060547,30.06999969482422,189200
2020-03-10,30.940000534057617,31.350000381469727,29.950000762939453,30.940000534057617,195200
2020-03-11,30.170000076293945,30.75,29.43000030517578,29.729999542236328,235500
2020-03-12,28.0,30.25,27.540000915527344,28.020000457763672,354600
2020-03-13,29.610000610351562,31.25,28.850000381469727,31.229999542236328,308500
2020-03-16,27.75,30.100000381469727,27.700000762939453,28.950000762939453,307500
2020-03-17,29.459999084472656,34.0,28.920000076293945,33.470001220703125,418700
2020-03-18,31.770000457763672,34.220001220703125,31.770000457763672,33.029998779296875,264800
2020-03-19,32.849998474121094,35.2400016784668,32.130001068115234,34.209999084472656,308700
2020-03-20,33.4900016784668,33.810001373291016,31.020000457763672,31.209999084472656,502500
2020-03-23,31.229999542236328,32.209999084472656,28.360000610351562,29.549999237060547,319200
2020-03-24,30.5,31.93000030517578,30.020000457763672,31.690000534057617,259600
2020-03-25,31.6200008392334,31.979999542236328,30.049999237060547,30.739999771118164,320600
2020-03-26,31.329999923706055,33.47999954223633,31.260000228881836,33.38999938964844,173400
2020-03-27,32.20000076293945,33.13999938964844,31.18000030517578,31.389999389648438,223600
2020-03-30,31.690000534057617,32.689998626708984,30.010000228881836,32.29999923706055,214700
2020-03-31,32.0,32.630001068115234,31.479999542236328,32.38999938964844,192900
2020-04-01,31.68000030517578,31.68000030517578,30.559999465942383,31.530000686645508,276500
2020-04-02,31.360000610351562,32.72999954223633,31.1299991607666,32.58000183105469,197000
2020-04-03,32.439998626708984,32.90999984741211,31.25,32.27000045776367,228900
2020-04-06,33.40999984741211,33.5099983215332,31.81999969482422,32.599998474121094,219300
2020-04-07,33.34000015258789,33.34000015258789,31.459999084472656,31.8799991607666,192200
2020-04-08,32.18000030517578,33.11000061035156,31.68000030517578,32.529998779296875,135600
2020-04-09,33.2599983215332,35.20000076293945,33.04999923706055,34.970001220703125,141100
2020-04-13,34.529998779296875,35.15999984741211,32.72999954223633,33.0,102000
2020-04-14,34.09000015258789,34.2599983215332,32.459999084472656,32.75,117900
2020-04-15,31.829999923706055,33.470001220703125,31.200000762939453,31.360000610351562,216100
2020-04-16,31.059999465942383,31.530000686645508,29.850000381469727,30.690000534057617,211900
2020-04-17,32.119998931884766,32.34000015258789,31.190000534057617,31.709999084472656,230000
2020-04-20,30.809999465942383,32.040000915527344,30.809999465942383,31.309999465942383,173000
2020-04-21,30.209999084472656,30.979999542236328,29.989999771118164,30.799999237060547,123800
2020-04-22,31.079999923706055,31.360000610351562,30.209999084472656,30.809999465942383,131200
2020-04-23,30.709999084472656,31.670000076293945,30.600000381469727,31.200000762939453,138300
2020-04-24,31.309999465942383,31.729999542236328,30.989999771118164,31.209999084472656,120300
2020-04-27,31.639999389648438,33.439998626708984,31.540000915527344,32.939998626708984,127200
2020-04-28,33.150001525878906,33.36000061035156,31.90999984741211,32.779998779296875,173500
2020-04-29,33.90999984741211,35.91999816894531,33.34000015258789,35.099998474121094,223500
2020-04-30,34.11000061035156,34.41999816894531,33.0099983215332,33.130001068115234,175100
2020-05-01,32.189998626708984,32.810001373291016,31.3700008392334,31.809999465942383,137000
2020-05-04,31.399999618530273,31.969999313354492,30.799999237060547,31.790000915527344,165500
2020-05-05,32.38999938964844,32.65999984741211,31.440000534057617,31.600000381469727,157300
2020-05-06,31.6200008392334,32.130001068115234,30.65999984741211,30.889999389648438,128300
2020-05-07,31.520000457763672,31.649999618530273,30.510000228881836,30.670000076293945,120400
2020-05-08,31.3799991607666,31.829999923706055,31.100000381469727,31.559999465942383,129700
2020-05-11,30.899999618530273,30.90999984741211,29.610000610351562,30.190000534057617,217900
2020-05-12,30.0,30.469999313354492,28.540000915527344,28.610000610351562,208200
2020-05-13,28.5,28.559999465942383,26.850000381469727,27.6299991607666,271500
2020-05-14,26.920000076293945,28.0,26.31999969482422,27.600000381469727,235800
2020-05-15,27.25,27.790000915527344,26.969999313354492,27.540000915527344,216600
2020-05-18,28.8700008392334,30.059999465942383,28.760000228881836,29.790000915527344,209300
2020-05-19,29.510000228881836,29.68000030517578,28.260000228881836,28.270000457763672,138600
2020-05-20,28.829999923706055,30.100000381469727,28.829999923706055,30.079999923706055,193300
2020-05-21,30.1299991607666,30.649999618530273,29.739999771118164,29.829999923706055,164800
2020-05-22,30.139999389648438,30.139999389648438,29.299999237060547,29.860000610351562,100400
2020-05-26,31.209999084472656,31.610000610351562,30.799999237060547,31.25,175700
2020-05-27,32.29999923706055,33.70000076293945,31.899999618530273,33.41999816894531,196800
2020-05-28,34.119998931884766,34.119998931884766,31.860000610351562,32.20000076293945,165400
2020-05-29,31.489999771118164,31.489999771118164,30.649999618530273,31.31999969482422,173200
2020-06-01,31.200000762939453,31.489999771118164,30.670000076293945,30.670000076293945,139600
2020-06-02,31.0,31.309999465942383,30.43000030517578,30.639999389648438,106100
2020-06-03,31.270000457763672,32.52000045776367,31.270000457763672,31.739999771118164,143700
2020-06-04,31.399999618530273,32.130001068115234,31.139999389648438,31.940000534057617,156000
2020-06-05,33.90999984741211,34.650001525878906,32.869998931884766,33.79999923706055,203900
2020-06-08,34.15999984741211,34.52000045776367,33.369998931884766,33.900001525878906,185600
2020-06-09,33.2599983215332,34.15999984741211,32.7400016784668,33.41999816894531,171500
2020-06-10,33.470001220703125,33.470001220703125,31.989999771118164,32.040000915527344,141700
2020-06-11,30.610000610351562,30.729999542236328,29.360000610351562,29.600000381469727,218300
2020-06-12,30.959999084472656,30.959999084472656,29.520000457763672,30.299999237060547,185800
2020-06-15,29.43000030517578,30.920000076293945,29.110000610351562,30.299999237060547,206100
2020-06-16,31.520000457763672,31.760000228881836,30.579999923706055,31.09000015258789,221700
2020-06-17,31.040000915527344,31.450000762939453,30.149999618530273,30.209999084472656,181000
2020-06-18,29.889999389648438,30.93000030517578,29.889999389648438,30.3700008392334,144700
2020-06-19,30.559999465942383,30.559999465942383,29.540000915527344,30.329999923706055,562400
2020-06-22,29.940000534057617,30.559999465942383,29.649999618530273,30.299999237060547,129900
2020-06-23,30.709999084472656,30.889999389648438,29.8700008392334,29.8799991607666,139000
2020-06-24,29.479999542236328,29.479999542236328,28.579999923706055,28.829999923706055,170600
2020-06-25,28.65999984741211,29.75,28.65999984741211,29.719999313354492,173700
2020-06-26,29.719999313354492,29.719999313354492,28.520000457763672,28.739999771118164,295100
2020-06-29,29.260000228881836,30.309999465942383,29.149999618530273,30.229999542236328,126400
2020-06-30,30.059999465942383,31.270000457763672,30.059999465942383,30.760000228881836,155400
2020-07-01,30.559999465942383,31.239999771118164,29.15999984741211,29.239999771118164,174700
2020-07-02,30.010000228881836,30.3700008392334,29.110000610351562,29.239999771118164,127200
2020-07-06,29.8799991607666,30.200000762939453,28.920000076293945,29.040000915527344,111900
2020-07-07,28.719999313354492,28.780000686645508,28.1200008392334,28.31999969482422,180700
2020-07-08,28.290000915527344,28.649999618530273,27.56999969482422,28.020000457763672,187300
2020-07-09,27.899999618530273,27.899999618530273,26.950000762939453,27.1299991607666,143300
2020-07-10,27.270000457763672,28.399999618530273,27.270000457763672,28.329999923706055,166000
2020-07-13,28.780000686645508,29.459999084472656,28.290000915527344,28.969999313354492,157900
2020-07-14,28.8799991607666,29.389999389648438,28.31999969482422,28.760000228881836,195600
2020-07-15,29.520000457763672,30.540000915527344,29.34000015258789,30.100000381469727,228100
2020-07-16,29.81999969482422,30.239999771118164,29.6200008392334,29.860000610351562,133800
2020-07-17,29.700000762939453,30.0,29.299999237060547,29.3799991607666,126000
2020-07-20,29.219999313354492,29.290000915527344,28.75,28.8799991607666,93800
2020-07-21,29.260000228881836,30.68000030517578,29.260000228881836,30.610000610351562,208000
2020-07-22,30.31999969482422,30.6200008392334,29.56999969482422,29.75,97600
2020-07-23,29.700000762939453,30.350000381469727,29.700000762939453,30.270000457763672,100200
2020-07-24,30.309999465942383,30.59000015258789,29.850000381469727,29.889999389648438,72900
2020-07-27,29.729999542236328,29.729999542236328,29.06999969482422,29.31999969482422,79400
2020-07-28,30.68000030517578,30.799999237060547,29.670000076293945,29.709999084472656,129800
2020-07-29,29.809999465942383,30.979999542236328,29.579999923706055,30.780000686645508,118700
2020-07-30,30.190000534057617,30.299999237060547,29.6299991607666,30.149999618530273,91400
2020-07-31,29.93000030517578,30.1200008392334,29.079999923706055,29.790000915527344,172800
2020-08-03,29.920000076293945,29.920000076293945,29.520000457763672,29.6299991607666,114200
2020-08-04,29.440000534057617,29.579999923706055,29.100000381469727,29.520000457763672,110600
2020-08-05,29.84000015258789,30.489999771118164,29.520000457763672,30.389999389648438,165100
2020-08-06,30.260000228881836,30.510000228881836,30.020000457763672,30.280000686645508,72100
2020-08-07,30.15999984741211,31.600000381469727,30.0,31.59000015258789,92500
2020-08-10,31.729999542236328,32.7400016784668,31.610000610351562,31.899999618530273,108000
2020-08-11,32.54999923706055,33.0,32.0,32.310001373291016,129500
2020-08-12,32.90999984741211,33.02000045776367,30.299999237060547,32.2400016784668,121000
2020-08-13,31.989999771118164,32.25,31.639999389648438,31.760000228881836,97400
2020-08-14,31.489999771118164,32.209999084472656,31.469999313354492,31.979999542236328,163600
2020-08-17,31.709999084472656,31.889999389648438,31.3700008392334,31.540000915527344,95200
2020-08-18,31.459999084472656,31.459999084472656,30.8700008392334,30.979999542236328,85500
2020-08-19,31.040000915527344,31.450000762939453,30.729999542236328,30.989999771118164,90800
2020-08-20,30.559999465942383,30.700000762939453,30.3799991607666,30.5,76000
2020-08-21,30.610000610351562,30.719999313354492,30.100000381469727,30.360000610351562,115200
2020-08-24,30.700000762939453,31.209999084472656,30.280000686645508,31.170000076293945,72600
2020-08-25,31.559999465942383,31.6200008392334,30.780000686645508,31.260000228881836,70200
2020-08-26,31.309999465942383,31.579999923706055,30.670000076293945,30.739999771118164,91200
2020-08-27,30.6200008392334,31.5,30.579999923706055,31.329999923706055,109300
2020-08-28,31.610000610351562,31.6299991607666,30.950000762939453,31.15999984741211,88900
2020-08-31,30.790000915527344,30.959999084472656,30.469999313354492,30.469999313354492,125200
2020-09-01,30.329999923706055,30.579999923706055,30.209999084472656,30.450000762939453,88500
2020-09-02,30.360000610351562,30.719999313354492,30.270000457763672,30.600000381469727,89100
2020-09-03,30.65999984741211,31.639999389648438,30.549999237060547,30.709999084472656,121700
2020-09-04,31.3799991607666,31.559999465942383,30.670000076293945,31.1299991607666,71400
2020-09-08,30.920000076293945,30.920000076293945,29.770000457763672,30.06999969482422,115100
2020-09-09,30.25,30.43000030517578,29.540000915527344,29.6200008392334,137500
2020-09-10,29.6299991607666,30.1299991607666,29.0,29.100000381469727,126800
2020-09-11,29.209999084472656,29.209999084472656,28.700000762939453,28.81999969482422,126700
2020-09-14,28.920000076293945,29.549999237060547,28.920000076293945,29.18000030517578,118700
2020-09-15,29.479999542236328,29.719999313354492,28.75,29.0,126200
2020-09-16,29.3799991607666,29.719999313354492,28.889999389648438,29.34000015258789,172100
2020-09-17,28.8700008392334,29.239999771118164,28.670000076293945,28.889999389648438,123800
2020-09-18,29.18000030517578,29.18000030517578,28.469999313354492,28.760000228881836,690500
2020-09-21,28.209999084472656,29.09000015258789,27.010000228881836,27.34000015258789,210300
2020-09-22,27.479999542236328,27.790000915527344,26.780000686645508,27.059999465942383,139000
2020-09-23,26.979999542236328,27.739999771118164,26.40999984741211,26.43000030517578,166600
2020-09-24,26.530000686645508,27.31999969482422,26.459999084472656,26.690000534057617,108400
2020-09-25,26.3700008392334,27.1299991607666,26.309999465942383,26.670000076293945,99800
2020-09-28,26.93000030517578,29.6200008392334,26.93000030517578,27.170000076293945,123300
2020-09-29,27.059999465942383,27.06999969482422,26.43000030517578,26.770000457763672,91000
2020-09-30,26.899999618530273,27.43000030517578,26.6299991607666,26.81999969482422,163900
2020-10-01,26.739999771118164,27.059999465942383,26.290000915527344,26.729999542236328,184600
2020-10-02,26.40999984741211,27.40999984741211,26.399999618530273,27.270000457763672,161300
2020-10-05,27.350000381469727,28.079999923706055,27.350000381469727,27.799999237060547,123500
2020-10-06,28.110000610351562,28.850000381469727,27.940000534057617,28.190000534057617,251200
2020-10-07,28.459999084472656,28.93000030517578,27.920000076293945,28.049999237060547,311500
2020-10-08,28.360000610351562,28.8700008392334,28.239999771118164,28.799999237060547,113100
2020-10-09,28.959999084472656,29.059999465942383,28.43000030517578,28.510000228881836,88400
2020-10-12,28.450000762939453,29.110000610351562,28.299999237060547,29.079999923706055,81700
2020-10-13,28.799999237060547,28.799999237060547,27.940000534057617,27.979999542236328,80500
2020-10-14,28.059999465942383,28.479999542236328,27.40999984741211,27.43000030517578,71800
2020-10-15,26.940000534057617,28.190000534057617,26.940000534057617,28.15999984741211,67100
2020-10-16,27.989999771118164,28.360000610351562,27.670000076293945,28.079999923706055,72200
2020-10-19,28.290000915527344,28.3700008392334,27.610000610351562,27.6299991607666,71800
2020-10-20,27.90999984741211,28.43000030517578,27.90999984741211,28.049999237060547,84600
2020-10-21,28.0,28.350000381469727,27.850000381469727,28.149999618530273,50300
2020-10-22,28.25,29.139999389648438,28.020000457763672,29.049999237060547,98200
2020-10-23,29.18000030517578,29.65999984741211,28.920000076293945,29.170000076293945,60700
2020-10-26,28.969999313354492,29.0,28.3700008392334,28.920000076293945,88300
2020-10-27,29.059999465942383,29.270000457763672,28.309999465942383,28.350000381469727,100600
2020-10-28,27.40999984741211,28.100000381469727,26.8700008392334,26.8799991607666,144300
2020-10-29,26.719999313354492,27.8700008392334,26.200000762939453,27.420000076293945,120300
2020-10-30,27.329999923706055,27.959999084472656,27.139999389648438,27.3799991607666,104000
2020-11-02,27.59000015258789,28.06999969482422,27.3700008392334,27.81999969482422,98200
2020-11-03,28.31999969482422,28.719999313354492,27.920000076293945,28.479999542236328,121500
2020-11-04,27.790000915527344,27.790000915527344,26.149999618530273,26.190000534057617,125200
2020-11-05,26.100000381469727,27.389999389648438,26.100000381469727,27.1299991607666,102600
2020-11-06,27.34000015258789,27.399999618530273,26.600000381469727,26.610000610351562,99200
2020-11-09,28.600000381469727,31.399999618530273,28.170000076293945,30.219999313354492,258100
2020-11-10,30.520000457763672,31.31999969482422,30.309999465942383,31.059999465942383,164800
2020-11-11,31.1200008392334,31.1200008392334,29.540000915527344,29.920000076293945,132400
2020-11-12,29.600000381469727,29.600000381469727,28.920000076293945,29.389999389648438,158800
2020-11-13,29.549999237060547,30.489999771118164,29.450000762939453,30.200000762939453,114700
2020-11-16,31.18000030517578,31.610000610351562,30.780000686645508,31.440000534057617,135700
2020-11-17,31.020000457763672,31.760000228881836,30.360000610351562,31.360000610351562,182200
2020-11-18,31.719999313354492,31.719999313354492,30.579999923706055,30.59000015258789,103100
2020-11-19,30.420000076293945,30.8799991607666,30.139999389648438,30.799999237060547,87100
2020-11-20,30.299999237060547,30.68000030517578,30.200000762939453,30.520000457763672,174800
2020-11-23,30.739999771118164,31.549999237060547,30.34000015258789,31.149999618530273,182700
2020-11-24,30.959999084472656,32.70000076293945,30.959999084472656,32.47999954223633,187000
2020-11-25,32.13999938964844,32.86000061035156,31.5,31.770000457763672,122300
2020-11-27,31.75,32.380001068115234,31.170000076293945,31.559999465942383,109800
2020-11-30,30.969999313354492,30.969999313354492,29.889999389648438,29.950000762939453,145200
2020-12-01,30.530000686645508,30.93000030517578,30.110000610351562,30.600000381469727,164300
2020-12-02,30.549999237060547,31.059999465942383,30.360000610351562,30.969999313354492,167200
2020-12-03,30.6299991607666,31.209999084472656,30.6299991607666,31.0,128400
2020-12-04,31.43000030517578,32.040000915527344,31.209999084472656,31.969999313354492,101700
2020-12-07,31.600000381469727,31.979999542236328,31.399999618530273,31.889999389648438,102800
2020-12-08,31.559999465942383,32.2599983215332,31.559999465942383,32.20000076293945,107500
2020-12-09,32.66999816894531,32.849998474121094,32.08000183105469,32.27000045776367,110000
2020-12-10,31.959999084472656,32.290000915527344,31.649999618530273,32.279998779296875,71800
2020-12-11,31.950000762939453,32.36000061035156,31.8700008392334,32.060001373291016,83400
2020-12-14,32.5,32.599998474121094,31.950000762939453,32.040000915527344,150100
2020-12-15,32.52000045776367,33.029998779296875,30.59000015258789,32.84000015258789,239000
2020-12-16,32.95000076293945,33.02000045776367,32.459999084472656,32.4900016784668,185800
2020-12-17,32.61000061035156,32.61000061035156,32.099998474121094,32.349998474121094,147600
2020-12-18,32.540000915527344,32.83000183105469,31.93000030517578,32.25,944300
2020-12-21,32.150001525878906,32.5,31.049999237060547,31.260000228881836,278800
2020-12-22,31.56999969482422,31.989999771118164,30.639999389648438,30.690000534057617,105700
2020-12-23,30.760000228881836,31.600000381469727,30.709999084472656,31.520000457763672,106900
2020-12-24,31.5,32.0,31.209999084472656,31.8700008392334,97800
2020-12-28,31.93000030517578,32.59000015258789,31.780000686645508,32.31999969482422,167700
2020-12-29,32.27000045776367,32.40999984741211,31.3799991607666,31.600000381469727,111600
2020-12-30,31.579999923706055,32.04999923706055,31.549999237060547,31.84000015258789,115500
2020-12-31,31.790000915527344,32.27000045776367,31.56999969482422,32.099998474121094,114000
2021-01-04,32.279998779296875,32.279998779296875,31.020000457763672,31.790000915527344,276800
2021-01-05,31.84000015258789,32.4900016784668,31.5,32.0099983215332,292200
2021-01-06,32.88999938964844,35.52000045776367,32.88999938964844,34.88999938964844,500900
2021-01-07,34.790000915527344,35.310001373291016,34.40999984741211,34.83000183105469,236700
2021-01-08,34.75,34.93000030517578,33.54999923706055,34.189998626708984,211800
2021-01-11,33.70000076293945,34.720001220703125,33.70000076293945,34.68000030517578,194100
2021-01-12,35.150001525878906,35.619998931884766,34.91999816894531,35.34000015258789,131400
2021-01-13,35.150001525878906,35.150001525878906,34.2599983215332,34.5099983215332,101600
2021-01-14,34.900001525878906,35.41999816894531,34.619998931884766,35.119998931884766,104000
2021-01-15,34.68000030517578,35.08000183105469,34.36000061035156,34.810001373291016,114700
2021-01-19,35.119998931884766,35.130001068115234,34.63999938964844,34.90999984741211,192500
2021-01-20,34.84000015258789,35.20000076293945,34.529998779296875,34.7400016784668,116100
2021-01-21,34.54999923706055,34.599998474121094,33.86000061035156,34.18000030517578,139900
2021-01-22,33.810001373291016,35.16999816894531,33.52000045776367,35.04999923706055,173400
2021-01-25,34.650001525878906,35.18000030517578,33.7599983215332,35.099998474121094,148100
2021-01-26,35.25,35.29999923706055,34.790000915527344,34.869998931884766,80300
2021-01-27,33.88999938964844,34.529998779296875,33.029998779296875,33.25,206100
2021-01-28,34.400001525878906,34.400001525878906,32.68000030517578,33.15999984741211,233500
2021-01-29,33.52000045776367,33.91999816894531,32.47999954223633,33.0099983215332,244000
2021-02-01,33.0099983215332,33.43000030517578,32.400001525878906,33.209999084472656,110200
2021-02-02,33.83000183105469,34.150001525878906,33.13999938964844,33.88999938964844,92300
2021-02-03,33.599998474121094,33.790000915527344,33.119998931884766,33.65999984741211,116800
2021-02-04,33.959999084472656,34.7599983215332,33.630001068115234,34.58000183105469,156800
2021-02-05,34.58000183105469,34.7599983215332,34.0,34.41999816894531,104600
2021-02-08,34.66999816894531,35.2599983215332,34.5,35.2599983215332,126700
2021-02-09,35.119998931884766,35.810001373291016,34.75,35.630001068115234,126800
2021-02-10,35.869998931884766,36.15999984741211,35.439998626708984,35.52000045776367,139800
2021-02-11,35.45000076293945,35.880001068115234,34.90999984741211,35.47999954223633,176900
2021-02-12,35.33000183105469,35.790000915527344,35.13999938964844,35.4900016784668,88800
2021-02-16,35.349998474121094,35.91999816894531,35.349998474121094,35.59000015258789,101100
2021-02-17,35.38999938964844,35.9900016784668,35.2400016784668,35.58000183105469,95800
2021-02-18,35.45000076293945,35.849998474121094,35.150001525878906,35.2400016784668,114000
2021-02-19,35.400001525878906,35.779998779296875,35.36000061035156,35.70000076293945,164000
2021-02-22,35.790000915527344,36.63999938964844,35.279998779296875,36.529998779296875,103800
2021-02-23,36.9900016784668,37.91999816894531,36.45000076293945,36.88999938964844,155100
2021-02-24,37.25,37.97999954223633,37.02000045776367,37.70000076293945,142700
2021-02-25,37.779998779296875,38.13999938964844,37.380001068115234,37.52000045776367,155300
2021-02-26,37.209999084472656,37.2400016784668,35.459999084472656,36.22999954223633,193200
2021-03-01,37.02000045776367,37.25,36.560001373291016,37.11000061035156,85500
2021-03-02,37.060001373291016,37.16999816894531,36.5,36.79999923706055,89400
2021-03-03,36.97999954223633,38.4900016784668,36.90999984741211,37.58000183105469,155600
2021-03-04,37.59000015258789,38.81999969482422,37.279998779296875,37.81999969482422,166900
2021-03-05,38.540000915527344,39.439998626708984,38.27000045776367,39.27000045776367,199200
2021-03-08,39.95000076293945,41.150001525878906,39.470001220703125,40.86000061035156,175400
2021-03-09,40.709999084472656,41.189998626708984,39.70000076293945,40.5099983215332,144300
2021-03-10,40.45000076293945,41.84000015258789,40.060001373291016,41.619998931884766,191900
2021-03-11,41.38999938964844,41.68000030517578,41.09000015258789,41.56999969482422,131500
2021-03-12,42.0,42.790000915527344,41.65999984741211,42.369998931884766,147500
2021-03-15,42.5099983215332,42.5099983215332,40.720001220703125,41.41999816894531,153500
2021-03-16,41.15999984741211,41.58000183105469,40.70000076293945,41.18000030517578,170100
2021-03-17,40.83000183105469,41.619998931884766,40.380001068115234,40.7599983215332,142900
2021-03-18,41.310001373291016,42.119998931884766,40.47999954223633,40.869998931884766,158500
2021-03-19,40.09000015258789,41.439998626708984,39.38999938964844,41.279998779296875,592800
2021-03-22,40.83000183105469,40.83000183105469,39.619998931884766,39.90999984741211,114500
2021-03-23,39.38999938964844,39.79999923706055,38.5,38.77000045776367,161500
2021-03-24,39.29999923706055,40.36000061035156,38.560001373291016,38.869998931884766,135100
2021-03-25,38.630001068115234,39.72999954223633,38.0099983215332,39.58000183105469,118900
2021-03-26,40.029998779296875,40.86000061035156,39.619998931884766,40.7599983215332,95600
2021-03-29,40.279998779296875,41.400001525878906,39.779998779296875,40.09000015258789,179800
2021-03-30,40.45000076293945,41.150001525878906,40.29999923706055,40.369998931884766,115400
2021-03-31,40.16999816894531,40.93000030517578,39.540000915527344,39.900001525878906,195100
2021-04-01,39.63999938964844,39.72999954223633,39.06999969482422,39.540000915527344,128200
2021-04-05,40.2400016784668,40.79999923706055,39.380001068115234,39.810001373291016,192200
2021-04-06,39.72999954223633,39.95000076293945,39.189998626708984,39.380001068115234,137000
2021-04-07,39.560001373291016,39.59000015258789,38.88999938964844,39.220001220703125,157900
2021-04-08,39.11000061035156,39.2400016784668,38.5,39.189998626708984,147800
2021-04-09,39.40999984741211,39.5,39.040000915527344,39.369998931884766,123200
2021-04-12,39.529998779296875,39.70000076293945,39.209999084472656,39.47999954223633,96600
2021-04-13,39.18000030517578,39.5099983215332,38.52000045776367,38.529998779296875,96100
2021-04-14,38.5099983215332,39.38999938964844,38.5099983215332,39.0,92200
2021-04-15,38.97999954223633,39.15999984741211,38.18000030517578,38.849998474121094,84600
2021-04-16,39.369998931884766,39.5,38.77000045776367,39.099998474121094,77100
2021-04-19,39.040000915527344,39.56999969482422,38.5099983215332,39.029998779296875,98100
2021-04-20,38.66999816894531,38.900001525878906,37.650001525878906,37.66999816894531,128900
2021-04-21,37.650001525878906,38.599998474121094,37.650001525878906,38.4900016784668,99300
2021-04-22,38.41999816894531,38.720001220703125,37.9900016784668,38.0,99200
2021-04-23,38.0,39.630001068115234,38.0,39.400001525878906,167500
2021-04-26,39.40999984741211,39.97999954223633,38.59000015258789,38.86000061035156,110100
2021-04-27,39.38999938964844,39.61000061035156,37.970001220703125,38.540000915527344,166400
2021-04-28,38.529998779296875,39.290000915527344,38.189998626708984,38.20000076293945,82500
2021-04-29,38.65999984741211,39.11000061035156,38.33000183105469,38.470001220703125,116300
2021-04-30,38.06999969482422,38.599998474121094,37.79999923706055,37.88999938964844,213700
2021-05-03,38.720001220703125,39.0,38.189998626708984,38.779998779296875,218700
2021-05-04,38.43000030517578,39.15999984741211,38.43000030517578,38.88999938964844,89100
2021-05-05,38.880001068115234,38.970001220703125,38.400001525878906,38.84000015258789,81400
2021-05-06,38.939998626708984,39.880001068115234,38.75,39.79999923706055,117600
2021-05-07,39.70000076293945,39.939998626708984,39.25,39.58000183105469,94700
2021-05-10,39.66999816894531,40.119998931884766,38.81999969482422,38.88999938964844,105500
2021-05-11,38.61000061035156,39.310001373291016,38.36000061035156,38.70000076293945,87300
2021-05-12,38.810001373291016,39.220001220703125,37.86000061035156,37.97999954223633,99300
2021-05-13,37.86000061035156,40.31999969482422,37.86000061035156,40.04999923706055,191700
2021-05-14,40.599998474121094,40.599998474121094,39.88999938964844,40.369998931884766,110300
2021-05-17,40.119998931884766,40.65999984741211,39.93000030517578,40.59000015258789,98800
2021-05-18,40.380001068115234,40.63999938964844,39.79999923706055,39.79999923706055,114900
2021-05-19,39.38999938964844,39.93000030517578,38.63999938964844,39.880001068115234,141900
2021-05-20,39.650001525878906,39.84000015258789,39.119998931884766,39.7599983215332,173700
2021-05-21,40.130001068115234,41.06999969482422,39.79999923706055,40.720001220703125,570900
2021-05-24,41.060001373291016,41.060001373291016,39.720001220703125,40.09000015258789,137700
2021-05-25,40.02000045776367,40.31999969482422,38.630001068115234,38.630001068115234,141100
2021-05-26,38.54999923706055,39.16999816894531,38.5099983215332,39.029998779296875,79600
2021-05-27,39.52000045776367,39.81999969482422,39.20000076293945,39.38999938964844,140200
2021-05-28,39.2599983215332,39.2599983215332,38.0,38.9900016784668,92600
2021-06-01,39.20000076293945,39.5099983215332,39.06999969482422,39.18000030517578,160700
2021-06-02,39.310001373291016,39.5099983215332,38.709999084472656,38.79999923706055,97800
2021-06-03,38.79999923706055,39.040000915527344,38.52000045776367,38.900001525878906,121800
2021-06-04,38.79999923706055,39.220001220703125,38.15999984741211,38.65999984741211,79500
2021-06-07,38.61000061035156,39.040000915527344,38.400001525878906,38.77000045776367,76800
2021-06-08,38.900001525878906,39.290000915527344,38.5099983215332,39.060001373291016,117200
2021-06-09,38.5,38.880001068115234,38.459999084472656,38.560001373291016,186400
2021-06-10,38.81999969482422,39.0,37.9900016784668,38.04999923706055,100800
2021-06-11,38.25,38.650001525878906,37.869998931884766,37.900001525878906,107200
2021-06-14,37.939998626708984,38.0099983215332,37.380001068115234,37.83000183105469,147700
2021-06-15,38.06999969482422,38.869998931884766,37.849998474121094,38.439998626708984,145100
2021-06-16,38.20000076293945,39.310001373291016,37.81999969482422,39.029998779296875,135800
2021-06-17,39.060001373291016,39.22999954223633,37.59000015258789,37.72999954223633,186300
2021-06-18,37.09000015258789,37.709999084472656,36.06999969482422,36.15999984741211,350600
2021-06-21,36.31999969482422,37.56999969482422,36.29999923706055,37.2400016784668,126700
2021-06-22,37.22999954223633,37.439998626708984,36.43000030517578,36.880001068115234,101500
2021-06-23,36.790000915527344,37.119998931884766,36.459999084472656,36.54999923706055,166000
2021-06-24,36.9900016784668,37.279998779296875,36.4900016784668,37.2599983215332,77300
2021-06-25,37.150001525878906,37.65999984741211,37.02000045776367,37.36000061035156,365300
2021-06-28,37.02000045776367,37.130001068115234,35.939998626708984,35.959999084472656,129600
2021-06-29,36.22999954223633,36.2400016784668,35.970001220703125,36.02000045776367,162000
2021-06-30,35.84000015258789,36.310001373291016,35.84000015258789,35.970001220703125,108600
2021-07-01,36.06999969482422,36.31999969482422,35.91999816894531,36.09000015258789,112200
2021-07-02,36.0,36.060001373291016,35.56999969482422,35.59000015258789,131800
2021-07-06,35.400001525878906,35.400001525878906,34.439998626708984,34.79999923706055,190400
2021-07-07,34.470001220703125,35.31999969482422,34.470001220703125,34.709999084472656,211300
2021-07-08,34.13999938964844,34.31999969482422,33.43000030517578,33.7400016784668,257900
2021-07-09,35.31999969482422,35.31999969482422,34.2599983215332,34.779998779296875,183100
2021-07-12,34.38999938964844,35.02000045776367,34.099998474121094,34.88999938964844,164800
2021-07-13,34.75,34.90999984741211,34.09000015258789,34.2400016784668,103100
2021-07-14,34.34000015258789,34.77000045776367,33.90999984741211,34.22999954223633,103800
2021-07-15,33.959999084472656,34.709999084472656,33.779998779296875,34.630001068115234,126300
2021-07-16,34.849998474121094,34.9900016784668,33.86000061035156,33.970001220703125,96600
2021-07-19,34.09000015258789,34.09000015258789,32.7400016784668,32.970001220703125,163900
2021-07-20,33.060001373291016,34.400001525878906,33.060001373291016,33.540000915527344,191800
2021-07-21,33.95000076293945,34.41999816894531,33.7400016784668,33.900001525878906,107100
2021-07-22,33.779998779296875,34.20000076293945,32.7599983215332,32.81999969482422,91400
2021-07-23,32.97999954223633,33.5,32.72999954223633,32.959999084472656,114400
2021-07-26,33.060001373291016,33.7599983215332,33.060001373291016,33.220001220703125,69600
2021-07-27,32.77000045776367,34.0,32.65999984741211,33.58000183105469,154800
2021-07-28,35.060001373291016,35.060001373291016,33.95000076293945,34.459999084472656,170300
2021-07-29,35.150001525878906,35.279998779296875,34.84000015258789,34.90999984741211,156800
2021-07-30,34.63999938964844,35.33000183105469,34.63999938964844,34.849998474121094,172500
2021-08-02,35.130001068115234,35.93000030517578,34.90999984741211,35.09000015258789,212400
2021-08-03,35.59000015258789,36.0099983215332,35.02000045776367,35.849998474121094,239500
2021-08-04,35.290000915527344,35.7400016784668,35.209999084472656,35.34000015258789,134200
2021-08-05,35.400001525878906,35.86000061035156,35.400001525878906,35.7400016784668,71600
2021-08-06,36.25,36.900001525878906,36.0,36.459999084472656,104800
2021-08-09,36.41999816894531,36.75,36.04999923706055,36.34000015258789,67600
2021-08-10,36.33000183105469,37.11000061035156,36.209999084472656,37.0,84200
2021-08-11,37.189998626708984,37.529998779296875,35.869998931884766,37.52000045776367,87500
2021-08-12,37.650001525878906,37.650001525878906,36.86000061035156,37.16999816894531,76600
2021-08-13,37.060001373291016,37.20000076293945,36.68000030517578,36.880001068115234,51400
2021-08-16,36.59000015258789,37.02000045776367,36.220001220703125,36.81999969482422,123400
2021-08-17,36.65999984741211,36.849998474121094,36.16999816894531,36.470001220703125,88700
2021-08-18,36.33000183105469,36.58000183105469,35.95000076293945,35.97999954223633,79300
2021-08-19,35.70000076293945,35.93000030517578,35.33000183105469,35.790000915527344,98800
2021-08-20,35.65999984741211,36.31999969482422,35.33000183105469,36.29999923706055,97300
2021-08-23,36.560001373291016,36.7599983215332,36.33000183105469,36.63999938964844,90800
2021-08-24,36.619998931884766,36.63999938964844,36.34000015258789,36.400001525878906,57000
2021-08-25,36.33000183105469,36.880001068115234,36.20000076293945,36.220001220703125,94700
2021-08-26,36.47999954223633,36.47999954223633,35.689998626708984,35.7400016784668,68700
2021-08-27,35.77000045776367,36.869998931884766,35.459999084472656,36.75,138800
2021-08-30,36.7599983215332,36.7599983215332,35.86000061035156,35.93000030517578,75800
2021-08-31,35.709999084472656,36.2599983215332,35.58000183105469,35.86000061035156,77400
2021-09-01,35.91999816894531,35.959999084472656,35.2400016784668,35.720001220703125,89400
2021-09-02,35.630001068115234,35.970001220703125,35.36000061035156,35.45000076293945,78600
2021-09-03,35.38999938964844,35.54999923706055,34.939998626708984,35.130001068115234,107500
2021-09-07,35.25,35.630001068115234,35.09000015258789,35.16999816894531,98100
2021-09-08,35.040000915527344,35.2400016784668,34.41999816894531,34.68000030517578,92200
2021-09-09,34.72999954223633,35.02000045776367,34.59000015258789,34.65999984741211,115900
2021-09-10,34.779998779296875,34.779998779296875,33.79999923706055,33.869998931884766,90200
2021-09-13,34.220001220703125,34.56999969482422,33.880001068115234,34.43000030517578,168200
2021-09-14,34.459999084472656,37.029998779296875,33.630001068115234,33.720001220703125,109800
2021-09-15,33.779998779296875,34.20000076293945,33.5099983215332,33.939998626708984,170300
2021-09-16,34.02000045776367,34.22999954223633,33.310001373291016,33.56999969482422,147900
2021-09-17,33.54999923706055,34.43000030517578,33.349998474121094,34.380001068115234,611100
2021-09-20,34.20000076293945,34.20000076293945,33.02000045776367,33.58000183105469,197100
2021-09-21,33.7400016784668,33.7400016784668,33.09000015258789,33.220001220703125,153400
2021-09-22,33.599998474121094,34.18000030517578,33.459999084472656,33.779998779296875,144900
2021-09-23,34.060001373291016,35.029998779296875,34.060001373291016,34.619998931884766,112000
2021-09-24,34.619998931884766,35.369998931884766,34.619998931884766,35.09000015258789,104600
2021-09-27,35.459999084472656,36.72999954223633,35.459999084472656,36.20000076293945,116700
2021-09-28,36.369998931884766,36.650001525878906,35.72999954223633,35.880001068115234,75600
2021-09-29,35.83000183105469,36.45000076293945,35.83000183105469,36.290000915527344,113000
2021-09-30,36.439998626708984,36.56999969482422,35.97999954223633,36.119998931884766,115000
2021-10-01,36.279998779296875,37.0,36.029998779296875,36.59000015258789,150900
2021-10-04,36.560001373291016,37.0,36.220001220703125,36.380001068115234,94700
2021-10-05,36.54999923706055,36.900001525878906,36.09000015258789,36.65999984741211,176300
2021-10-06,36.36000061035156,36.7400016784668,35.84000015258789,36.689998626708984,87400
2021-10-07,36.939998626708984,37.439998626708984,36.4900016784668,37.34000015258789,129700
2021-10-08,37.150001525878906,37.56999969482422,37.099998474121094,37.400001525878906,46500
2021-10-11,37.599998474121094,37.720001220703125,36.79999923706055,36.88999938964844,47100
2021-10-12,36.75,37.060001373291016,36.619998931884766,36.90999984741211,65400
2021-10-13,36.83000183105469,36.83000183105469,36.130001068115234,36.36000061035156,65100
2021-10-14,36.81999969482422,36.83000183105469,36.400001525878906,36.790000915527344,49700
2021-10-15,37.36000061035156,37.36000061035156,36.63999938964844,36.66999816894531,108200
2021-10-18,36.70000076293945,37.04999923706055,36.41999816894531,36.470001220703125,70800
2021-10-19,36.5099983215332,36.5099983215332,36.060001373291016,36.380001068115234,61400
2021-10-20,36.279998779296875,37.06999969482422,36.279998779296875,37.060001373291016,68200
2021-10-21,36.900001525878906,37.060001373291016,36.58000183105469,37.02000045776367,71500
2021-10-22,37.040000915527344,37.40999984741211,36.959999084472656,37.380001068115234,64100
2021-10-25,37.61000061035156,37.650001525878906,37.209999084472656,37.54999923706055,74700
2021-10-26,37.68000030517578,37.689998626708984,37.2400016784668,37.4900016784668,79700
2021-10-27,36.970001220703125,37.099998474121094,36.02000045776367,36.099998474121094,125000
2021-10-28,35.91999816894531,37.02000045776367,35.91999816894531,36.279998779296875,109200
2021-10-29,36.38999938964844,36.779998779296875,36.33000183105469,36.689998626708984,93700
2021-11-01,36.959999084472656,37.900001525878906,36.900001525878906,37.84000015258789,107700
2021-11-02,37.84000015258789,37.84000015258789,36.880001068115234,36.970001220703125,76400
2021-11-03,36.779998779296875,38.06999969482422,36.689998626708984,37.93000030517578,111900
2021-11-04,37.970001220703125,37.970001220703125,36.720001220703125,37.09000015258789,100700
2021-11-05,37.52000045776367,38.529998779296875,37.369998931884766,38.310001373291016,102200
2021-11-08,38.36000061035156,38.66999816894531,38.11000061035156,38.43000030517578,80600
2021-11-09,38.209999084472656,38.66999816894531,37.79999923706055,38.529998779296875,84100
2021-11-10,38.5,38.79999923706055,37.72999954223633,38.529998779296875,92100
2021-11-11,38.56999969482422,38.970001220703125,38.5099983215332,38.689998626708984,53900
2021-11-12,38.810001373291016,38.810001373291016,37.97999954223633,38.209999084472656,59400
2021-11-15,38.380001068115234,38.38999938964844,37.84000015258789,38.0,98900
2021-11-16,38.0,38.029998779296875,37.63999938964844,37.83000183105469,78600
2021-11-17,37.869998931884766,37.869998931884766,37.0,37.33000183105469,97600
2021-11-18,37.2400016784668,37.54999923706055,37.0,37.22999954223633,93100
2021-11-19,36.79999923706055,37.2400016784668,36.38999938964844,37.09000015258789,108700
2021-11-22,37.38999938964844,38.4900016784668,37.38999938964844,37.79999923706055,157500
2021-11-23,37.93000030517578,38.54999923706055,37.93000030517578,38.310001373291016,116600
2021-11-24,38.15999984741211,38.45000076293945,38.02000045776367,38.09000015258789,105400
2021-11-26,36.810001373291016,37.15999984741211,35.56999969482422,36.209999084472656,138700
2021-11-29,36.63999938964844,37.15999984741211,36.2400016784668,36.38999938964844,181000
2021-11-30,35.68000030517578,36.63999938964844,35.68000030517578,36.11000061035156,202600
2021-12-01,36.709999084472656,37.880001068115234,36.150001525878906,36.540000915527344,171100
2021-12-02,36.86000061035156,37.869998931884766,36.59000015258789,37.630001068115234,124400
2021-12-03,37.689998626708984,37.81999969482422,36.72999954223633,36.93000030517578,146700
2021-12-06,37.5,38.400001525878906,37.380001068115234,37.79999923706055,140200
2021-12-07,38.20000076293945,38.47999954223633,36.86000061035156,37.15999984741211,113900
2021-12-08,37.29999923706055,37.41999816894531,36.72999954223633,37.04999923706055,82600
2021-12-09,36.70000076293945,36.91999816894531,36.56999969482422,36.630001068115234,66400
2021-12-10,36.869998931884766,37.13999938964844,36.369998931884766,36.88999938964844,73300
2021-12-13,36.93000030517578,37.119998931884766,36.43000030517578,36.83000183105469,113300
2021-12-14,36.91999816894531,37.90999984741211,36.70000076293945,37.220001220703125,229100
2021-12-15,37.45000076293945,38.09000015258789,36.529998779296875,36.66999816894531,416400
2021-12-16,37.0099983215332,38.060001373291016,36.810001373291016,37.47999954223633,162800
2021-12-17,37.15999984741211,37.91999816894531,36.290000915527344,36.959999084472656,706600
2021-12-20,36.630001068115234,36.91999816894531,35.9900016784668,36.630001068115234,163600
2021-12-21,36.86000061035156,37.779998779296875,36.86000061035156,37.38999938964844,77300
2021-12-22,37.15999984741211,37.709999084472656,37.15999984741211,37.709999084472656,76100
2021-12-23,37.959999084472656,38.2400016784668,37.31999969482422,37.970001220703125,77700
2021-12-27,38.16999816894531,38.529998779296875,37.619998931884766,38.459999084472656,81400
2021-12-28,38.59000015258789,38.939998626708984,38.470001220703125,38.709999084472656,70500
2021-12-29,38.650001525878906,38.81999969482422,38.380001068115234,38.52000045776367,75000
2021-12-30,38.630001068115234,38.77000045776367,38.16999816894531,38.47999954223633,89900
2021-12-31,38.33000183105469,38.709999084472656,38.130001068115234,38.52000045776367,71900
2022-01-03,38.66999816894531,39.59000015258789,38.5099983215332,39.099998474121094,133000
2022-01-04,39.47999954223633,40.439998626708984,39.380001068115234,39.97999954223633,107700
2022-01-05,40.08000183105469,40.70000076293945,39.810001373291016,40.02000045776367,91300
2022-01-06,40.40999984741211,41.22999954223633,40.040000915527344,41.22999954223633,83400
2022-01-07,41.31999969482422,41.52000045776367,41.02000045776367,41.36000061035156,117200
2022-01-10,41.43000030517578,41.7400016784668,41.18000030517578,41.40999984741211,152300
2022-01-11,41.61000061035156,41.61000061035156,40.59000015258789,41.34000015258789,120800
2022-01-12,41.45000076293945,41.66999816894531,40.86000061035156,40.959999084472656,139100
2022-01-13,41.09000015258789,41.689998626708984,40.88999938964844,41.369998931884766,98600
2022-01-14,40.90999984741211,42.189998626708984,40.4900016784668,42.13999938964844,121700
2022-01-18,42.33000183105469,42.33000183105469,41.439998626708984,41.54999923706055,104300
2022-01-19,41.68000030517578,41.68000030517578,40.209999084472656,40.349998474121094,128900
2022-01-20,40.31999969482422,40.65999984741211,39.27000045776367,39.36000061035156,89400
2022-01-21,39.0099983215332,40.470001220703125,38.95000076293945,39.22999954223633,214100
2022-01-24,38.790000915527344,40.34000015258789,38.61000061035156,40.099998474121094,160300
2022-01-25,39.75,40.58000183105469,39.189998626708984,40.20000076293945,92500
2022-01-26,40.2400016784668,40.86000061035156,38.75,39.40999984741211,158400
2022-01-27,38.029998779296875,39.5,37.93000030517578,38.25,196300
2022-01-28,38.349998474121094,38.540000915527344,37.5099983215332,38.540000915527344,185200
2022-01-31,38.47999954223633,38.79999923706055,37.939998626708984,38.68000030517578,170700
2022-02-01,38.5,38.75,37.95000076293945,38.529998779296875,176800
2022-02-02,38.65999984741211,38.65999984741211,38.0,38.459999084472656,152300
2022-02-03,38.459999084472656,38.97999954223633,38.27000045776367,38.38999938964844,145100
2022-02-04,38.70000076293945,39.290000915527344,38.470001220703125,39.09000015258789,142300
2022-02-07,39.150001525878906,39.36000061035156,38.59000015258789,38.93000030517578,125300
2022-02-08,39.20000076293945,39.79999923706055,39.06999969482422,39.75,167000
2022-02-09,39.7400016784668,39.880001068115234,38.63999938964844,38.810001373291016,138000
2022-02-10,38.790000915527344,39.040000915527344,38.220001220703125,38.68000030517578,180600
2022-02-11,38.58000183105469,39.279998779296875,38.43000030517578,38.81999969482422,160500
2022-02-14,38.91999816894531,39.16999816894531,38.349998474121094,38.63999938964844,190500
2022-02-15,39.02000045776367,39.560001373291016,39.02000045776367,39.29999923706055,131700
2022-02-16,39.189998626708984,39.66999816894531,39.029998779296875,39.4900016784668,106200
2022-02-17,39.189998626708984,39.33000183105469,38.61000061035156,38.7400016784668,149900
2022-02-18,38.709999084472656,39.25,38.68000030517578,39.08000183105469,438100
2022-02-22,39.08000183105469,39.33000183105469,38.709999084472656,38.88999938964844,143500
2022-02-23,39.099998474121094,39.2400016784668,38.15999984741211,38.279998779296875,130100
2022-02-24,37.45000076293945,37.72999954223633,36.689998626708984,37.650001525878906,246100
2022-02-25,37.849998474121094,38.630001068115234,37.5,38.470001220703125,135800
2022-02-28,37.810001373291016,38.5099983215332,37.720001220703125,38.369998931884766,184800
2022-03-01,38.04999923706055,38.310001373291016,36.79999923706055,37.209999084472656,284700
2022-03-02,37.470001220703125,38.689998626708984,37.470001220703125,38.40999984741211,122700
2022-03-03,38.52000045776367,38.70000076293945,38.189998626708984,38.47999954223633,112000
2022-03-04,37.95000076293945,38.459999084472656,37.630001068115234,38.29999923706055,185100
2022-03-07,38.20000076293945,38.40999984741211,37.630001068115234,37.720001220703125,190200
2022-03-08,37.95000076293945,38.36000061035156,37.439998626708984,37.470001220703125,229500
2022-03-09,38.22999954223633,38.5,37.599998474121094,37.709999084472656,119300
2022-03-10,37.27000045776367,38.54999923706055,37.2400016784668,37.97999954223633,110600
2022-03-11,38.29999923706055,38.650001525878906,38.2400016784668,38.29999923706055,118600
2022-03-14,38.75,39.16999816894531,38.33000183105469,38.72999954223633,139900
2022-03-15,39.02000045776367,39.18000030517578,38.2400016784668,38.45000076293945,150800
2022-03-16,38.63999938964844,39.150001525878906,38.38999938964844,39.040000915527344,181300
2022-03-17,38.91999816894531,39.060001373291016,38.369998931884766,38.599998474121094,105900
2022-03-18,38.529998779296875,38.529998779296875,37.400001525878906,37.88999938964844,421100
2022-03-21,38.060001373291016,38.4900016784668,37.59000015258789,37.939998626708984,170300
2022-03-22,38.13999938964844,38.560001373291016,37.81999969482422,37.97999954223633,115400
2022-03-23,37.66999816894531,37.939998626708984,36.66999816894531,36.72999954223633,120900
2022-03-24,36.790000915527344,37.81999969482422,36.400001525878906,36.779998779296875,75500
2022-03-25,36.97999954223633,37.5099983215332,36.91999816894531,37.349998474121094,156600
2022-03-28,37.16999816894531,37.38999938964844,36.66999816894531,37.0099983215332,154800
2022-03-29,37.380001068115234,37.880001068115234,37.119998931884766,37.529998779296875,210500
2022-03-30,37.5,37.54999923706055,36.189998626708984,36.41999816894531,123500
2022-03-31,36.29999923706055,36.77000045776367,35.97999954223633,36.130001068115234,228000
2022-04-01,36.459999084472656,36.86000061035156,36.09000015258789,36.65999984741211,225200
2022-04-04,36.619998931884766,36.619998931884766,35.97999954223633,36.22999954223633,152900
2022-04-05,36.2400016784668,36.599998474121094,35.720001220703125,35.88999938964844,214600
2022-04-06,35.93000030517578,36.209999084472656,35.70000076293945,35.81999969482422,231700
2022-04-07,36.029998779296875,36.189998626708984,35.38999938964844,35.70000076293945,270800
2022-04-08,35.88999938964844,36.099998474121094,35.400001525878906,35.52000045776367,235100
2022-04-11,35.439998626708984,36.040000915527344,35.349998474121094,35.380001068115234,171400
2022-04-12,35.459999084472656,35.83000183105469,35.08000183105469,35.20000076293945,192300
2022-04-13,35.18000030517578,35.81999969482422,35.040000915527344,35.709999084472656,144600
2022-04-14,35.75,36.15999984741211,35.20000076293945,35.310001373291016,108000
2022-04-18,35.16999816894531,35.47999954223633,34.88999938964844,35.09000015258789,129200
2022-04-19,35.380001068115234,36.22999954223633,35.31999969482422,36.150001525878906,140700
2022-04-20,36.25,36.810001373291016,36.25,36.459999084472656,92700
2022-04-21,36.7599983215332,36.779998779296875,36.02000045776367,36.11000061035156,110200
2022-04-22,35.91999816894531,36.06999969482422,35.40999984741211,35.470001220703125,116000
2022-04-25,35.22999954223633,35.47999954223633,34.58000183105469,35.2599983215332,149800
2022-04-26,34.81999969482422,35.83000183105469,34.81999969482422,35.4900016784668,213900
2022-04-27,35.650001525878906,35.90999984741211,35.13999938964844,35.33000183105469,193500
2022-04-28,35.5099983215332,35.970001220703125,35.099998474121094,35.90999984741211,165300
2022-04-29,35.90999984741211,35.97999954223633,35.040000915527344,35.20000076293945,218000
2022-05-02,35.27000045776367,35.77000045776367,35.029998779296875,35.560001373291016,227800
2022-05-03,35.720001220703125,36.08000183105469,35.27000045776367,35.779998779296875,132700
2022-05-04,35.900001525878906,37.040000915527344,35.65999984741211,36.869998931884766,153900
2022-05-05,36.56999969482422,36.56999969482422,35.81999969482422,36.22999954223633,151500
2022-05-06,36.04999923706055,36.29999923706055,35.5099983215332,35.93000030517578,138600
2022-05-09,35.72999954223633,36.40999984741211,35.47999954223633,36.189998626708984,186900
2022-05-10,36.36000061035156,36.66999816894531,35.40999984741211,35.95000076293945,214300
2022-05-11,36.029998779296875,36.790000915527344,35.90999984741211,35.97999954223633,148300
2022-05-12,35.86000061035156,36.16999816894531,35.119998931884766,35.90999984741211,120800
2022-05-13,35.959999084472656,36.11000061035156,35.119998931884766,35.369998931884766,112100
2022-05-16,35.2400016784668,35.5099983215332,34.720001220703125,35.150001525878906,117200
2022-05-17,35.540000915527344,36.33000183105469,35.4900016784668,36.16999816894531,129400
2022-05-18,36.06999969482422,36.34000015258789,35.72999954223633,35.900001525878906,213000
2022-05-19,35.61000061035156,35.779998779296875,35.09000015258789,35.150001525878906,203500
2022-05-20,35.41999816894531,36.09000015258789,35.029998779296875,35.939998626708984,200400
2022-05-23,36.349998474121094,37.040000915527344,36.099998474121094,36.459999084472656,165700
2022-05-24,36.47999954223633,36.7599983215332,35.790000915527344,36.56999969482422,121800
2022-05-25,36.619998931884766,37.13999938964844,36.47999954223633,36.72999954223633,136600
2022-05-26,37.040000915527344,37.2599983215332,36.7599983215332,37.09000015258789,143600
2022-05-27,37.0099983215332,37.52000045776367,37.0099983215332,37.52000045776367,68000
2022-05-31,37.099998474121094,37.130001068115234,36.56999969482422,36.97999954223633,160900
2022-06-01,37.189998626708984,37.25,36.56999969482422,37.099998474121094,130400
2022-06-02,37.099998474121094,37.58000183105469,36.79999923706055,37.58000183105469,104300
2022-06-03,37.54999923706055,37.54999923706055,37.16999816894531,37.2599983215332,142300
2022-06-06,37.45000076293945,37.619998931884766,37.25,37.540000915527344,85500
2022-06-07,37.47999954223633,37.7599983215332,37.189998626708984,37.630001068115234,93200
2022-06-08,37.33000183105469,37.38999938964844,36.900001525878906,37.130001068115234,144700
2022-06-09,37.060001373291016,37.34000015258789,36.47999954223633,36.529998779296875,148500
2022-06-10,35.97999954223633,36.34000015258789,35.560001373291016,35.849998474121094,119700
2022-06-13,35.2599983215332,35.9900016784668,35.2599983215332,35.43000030517578,163300
2022-06-14,35.45000076293945,36.0099983215332,35.45000076293945,35.810001373291016,143200
2022-06-15,36.150001525878906,36.619998931884766,35.83000183105469,36.04999923706055,201800
2022-06-16,35.650001525878906,36.02000045776367,35.310001373291016,35.4900016784668,203800
2022-06-17,35.790000915527344,36.220001220703125,35.7400016784668,35.97999954223633,514000
2022-06-21,36.459999084472656,36.84000015258789,36.099998474121094,36.77000045776367,159900
2022-06-22,36.41999816894531,37.09000015258789,36.279998779296875,37.0,127900
2022-06-23,36.810001373291016,37.209999084472656,36.33000183105469,36.61000061035156,146200
2022-06-24,36.61000061035156,37.650001525878906,36.61000061035156,37.439998626708984,299900
2022-06-27,37.7599983215332,38.119998931884766,37.65999984741211,37.93000030517578,125800
2022-06-28,38.18000030517578,38.63999938964844,37.93000030517578,38.119998931884766,142200
2022-06-29,38.119998931884766,38.2400016784668,37.43000030517578,37.470001220703125,136800
2022-06-30,37.040000915527344,37.939998626708984,36.970001220703125,37.59000015258789,151400
2022-07-01,37.36000061035156,38.16999816894531,37.119998931884766,38.15999984741211,150900
2022-07-05,37.58000183105469,38.369998931884766,37.209999084472656,38.29999923706055,205300
2022-07-06,37.9900016784668,38.400001525878906,37.599998474121094,37.939998626708984,236200
2022-07-07,38.189998626708984,38.349998474121094,37.4900016784668,37.58000183105469,139800
2022-07-08,37.72999954223633,38.0,37.41999816894531,37.959999084472656,146200
2022-07-11,37.790000915527344,38.09000015258789,37.720001220703125,37.9900016784668,74000
2022-07-12,37.83000183105469,38.45000076293945,37.83000183105469,38.189998626708984,133800
2022-07-13,38.09000015258789,38.099998474121094,37.40999984741211,37.84000015258789,158300
2022-07-14,37.29999923706055,37.470001220703125,36.79999923706055,37.439998626708984,110300
2022-07-15,37.95000076293945,38.47999954223633,37.689998626708984,38.349998474121094,167300
2022-07-18,38.52000045776367,38.810001373291016,38.0,38.18000030517578,74600
2022-07-19,38.45000076293945,39.369998931884766,38.29999923706055,39.040000915527344,161300
2022-07-20,38.79999923706055,39.2599983215332,38.540000915527344,39.130001068115234,122100
2022-07-21,38.810001373291016,39.220001220703125,38.709999084472656,39.220001220703125,121800
2022-07-22,39.13999938964844,39.5,39.029998779296875,39.38999938964844,137000
2022-07-25,39.47999954223633,40.060001373291016,39.47999954223633,39.9900016784668,226200
2022-07-26,39.9900016784668,40.06999969482422,39.13999938964844,39.349998474121094,172200
2022-07-27,39.599998474121094,40.560001373291016,39.599998474121094,40.220001220703125,166000
2022-07-28,40.279998779296875,40.400001525878906,39.95000076293945,40.2599983215332,125300
2022-07-29,40.290000915527344,40.72999954223633,40.189998626708984,40.540000915527344,132900
2022-08-01,40.38999938964844,41.2599983215332,40.36000061035156,40.91999816894531,136300
2022-08-02,40.95000076293945,41.0099983215332,40.2599983215332,40.27000045776367,107100
2022-08-03,40.369998931884766,40.900001525878906,39.849998474121094,40.709999084472656,121200
2022-08-04,40.61000061035156,40.7400016784668,40.209999084472656,40.290000915527344,94000
2022-08-05,40.25,40.59000015258789,40.18000030517578,40.43000030517578,93300
2022-08-08,40.4900016784668,40.65999984741211,40.11000061035156,40.459999084472656,112800
2022-08-09,40.560001373291016,40.630001068115234,39.869998931884766,40.61000061035156,145700
2022-08-10,40.90999984741211,41.220001220703125,40.650001525878906,40.91999816894531,143700
2022-08-11,41.290000915527344,41.43000030517578,41.08000183105469,41.33000183105469,90600
2022-08-12,41.599998474121094,42.0,41.529998779296875,41.9900016784668,94700
2022-08-15,41.61000061035156,42.25,41.61000061035156,42.20000076293945,130500
2022-08-16,42.119998931884766,42.630001068115234,42.11000061035156,42.52000045776367,98800
2022-08-17,42.220001220703125,42.290000915527344,41.65999984741211,42.09000015258789,101500
2022-08-18,42.15999984741211,42.40999984741211,41.9900016784668,42.310001373291016,65700
2022-08-19,42.18000030517578,42.189998626708984,41.599998474121094,41.86000061035156,99800
2022-08-22,41.4900016784668,41.58000183105469,40.7599983215332,40.900001525878906,115200
2022-08-23,40.970001220703125,41.36000061035156,40.25,40.279998779296875,90900
2022-08-24,40.209999084472656,40.400001525878906,39.810001373291016,39.90999984741211,67100
2022-08-25,39.97999954223633,40.560001373291016,39.83000183105469,40.40999984741211,162800
2022-08-26,40.65999984741211,40.65999984741211,39.75,39.790000915527344,109600
2022-08-29,39.599998474121094,39.65999984741211,39.11000061035156,39.150001525878906,79900
2022-08-30,39.34000015258789,39.34000015258789,38.86000061035156,39.209999084472656,82700
2022-08-31,38.970001220703125,39.0,38.63999938964844,38.779998779296875,95300
2022-09-01,38.70000076293945,38.83000183105469,38.290000915527344,38.689998626708984,114300
2022-09-02,38.91999816894531,39.16999816894531,38.220001220703125,38.5,87100
2022-09-06,38.61000061035156,38.61000061035156,37.459999084472656,37.88999938964844,153000
2022-09-07,37.88999938964844,38.189998626708984,37.66999816894531,38.08000183105469,114500
2022-09-08,38.0099983215332,38.59000015258789,37.7400016784668,38.56999969482422,118400
2022-09-09,38.709999084472656,38.959999084472656,38.15999984741211,38.900001525878906,109900
2022-09-12,39.13999938964844,39.31999969482422,38.849998474121094,39.209999084472656,95200
2022-09-13,38.869998931884766,39.47999954223633,38.279998779296875,38.4900016784668,137000
2022-09-14,38.40999984741211,38.66999816894531,38.09000015258789,38.25,128100
2022-09-15,38.279998779296875,39.220001220703125,38.16999816894531,38.95000076293945,128500
2022-09-16,38.77000045776367,39.5099983215332,38.369998931884766,39.45000076293945,382800
2022-09-19,38.959999084472656,39.9900016784668,38.959999084472656,39.720001220703125,132900
2022-09-20,39.61000061035156,40.22999954223633,39.5,40.0,126300
2022-09-21,40.13999938964844,40.45000076293945,39.54999923706055,39.72999954223633,150000
2022-09-22,39.88999938964844,39.88999938964844,38.9900016784668,39.34000015258789,96100
2022-09-23,39.029998779296875,39.15999984741211,38.65999984741211,39.130001068115234,96000
2022-09-26,38.849998474121094,39.560001373291016,38.849998474121094,38.97999954223633,133700
2022-09-27,39.11000061035156,39.36000061035156,38.29999923706055,38.41999816894531,100500
2022-09-28,38.33000183105469,39.0099983215332,38.20000076293945,38.52000045776367,152700
2022-09-29,38.369998931884766,38.369998931884766,37.90999984741211,38.25,129300
2022-09-30,38.400001525878906,38.72999954223633,37.91999816894531,37.95000076293945,157600
2022-10-03,38.349998474121094,39.0,38.130001068115234,38.86000061035156,165500
2022-10-04,39.20000076293945,39.939998626708984,39.20000076293945,39.88999938964844,147200
2022-10-05,39.41999816894531,39.86000061035156,39.40999984741211,39.83000183105469,105700
2022-10-06,39.70000076293945,39.900001525878906,39.4900016784668,39.86000061035156,101700
2022-10-07,39.790000915527344,40.0,39.58000183105469,39.70000076293945,168000
2022-10-10,39.77000045776367,40.2400016784668,39.630001068115234,39.86000061035156,94600
2022-10-11,39.68000030517578,40.7599983215332,39.68000030517578,40.65999984741211,148400
2022-10-12,40.68000030517578,41.150001525878906,40.40999984741211,40.77000045776367,101900
2022-10-13,40.38999938964844,42.81999969482422,40.38999938964844,42.599998474121094,150500
2022-10-14,42.68000030517578,43.16999816894531,41.9900016784668,42.09000015258789,112500
2022-10-17,42.41999816894531,42.95000076293945,42.25,42.790000915527344,132300
2022-10-18,43.04999923706055,43.40999984741211,42.59000015258789,42.93000030517578,116700
2022-10-19,42.58000183105469,43.31999969482422,42.52000045776367,43.02000045776367,142200
2022-10-20,43.02000045776367,43.290000915527344,41.43000030517578,41.83000183105469,137600
2022-10-21,42.150001525878906,42.81999969482422,41.869998931884766,42.58000183105469,158900
2022-10-24,42.900001525878906,43.41999816894531,42.810001373291016,43.22999954223633,116800
2022-10-25,43.130001068115234,43.689998626708984,43.099998474121094,43.400001525878906,143500
2022-10-26,43.95000076293945,43.9900016784668,42.65999984741211,43.06999969482422,115200
2022-10-27,43.5,45.310001373291016,43.11000061035156,45.0,163900
2022-10-28,45.25,46.65999984741211,44.939998626708984,46.56999969482422,229500
2022-10-31,46.439998626708984,47.439998626708984,46.099998474121094,47.38999938964844,228400
2022-11-01,47.58000183105469,48.2400016784668,47.25,47.709999084472656,158400
2022-11-02,47.38999938964844,47.95000076293945,46.459999084472656,46.72999954223633,186600
2022-11-03,46.5099983215332,46.619998931884766,45.779998779296875,46.34000015258789,129200
2022-11-04,46.650001525878906,47.849998474121094,46.619998931884766,47.79999923706055,124000
2022-11-07,47.90999984741211,48.25,47.08000183105469,47.130001068115234,126900
2022-11-08,47.119998931884766,47.54999923706055,46.880001068115234,46.91999816894531,94800
2022-11-09,46.90999984741211,47.209999084472656,46.52000045776367,46.81999969482422,114600
2022-11-10,47.7400016784668,48.68000030517578,47.470001220703125,47.86000061035156,158900
2022-11-11,48.11000061035156,48.119998931884766,46.47999954223633,46.599998474121094,114300
2022-11-14,46.61000061035156,47.65999984741211,46.09000015258789,47.04999923706055,134600
2022-11-15,47.34000015258789,48.08000183105469,47.220001220703125,47.66999816894531,104300
2022-11-16,47.599998474121094,47.63999938964844,46.90999984741211,47.09000015258789,122400
2022-11-17,46.77000045776367,46.939998626708984,46.310001373291016,46.599998474121094,99600
2022-11-18,47.20000076293945,47.45000076293945,46.40999984741211,46.619998931884766,127300
2022-11-21,46.79999923706055,47.130001068115234,46.33000183105469,46.93000030517578,89100
2022-11-22,47.22999954223633,47.630001068115234,46.95000076293945,47.34000015258789,118400
2022-11-23,47.400001525878906,47.630001068115234,46.75,46.869998931884766,80200
2022-11-25,47.099998474121094,47.560001373291016,46.95000076293945,47.459999084472656,39400
2022-11-28,47.20000076293945,47.34000015258789,46.279998779296875,46.38999938964844,88300
2022-11-29,46.599998474121094,46.88999938964844,46.40999984741211,46.599998474121094,109000
2022-11-30,46.25,46.59000015258789,45.16999816894531,46.15999984741211,246800
2022-12-01,46.369998931884766,46.619998931884766,45.720001220703125,46.349998474121094,113800
2022-12-02,45.880001068115234,46.369998931884766,45.41999816894531,46.27000045776367,91800
2022-12-05,45.849998474121094,45.849998474121094,43.189998626708984,43.380001068115234,239000
2022-12-06,43.380001068115234,43.529998779296875,42.77000045776367,43.209999084472656,199500
2022-12-07,43.33000183105469,43.7400016784668,42.88999938964844,42.970001220703125,163600
2022-12-08,43.029998779296875,43.18000030517578,42.2400016784668,42.5099983215332,116500
2022-12-09,42.5099983215332,42.529998779296875,42.02000045776367,42.22999954223633,133300
2022-12-12,42.22999954223633,42.84000015258789,42.099998474121094,42.459999084472656,144700
2022-12-13,43.02000045776367,43.33000183105469,42.529998779296875,42.65999984741211,273400
2022-12-14,42.81999969482422,43.0,41.91999816894531,41.970001220703125,215300
2022-12-15,41.77000045776367,42.279998779296875,41.5,42.06999969482422,214500
2022-12-16,41.83000183105469,42.29999923706055,41.470001220703125,41.7599983215332,1719400
2022-12-19,41.939998626708984,42.529998779296875,41.939998626708984,42.31999969482422,168600
2022-12-20,42.40999984741211,42.66999816894531,41.95000076293945,41.970001220703125,147400
2022-12-21,42.720001220703125,43.4900016784668,42.52000045776367,43.41999816894531,205000
2022-12-22,43.40999984741211,43.40999984741211,42.83000183105469,43.290000915527344,123200
2022-12-23,43.29999923706055,43.95000076293945,41.04999923706055,43.400001525878906,117000
2022-12-27,43.599998474121094,44.279998779296875,43.310001373291016,44.04999923706055,109600
2022-12-28,44.16999816894531,44.33000183105469,43.189998626708984,43.189998626708984,111100
2022-12-29,43.38999938964844,43.970001220703125,43.2400016784668,43.709999084472656,124200
2022-12-30,43.54999923706055,43.88999938964844,43.2400016784668,43.41999816894531,150800
2023-01-03,43.5,43.869998931884766,42.31999969482422,42.84000015258789,154000
2023-01-04,43.06999969482422,43.349998474121094,42.09000015258789,42.439998626708984,219000
2023-01-05,42.58000183105469,42.70000076293945,41.810001373291016,42.06999969482422,203300
2023-01-06,42.34000015258789,42.97999954223633,42.34000015258789,42.81999969482422,138600
2023-01-09,42.869998931884766,42.939998626708984,42.15999984741211,42.290000915527344,120300
2023-01-10,42.38999938964844,42.97999954223633,41.65999984741211,42.81999969482422,191700
2023-01-11,42.939998626708984,43.029998779296875,42.560001373291016,43.0,224400
2023-01-12,43.220001220703125,43.709999084472656,43.029998779296875,43.70000076293945,258100
2023-01-13,43.290000915527344,44.13999938964844,42.880001068115234,44.0099983215332,192100
2023-01-17,44.22999954223633,45.02000045776367,43.40999984741211,43.75,185200
2023-01-18,43.70000076293945,43.70000076293945,42.25,42.36000061035156,151000
2023-01-19,42.529998779296875,42.529998779296875,41.68000030517578,41.97999954223633,144000
2023-01-20,42.439998626708984,42.7400016784668,41.91999816894531,42.470001220703125,186100
2023-01-23,42.33000183105469,42.7599983215332,41.91999816894531,42.36000061035156,198000
2023-01-24,42.220001220703125,42.220001220703125,37.119998931884766,37.599998474121094,560100
2023-01-25,37.45000076293945,37.65999984741211,36.70000076293945,37.08000183105469,288900
2023-01-26,37.2599983215332,37.369998931884766,36.56999969482422,37.09000015258789,272200
2023-01-27,37.099998474121094,38.150001525878906,37.04999923706055,37.790000915527344,180500
2023-01-30,37.72999954223633,38.63999938964844,37.65999984741211,38.2400016784668,181600
2023-01-31,38.33000183105469,39.36000061035156,38.0099983215332,39.310001373291016,190100
2023-02-01,39.04999923706055,40.20000076293945,38.56999969482422,39.86000061035156,295000
2023-02-02,39.90999984741211,41.119998931884766,39.65999984741211,41.08000183105469,195900
2023-02-03,40.900001525878906,41.599998474121094,40.86000061035156,41.34000015258789,187400
2023-02-06,41.22999954223633,41.33000183105469,40.20000076293945,40.81999969482422,158600
2023-02-07,40.63999938964844,41.20000076293945,40.34000015258789,41.0099983215332,153100
2023-02-08,40.779998779296875,41.189998626708984,40.5099983215332,41.02000045776367,135600
2023-02-09,41.189998626708984,41.20000076293945,40.099998474121094,40.18000030517578,133100
2023-02-10,40.06999969482422,40.72999954223633,40.06999969482422,40.61000061035156,135400
2023-02-13,40.4900016784668,40.83000183105469,40.40999984741211,40.65999984741211,145800
2023-02-14,40.779998779296875,40.779998779296875,39.90999984741211,40.02000045776367,114300
2023-02-15,39.7400016784668,40.9900016784668,39.7400016784668,40.93000030517578,170500
2023-02-16,40.72999954223633,40.93000030517578,40.34000015258789,40.650001525878906,117900
2023-02-17,40.720001220703125,41.099998474121094,40.45000076293945,40.939998626708984,181500
2023-02-21,40.779998779296875,41.290000915527344,40.38999938964844,40.61000061035156,206400
2023-02-22,40.560001373291016,40.70000076293945,40.099998474121094,40.279998779296875,219900
2023-02-23,40.36000061035156,41.130001068115234,40.189998626708984,40.7400016784668,191300
2023-02-24,40.470001220703125,40.619998931884766,40.189998626708984,40.619998931884766,124300
2023-02-27,40.70000076293945,41.22999954223633,40.47999954223633,40.66999816894531,174300
2023-02-28,40.4900016784668,40.939998626708984,40.209999084472656,40.59000015258789,166100
2023-03-01,40.43000030517578,40.529998779296875,39.95000076293945,40.22999954223633,116700
2023-03-02,40.060001373291016,40.34000015258789,39.47999954223633,39.83000183105469,106800
2023-03-03,39.91999816894531,40.11000061035156,39.52000045776367,39.91999816894531,116200
2023-03-06,39.880001068115234,39.880001068115234,38.52000045776367,38.790000915527344,221900
2023-03-07,38.72999954223633,38.72999954223633,37.720001220703125,37.79999923706055,159900
2023-03-08,37.900001525878906,38.43000030517578,37.58000183105469,38.380001068115234,155600
2023-03-09,38.22999954223633,38.22999954223633,36.68000030517578,36.959999084472656,265500
2023-03-10,36.560001373291016,37.61000061035156,35.560001373291016,37.09000015258789,372600
2023-03-13,35.86000061035156,37.72999954223633,33.529998779296875,35.38999938964844,452000
2023-03-14,37.58000183105469,38.439998626708984,35.08000183105469,35.369998931884766,358200
2023-03-15,34.13999938964844,35.810001373291016,33.81999969482422,35.34000015258789,333300
2023-03-16,34.83000183105469,37.970001220703125,34.7400016784668,37.209999084472656,284200
2023-03-17,36.40999984741211,36.720001220703125,34.689998626708984,35.2599983215332,669200
2023-03-20,35.75,36.439998626708984,34.75,34.79999923706055,331000
2023-03-21,35.45000076293945,36.5,35.45000076293945,35.84000015258789,308800
2023-03-22,35.83000183105469,35.88999938964844,34.040000915527344,34.13999938964844,203000
2023-03-23,34.400001525878906,34.400001525878906,33.33000183105469,33.61000061035156,246400
2023-03-24,33.459999084472656,34.900001525878906,33.0,34.81999969482422,199000
2023-03-27,35.439998626708984,35.7599983215332,34.959999084472656,35.29999923706055,196700
2023-03-28,35.18000030517578,35.45000076293945,34.5,34.880001068115234,141700
2023-03-29,35.220001220703125,35.470001220703125,33.939998626708984,34.459999084472656,170400
2023-03-30,34.66999816894531,34.66999816894531,33.279998779296875,33.529998779296875,109200
2023-03-31,33.709999084472656,34.130001068115234,33.25,33.709999084472656,339500
2023-04-03,33.83000183105469,34.11000061035156,33.20000076293945,33.5099983215332,168300
2023-04-04,33.75,33.79999923706055,32.099998474121094,32.65999984741211,163100
2023-04-05,32.33000183105469,32.880001068115234,32.04999923706055,32.56999969482422,324700
2023-04-06,32.779998779296875,33.279998779296875,32.52000045776367,33.11000061035156,146300
2023-04-10,32.90999984741211,33.810001373291016,32.90999984741211,33.459999084472656,229300
2023-04-11,33.72999954223633,33.869998931884766,33.31999969482422,33.540000915527344,152300
2023-04-12,33.689998626708984,33.81999969482422,33.189998626708984,33.36000061035156,135900
2023-04-13,33.279998779296875,34.11000061035156,33.040000915527344,33.83000183105469,173800
2023-04-14,34.279998779296875,34.470001220703125,32.970001220703125,33.68000030517578,361100
2023-04-17,33.52000045776367,34.08000183105469,33.02000045776367,34.0,190600
2023-04-18,33.97999954223633,33.97999954223633,32.630001068115234,32.7599983215332,122400
2023-04-19,32.849998474121094,33.93000030517578,32.7400016784668,33.619998931884766,173800
2023-04-20,33.40999984741211,33.65999984741211,33.040000915527344,33.290000915527344,135500
2023-04-21,33.15999984741211,33.20000076293945,32.59000015258789,33.15999984741211,142200
2023-04-24,32.95000076293945,33.75,32.95000076293945,33.2400016784668,117700
2023-04-25,33.27000045776367,34.18000030517578,32.34000015258789,32.52000045776367,189000
2023-04-26,32.77000045776367,32.959999084472656,31.780000686645508,32.209999084472656,133700
2023-04-27,32.189998626708984,32.400001525878906,31.790000915527344,32.060001373291016,145500
2023-04-28,32.040000915527344,32.849998474121094,31.989999771118164,32.2400016784668,185800
2023-05-01,32.209999084472656,32.650001525878906,31.739999771118164,31.8799991607666,140800
2023-05-02,31.739999771118164,31.739999771118164,29.40999984741211,29.549999237060547,326600
2023-05-03,29.68000030517578,30.90999984741211,29.670000076293945,29.81999969482422,245800
2023-05-04,29.15999984741211,29.639999389648438,27.530000686645508,29.31999969482422,306700
2023-05-05,30.170000076293945,31.8700008392334,29.979999542236328,31.729999542236328,299400
2023-05-08,31.969999313354492,32.09000015258789,31.3799991607666,31.8799991607666,320300
2023-05-09,31.670000076293945,32.90999984741211,31.260000228881836,32.43000030517578,273500
2023-05-10,32.90999984741211,32.90999984741211,31.799999237060547,32.38999938964844,180800
2023-05-11,32.02000045776367,32.33000183105469,31.549999237060547,31.93000030517578,157700
2023-05-12,31.989999771118164,32.4900016784668,31.68000030517578,32.45000076293945,224000
2023-05-15,32.58000183105469,33.52000045776367,32.33000183105469,33.2599983215332,194100
2023-05-16,33.34000015258789,33.68000030517578,32.84000015258789,32.84000015258789,177100
2023-05-17,33.29999923706055,35.560001373291016,33.29999923706055,35.349998474121094,288800
2023-05-18,35.2599983215332,35.529998779296875,34.709999084472656,35.310001373291016,157000
2023-05-19,35.779998779296875,35.95000076293945,34.04999923706055,34.290000915527344,178200
2023-05-22,34.599998474121094,35.540000915527344,34.2599983215332,35.310001373291016,145500
2023-05-23,35.279998779296875,36.470001220703125,35.20000076293945,35.4900016784668,170000
2023-05-24,35.290000915527344,35.400001525878906,34.619998931884766,34.630001068115234,136700
2023-05-25,34.45000076293945,35.08000183105469,34.2400016784668,34.689998626708984,163400
2023-05-26,34.630001068115234,35.08000183105469,34.130001068115234,34.880001068115234,113600
2023-05-30,34.90999984741211,34.95000076293945,34.279998779296875,34.7400016784668,115500
2023-05-31,34.290000915527344,34.43000030517578,33.11000061035156,33.54999923706055,151500
2023-06-01,33.75,34.779998779296875,33.29999923706055,34.36000061035156,159500
2023-06-02,34.86000061035156,36.900001525878906,34.599998474121094,36.72999954223633,231800
2023-06-05,36.58000183105469,36.630001068115234,34.70000076293945,35.06999969482422,174400
2023-06-06,34.16999816894531,36.7599983215332,34.16999816894531,35.7400016784668,249200
2023-06-07,36.06999969482422,37.279998779296875,35.779998779296875,36.81999969482422,250600
2023-06-08,36.689998626708984,36.81999969482422,35.66999816894531,36.619998931884766,140300
2023-06-09,36.61000061035156,36.61000061035156,35.61000061035156,36.0099983215332,127500
2023-06-12,35.970001220703125,36.45000076293945,35.02000045776367,35.22999954223633,145300
2023-06-13,35.22999954223633,35.790000915527344,34.79999923706055,35.689998626708984,173900
2023-06-14,35.65999984741211,35.90999984741211,34.40999984741211,34.59000015258789,211900
2023-06-15,34.38999938964844,35.31999969482422,34.38999938964844,35.029998779296875,200400
2023-06-16,35.31999969482422,35.31999969482422,33.84000015258789,34.029998779296875,652100
2023-06-20,34.04999923706055,34.13999938964844,33.529998779296875,33.880001068115234,143300
2023-06-21,33.75,33.880001068115234,33.279998779296875,33.290000915527344,126800
2023-06-22,33.220001220703125,33.220001220703125,31.959999084472656,32.040000915527344,199900
2023-06-23,31.690000534057617,32.209999084472656,31.56999969482422,32.09000015258789,374100
2023-06-26,32.099998474121094,32.810001373291016,31.979999542236328,31.989999771118164,190700
2023-06-27,32.04999923706055,32.459999084472656,31.770000457763672,31.989999771118164,113400
2023-06-28,32.02000045776367,32.25,31.639999389648438,32.119998931884766,111900
2023-06-29,32.41999816894531,33.0,32.380001068115234,32.439998626708984,94900
2023-06-30,32.75,32.75,31.84000015258789,31.850000381469727,193500
2023-07-03,32.0,32.47999954223633,32.0,32.45000076293945,76200
2023-07-05,32.380001068115234,32.380001068115234,31.780000686645508,31.889999389648438,157900
2023-07-06,31.579999923706055,31.729999542236328,31.149999618530273,31.540000915527344,212100
2023-07-07,31.600000381469727,32.380001068115234,31.100000381469727,32.0099983215332,168400
2023-07-10,32.029998779296875,32.7400016784668,31.8700008392334,32.349998474121094,172800
2023-07-11,33.06999969482422,33.15999984741211,32.380001068115234,32.77000045776367,190800
2023-07-12,33.369998931884766,33.84000015258789,32.90999984741211,32.959999084472656,236100
2023-07-13,33.15999984741211,33.5,32.939998626708984,33.310001373291016,273700
2023-07-14,33.369998931884766,33.369998931884766,32.560001373291016,33.029998779296875,155700
2023-07-17,33.02000045776367,33.70000076293945,33.02000045776367,33.529998779296875,199500
2023-07-18,33.58000183105469,34.880001068115234,33.5,34.72999954223633,157100
2023-07-19,34.90999984741211,35.619998931884766,34.56999969482422,35.529998779296875,199500
2023-07-20,35.540000915527344,35.81999969482422,34.9900016784668,35.790000915527344,170500
2023-07-21,36.04999923706055,36.04999923706055,35.310001373291016,35.380001068115234,127800
2023-07-24,35.27000045776367,36.560001373291016,35.27000045776367,36.150001525878906,135900
2023-07-25,36.130001068115234,36.40999984741211,35.779998779296875,35.95000076293945,128100
2023-07-26,36.310001373291016,37.66999816894531,36.25,37.380001068115234,194100
2023-07-27,37.400001525878906,37.84000015258789,37.18000030517578,37.52000045776367,189700
2023-07-28,37.849998474121094,38.11000061035156,37.38999938964844,37.900001525878906,121300
2023-07-31,37.7599983215332,38.02000045776367,37.029998779296875,37.20000076293945,216000
2023-08-01,37.2400016784668,37.540000915527344,36.15999984741211,37.5,201200
2023-08-02,37.189998626708984,37.459999084472656,36.25,37.13999938964844,139100
2023-08-03,37.04999923706055,37.619998931884766,36.7599983215332,37.150001525878906,97200
2023-08-04,37.0099983215332,37.47999954223633,36.869998931884766,37.189998626708984,95100
2023-08-07,37.150001525878906,37.689998626708984,36.939998626708984,37.470001220703125,151700
2023-08-08,36.81999969482422,37.16999816894531,35.970001220703125,36.900001525878906,237300
2023-08-09,36.70000076293945,36.790000915527344,36.31999969482422,36.650001525878906,248400
2023-08-10,36.81999969482422,37.279998779296875,36.630001068115234,36.77000045776367,303400
2023-08-11,36.709999084472656,38.0099983215332,36.63999938964844,37.40999984741211,1732800
2023-08-14,37.15999984741211,37.290000915527344,36.709999084472656,37.189998626708984,245600
2023-08-15,37.029998779296875,37.68000030517578,36.09000015258789,36.2599983215332,250100
2023-08-16,36.189998626708984,36.45000076293945,35.43000030517578,35.54999923706055,272400
2023-08-17,35.72999954223633,36.7599983215332,35.459999084472656,35.63999938964844,210800
2023-08-18,35.34000015258789,36.2599983215332,35.34000015258789,36.02000045776367,283000
2023-08-21,36.060001373291016,36.16999816894531,35.36000061035156,35.5099983215332,200500
2023-08-22,35.529998779296875,35.79999923706055,34.290000915527344,34.38999938964844,179800
2023-08-23,34.27000045776367,34.630001068115234,34.06999969482422,34.220001220703125,140300
2023-08-24,34.09000015258789,34.849998474121094,33.900001525878906,34.279998779296875,164500
2023-08-25,34.459999084472656,34.880001068115234,33.81999969482422,34.220001220703125,109300
2023-08-28,34.36000061035156,34.91999816894531,34.36000061035156,34.63999938964844,123900
2023-08-29,34.560001373291016,34.869998931884766,34.33000183105469,34.540000915527344,114100
2023-08-30,34.4900016784668,34.560001373291016,34.099998474121094,34.15999984741211,104900
2023-08-31,33.970001220703125,34.849998474121094,33.7599983215332,34.41999816894531,185300
2023-09-01,34.529998779296875,35.130001068115234,34.529998779296875,34.779998779296875,127100
2023-09-05,34.61000061035156,34.61000061035156,33.470001220703125,33.72999954223633,168000
2023-09-06,33.84000015258789,34.08000183105469,33.08000183105469,33.16999816894531,127100
2023-09-07,33.119998931884766,33.29999923706055,32.619998931884766,32.72999954223633,133700
2023-09-08,32.900001525878906,32.97999954223633,32.380001068115234,32.75,102900
2023-09-11,32.79999923706055,33.0,32.349998474121094,32.380001068115234,136700
2023-09-12,32.4900016784668,32.7599983215332,32.08000183105469,32.7400016784668,153800
2023-09-13,32.88999938964844,32.88999938964844,32.34000015258789,32.540000915527344,170600
2023-09-14,32.86000061035156,33.15999984741211,32.52000045776367,33.0099983215332,189900
2023-09-15,33.0,33.22999954223633,32.540000915527344,32.79999923706055,671100
2023-09-18,32.88999938964844,32.939998626708984,31.93000030517578,31.950000762939453,161400
2023-09-19,32.08000183105469,32.279998779296875,31.56999969482422,31.690000534057617,159000
2023-09-20,31.829999923706055,32.0,31.209999084472656,31.260000228881836,117600
2023-09-21,31.079999923706055,31.450000762939453,30.90999984741211,30.989999771118164,148100
2023-09-22,31.030000686645508,31.610000610351562,30.510000228881836,30.829999923706055,141900
2023-09-25,30.75,31.030000686645508,30.549999237060547,30.690000534057617,147200
2023-09-26,30.31999969482422,31.149999618530273,30.309999465942383,30.68000030517578,196900
2023-09-27,30.75,31.209999084472656,30.6200008392334,30.799999237060547,186300
2023-09-28,30.809999465942383,31.84000015258789,30.809999465942383,31.450000762939453,513200
2023-09-29,31.649999618530273,32.04999923706055,31.56999969482422,31.690000534057617,222500
2023-10-02,31.59000015258789,32.09000015258789,31.399999618530273,31.81999969482422,377500
2023-10-03,31.59000015258789,32.25,31.059999465942383,31.729999542236328,215800
2023-10-04,31.549999237060547,32.25,31.489999771118164,32.060001373291016,162500
2023-10-05,32.0099983215332,32.709999084472656,32.0099983215332,32.65999984741211,193800
2023-10-06,32.29999923706055,33.0,31.899999618530273,32.650001525878906,164600
2023-10-09,32.43000030517578,32.959999084472656,32.189998626708984,32.77000045776367,122800
2023-10-10,32.970001220703125,33.36000061035156,32.900001525878906,32.91999816894531,122900
2023-10-11,32.91999816894531,33.41999816894531,32.720001220703125,33.02000045776367,92400
2023-10-12,32.939998626708984,32.9900016784668,32.540000915527344,32.939998626708984,119500
2023-10-13,33.16999816894531,33.310001373291016,32.349998474121094,32.54999923706055,156300
2023-10-16,32.709999084472656,33.189998626708984,31.940000534057617,33.11000061035156,153200
2023-10-17,32.97999954223633,34.16999816894531,32.97999954223633,33.81999969482422,178200
2023-10-18,33.54999923706055,33.54999923706055,33.150001525878906,33.2599983215332,134900
2023-10-19,33.310001373291016,33.4900016784668,32.779998779296875,32.810001373291016,221300
2023-10-20,32.95000076293945,32.95000076293945,31.18000030517578,31.200000762939453,247000
2023-10-23,30.950000762939453,31.889999389648438,30.950000762939453,31.3700008392334,190200
2023-10-24,31.510000228881836,31.510000228881836,30.360000610351562,30.40999984741211,138600
2023-10-25,31.6299991607666,32.90999984741211,31.190000534057617,32.72999954223633,210500
2023-10-26,32.84000015258789,33.599998474121094,32.470001220703125,33.45000076293945,213700
2023-10-27,33.470001220703125,33.470001220703125,32.5,33.099998474121094,182300
2023-10-30,33.470001220703125,33.72999954223633,33.15999984741211,33.5,86000
2023-10-31,33.41999816894531,33.63999938964844,33.189998626708984,33.470001220703125,119100
2023-11-01,33.41999816894531,33.75,33.130001068115234,33.59000015258789,100400
2023-11-02,33.75,35.09000015258789,33.75,34.9900016784668,148700
2023-11-03,35.77000045776367,36.5,35.77000045776367,35.90999984741211,153000
2023-11-06,35.880001068115234,36.16999816894531,35.45000076293945,35.939998626708984,99400
2023-11-07,35.7599983215332,35.77000045776367,35.31999969482422,35.459999084472656,109300
2023-11-08,35.59000015258789,35.59000015258789,34.290000915527344,34.66999816894531,102400
2023-11-09,34.7599983215332,35.09000015258789,34.150001525878906,34.459999084472656,114700
2023-11-10,34.68000030517578,34.68000030517578,34.08000183105469,34.27000045776367,94700
2023-11-13,34.06999969482422,34.58000183105469,33.779998779296875,34.54999923706055,81200
2023-11-14,35.720001220703125,37.15999984741211,35.06999969482422,37.11000061035156,202600
2023-11-15,36.939998626708984,37.75,36.900001525878906,37.04999923706055,120600
2023-11-16,37.11000061035156,37.11000061035156,36.060001373291016,36.40999984741211,94300
2023-11-17,36.7400016784668,36.97999954223633,36.43000030517578,36.5,145200
2023-11-20,36.47999954223633,36.58000183105469,36.099998474121094,36.220001220703125,90600
2023-11-21,36.16999816894531,36.16999816894531,35.54999923706055,35.959999084472656,109600
2023-11-22,36.22999954223633,36.40999984741211,35.7599983215332,35.970001220703125,66500
2023-11-24,36.13999938964844,36.22999954223633,35.689998626708984,36.06999969482422,34800
2023-11-27,35.880001068115234,36.16999816894531,35.7400016784668,36.06999969482422,98900
2023-11-28,35.939998626708984,36.2599983215332,35.599998474121094,35.849998474121094,118700
2023-11-29,36.0099983215332,36.52000045776367,35.880001068115234,36.130001068115234,130800
2023-11-30,36.09000015258789,36.11000061035156,35.150001525878906,35.529998779296875,213500
2023-12-01,35.400001525878906,37.29999923706055,35.310001373291016,37.130001068115234,165300
2023-12-04,36.849998474121094,38.15999984741211,36.849998474121094,38.029998779296875,158400
2023-12-05,37.9900016784668,38.150001525878906,37.52000045776367,37.810001373291016,105100
2023-12-06,38.13999938964844,39.0,37.7400016784668,37.7400016784668,133100
2023-12-07,38.0,38.650001525878906,37.83000183105469,38.58000183105469,120800
2023-12-08,38.599998474121094,39.029998779296875,38.2400016784668,38.970001220703125,120800
2023-12-11,39.150001525878906,39.2599983215332,38.75,38.970001220703125,131000
2023-12-12,38.90999984741211,38.90999984741211,38.38999938964844,38.43000030517578,100900
2023-12-13,38.52000045776367,40.65999984741211,38.36000061035156,40.58000183105469,247100
2023-12-14,41.4900016784668,42.27000045776367,41.09000015258789,41.459999084472656,258400
2023-12-15,41.790000915527344,42.02000045776367,41.290000915527344,41.459999084472656,1558300
2023-12-18,41.68000030517578,41.79999923706055,40.86000061035156,41.11000061035156,155800
2023-12-19,41.220001220703125,42.20000076293945,41.220001220703125,41.650001525878906,191700
2023-12-20,41.56999969482422,43.380001068115234,41.47999954223633,42.060001373291016,395900
2023-12-21,42.25,42.2599983215332,41.52000045776367,42.20000076293945,155700
2023-12-22,42.599998474121094,43.09000015258789,42.470001220703125,42.560001373291016,130300
2023-12-26,42.79999923706055,43.619998931884766,42.79999923706055,43.380001068115234,121500
2023-12-27,43.54999923706055,43.77000045776367,43.029998779296875,43.290000915527344,127400
2023-12-28,43.189998626708984,43.290000915527344,42.709999084472656,43.04999923706055,111300
2023-12-29,42.84000015258789,42.900001525878906,41.810001373291016,41.90999984741211,158100
2024-01-02,41.61000061035156,42.869998931884766,41.61000061035156,42.20000076293945,123800
2024-01-03,42.06999969482422,42.06999969482422,40.56999969482422,40.650001525878906,204800
2024-01-04,40.88999938964844,41.25,40.619998931884766,40.70000076293945,127000
2024-01-05,40.380001068115234,40.959999084472656,40.369998931884766,40.5,116700
2024-01-08,40.5,40.95000076293945,40.33000183105469,40.900001525878906,119400
2024-01-09,40.380001068115234,40.52000045776367,39.90999984741211,40.36000061035156,103600
2024-01-10,40.060001373291016,40.5,39.88999938964844,40.310001373291016,101000
2024-01-11,40.02000045776367,40.029998779296875,39.16999816894531,39.93000030517578,285800
2024-01-12,40.18000030517578,40.34000015258789,39.27000045776367,39.7400016784668,91900
2024-01-16,39.25,39.560001373291016,38.709999084472656,38.86000061035156,188000
2024-01-17,38.11000061035156,39.2400016784668,38.11000061035156,38.790000915527344,166400
2024-01-18,38.90999984741211,39.470001220703125,38.290000915527344,38.650001525878906,107600
2024-01-19,38.93000030517578,39.529998779296875,38.38999938964844,39.5099983215332,146200
2024-01-22,39.84000015258789,40.849998474121094,39.59000015258789,40.779998779296875,181800
2024-01-23,41.060001373291016,41.060001373291016,39.13999938964844,39.220001220703125,218700
2024-01-24,39.34000015258789,40.2599983215332,37.36000061035156,37.93000030517578,249400
2024-01-25,38.25,38.29999923706055,36.61000061035156,36.97999954223633,217400
2024-01-26,37.4900016784668,37.619998931884766,36.810001373291016,37.0,174300
2024-01-29,37.29999923706055,37.970001220703125,37.06999969482422,37.959999084472656,229100
2024-01-30,37.84000015258789,38.0,37.060001373291016,37.09000015258789,183200
2024-01-31,36.619998931884766,37.439998626708984,35.529998779296875,35.56999969482422,283700
2024-02-01,35.84000015258789,36.040000915527344,34.119998931884766,34.84000015258789,251600
2024-02-02,34.20000076293945,34.709999084472656,34.130001068115234,34.47999954223633,188700
2024-02-05,34.130001068115234,34.52000045776367,33.439998626708984,33.970001220703125,238300
2024-02-06,33.849998474121094,34.540000915527344,33.5,33.7599983215332,389900
2024-02-07,33.900001525878906,34.099998474121094,33.099998474121094,33.709999084472656,228400
2024-02-08,33.66999816894531,33.88999938964844,33.189998626708984,33.59000015258789,190700
2024-02-09,33.599998474121094,34.4900016784668,33.310001373291016,34.27000045776367,217600
2024-02-12,34.27000045776367,35.529998779296875,34.27000045776367,35.11000061035156,204300
2024-02-13,34.150001525878906,34.470001220703125,33.2400016784668,33.70000076293945,327100
2024-02-14,34.529998779296875,34.900001525878906,34.130001068115234,34.65999984741211,234900
2024-02-15,34.810001373291016,35.95000076293945,34.72999954223633,35.630001068115234,163900
2024-02-16,35.279998779296875,35.61000061035156,34.86000061035156,35.11000061035156,167500
2024-02-20,34.689998626708984,35.36000061035156,34.630001068115234,34.75,124200
2024-02-21,34.650001525878906,34.66999816894531,34.20000076293945,34.290000915527344,175300
2024-02-22,34.130001068115234,34.400001525878906,33.65999984741211,34.29999923706055,192900
2024-02-23,34.2599983215332,34.79999923706055,34.0,34.38999938964844,120700
2024-02-26,34.310001373291016,34.54999923706055,33.65999984741211,33.66999816894531,122100
2024-02-27,33.900001525878906,34.15999984741211,33.540000915527344,33.779998779296875,122700
2024-02-28,33.40999984741211,33.91999816894531,33.349998474121094,33.79999923706055,116700
2024-02-29,34.150001525878906,34.709999084472656,33.959999084472656,34.38999938964844,208500
2024-03-01,34.209999084472656,34.400001525878906,33.56999969482422,34.36000061035156,147000
2024-03-04,34.439998626708984,35.209999084472656,34.189998626708984,34.33000183105469,197400
2024-03-05,34.279998779296875,35.560001373291016,34.279998779296875,35.4900016784668,197300
2024-03-06,35.5099983215332,35.91999816894531,34.619998931884766,35.13999938964844,165100
2024-03-07,35.59000015258789,35.79999923706055,35.040000915527344,35.22999954223633,139000
2024-03-08,35.7599983215332,35.7599983215332,34.970001220703125,35.09000015258789,100500
2024-03-11,35.0,35.47999954223633,35.0,35.16999816894531,112100
2024-03-12,34.849998474121094,35.18000030517578,34.2400016784668,34.2599983215332,123700
2024-03-13,34.099998474121094,34.65999984741211,34.0099983215332,34.20000076293945,141400
2024-03-14,34.09000015258789,34.099998474121094,32.9900016784668,33.220001220703125,165400
2024-03-15,33.13999938964844,34.08000183105469,33.13999938964844,33.970001220703125,658200
2024-03-18,33.91999816894531,34.5,33.33000183105469,33.369998931884766,156500
2024-03-19,33.11000061035156,33.709999084472656,33.06999969482422,33.130001068115234,152300
2024-03-20,32.849998474121094,34.650001525878906,32.790000915527344,34.290000915527344,139400
2024-03-21,35.099998474121094,36.119998931884766,35.099998474121094,35.900001525878906,388200
2024-03-22,36.099998474121094,36.220001220703125,35.209999084472656,35.56999969482422,510100
2024-03-25,35.56999969482422,36.08000183105469,35.54999923706055,35.849998474121094,208300
2024-03-26,36.209999084472656,36.27000045776367,35.439998626708984,35.56999969482422,734400
2024-03-27,35.0,36.83000183105469,34.939998626708984,36.7400016784668,531100
2024-03-28,36.529998779296875,36.84000015258789,36.189998626708984,36.68000030517578,427100
2024-04-01,36.63999938964844,36.63999938964844,35.779998779296875,36.0,364600
2024-04-02,35.52000045776367,35.619998931884766,35.130001068115234,35.61000061035156,241400
2024-04-03,35.369998931884766,35.779998779296875,34.95000076293945,35.5,262500
2024-04-04,35.939998626708984,36.060001373291016,35.09000015258789,35.34000015258789,227700
2024-04-05,35.02000045776367,35.83000183105469,34.689998626708984,35.70000076293945,260700
2024-04-08,35.689998626708984,36.15999984741211,35.61000061035156,35.75,193000
2024-04-09,35.959999084472656,36.209999084472656,35.790000915527344,36.11000061035156,89900
2024-04-10,35.15999984741211,35.15999984741211,33.720001220703125,34.06999969482422,282500
2024-04-11,34.209999084472656,34.310001373291016,33.720001220703125,33.9900016784668,144800
2024-04-12,33.63999938964844,34.119998931884766,33.52000045776367,33.86000061035156,149400
2024-04-15,33.75,34.20000076293945,33.15999984741211,33.5099983215332,135600
2024-04-16,33.209999084472656,33.349998474121094,32.93000030517578,33.09000015258789,125900
2024-04-17,33.400001525878906,33.58000183105469,33.0,33.02000045776367,113200
2024-04-18,33.040000915527344,33.529998779296875,33.040000915527344,33.290000915527344,169600
2024-04-19,33.15999984741211,34.66999816894531,33.11000061035156,34.61000061035156,180100
2024-04-22,34.59000015258789,35.0099983215332,34.5,34.790000915527344,137800
2024-04-23,35.599998474121094,36.5099983215332,34.70000076293945,36.02000045776367,226100
2024-04-24,35.31999969482422,35.9900016784668,35.099998474121094,35.900001525878906,175100
2024-04-25,35.4900016784668,35.86000061035156,35.09000015258789,35.7400016784668,179000
2024-04-26,35.65999984741211,36.16999816894531,35.5,35.970001220703125,96700
2024-04-29,36.0,36.119998931884766,35.2599983215332,35.27000045776367,130400
2024-04-30,35.130001068115234,35.2400016784668,34.7400016784668,35.0099983215332,161000
2024-05-01,35.2599983215332,36.779998779296875,34.7599983215332,36.209999084472656,170100
2024-05-02,36.439998626708984,36.7599983215332,36.209999084472656,36.52000045776367,182100
2024-05-03,37.060001373291016,37.290000915527344,36.459999084472656,36.88999938964844,157400
2024-05-06,37.2400016784668,37.54999923706055,37.04999923706055,37.220001220703125,158400
2024-05-07,37.2400016784668,37.540000915527344,37.029998779296875,37.029998779296875,120500
2024-05-08,36.599998474121094,37.36000061035156,36.54999923706055,37.2599983215332,112300
2024-05-09,37.18000030517578,37.75,35.060001373291016,37.70000076293945,129400
2024-05-10,37.66999816894531,37.900001525878906,37.2400016784668,37.7400016784668,152400
2024-05-13,38.0,38.09000015258789,37.400001525878906,37.439998626708984,126500
2024-05-14,37.900001525878906,37.939998626708984,37.38999938964844,37.630001068115234,87000
2024-05-15,38.04999923706055,38.08000183105469,37.54999923706055,37.9900016784668,119300
2024-05-16,37.7599983215332,38.16999816894531,37.66999816894531,37.81999969482422,139500
2024-05-17,37.970001220703125,38.58000183105469,37.900001525878906,38.25,164000
2024-05-20,38.36000061035156,38.72999954223633,38.099998474121094,38.279998779296875,180300
2024-05-21,38.04999923706055,38.52000045776367,38.040000915527344,38.38999938964844,132900
2024-05-22,38.220001220703125,38.630001068115234,37.880001068115234,38.08000183105469,175800
2024-05-23,38.290000915527344,38.529998779296875,36.72999954223633,37.02000045776367,149200
2024-05-24,37.310001373291016,37.47999954223633,36.560001373291016,37.0,138600
2024-05-28,37.13999938964844,37.15999984741211,36.400001525878906,36.540000915527344,117200
2024-05-29,35.790000915527344,35.970001220703125,35.560001373291016,35.81999969482422,121800
2024-05-30,36.34000015258789,36.810001373291016,36.09000015258789,36.709999084472656,128700
2024-05-31,36.83000183105469,37.380001068115234,36.83000183105469,37.18000030517578,176900
2024-06-03,37.09000015258789,37.09000015258789,35.0,36.09000015258789,120300
2024-06-04,35.79999923706055,36.0,35.38999938964844,35.630001068115234,99400
2024-06-05,35.93000030517578,35.970001220703125,35.52000045776367,35.81999969482422,85100
2024-06-06,35.68000030517578,36.06999969482422,35.529998779296875,36.0,77400
2024-06-07,35.599998474121094,35.970001220703125,35.5,35.900001525878906,84300
2024-06-10,35.459999084472656,35.459999084472656,34.470001220703125,35.06999969482422,200600
2024-06-11,34.79999923706055,35.31999969482422,34.5,35.0099983215332,175100
2024-06-12,36.04999923706055,36.970001220703125,35.25,36.220001220703125,257200
2024-06-13,36.150001525878906,36.209999084472656,35.529998779296875,35.95000076293945,176700
2024-06-14,35.65999984741211,35.90999984741211,35.27000045776367,35.45000076293945,120900
2024-06-17,35.45000076293945,36.119998931884766,35.20000076293945,36.08000183105469,157800
2024-06-18,35.939998626708984,36.43000030517578,35.939998626708984,36.209999084472656,152400
2024-06-20,35.97999954223633,36.59000015258789,35.619998931884766,35.79999923706055,122900
2024-06-21,35.900001525878906,36.220001220703125,35.540000915527344,36.20000076293945,714600
2024-06-24,36.15999984741211,37.290000915527344,36.15999984741211,37.13999938964844,214900
2024-06-25,36.90999984741211,37.380001068115234,36.4900016784668,36.52000045776367,158700
2024-06-26,36.20000076293945,37.099998474121094,36.13999938964844,36.97999954223633,125800
2024-06-27,37.119998931884766,37.7400016784668,36.86000061035156,37.68000030517578,151300
2024-06-28,38.099998474121094,39.08000183105469,37.93000030517578,38.599998474121094,914100
2024-07-01,38.599998474121094,38.95000076293945,37.97999954223633,38.11000061035156,155700
2024-07-02,38.040000915527344,38.880001068115234,38.040000915527344,38.689998626708984,149900
2024-07-03,38.79999923706055,38.79999923706055,38.06999969482422,38.08000183105469,94600
2024-07-05,37.97999954223633,38.279998779296875,37.400001525878906,37.75,132300
2024-07-08,38.04999923706055,38.61000061035156,37.66999816894531,38.099998474121094,253800
2024-07-09,38.04999923706055,38.79999923706055,37.34000015258789,38.77000045776367,151700
2024-07-10,38.93000030517578,39.7400016784668,38.79999923706055,39.70000076293945,214800
2024-07-11,40.369998931884766,41.58000183105469,39.709999084472656,41.34000015258789,301000
2024-07-12,41.7599983215332,42.279998779296875,41.060001373291016,41.61000061035156,234400
2024-07-15,42.11000061035156,43.52000045776367,41.150001525878906,43.08000183105469,292200
2024-07-16,43.43000030517578,44.939998626708984,42.880001068115234,44.70000076293945,369600
2024-07-17,44.08000183105469,45.97999954223633,43.72999954223633,45.66999816894531,338400
2024-07-18,45.439998626708984,46.38999938964844,44.939998626708984,45.40999984741211,538500
2024-07-19,45.41999816894531,46.11000061035156,45.11000061035156,45.220001220703125,200800
2024-07-22,44.72999954223633,46.060001373291016,44.47999954223633,45.869998931884766,206300
2024-07-23,45.91999816894531,50.84000015258789,45.619998931884766,49.59000015258789,735500
2024-07-24,48.70000076293945,49.88999938964844,48.119998931884766,48.290000915527344,345400
2024-07-25,47.47999954223633,49.84000015258789,46.599998474121094,49.380001068115234,373000
2024-07-26,49.790000915527344,50.36000061035156,48.810001373291016,49.84000015258789,192500
2024-07-29,49.52000045776367,49.68000030517578,48.36000061035156,48.54999923706055,175300
2024-07-30,48.88999938964844,49.310001373291016,48.52000045776367,49.15999984741211,139600
2024-07-31,49.27000045776367,50.41999816894531,48.7599983215332,49.02000045776367,182500
2024-08-01,48.81999969482422,48.91999816894531,46.349998474121094,46.869998931884766,230400
2024-08-02,45.310001373291016,46.13999938964844,44.529998779296875,45.59000015258789,256900
2024-08-05,43.369998931884766,45.529998779296875,42.5099983215332,44.540000915527344,234800
2024-08-06,44.45000076293945,45.02000045776367,44.16999816894531,44.54999923706055,125100
2024-08-07,45.150001525878906,45.310001373291016,43.93000030517578,44.11000061035156,146200
2024-08-08,44.9900016784668,44.9900016784668,44.04999923706055,44.849998474121094,104600
2024-08-09,44.7599983215332,44.91999816894531,44.040000915527344,44.5,125000
2024-08-12,44.9900016784668,45.099998474121094,43.540000915527344,43.88999938964844,91200
2024-08-13,44.40999984741211,44.9900016784668,43.630001068115234,44.84000015258789,150400
2024-08-14,45.22999954223633,45.22999954223633,44.0,44.4900016784668,98300
2024-08-15,45.58000183105469,46.220001220703125,45.02000045776367,45.40999984741211,145800
2024-08-16,45.349998474121094,46.779998779296875,44.83000183105469,46.47999954223633,187500
2024-08-19,46.470001220703125,46.9900016784668,46.22999954223633,46.970001220703125,118600
2024-08-20,47.02000045776367,47.02000045776367,45.959999084472656,45.970001220703125,139400
2024-08-21,46.43000030517578,46.720001220703125,45.7400016784668,46.29999923706055,102100
2024-08-22,46.34000015258789,46.720001220703125,46.04999923706055,46.470001220703125,90800
2024-08-23,46.86000061035156,49.720001220703125,46.27000045776367,49.119998931884766,226300
2024-08-26,49.63999938964844,49.72999954223633,48.650001525878906,48.689998626708984,164600
2024-08-27,48.209999084472656,48.68000030517578,47.689998626708984,48.0099983215332,128900
2024-08-28,47.630001068115234,48.91999816894531,47.630001068115234,48.66999816894531,123700
2024-08-29,48.900001525878906,49.33000183105469,48.18000030517578,48.959999084472656,173400
2024-08-30,48.88999938964844,49.209999084472656,48.279998779296875,48.959999084472656,178300
2024-09-03,48.61000061035156,49.83000183105469,47.40999984741211,48.2400016784668,292800
2024-09-04,48.060001373291016,48.66999816894531,46.58000183105469,47.54999923706055,132300
2024-09-05,47.86000061035156,47.900001525878906,46.75,47.099998474121094,137800
2024-09-06,47.290000915527344,47.47999954223633,46.2599983215332,46.279998779296875,105800
2024-09-09,46.27000045776367,46.5,45.75,45.95000076293945,151500
2024-09-10,45.0,45.20000076293945,43.689998626708984,44.93000030517578,528100
2024-09-11,44.5,44.790000915527344,43.11000061035156,43.790000915527344,277800
2024-09-12,44.20000076293945,44.40999984741211,43.5099983215332,44.040000915527344,288200
2024-09-13,44.65999984741211,45.2400016784668,44.369998931884766,44.83000183105469,326700
2024-09-16,44.97999954223633,45.34000015258789,44.029998779296875,45.08000183105469,287300
2024-09-17,45.650001525878906,46.18000030517578,44.900001525878906,44.939998626708984,219100
2024-09-18,45.130001068115234,46.79999923706055,44.529998779296875,45.18000030517578,307000
2024-09-19,46.099998474121094,46.400001525878906,45.369998931884766,46.150001525878906,298500
2024-09-20,45.880001068115234,46.04999923706055,44.97999954223633,45.22999954223633,959300
2024-09-23,45.22999954223633,45.5099983215332,44.83000183105469,45.02000045776367,190500
2024-09-24,45.06999969482422,45.2400016784668,44.150001525878906,44.279998779296875,146100
2024-09-25,44.400001525878906,44.400001525878906,43.81999969482422,43.849998474121094,151500
2024-09-26,44.459999084472656,45.45000076293945,43.63999938964844,43.790000915527344,160000
2024-09-27,44.290000915527344,44.290000915527344,43.20000076293945,43.5099983215332,274900
2024-09-30,43.5,44.470001220703125,43.5,44.22999954223633,216600
2024-10-01,43.91999816894531,44.61000061035156,42.790000915527344,43.33000183105469,218500
2024-10-02,42.970001220703125,43.650001525878906,42.47999954223633,42.63999938964844,170800
2024-10-03,42.599998474121094,42.869998931884766,42.15999984741211,42.75,265800
2024-10-04,43.369998931884766,43.560001373291016,42.95000076293945,43.2400016784668,167300
2024-10-07,42.959999084472656,43.099998474121094,42.5099983215332,42.86000061035156,153700
2024-10-08,43.08000183105469,43.310001373291016,42.619998931884766,43.099998474121094,151100
2024-10-09,43.16999816894531,44.060001373291016,43.11000061035156,43.66999816894531,174700
2024-10-10,43.2400016784668,43.58000183105469,42.880001068115234,43.560001373291016,124500
2024-10-11,43.72999954223633,45.279998779296875,43.72999954223633,44.93000030517578,129700
2024-10-14,44.939998626708984,45.52000045776367,44.63999938964844,45.369998931884766,114400
2024-10-15,45.5099983215332,46.599998474121094,45.0,45.619998931884766,287900
2024-10-16,46.099998474121094,46.599998474121094,45.88999938964844,46.130001068115234,201300
2024-10-17,46.189998626708984,46.63999938964844,45.9900016784668,46.4900016784668,223500
2024-10-18,46.470001220703125,46.470001220703125,45.68000030517578,45.709999084472656,153600
2024-10-21,45.619998931884766,45.619998931884766,43.84000015258789,43.959999084472656,128600
2024-10-22,43.93000030517578,44.31999969482422,43.630001068115234,44.29999923706055,100300
2024-10-23,43.970001220703125,44.540000915527344,43.900001525878906,44.380001068115234,99300
2024-10-24,44.45000076293945,44.5099983215332,43.5,44.43000030517578,154800
2024-10-25,44.470001220703125,44.4900016784668,43.41999816894531,43.58000183105469,151600
2024-10-28,44.11000061035156,45.400001525878906,43.880001068115234,45.18000030517578,192700
2024-10-29,44.790000915527344,46.0099983215332,44.630001068115234,45.290000915527344,261200
2024-10-30,45.060001373291016,46.209999084472656,45.060001373291016,45.470001220703125,258100
2024-10-31,45.369998931884766,45.68000030517578,44.470001220703125,44.47999954223633,141500
2024-11-01,44.58000183105469,44.970001220703125,44.27000045776367,44.560001373291016,151300
2024-11-04,44.310001373291016,44.56999969482422,43.5,43.83000183105469,170000
2024-11-05,43.869998931884766,44.939998626708984,43.869998931884766,44.93000030517578,173100
2024-11-06,48.97999954223633,51.220001220703125,47.4900016784668,50.790000915527344,659100
2024-11-07,50.099998474121094,50.869998931884766,48.25,48.560001373291016,353600
2024-11-08,48.900001525878906,49.79999923706055,48.2599983215332,49.38999938964844,214100
2024-11-11,50.63999938964844,51.72999954223633,50.29999923706055,50.599998474121094,268900
2024-11-12,50.59000015258789,51.45000076293945,50.029998779296875,50.529998779296875,242200
2024-11-13,51.36000061035156,51.93000030517578,50.20000076293945,50.31999969482422,255200
2024-11-14,50.7400016784668,50.779998779296875,49.27000045776367,49.630001068115234,131600
2024-11-15,49.84000015258789,49.84000015258789,48.59000015258789,49.2599983215332,223300
2024-11-18,49.369998931884766,49.66999816894531,48.900001525878906,48.93000030517578,127100
2024-11-19,48.16999816894531,48.9900016784668,48.16999816894531,48.81999969482422,122900
2024-11-20,48.75,48.849998474121094,48.16999816894531,48.7400016784668,100200
2024-11-21,48.900001525878906,50.040000915527344,48.849998474121094,49.33000183105469,150900
2024-11-22,49.849998474121094,50.59000015258789,49.720001220703125,50.45000076293945,165300
2024-11-25,51.34000015258789,52.310001373291016,50.91999816894531,50.9900016784668,284200
2024-11-26,50.59000015258789,50.810001373291016,49.7400016784668,50.119998931884766,126100
2024-11-27,50.689998626708984,50.900001525878906,50.0,50.08000183105469,107100
2024-11-29,50.58000183105469,50.880001068115234,49.56999969482422,50.119998931884766,150300
2024-12-02,49.91999816894531,50.380001068115234,49.31999969482422,49.86000061035156,211000
2024-12-03,49.869998931884766,50.34000015258789,48.959999084472656,49.02000045776367,107300
2024-12-04,49.029998779296875,50.060001373291016,48.77000045776367,50.0099983215332,181100
2024-12-05,50.25,50.75,49.459999084472656,49.59000015258789,145400
2024-12-06,49.939998626708984,50.099998474121094,49.2400016784668,50.060001373291016,119200
2024-12-09,50.43000030517578,50.619998931884766,50.0,50.2599983215332,182800
2024-12-10,50.560001373291016,51.529998779296875,49.90999984741211,50.970001220703125,242700
2024-12-11,51.599998474121094,52.13999938964844,51.27000045776367,51.59000015258789,354800
2024-12-12,51.630001068115234,52.09000015258789,51.04999923706055,51.68000030517578,329500
2024-12-13,51.77000045776367,51.939998626708984,50.869998931884766,51.65999984741211,207700
2024-12-16,51.790000915527344,52.38999938964844,50.7400016784668,52.33000183105469,293000
2024-12-17,52.029998779296875,52.439998626708984,50.779998779296875,50.869998931884766,630800
2024-12-18,51.380001068115234,51.5099983215332,48.15999984741211,48.459999084472656,656100
2024-12-19,49.4900016784668,50.40999984741211,48.2599983215332,48.27000045776367,315000
2024-12-20,47.95000076293945,49.7400016784668,47.95000076293945,48.880001068115234,1050100
2024-12-23,48.45000076293945,49.029998779296875,48.189998626708984,48.97999954223633,295000
2024-12-24,49.25,49.47999954223633,48.709999084472656,49.189998626708984,108300
2024-12-26,48.869998931884766,49.400001525878906,48.56999969482422,49.349998474121094,130900
2024-12-27,48.93000030517578,49.43000030517578,47.880001068115234,48.40999984741211,229100
2024-12-30,48.16999816894531,48.29999923706055,47.43000030517578,47.93000030517578,149200
2024-12-31,48.279998779296875,48.43000030517578,47.66999816894531,47.7599983215332,145400
2025-01-02,48.04999923706055,48.43000030517578,47.119998931884766,47.150001525878906,157900
2025-01-03,47.220001220703125,48.0,46.72999954223633,47.849998474121094,156000
2025-01-06,47.849998474121094,48.47999954223633,47.31999969482422,47.47999954223633,172700
2025-01-07,47.63999938964844,47.880001068115234,46.459999084472656,46.75,245800
2025-01-08,46.33000183105469,46.79999923706055,46.09000015258789,46.380001068115234,125400
2025-01-10,45.41999816894531,45.5099983215332,44.22999954223633,45.20000076293945,224600
2025-01-13,44.720001220703125,45.93000030517578,44.720001220703125,45.779998779296875,146600
2025-01-14,46.189998626708984,47.040000915527344,45.93000030517578,47.040000915527344,222300
2025-01-15,48.470001220703125,48.4900016784668,47.22999954223633,47.619998931884766,192000
2025-01-16,47.33000183105469,47.5,44.779998779296875,47.15999984741211,306600
2025-01-17,47.5,47.95000076293945,46.810001373291016,47.86000061035156,467900
2025-01-21,48.150001525878906,48.91999816894531,47.16999816894531,48.66999816894531,196400
2025-01-22,49.02000045776367,49.04999923706055,47.91999816894531,48.09000015258789,205600
2025-01-23,47.939998626708984,48.33000183105469,46.709999084472656,47.90999984741211,174700
2025-01-24,47.630001068115234,48.540000915527344,46.90999984741211,48.02000045776367,171200
2025-01-27,48.2400016784668,49.099998474121094,48.099998474121094,48.70000076293945,192100
2025-01-28,47.709999084472656,47.77000045776367,45.150001525878906,46.09000015258789,417500
2025-01-29,46.540000915527344,47.880001068115234,46.2599983215332,47.02000045776367,297100
2025-01-30,47.290000915527344,48.20000076293945,47.22999954223633,47.70000076293945,146500
2025-01-31,47.61000061035156,48.189998626708984,47.29999923706055,47.630001068115234,218200
2025-02-03,46.31999969482422,47.709999084472656,46.0099983215332,46.63999938964844,141100
2025-02-04,46.380001068115234,47.880001068115234,46.380001068115234,47.86000061035156,132700
2025-02-05,47.900001525878906,48.34000015258789,47.470001220703125,48.31999969482422,130500
2025-02-06,48.540000915527344,49.13999938964844,48.220001220703125,49.02000045776367,121500
2025-02-07,48.869998931884766,48.93000030517578,47.790000915527344,48.54999923706055,267600
2025-02-10,48.41999816894531,48.68000030517578,47.849998474121094,48.29999923706055,178300
2025-02-11,47.84000015258789,49.18000030517578,47.779998779296875,49.13999938964844,107400
2025-02-12,48.220001220703125,48.79999923706055,47.75,47.7599983215332,188800
2025-02-13,48.040000915527344,48.150001525878906,47.56999969482422,48.040000915527344,130000
2025-02-14,48.380001068115234,48.65999984741211,47.970001220703125,48.04999923706055,94200
2025-02-18,47.9900016784668,48.56999969482422,47.61000061035156,48.220001220703125,106400
2025-02-19,47.7400016784668,48.220001220703125,47.720001220703125,47.9900016784668,121100
2025-02-20,47.7400016784668,47.83000183105469,46.630001068115234,47.34000015258789,147200
2025-02-21,47.79999923706055,47.79999923706055,46.75,46.869998931884766,185400
2025-02-24,47.11000061035156,47.369998931884766,46.650001525878906,46.84000015258789,160100
2025-02-25,47.130001068115234,47.90999984741211,46.90999984741211,47.40999984741211,183600
2025-02-26,47.29999923706055,47.560001373291016,46.33000183105469,46.90999984741211,167800
2025-02-27,46.7400016784668,47.369998931884766,46.560001373291016,47.130001068115234,141300
2025-02-28,47.29999923706055,47.93000030517578,47.060001373291016,47.75,173400
2025-03-03,47.61000061035156,47.91999816894531,46.939998626708984,47.310001373291016,220000
2025-03-04,46.7400016784668,46.810001373291016,45.029998779296875,45.310001373291016,292200
2025-03-05,46.75,46.75,44.45000076293945,45.0099983215332,286600
2025-03-06,44.54999923706055,44.90999984741211,44.04999923706055,44.560001373291016,231600
2025-03-07,44.38999938964844,45.25,43.72999954223633,44.34000015258789,185400
2025-03-10,44.0,44.689998626708984,42.790000915527344,43.31999969482422,303500
2025-03-11,43.33000183105469,43.650001525878906,42.68000030517578,42.72999954223633,200400
2025-03-12,42.970001220703125,43.130001068115234,42.2400016784668,42.68000030517578,335400
2025-03-13,42.91999816894531,43.20000076293945,42.33000183105469,42.5099983215332,251000
2025-03-14,42.88999938964844,43.4900016784668,42.72999954223633,43.2599983215332,292300
2025-03-17,43.2599983215332,44.119998931884766,42.939998626708984,43.66999816894531,311500
2025-03-18,43.38999938964844,43.65999984741211,42.9900016784668,43.380001068115234,217800
2025-03-19,43.279998779296875,44.029998779296875,43.09000015258789,43.459999084472656,258300
2025-03-20,43.04999923706055,44.060001373291016,43.04999923706055,43.20000076293945,208400
2025-03-21,43.43000030517578,43.43000030517578,42.25,42.79999923706055,925600
2025-03-24,43.619998931884766,43.939998626708984,43.290000915527344,43.77000045776367,187800
2025-03-25,43.880001068115234,44.31999969482422,43.70000076293945,43.91999816894531,239600
2025-03-26,43.91999816894531,44.66999816894531,43.45000076293945,43.59000015258789,167700
2025-03-27,43.68000030517578,44.040000915527344,43.2400016784668,43.47999954223633,165300
2025-03-28,43.310001373291016,43.75,42.709999084472656,43.09000015258789,222600
2025-03-31,42.470001220703125,43.20000076293945,42.470001220703125,42.900001525878906,226900
2025-04-01,43.56999969482422,43.59000015258789,42.20000076293945,42.68000030517578,230700
2025-04-02,42.16999816894531,42.939998626708984,42.06999969482422,42.900001525878906,188600
2025-04-03,41.11000061035156,41.25,39.63999938964844,39.650001525878906,327800
2025-04-04,38.09000015258789,39.15999984741211,37.470001220703125,38.83000183105469,396600
2025-04-07,37.68000030517578,40.65999984741211,37.310001373291016,38.970001220703125,424500
2025-04-08,39.959999084472656,40.56999969482422,38.150001525878906,38.63999938964844,239900
2025-04-09,37.91999816894531,41.36000061035156,37.61000061035156,40.45000076293945,368400
2025-04-10,39.54999923706055,39.77000045776367,37.75,38.66999816894531,342500
2025-04-11,39.77000045776367,39.79999923706055,37.83000183105469,38.619998931884766,229100
2025-04-14,38.959999084472656,39.220001220703125,38.150001525878906,38.81999969482422,259500
2025-04-15,38.84000015258789,40.06999969482422,38.779998779296875,39.56999969482422,270200
2025-04-16,39.709999084472656,39.97999954223633,39.279998779296875,39.58000183105469,236300
2025-04-17,39.5099983215332,40.150001525878906,39.5099983215332,39.7599983215332,297000
2025-04-21,39.400001525878906,39.810001373291016,39.13999938964844,39.63999938964844,234700
2025-04-22,40.029998779296875,41.459999084472656,39.84000015258789,41.349998474121094,289700
2025-04-23,42.11000061035156,43.209999084472656,41.459999084472656,41.869998931884766,332000
2025-04-24,41.68000030517578,42.470001220703125,41.369998931884766,42.36000061035156,224900
2025-04-25,42.439998626708984,43.13999938964844,42.13999938964844,42.599998474121094,403300
2025-04-28,42.560001373291016,42.900001525878906,41.81999969482422,42.470001220703125,398800
2025-04-29,42.4900016784668,43.310001373291016,42.41999816894531,42.79999923706055,364000
2025-04-30,42.09000015258789,42.77000045776367,41.5099983215332,42.34000015258789,558500
2025-05-01,42.2599983215332,42.939998626708984,41.81999969482422,42.5099983215332,450000
2025-05-02,43.040000915527344,43.650001525878906,42.790000915527344,43.40999984741211,2160000
2025-05-05,43.08000183105469,43.689998626708984,41.709999084472656,43.06999969482422,311300
2025-05-06,42.83000183105469,43.04999923706055,42.36000061035156,42.689998626708984,313600
2025-05-07,43.0,43.119998931884766,42.369998931884766,42.65999984741211,371900
2025-05-08,42.66999816894531,43.52000045776367,42.65999984741211,43.31999969482422,281400
2025-05-09,43.310001373291016,43.310001373291016,42.900001525878906,43.02000045776367,235100
2025-05-12,44.720001220703125,45.5,44.2599983215332,44.650001525878906,353600
2025-05-13,44.9900016784668,44.9900016784668,44.310001373291016,44.79999923706055,227800
2025-05-14,44.7400016784668,45.560001373291016,44.349998474121094,44.45000076293945,242500
2025-05-15,44.619998931884766,45.36000061035156,44.220001220703125,44.380001068115234,173500
2025-05-16,44.15999984741211,44.5,43.7400016784668,44.11000061035156,204600
2025-05-19,43.47999954223633,44.029998779296875,43.11000061035156,43.779998779296875,144500
2025-05-20,43.790000915527344,44.0,43.56999969482422,43.68000030517578,185700
2025-05-21,43.08000183105469,43.31999969482422,42.2599983215332,42.29999923706055,168800
2025-05-22,41.939998626708984,42.54999923706055,41.81999969482422,41.83000183105469,229200
2025-05-23,40.90999984741211,41.790000915527344,40.90999984741211,41.560001373291016,157300
2025-05-27,42.0,42.650001525878906,41.599998474121094,42.61000061035156,135800
2025-05-28,42.52000045776367,42.7400016784668,41.880001068115234,41.939998626708984,174900
2025-05-29,41.9900016784668,42.08000183105469,41.72999954223633,42.040000915527344,108100
2025-05-30,41.959999084472656,42.599998474121094,41.70000076293945,41.849998474121094,248100
2025-06-02,41.61000061035156,42.93000030517578,40.720001220703125,41.0099983215332,168800
2025-06-03,40.93000030517578,41.72999954223633,40.77000045776367,41.59000015258789,167700
2025-06-04,41.43000030517578,41.849998474121094,40.970001220703125,41.11000061035156,190700
2025-06-05,41.119998931884766,41.22999954223633,40.75,41.040000915527344,160000
2025-06-06,41.599998474121094,41.86000061035156,41.40999984741211,41.79999923706055,216200
2025-06-09,42.099998474121094,42.47999954223633,41.63999938964844,42.119998931884766,153300
2025-06-10,42.2599983215332,42.77000045776367,41.869998931884766,42.63999938964844,138200
2025-06-11,42.95000076293945,42.95000076293945,41.959999084472656,42.08000183105469,140900
2025-06-12,42.02000045776367,42.02000045776367,41.5,41.97999954223633,123500
2025-06-13,41.310001373291016,41.689998626708984,40.65999984741211,40.7599983215332,187500
2025-06-16,41.119998931884766,41.349998474121094,40.220001220703125,40.36000061035156,252200
2025-06-17,39.91999816894531,40.38999938964844,39.900001525878906,39.939998626708984,160200
2025-06-18,39.810001373291016,40.36000061035156,39.7599983215332,39.970001220703125,299200
2025-06-20,39.9900016784668,40.31999969482422,39.56999969482422,39.709999084472656,586900
2025-06-23,39.68000030517578,40.779998779296875,39.56999969482422,40.75,206600
2025-06-24,41.08000183105469,41.880001068115234,40.939998626708984,41.11000061035156,224700
2025-06-25,40.90999984741211,40.9900016784668,40.529998779296875,40.630001068115234,182900
2025-06-26,40.869998931884766,41.79999923706055,40.65999984741211,41.720001220703125,221000
2025-06-27,41.900001525878906,42.029998779296875,41.529998779296875,41.88999938964844,490700
2025-06-30,41.95000076293945,42.119998931884766,41.5099983215332,41.54999923706055,190700
2025-07-01,41.29999923706055,43.41999816894531,41.189998626708984,42.81999969482422,182500
2025-07-02,43.0,43.459999084472656,42.58000183105469,43.439998626708984,285600
2025-07-03,43.56999969482422,44.220001220703125,42.61000061035156,43.869998931884766,138200
2025-07-07,43.47999954223633,44.09000015258789,43.22999954223633,43.29999923706055,193100
2025-07-08,43.119998931884766,43.849998474121094,42.869998931884766,43.33000183105469,309600
2025-07-09,43.529998779296875,43.83000183105469,43.16999816894531,43.83000183105469,173000
2025-07-10,43.70000076293945,44.25,42.22999954223633,44.040000915527344,154600
2025-07-11,43.7400016784668,44.0,43.45000076293945,43.7400016784668,253200
2025-07-14,43.540000915527344,44.369998931884766,43.459999084472656,44.36000061035156,139600
2025-07-15,44.27000045776367,44.560001373291016,42.52000045776367,42.529998779296875,212300
2025-07-16,42.58000183105469,43.290000915527344,42.2599983215332,43.11000061035156,180400
2025-07-17,42.97999954223633,44.11000061035156,42.91999816894531,43.77000045776367,230500
2025-07-18,44.040000915527344,44.220001220703125,42.970001220703125,43.11000061035156,187700
2025-07-21,43.369998931884766,43.75,42.90999984741211,42.939998626708984,141400
2025-07-22,42.880001068115234,43.380001068115234,41.08000183105469,42.45000076293945,197600
2025-07-23,42.72999954223633,42.72999954223633,41.4900016784668,42.43000030517578,163400
2025-07-24,42.119998931884766,42.27000045776367,41.45000076293945,41.54999923706055,124000
2025-07-25,41.47999954223633,42.349998474121094,41.06999969482422,41.380001068115234,175100
2025-07-28,41.40999984741211,42.459999084472656,41.11000061035156,41.470001220703125,165300
2025-07-29,42.720001220703125,43.7599983215332,41.939998626708984,43.029998779296875,522400
2025-07-30,43.29999923706055,44.189998626708984,42.029998779296875,42.18000030517578,359400
2025-07-31,41.95000076293945,42.09000015258789,41.310001373291016,41.380001068115234,217000
2025-08-01,41.02000045776367,41.7599983215332,40.08000183105469,40.560001373291016,272300
2025-08-04,40.52000045776367,41.02000045776367,40.33000183105469,40.9900016784668,173700
2025-08-05,40.93000030517578,41.02000045776367,40.099998474121094,40.900001525878906,186900
2025-08-06,40.790000915527344,41.13999938964844,40.650001525878906,40.849998474121094,158400
2025-08-07,41.18000030517578,41.18000030517578,40.349998474121094,40.650001525878906,166100
2025-08-08,40.939998626708984,41.0099983215332,40.4900016784668,40.95000076293945,131400
2025-08-11,41.029998779296875,41.029998779296875,40.66999816894531,40.939998626708984,164200
2025-08-12,41.279998779296875,42.9900016784668,41.279998779296875,42.86000061035156,243300
2025-08-13,43.09000015258789,43.619998931884766,42.86000061035156,43.439998626708984,212100
2025-08-14,42.849998474121094,43.16999816894531,42.439998626708984,43.08000183105469,175800
2025-08-15,43.13999938964844,43.68000030517578,42.130001068115234,42.130001068115234,295100
2025-08-18,42.02000045776367,42.400001525878906,41.88999938964844,42.33000183105469,123900
2025-08-19,42.279998779296875,42.810001373291016,42.15999984741211,42.2400016784668,143700
2025-08-20,42.36000061035156,42.619998931884766,42.0099983215332,42.4900016784668,165000
2025-08-21,42.36000061035156,42.619998931884766,42.16999816894531,42.52000045776367,146800
2025-08-22,42.77000045776367,44.9900016784668,42.77000045776367,44.880001068115234,270800
2025-08-25,44.630001068115234,44.95000076293945,44.18000030517578,44.400001525878906,150300
2025-08-26,44.38999938964844,45.18000030517578,44.29999923706055,44.88999938964844,150600
2025-08-27,44.70000076293945,45.279998779296875,44.70000076293945,45.06999969482422,151700
2025-08-28,45.189998626708984,45.189998626708984,44.4900016784668,44.7599983215332,154900
2025-08-29,44.56999969482422,44.81999969482422,44.25,44.27000045776367,147000
2025-09-02,43.849998474121094,44.29999923706055,43.29999923706055,43.91999816894531,187100
2025-09-03,43.68000030517578,44.209999084472656,43.52000045776367,43.880001068115234,142100
2025-09-04,44.0,44.59000015258789,43.65999984741211,44.58000183105469,140800
2025-09-05,44.77000045776367,45.279998779296875,43.81999969482422,44.040000915527344,162500
2025-09-08,44.16999816894531,44.189998626708984,43.29999923706055,43.939998626708984,155800
2025-09-09,43.83000183105469,43.959999084472656,43.04999923706055,43.15999984741211,127400
2025-09-10,43.11000061035156,43.43000030517578,43.06999969482422,43.209999084472656,116200
2025-09-11,43.20000076293945,43.65999984741211,42.90999984741211,43.63999938964844,149900
2025-09-12,43.65999984741211,43.790000915527344,43.040000915527344,43.279998779296875,110700
2025-09-15,43.400001525878906,43.400001525878906,42.72999954223633,42.79999923706055,171600
2025-09-16,42.630001068115234,42.630001068115234,41.88999938964844,42.27000045776367,152400
2025-09-17,42.31999969482422,43.880001068115234,42.31999969482422,42.77000045776367,175700
2025-09-18,42.95000076293945,44.209999084472656,42.7599983215332,44.189998626708984,191300
2025-09-19,44.09000015258789,44.09000015258789,43.06999969482422,43.279998779296875,832300
2025-09-22,43.09000015258789,43.400001525878906,42.650001525878906,42.83000183105469,177300
2025-09-23,42.939998626708984,43.650001525878906,42.630001068115234,42.83000183105469,152700
2025-09-24,42.779998779296875,43.099998474121094,42.38999938964844,42.779998779296875,115400
2025-09-25,42.63999938964844,42.720001220703125,41.9900016784668,42.54999923706055,107700
2025-09-26,42.58000183105469,42.95000076293945,42.25,42.540000915527344,119200
2025-09-29,42.599998474121094,42.599998474121094,41.689998626708984,41.84000015258789,187600
2025-09-30,41.68000030517578,41.900001525878906,41.08000183105469,41.7599983215332,136700
2025-10-01,41.400001525878906,41.77000045776367,40.939998626708984,41.43000030517578,192800
2025-10-02,41.310001373291016,41.5099983215332,40.900001525878906,41.209999084472656,144000
2025-10-03,41.20000076293945,42.09000015258789,41.20000076293945,41.470001220703125,169400
2025-10-06,41.79999923706055,42.27000045776367,41.40999984741211,41.7400016784668,196300
2025-10-07,41.650001525878906,42.27000045776367,41.20000076293945,41.279998779296875,168000
2025-10-08,41.439998626708984,41.439998626708984,41.04999923706055,41.15999984741211,94900
2025-10-09,41.06999969482422,41.459999084472656,40.400001525878906,40.75,104300
2025-10-10,40.75,41.220001220703125,39.20000076293945,39.27000045776367,201200
2025-10-13,39.7599983215332,39.880001068115234,39.20000076293945,39.650001525878906,145600
2025-10-14,39.970001220703125,42.470001220703125,39.709999084472656,42.18000030517578,285900
2025-10-15,42.22999954223633,42.27000045776367,40.88999938964844,41.43000030517578,266900
2025-10-16,41.2400016784668,41.2400016784668,39.47999954223633,39.61000061035156,345000
2025-10-17,40.0,40.380001068115234,39.439998626708984,40.150001525878906,165200
2025-10-20,40.400001525878906,40.91999816894531,40.380001068115234,40.75,151700
2025-10-21,40.529998779296875,41.0,40.279998779296875,40.7599983215332,104300
2025-10-22,40.83000183105469,41.29999923706055,40.5099983215332,40.70000076293945,163600
2025-10-23,40.65999984741211,40.65999984741211,40.0099983215332,40.33000183105469,187100
2025-10-24,40.810001373291016,41.150001525878906,40.619998931884766,40.91999816894531,148200
2025-10-27,40.95000076293945,41.13999938964844,40.4900016784668,40.7400016784668,147400
2025-10-28,41.779998779296875,42.0,40.7400016784668,41.29999923706055,427000
2025-10-29,40.939998626708984,41.59000015258789,39.7599983215332,39.90999984741211,271800
2025-10-30,39.79999923706055,40.869998931884766,39.79999923706055,40.4900016784668,251900
2025-10-31,40.47999954223633,40.7599983215332,39.93000030517578,40.470001220703125,254400
2025-11-03,40.2400016784668,40.810001373291016,39.68000030517578,40.810001373291016,387300
2025-11-04,40.63999938964844,40.93000030517578,40.369998931884766,40.72999954223633,310000
2025-11-05,40.86000061035156,41.86000061035156,40.70000076293945,41.720001220703125,190700
2025-11-06,41.47999954223633,41.97999954223633,40.709999084472656,40.849998474121094,153800
2025-11-07,40.83000183105469,41.689998626708984,40.56999969482422,41.61000061035156,301100
2025-11-10,41.810001373291016,42.02000045776367,41.220001220703125,41.5099983215332,176200
2025-11-11,41.52000045776367,41.869998931884766,41.310001373291016,41.689998626708984,132800
2025-11-12,41.650001525878906,42.400001525878906,41.22999954223633,41.38999938964844,227900
2025-11-13,41.310001373291016,41.75,40.90999984741211,41.20000076293945,156900
2025-11-14,40.58000183105469,41.099998474121094,40.2599983215332,40.93000030517578,193700
2025-11-17,40.939998626708984,40.95000076293945,39.45000076293945,39.650001525878906,190500
2025-11-18,39.650001525878906,40.709999084472656,39.650001525878906,39.77000045776367,180400
2025-11-19,39.68000030517578,40.02000045776367,39.52000045776367,39.61000061035156,220200
2025-11-20,40.0,40.93000030517578,39.790000915527344,39.959999084472656,159800
2025-11-21,40.040000915527344,41.77000045776367,39.900001525878906,41.279998779296875,230000
2025-11-24,41.150001525878906,41.40999984741211,40.779998779296875,41.13999938964844,251600
2025-11-25,41.439998626708984,42.86000061035156,41.380001068115234,42.349998474121094,253900
2025-11-26,42.08000183105469,42.689998626708984,41.93000030517578,42.13999938964844,409200
2025-11-28,42.130001068115234,42.22999954223633,41.34000015258789,41.459999084472656,209300
2025-12-01,40.86000061035156,41.779998779296875,40.79999923706055,41.540000915527344,238100
2025-12-02,41.83000183105469,41.959999084472656,41.27000045776367,41.540000915527344,153000
2025-12-03,41.75,42.58000183105469,41.599998474121094,42.2400016784668,230600
2025-12-04,42.040000915527344,42.25,41.77000045776367,41.81999969482422,134100
2025-12-05,41.790000915527344,42.13999938964844,41.45000076293945,42.0099983215332,130400
2025-12-08,42.2400016784668,42.7599983215332,41.790000915527344,42.279998779296875,324600
2025-12-09,42.40999984741211,43.02000045776367,41.380001068115234,42.29999923706055,134500
2025-12-10,42.380001068115234,44.0,42.29999923706055,43.790000915527344,285600
2025-12-11,43.810001373291016,44.47999954223633,43.18000030517578,44.060001373291016,194800
2025-12-12,44.310001373291016,44.40999984741211,43.619998931884766,44.029998779296875,334700
2025-12-15,44.43000030517578,44.630001068115234,43.88999938964844,44.459999084472656,324000
2025-12-16,44.40999984741211,44.63999938964844,43.70000076293945,43.97999954223633,225900
2025-12-17,43.83000183105469,44.65999984741211,43.83000183105469,44.209999084472656,304000
2025-12-18,44.47999954223633,44.66999816894531,44.08000183105469,44.459999084472656,227200
2025-12-19,44.2400016784668,44.4900016784668,43.11000061035156,43.5,920200
2025-12-22,43.5,43.959999084472656,42.880001068115234,43.11000061035156,165300
2025-12-23,43.08000183105469,43.4900016784668,42.54999923706055,42.650001525878906,178400
2025-12-24,42.70000076293945,42.84000015258789,42.31999969482422,42.709999084472656,119100
2025-12-26,42.599998474121094,42.90999984741211,42.310001373291016,42.709999084472656,141500
2025-12-29,42.880001068115234,42.900001525878906,42.11000061035156,42.29999923706055,133000
2025-12-30,42.290000915527344,42.290000915527344,41.650001525878906,41.709999084472656,148200
2025-12-31,41.849998474121094,41.849998474121094,41.36000061035156,41.52000045776367,162300
2026-01-02,41.52000045776367,41.939998626708984,41.02000045776367,41.59000015258789,239000
2026-01-05,41.439998626708984,43.040000915527344,41.43000030517578,42.38999938964844,217000
2026-01-06,42.130001068115234,42.900001525878906,41.7400016784668,42.86000061035156,184600
2026-01-07,42.66999816894531,42.68000030517578,42.040000915527344,42.59000015258789,158400
2026-01-08,42.279998779296875,43.790000915527344,42.040000915527344,43.279998779296875,181500
2026-01-09,43.279998779296875,43.36000061035156,42.5099983215332,42.880001068115234,158800
2026-01-12,42.599998474121094,43.029998779296875,42.29999923706055,42.529998779296875,166500
2026-01-13,42.529998779296875,42.59000015258789,41.970001220703125,42.130001068115234,104100
2026-01-14,42.02000045776367,42.709999084472656,41.93000030517578,42.709999084472656,144000
2026-01-15,42.68000030517578,43.97999954223633,42.68000030517578,43.709999084472656,227500
2026-01-16,43.56999969482422,43.869998931884766,43.43000030517578,43.59000015258789,208400
2026-01-20,42.849998474121094,43.16999816894531,42.650001525878906,43.06999969482422,156800
2026-01-21,43.189998626708984,45.220001220703125,43.189998626708984,45.189998626708984,177300
2026-01-22,45.119998931884766,45.970001220703125,44.88999938964844,45.470001220703125,245700
2026-01-23,45.18000030517578,45.18000030517578,43.40999984741211,43.650001525878906,184700
2026-01-26,43.58000183105469,44.20000076293945,43.08000183105469,43.90999984741211,173000
2026-01-27,44.209999084472656,44.86000061035156,43.29999923706055,43.41999816894531,164600
2026-01-28,43.470001220703125,43.970001220703125,41.869998931884766,42.619998931884766,555100
2026-01-29,42.880001068115234,44.189998626708984,42.880001068115234,44.11000061035156,274900
2026-01-30,43.93000030517578,44.56999969482422,43.689998626708984,44.43000030517578,323600
2026-02-02,44.43000030517578,45.63999938964844,44.16999816894531,45.40999984741211,187400
2026-02-03,45.220001220703125,46.25,44.599998474121094,45.25,290700
2026-02-04,45.65999984741211,46.5,45.2599983215332,46.060001373291016,187900
2026-02-05,46.060001373291016,46.66999816894531,45.439998626708984,46.380001068115234,217600
2026-02-06,46.77000045776367,46.91999816894531,45.77000045776367,46.650001525878906,393100
2026-02-09,46.470001220703125,46.63999938964844,46.060001373291016,46.290000915527344,163900
2026-02-10,46.13999938964844,46.5,45.349998474121094,45.58000183105469,156400
2026-02-11,45.970001220703125,46.220001220703125,45.02000045776367,45.33000183105469,192200
2026-02-12,45.529998779296875,45.86000061035156,44.83000183105469,45.560001373291016,200800
2026-02-13,45.720001220703125,46.209999084472656,45.15999984741211,45.81999969482422,168500
2026-02-17,45.88999938964844,46.459999084472656,45.400001525878906,45.709999084472656,201800
2026-02-18,45.560001373291016,46.2400016784668,44.72999954223633,44.97999954223633,208200
2026-02-19,44.650001525878906,45.22999954223633,44.650001525878906,45.15999984741211,220200
2026-02-20,45.209999084472656,45.689998626708984,44.849998474121094,45.630001068115234,171400
2026-02-23,45.369998931884766,45.91999816894531,43.400001525878906,43.65999984741211,284700
2026-02-24,43.70000076293945,45.369998931884766,43.4900016784668,43.93000030517578,273700
2026-02-25,44.22999954223633,45.25,44.11000061035156,45.209999084472656,224300
2026-02-26,45.400001525878906,45.7400016784668,43.70000076293945,44.45000076293945,281400
2026-02-27,43.7400016784668,43.7400016784668,42.279998779296875,42.720001220703125,246600
2026-03-02,41.65999984741211,42.90999984741211,41.209999084472656,42.779998779296875,320700
2026-03-03,41.91999816894531,42.900001525878906,41.41999816894531,42.66999816894531,188700
2026-03-04,43.029998779296875,43.29999923706055,42.5099983215332,43.0099983215332,186000
2026-03-05,42.470001220703125,42.65999984741211,41.97999954223633,42.43000030517578,138400
2026-03-06,40.9900016784668,42.099998474121094,40.54999923706055,41.630001068115234,219700
2026-03-09,40.84000015258789,41.63999938964844,39.959999084472656,41.40999984741211,205200
2026-03-10,41.13999938964844,42.43000030517578,40.97999954223633,41.529998779296875,254900
2026-03-11,41.11000061035156,41.2400016784668,40.75,41.130001068115234,205600
2026-03-12,40.18000030517578,41.279998779296875,40.18000030517578,41.25,209100
2026-03-13,41.56999969482422,41.88999938964844,40.9900016784668,41.470001220703125,199600
2026-03-16,42.0099983215332,43.0099983215332,41.41999816894531,41.45000076293945,212200
2026-03-17,41.5,42.0,40.959999084472656,41.310001373291016,370600
2026-03-18,40.900001525878906,41.20000076293945,40.470001220703125,40.619998931884766,245500
2026-03-19,40.40999984741211,41.16999816894531,40.130001068115234,40.970001220703125,264600
2026-03-20,41.09000015258789,41.119998931884766,40.380001068115234,40.709999084472656,710900
2026-03-23,41.810001373291016,42.650001525878906,41.56999969482422,41.9900016784668,302500
2026-03-24,41.52000045776367,42.58000183105469,41.52000045776367,41.959999084472656,194900
2026-03-25,42.380001068115234,42.599998474121094,41.84000015258789,42.470001220703125,253100
2026-03-26,42.22999954223633,42.63999938964844,42.22999954223633,42.540000915527344,166400
2026-03-27,42.459999084472656,42.459999084472656,41.72999954223633,41.86000061035156,218100
2026-03-30,42.2599983215332,42.2599983215332,41.72999954223633,42.02000045776367,279500
2026-03-31,42.36000061035156,42.869998931884766,42.029998779296875,42.58000183105469,309400
2026-04-01,42.849998474121094,43.33000183105469,42.54999923706055,43.0,212400
2026-04-02,42.45000076293945,43.25,42.29999923706055,43.150001525878906,123400
2026-04-06,42.97999954223633,43.72999954223633,42.849998474121094,43.689998626708984,180100
2026-04-07,43.43000030517578,44.09000015258789,43.43000030517578,43.9900016784668,192800
2026-04-08,45.0099983215332,45.689998626708984,44.84000015258789,44.97999954223633,276100
2026-04-09,45.08000183105469,46.0,44.630001068115234,45.790000915527344,306500
2026-04-10,45.63999938964844,45.63999938964844,44.880001068115234,45.15999984741211,175200
2026-04-13,45.0,45.5,44.540000915527344,45.400001525878906,173300
2026-04-14,45.29999923706055,45.470001220703125,44.54999923706055,45.189998626708984,159100
2026-04-15,45.08000183105469,45.18000030517578,44.540000915527344,44.88999938964844,170000
2026-04-16,44.72999954223633,44.869998931884766,44.470001220703125,44.599998474121094,180500
2026-04-17,45.220001220703125,46.43000030517578,45.150001525878906,45.650001525878906,239500
2026-04-20,45.36000061035156,46.09000015258789,45.36000061035156,45.7599983215332,220600
2026-04-21,45.630001068115234,45.93000030517578,44.970001220703125,45.06999969482422,214900
2026-04-22,45.349998474121094,45.349998474121094,44.310001373291016,44.720001220703125,265700
2026-04-23,44.849998474121094,45.400001525878906,44.56999969482422,45.290000915527344,140800
2026-04-24,43.2400016784668,44.04999923706055,41.58000183105469,43.25,481400
2026-04-27,43.189998626708984,44.150001525878906,43.02000045776367,44.0,321000
2026-04-28,44.400001525878906,45.02000045776367,44.11000061035156,44.56999969482422,269100
2026-04-29,44.22999954223633,44.7599983215332,43.61000061035156,43.689998626708984,217400
2026-04-30,43.720001220703125,44.13999938964844,43.02000045776367,43.689998626708984,317000
2026-05-01,43.849998474121094,44.5099983215332,43.380001068115234,44.209999084472656,381800
2026-05-04,43.849998474121094,44.400001525878906,43.68000030517578,44.06999969482422,254000
2026-05-05,44.11000061035156,44.97999954223633,44.06999969482422,44.720001220703125,270300
2026-05-06,45.0,45.630001068115234,44.90999984741211,45.20000076293945,409000
2026-05-07,45.20000076293945,45.72999954223633,44.9900016784668,45.06999969482422,387600
2026-05-08,45.02000045776367,45.86000061035156,44.900001525878906,45.59000015258789,295900
2026-05-11,45.59000015258789,45.900001525878906,44.70000076293945,44.81999969482422,365200
2026-05-12,44.88999938964844,45.209999084472656,44.0,44.97999954223633,345600
2026-05-13,44.849998474121094,45.27000045776367,44.470001220703125,44.540000915527344,358700
2026-05-14,44.7400016784668,45.22999954223633,44.290000915527344,44.380001068115234,321900
2026-05-15,44.33000183105469,44.33000183105469,43.59000015258789,44.09000015258789,353600
2026-05-18,44.18000030517578,45.119998931884766,44.0099983215332,44.79999923706055,358800
2026-05-19,44.540000915527344,45.119998931884766,44.34000015258789,44.810001373291016,235600
2026-05-20,44.88999938964844,45.81999969482422,44.68000030517578,45.56999969482422,311900
2026-05-21,45.439998626708984,45.880001068115234,45.11000061035156,45.86000061035156,290800
2026-05-22,45.959999084472656,46.25,45.720001220703125,45.93000030517578,282500
2026-05-26,46.040000915527344,46.66999816894531,46.040000915527344,46.58000183105469,241000
2026-05-27,46.54999923706055,46.900001525878906,45.81999969482422,46.09000015258789,197900
2026-05-28,45.880001068115234,46.310001373291016,45.38999938964844,46.25,201400
2026-05-29,46.06999969482422,46.52000045776367,45.93000030517578,46.2400016784668,324700
2026-06-01,45.68000030517578,45.75,45.189998626708984,45.5099983215332,417100
2026-06-02,45.310001373291016,46.61000061035156,45.27000045776367,46.4900016784668,369200
2026-06-03,46.220001220703125,46.29999923706055,44.7400016784668,44.790000915527344,413300
2026-06-04,45.290000915527344,46.540000915527344,45.15999984741211,46.43000030517578,289700
2026-06-05,46.43000030517578,47.06999969482422,46.400001525878906,46.40999984741211,382200
2026-06-08,46.40999984741211,46.95000076293945,46.040000915527344,46.2400016784668,254900
2026-06-09,46.5099983215332,47.720001220703125,46.290000915527344,47.209999084472656,461300
2026-06-10,47.45000076293945,47.880001068115234,47.22999954223633,47.470001220703125,245200
2026-06-11,47.70000076293945,47.91999816894531,47.18000030517578,47.66999816894531,240700
2026-06-12,47.79999923706055,48.2599983215332,47.79999923706055,48.18000030517578,222600
2026-06-15,48.2400016784668,48.810001373291016,47.31999969482422,47.40999984741211,357400
2026-06-16,47.810001373291016,48.2599983215332,47.02000045776367,47.29999923706055,388200
2026-06-17,47.5,47.7400016784668,45.90999984741211,46.349998474121094,359100
2026-06-18,46.81999969482422,47.06999969482422,46.4900016784668,46.68000030517578,662900
2026-06-22,46.650001525878906,47.47999954223633,46.630001068115234,47.290000915527344,315100
2026-06-23,47.290000915527344,48.18000030517578,46.83000183105469,48.099998474121094,255900
2026-06-24,48.02000045776367,48.93000030517578,47.58000183105469,48.720001220703125,448500
2026-06-25,48.599998474121094,49.4900016784668,48.599998474121094,49.2599983215332,249700
2026-06-26,49.58000183105469,49.97999954223633,49.0,49.59000015258789,1265500
2026-06-29,49.63999938964844,49.63999938964844,48.790000915527344,49.16999816894531,392700
2026-06-30,49.11000061035156,49.45000076293945,48.38999938964844,49.369998931884766,214100
2026-07-01,49.4900016784668,50.61000061035156,49.2400016784668,50.25,370900
2026-07-02,50.31999969482422,51.09000015258789,49.70000076293945,50.08000183105469,330200
2026-07-06,49.9900016784668,50.709999084472656,49.560001373291016,50.15999984741211,303100
2026-07-07,50.349998474121094,50.650001525878906,49.560001373291016,49.630001068115234,368100
2026-07-08,49.47999954223633,49.47999954223633,48.650001525878906,49.04999923706055,509400
2026-07-09,49.16999816894531,50.18000030517578,49.13999938964844,49.95000076293945,269600
2026-07-10,49.95000076293945,50.689998626708984,49.77000045776367,50.279998779296875,249000
2026-07-13,50.380001068115234,50.86000061035156,50.150001525878906,50.61000061035156,291700
2026-07-14,50.61000061035156,50.900001525878906,50.27000045776367,50.63999938964844,442500
2026-07-15,50.66999816894531,51.61000061035156,50.470001220703125,51.29999923706055,338900
2026-07-16,51.29999923706055,53.33000183105469,51.2599983215332,53.18000030517578,475700
2026-07-17,52.83000183105469,53.220001220703125,52.189998626708984,52.45000076293945,615100
