Date,Open,High,Low,Close,Volume
2016-07-18,10.867769241333008,11.099173545837402,10.859503746032715,11.05785083770752,27830
2016-07-19,11.04958724975586,11.099173545837402,10.966941833496094,10.966941833496094,10285
2016-07-20,10.983470916748047,11.148759841918945,10.884298324584961,11.115701675415039,27588
2016-07-21,11.107438087463379,11.37190055847168,11.066116333007812,11.198347091674805,24200
2016-07-22,11.256197929382324,11.37190055847168,11.223139762878418,11.280991554260254,22143
2016-07-25,11.28925609588623,11.31404972076416,11.214876174926758,11.297520637512207,5445
2016-07-26,11.322314262390137,11.322314262390137,11.239668846130371,11.239668846130371,6534
2016-07-27,11.198347091674805,11.198347091674805,11.198347091674805,11.198347091674805,363
2016-07-28,11.198347091674805,11.198347091674805,11.198347091674805,11.198347091674805,0
2016-07-29,11.198347091674805,11.280991554260254,11.157025337219238,11.157025337219238,3993
2016-08-01,11.239668846130371,11.280991554260254,11.239668846130371,11.247934341430664,7744
2016-08-02,11.256197929382324,11.280991554260254,11.247934341430664,11.256197929382324,3751
2016-08-03,11.280991554260254,11.280991554260254,11.264463424682617,11.264463424682617,1089
2016-08-04,11.239668846130371,11.239668846130371,11.239668846130371,11.239668846130371,3751
2016-08-05,11.239668846130371,11.256197929382324,11.165288925170898,11.206611633300781,5082
2016-08-08,11.280991554260254,11.363636016845703,11.157025337219238,11.33884334564209,27830
2016-08-09,11.33884334564209,11.33884334564209,11.28925609588623,11.297520637512207,1089
2016-08-10,11.28925609588623,11.297520637512207,11.256197929382324,11.280991554260254,3993
2016-08-11,11.280991554260254,11.363636016845703,11.280991554260254,11.297520637512207,18513
2016-08-12,11.297520637512207,11.305785179138184,11.247934341430664,11.264463424682617,5203
2016-08-15,11.322314262390137,11.322314262390137,11.280991554260254,11.28925609588623,2057
2016-08-16,11.239668846130371,11.34710693359375,11.239668846130371,11.330578804016113,1936
2016-08-17,11.322314262390137,11.322314262390137,11.322314262390137,11.322314262390137,121
2016-08-18,11.272727012634277,11.487603187561035,11.272727012634277,11.471074104309082,34001
2016-08-19,11.446281433105469,11.570247650146484,11.446281433105469,11.561983108520508,3509
2016-08-22,11.570247650146484,11.570247650146484,11.512396812438965,11.545454978942871,28193
2016-08-23,11.561983108520508,11.68595027923584,11.528925895690918,11.677685737609863,24805
2016-08-24,11.644627571105957,12.066116333007812,11.512396812438965,11.553718566894531,26378
2016-08-25,11.578512191772461,11.719008445739746,11.37190055847168,11.404958724975586,20570
2016-08-26,11.355372428894043,11.404958724975586,11.297520637512207,11.380165100097656,14157
2016-08-29,11.380165100097656,11.380165100097656,11.31404972076416,11.363636016845703,17545
2016-08-30,11.34710693359375,11.727272987365723,11.34710693359375,11.570247650146484,9196
2016-08-31,11.429752349853516,11.727272987365723,11.413223266601562,11.66115665435791,9559
2016-09-01,11.404958724975586,11.735536575317383,11.404958724975586,11.727272987365723,16819
2016-09-02,11.94214916229248,12.0,11.917354583740234,12.0,17424
2016-09-06,12.04958724975586,13.785123825073242,11.917354583740234,12.272727012634277,31339
2016-09-07,12.28925609588623,12.611570358276367,12.28925609588623,12.438016891479492,34243
2016-09-08,12.413223266601562,12.413223266601562,12.31404972076416,12.34710693359375,6776
2016-09-09,12.553718566894531,12.553718566894531,12.39669418334961,12.495867729187012,4961
2016-09-12,12.60330581665039,12.694214820861816,12.099173545837402,12.37190055847168,7986
2016-09-13,12.421487808227539,12.421487808227539,12.157025337219238,12.280991554260254,2662
2016-09-14,12.322314262390137,12.462809562683105,12.31404972076416,12.322314262390137,1694
2016-09-15,12.388429641723633,12.900826454162598,12.173554420471191,12.801652908325195,22506
2016-09-16,12.842974662780762,13.099173545837402,12.322314262390137,12.801652908325195,23111
2016-09-19,12.801652908325195,13.190082550048828,12.801652908325195,13.099173545837402,24684
2016-09-20,13.198347091674805,13.198347091674805,12.62809944152832,12.62809944152832,5687
2016-09-21,12.834711074829102,13.107438087463379,12.611570358276367,12.694214820861816,2904
2016-09-22,13.190082550048828,13.190082550048828,12.859503746032715,12.859503746032715,2783
2016-09-23,12.743802070617676,12.966941833496094,12.68595027923584,12.694214820861816,1694
2016-09-26,12.842974662780762,12.95041275024414,12.719008445739746,12.892561912536621,2662
2016-09-27,13.033058166503906,13.033058166503906,12.727272987365723,12.727272987365723,2420
2016-09-28,12.636363983154297,12.776860237121582,12.60330581665039,12.60330581665039,2904
2016-09-29,12.644627571105957,13.041321754455566,12.644627571105957,12.94214916229248,2178
2016-09-30,12.834711074829102,12.834711074829102,12.462809562683105,12.462809562683105,4356
2016-10-03,12.39669418334961,12.636363983154297,12.39669418334961,12.62809944152832,5203
2016-10-04,12.471074104309082,12.520661354064941,12.190082550048828,12.512396812438965,11858
2016-10-05,12.520661354064941,12.520661354064941,12.305785179138184,12.487603187561035,847
2016-10-06,12.504132270812988,12.504132270812988,12.462809562683105,12.462809562683105,968
2016-10-07,12.487603187561035,12.520661354064941,12.190082550048828,12.520661354064941,2541
2016-10-10,12.512396812438965,12.512396812438965,12.512396812438965,12.512396812438965,605
2016-10-11,12.520661354064941,12.520661354064941,12.404958724975586,12.404958724975586,7623
2016-10-12,12.438016891479492,12.438016891479492,12.380165100097656,12.404958724975586,5445
2016-10-13,12.380165100097656,12.380165100097656,12.31404972076416,12.31404972076416,15851
2016-10-14,12.31404972076416,12.39669418334961,12.31404972076416,12.322314262390137,2541
2016-10-17,12.272727012634277,12.438016891479492,12.272727012634277,12.438016891479492,7381
2016-10-18,12.495867729187012,12.495867729187012,12.272727012634277,12.39669418334961,6413
2016-10-19,12.31404972076416,12.31404972076416,12.31404972076416,12.31404972076416,242
2016-10-20,12.520661354064941,12.520661354064941,12.520661354064941,12.520661354064941,1089
2016-10-21,12.520661354064941,12.520661354064941,12.479338645935059,12.504132270812988,1573
2016-10-24,12.520661354064941,12.60330581665039,12.429752349853516,12.561983108520508,35453
2016-10-25,12.60330581665039,13.512396812438965,12.561983108520508,12.975207328796387,40898
2016-10-26,12.975207328796387,13.140496253967285,12.60330581665039,12.60330581665039,24926
2016-10-27,13.247934341430664,13.247934341430664,12.438016891479492,12.727272987365723,30129
2016-10-28,12.768594741821289,13.066116333007812,12.68595027923584,13.05785083770752,127897
2016-10-31,13.05785083770752,13.206611633300781,12.826445579528809,12.892561912536621,24079
2016-11-01,13.264463424682617,13.34710693359375,12.735536575317383,13.099173545837402,10890
2016-11-02,13.181818008422852,13.181818008422852,13.123967170715332,13.140496253967285,1331
2016-11-03,13.388429641723633,13.388429641723633,12.95041275024414,13.04958724975586,9317
2016-11-04,13.05785083770752,13.082645416259766,12.917354583740234,13.05785083770752,2299
2016-11-07,13.099173545837402,13.140496253967285,13.016529083251953,13.140496253967285,6413
2016-11-08,13.099173545837402,13.115701675415039,12.95041275024414,12.95041275024414,4114
2016-11-09,12.809917449951172,13.223139762878418,12.809917449951172,13.223139762878418,4114
2016-11-10,13.223139762878418,13.595041275024414,13.099173545837402,13.553718566894531,13673
2016-11-11,13.34710693359375,13.636363983154297,13.34710693359375,13.636363983154297,9559
2016-11-14,13.760331153869629,14.380165100097656,13.719008445739746,14.132230758666992,14520
2016-11-15,14.165288925170898,14.165288925170898,13.966941833496094,14.115701675415039,2420
2016-11-16,13.512396812438965,14.107438087463379,13.34710693359375,13.801652908325195,7502
2016-11-17,13.925620079040527,14.859503746032715,13.636363983154297,14.00826358795166,6776
2016-11-18,13.925620079040527,14.421487808227539,13.925620079040527,14.421487808227539,12826
2016-11-21,14.33884334564209,14.462809562683105,14.173554420471191,14.173554420471191,15125
2016-11-22,14.256197929382324,14.421487808227539,14.256197929382324,14.421487808227539,4356
2016-11-23,14.33884334564209,14.33884334564209,14.090909004211426,14.256197929382324,9075
2016-11-25,14.33884334564209,14.413223266601562,14.297520637512207,14.380165100097656,4477
2016-11-28,14.33884334564209,14.421487808227539,14.33884334564209,14.421487808227539,4477
2016-11-29,14.388429641723633,14.39669418334961,14.33884334564209,14.33884334564209,21417
2016-11-30,14.429752349853516,14.462809562683105,14.380165100097656,14.380165100097656,1452
2016-12-01,14.462809562683105,14.462809562683105,14.280991554260254,14.280991554260254,6413
2016-12-02,14.454545021057129,14.504132270812988,14.380165100097656,14.504132270812988,7986
2016-12-05,14.33884334564209,14.71074390411377,14.33884334564209,14.586776733398438,11253
2016-12-06,14.669421195983887,15.363636016845703,14.669421195983887,14.752065658569336,28072
2016-12-07,14.876032829284668,15.165288925170898,14.876032829284668,15.016529083251953,14036
2016-12-08,15.0,15.123967170715332,14.917354583740234,15.041321754455566,23595
2016-12-09,15.0,15.165288925170898,14.876032829284668,15.123967170715332,10043
2016-12-12,15.165288925170898,15.545454978942871,15.0,15.165288925170898,10285
2016-12-13,15.28925609588623,15.28925609588623,15.082645416259766,15.165288925170898,13189
2016-12-14,15.231405258178711,15.743802070617676,15.190082550048828,15.247934341430664,21175
2016-12-15,15.247934341430664,15.537190437316895,15.206611633300781,15.537190437316895,4598
2016-12-16,15.495867729187012,15.537190437316895,15.247934341430664,15.247934341430664,15851
2016-12-19,15.413223266601562,15.413223266601562,15.123967170715332,15.247934341430664,6171
2016-12-20,15.330578804016113,15.512396812438965,14.925620079040527,15.082645416259766,12100
2016-12-21,15.082645416259766,15.231405258178711,15.0,15.0,7018
2016-12-22,14.917354583740234,15.0,14.876032829284668,15.0,2178
2016-12-23,15.082645416259766,15.537190437316895,15.082645416259766,15.454545021057129,19602
2016-12-27,15.28925609588623,16.380165100097656,15.28925609588623,16.239669799804688,17182
2016-12-28,16.32231330871582,16.570247650146484,16.07438087463379,16.157024383544922,14520
2016-12-29,16.157024383544922,16.570247650146484,16.157024383544922,16.44628143310547,9559
2016-12-30,16.611570358276367,16.65289306640625,16.504131317138672,16.65289306640625,10527
2017-01-03,16.65289306640625,16.776859283447266,16.570247650146484,16.611570358276367,14399
2017-01-04,16.570247650146484,16.570247650146484,16.363636016845703,16.363636016845703,7139
2017-01-05,16.48760223388672,16.528926849365234,16.388429641723633,16.48760223388672,6171
2017-01-06,16.48760223388672,16.611570358276367,16.404958724975586,16.44628143310547,7986
2017-01-09,16.363636016845703,16.363636016845703,15.826445579528809,16.11570167541504,14520
2017-01-10,16.32231330871582,16.462810516357422,16.198347091674805,16.42148780822754,3993
2017-01-11,16.48760223388672,16.48760223388672,16.44628143310547,16.44628143310547,484
2017-01-12,16.39669418334961,16.39669418334961,15.909090995788574,15.909090995788574,9559
2017-01-13,16.016529083251953,16.02479362487793,15.933883666992188,15.983470916748047,7260
2017-01-17,15.99173641204834,15.99173641204834,15.66115665435791,15.776860237121582,2541
2017-01-18,15.66115665435791,15.925620079040527,15.66115665435791,15.867769241333008,12705
2017-01-19,15.826445579528809,15.826445579528809,15.702479362487793,15.743802070617676,7018
2017-01-20,15.702479362487793,15.909090995788574,15.702479362487793,15.826445579528809,11253
2017-01-23,15.851240158081055,15.909090995788574,15.743802070617676,15.909090995788574,5808
2017-01-24,15.909090995788574,15.99173641204834,15.743802070617676,15.909090995788574,21538
2017-01-25,15.99173641204834,16.157024383544922,15.99173641204834,16.11570167541504,20328
2017-01-26,16.198347091674805,16.239669799804688,16.18181800842285,16.223140716552734,6776
2017-01-27,16.198347091674805,16.363636016845703,16.198347091674805,16.363636016845703,6413
2017-01-30,16.44628143310547,16.528926849365234,16.32231330871582,16.528926849365234,15851
2017-01-31,16.528926849365234,16.528926849365234,16.198347091674805,16.198347091674805,16093
2017-02-01,16.32231330871582,16.611570358276367,16.32231330871582,16.48760223388672,32186
2017-02-02,16.561983108520508,16.611570358276367,16.528926849365234,16.611570358276367,11979
2017-02-03,16.611570358276367,16.983470916748047,16.528926849365234,16.983470916748047,19118
2017-02-06,16.81818199157715,17.27272605895996,16.74380111694336,17.107437133789062,22022
2017-02-07,17.314050674438477,17.314050674438477,17.148759841918945,17.27272605895996,7865
2017-02-08,17.264463424682617,17.438016891479492,16.942148208618164,17.438016891479492,9680
2017-02-09,17.479339599609375,17.76859474182129,17.479339599609375,17.644628524780273,21780
2017-02-10,17.809917449951172,17.809917449951172,17.60330581665039,17.72727394104004,10648
2017-02-13,17.76859474182129,17.76859474182129,17.60330581665039,17.760330200195312,22627
2017-02-14,17.644628524780273,17.851240158081055,17.644628524780273,17.809917449951172,12584
2017-02-15,17.72727394104004,17.851240158081055,17.702478408813477,17.851240158081055,5808
2017-02-16,17.776859283447266,17.776859283447266,17.72727394104004,17.72727394104004,1573
2017-02-17,17.72727394104004,17.851240158081055,17.644628524780273,17.809917449951172,3388
2017-02-21,17.76859474182129,17.851240158081055,17.710744857788086,17.76859474182129,11737
2017-02-22,17.8347110748291,17.851240158081055,17.60330581665039,17.644628524780273,19118
2017-02-23,17.72727394104004,17.76859474182129,17.644628524780273,17.685949325561523,6897
2017-02-24,17.809917449951172,17.851240158081055,17.685949325561523,17.685949325561523,8591
2017-02-27,17.685949325561523,17.76859474182129,17.60330581665039,17.72727394104004,10043
2017-02-28,17.76859474182129,17.809917449951172,17.60330581665039,17.685949325561523,7381
2017-03-01,17.72727394104004,17.851240158081055,17.60330581665039,17.851240158081055,13431
2017-03-02,17.785123825073242,17.851240158081055,17.60330581665039,17.809917449951172,12221
2017-03-03,17.60330581665039,17.76859474182129,17.60330581665039,17.76859474182129,5082
2017-03-06,17.685949325561523,17.76859474182129,17.685949325561523,17.72727394104004,11616
2017-03-07,17.76859474182129,17.892562866210938,17.72727394104004,17.76859474182129,58685
2017-03-08,17.809917449951172,17.809917449951172,17.685949325561523,17.685949325561523,11737
2017-03-09,17.71900749206543,17.76859474182129,17.71900749206543,17.76859474182129,8712
2017-03-10,17.76859474182129,17.76859474182129,17.685949325561523,17.72727394104004,30492
2017-03-13,17.72727394104004,17.76859474182129,17.72727394104004,17.76859474182129,7260
2017-03-14,17.76859474182129,17.76859474182129,17.72727394104004,17.72727394104004,11011
2017-03-15,17.685949325561523,17.72727394104004,17.60330581665039,17.60330581665039,9196
2017-03-16,17.60330581665039,17.685949325561523,17.60330581665039,17.60330581665039,6171
2017-03-17,17.60330581665039,17.97520637512207,17.60330581665039,17.97520637512207,55176
2017-03-20,17.933883666992188,18.041322708129883,17.90909194946289,18.016529083251953,19723
2017-03-21,18.016529083251953,18.016529083251953,17.561983108520508,17.685949325561523,47795
2017-03-22,17.60330581665039,17.685949325561523,17.60330581665039,17.60330581665039,28556
2017-03-23,17.60330581665039,17.933883666992188,17.60330581665039,17.851240158081055,13431
2017-03-24,17.8347110748291,17.892562866210938,17.809917449951172,17.851240158081055,7865
2017-03-27,17.685949325561523,17.90909194946289,17.60330581665039,17.809917449951172,19360
2017-03-28,17.809917449951172,17.809917449951172,17.62809944152832,17.685949325561523,6171
2017-03-29,17.60330581665039,17.76859474182129,17.60330581665039,17.72727394104004,7986
2017-03-30,17.72727394104004,17.76859474182129,17.60330581665039,17.644628524780273,8954
2017-03-31,17.60330581665039,17.644628524780273,17.60330581665039,17.644628524780273,8349
2017-04-03,17.644628524780273,17.851240158081055,17.60330581665039,17.685949325561523,14520
2017-04-04,17.851240158081055,17.851240158081055,17.72727394104004,17.76859474182129,4598
2017-04-05,17.60330581665039,17.72727394104004,17.60330581665039,17.644628524780273,5445
2017-04-06,17.685949325561523,17.851240158081055,17.60330581665039,17.809917449951172,7865
2017-04-07,17.72727394104004,17.851240158081055,17.72727394104004,17.76859474182129,3872
2017-04-10,17.685949325561523,17.809917449951172,17.685949325561523,17.685949325561523,2541
2017-04-11,17.685949325561523,17.76859474182129,17.644628524780273,17.644628524780273,3146
2017-04-12,17.685949325561523,17.76859474182129,17.685949325561523,17.72727394104004,2057
2017-04-13,17.685949325561523,17.76859474182129,17.60330581665039,17.685949325561523,15367
2017-04-17,17.644628524780273,17.76859474182129,17.60330581665039,17.76859474182129,11979
2017-04-18,17.72727394104004,18.34710693359375,17.685949325561523,18.057851791381836,46585
2017-04-19,18.223140716552734,18.388429641723633,18.157024383544922,18.305784225463867,17303
2017-04-20,18.388429641723633,18.71900749206543,18.305784225463867,18.595041275024414,31460
2017-04-21,18.67768669128418,18.801652908325195,18.67768669128418,18.760330200195312,10527
2017-04-24,18.842975616455078,19.173553466796875,18.636363983154297,19.09090805053711,32791
2017-04-25,19.173553466796875,19.338842391967773,19.09090805053711,19.25619888305664,47432
2017-04-26,19.214876174926758,19.42148780822754,19.214876174926758,19.297521591186523,14762
2017-04-27,19.355371475219727,19.586776733398438,19.355371475219727,19.586776733398438,11374
2017-04-28,19.66942024230957,19.79338836669922,19.545455932617188,19.66942024230957,18029
2017-05-01,19.586776733398438,19.586776733398438,18.67768669128418,18.842975616455078,29282
2017-05-02,18.92561912536621,19.173553466796875,18.842975616455078,19.132230758666992,22869
2017-05-03,19.363636016845703,19.545455932617188,19.363636016845703,19.363636016845703,72930
2017-05-04,19.42727279663086,19.5,19.31818199157715,19.39090919494629,16610
2017-05-05,19.454544067382812,19.81818199157715,19.381818771362305,19.636363983154297,33440
2017-05-08,19.59090805053711,19.68181800842285,19.07272720336914,19.363636016845703,8030
2017-05-09,19.5,19.5,19.363636016845703,19.454544067382812,4400
2017-05-10,19.27272605895996,19.545455932617188,19.27272605895996,19.454544067382812,12540
2017-05-11,19.31818199157715,19.454544067382812,19.136363983154297,19.454544067382812,13970
2017-05-12,19.5,19.545455932617188,19.363636016845703,19.454544067382812,11110
2017-05-15,19.545455932617188,19.57272720336914,19.363636016845703,19.454544067382812,7260
2017-05-16,19.31818199157715,19.454544067382812,18.68181800842285,19.18181800842285,72160
2017-05-17,19.136363983154297,19.31818199157715,18.72727394104004,18.72727394104004,261800
2017-05-18,18.636363983154297,19.0181827545166,18.363636016845703,18.81818199157715,28930
2017-05-19,18.81818199157715,18.954544067382812,18.72727394104004,18.936363220214844,21780
2017-05-22,19.045455932617188,19.545455932617188,18.863636016845703,19.045455932617188,17820
2017-05-23,19.09090805053711,19.136363983154297,18.763635635375977,19.0,19800
2017-05-24,18.954544067382812,19.09090805053711,18.936363220214844,19.09090805053711,7150
2017-05-25,19.09090805053711,19.18181800842285,19.0,19.18181800842285,8360
2017-05-26,19.22727394104004,19.22727394104004,18.89090919494629,19.045455932617188,5830
2017-05-30,18.90909194946289,19.0,18.5,18.72727394104004,6930
2017-05-31,18.81818199157715,18.863636016845703,18.5,18.81818199157715,18150
2017-06-01,18.863636016845703,18.954544067382812,18.636363983154297,18.954544067382812,10890
2017-06-02,18.954544067382812,19.22727394104004,18.936363220214844,19.22727394104004,16500
2017-06-05,19.136363983154297,19.27272605895996,18.77272605895996,18.954544067382812,21450
2017-06-06,18.81818199157715,19.136363983154297,18.59090805053711,18.77272605895996,13750
2017-06-07,18.863636016845703,19.0,18.31818199157715,18.77272605895996,14300
2017-06-08,19.0,19.0,18.72727394104004,18.954544067382812,10120
2017-06-09,19.09090805053711,19.136363983154297,19.045455932617188,19.136363983154297,10120
2017-06-12,19.009090423583984,19.22727394104004,19.0,19.09090805053711,26510
2017-06-13,19.09090805053711,19.09090805053711,18.77272605895996,19.0,13860
2017-06-14,19.09090805053711,19.09090805053711,18.77272605895996,18.90909194946289,20790
2017-06-15,19.245454788208008,19.27272605895996,19.045455932617188,19.22727394104004,41470
2017-06-16,18.5,19.5,18.363636016845703,19.40909194946289,31790
2017-06-19,19.454544067382812,19.454544067382812,19.09090805053711,19.27272605895996,22880
2017-06-20,19.27272605895996,19.863636016845703,19.236364364624023,19.636363983154297,23980
2017-06-21,19.636363983154297,19.72727394104004,19.40909194946289,19.5,15180
2017-06-22,19.545455932617188,19.68181800842285,19.27272605895996,19.5,22440
2017-06-23,19.5,19.636363983154297,18.636363983154297,19.40909194946289,680350
2017-06-26,19.40909194946289,20.59090805053711,19.40909194946289,20.136363983154297,45210
2017-06-27,20.27272605895996,20.40909194946289,19.954544067382812,20.363636016845703,46860
2017-06-28,20.40909194946289,20.863636016845703,20.363636016845703,20.68181800842285,24200
2017-06-29,20.68181800842285,20.72727394104004,20.18181800842285,20.545455932617188,25850
2017-06-30,20.545455932617188,20.545455932617188,20.22727394104004,20.363636016845703,17050
2017-07-03,20.31818199157715,20.545455932617188,20.18181800842285,20.545455932617188,3740
2017-07-05,20.31818199157715,20.654544830322266,20.31818199157715,20.31818199157715,8800
2017-07-06,20.31818199157715,20.454544067382812,20.045455932617188,20.27272605895996,17710
2017-07-07,20.40909194946289,20.454544067382812,20.31818199157715,20.454544067382812,10450
2017-07-10,20.254545211791992,20.5,20.254545211791992,20.40909194946289,7700
2017-07-11,20.31818199157715,20.68181800842285,20.31818199157715,20.68181800842285,14740
2017-07-12,20.5,20.77272605895996,20.5,20.72727394104004,43120
2017-07-13,20.5,20.77272605895996,20.5,20.59090805053711,8800
2017-07-14,20.68181800842285,20.68181800842285,20.0,20.136363983154297,16280
2017-07-17,20.136363983154297,20.27272605895996,19.77272605895996,20.09090805053711,6710
2017-07-18,19.954544067382812,20.136363983154297,19.363636016845703,20.0,4730
2017-07-19,20.09090805053711,20.136363983154297,20.0,20.136363983154297,6490
2017-07-20,20.09090805053711,20.22727394104004,20.045455932617188,20.18181800842285,32670
2017-07-21,20.22727394104004,20.22727394104004,19.22727394104004,19.31818199157715,10340
2017-07-24,19.363636016845703,19.363636016845703,18.736364364624023,18.90909194946289,13750
2017-07-25,18.90909194946289,19.27272605895996,18.90909194946289,19.0,18370
2017-07-26,19.081817626953125,19.09090805053711,18.4818172454834,18.5,4180
2017-07-27,18.40909194946289,18.5,18.18181800842285,18.22727394104004,14960
2017-07-28,18.22727394104004,18.81818199157715,18.22727394104004,18.363636016845703,12980
2017-07-31,18.636363983154297,18.636363983154297,18.22727394104004,18.363636016845703,8800
2017-08-01,18.31818199157715,18.372726440429688,17.81818199157715,18.045455932617188,17490
2017-08-02,17.954544067382812,17.954544067382812,17.863636016845703,17.863636016845703,8470
2017-08-03,17.72727394104004,17.81818199157715,17.72727394104004,17.81818199157715,4290
2017-08-04,17.72727394104004,17.77272605895996,17.68181800842285,17.68181800842285,8910
2017-08-07,17.68181800842285,17.863636016845703,17.68181800842285,17.72727394104004,9900
2017-08-08,17.64545440673828,17.77272605895996,17.59090805053711,17.59090805053711,10560
2017-08-09,17.68181800842285,17.72727394104004,17.363636016845703,17.5,10120
2017-08-10,17.5,17.5,17.0,17.22727394104004,25300
2017-08-11,17.22727394104004,17.22727394104004,16.254545211791992,16.454544067382812,21560
2017-08-14,16.5,17.27272605895996,16.5,17.22727394104004,14410
2017-08-15,17.22727394104004,17.27272605895996,17.18181800842285,17.18181800842285,3190
2017-08-16,17.18181800842285,17.59090805053711,17.154544830322266,17.363636016845703,11880
2017-08-17,17.22727394104004,17.22727394104004,16.81818199157715,16.863636016845703,16610
2017-08-18,16.77272605895996,17.363636016845703,16.77272605895996,17.31818199157715,13860
2017-08-21,17.22727394104004,17.40909194946289,17.09090805053711,17.363636016845703,12430
2017-08-22,17.454544067382812,17.77272605895996,17.40909194946289,17.68181800842285,8250
2017-08-23,17.636363983154297,17.636363983154297,17.454544067382812,17.545455932617188,2420
2017-08-24,17.59090805053711,17.90909194946289,17.545455932617188,17.90909194946289,15180
2017-08-25,17.81818199157715,18.0,17.81818199157715,17.954544067382812,2970
2017-08-28,17.809091567993164,17.809091567993164,17.454544067382812,17.636363983154297,16390
2017-08-29,17.39090919494629,17.545455932617188,17.39090919494629,17.545455932617188,1980
2017-08-30,17.40909194946289,17.77272605895996,17.363636016845703,17.545455932617188,12870
2017-08-31,17.77272605895996,18.045455932617188,17.68181800842285,17.68181800842285,8030
2017-09-01,17.59090805053711,17.754545211791992,17.381818771362305,17.636363983154297,5170
2017-09-05,17.18181800842285,17.59090805053711,17.18181800842285,17.5,7810
2017-09-06,17.454544067382812,17.636363983154297,17.454544067382812,17.5,4620
2017-09-07,17.59090805053711,17.59090805053711,17.454544067382812,17.5,3410
2017-09-08,17.40909194946289,17.636363983154297,17.363636016845703,17.5,23980
2017-09-11,17.72727394104004,17.72727394104004,17.40909194946289,17.545455932617188,13970
2017-09-12,17.863636016845703,17.863636016845703,17.31818199157715,17.40909194946289,15840
2017-09-13,17.59090805053711,17.59090805053711,17.31818199157715,17.31818199157715,6160
2017-09-14,17.68181800842285,17.68181800842285,17.363636016845703,17.363636016845703,12320
2017-09-15,17.40909194946289,17.68181800842285,17.40909194946289,17.5,36630
2017-09-18,17.545455932617188,17.77272605895996,17.545455932617188,17.545455932617188,8580
2017-09-19,17.72727394104004,17.77272605895996,17.40909194946289,17.454544067382812,15620
2017-09-20,17.40909194946289,18.22727394104004,17.40909194946289,18.18181800842285,8910
2017-09-21,18.18181800842285,18.863636016845703,18.045455932617188,18.636363983154297,16390
2017-09-22,18.40909194946289,18.954544067382812,18.40909194946289,18.72727394104004,6490
2017-09-25,18.72727394104004,19.09090805053711,18.68181800842285,19.045455932617188,16390
2017-09-26,18.5,19.27272605895996,18.5,19.18181800842285,33110
2017-09-27,19.09090805053711,20.454544067382812,19.045455932617188,20.363636016845703,26180
2017-09-28,20.363636016845703,20.872726440429688,20.09090805053711,20.27272605895996,14190
2017-09-29,20.31818199157715,20.454544067382812,20.03636360168457,20.18181800842285,11550
2017-10-02,20.136363983154297,20.59090805053711,20.136363983154297,20.545455932617188,10230
2017-10-03,19.59090805053711,20.90909194946289,19.59090805053711,20.77272605895996,11110
2017-10-04,20.77272605895996,20.77272605895996,20.09090805053711,20.27272605895996,5830
2017-10-05,20.22727394104004,20.5,20.136363983154297,20.136363983154297,9680
2017-10-06,19.77272605895996,19.77272605895996,19.636363983154297,19.72727394104004,7040
2017-10-09,20.363636016845703,20.363636016845703,19.863636016845703,20.0,3850
2017-10-10,20.18181800842285,20.454544067382812,20.0,20.454544067382812,24200
2017-10-11,20.454544067382812,20.563636779785156,20.363636016845703,20.454544067382812,9680
2017-10-12,20.399999618530273,20.399999618530273,19.954544067382812,19.954544067382812,4510
2017-10-13,19.90909194946289,19.90909194946289,19.672727584838867,19.81818199157715,4620
2017-10-16,19.863636016845703,20.254545211791992,19.863636016845703,20.22727394104004,4180
2017-10-17,19.89090919494629,20.09090805053711,19.77272605895996,20.09090805053711,3080
2017-10-18,19.627273559570312,20.18181800842285,19.627273559570312,20.09090805053711,8030
2017-10-19,20.09090805053711,20.136363983154297,20.09090805053711,20.136363983154297,1210
2017-10-20,20.27272605895996,20.27272605895996,19.90909194946289,20.18181800842285,10230
2017-10-23,20.18181800842285,20.18181800842285,20.0,20.0,1320
2017-10-24,20.045455932617188,20.454544067382812,20.045455932617188,20.454544067382812,59840
2017-10-25,20.363636016845703,20.59090805053711,20.363636016845703,20.454544067382812,13530
2017-10-26,20.454544067382812,20.454544067382812,20.31818199157715,20.454544067382812,4070
2017-10-27,20.454544067382812,20.454544067382812,19.709091186523438,20.09090805053711,33440
2017-10-30,20.18181800842285,20.236364364624023,19.59090805053711,19.59090805053711,13420
2017-10-31,19.77272605895996,19.954544067382812,19.545455932617188,19.59090805053711,10780
2017-11-01,19.863636016845703,19.863636016845703,19.22727394104004,19.22727394104004,5390
2017-11-02,19.363636016845703,19.363636016845703,18.490909576416016,19.22727394104004,9460
2017-11-03,19.27272605895996,19.27272605895996,18.90909194946289,18.90909194946289,7590
2017-11-06,19.045455932617188,19.136363983154297,18.363636016845703,18.5,9460
2017-11-07,18.59090805053711,18.59090805053711,17.72727394104004,17.90909194946289,7150
2017-11-08,17.954544067382812,18.527273178100586,17.5,18.045455932617188,19580
2017-11-09,17.863636016845703,18.136363983154297,17.72727394104004,18.045455932617188,21560
2017-11-10,18.045455932617188,18.309091567993164,18.0,18.045455932617188,4730
2017-11-13,18.0,18.218181610107422,17.90909194946289,18.136363983154297,5940
2017-11-14,18.045455932617188,18.22727394104004,18.045455932617188,18.136363983154297,4290
2017-11-15,18.045455932617188,18.454544067382812,17.863636016845703,18.40909194946289,9130
2017-11-16,18.545455932617188,19.136363983154297,18.545455932617188,18.954544067382812,6050
2017-11-17,18.954544067382812,18.954544067382812,18.5,18.81818199157715,3850
2017-11-20,18.77272605895996,18.863636016845703,18.40909194946289,18.77272605895996,2640
2017-11-21,18.72727394104004,19.045455932617188,18.545455932617188,19.045455932617188,4620
2017-11-22,19.136363983154297,19.136363983154297,18.954544067382812,18.954544067382812,7040
2017-11-24,19.09090805053711,19.09090805053711,18.81818199157715,18.954544067382812,1650
2017-11-27,18.863636016845703,19.045455932617188,18.5,18.81818199157715,2970
2017-11-28,18.954544067382812,19.363636016845703,18.66363525390625,19.18181800842285,9460
2017-11-29,19.31818199157715,19.954544067382812,19.27272605895996,19.81818199157715,7920
2017-11-30,19.81818199157715,19.81818199157715,18.90909194946289,19.0,10120
2017-12-01,19.045455932617188,19.27272605895996,18.59090805053711,19.18181800842285,9130
2017-12-04,19.363636016845703,19.5,19.22727394104004,19.22727394104004,6600
2017-12-05,19.363636016845703,19.363636016845703,19.18181800842285,19.22727394104004,6820
2017-12-06,19.35454559326172,19.35454559326172,19.045455932617188,19.045455932617188,9680
2017-12-07,19.18181800842285,19.22727394104004,18.81818199157715,19.18181800842285,7590
2017-12-08,19.09090805053711,19.09090805053711,18.136363983154297,18.81818199157715,7480
2017-12-11,18.863636016845703,18.863636016845703,18.27272605895996,18.5,5830
2017-12-12,18.59090805053711,18.81818199157715,18.5,18.59090805053711,6490
2017-12-13,18.68181800842285,18.954544067382812,18.636363983154297,18.863636016845703,4620
2017-12-14,18.81818199157715,18.90909194946289,18.454544067382812,18.636363983154297,3740
2017-12-15,18.59090805053711,19.136363983154297,18.490909576416016,19.136363983154297,30690
2017-12-18,18.81818199157715,19.27272605895996,18.81818199157715,19.27272605895996,3300
2017-12-19,18.81818199157715,19.27272605895996,18.72727394104004,19.0,14190
2017-12-20,18.863636016845703,19.09090805053711,18.863636016845703,19.09090805053711,1320
2017-12-21,19.0,19.22727394104004,19.0,19.18181800842285,3630
2017-12-22,19.18181800842285,19.18181800842285,18.77272605895996,18.81818199157715,3740
2017-12-26,18.90909194946289,19.09090805053711,18.72727394104004,18.77272605895996,4730
2017-12-27,19.027273178100586,19.27272605895996,18.936363220214844,19.09090805053711,9460
2017-12-28,19.045455932617188,19.045455932617188,18.68181800842285,18.68181800842285,3630
2017-12-29,19.136363983154297,19.136363983154297,18.68181800842285,18.68181800842285,5390
2018-01-02,18.90909194946289,19.027273178100586,18.545455932617188,18.68181800842285,7150
2018-01-03,18.636363983154297,19.0,18.59090805053711,18.636363983154297,18150
2018-01-04,18.990909576416016,19.27272605895996,18.454544067382812,19.27272605895996,14740
2018-01-05,19.009090423583984,19.009090423583984,18.5,18.68181800842285,3740
2018-01-08,18.59090805053711,18.90909194946289,18.59090805053711,18.863636016845703,6930
2018-01-09,18.81818199157715,19.0,18.454544067382812,19.0,5280
2018-01-10,18.636363983154297,18.954544067382812,18.636363983154297,18.81818199157715,10010
2018-01-11,18.81818199157715,19.0,18.545455932617188,18.68181800842285,29920
2018-01-12,18.77272605895996,19.0,18.77272605895996,18.954544067382812,11330
2018-01-16,19.09090805053711,19.27272605895996,18.59090805053711,18.636363983154297,77110
2018-01-17,18.77272605895996,19.27272605895996,18.636363983154297,19.27272605895996,114840
2018-01-18,18.72727394104004,19.545455932617188,18.72727394104004,19.136363983154297,4510
2018-01-19,19.27272605895996,19.363636016845703,19.18181800842285,19.27272605895996,4620
2018-01-22,19.363636016845703,19.363636016845703,18.94545555114746,19.363636016845703,3080
2018-01-23,18.0,19.27272605895996,18.0,18.81818199157715,2200
2018-01-24,19.09090805053711,19.454544067382812,18.781818389892578,19.22727394104004,6820
2018-01-25,19.18181800842285,19.22727394104004,18.59090805053711,18.863636016845703,7040
2018-01-26,18.954544067382812,18.954544067382812,18.27272605895996,18.545455932617188,4950
2018-01-29,18.31818199157715,19.172727584838867,18.09090805053711,18.09090805053711,6160
2018-01-30,18.09090805053711,18.372726440429688,17.636363983154297,18.363636016845703,4510
2018-01-31,18.59090805053711,18.59090805053711,18.31818199157715,18.31818199157715,4180
2018-02-01,18.40909194946289,19.0,18.363636016845703,18.545455932617188,3520
2018-02-02,18.045455932617188,18.18181800842285,17.545455932617188,17.863636016845703,14190
2018-02-05,17.636363983154297,17.77272605895996,17.5,17.59090805053711,18040
2018-02-06,17.5,18.0,17.5,17.59090805053711,12980
2018-02-07,17.40909194946289,18.136363983154297,17.39090919494629,17.89090919494629,31240
2018-02-08,18.045455932617188,18.18181800842285,17.59090805053711,17.72727394104004,17490
2018-02-09,17.81818199157715,18.5,17.81818199157715,18.5,31240
2018-02-12,18.363636016845703,18.636363983154297,18.16363525390625,18.31818199157715,29920
2018-02-13,18.27272605895996,18.81818199157715,18.27272605895996,18.636363983154297,6160
2018-02-14,18.5,19.0,18.5,18.636363983154297,5830
2018-02-15,18.863636016845703,19.136363983154297,18.863636016845703,19.136363983154297,10450
2018-02-16,19.0,19.254545211791992,18.954544067382812,19.045455932617188,22770
2018-02-20,18.77272605895996,18.863636016845703,18.636363983154297,18.636363983154297,6270
2018-02-21,19.31818199157715,19.31818199157715,18.72727394104004,19.136363983154297,4840
2018-02-22,19.045455932617188,19.127273559570312,19.0,19.0,3740
2018-02-23,18.72727394104004,19.31818199157715,18.72727394104004,19.136363983154297,6820
2018-02-26,18.90909194946289,19.09090805053711,18.72727394104004,19.09090805053711,25960
2018-02-27,19.27272605895996,19.363636016845703,19.0,19.09090805053711,6820
2018-02-28,19.0,19.09090805053711,18.736364364624023,18.863636016845703,9020
2018-03-01,18.81818199157715,19.045455932617188,18.5,18.72727394104004,9240
2018-03-02,18.77272605895996,19.100000381469727,18.68181800842285,18.77272605895996,3300
2018-03-05,19.18181800842285,19.18181800842285,19.045455932617188,19.118181228637695,11990
2018-03-06,19.0,19.09090805053711,18.954544067382812,18.954544067382812,7370
2018-03-07,19.0181827545166,19.09090805053711,18.81818199157715,18.954544067382812,7810
2018-03-08,18.72727394104004,18.90909194946289,18.59090805053711,18.81818199157715,8690
2018-03-09,18.90909194946289,19.118181228637695,18.90909194946289,19.045455932617188,31570
2018-03-12,18.399999618530273,18.954544067382812,18.399999618530273,18.954544067382812,15730
2018-03-13,18.863636016845703,19.09090805053711,18.27272605895996,18.81818199157715,9570
2018-03-14,18.5,19.0,18.5,18.77272605895996,11220
2018-03-15,18.81818199157715,18.954544067382812,18.60909080505371,18.81818199157715,7040
2018-03-16,18.72727394104004,19.68181800842285,18.72727394104004,19.68181800842285,62370
2018-03-19,19.545455932617188,19.545455932617188,18.863636016845703,18.954544067382812,29480
2018-03-20,18.954544067382812,19.0,18.863636016845703,18.90909194946289,11220
2018-03-21,18.881818771362305,18.9818172454834,18.654544830322266,18.68181800842285,30140
2018-03-22,18.636363983154297,18.636363983154297,18.18181800842285,18.31818199157715,16610
2018-03-23,18.18181800842285,18.863636016845703,18.045455932617188,18.59090805053711,40370
2018-03-26,18.863636016845703,19.045455932617188,18.363636016845703,19.0,18260
2018-03-27,18.81818199157715,18.936363220214844,18.363636016845703,18.5,8470
2018-03-28,18.454544067382812,18.863636016845703,18.39090919494629,18.68181800842285,12430
2018-03-29,18.59090805053711,18.90909194946289,18.59090805053711,18.90909194946289,19140
2018-04-02,18.90909194946289,19.09090805053711,18.636363983154297,18.81818199157715,12430
2018-04-03,18.954544067382812,19.09090805053711,18.77272605895996,19.0,30030
2018-04-04,19.045455932617188,19.218181610107422,18.77272605895996,18.90909194946289,29260
2018-04-05,18.90909194946289,19.0,18.81818199157715,18.90909194946289,30690
2018-04-06,18.954544067382812,19.136363983154297,18.81818199157715,18.90909194946289,16170
2018-04-09,19.045455932617188,19.045455932617188,18.81818199157715,18.81818199157715,7150
2018-04-10,18.81818199157715,18.954544067382812,18.77272605895996,18.81818199157715,15180
2018-04-11,19.045455932617188,19.045455932617188,18.81818199157715,18.90909194946289,9020
2018-04-12,18.90909194946289,19.0,18.77272605895996,18.77272605895996,9570
2018-04-13,18.90909194946289,19.045455932617188,18.863636016845703,18.90909194946289,6490
2018-04-16,19.09090805053711,19.27272605895996,19.0,19.136363983154297,13750
2018-04-17,19.209091186523438,20.454544067382812,19.09090805053711,20.40909194946289,27280
2018-04-18,20.40909194946289,21.81818199157715,20.218181610107422,21.045455932617188,14960
2018-04-19,21.5,21.68181800842285,21.18181800842285,21.545455932617188,26070
2018-04-20,21.40909194946289,22.22727394104004,20.936363220214844,21.045455932617188,40480
2018-04-23,21.0,21.59090805053711,20.863636016845703,21.09090805053711,22000
2018-04-24,21.136363983154297,21.454544067382812,21.0,21.363636016845703,22550
2018-04-25,21.31818199157715,22.31818199157715,21.18181800842285,21.72727394104004,22550
2018-04-26,21.68181800842285,21.72727394104004,21.5,21.5,20130
2018-04-27,21.545455932617188,21.83636474609375,21.31818199157715,21.545455932617188,12100
2018-04-30,21.81818199157715,21.81818199157715,21.18181800842285,21.31818199157715,20900
2018-05-01,21.136363983154297,21.27272605895996,21.09090805053711,21.136363983154297,8800
2018-05-02,21.0,21.0,20.454544067382812,20.81818199157715,79310
2018-05-03,19.045455932617188,19.045455932617188,18.40909194946289,18.81818199157715,35750
2018-05-04,18.81818199157715,19.09090805053711,18.618181228637695,18.68181800842285,19250
2018-05-07,18.72727394104004,19.0,18.68181800842285,18.77272605895996,9680
2018-05-08,18.863636016845703,19.0,18.77272605895996,18.863636016845703,11990
2018-05-09,18.863636016845703,19.07272720336914,18.72727394104004,18.863636016845703,39600
2018-05-10,18.81818199157715,18.972726821899414,18.72727394104004,18.77272605895996,189200
2018-05-11,18.77272605895996,18.863636016845703,18.5,18.72727394104004,26510
2018-05-14,18.72727394104004,18.863636016845703,18.40909194946289,18.59090805053711,12320
2018-05-15,18.59090805053711,18.799999237060547,18.59090805053711,18.636363983154297,11660
2018-05-16,18.636363983154297,18.81818199157715,18.27272605895996,18.454544067382812,136180
2018-05-17,18.5,18.72727394104004,18.5,18.545455932617188,22220
2018-05-18,18.636363983154297,18.77272605895996,18.545455932617188,18.59090805053711,22110
2018-05-21,18.59090805053711,19.0,18.545455932617188,19.0,333520
2018-05-22,19.045455932617188,19.31818199157715,19.045455932617188,19.22727394104004,16500
2018-05-23,19.31818199157715,19.90909194946289,19.31818199157715,19.636363983154297,217910
2018-05-24,19.68181800842285,20.22727394104004,19.39090919494629,19.954544067382812,16170
2018-05-25,20.0,20.18181800842285,20.0,20.136363983154297,10670
2018-05-29,20.136363983154297,20.27272605895996,19.954544067382812,20.18181800842285,10450
2018-05-30,20.27272605895996,20.40909194946289,20.09090805053711,20.22727394104004,14520
2018-05-31,20.27272605895996,20.31818199157715,19.68181800842285,19.954544067382812,21120
2018-06-01,20.09090805053711,20.31818199157715,20.09090805053711,20.31818199157715,9130
2018-06-04,20.31818199157715,20.418182373046875,20.09090805053711,20.136363983154297,27060
2018-06-05,20.18181800842285,20.22727394104004,19.81818199157715,20.18181800842285,9790
2018-06-06,20.045455932617188,20.68181800842285,20.045455932617188,20.59090805053711,21450
2018-06-07,20.59090805053711,20.77272605895996,20.045455932617188,20.363636016845703,10560
2018-06-08,20.31818199157715,20.59090805053711,20.0,20.09090805053711,17380
2018-06-11,20.0,20.636363983154297,19.81818199157715,20.363636016845703,23650
2018-06-12,20.363636016845703,20.454544067382812,20.0,20.454544067382812,24530
2018-06-13,20.07272720336914,20.90909194946289,20.07272720336914,20.863636016845703,20020
2018-06-14,20.90909194946289,20.90909194946289,20.40909194946289,20.545455932617188,34540
2018-06-15,20.5,21.363636016845703,20.200000762939453,21.09090805053711,103730
2018-06-18,20.954544067382812,21.68181800842285,20.954544067382812,21.09090805053711,39270
2018-06-19,21.0,21.5,21.0,21.363636016845703,27170
2018-06-20,21.40909194946289,21.72727394104004,21.345455169677734,21.68181800842285,16830
2018-06-21,21.636363983154297,22.545455932617188,21.5,22.136363983154297,29260
2018-06-22,21.954544067382812,22.363636016845703,21.90909194946289,22.09090805053711,90310
2018-06-25,21.90909194946289,22.27272605895996,21.863636016845703,21.863636016845703,10230
2018-06-26,22.09090805053711,22.09090805053711,21.618181228637695,21.90909194946289,10120
2018-06-27,21.954544067382812,22.27272605895996,21.22727394104004,21.27272605895996,22550
2018-06-28,21.27272605895996,21.72727394104004,20.81818199157715,21.5,17490
2018-06-29,21.563636779785156,21.636363983154297,21.5,21.5,16500
2018-07-02,21.454544067382812,21.68181800842285,21.31818199157715,21.636363983154297,17930
2018-07-03,21.68181800842285,21.954544067382812,21.5,21.72727394104004,3630
2018-07-05,21.77272605895996,21.77272605895996,21.636363983154297,21.72727394104004,9900
2018-07-06,21.77272605895996,21.77272605895996,21.454544067382812,21.545455932617188,8470
2018-07-09,21.59090805053711,22.0,21.59090805053711,21.954544067382812,16940
2018-07-10,21.954544067382812,22.09090805053711,21.59090805053711,21.72727394104004,10780
2018-07-11,21.136363983154297,22.09090805053711,21.136363983154297,21.68181800842285,29700
2018-07-12,21.72727394104004,21.72727394104004,21.045455932617188,21.40909194946289,6600
2018-07-13,21.27272605895996,21.40909194946289,21.22727394104004,21.22727394104004,11550
2018-07-16,21.363636016845703,21.4818172454834,21.27272605895996,21.363636016845703,7920
2018-07-17,21.245454788208008,21.59090805053711,21.09090805053711,21.27272605895996,9900
2018-07-18,21.40909194946289,21.40909194946289,20.90909194946289,21.18181800842285,10120
2018-07-19,20.954544067382812,21.72727394104004,20.954544067382812,21.636363983154297,16720
2018-07-20,21.81818199157715,22.0,21.545455932617188,21.59090805053711,49500
2018-07-23,21.545455932617188,21.68181800842285,21.18181800842285,21.454544067382812,7920
2018-07-24,21.454544067382812,21.72727394104004,21.454544067382812,21.68181800842285,13640
2018-07-25,21.72727394104004,21.81818199157715,21.59090805053711,21.72727394104004,3520
2018-07-26,21.68181800842285,22.0,21.636363983154297,22.0,13750
2018-07-27,22.136363983154297,22.136363983154297,21.5,21.545455932617188,13860
2018-07-30,21.545455932617188,22.09090805053711,21.27272605895996,21.363636016845703,28160
2018-07-31,21.363636016845703,21.68181800842285,21.363636016845703,21.454544067382812,41360
2018-08-01,21.454544067382812,21.9818172454834,21.31818199157715,21.363636016845703,41800
2018-08-02,21.363636016845703,21.72727394104004,21.18181800842285,21.363636016845703,70840
2018-08-03,21.363636016845703,21.72727394104004,21.045455932617188,21.31818199157715,11880
2018-08-06,21.5,21.5,21.27272605895996,21.31818199157715,13750
2018-08-07,21.22727394104004,21.363636016845703,20.636363983154297,21.18181800842285,12650
2018-08-08,21.31818199157715,21.363636016845703,21.22727394104004,21.363636016845703,9020
2018-08-09,21.363636016845703,21.5,21.31818199157715,21.454544067382812,19250
2018-08-10,21.363636016845703,21.81818199157715,21.363636016845703,21.545455932617188,6710
2018-08-13,21.136363983154297,21.59090805053711,21.136363983154297,21.363636016845703,12980
2018-08-14,21.0,21.40909194946289,21.0,21.136363983154297,28050
2018-08-15,19.68181800842285,20.954544067382812,19.68181800842285,20.636363983154297,11330
2018-08-16,20.68181800842285,21.045455932617188,20.5,20.545455932617188,15510
2018-08-17,20.40909194946289,20.600000381469727,20.254545211791992,20.363636016845703,28490
2018-08-20,20.363636016845703,20.563636779785156,20.09090805053711,20.18181800842285,15730
2018-08-21,20.09090805053711,20.363636016845703,20.09090805053711,20.136363983154297,27280
2018-08-22,20.18181800842285,20.31818199157715,19.81818199157715,20.27272605895996,15950
2018-08-23,20.454544067382812,20.81818199157715,20.363636016845703,20.81818199157715,10780
2018-08-24,20.68181800842285,21.136363983154297,20.636363983154297,20.90909194946289,12650
2018-08-27,21.31818199157715,21.81818199157715,21.045455932617188,21.136363983154297,37400
2018-08-28,21.18181800842285,21.22727394104004,21.09090805053711,21.09090805053711,21560
2018-08-29,21.16363525390625,21.16363525390625,21.07272720336914,21.136363983154297,31350
2018-08-30,21.136363983154297,21.27272605895996,20.90909194946289,21.136363983154297,23980
2018-08-31,21.136363983154297,21.136363983154297,20.90909194946289,20.954544067382812,58080
2018-09-04,21.0,21.136363983154297,20.90909194946289,21.09090805053711,8360
2018-09-05,21.136363983154297,21.18181800842285,20.954544067382812,21.045455932617188,18810
2018-09-06,21.0181827545166,21.136363983154297,20.77272605895996,20.863636016845703,11330
2018-09-07,21.136363983154297,21.136363983154297,20.59090805053711,20.81818199157715,10010
2018-09-10,21.045455932617188,21.136363983154297,20.90909194946289,21.045455932617188,17050
2018-09-11,20.9818172454834,21.136363983154297,20.9818172454834,21.136363983154297,18480
2018-09-12,21.136363983154297,21.136363983154297,20.90909194946289,21.0,8580
2018-09-13,21.136363983154297,21.18181800842285,20.90909194946289,21.0,7370
2018-09-14,21.0,21.136363983154297,21.0,21.0,12760
2018-09-17,21.0,21.31818199157715,20.81818199157715,20.90909194946289,11990
2018-09-18,21.0,21.09090805053711,20.68181800842285,20.954544067382812,10670
2018-09-19,20.954544067382812,21.136363983154297,20.954544067382812,20.954544067382812,20680
2018-09-20,21.09090805053711,21.136363983154297,20.954544067382812,20.954544067382812,19360
2018-09-21,20.90909194946289,21.045455932617188,20.90909194946289,20.90909194946289,23870
2018-09-24,21.045455932617188,21.045455932617188,20.27272605895996,20.363636016845703,24640
2018-09-25,20.5,20.68181800842285,20.18181800842285,20.40909194946289,14630
2018-09-26,20.545455932617188,20.636363983154297,20.454544067382812,20.5,8690
2018-09-27,20.5,20.59090805053711,20.454544067382812,20.545455932617188,6270
2018-09-28,20.72727394104004,20.77272605895996,20.27272605895996,20.40909194946289,7590
2018-10-01,20.27272605895996,20.527273178100586,20.09090805053711,20.209091186523438,7370
2018-10-02,20.245454788208008,20.5,19.863636016845703,19.96363639831543,19690
2018-10-03,20.4818172454834,20.4818172454834,20.009090423583984,20.327272415161133,9350
2018-10-04,20.190908432006836,20.42727279663086,20.190908432006836,20.33636474609375,6490
2018-10-05,20.418182373046875,20.5181827545166,19.954544067382812,19.972726821899414,5830
2018-10-08,20.09090805053711,20.490909576416016,19.9818172454834,20.10909080505371,6050
2018-10-09,20.22727394104004,20.581817626953125,19.799999237060547,20.16363525390625,12650
2018-10-10,20.59090805053711,20.59090805053711,19.918182373046875,19.918182373046875,9240
2018-10-11,19.72727394104004,20.309091567993164,19.72727394104004,19.92727279663086,8910
2018-10-12,20.0,20.172727584838867,19.436363220214844,19.581817626953125,13420
2018-10-15,19.636363983154297,19.809091567993164,19.636363983154297,19.68181800842285,3520
2018-10-16,19.81818199157715,19.881818771362305,18.77272605895996,18.799999237060547,11990
2018-10-17,18.781818389892578,18.781818389892578,17.472726821899414,18.05454444885254,29260
2018-10-18,17.763635635375977,18.05454444885254,17.563636779785156,17.690908432006836,20790
2018-10-19,17.53636360168457,17.690908432006836,17.5181827545166,17.690908432006836,16940
2018-10-22,17.53636360168457,18.009090423583984,17.53636360168457,17.918182373046875,17160
2018-10-23,17.763635635375977,17.96363639831543,17.581817626953125,17.700000762939453,10890
2018-10-24,17.827272415161133,17.85454559326172,17.454544067382812,17.454544067382812,9020
2018-10-25,17.690908432006836,19.0,17.690908432006836,18.627273559570312,50820
2018-10-26,18.690908432006836,18.690908432006836,18.418182373046875,18.57272720336914,9130
2018-10-29,18.718181610107422,19.60909080505371,18.509090423583984,18.60909080505371,18040
2018-10-30,18.5,18.636363983154297,17.845455169677734,17.972726821899414,20460
2018-10-31,18.18181800842285,18.18181800842285,17.40909194946289,17.94545555114746,17490
2018-11-01,17.863636016845703,18.063636779785156,17.68181800842285,18.03636360168457,6930
2018-11-02,18.127273559570312,18.527273178100586,17.899999618530273,18.045455932617188,8800
2018-11-05,18.254545211791992,18.254545211791992,17.81818199157715,17.81818199157715,4400
2018-11-06,17.83636474609375,18.299999237060547,17.81818199157715,17.918182373046875,3410
2018-11-07,17.90909194946289,18.381818771362305,17.89090919494629,17.954544067382812,7480
2018-11-08,17.89090919494629,18.127273559570312,17.81818199157715,18.127273559570312,42680
2018-11-09,18.136363983154297,18.27272605895996,17.94545555114746,17.94545555114746,14630
2018-11-12,18.045455932617188,18.18181800842285,18.0,18.0,5830
2018-11-13,18.14545440673828,18.18181800842285,18.0181827545166,18.09090805053711,10340
2018-11-14,18.081817626953125,18.18181800842285,17.954544067382812,18.0,8030
2018-11-15,17.990909576416016,18.0181827545166,17.90909194946289,17.954544067382812,15290
2018-11-16,17.936363220214844,18.07272720336914,17.827272415161133,17.83636474609375,6050
2018-11-19,17.90909194946289,17.94545555114746,17.72727394104004,17.72727394104004,6710
2018-11-20,17.72727394104004,17.809091567993164,17.57272720336914,17.64545440673828,3410
2018-11-21,17.790908813476562,17.790908813476562,17.5,17.545455932617188,53130
2018-11-23,17.527273178100586,17.654544830322266,17.27272605895996,17.472726821899414,17270
2018-11-26,17.418182373046875,17.700000762939453,17.27272605895996,17.42727279663086,8910
2018-11-27,17.636363983154297,17.636363983154297,17.33636474609375,17.454544067382812,5830
2018-11-28,17.436363220214844,17.627273559570312,17.31818199157715,17.35454559326172,81950
2018-11-29,17.254545211791992,17.4818172454834,17.254545211791992,17.35454559326172,7040
2018-11-30,17.27272605895996,17.5,17.16363525390625,17.263635635375977,23650
2018-12-03,17.31818199157715,17.363636016845703,16.745454788208008,16.809091567993164,11660
2018-12-04,16.827272415161133,17.200000762939453,16.545455932617188,16.627273559570312,12210
2018-12-06,16.545455932617188,16.872726440429688,16.33636474609375,16.781818389892578,11110
2018-12-07,16.627273559570312,16.77272605895996,16.363636016845703,16.709091186523438,25080
2018-12-10,16.545455932617188,16.581817626953125,15.190909385681152,15.263635635375977,110660
2018-12-11,15.318181991577148,16.009090423583984,15.318181991577148,15.745454788208008,17820
2018-12-12,15.918182373046875,16.263635635375977,15.918182373046875,16.209091186523438,24200
2018-12-13,16.363636016845703,16.363636016845703,16.009090423583984,16.254545211791992,11550
2018-12-14,16.327272415161133,16.472726821899414,16.05454444885254,16.154544830322266,17820
2018-12-17,16.18181800842285,16.372726440429688,15.854544639587402,16.0181827545166,8030
2018-12-18,16.154544830322266,16.190908432006836,15.9909086227417,15.9909086227417,9350
2018-12-19,16.136363983154297,16.136363983154297,15.354544639587402,15.754545211791992,9790
2018-12-20,15.745454788208008,16.03636360168457,15.56363582611084,15.681818008422852,15400
2018-12-21,15.454545021057129,15.681818008422852,15.318181991577148,15.32727336883545,49830
2018-12-24,15.32727336883545,15.690909385681152,15.32727336883545,15.363636016845703,5720
2018-12-26,15.527273178100586,15.545454978942871,15.354544639587402,15.43636417388916,26730
2018-12-27,15.418182373046875,15.800000190734863,15.418182373046875,15.43636417388916,51260
2018-12-28,15.627272605895996,17.399999618530273,15.454545021057129,17.236364364624023,89540
2018-12-31,17.236364364624023,17.809091567993164,16.83636474609375,17.0181827545166,19690
2019-01-02,17.09090805053711,17.545455932617188,17.045455932617188,17.545455932617188,8140
2019-01-03,17.5181827545166,17.736364364624023,17.27272605895996,17.363636016845703,10010
2019-01-04,17.527273178100586,17.881818771362305,17.527273178100586,17.700000762939453,7040
2019-01-07,17.709091186523438,17.809091567993164,17.636363983154297,17.77272605895996,9900
2019-01-08,17.781818389892578,18.045455932617188,17.709091186523438,17.89090919494629,5170
2019-01-09,17.899999618530273,18.0,17.18181800842285,17.563636779785156,7370
2019-01-10,17.254545211791992,17.527273178100586,16.881818771362305,16.881818771362305,2970
2019-01-11,16.94545555114746,16.94545555114746,16.190908432006836,16.5181827545166,6490
2019-01-14,16.636363983154297,16.72727394104004,16.636363983154297,16.68181800842285,4620
2019-01-15,16.68181800842285,16.918182373046875,16.672727584838867,16.672727584838867,2310
2019-01-16,16.68181800842285,17.18181800842285,16.68181800842285,17.100000381469727,6930
2019-01-17,17.18181800842285,17.245454788208008,16.60909080505371,16.94545555114746,7370
2019-01-18,16.89090919494629,17.363636016845703,16.89090919494629,17.190908432006836,6380
2019-01-22,17.045455932617188,17.045455932617188,16.509090423583984,16.509090423583984,13860
2019-01-23,16.490909576416016,17.18181800842285,16.39090919494629,17.18181800842285,11880
2019-01-24,17.127273559570312,17.136363983154297,16.636363983154297,16.709091186523438,4180
2019-01-25,17.636363983154297,19.081817626953125,17.363636016845703,17.700000762939453,32010
2019-01-28,17.72727394104004,17.9818172454834,17.5,17.5,27390
2019-01-29,18.009090423583984,18.009090423583984,17.59090805053711,17.64545440673828,9570
2019-01-30,17.85454559326172,18.027273178100586,17.59090805053711,17.72727394104004,15840
2019-01-31,17.654544830322266,18.39090919494629,17.600000381469727,17.83636474609375,21120
2019-02-01,17.990909576416016,17.990909576416016,17.436363220214844,17.68181800842285,9350
2019-02-04,17.636363983154297,18.545455932617188,17.581817626953125,18.18181800842285,21120
2019-02-05,18.18181800842285,18.527273178100586,17.92727279663086,18.127273559570312,16610
2019-02-06,18.127273559570312,18.545455932617188,18.127273559570312,18.327272415161133,9790
2019-02-07,18.454544067382812,18.690908432006836,18.290908813476562,18.581817626953125,28380
2019-02-08,18.64545440673828,18.827272415161133,18.5,18.5,10670
2019-02-11,18.64545440673828,19.045455932617188,18.42727279663086,18.57272720336914,16940
2019-02-12,18.94545555114746,19.172727584838867,18.42727279663086,19.05454444885254,22220
2019-02-13,19.0,19.09090805053711,18.672727584838867,19.09090805053711,4840
2019-02-14,19.0,19.363636016845703,19.0,19.154544830322266,4400
2019-02-15,19.190908432006836,19.436363220214844,18.954544067382812,18.96363639831543,21890
2019-02-19,19.0181827545166,19.763635635375977,19.0181827545166,19.763635635375977,15730
2019-02-20,19.55454444885254,19.81818199157715,19.55454444885254,19.72727394104004,15180
2019-02-21,19.763635635375977,20.027273178100586,19.763635635375977,19.96363639831543,30030
2019-02-22,20.172727584838867,20.90909194946289,20.0,20.899999618530273,39930
2019-02-25,20.89090919494629,21.59090805053711,20.14545440673828,20.172727584838867,51480
2019-02-26,20.200000762939453,20.490909576416016,19.77272605895996,20.236364364624023,23650
2019-02-27,20.799999237060547,20.799999237060547,20.754545211791992,20.754545211791992,1210
2019-02-28,20.718181610107422,20.72727394104004,20.172727584838867,20.172727584838867,11550
2019-03-01,20.299999237060547,20.454544067382812,20.009090423583984,20.154544830322266,6160
2019-03-04,20.10909080505371,20.10909080505371,19.754545211791992,19.790908813476562,4070
2019-03-05,19.736364364624023,19.77272605895996,19.55454444885254,19.672727584838867,4400
2019-03-06,19.563636779785156,20.118181228637695,19.281818389892578,19.281818389892578,18370
2019-03-07,19.46363639831543,19.954544067382812,19.281818389892578,19.281818389892578,8800
2019-03-08,19.218181610107422,19.5,19.100000381469727,19.100000381469727,10230
2019-03-11,19.136363983154297,19.990909576416016,19.09090805053711,19.245454788208008,18260
2019-03-12,19.44545555114746,19.618181228637695,19.154544830322266,19.46363639831543,8250
2019-03-13,19.33636474609375,19.436363220214844,19.100000381469727,19.154544830322266,12870
2019-03-14,19.27272605895996,19.345455169677734,19.16363525390625,19.190908432006836,28380
2019-03-15,19.190908432006836,19.46363639831543,19.18181800842285,19.345455169677734,31130
2019-03-18,19.236364364624023,19.654544830322266,18.372726440429688,19.618181228637695,5610
2019-03-19,19.55454444885254,19.754545211791992,19.345455169677734,19.345455169677734,4400
2019-03-20,19.53636360168457,19.53636360168457,19.154544830322266,19.290908813476562,3300
2019-03-21,19.31818199157715,19.627273559570312,18.31818199157715,18.418182373046875,29370
2019-03-22,18.44545555114746,18.68181800842285,17.845455169677734,17.954544067382812,47300
2019-03-25,18.10909080505371,18.327272415161133,17.872726440429688,18.327272415161133,35200
2019-03-26,18.31818199157715,18.40909194946289,18.03636360168457,18.081817626953125,32450
2019-03-27,18.09090805053711,18.60909080505371,18.0,18.18181800842285,13640
2019-03-28,18.027273178100586,18.600000381469727,18.027273178100586,18.5,10890
2019-03-29,18.46363639831543,19.03636360168457,18.281818389892578,18.990909576416016,51590
2019-04-01,19.136363983154297,19.654544830322266,19.03636360168457,19.254545211791992,25300
2019-04-02,19.281818389892578,19.581817626953125,19.172727584838867,19.44545555114746,8910
2019-04-03,19.72727394104004,19.809091567993164,19.55454444885254,19.700000762939453,9020
2019-04-04,19.53636360168457,19.763635635375977,19.40909194946289,19.40909194946289,1870
2019-04-05,19.327272415161133,19.636363983154297,19.327272415161133,19.636363983154297,2640
2019-04-08,19.545455932617188,19.77272605895996,19.31818199157715,19.600000381469727,14740
2019-04-09,19.545455932617188,19.754545211791992,19.509090423583984,19.509090423583984,16720
2019-04-10,19.363636016845703,19.94545555114746,19.363636016845703,19.94545555114746,6930
2019-04-11,20.0,20.0,19.5,19.799999237060547,7590
2019-04-12,19.918182373046875,20.0,19.85454559326172,19.872726440429688,3300
2019-04-15,20.0,20.35454559326172,19.990909576416016,20.10909080505371,13860
2019-04-16,19.81818199157715,21.263635635375977,19.81818199157715,20.918182373046875,32230
2019-04-17,21.172727584838867,21.81818199157715,21.081817626953125,21.690908432006836,20790
2019-04-18,21.55454444885254,21.827272415161133,20.94545555114746,21.39090919494629,22110
2019-04-22,21.55454444885254,21.55454444885254,20.454544067382812,20.600000381469727,14410
2019-04-23,20.672727584838867,20.68181800842285,20.100000381469727,20.454544067382812,14630
2019-04-24,20.44545555114746,20.44545555114746,19.327272415161133,19.736364364624023,17160
2019-04-25,19.700000762939453,19.94545555114746,19.700000762939453,19.83636474609375,19360
2019-04-26,19.899999618530273,19.96363639831543,19.754545211791992,19.763635635375977,7480
2019-04-29,20.063636779785156,20.89090919494629,20.03636360168457,20.81818199157715,27830
2019-04-30,20.33636474609375,20.81818199157715,20.31818199157715,20.799999237060547,11440
2019-05-01,20.509090423583984,20.799999237060547,20.327272415161133,20.46363639831543,6930
2019-05-02,20.33636474609375,20.618181228637695,20.33636474609375,20.563636779785156,9570
2019-05-03,20.472726821899414,20.83636474609375,20.44545555114746,20.509090423583984,28710
2019-05-06,20.22727394104004,20.545455932617188,20.22727394104004,20.46363639831543,6270
2019-05-07,20.490909576416016,20.53636360168457,19.863636016845703,20.236364364624023,8910
2019-05-08,20.418182373046875,20.4818172454834,20.172727584838867,20.172727584838867,7040
2019-05-09,19.718181610107422,20.254545211791992,19.718181610107422,19.92727279663086,5500
2019-05-10,19.899999618530273,19.96363639831543,19.845455169677734,19.90909194946289,6050
2019-05-13,19.872726440429688,19.872726440429688,18.363636016845703,18.627273559570312,42460
2019-05-14,18.827272415161133,19.381818771362305,18.209091186523438,19.35454559326172,26620
2019-05-15,19.09090805053711,19.954544067382812,18.81818199157715,19.363636016845703,19910
2019-05-16,19.345455169677734,19.418182373046875,19.118181228637695,19.263635635375977,9020
2019-05-17,19.18181800842285,19.68181800842285,18.89090919494629,19.218181610107422,8690
2019-05-20,19.209091186523438,19.299999237060547,18.509090423583984,19.218181610107422,11550
2019-05-21,19.42727279663086,19.55454444885254,19.27272605895996,19.31818199157715,6380
2019-05-22,18.66363525390625,19.31818199157715,18.636363983154297,19.172727584838867,15290
2019-05-23,18.90909194946289,19.33636474609375,18.636363983154297,19.31818199157715,31460
2019-05-24,19.31818199157715,19.31818199157715,18.781818389892578,19.31818199157715,13750
2019-05-28,19.290908813476562,19.31818199157715,18.83636474609375,19.236364364624023,16280
2019-05-29,19.081817626953125,19.081817626953125,18.5181827545166,18.68181800842285,19360
2019-05-30,18.68181800842285,19.200000762939453,18.299999237060547,18.436363220214844,15510
2019-05-31,18.209091186523438,18.59090805053711,17.745454788208008,18.454544067382812,22880
2019-06-03,18.42727279663086,19.27272605895996,18.363636016845703,19.263635635375977,22330
2019-06-04,19.31818199157715,19.72727394104004,19.27272605895996,19.60909080505371,16280
2019-06-05,19.627273559570312,19.881818771362305,19.545455932617188,19.59090805053711,24640
2019-06-06,19.799999237060547,20.009090423583984,19.60909080505371,19.81818199157715,8800
2019-06-07,19.545455932617188,20.218181610107422,19.545455932617188,19.89090919494629,12540
2019-06-10,19.954544067382812,20.545455932617188,19.954544067382812,20.490909576416016,14190
2019-06-11,20.22727394104004,20.68181800842285,20.10909080505371,20.672727584838867,24420
2019-06-12,20.563636779785156,20.90909194946289,20.39090919494629,20.881818771362305,22440
2019-06-13,20.90909194946289,21.31818199157715,20.436363220214844,21.0,47080
2019-06-14,20.81818199157715,21.799999237060547,20.66363525390625,21.59090805053711,21010
2019-06-17,21.600000381469727,22.136363983154297,21.345455169677734,21.96363639831543,37180
2019-06-18,22.03636360168457,22.22727394104004,21.690908432006836,21.81818199157715,21340
2019-06-19,22.045455932617188,22.18181800842285,21.59090805053711,21.863636016845703,45100
2019-06-20,21.81818199157715,21.9818172454834,21.236364364624023,21.545455932617188,13750
2019-06-21,21.40909194946289,21.936363220214844,20.936363220214844,21.936363220214844,62920
2019-06-24,21.754545211791992,21.81818199157715,21.14545440673828,21.18181800842285,31240
2019-06-25,20.781818389892578,21.345455169677734,20.72727394104004,21.245454788208008,14850
2019-06-26,20.55454444885254,21.35454559326172,20.55454444885254,21.31818199157715,11110
2019-06-27,21.345455169677734,21.363636016845703,20.9818172454834,21.35454559326172,32120
2019-06-28,21.363636016845703,22.045455932617188,21.33636474609375,21.77272605895996,309870
2019-07-01,21.90909194946289,21.9818172454834,21.64545440673828,21.899999618530273,18590
2019-07-02,22.0,22.09090805053711,21.045455932617188,21.299999237060547,19030
2019-07-03,21.345455169677734,21.345455169677734,21.136363983154297,21.245454788208008,6050
2019-07-05,21.31818199157715,21.509090423583984,21.154544830322266,21.372726440429688,6710
2019-07-08,21.327272415161133,21.936363220214844,20.918182373046875,21.77272605895996,29920
2019-07-09,21.763635635375977,21.809091567993164,21.4818172454834,21.72727394104004,10670
2019-07-10,21.627273559570312,21.781818389892578,20.90909194946289,21.700000762939453,8580
2019-07-11,21.718181610107422,21.718181610107422,20.936363220214844,21.39090919494629,9460
2019-07-12,21.436363220214844,21.627273559570312,21.236364364624023,21.399999618530273,22550
2019-07-15,21.245454788208008,21.281818389892578,20.690908432006836,21.254545211791992,16280
2019-07-16,21.245454788208008,21.709091186523438,21.03636360168457,21.64545440673828,12650
2019-07-17,21.627273559570312,21.81818199157715,21.472726821899414,21.72727394104004,23100
2019-07-18,21.77272605895996,21.77272605895996,21.490909576416016,21.64545440673828,15950
2019-07-19,21.472726821899414,21.781818389892578,21.40909194946289,21.60909080505371,10560
2019-07-22,21.72727394104004,21.781818389892578,21.22727394104004,21.781818389892578,11000
2019-07-23,21.59090805053711,22.045455932617188,21.59090805053711,21.654544830322266,23430
2019-07-24,21.654544830322266,21.954544067382812,21.654544830322266,21.745454788208008,7590
2019-07-25,21.745454788208008,21.745454788208008,21.545455932617188,21.545455932617188,7370
2019-07-26,21.545455932617188,21.990909576416016,21.545455932617188,21.68181800842285,20130
2019-07-29,21.709091186523438,21.90909194946289,21.600000381469727,21.600000381469727,14520
2019-07-30,21.563636779785156,21.863636016845703,21.563636779785156,21.68181800842285,10340
2019-07-31,21.718181610107422,22.0,21.690908432006836,21.790908813476562,19360
2019-08-01,21.863636016845703,21.90909194946289,21.045455932617188,21.07272720336914,20350
2019-08-02,20.89090919494629,20.89090919494629,20.618181228637695,20.672727584838867,6050
2019-08-05,20.5,20.5,19.863636016845703,19.863636016845703,11660
2019-08-06,20.05454444885254,20.14545440673828,19.827272415161133,19.827272415161133,6820
2019-08-07,19.68181800842285,19.781818389892578,19.372726440429688,19.545455932617188,9460
2019-08-08,19.690908432006836,20.27272605895996,19.690908432006836,19.781818389892578,8360
2019-08-09,19.899999618530273,19.972726821899414,19.545455932617188,19.55454444885254,6930
2019-08-12,19.545455932617188,19.718181610107422,19.200000762939453,19.200000762939453,3740
2019-08-13,19.845455169677734,20.209091186523438,19.363636016845703,19.936363220214844,39050
2019-08-14,19.64545440673828,19.64545440673828,19.136363983154297,19.22727394104004,7590
2019-08-15,19.09090805053711,19.40909194946289,19.09090805053711,19.218181610107422,5390
2019-08-16,19.327272415161133,20.154544830322266,19.245454788208008,20.063636779785156,17490
2019-08-19,20.172727584838867,20.263635635375977,19.509090423583984,19.96363639831543,9020
2019-08-20,19.94545555114746,19.94545555114746,19.545455932617188,19.89090919494629,4180
2019-08-21,19.990909576416016,20.18181800842285,19.64545440673828,19.872726440429688,6930
2019-08-22,19.672727584838867,19.672727584838867,19.636363983154297,19.636363983154297,4180
2019-08-23,19.57272720336914,19.57272720336914,18.454544067382812,18.72727394104004,8250
2019-08-26,18.827272415161133,19.172727584838867,18.827272415161133,19.081817626953125,5500
2019-08-27,19.190908432006836,19.527273178100586,19.0181827545166,19.5,10670
2019-08-28,19.454544067382812,19.872726440429688,19.236364364624023,19.872726440429688,5610
2019-08-29,19.77272605895996,20.57272720336914,19.245454788208008,20.42727279663086,14850
2019-08-30,20.618181228637695,20.700000762939453,20.27272605895996,20.700000762939453,8030
2019-09-03,20.68181800842285,20.68181800842285,20.10909080505371,20.218181610107422,6050
2019-09-04,20.27272605895996,20.509090423583984,19.68181800842285,19.799999237060547,5940
2019-09-05,20.200000762939453,20.636363983154297,20.045455932617188,20.627273559570312,4290
2019-09-06,20.600000381469727,20.600000381469727,19.745454788208008,19.745454788208008,9680
2019-09-09,19.990909576416016,20.200000762939453,18.27272605895996,19.345455169677734,23210
2019-09-10,19.190908432006836,19.66363525390625,19.027273178100586,19.55454444885254,5830
2019-09-11,19.718181610107422,20.22727394104004,19.263635635375977,20.22727394104004,8910
2019-09-12,19.89090919494629,20.799999237060547,19.89090919494629,20.799999237060547,15840
2019-09-13,20.972726821899414,22.10909080505371,20.872726440429688,22.09090805053711,21010
2019-09-16,21.94545555114746,21.94545555114746,21.118181228637695,21.127273559570312,18260
2019-09-17,21.290908813476562,21.545455932617188,20.990909576416016,21.09090805053711,29480
2019-09-18,21.18181800842285,21.53636360168457,20.918182373046875,21.281818389892578,16060
2019-09-19,21.363636016845703,21.363636016845703,20.68181800842285,20.68181800842285,7920
2019-09-20,20.60909080505371,20.899999618530273,20.009090423583984,20.68181800842285,36630
2019-09-23,20.045455932617188,20.845455169677734,20.045455932617188,20.59090805053711,34650
2019-09-24,20.636363983154297,20.68181800842285,20.190908432006836,20.190908432006836,15620
2019-09-25,20.118181228637695,20.68181800842285,20.118181228637695,20.490909576416016,9790
2019-09-26,20.299999237060547,20.627273559570312,20.136363983154297,20.14545440673828,6380
2019-09-27,20.5,20.5,20.345455169677734,20.345455169677734,3300
2019-09-30,20.436363220214844,20.436363220214844,20.190908432006836,20.200000762939453,6600
2019-10-01,19.827272415161133,20.16363525390625,19.68181800842285,19.709091186523438,8030
2019-10-02,19.690908432006836,19.690908432006836,19.33636474609375,19.345455169677734,7260
2019-10-03,19.436363220214844,19.5,19.245454788208008,19.5,26290
2019-10-04,19.690908432006836,19.845455169677734,19.636363983154297,19.781818389892578,5610
2019-10-07,19.972726821899414,20.190908432006836,19.972726821899414,20.09090805053711,7150
2019-10-08,20.063636779785156,20.063636779785156,19.81818199157715,19.936363220214844,3300
2019-10-09,20.009090423583984,20.345455169677734,20.009090423583984,20.027273178100586,4840
2019-10-10,19.718181610107422,20.509090423583984,19.218181610107422,20.16363525390625,21120
2019-10-11,20.399999618530273,20.636363983154297,19.72727394104004,20.381818771362305,19580
2019-10-14,20.200000762939453,20.68181800842285,20.0,20.672727584838867,5830
2019-10-15,20.627273559570312,20.90909194946289,20.627273559570312,20.90909194946289,14410
2019-10-16,20.754545211791992,21.27272605895996,20.754545211791992,21.136363983154297,6930
2019-10-17,21.136363983154297,21.136363983154297,20.83636474609375,20.83636474609375,5390
2019-10-18,20.718181610107422,20.845455169677734,20.718181610107422,20.72727394104004,3850
2019-10-21,20.799999237060547,21.136363983154297,20.799999237060547,21.127273559570312,6380
2019-10-22,21.118181228637695,21.245454788208008,21.0,21.0181827545166,8910
2019-10-23,20.863636016845703,21.4818172454834,20.863636016845703,21.4818172454834,13420
2019-10-24,21.745454788208008,22.09090805053711,21.5181827545166,22.07272720336914,13090
2019-10-25,21.85454559326172,22.045455932617188,21.763635635375977,21.89090919494629,7260
2019-10-28,22.09090805053711,22.18181800842285,21.83636474609375,22.0181827545166,7920
2019-10-29,21.89090919494629,22.0,21.89090919494629,21.94545555114746,7260
2019-10-30,21.90909194946289,21.96363639831543,21.372726440429688,21.809091567993164,10560
2019-10-31,21.89090919494629,21.89090919494629,21.636363983154297,21.85454559326172,15400
2019-11-01,21.77272605895996,22.0,21.763635635375977,22.0,13530
2019-11-04,22.0181827545166,22.27272605895996,21.9818172454834,22.081817626953125,17380
2019-11-05,22.0,22.263635635375977,21.954544067382812,22.127273559570312,6930
2019-11-06,22.172727584838867,22.172727584838867,21.781818389892578,21.781818389892578,10230
2019-11-07,21.90909194946289,21.90909194946289,21.754545211791992,21.799999237060547,12980
2019-11-08,21.72727394104004,21.85454559326172,21.4818172454834,21.83636474609375,11330
2019-11-11,21.627273559570312,21.809091567993164,21.627273559570312,21.809091567993164,6380
2019-11-12,21.872726440429688,21.96363639831543,21.72727394104004,21.81818199157715,7480
2019-11-13,21.66363525390625,21.672727584838867,21.154544830322266,21.472726821899414,16610
2019-11-14,21.35454559326172,21.5181827545166,21.281818389892578,21.281818389892578,17930
2019-11-15,21.418182373046875,21.418182373046875,20.172727584838867,20.918182373046875,32340
2019-11-18,20.96363639831543,21.254545211791992,20.96363639831543,21.218181610107422,10780
2019-11-19,21.399999618530273,21.399999618530273,21.218181610107422,21.281818389892578,28710
2019-11-20,21.154544830322266,21.35454559326172,21.100000381469727,21.100000381469727,14740
2019-11-21,21.218181610107422,21.22727394104004,21.03636360168457,21.081817626953125,8140
2019-11-22,21.127273559570312,21.245454788208008,21.127273559570312,21.245454788208008,6270
2019-11-25,21.27272605895996,21.68181800842285,21.236364364624023,21.4818172454834,23870
2019-11-26,21.563636779785156,21.563636779785156,21.39090919494629,21.399999618530273,7150
2019-11-27,21.42727279663086,21.627273559570312,21.42727279663086,21.600000381469727,4290
2019-11-29,21.618181228637695,21.77272605895996,21.618181228637695,21.754545211791992,3630
2019-12-02,21.563636779785156,21.700000762939453,21.39090919494629,21.5,6930
2019-12-03,21.190908432006836,21.5,21.190908432006836,21.22727394104004,4730
2019-12-04,21.200000762939453,21.381818771362305,20.990909576416016,20.990909576416016,35530
2019-12-05,21.07272720336914,21.209091186523438,21.03636360168457,21.07272720336914,23540
2019-12-06,21.254545211791992,21.254545211791992,21.0181827545166,21.081817626953125,42900
2019-12-09,21.18181800842285,21.81818199157715,21.18181800842285,21.545455932617188,39270
2019-12-10,21.627273559570312,22.0,21.55454444885254,21.899999618530273,33660
2019-12-11,21.845455169677734,21.990909576416016,21.59090805053711,21.899999618530273,40590
2019-12-12,21.899999618530273,22.254545211791992,21.89090919494629,21.972726821899414,37510
2019-12-13,21.790908813476562,22.263635635375977,21.72727394104004,22.190908432006836,27500
2019-12-16,22.263635635375977,22.863636016845703,22.045455932617188,22.81818199157715,23210
2019-12-17,22.77272605895996,23.136363983154297,22.754545211791992,22.872726440429688,32890
2019-12-18,23.136363983154297,23.136363983154297,22.690908432006836,22.881818771362305,21010
2019-12-19,23.0,23.0,22.881818771362305,22.954544067382812,29810
2019-12-20,22.96363639831543,22.96363639831543,22.218181610107422,22.90909194946289,55110
2019-12-23,22.94545555114746,22.94545555114746,22.59090805053711,22.736364364624023,24640
2019-12-24,22.799999237060547,22.799999237060547,22.64545440673828,22.72727394104004,4510
2019-12-26,22.85454559326172,22.863636016845703,22.672727584838867,22.781818389892578,12100
2019-12-27,22.899999618530273,22.90909194946289,22.66363525390625,22.863636016845703,7810
2019-12-30,22.66363525390625,22.90909194946289,22.66363525390625,22.872726440429688,7040
2019-12-31,22.89090919494629,23.081817626953125,22.827272415161133,23.081817626953125,22220
2020-01-02,23.081817626953125,23.081817626953125,22.545455932617188,22.618181228637695,35420
2020-01-03,22.57272720336914,22.57272720336914,22.31818199157715,22.363636016845703,7370
2020-01-06,22.327272415161133,22.55454444885254,21.954544067382812,22.418182373046875,24090
2020-01-07,22.327272415161133,22.490909576416016,22.22727394104004,22.327272415161133,9790
2020-01-08,22.44545555114746,22.636363983154297,22.33636474609375,22.57272720336914,9570
2020-01-09,22.372726440429688,22.44545555114746,22.045455932617188,22.172727584838867,7480
2020-01-10,22.18181800842285,22.345455169677734,22.0181827545166,22.245454788208008,25300
2020-01-13,22.218181610107422,22.59090805053711,22.09090805053711,22.327272415161133,16280
2020-01-14,22.40909194946289,22.5,22.10909080505371,22.16363525390625,20240
2020-01-15,22.218181610107422,22.42727279663086,21.96363639831543,22.27272605895996,16940
2020-01-16,22.27272605895996,22.618181228637695,22.27272605895996,22.4818172454834,5500
2020-01-17,22.636363983154297,22.636363983154297,22.309091567993164,22.309091567993164,11000
2020-01-21,22.309091567993164,22.5,22.081817626953125,22.18181800842285,32230
2020-01-22,22.309091567993164,22.454544067382812,22.18181800842285,22.27272605895996,23760
2020-01-23,22.31818199157715,22.31818199157715,21.045455932617188,21.345455169677734,37180
2020-01-24,21.40909194946289,21.44545555114746,21.136363983154297,21.190908432006836,23430
2020-01-27,21.190908432006836,21.809091567993164,21.18181800842285,21.18181800842285,18370
2020-01-28,21.03636360168457,21.190908432006836,20.44545555114746,20.636363983154297,28160
2020-01-29,20.627273559570312,20.627273559570312,19.690908432006836,19.94545555114746,23980
2020-01-30,19.85454559326172,20.0,19.690908432006836,19.809091567993164,30030
2020-01-31,19.9818172454834,20.09090805053711,19.363636016845703,19.563636779785156,28490
2020-02-03,19.709091186523438,19.881818771362305,19.42727279663086,19.72727394104004,20790
2020-02-04,20.10909080505371,20.85454559326172,19.899999618530273,20.718181610107422,35200
2020-02-05,20.90909194946289,21.636363983154297,20.68181800842285,21.5,22880
2020-02-06,21.618181228637695,21.81818199157715,20.96363639831543,21.218181610107422,41360
2020-02-07,21.281818389892578,21.281818389892578,20.954544067382812,20.96363639831543,15290
2020-02-10,21.118181228637695,21.345455169677734,20.90909194946289,21.027273178100586,13970
2020-02-11,21.27272605895996,21.472726821899414,21.218181610107422,21.254545211791992,16720
2020-02-12,21.40909194946289,21.454544067382812,21.03636360168457,21.100000381469727,18700
2020-02-13,21.172727584838867,21.327272415161133,21.16363525390625,21.27272605895996,20020
2020-02-14,21.739999771118164,22.579999923706055,21.389999389648438,21.510000228881836,28200
2020-02-18,21.690000534057617,22.25,21.5,22.25,21100
2020-02-19,22.190000534057617,22.299999237060547,21.84000015258789,22.219999313354492,19700
2020-02-20,22.06999969482422,22.469999313354492,21.59000015258789,22.469999313354492,13000
2020-02-21,22.520000457763672,22.799999237060547,22.049999237060547,22.110000610351562,18000
2020-02-24,21.799999237060547,21.799999237060547,20.59000015258789,20.6200008392334,23100
2020-02-25,20.8700008392334,20.940000534057617,19.389999389648438,19.510000228881836,19000
2020-02-26,19.709999084472656,20.170000076293945,19.700000762939453,19.809999465942383,9300
2020-02-27,19.34000015258789,19.639999389648438,19.040000915527344,19.040000915527344,16900
2020-02-28,18.559999465942383,18.760000228881836,18.059999465942383,18.5,39200
2020-03-02,18.520000457763672,18.90999984741211,18.510000228881836,18.84000015258789,17700
2020-03-03,18.8700008392334,19.200000762939453,18.420000076293945,18.510000228881836,24400
2020-03-04,18.760000228881836,19.440000534057617,18.6200008392334,19.18000030517578,12800
2020-03-05,18.8700008392334,19.389999389648438,17.739999771118164,18.329999923706055,23600
2020-03-06,17.93000030517578,19.3799991607666,17.31999969482422,17.850000381469727,17700
2020-03-09,16.239999771118164,16.969999313354492,16.110000610351562,16.549999237060547,28300
2020-03-10,17.020000457763672,17.5,16.280000686645508,16.59000015258789,26000
2020-03-11,16.010000228881836,16.43000030517578,15.8100004196167,16.010000228881836,24600
2020-03-12,14.59000015258789,15.850000381469727,13.399999618530273,13.40999984741211,49900
2020-03-13,13.260000228881836,14.390000343322754,13.260000228881836,14.149999618530273,42100
2020-03-16,12.979999542236328,13.8100004196167,12.300000190734863,12.5,61600
2020-03-17,12.649999618530273,13.0,11.920000076293945,12.75,68500
2020-03-18,11.989999771118164,12.300000190734863,10.229999542236328,10.579999923706055,42500
2020-03-19,10.479999542236328,11.800000190734863,9.050000190734863,11.800000190734863,325400
2020-03-20,11.699999809265137,12.199999809265137,10.100000381469727,10.649999618530273,76800
2020-03-23,10.710000038146973,11.300000190734863,10.079999923706055,10.8100004196167,33500
2020-03-24,11.1899995803833,12.020000457763672,11.1899995803833,12.020000457763672,27300
2020-03-25,12.170000076293945,13.0,11.729999542236328,12.979999542236328,49100
2020-03-26,12.989999771118164,15.5600004196167,12.829999923706055,15.5600004196167,53100
2020-03-27,14.829999923706055,15.5600004196167,13.850000381469727,14.829999923706055,33500
2020-03-30,14.75,14.8100004196167,12.489999771118164,13.180000305175781,51800
2020-03-31,12.979999542236328,13.800000190734863,12.109999656677246,13.489999771118164,65800
2020-04-01,13.09000015258789,13.09000015258789,11.5600004196167,11.670000076293945,36000
2020-04-02,11.5600004196167,12.239999771118164,10.520000457763672,11.4399995803833,55300
2020-04-03,11.270000457763672,11.460000038146973,10.0,10.09000015258789,42500
2020-04-06,10.710000038146973,11.149999618530273,10.260000228881836,11.029999732971191,33200
2020-04-07,11.3100004196167,11.699999809265137,11.25,11.380000114440918,29700
2020-04-08,11.380000114440918,11.680000305175781,10.829999923706055,11.670000076293945,24000
2020-04-09,11.510000228881836,13.5,11.510000228881836,13.229999542236328,37900
2020-04-13,13.109999656677246,14.130000114440918,12.149999618530273,12.149999618530273,18300
2020-04-14,12.729999542236328,13.489999771118164,12.729999542236328,13.399999618530273,35200
2020-04-15,12.84000015258789,13.039999961853027,12.0600004196167,12.359999656677246,37600
2020-04-16,12.289999961853027,12.399999618530273,11.449999809265137,11.75,31400
2020-04-17,12.25,12.789999961853027,12.100000381469727,12.569999694824219,25000
2020-04-20,12.199999809265137,12.600000381469727,10.649999618530273,11.369999885559082,45300
2020-04-21,10.789999961853027,11.649999618530273,10.789999961853027,11.239999771118164,30400
2020-04-22,12.220000267028809,13.100000381469727,11.729999542236328,12.760000228881836,21000
2020-04-23,12.619999885559082,13.050000190734863,12.34000015258789,12.520000457763672,30600
2020-04-24,12.579999923706055,12.670000076293945,12.09000015258789,12.289999961853027,14900
2020-04-27,12.850000381469727,13.25,12.699999809265137,12.729999542236328,32000
2020-04-28,13.170000076293945,13.170000076293945,12.5,12.84000015258789,23300
2020-04-29,13.149999618530273,14.880000114440918,13.069999694824219,14.569999694824219,54500
2020-04-30,14.079999923706055,14.239999771118164,13.470000267028809,14.09000015258789,32700
2020-05-01,13.630000114440918,14.119999885559082,13.470000267028809,14.079999923706055,33700
2020-05-04,13.739999771118164,13.979999542236328,13.40999984741211,13.680000305175781,19300
2020-05-05,14.029999732971191,14.260000228881836,12.100000381469727,12.520000457763672,29200
2020-05-06,12.710000038146973,12.75,11.760000228881836,11.779999732971191,23100
2020-05-07,12.119999885559082,12.300000190734863,11.579999923706055,11.739999771118164,25400
2020-05-08,12.079999923706055,12.850000381469727,12.0,12.65999984741211,18200
2020-05-11,12.5,12.789999961853027,11.869999885559082,12.25,28100
2020-05-12,12.100000381469727,12.170000076293945,11.0,11.020000457763672,28300
2020-05-13,11.0,11.1899995803833,10.5,10.75,18600
2020-05-14,10.399999618530273,10.720000267028809,9.800000190734863,10.630000114440918,38200
2020-05-15,10.600000381469727,11.779999732971191,10.5,11.470000267028809,28400
2020-05-18,12.020000457763672,12.5600004196167,11.880000114440918,12.479999542236328,36500
2020-05-19,12.319999694824219,12.350000381469727,11.899999618530273,11.920000076293945,16600
2020-05-20,12.170000076293945,12.329999923706055,11.949999809265137,12.279999732971191,18000
2020-05-21,12.329999923706055,12.5600004196167,12.300000190734863,12.300000190734863,12300
2020-05-22,12.430000305175781,12.539999961853027,12.220000267028809,12.539999961853027,13000
2020-05-26,12.699999809265137,13.130000114440918,12.520000457763672,12.90999984741211,64600
2020-05-27,13.25,14.720000267028809,12.970000267028809,14.5,24800
2020-05-28,14.350000381469727,14.489999771118164,13.180000305175781,13.430000305175781,40700
2020-05-29,13.300000190734863,14.050000190734863,13.130000114440918,13.920000076293945,15700
2020-06-01,13.899999618530273,14.279999732971191,13.899999618530273,13.960000038146973,33300
2020-06-02,14.09000015258789,14.260000228881836,13.539999961853027,13.550000190734863,17600
2020-06-03,13.949999809265137,14.600000381469727,13.600000381469727,14.319999694824219,22900
2020-06-04,14.210000038146973,14.949999809265137,14.149999618530273,14.829999923706055,27200
2020-06-05,15.4399995803833,16.65999984741211,15.100000381469727,16.299999237060547,29700
2020-06-08,16.59000015258789,16.600000381469727,15.359999656677246,15.4399995803833,25700
2020-06-09,15.199999809265137,15.5600004196167,14.970000267028809,14.970000267028809,13300
2020-06-10,15.09000015258789,15.210000038146973,13.100000381469727,13.520000457763672,38500
2020-06-11,13.0,13.350000381469727,12.5,12.609999656677246,42500
2020-06-12,13.399999618530273,13.579999923706055,12.579999923706055,13.050000190734863,28400
2020-06-15,12.869999885559082,14.390000343322754,12.59000015258789,14.390000343322754,30100
2020-06-16,14.850000381469727,15.5,13.510000228881836,13.899999618530273,30100
2020-06-17,13.800000190734863,14.760000228881836,13.25,13.430000305175781,16200
2020-06-18,13.430000305175781,13.779999732971191,12.880000114440918,13.029999732971191,15300
2020-06-19,13.350000381469727,13.420000076293945,12.850000381469727,13.380000114440918,42500
2020-06-22,13.210000038146973,13.789999961853027,13.109999656677246,13.510000228881836,22700
2020-06-23,13.529999732971191,13.819999694824219,13.470000267028809,13.470000267028809,20100
2020-06-24,13.1899995803833,13.670000076293945,12.699999809265137,12.819999694824219,25300
2020-06-25,12.710000038146973,13.210000038146973,12.710000038146973,13.210000038146973,21000
2020-06-26,13.220000267028809,13.449999809265137,12.710000038146973,13.350000381469727,145000
2020-06-29,13.100000381469727,13.649999618530273,13.0,13.34000015258789,42200
2020-06-30,13.119999885559082,13.569999694824219,13.039999961853027,13.550000190734863,18900
2020-07-01,13.739999771118164,14.460000038146973,13.65999984741211,14.289999961853027,45500
2020-07-02,14.529999732971191,15.239999771118164,14.300000190734863,14.470000267028809,19300
2020-07-06,14.819999694824219,14.819999694824219,13.930000305175781,14.0600004196167,16300
2020-07-07,13.829999923706055,13.970000267028809,13.050000190734863,13.050000190734863,16600
2020-07-08,13.079999923706055,14.390000343322754,13.0,13.09000015258789,13500
2020-07-09,13.25,13.449999809265137,11.569999694824219,11.789999961853027,52100
2020-07-10,12.0,12.770000457763672,12.0,12.729999542236328,14600
2020-07-13,12.84000015258789,12.84000015258789,12.239999771118164,12.390000343322754,27800
2020-07-14,12.319999694824219,12.470000267028809,12.050000190734863,12.220000267028809,46300
2020-07-15,12.420000076293945,12.979999542236328,12.420000076293945,12.5,39900
2020-07-16,12.529999732971191,12.680000305175781,12.100000381469727,12.220000267028809,15700
2020-07-17,12.170000076293945,12.670000076293945,11.90999984741211,11.920000076293945,19800
2020-07-20,11.800000190734863,11.970000267028809,11.550000190734863,11.609999656677246,21400
2020-07-21,11.739999771118164,12.5,11.739999771118164,12.039999961853027,18200
2020-07-22,12.069999694824219,12.34000015258789,11.850000381469727,11.859999656677246,15000
2020-07-23,11.899999618530273,12.1899995803833,11.850000381469727,11.850000381469727,30300
2020-07-24,11.90999984741211,12.239999771118164,11.649999618530273,12.149999618530273,59000
2020-07-27,12.15999984741211,12.399999618530273,12.09000015258789,12.199999809265137,16700
2020-07-28,12.100000381469727,13.050000190734863,12.100000381469727,12.84000015258789,18400
2020-07-29,12.9399995803833,13.0,12.670000076293945,12.850000381469727,30500
2020-07-30,12.739999771118164,12.829999923706055,12.100000381469727,12.100000381469727,17000
2020-07-31,12.149999618530273,12.270000457763672,11.5600004196167,11.6899995803833,34600
2020-08-03,11.949999809265137,12.149999618530273,11.65999984741211,11.739999771118164,14900
2020-08-04,11.649999618530273,11.880000114440918,11.649999618530273,11.859999656677246,14100
2020-08-05,11.930000305175781,12.699999809265137,11.930000305175781,12.699999809265137,21200
2020-08-06,12.569999694824219,12.819999694824219,12.239999771118164,12.270000457763672,13100
2020-08-07,12.350000381469727,12.800000190734863,12.25,12.399999618530273,19200
2020-08-10,12.550000190734863,13.3100004196167,12.550000190734863,13.069999694824219,21100
2020-08-11,13.319999694824219,13.949999809265137,13.020000457763672,13.199999809265137,25500
2020-08-12,13.539999961853027,13.729999542236328,13.4399995803833,13.539999961853027,6200
2020-08-13,13.350000381469727,13.350000381469727,12.800000190734863,13.229999542236328,9300
2020-08-14,13.050000190734863,13.420000076293945,12.989999771118164,13.100000381469727,16000
2020-08-17,13.25,13.579999923706055,12.880000114440918,13.149999618530273,12000
2020-08-18,13.199999809265137,13.199999809265137,12.819999694824219,12.819999694824219,6400
2020-08-19,12.960000038146973,13.470000267028809,12.960000038146973,13.0,7700
2020-08-20,12.819999694824219,12.920000076293945,12.600000381469727,12.600000381469727,13500
2020-08-21,12.649999618530273,12.75,11.960000038146973,11.960000038146973,45900
2020-08-24,11.960000038146973,12.329999923706055,11.960000038146973,12.25,33800
2020-08-25,12.399999618530273,12.6899995803833,12.300000190734863,12.329999923706055,18200
2020-08-26,12.359999656677246,12.399999618530273,11.859999656677246,12.029999732971191,26800
2020-08-27,12.140000343322754,12.489999771118164,12.140000343322754,12.289999961853027,11100
2020-08-28,12.260000228881836,12.399999618530273,12.260000228881836,12.399999618530273,4100
2020-08-31,12.399999618530273,12.539999961853027,12.25,12.300000190734863,41400
2020-09-01,12.210000038146973,12.550000190734863,12.210000038146973,12.550000190734863,13500
2020-09-02,12.5,12.600000381469727,12.369999885559082,12.600000381469727,17300
2020-09-03,12.630000114440918,12.65999984741211,12.520000457763672,12.579999923706055,11100
2020-09-04,12.600000381469727,12.720000267028809,12.479999542236328,12.640000343322754,7200
2020-09-08,12.649999618530273,12.720000267028809,12.319999694824219,12.449999809265137,14500
2020-09-09,12.449999809265137,12.65999984741211,12.279999732971191,12.470000267028809,12400
2020-09-10,12.470000267028809,12.539999961853027,12.359999656677246,12.359999656677246,11300
2020-09-11,12.449999809265137,12.640000343322754,12.350000381469727,12.529999732971191,15800
2020-09-14,12.630000114440918,12.970000267028809,12.630000114440918,12.970000267028809,11500
2020-09-15,12.960000038146973,13.180000305175781,12.600000381469727,12.949999809265137,15500
2020-09-16,12.789999961853027,13.170000076293945,12.710000038146973,13.050000190734863,15100
2020-09-17,13.029999732971191,13.40999984741211,12.8100004196167,13.260000228881836,23200
2020-09-18,13.430000305175781,13.430000305175781,13.170000076293945,13.25,50100
2020-09-21,13.029999732971191,13.100000381469727,12.510000228881836,12.510000228881836,21700
2020-09-22,12.520000457763672,12.520000457763672,12.0,12.09000015258789,20400
2020-09-23,12.079999923706055,12.079999923706055,11.850000381469727,11.869999885559082,24200
2020-09-24,11.850000381469727,11.920000076293945,11.609999656677246,11.619999885559082,15800
2020-09-25,11.600000381469727,12.010000228881836,11.5600004196167,11.720000267028809,47900
2020-09-28,11.890000343322754,12.0600004196167,11.739999771118164,11.739999771118164,23700
2020-09-29,11.619999885559082,11.9399995803833,11.600000381469727,11.8100004196167,22700
2020-09-30,11.800000190734863,12.0600004196167,11.800000190734863,11.9399995803833,10800
2020-10-01,11.920000076293945,12.0600004196167,11.729999542236328,11.869999885559082,16800
2020-10-02,11.6899995803833,12.380000114440918,11.6899995803833,12.25,17600
2020-10-05,12.289999961853027,12.569999694824219,11.899999618530273,12.239999771118164,42200
2020-10-06,12.369999885559082,13.100000381469727,12.289999961853027,12.6899995803833,17800
2020-10-07,12.550000190734863,13.170000076293945,12.550000190734863,13.140000343322754,12100
2020-10-08,13.050000190734863,13.619999885559082,12.880000114440918,13.5,12400
2020-10-09,13.510000228881836,13.510000228881836,13.100000381469727,13.300000190734863,15100
2020-10-12,13.25,13.300000190734863,13.100000381469727,13.130000114440918,8500
2020-10-13,13.029999732971191,13.25,12.899999618530273,13.020000457763672,9200
2020-10-14,12.930000305175781,13.199999809265137,12.930000305175781,13.0,7000
2020-10-15,13.0,13.390000343322754,13.0,13.390000343322754,6800
2020-10-16,13.319999694824219,13.699999809265137,13.199999809265137,13.479999542236328,16400
2020-10-19,13.600000381469727,13.600000381469727,13.210000038146973,13.300000190734863,4400
2020-10-20,13.359999656677246,13.470000267028809,13.359999656677246,13.460000038146973,7200
2020-10-21,13.449999809265137,13.489999771118164,13.25,13.489999771118164,6500
2020-10-22,13.600000381469727,13.989999771118164,13.489999771118164,13.869999885559082,14900
2020-10-23,14.020000457763672,14.25,13.890000343322754,14.029999732971191,71600
2020-10-26,13.649999618530273,14.329999923706055,13.1899995803833,13.270000457763672,18600
2020-10-27,13.1899995803833,13.270000457763672,12.869999885559082,12.899999618530273,18800
2020-10-28,12.75,13.0600004196167,11.84000015258789,12.149999618530273,59600
2020-10-29,12.050000190734863,12.34000015258789,12.0,12.180000305175781,26600
2020-10-30,12.109999656677246,12.270000457763672,12.010000228881836,12.029999732971191,28500
2020-11-02,12.279999732971191,12.699999809265137,12.079999923706055,12.699999809265137,14100
2020-11-03,12.869999885559082,13.25,12.760000228881836,13.100000381469727,42400
2020-11-04,12.850000381469727,13.029999732971191,12.5,12.5,7800
2020-11-05,12.510000228881836,13.029999732971191,12.510000228881836,12.869999885559082,10400
2020-11-06,12.869999885559082,12.90999984741211,12.34000015258789,12.510000228881836,20500
2020-11-09,13.220000267028809,14.350000381469727,13.220000267028809,13.75,59700
2020-11-10,14.010000228881836,14.729999542236328,13.899999618530273,14.729999542236328,27400
2020-11-11,14.789999961853027,14.789999961853027,13.550000190734863,13.9399995803833,123100
2020-11-12,13.699999809265137,13.890000343322754,13.399999618530273,13.5,16700
2020-11-13,13.710000038146973,14.430000305175781,13.6899995803833,14.109999656677246,13000
2020-11-16,14.510000228881836,14.930000305175781,14.4399995803833,14.75,32400
2020-11-17,14.670000076293945,14.9399995803833,14.220000267028809,14.75,21800
2020-11-18,14.90999984741211,15.170000076293945,14.699999809265137,14.699999809265137,17100
2020-11-19,14.510000228881836,14.670000076293945,14.5,14.65999984741211,6400
2020-11-20,14.4399995803833,14.4399995803833,14.210000038146973,14.319999694824219,45100
2020-11-23,14.5,14.600000381469727,14.15999984741211,14.3100004196167,22200
2020-11-24,14.649999618530273,14.9399995803833,14.390000343322754,14.399999618530273,42600
2020-11-25,14.4399995803833,14.899999618530273,14.119999885559082,14.670000076293945,14000
2020-11-27,14.520000457763672,14.680000305175781,14.260000228881836,14.529999732971191,14800
2020-11-30,14.510000228881836,14.510000228881836,14.260000228881836,14.359999656677246,12200
2020-12-01,14.5,14.789999961853027,14.470000267028809,14.59000015258789,22400
2020-12-02,14.640000343322754,15.010000228881836,14.529999732971191,14.890000343322754,185400
2020-12-03,15.010000228881836,15.229999542236328,14.75,15.010000228881836,12200
2020-12-04,15.149999618530273,16.100000381469727,15.149999618530273,16.100000381469727,16800
2020-12-07,15.9399995803833,16.059999465942383,15.649999618530273,15.949999809265137,15000
2020-12-08,15.819999694824219,16.540000915527344,15.819999694824219,16.329999923706055,28400
2020-12-09,16.350000381469727,16.43000030517578,16.100000381469727,16.100000381469727,21100
2020-12-10,16.170000076293945,16.170000076293945,15.9399995803833,16.1299991607666,7100
2020-12-11,15.899999618530273,15.899999618530273,15.600000381469727,15.699999809265137,19800
2020-12-14,15.729999542236328,16.110000610351562,15.619999885559082,15.699999809265137,14700
2020-12-15,15.989999771118164,16.459999084472656,15.729999542236328,16.200000762939453,25600
2020-12-16,16.350000381469727,16.479999542236328,16.020000457763672,16.09000015258789,21300
2020-12-17,16.200000762939453,16.489999771118164,16.200000762939453,16.43000030517578,11000
2020-12-18,16.540000915527344,16.540000915527344,15.25,15.289999961853027,64400
2020-12-21,15.25,15.890000343322754,15.25,15.880000114440918,25500
2020-12-22,15.640000343322754,15.850000381469727,15.25,15.550000190734863,17600
2020-12-23,15.8100004196167,15.949999809265137,15.460000038146973,15.710000038146973,13100
2020-12-24,15.819999694824219,15.84000015258789,15.34000015258789,15.430000305175781,10800
2020-12-28,15.739999771118164,15.819999694824219,15.130000114440918,15.220000267028809,27500
2020-12-29,15.25,15.489999771118164,15.039999961853027,15.40999984741211,29800
2020-12-30,15.34000015258789,16.15999984741211,15.329999923706055,15.970000267028809,46600
2020-12-31,15.850000381469727,15.960000038146973,15.600000381469727,15.600000381469727,11900
2021-01-04,15.8100004196167,15.819999694824219,15.210000038146973,15.40999984741211,28800
2021-01-05,15.430000305175781,15.75,15.359999656677246,15.600000381469727,20400
2021-01-06,15.920000076293945,16.579999923706055,15.920000076293945,16.280000686645508,59100
2021-01-07,16.200000762939453,16.760000228881836,16.18000030517578,16.649999618530273,42800
2021-01-08,16.81999969482422,16.81999969482422,16.399999618530273,16.739999771118164,41100
2021-01-11,16.700000762939453,16.940000534057617,16.540000915527344,16.729999542236328,23200
2021-01-12,16.850000381469727,17.6200008392334,16.75,17.450000762939453,30400
2021-01-13,17.420000076293945,17.790000915527344,16.81999969482422,16.860000610351562,27800
2021-01-14,17.100000381469727,17.559999465942383,17.059999465942383,17.5,26100
2021-01-15,17.229999542236328,17.90999984741211,17.229999542236328,17.700000762939453,29200
2021-01-19,17.709999084472656,17.809999465942383,16.950000762939453,17.530000686645508,44500
2021-01-20,17.420000076293945,17.850000381469727,17.15999984741211,17.520000457763672,29200
2021-01-21,17.40999984741211,18.0,17.40999984741211,17.760000228881836,42400
2021-01-22,17.510000228881836,18.309999465942383,17.510000228881836,18.309999465942383,31900
2021-01-25,18.139999389648438,18.90999984741211,17.8799991607666,18.68000030517578,34200
2021-01-26,18.899999618530273,18.899999618530273,18.139999389648438,18.170000076293945,43700
2021-01-27,17.700000762939453,18.18000030517578,17.530000686645508,17.649999618530273,62600
2021-01-28,17.940000534057617,18.389999389648438,17.6299991607666,17.700000762939453,35100
2021-01-29,17.6299991607666,17.739999771118164,17.1200008392334,17.31999969482422,43000
2021-02-01,17.5,17.969999313354492,17.190000534057617,17.56999969482422,32100
2021-02-02,17.959999084472656,18.06999969482422,17.540000915527344,17.81999969482422,17300
2021-02-03,17.770000457763672,17.969999313354492,17.56999969482422,17.799999237060547,15900
2021-02-04,17.81999969482422,18.25,17.610000610351562,18.229999542236328,24700
2021-02-05,18.350000381469727,18.610000610351562,18.1200008392334,18.559999465942383,19000
2021-02-08,18.610000610351562,18.979999542236328,18.43000030517578,18.459999084472656,24900
2021-02-09,18.59000015258789,18.75,18.389999389648438,18.709999084472656,20400
2021-02-10,18.709999084472656,19.110000610351562,18.3799991607666,18.510000228881836,21800
2021-02-11,18.68000030517578,19.56999969482422,18.290000915527344,19.309999465942383,34800
2021-02-12,19.440000534057617,19.479999542236328,18.850000381469727,19.280000686645508,18900
2021-02-16,19.3799991607666,19.40999984741211,18.719999313354492,19.030000686645508,41500
2021-02-17,18.920000076293945,19.020000457763672,18.729999542236328,18.809999465942383,23000
2021-02-18,18.780000686645508,18.940000534057617,18.530000686645508,18.59000015258789,15200
2021-02-19,18.690000534057617,19.0,18.690000534057617,18.899999618530273,13000
2021-02-22,18.709999084472656,19.1299991607666,18.43000030517578,18.729999542236328,17500
2021-02-23,18.790000915527344,19.229999542236328,18.31999969482422,19.209999084472656,22500
2021-02-24,19.209999084472656,19.959999084472656,19.100000381469727,19.959999084472656,30000
2021-02-25,19.8700008392334,19.950000762939453,19.040000915527344,19.040000915527344,17600
2021-02-26,19.170000076293945,19.170000076293945,18.149999618530273,18.149999618530273,17000
2021-03-01,18.690000534057617,18.690000534057617,18.229999542236328,18.510000228881836,33700
2021-03-02,18.280000686645508,18.739999771118164,18.059999465942383,18.510000228881836,44300
2021-03-03,18.920000076293945,19.56999969482422,18.540000915527344,19.350000381469727,17700
2021-03-04,19.139999389648438,20.469999313354492,19.139999389648438,20.0,42900
2021-03-05,20.100000381469727,21.290000915527344,20.100000381469727,20.43000030517578,36900
2021-03-08,20.440000534057617,21.5,20.420000076293945,20.979999542236328,30500
2021-03-09,20.969999313354492,21.68000030517578,20.440000534057617,21.09000015258789,29300
2021-03-10,21.6299991607666,21.860000610351562,21.399999618530273,21.799999237060547,27100
2021-03-11,21.959999084472656,21.959999084472656,21.09000015258789,21.719999313354492,40600
2021-03-12,21.739999771118164,21.799999237060547,20.8799991607666,21.729999542236328,24200
2021-03-15,21.65999984741211,21.65999984741211,20.81999969482422,21.190000534057617,34100
2021-03-16,21.200000762939453,21.200000762939453,20.469999313354492,20.68000030517578,24700
2021-03-17,20.739999771118164,20.850000381469727,20.309999465942383,20.68000030517578,17500
2021-03-18,20.700000762939453,20.969999313354492,20.360000610351562,20.850000381469727,16100
2021-03-19,20.770000457763672,21.540000915527344,20.290000915527344,21.40999984741211,100300
2021-03-22,21.209999084472656,21.389999389648438,20.6299991607666,20.940000534057617,21600
2021-03-23,20.860000610351562,20.920000076293945,20.6200008392334,20.65999984741211,25200
2021-03-24,20.93000030517578,21.59000015258789,20.06999969482422,20.110000610351562,19400
2021-03-25,20.139999389648438,20.75,19.489999771118164,20.459999084472656,14500
2021-03-26,20.479999542236328,20.520000457763672,20.239999771118164,20.520000457763672,16300
2021-03-29,20.25,20.780000686645508,20.25,20.31999969482422,21500
2021-03-30,20.360000610351562,20.389999389648438,19.790000915527344,20.049999237060547,16000
2021-03-31,20.149999618530273,20.440000534057617,19.950000762939453,19.989999771118164,32200
2021-04-01,20.139999389648438,20.920000076293945,20.06999969482422,20.709999084472656,9800
2021-04-05,21.0,21.0,20.200000762939453,20.65999984741211,18500
2021-04-06,20.510000228881836,20.530000686645508,20.110000610351562,20.25,16500
2021-04-07,20.299999237060547,20.299999237060547,19.59000015258789,19.59000015258789,13400
2021-04-08,19.5,20.040000915527344,19.420000076293945,19.700000762939453,24900
2021-04-09,19.860000610351562,20.200000762939453,19.420000076293945,19.850000381469727,44500
2021-04-12,19.8799991607666,20.299999237060547,19.8799991607666,20.170000076293945,12500
2021-04-13,20.34000015258789,20.34000015258789,19.239999771118164,19.450000762939453,28900
2021-04-14,19.459999084472656,19.850000381469727,19.290000915527344,19.290000915527344,11700
2021-04-15,19.65999984741211,19.8799991607666,19.229999542236328,19.690000534057617,18700
2021-04-16,19.93000030517578,20.110000610351562,19.520000457763672,19.709999084472656,15900
2021-04-19,19.5,19.780000686645508,19.280000686645508,19.450000762939453,23300
2021-04-20,19.600000381469727,19.709999084472656,18.969999313354492,19.100000381469727,21200
2021-04-21,19.190000534057617,19.469999313354492,18.8700008392334,19.219999313354492,25700
2021-04-22,19.190000534057617,19.68000030517578,18.68000030517578,18.68000030517578,21100
2021-04-23,18.899999618530273,20.06999969482422,18.899999618530273,19.969999313354492,34600
2021-04-26,20.0,20.25,19.079999923706055,19.149999618530273,40700
2021-04-27,19.149999618530273,19.59000015258789,19.030000686645508,19.40999984741211,41200
2021-04-28,19.34000015258789,21.299999237060547,19.25,21.049999237060547,76800
2021-04-29,21.399999618530273,21.790000915527344,20.34000015258789,21.329999923706055,53100
2021-04-30,21.100000381469727,21.3799991607666,20.90999984741211,21.1200008392334,52200
2021-05-03,21.09000015258789,21.65999984741211,20.479999542236328,21.15999984741211,50200
2021-05-04,20.829999923706055,21.110000610351562,20.59000015258789,20.59000015258789,22300
2021-05-05,20.760000228881836,20.770000457763672,20.260000228881836,20.510000228881836,29600
2021-05-06,20.459999084472656,20.729999542236328,20.229999542236328,20.65999984741211,19100
2021-05-07,20.43000030517578,20.770000457763672,20.43000030517578,20.75,27900
2021-05-10,20.610000610351562,21.280000686645508,20.43000030517578,21.0,46200
2021-05-11,20.649999618530273,20.979999542236328,20.530000686645508,20.729999542236328,18700
2021-05-12,20.729999542236328,20.729999542236328,20.229999542236328,20.440000534057617,36100
2021-05-13,20.5,20.8700008392334,20.5,20.6200008392334,22900
2021-05-14,20.920000076293945,21.540000915527344,20.860000610351562,21.309999465942383,42800
2021-05-17,21.1200008392334,21.389999389648438,20.559999465942383,21.389999389648438,16300
2021-05-18,21.31999969482422,21.43000030517578,20.81999969482422,20.81999969482422,26100
2021-05-19,20.329999923706055,21.389999389648438,20.25,21.139999389648438,26500
2021-05-20,20.770000457763672,21.719999313354492,20.469999313354492,21.559999465942383,41400
2021-05-21,21.729999542236328,21.84000015258789,21.170000076293945,21.639999389648438,24500
2021-05-24,21.6200008392334,21.6200008392334,21.049999237060547,21.3700008392334,22100
2021-05-25,21.079999923706055,21.209999084472656,20.6200008392334,20.6299991607666,40900
2021-05-26,20.75,20.969999313354492,20.450000762939453,20.719999313354492,19500
2021-05-27,20.84000015258789,21.450000762939453,20.729999542236328,21.40999984741211,25400
2021-05-28,21.440000534057617,21.540000915527344,20.799999237060547,21.5,26400
2021-06-01,21.25,22.079999923706055,21.200000762939453,21.940000534057617,31800
2021-06-02,21.940000534057617,21.979999542236328,21.309999465942383,21.5,20000
2021-06-03,21.030000686645508,21.5,21.030000686645508,21.469999313354492,22100
2021-06-04,21.420000076293945,21.770000457763672,20.81999969482422,21.479999542236328,31400
2021-06-07,21.479999542236328,21.649999618530273,20.469999313354492,20.540000915527344,65800
2021-06-08,20.719999313354492,20.799999237060547,20.3799991607666,20.40999984741211,20200
2021-06-09,20.40999984741211,20.40999984741211,20.0,20.399999618530273,25500
2021-06-10,20.399999618530273,20.420000076293945,20.170000076293945,20.170000076293945,19200
2021-06-11,20.170000076293945,20.549999237060547,20.170000076293945,20.43000030517578,23800
2021-06-14,20.520000457763672,20.549999237060547,20.010000228881836,20.350000381469727,38600
2021-06-15,20.350000381469727,20.420000076293945,20.31999969482422,20.350000381469727,34100
2021-06-16,20.479999542236328,21.0,20.290000915527344,20.760000228881836,46100
2021-06-17,20.790000915527344,20.969999313354492,19.8700008392334,20.1200008392334,59400
2021-06-18,20.0,20.139999389648438,19.670000076293945,20.020000457763672,70200
2021-06-21,20.270000457763672,20.270000457763672,19.799999237060547,19.860000610351562,54800
2021-06-22,19.860000610351562,19.8799991607666,19.510000228881836,19.670000076293945,51000
2021-06-23,19.56999969482422,19.979999542236328,19.56999969482422,19.90999984741211,60100
2021-06-24,19.8799991607666,20.260000228881836,19.610000610351562,20.030000686645508,74900
2021-06-25,20.15999984741211,20.25,19.610000610351562,19.979999542236328,1445800
2021-06-28,19.959999084472656,20.25,19.729999542236328,19.93000030517578,37100
2021-06-29,19.850000381469727,20.049999237060547,19.690000534057617,19.690000534057617,23500
2021-06-30,19.739999771118164,19.899999618530273,19.520000457763672,19.559999465942383,43800
2021-07-01,19.709999084472656,19.90999984741211,19.5,19.809999465942383,45000
2021-07-02,19.68000030517578,19.690000534057617,19.420000076293945,19.56999969482422,20300
2021-07-06,19.510000228881836,19.56999969482422,19.06999969482422,19.15999984741211,49900
2021-07-07,19.1299991607666,19.489999771118164,19.110000610351562,19.3700008392334,14100
2021-07-08,18.969999313354492,19.1200008392334,18.5,18.729999542236328,25100
2021-07-09,19.040000915527344,19.469999313354492,19.0,19.139999389648438,19800
2021-07-12,19.09000015258789,19.34000015258789,19.040000915527344,19.280000686645508,11700
2021-07-13,19.190000534057617,19.190000534057617,18.860000610351562,19.0,27400
2021-07-14,18.989999771118164,19.290000915527344,18.959999084472656,19.09000015258789,19000
2021-07-15,19.030000686645508,19.5,19.020000457763672,19.5,21500
2021-07-16,19.5,19.780000686645508,19.3700008392334,19.5,18900
2021-07-19,19.190000534057617,19.239999771118164,19.0,19.010000228881836,14100
2021-07-20,19.079999923706055,19.780000686645508,19.059999465942383,19.079999923706055,35600
2021-07-21,19.100000381469727,20.219999313354492,19.100000381469727,19.520000457763672,43200
2021-07-22,19.670000076293945,20.549999237060547,19.649999618530273,20.450000762939453,29400
2021-07-23,20.530000686645508,20.56999969482422,20.100000381469727,20.56999969482422,17300
2021-07-26,20.40999984741211,20.520000457763672,20.0,20.0,19700
2021-07-27,20.030000686645508,20.15999984741211,19.799999237060547,19.860000610351562,11300
2021-07-28,20.0,20.200000762939453,19.440000534057617,19.649999618530273,23400
2021-07-29,19.799999237060547,20.139999389648438,19.68000030517578,19.850000381469727,9800
2021-07-30,19.809999465942383,20.459999084472656,19.799999237060547,19.959999084472656,6600
2021-08-02,20.0,20.09000015258789,19.860000610351562,19.969999313354492,8300
2021-08-03,19.969999313354492,20.15999984741211,19.850000381469727,20.06999969482422,9200
2021-08-04,20.0,20.219999313354492,19.899999618530273,19.959999084472656,11000
2021-08-05,19.959999084472656,20.190000534057617,19.959999084472656,20.190000534057617,3400
2021-08-06,20.270000457763672,20.469999313354492,20.270000457763672,20.469999313354492,12500
2021-08-09,20.239999771118164,20.75,20.239999771118164,20.520000457763672,8100
2021-08-10,20.360000610351562,20.8700008392334,20.360000610351562,20.719999313354492,8400
2021-08-11,20.639999389648438,20.850000381469727,20.639999389648438,20.81999969482422,8800
2021-08-12,20.8799991607666,21.25,20.700000762939453,21.09000015258789,27000
2021-08-13,21.09000015258789,21.219999313354492,20.690000534057617,20.799999237060547,20300
2021-08-16,20.950000762939453,20.950000762939453,20.399999618530273,20.579999923706055,9100
2021-08-17,20.420000076293945,20.489999771118164,20.34000015258789,20.399999618530273,12200
2021-08-18,20.399999618530273,20.43000030517578,20.18000030517578,20.229999542236328,9500
2021-08-19,20.049999237060547,20.440000534057617,19.8700008392334,19.940000534057617,28900
2021-08-20,20.020000457763672,20.040000915527344,19.920000076293945,19.940000534057617,9900
2021-08-23,20.0,20.1299991607666,19.8700008392334,19.920000076293945,22000
2021-08-24,19.850000381469727,20.030000686645508,19.850000381469727,19.959999084472656,29700
2021-08-25,20.0,20.200000762939453,19.940000534057617,19.940000534057617,31800
2021-08-26,20.06999969482422,20.43000030517578,19.940000534057617,20.25,35800
2021-08-27,20.299999237060547,20.440000534057617,20.1200008392334,20.18000030517578,18600
2021-08-30,20.190000534057617,20.399999618530273,20.18000030517578,20.25,16200
2021-08-31,20.270000457763672,20.600000381469727,20.270000457763672,20.520000457763672,10800
2021-09-01,20.549999237060547,21.1200008392334,20.549999237060547,21.09000015258789,45700
2021-09-02,21.0,21.219999313354492,21.0,21.219999313354492,17100
2021-09-03,21.149999618530273,21.170000076293945,20.93000030517578,20.969999313354492,21200
2021-09-07,21.09000015258789,21.34000015258789,20.93000030517578,21.25,20600
2021-09-08,21.31999969482422,21.31999969482422,21.010000228881836,21.049999237060547,15600
2021-09-09,21.0,21.1200008392334,20.940000534057617,21.030000686645508,42300
2021-09-10,20.979999542236328,21.18000030517578,20.829999923706055,21.09000015258789,43600
2021-09-13,21.09000015258789,21.170000076293945,20.979999542236328,21.170000076293945,19700
2021-09-14,21.149999618530273,21.170000076293945,20.799999237060547,20.920000076293945,7100
2021-09-15,20.989999771118164,21.110000610351562,20.81999969482422,21.049999237060547,9200
2021-09-16,21.239999771118164,21.239999771118164,21.030000686645508,21.100000381469727,11700
2021-09-17,21.149999618530273,21.209999084472656,21.030000686645508,21.170000076293945,24700
2021-09-20,20.790000915527344,21.209999084472656,20.790000915527344,21.0,9600
2021-09-21,21.010000228881836,21.270000457763672,21.010000228881836,21.209999084472656,8000
2021-09-22,21.18000030517578,21.3700008392334,21.040000915527344,21.209999084472656,6900
2021-09-23,21.25,21.399999618530273,21.219999313354492,21.350000381469727,12800
2021-09-24,21.260000228881836,21.93000030517578,21.149999618530273,21.780000686645508,10900
2021-09-27,21.90999984741211,22.0,21.639999389648438,21.739999771118164,19400
2021-09-28,21.739999771118164,21.739999771118164,21.5,21.600000381469727,17600
2021-09-29,21.59000015258789,21.969999313354492,21.5,21.780000686645508,10000
2021-09-30,21.760000228881836,21.899999618530273,21.760000228881836,21.899999618530273,5000
2021-10-01,21.8799991607666,22.030000686645508,21.649999618530273,21.700000762939453,20100
2021-10-04,21.700000762939453,22.09000015258789,21.639999389648438,22.09000015258789,8200
2021-10-05,21.889999389648438,22.030000686645508,21.579999923706055,22.030000686645508,9700
2021-10-06,22.100000381469727,22.280000686645508,21.829999923706055,22.280000686645508,9200
2021-10-07,22.200000762939453,22.200000762939453,22.0,22.100000381469727,10300
2021-10-08,22.309999465942383,22.309999465942383,22.079999923706055,22.270000457763672,3500
2021-10-11,22.350000381469727,22.440000534057617,22.219999313354492,22.34000015258789,3400
2021-10-12,22.200000762939453,22.59000015258789,22.200000762939453,22.520000457763672,8700
2021-10-13,22.479999542236328,22.68000030517578,22.200000762939453,22.450000762939453,10500
2021-10-14,22.459999084472656,22.770000457763672,22.270000457763672,22.610000610351562,8600
2021-10-15,22.6200008392334,22.989999771118164,22.600000381469727,22.739999771118164,14500
2021-10-18,22.729999542236328,23.239999771118164,22.719999313354492,22.93000030517578,11800
2021-10-19,23.09000015258789,23.399999618530273,22.40999984741211,23.0,4400
2021-10-20,23.09000015258789,23.18000030517578,22.8799991607666,23.030000686645508,5100
2021-10-21,23.040000915527344,23.280000686645508,23.0,23.149999618530273,4100
2021-10-22,23.100000381469727,23.200000762939453,22.81999969482422,22.969999313354492,3900
2021-10-25,22.899999618530273,23.0,22.3700008392334,22.59000015258789,4200
2021-10-26,22.540000915527344,22.540000915527344,21.809999465942383,21.989999771118164,8800
2021-10-27,22.1299991607666,22.1299991607666,21.799999237060547,22.049999237060547,7700
2021-10-28,21.959999084472656,22.760000228881836,21.690000534057617,22.559999465942383,10400
2021-10-29,22.420000076293945,22.420000076293945,21.920000076293945,22.170000076293945,1800
2021-11-01,21.959999084472656,22.290000915527344,21.959999084472656,22.200000762939453,8100
2021-11-02,22.399999618530273,23.079999923706055,22.360000610351562,22.899999618530273,8800
2021-11-03,22.649999618530273,22.75,22.3799991607666,22.559999465942383,15700
2021-11-04,22.5,23.8799991607666,22.3799991607666,23.280000686645508,19100
2021-11-05,23.280000686645508,23.920000076293945,22.690000534057617,23.030000686645508,14300
2021-11-08,23.350000381469727,23.690000534057617,22.5,22.8799991607666,5900
2021-11-09,23.40999984741211,23.40999984741211,22.56999969482422,22.610000610351562,6600
2021-11-10,22.3799991607666,22.5,22.299999237060547,22.450000762939453,4900
2021-11-11,22.549999237060547,22.90999984741211,22.100000381469727,22.200000762939453,16900
2021-11-12,22.100000381469727,22.190000534057617,21.889999389648438,22.09000015258789,5800
2021-11-15,22.100000381469727,22.43000030517578,21.829999923706055,21.899999618530273,32400
2021-11-16,21.81999969482422,22.010000228881836,21.809999465942383,21.899999618530273,12700
2021-11-17,21.899999618530273,22.059999465942383,21.700000762939453,21.850000381469727,6100
2021-11-18,22.170000076293945,22.170000076293945,21.809999465942383,21.989999771118164,7300
2021-11-19,21.979999542236328,22.0,21.690000534057617,21.809999465942383,22300
2021-11-22,22.0,22.0,21.540000915527344,21.690000534057617,19400
2021-11-23,21.700000762939453,22.0,21.600000381469727,21.700000762939453,21200
2021-11-24,21.709999084472656,22.0,21.709999084472656,21.959999084472656,5600
2021-11-26,21.450000762939453,21.450000762939453,20.299999237060547,21.360000610351562,47000
2021-11-29,21.989999771118164,21.989999771118164,21.040000915527344,21.239999771118164,22100
2021-11-30,21.329999923706055,21.389999389648438,20.299999237060547,20.5,30200
2021-12-01,20.6200008392334,21.209999084472656,20.479999542236328,20.75,32900
2021-12-02,21.1200008392334,21.540000915527344,20.299999237060547,20.5,36900
2021-12-03,20.5,21.350000381469727,20.389999389648438,20.959999084472656,20700
2021-12-06,21.0,21.290000915527344,20.790000915527344,20.790000915527344,12800
2021-12-07,21.18000030517578,21.329999923706055,21.100000381469727,21.219999313354492,19100
2021-12-08,21.25,21.90999984741211,21.100000381469727,21.700000762939453,9700
2021-12-09,21.489999771118164,21.8799991607666,21.420000076293945,21.68000030517578,7300
2021-12-10,21.75,21.75,21.110000610351562,21.510000228881836,11200
2021-12-13,21.75,21.799999237060547,21.09000015258789,21.09000015258789,16600
2021-12-14,21.0,21.0,20.350000381469727,20.459999084472656,32200
2021-12-15,20.829999923706055,21.200000762939453,20.389999389648438,20.709999084472656,41500
2021-12-16,21.200000762939453,21.34000015258789,20.709999084472656,20.979999542236328,17500
2021-12-17,20.799999237060547,20.950000762939453,20.709999084472656,20.829999923706055,10100
2021-12-20,20.780000686645508,21.239999771118164,20.520000457763672,20.8799991607666,15000
2021-12-21,21.079999923706055,21.079999923706055,20.489999771118164,20.700000762939453,15300
2021-12-22,20.760000228881836,20.829999923706055,20.690000534057617,20.760000228881836,38900
2021-12-23,20.950000762939453,21.010000228881836,20.760000228881836,21.010000228881836,13900
2021-12-27,21.09000015258789,21.399999618530273,20.700000762939453,20.889999389648438,23700
2021-12-28,20.700000762939453,21.399999618530273,20.700000762939453,21.020000457763672,25100
2021-12-29,21.010000228881836,21.110000610351562,20.899999618530273,21.0,11400
2021-12-30,20.979999542236328,21.0,20.799999237060547,20.850000381469727,15400
2021-12-31,20.84000015258789,21.5,20.84000015258789,21.280000686645508,12500
2022-01-03,21.399999618530273,22.8700008392334,21.200000762939453,22.469999313354492,20800
2022-01-04,23.0,23.0,22.030000686645508,22.280000686645508,17100
2022-01-05,22.559999465942383,22.75,22.200000762939453,22.530000686645508,9900
2022-01-06,22.510000228881836,22.75,22.299999237060547,22.75,3000
2022-01-07,22.40999984741211,23.209999084472656,22.40999984741211,23.100000381469727,6300
2022-01-10,23.149999618530273,23.229999542236328,22.799999237060547,22.989999771118164,7000
2022-01-11,23.139999389648438,23.25,22.950000762939453,23.239999771118164,5100
2022-01-12,23.25,23.700000762939453,23.25,23.299999237060547,11800
2022-01-13,23.700000762939453,24.0,23.520000457763672,23.790000915527344,17000
2022-01-14,23.75,23.950000762939453,23.280000686645508,23.950000762939453,13500
2022-01-18,24.0,24.0,23.290000915527344,23.93000030517578,11300
2022-01-19,24.0,24.0,23.360000610351562,23.600000381469727,6100
2022-01-20,24.0,24.56999969482422,23.75,24.15999984741211,26900
2022-01-21,24.280000686645508,24.3799991607666,23.790000915527344,24.200000762939453,15800
2022-01-24,24.239999771118164,24.239999771118164,23.260000228881836,23.959999084472656,16900
2022-01-25,23.559999465942383,23.8700008392334,23.5,23.5,11900
2022-01-26,23.639999389648438,23.989999771118164,23.5,23.510000228881836,8700
2022-01-27,23.829999923706055,23.889999389648438,23.549999237060547,23.889999389648438,12700
2022-01-28,23.850000381469727,23.899999618530273,23.700000762939453,23.799999237060547,10800
2022-01-31,23.8799991607666,24.530000686645508,23.799999237060547,24.219999313354492,22100
2022-02-01,23.8799991607666,24.190000534057617,23.850000381469727,24.190000534057617,20900
2022-02-02,24.0,24.100000381469727,23.889999389648438,24.100000381469727,20500
2022-02-03,24.219999313354492,24.239999771118164,23.850000381469727,24.06999969482422,10700
2022-02-04,23.899999618530273,24.100000381469727,23.889999389648438,24.06999969482422,13800
2022-02-07,24.0,24.290000915527344,23.989999771118164,24.18000030517578,10900
2022-02-08,24.420000076293945,24.420000076293945,24.200000762939453,24.290000915527344,4600
2022-02-09,24.31999969482422,24.31999969482422,23.850000381469727,24.049999237060547,16300
2022-02-10,24.0,24.0,23.889999389648438,23.889999389648438,10800
2022-02-11,24.0,24.3700008392334,23.899999618530273,24.15999984741211,45200
2022-02-14,24.290000915527344,24.290000915527344,23.850000381469727,23.850000381469727,6600
2022-02-15,24.059999465942383,24.190000534057617,23.950000762939453,24.100000381469727,8800
2022-02-16,24.18000030517578,24.299999237060547,24.149999618530273,24.280000686645508,5600
2022-02-17,24.280000686645508,24.299999237060547,24.049999237060547,24.09000015258789,67600
2022-02-18,24.1299991607666,24.190000534057617,24.049999237060547,24.079999923706055,6800
2022-02-22,24.0,24.299999237060547,24.0,24.06999969482422,8800
2022-02-23,24.059999465942383,24.15999984741211,24.049999237060547,24.059999465942383,6600
2022-02-24,23.940000534057617,24.0,23.56999969482422,23.700000762939453,21200
2022-02-25,23.709999084472656,23.8700008392334,23.56999969482422,23.59000015258789,7200
2022-02-28,23.709999084472656,23.959999084472656,23.56999969482422,23.59000015258789,11500
2022-03-01,23.56999969482422,23.780000686645508,23.049999237060547,23.100000381469727,27000
2022-03-02,23.010000228881836,23.479999542236328,23.010000228881836,23.440000534057617,9900
2022-03-03,23.670000076293945,23.729999542236328,23.420000076293945,23.709999084472656,12500
2022-03-04,23.68000030517578,23.68000030517578,22.799999237060547,22.940000534057617,26600
2022-03-07,23.18000030517578,23.18000030517578,22.799999237060547,22.799999237060547,24300
2022-03-08,22.780000686645508,23.040000915527344,22.780000686645508,22.899999618530273,26200
2022-03-09,22.899999618530273,23.059999465942383,22.889999389648438,22.950000762939453,17600
2022-03-10,22.899999618530273,23.170000076293945,22.889999389648438,22.989999771118164,29000
2022-03-11,22.860000610351562,23.149999618530273,22.860000610351562,22.989999771118164,34100
2022-03-14,22.959999084472656,23.329999923706055,22.959999084472656,23.170000076293945,23900
2022-03-15,23.170000076293945,23.170000076293945,22.989999771118164,22.989999771118164,11100
2022-03-16,23.079999923706055,23.149999618530273,22.989999771118164,23.049999237060547,17200
2022-03-17,23.049999237060547,23.489999771118164,23.0,23.3700008392334,24300
2022-03-18,23.299999237060547,23.5,23.040000915527344,23.290000915527344,68900
2022-03-21,23.450000762939453,23.649999618530273,23.200000762939453,23.649999618530273,15000
2022-03-22,23.600000381469727,24.280000686645508,23.530000686645508,24.1200008392334,15700
2022-03-23,24.1299991607666,24.229999542236328,23.940000534057617,24.06999969482422,7900
2022-03-24,24.06999969482422,24.5,23.940000534057617,24.389999389648438,22500
2022-03-25,24.290000915527344,24.459999084472656,24.219999313354492,24.219999313354492,11900
2022-03-28,24.1200008392334,24.280000686645508,23.940000534057617,24.09000015258789,13600
2022-03-29,24.1299991607666,24.190000534057617,23.790000915527344,23.850000381469727,10200
2022-03-30,23.899999618530273,24.110000610351562,23.709999084472656,23.75,7100
2022-03-31,23.6299991607666,24.0,23.530000686645508,23.610000610351562,9500
2022-04-01,23.6200008392334,23.920000076293945,23.6200008392334,23.809999465942383,13000
2022-04-04,23.6200008392334,23.850000381469727,23.299999237060547,23.299999237060547,45300
2022-04-05,23.059999465942383,23.290000915527344,22.889999389648438,23.06999969482422,15000
2022-04-06,22.90999984741211,23.0,22.760000228881836,22.889999389648438,14000
2022-04-07,22.889999389648438,23.079999923706055,22.59000015258789,22.600000381469727,18300
2022-04-08,22.600000381469727,22.709999084472656,22.350000381469727,22.579999923706055,37400
2022-04-11,22.450000762939453,22.770000457763672,22.389999389648438,22.739999771118164,76900
2022-04-12,22.610000610351562,22.90999984741211,22.610000610351562,22.75,38500
2022-04-13,22.649999618530273,23.170000076293945,22.639999389648438,23.170000076293945,24300
2022-04-14,23.020000457763672,23.209999084472656,22.920000076293945,23.09000015258789,17500
2022-04-18,22.850000381469727,24.239999771118164,22.850000381469727,24.200000762939453,33600
2022-04-19,24.06999969482422,24.729999542236328,23.81999969482422,24.719999313354492,34300
2022-04-20,24.700000762939453,25.3799991607666,24.489999771118164,25.229999542236328,56500
2022-04-21,25.059999465942383,25.850000381469727,24.799999237060547,25.110000610351562,39500
2022-04-22,24.950000762939453,25.690000534057617,24.950000762939453,25.0,29200
2022-04-25,24.8799991607666,24.920000076293945,24.34000015258789,24.5,36600
2022-04-26,24.270000457763672,24.280000686645508,23.8799991607666,24.15999984741211,33500
2022-04-27,24.030000686645508,24.239999771118164,23.889999389648438,24.0,36200
2022-04-28,23.90999984741211,24.899999618530273,23.770000457763672,24.170000076293945,42800
2022-04-29,24.09000015258789,24.309999465942383,23.739999771118164,24.059999465942383,25900
2022-05-02,24.06999969482422,24.280000686645508,23.950000762939453,24.040000915527344,30400
2022-05-03,24.06999969482422,24.450000762939453,23.770000457763672,24.34000015258789,32100
2022-05-04,24.1200008392334,24.469999313354492,23.950000762939453,23.950000762939453,43500
2022-05-05,23.799999237060547,24.010000228881836,23.25,23.950000762939453,25500
2022-05-06,23.700000762939453,23.84000015258789,23.309999465942383,23.780000686645508,17400
2022-05-09,23.549999237060547,23.56999969482422,23.030000686645508,23.399999618530273,31000
2022-05-10,23.3799991607666,23.59000015258789,22.829999923706055,23.110000610351562,37600
2022-05-11,23.200000762939453,24.100000381469727,23.200000762939453,24.0,34200
2022-05-12,23.829999923706055,23.90999984741211,23.299999237060547,23.549999237060547,29400
2022-05-13,23.739999771118164,24.299999237060547,23.739999771118164,24.09000015258789,30700
2022-05-16,23.8799991607666,24.219999313354492,23.75,23.75,27400
2022-05-17,23.979999542236328,24.59000015258789,23.770000457763672,24.510000228881836,20900
2022-05-18,24.350000381469727,24.5,23.670000076293945,23.809999465942383,28300
2022-05-19,23.809999465942383,24.09000015258789,23.530000686645508,23.6299991607666,26900
2022-05-20,23.65999984741211,24.010000228881836,23.3799991607666,23.799999237060547,30600
2022-05-23,23.979999542236328,24.479999542236328,23.889999389648438,24.09000015258789,24400
2022-05-24,23.729999542236328,24.270000457763672,23.520000457763672,24.15999984741211,27400
2022-05-25,24.229999542236328,24.440000534057617,23.950000762939453,24.15999984741211,22200
2022-05-26,24.170000076293945,24.6200008392334,24.170000076293945,24.350000381469727,23300
2022-05-27,24.350000381469727,24.770000457763672,24.139999389648438,24.68000030517578,23300
2022-05-31,24.639999389648438,24.989999771118164,24.530000686645508,24.700000762939453,56200
2022-06-01,24.75,25.489999771118164,24.719999313354492,25.200000762939453,74200
2022-06-02,25.15999984741211,25.40999984741211,25.09000015258789,25.149999618530273,45100
2022-06-03,25.110000610351562,25.139999389648438,24.600000381469727,25.010000228881836,27900
2022-06-06,25.170000076293945,25.170000076293945,24.65999984741211,24.8799991607666,70800
2022-06-07,24.610000610351562,24.780000686645508,23.329999923706055,23.690000534057617,107000
2022-06-08,23.770000457763672,23.860000610351562,23.510000228881836,23.81999969482422,33900
2022-06-09,23.610000610351562,23.81999969482422,23.510000228881836,23.540000915527344,51800
2022-06-10,23.450000762939453,23.450000762939453,22.709999084472656,22.90999984741211,41600
2022-06-13,22.5,22.760000228881836,21.65999984741211,21.65999984741211,72300
2022-06-14,21.799999237060547,21.959999084472656,21.40999984741211,21.540000915527344,99100
2022-06-15,21.600000381469727,22.84000015258789,21.600000381469727,22.479999542236328,90400
2022-06-16,21.940000534057617,22.219999313354492,21.670000076293945,21.850000381469727,86800
2022-06-17,22.059999465942383,22.530000686645508,22.010000228881836,22.31999969482422,68400
2022-06-21,22.299999237060547,23.040000915527344,22.270000457763672,22.56999969482422,65400
2022-06-22,22.479999542236328,22.59000015258789,22.010000228881836,22.010000228881836,105400
2022-06-23,21.860000610351562,22.190000534057617,21.639999389648438,21.649999618530273,93300
2022-06-24,21.84000015258789,22.31999969482422,20.940000534057617,20.959999084472656,1330600
2022-06-27,21.09000015258789,21.520000457763672,20.809999465942383,21.40999984741211,95700
2022-06-28,21.399999618530273,21.760000228881836,21.15999984741211,21.290000915527344,38500
2022-06-29,21.270000457763672,21.329999923706055,20.90999984741211,21.15999984741211,59300
2022-06-30,21.010000228881836,21.030000686645508,20.860000610351562,20.959999084472656,46800
2022-07-01,20.84000015258789,21.040000915527344,20.65999984741211,21.0,39000
2022-07-05,20.780000686645508,21.690000534057617,20.719999313354492,21.6299991607666,76200
2022-07-06,21.420000076293945,21.43000030517578,21.0,21.170000076293945,31600
2022-07-07,21.190000534057617,21.600000381469727,21.15999984741211,21.190000534057617,24000
2022-07-08,21.350000381469727,21.350000381469727,20.760000228881836,21.18000030517578,26900
2022-07-11,20.920000076293945,21.15999984741211,20.8700008392334,20.989999771118164,18100
2022-07-12,21.06999969482422,21.149999618530273,20.760000228881836,20.799999237060547,20700
2022-07-13,20.799999237060547,20.860000610351562,20.540000915527344,20.600000381469727,22900
2022-07-14,20.420000076293945,20.600000381469727,20.260000228881836,20.530000686645508,32600
2022-07-15,20.829999923706055,21.270000457763672,20.459999084472656,20.959999084472656,36400
2022-07-18,20.829999923706055,20.8700008392334,20.610000610351562,20.799999237060547,43000
2022-07-19,20.959999084472656,21.440000534057617,20.959999084472656,21.229999542236328,15800
2022-07-20,21.100000381469727,21.440000534057617,21.100000381469727,21.270000457763672,16200
2022-07-21,21.1200008392334,21.34000015258789,20.799999237060547,21.190000534057617,23100
2022-07-22,21.06999969482422,21.25,20.899999618530273,21.020000457763672,22500
2022-07-25,21.0,21.420000076293945,21.0,21.170000076293945,16400
2022-07-26,21.25,21.25,21.079999923706055,21.139999389648438,10300
2022-07-27,21.079999923706055,21.549999237060547,21.049999237060547,21.350000381469727,16900
2022-07-28,21.209999084472656,21.540000915527344,21.059999465942383,21.229999542236328,34400
2022-07-29,21.440000534057617,22.139999389648438,21.440000534057617,21.950000762939453,36200
2022-08-01,21.81999969482422,22.65999984741211,21.81999969482422,22.510000228881836,44400
2022-08-02,22.610000610351562,22.829999923706055,22.5,22.549999237060547,13900
2022-08-03,22.5,22.790000915527344,22.31999969482422,22.68000030517578,22200
2022-08-04,22.790000915527344,22.850000381469727,22.229999542236328,22.450000762939453,22400
2022-08-05,22.43000030517578,22.760000228881836,22.360000610351562,22.520000457763672,16000
2022-08-08,22.520000457763672,22.8700008392334,22.520000457763672,22.670000076293945,16800
2022-08-09,22.799999237060547,22.889999389648438,22.65999984741211,22.829999923706055,20300
2022-08-10,23.06999969482422,23.260000228881836,23.049999237060547,23.219999313354492,22600
2022-08-11,23.309999465942383,23.639999389648438,23.209999084472656,23.579999923706055,15800
2022-08-12,23.6200008392334,24.110000610351562,23.6200008392334,23.989999771118164,17500
2022-08-15,23.790000915527344,24.010000228881836,23.790000915527344,23.940000534057617,9100
2022-08-16,23.799999237060547,24.110000610351562,23.799999237060547,23.81999969482422,12000
2022-08-17,23.790000915527344,24.030000686645508,23.600000381469727,23.81999969482422,7600
2022-08-18,23.850000381469727,24.049999237060547,23.670000076293945,23.8799991607666,12700
2022-08-19,23.799999237060547,23.899999618530273,23.729999542236328,23.790000915527344,21700
2022-08-22,23.700000762939453,23.700000762939453,23.139999389648438,23.219999313354492,16600
2022-08-23,23.280000686645508,23.389999389648438,23.09000015258789,23.1299991607666,15700
2022-08-24,23.040000915527344,23.059999465942383,22.5,22.6200008392334,23600
2022-08-25,22.93000030517578,23.329999923706055,22.920000076293945,23.25,35300
2022-08-26,23.229999542236328,23.239999771118164,22.670000076293945,22.670000076293945,16900
2022-08-29,23.049999237060547,23.1299991607666,22.59000015258789,22.610000610351562,16700
2022-08-30,22.799999237060547,23.040000915527344,22.540000915527344,22.540000915527344,14200
2022-08-31,22.670000076293945,22.709999084472656,22.170000076293945,22.18000030517578,15000
2022-09-01,22.110000610351562,22.239999771118164,22.0,22.149999618530273,20800
2022-09-02,22.100000381469727,22.190000534057617,21.889999389648438,22.040000915527344,16300
2022-09-06,22.020000457763672,22.219999313354492,21.75,22.1299991607666,17100
2022-09-07,22.200000762939453,22.520000457763672,22.0,22.520000457763672,19600
2022-09-08,22.06999969482422,22.450000762939453,22.049999237060547,22.450000762939453,6200
2022-09-09,22.6299991607666,22.770000457763672,22.270000457763672,22.420000076293945,10500
2022-09-12,22.350000381469727,22.709999084472656,22.350000381469727,22.649999618530273,8000
2022-09-13,22.510000228881836,22.510000228881836,21.8700008392334,21.899999618530273,21500
2022-09-14,21.989999771118164,22.100000381469727,21.81999969482422,21.920000076293945,42500
2022-09-15,21.93000030517578,22.110000610351562,21.829999923706055,22.0,8900
2022-09-16,21.81999969482422,22.31999969482422,21.579999923706055,22.31999969482422,59100
2022-09-19,22.31999969482422,22.399999618530273,22.170000076293945,22.399999618530273,9600
2022-09-20,22.1299991607666,22.3799991607666,21.979999542236328,22.280000686645508,7900
2022-09-21,22.280000686645508,22.280000686645508,21.950000762939453,22.06999969482422,41100
2022-09-22,21.799999237060547,22.020000457763672,21.799999237060547,21.950000762939453,19400
2022-09-23,21.81999969482422,22.06999969482422,21.510000228881836,21.639999389648438,28400
2022-09-26,21.719999313354492,21.899999618530273,21.510000228881836,21.549999237060547,21400
2022-09-27,22.09000015258789,22.09000015258789,21.049999237060547,21.229999542236328,27400
2022-09-28,21.200000762939453,21.459999084472656,21.149999618530273,21.3700008392334,29900
2022-09-29,21.059999465942383,21.200000762939453,21.059999465942383,21.190000534057617,22000
2022-09-30,21.1299991607666,21.200000762939453,20.959999084472656,20.959999084472656,16800
2022-10-03,20.81999969482422,21.0,20.75,20.770000457763672,39400
2022-10-04,20.920000076293945,21.079999923706055,20.6299991607666,20.75,30400
2022-10-05,20.729999542236328,20.989999771118164,20.559999465942383,20.93000030517578,15700
2022-10-06,20.799999237060547,21.40999984741211,20.799999237060547,21.1200008392334,13600
2022-10-07,21.200000762939453,21.200000762939453,20.729999542236328,20.770000457763672,11600
2022-10-10,20.850000381469727,21.079999923706055,20.850000381469727,20.90999984741211,15900
2022-10-11,20.760000228881836,20.920000076293945,20.760000228881836,20.850000381469727,8300
2022-10-12,20.93000030517578,21.34000015258789,20.760000228881836,21.020000457763672,14100
2022-10-13,21.0,22.200000762939453,20.989999771118164,21.90999984741211,57700
2022-10-14,21.809999465942383,22.0,21.489999771118164,21.579999923706055,16700
2022-10-17,21.81999969482422,22.110000610351562,21.81999969482422,22.0,16800
2022-10-18,22.25,22.25,21.739999771118164,21.860000610351562,9400
2022-10-19,21.920000076293945,21.920000076293945,20.860000610351562,21.1299991607666,13700
2022-10-20,20.979999542236328,21.260000228881836,20.40999984741211,20.790000915527344,45300
2022-10-21,20.979999542236328,20.979999542236328,20.579999923706055,20.850000381469727,19700
2022-10-24,20.850000381469727,21.100000381469727,20.760000228881836,21.049999237060547,43500
2022-10-25,21.010000228881836,21.290000915527344,21.0,21.149999618530273,34600
2022-10-26,21.260000228881836,21.260000228881836,20.989999771118164,21.020000457763672,15400
2022-10-27,21.18000030517578,21.270000457763672,20.799999237060547,21.18000030517578,8500
2022-10-28,21.260000228881836,21.979999542236328,21.260000228881836,21.700000762939453,18400
2022-10-31,21.59000015258789,21.709999084472656,21.219999313354492,21.559999465942383,14000
2022-11-01,21.579999923706055,21.729999542236328,21.510000228881836,21.540000915527344,12900
2022-11-02,21.649999618530273,21.75,21.260000228881836,21.260000228881836,12800
2022-11-03,21.229999542236328,21.489999771118164,21.010000228881836,21.329999923706055,14900
2022-11-04,21.530000686645508,21.75,21.25,21.690000534057617,10000
2022-11-07,21.639999389648438,21.75,21.459999084472656,21.540000915527344,8200
2022-11-08,21.389999389648438,21.600000381469727,21.389999389648438,21.520000457763672,6800
2022-11-09,21.3700008392334,21.520000457763672,21.31999969482422,21.520000457763672,7100
2022-11-10,21.75,21.780000686645508,21.59000015258789,21.68000030517578,45600
2022-11-11,21.75,21.75,21.31999969482422,21.420000076293945,6500
2022-11-14,21.59000015258789,21.700000762939453,21.579999923706055,21.600000381469727,22500
2022-11-15,21.65999984741211,21.75,21.290000915527344,21.420000076293945,22500
2022-11-16,21.510000228881836,21.709999084472656,21.40999984741211,21.610000610351562,12200
2022-11-17,21.579999923706055,21.75,21.540000915527344,21.75,9900
2022-11-18,21.75,21.899999618530273,21.6200008392334,21.65999984741211,12500
2022-11-21,21.600000381469727,21.68000030517578,21.440000534057617,21.469999313354492,12500
2022-11-22,21.549999237060547,21.790000915527344,21.549999237060547,21.75,44700
2022-11-23,21.75,21.75,21.65999984741211,21.719999313354492,11700
2022-11-25,21.75,21.760000228881836,21.729999542236328,21.739999771118164,7600
2022-11-28,21.700000762939453,21.75,21.43000030517578,21.6200008392334,9000
2022-11-29,21.65999984741211,21.65999984741211,21.399999618530273,21.5,7300
2022-11-30,21.399999618530273,21.75,21.100000381469727,21.75,14900
2022-12-01,21.690000534057617,21.75,21.6299991607666,21.75,9300
2022-12-02,21.639999389648438,21.65999984741211,21.229999542236328,21.450000762939453,27300
2022-12-05,21.260000228881836,21.260000228881836,20.610000610351562,20.770000457763672,22000
2022-12-06,20.770000457763672,21.139999389648438,20.65999984741211,21.0,33700
2022-12-07,20.860000610351562,21.059999465942383,20.700000762939453,20.850000381469727,9800
2022-12-08,20.899999618530273,20.899999618530273,20.799999237060547,20.850000381469727,7000
2022-12-09,20.760000228881836,20.81999969482422,20.600000381469727,20.600000381469727,7000
2022-12-12,20.600000381469727,20.899999618530273,20.450000762939453,20.649999618530273,40400
2022-12-13,20.899999618530273,21.219999313354492,20.579999923706055,21.010000228881836,40700
2022-12-14,20.860000610351562,21.15999984741211,20.809999465942383,20.8799991607666,34900
2022-12-15,20.709999084472656,20.75,20.15999984741211,20.229999542236328,31500
2022-12-16,20.15999984741211,21.59000015258789,20.09000015258789,21.440000534057617,93300
2022-12-19,21.25,21.350000381469727,20.260000228881836,20.549999237060547,42500
2022-12-20,20.270000457763672,20.3700008392334,20.059999465942383,20.149999618530273,57300
2022-12-21,20.170000076293945,20.440000534057617,20.1200008392334,20.239999771118164,53700
2022-12-22,20.229999542236328,20.459999084472656,20.059999465942383,20.399999618530273,42000
2022-12-23,20.450000762939453,20.850000381469727,20.450000762939453,20.579999923706055,10700
2022-12-27,20.6299991607666,20.739999771118164,20.389999389648438,20.420000076293945,12400
2022-12-28,20.3799991607666,20.5,20.229999542236328,20.420000076293945,14300
2022-12-29,20.479999542236328,20.8700008392334,20.479999542236328,20.68000030517578,18800
2022-12-30,20.649999618530273,20.889999389648438,20.649999618530273,20.739999771118164,13000
2023-01-03,20.479999542236328,20.829999923706055,20.260000228881836,20.3799991607666,22300
2023-01-04,20.3799991607666,20.780000686645508,20.3799991607666,20.510000228881836,19200
2023-01-05,20.5,20.520000457763672,20.389999389648438,20.389999389648438,5000
2023-01-06,20.329999923706055,20.850000381469727,20.329999923706055,20.84000015258789,15300
2023-01-09,20.829999923706055,20.84000015258789,20.43000030517578,20.459999084472656,8400
2023-01-10,20.469999313354492,20.649999618530273,20.3700008392334,20.43000030517578,7300
2023-01-11,20.5,20.799999237060547,20.43000030517578,20.59000015258789,12400
2023-01-12,20.729999542236328,20.799999237060547,20.670000076293945,20.709999084472656,13400
2023-01-13,20.81999969482422,21.0,20.729999542236328,20.90999984741211,12300
2023-01-17,20.90999984741211,20.90999984741211,20.770000457763672,20.790000915527344,5000
2023-01-18,21.0,21.450000762939453,20.450000762939453,20.450000762939453,7800
2023-01-19,20.360000610351562,20.700000762939453,20.360000610351562,20.450000762939453,12700
2023-01-20,20.6200008392334,20.93000030517578,20.540000915527344,20.59000015258789,18500
2023-01-23,20.450000762939453,20.770000457763672,20.350000381469727,20.75,21900
2023-01-24,20.670000076293945,20.670000076293945,20.450000762939453,20.5,8500
2023-01-25,20.450000762939453,20.5,20.450000762939453,20.5,16900
2023-01-26,20.5,20.549999237060547,20.399999618530273,20.440000534057617,17000
2023-01-27,20.309999465942383,20.75,20.309999465942383,20.600000381469727,6200
2023-01-30,20.600000381469727,20.68000030517578,20.600000381469727,20.600000381469727,6200
2023-01-31,20.68000030517578,20.860000610351562,20.530000686645508,20.709999084472656,18000
2023-02-01,20.780000686645508,21.0,20.68000030517578,20.790000915527344,16500
2023-02-02,20.81999969482422,21.0,20.770000457763672,20.8700008392334,20100
2023-02-03,20.709999084472656,20.90999984741211,20.709999084472656,20.760000228881836,18900
2023-02-06,20.8700008392334,21.0,20.829999923706055,20.90999984741211,9400
2023-02-07,20.850000381469727,21.0,20.75,20.8799991607666,5800
2023-02-08,20.780000686645508,20.90999984741211,20.6299991607666,20.90999984741211,7400
2023-02-09,20.5,20.899999618530273,20.5,20.579999923706055,10800
2023-02-10,20.5,20.75,20.5,20.5,6300
2023-02-13,20.510000228881836,20.6200008392334,20.3700008392334,20.3700008392334,13000
2023-02-14,20.530000686645508,20.600000381469727,20.31999969482422,20.56999969482422,23900
2023-02-15,20.450000762939453,20.700000762939453,20.450000762939453,20.549999237060547,20200
2023-02-16,20.56999969482422,20.709999084472656,20.350000381469727,20.549999237060547,10800
2023-02-17,20.579999923706055,20.790000915527344,20.549999237060547,20.559999465942383,14100
2023-02-21,20.559999465942383,20.670000076293945,20.399999618530273,20.399999618530273,13300
2023-02-22,20.450000762939453,20.739999771118164,20.40999984741211,20.469999313354492,18900
2023-02-23,20.579999923706055,20.610000610351562,20.579999923706055,20.610000610351562,4900
2023-02-24,20.530000686645508,20.56999969482422,20.40999984741211,20.43000030517578,13100
2023-02-27,20.549999237060547,20.649999618530273,20.5,20.5,17700
2023-02-28,20.540000915527344,20.670000076293945,20.40999984741211,20.40999984741211,9700
2023-03-01,20.530000686645508,20.549999237060547,20.309999465942383,20.450000762939453,11000
2023-03-02,20.450000762939453,20.450000762939453,20.299999237060547,20.40999984741211,6000
2023-03-03,20.549999237060547,20.639999389648438,20.420000076293945,20.459999084472656,7700
2023-03-06,20.479999542236328,20.479999542236328,19.81999969482422,20.059999465942383,39900
2023-03-07,20.100000381469727,20.18000030517578,19.84000015258789,20.040000915527344,18400
2023-03-08,20.049999237060547,20.149999618530273,19.690000534057617,20.059999465942383,25700
2023-03-09,19.989999771118164,20.15999984741211,19.709999084472656,19.75,28400
2023-03-10,19.719999313354492,19.719999313354492,18.959999084472656,19.020000457763672,41000
2023-03-13,18.799999237060547,19.549999237060547,17.790000915527344,18.1200008392334,38800
2023-03-14,18.68000030517578,19.479999542236328,18.549999237060547,18.549999237060547,20200
2023-03-15,18.360000610351562,18.809999465942383,18.25,18.299999237060547,62100
2023-03-16,18.229999542236328,18.889999389648438,18.0,18.799999237060547,47000
2023-03-17,18.68000030517578,18.68000030517578,17.600000381469727,17.799999237060547,110900
2023-03-20,17.950000762939453,18.200000762939453,17.68000030517578,17.790000915527344,27400
2023-03-21,17.979999542236328,18.440000534057617,17.979999542236328,18.270000457763672,34000
2023-03-22,18.299999237060547,18.299999237060547,17.600000381469727,17.600000381469727,20300
2023-03-23,17.75,17.8700008392334,17.309999465942383,17.809999465942383,42500
2023-03-24,17.729999542236328,18.270000457763672,17.59000015258789,18.100000381469727,18500
2023-03-27,18.100000381469727,18.389999389648438,18.100000381469727,18.25,6200
2023-03-28,18.290000915527344,18.690000534057617,18.149999618530273,18.350000381469727,15600
2023-03-29,18.270000457763672,18.270000457763672,17.579999923706055,17.889999389648438,41600
2023-03-30,17.889999389648438,18.170000076293945,17.5,17.860000610351562,14800
2023-03-31,18.030000686645508,18.190000534057617,17.149999618530273,17.780000686645508,71600
2023-04-03,17.639999389648438,18.049999237060547,17.219999313354492,18.049999237060547,22900
2023-04-04,18.040000915527344,18.040000915527344,17.59000015258789,17.700000762939453,13200
2023-04-05,17.6299991607666,17.729999542236328,17.049999237060547,17.190000534057617,25200
2023-04-06,17.049999237060547,17.170000076293945,17.049999237060547,17.110000610351562,12900
2023-04-10,17.049999237060547,17.389999389648438,17.049999237060547,17.290000915527344,15100
2023-04-11,17.25,17.469999313354492,17.200000762939453,17.260000228881836,27700
2023-04-12,17.549999237060547,17.549999237060547,17.270000457763672,17.34000015258789,5200
2023-04-13,17.239999771118164,17.6299991607666,17.239999771118164,17.43000030517578,11800
2023-04-14,17.540000915527344,17.540000915527344,17.09000015258789,17.149999618530273,19000
2023-04-17,17.06999969482422,17.40999984741211,17.06999969482422,17.1299991607666,13300
2023-04-18,17.450000762939453,17.450000762939453,17.040000915527344,17.049999237060547,16700
2023-04-19,17.06999969482422,17.18000030517578,16.989999771118164,17.079999923706055,13000
2023-04-20,17.059999465942383,17.43000030517578,16.989999771118164,17.389999389648438,13400
2023-04-21,17.299999237060547,17.299999237060547,17.030000686645508,17.170000076293945,9800
2023-04-24,17.170000076293945,17.719999313354492,17.0,17.0,15100
2023-04-25,16.899999618530273,17.700000762939453,16.899999618530273,16.989999771118164,22000
2023-04-26,16.84000015258789,17.149999618530273,16.84000015258789,17.1200008392334,14100
2023-04-27,17.139999389648438,17.229999542236328,16.989999771118164,17.0,11500
2023-04-28,16.850000381469727,17.450000762939453,16.850000381469727,17.190000534057617,27900
2023-05-01,17.09000015258789,17.469999313354492,16.600000381469727,16.75,30300
2023-05-02,16.950000762939453,16.950000762939453,16.219999313354492,16.350000381469727,24500
2023-05-03,16.43000030517578,16.65999984741211,16.030000686645508,16.06999969482422,22300
2023-05-04,16.0,16.0,14.859999656677246,15.34000015258789,57500
2023-05-05,15.520000457763672,15.770000457763672,15.5,15.770000457763672,18000
2023-05-08,15.850000381469727,16.1200008392334,15.59000015258789,15.59000015258789,13800
2023-05-09,15.569999694824219,15.890000343322754,15.5,15.529999732971191,12100
2023-05-10,15.75,15.819999694824219,15.390000343322754,15.59000015258789,22100
2023-05-11,15.510000228881836,15.5600004196167,15.479999542236328,15.479999542236328,14200
2023-05-12,15.630000114440918,15.649999618530273,15.289999961853027,15.630000114440918,12800
2023-05-15,15.640000343322754,15.779999732971191,15.600000381469727,15.649999618530273,14500
2023-05-16,15.649999618530273,15.899999618530273,15.399999618530273,15.399999618530273,7700
2023-05-17,15.59000015258789,16.190000534057617,15.3100004196167,16.139999389648438,17100
2023-05-18,16.1200008392334,16.1200008392334,15.8100004196167,16.040000915527344,34100
2023-05-19,16.209999084472656,16.209999084472656,15.800000190734863,15.84000015258789,17500
2023-05-22,15.819999694824219,16.100000381469727,15.600000381469727,16.049999237060547,13600
2023-05-23,16.020000457763672,16.149999618530273,15.890000343322754,15.960000038146973,46700
2023-05-24,15.90999984741211,16.290000915527344,15.850000381469727,16.0,15100
2023-05-25,16.0,16.290000915527344,15.729999542236328,16.010000228881836,16000
2023-05-26,15.9399995803833,16.360000610351562,15.9399995803833,16.18000030517578,5400
2023-05-30,16.280000686645508,16.31999969482422,15.899999618530273,15.979999542236328,16900
2023-05-31,15.960000038146973,16.209999084472656,15.600000381469727,16.059999465942383,19500
2023-06-01,16.18000030517578,16.389999389648438,16.049999237060547,16.049999237060547,18000
2023-06-02,16.25,17.170000076293945,16.25,17.170000076293945,18100
2023-06-05,17.1200008392334,17.299999237060547,16.850000381469727,17.100000381469727,20200
2023-06-06,17.200000762939453,17.84000015258789,16.829999923706055,17.68000030517578,17800
2023-06-07,17.850000381469727,18.200000762939453,17.5,17.790000915527344,31300
2023-06-08,17.81999969482422,17.979999542236328,17.1200008392334,17.350000381469727,15200
2023-06-09,17.350000381469727,17.350000381469727,16.989999771118164,17.09000015258789,6600
2023-06-12,17.059999465942383,17.1299991607666,16.809999465942383,16.809999465942383,10400
2023-06-13,16.969999313354492,17.75,16.969999313354492,17.59000015258789,23800
2023-06-14,17.56999969482422,18.139999389648438,17.329999923706055,17.649999618530273,34400
2023-06-15,17.549999237060547,18.079999923706055,17.510000228881836,17.8700008392334,16700
2023-06-16,17.979999542236328,17.979999542236328,17.5,17.719999313354492,51300
2023-06-20,17.739999771118164,18.229999542236328,17.209999084472656,17.280000686645508,13600
2023-06-21,17.3799991607666,17.579999923706055,17.200000762939453,17.200000762939453,13200
2023-06-22,17.239999771118164,17.469999313354492,16.809999465942383,17.06999969482422,17800
2023-06-23,16.850000381469727,17.639999389648438,16.799999237060547,17.09000015258789,108000
2023-06-26,17.06999969482422,17.510000228881836,17.06999969482422,17.209999084472656,14500
2023-06-27,17.520000457763672,17.520000457763672,16.959999084472656,17.079999923706055,15500
2023-06-28,17.0,17.350000381469727,17.0,17.200000762939453,8100
2023-06-29,17.299999237060547,17.299999237060547,16.889999389648438,16.969999313354492,21100
2023-06-30,17.049999237060547,17.110000610351562,16.770000457763672,16.989999771118164,34900
2023-07-03,16.979999542236328,17.09000015258789,16.979999542236328,17.09000015258789,12100
2023-07-05,17.0,17.0,16.81999969482422,16.860000610351562,26900
2023-07-06,16.899999618530273,16.899999618530273,16.389999389648438,16.770000457763672,19500
2023-07-07,16.56999969482422,17.1200008392334,16.56999969482422,17.040000915527344,82400
2023-07-10,17.190000534057617,17.190000534057617,16.489999771118164,16.889999389648438,29200
2023-07-11,16.889999389648438,16.889999389648438,16.489999771118164,16.809999465942383,33900
2023-07-12,16.979999542236328,17.219999313354492,16.760000228881836,17.1200008392334,19400
2023-07-13,17.190000534057617,17.190000534057617,16.8700008392334,17.010000228881836,18000
2023-07-14,17.139999389648438,17.139999389648438,16.799999237060547,17.079999923706055,16400
2023-07-17,17.0,17.1200008392334,16.889999389648438,16.93000030517578,16300
2023-07-18,17.18000030517578,18.399999618530273,16.829999923706055,18.25,37700
2023-07-19,18.299999237060547,18.979999542236328,18.010000228881836,18.799999237060547,22200
2023-07-20,18.5,18.690000534057617,17.40999984741211,17.700000762939453,40700
2023-07-21,17.709999084472656,18.489999771118164,17.709999084472656,18.040000915527344,22100
2023-07-24,18.030000686645508,18.780000686645508,17.809999465942383,18.780000686645508,22300
2023-07-25,18.700000762939453,18.780000686645508,18.0,18.280000686645508,32900
2023-07-26,18.309999465942383,19.489999771118164,18.309999465942383,19.25,48300
2023-07-27,19.25,19.399999618530273,18.889999389648438,19.100000381469727,17500
2023-07-28,19.0,19.329999923706055,18.530000686645508,19.149999618530273,62600
2023-07-31,19.09000015258789,19.950000762939453,19.020000457763672,19.84000015258789,62000
2023-08-01,18.889999389648438,19.450000762939453,18.459999084472656,18.899999618530273,40700
2023-08-02,18.8700008392334,18.8700008392334,17.860000610351562,18.09000015258789,44700
2023-08-03,18.450000762939453,19.190000534057617,18.1200008392334,18.90999984741211,43000
2023-08-04,19.0,19.280000686645508,18.639999389648438,18.639999389648438,26000
2023-08-07,19.200000762939453,19.200000762939453,18.229999542236328,18.510000228881836,39300
2023-08-08,18.309999465942383,19.719999313354492,18.309999465942383,19.459999084472656,65200
2023-08-09,19.350000381469727,19.350000381469727,18.399999618530273,18.579999923706055,34600
2023-08-10,18.469999313354492,18.719999313354492,18.020000457763672,18.170000076293945,56200
2023-08-11,18.09000015258789,19.399999618530273,18.040000915527344,19.0,87100
2023-08-14,18.979999542236328,18.989999771118164,18.030000686645508,18.209999084472656,57300
2023-08-15,18.09000015258789,18.110000610351562,17.579999923706055,17.68000030517578,50800
2023-08-16,17.639999389648438,18.079999923706055,17.43000030517578,17.469999313354492,14100
2023-08-17,17.56999969482422,17.84000015258789,16.770000457763672,17.200000762939453,95200
2023-08-18,17.010000228881836,18.290000915527344,17.010000228881836,17.920000076293945,115100
2023-08-21,17.690000534057617,18.100000381469727,17.43000030517578,17.81999969482422,48500
2023-08-22,18.3799991607666,18.3799991607666,16.780000686645508,17.18000030517578,123400
2023-08-23,17.040000915527344,18.920000076293945,16.899999618530273,18.59000015258789,163900
2023-08-24,18.450000762939453,18.530000686645508,17.200000762939453,17.43000030517578,110800
2023-08-25,17.6200008392334,17.6200008392334,17.09000015258789,17.290000915527344,25200
2023-08-28,17.34000015258789,17.450000762939453,17.09000015258789,17.3799991607666,44500
2023-08-29,17.31999969482422,18.420000076293945,17.31999969482422,17.6200008392334,26000
2023-08-30,17.719999313354492,17.719999313354492,17.15999984741211,17.270000457763672,14100
2023-08-31,17.270000457763672,17.469999313354492,17.06999969482422,17.270000457763672,27400
2023-09-01,17.520000457763672,17.549999237060547,17.219999313354492,17.420000076293945,20100
2023-09-05,17.43000030517578,17.829999923706055,17.329999923706055,17.639999389648438,19500
2023-09-06,17.639999389648438,17.690000534057617,16.889999389648438,17.0,34400
2023-09-07,16.899999618530273,16.899999618530273,16.350000381469727,16.440000534057617,80400
2023-09-08,16.299999237060547,16.899999618530273,16.299999237060547,16.799999237060547,12900
2023-09-11,16.780000686645508,16.799999237060547,16.549999237060547,16.59000015258789,15400
2023-09-12,16.549999237060547,16.65999984741211,16.34000015258789,16.420000076293945,11100
2023-09-13,16.350000381469727,16.770000457763672,16.25,16.520000457763672,15100
2023-09-14,16.520000457763672,16.860000610351562,16.489999771118164,16.770000457763672,14800
2023-09-15,16.760000228881836,17.270000457763672,16.729999542236328,17.0,35000
2023-09-18,17.100000381469727,17.100000381469727,16.84000015258789,16.8700008392334,10900
2023-09-19,16.989999771118164,17.059999465942383,16.600000381469727,16.860000610351562,10100
2023-09-20,16.920000076293945,17.030000686645508,16.600000381469727,16.6299991607666,22100
2023-09-21,16.600000381469727,16.600000381469727,16.299999237060547,16.3700008392334,17500
2023-09-22,16.350000381469727,16.440000534057617,16.200000762939453,16.229999542236328,14900
2023-09-25,16.200000762939453,16.559999465942383,16.200000762939453,16.3700008392334,19700
2023-09-26,16.549999237060547,16.549999237060547,16.049999237060547,16.219999313354492,19400
2023-09-27,16.219999313354492,16.479999542236328,16.219999313354492,16.329999923706055,12300
2023-09-28,16.260000228881836,16.809999465942383,16.1200008392334,16.299999237060547,19700
2023-09-29,16.219999313354492,16.440000534057617,16.219999313354492,16.290000915527344,16800
2023-10-02,16.15999984741211,16.190000534057617,15.90999984741211,16.139999389648438,21700
2023-10-03,16.049999237060547,16.31999969482422,15.899999618530273,16.010000228881836,13400
2023-10-04,16.079999923706055,16.270000457763672,16.010000228881836,16.1299991607666,14100
2023-10-05,16.200000762939453,16.40999984741211,16.200000762939453,16.40999984741211,18800
2023-10-06,16.260000228881836,16.610000610351562,16.030000686645508,16.420000076293945,9200
2023-10-09,16.649999618530273,16.700000762939453,16.329999923706055,16.450000762939453,47000
2023-10-10,16.5,16.899999618530273,16.5,16.719999313354492,15300
2023-10-11,17.0,17.09000015258789,16.760000228881836,16.760000228881836,9500
2023-10-12,16.729999542236328,16.860000610351562,16.260000228881836,16.6299991607666,13300
2023-10-13,16.68000030517578,16.68000030517578,16.290000915527344,16.290000915527344,12100
2023-10-16,16.440000534057617,16.610000610351562,16.200000762939453,16.399999618530273,10200
2023-10-17,16.540000915527344,16.979999542236328,16.540000915527344,16.6200008392334,16300
2023-10-18,16.5,16.520000457763672,16.260000228881836,16.280000686645508,12900
2023-10-19,16.139999389648438,16.3700008392334,16.139999389648438,16.18000030517578,12800
2023-10-20,16.280000686645508,16.280000686645508,15.829999923706055,15.90999984741211,22600
2023-10-23,15.899999618530273,16.0,15.40999984741211,15.430000305175781,18300
2023-10-24,15.430000305175781,15.520000457763672,15.260000228881836,15.520000457763672,17200
2023-10-25,15.710000038146973,15.710000038146973,15.15999984741211,15.260000228881836,21800
2023-10-26,15.3100004196167,15.90999984741211,15.3100004196167,15.90999984741211,10400
2023-10-27,15.75,15.75,15.300000190734863,15.640000343322754,10800
2023-10-30,15.670000076293945,16.440000534057617,15.670000076293945,16.440000534057617,18700
2023-10-31,16.700000762939453,16.8799991607666,16.5,16.84000015258789,13100
2023-11-01,17.06999969482422,17.09000015258789,16.780000686645508,16.780000686645508,14900
2023-11-02,16.959999084472656,17.3700008392334,16.959999084472656,17.31999969482422,18100
2023-11-03,17.43000030517578,18.260000228881836,17.43000030517578,17.959999084472656,23300
2023-11-06,17.56999969482422,17.56999969482422,17.190000534057617,17.34000015258789,15600
2023-11-07,17.489999771118164,17.489999771118164,17.290000915527344,17.399999618530273,9700
2023-11-08,17.950000762939453,17.950000762939453,17.079999923706055,17.209999084472656,13200
2023-11-09,17.190000534057617,17.540000915527344,16.690000534057617,16.979999542236328,24500
2023-11-10,17.18000030517578,17.399999618530273,16.799999237060547,17.399999618530273,21000
2023-11-13,17.229999542236328,17.479999542236328,17.049999237060547,17.350000381469727,41300
2023-11-14,17.5,18.6200008392334,17.5,18.6200008392334,25700
2023-11-15,18.510000228881836,18.780000686645508,18.110000610351562,18.239999771118164,19400
2023-11-16,18.100000381469727,18.270000457763672,17.899999618530273,18.219999313354492,11800
2023-11-17,18.479999542236328,18.479999542236328,17.559999465942383,17.959999084472656,29700
2023-11-20,17.6200008392334,17.780000686645508,17.6200008392334,17.780000686645508,7400
2023-11-21,17.59000015258789,17.700000762939453,17.549999237060547,17.6299991607666,6100
2023-11-22,17.81999969482422,17.8799991607666,17.639999389648438,17.8700008392334,5700
2023-11-24,17.6200008392334,18.149999618530273,17.6200008392334,18.149999618530273,3800
2023-11-27,17.530000686645508,18.299999237060547,17.530000686645508,18.170000076293945,20900
2023-11-28,18.200000762939453,18.200000762939453,17.6200008392334,17.6200008392334,7800
2023-11-29,17.829999923706055,18.100000381469727,17.75,18.06999969482422,16500
2023-11-30,18.06999969482422,18.06999969482422,17.729999542236328,18.059999465942383,24900
2023-12-01,18.059999465942383,18.940000534057617,17.969999313354492,18.799999237060547,22100
2023-12-04,18.729999542236328,18.989999771118164,18.489999771118164,18.690000534057617,12800
2023-12-05,18.700000762939453,18.770000457763672,18.389999389648438,18.459999084472656,8700
2023-12-06,18.68000030517578,18.8799991607666,18.329999923706055,18.3700008392334,11300
2023-12-07,18.920000076293945,18.920000076293945,18.209999084472656,18.450000762939453,11500
2023-12-08,18.549999237060547,18.700000762939453,18.450000762939453,18.649999618530273,12200
2023-12-11,18.829999923706055,18.889999389648438,18.469999313354492,18.639999389648438,29400
2023-12-12,18.459999084472656,18.780000686645508,18.299999237060547,18.309999465942383,15400
2023-12-13,18.399999618530273,19.25,18.030000686645508,18.540000915527344,56000
2023-12-14,18.969999313354492,19.209999084472656,18.780000686645508,18.979999542236328,30600
2023-12-15,19.09000015258789,19.530000686645508,18.639999389648438,19.530000686645508,97000
2023-12-18,19.610000610351562,19.729999542236328,19.270000457763672,19.469999313354492,15800
2023-12-19,19.469999313354492,19.989999771118164,18.889999389648438,19.829999923706055,24100
2023-12-20,19.899999618530273,20.280000686645508,19.600000381469727,19.600000381469727,36200
2023-12-21,19.639999389648438,19.950000762939453,19.399999618530273,19.799999237060547,34500
2023-12-22,19.8799991607666,20.459999084472656,19.200000762939453,20.3700008392334,15200
2023-12-26,20.299999237060547,20.649999618530273,20.299999237060547,20.450000762939453,15200
2023-12-27,20.31999969482422,20.75,20.31999969482422,20.549999237060547,11700
2023-12-28,20.209999084472656,20.790000915527344,20.209999084472656,20.549999237060547,12300
2023-12-29,20.8700008392334,20.8700008392334,20.09000015258789,20.25,8800
2024-01-02,20.1299991607666,20.540000915527344,19.649999618530273,19.860000610351562,23700
2024-01-03,19.93000030517578,19.93000030517578,19.219999313354492,19.329999923706055,33400
2024-01-04,19.479999542236328,19.920000076293945,19.059999465942383,19.299999237060547,12700
2024-01-05,19.110000610351562,20.030000686645508,19.110000610351562,19.969999313354492,62600
2024-01-08,19.84000015258789,19.940000534057617,19.399999618530273,19.43000030517578,17000
2024-01-09,19.170000076293945,19.299999237060547,18.809999465942383,18.950000762939453,10000
2024-01-10,18.940000534057617,19.110000610351562,18.389999389648438,18.420000076293945,26300
2024-01-11,18.25,18.6200008392334,17.690000534057617,18.299999237060547,24900
2024-01-12,18.489999771118164,18.530000686645508,17.899999618530273,18.020000457763672,26800
2024-01-16,17.889999389648438,18.149999618530273,17.25,17.6299991607666,32500
2024-01-17,17.34000015258789,18.219999313354492,17.110000610351562,17.850000381469727,17300
2024-01-18,17.799999237060547,18.3799991607666,17.739999771118164,18.149999618530273,15300
2024-01-19,18.329999923706055,18.5,18.219999313354492,18.469999313354492,13500
2024-01-22,18.5,19.040000915527344,18.5,19.040000915527344,22400
2024-01-23,19.190000534057617,19.190000534057617,18.40999984741211,18.600000381469727,23800
2024-01-24,18.81999969482422,18.989999771118164,18.450000762939453,18.989999771118164,18100
2024-01-25,19.0,19.18000030517578,18.610000610351562,19.149999618530273,14100
2024-01-26,19.0,19.200000762939453,18.799999237060547,19.049999237060547,17800
2024-01-29,19.0,20.139999389648438,19.0,19.799999237060547,52100
2024-01-30,19.600000381469727,19.790000915527344,19.1200008392334,19.6299991607666,16000
2024-01-31,19.43000030517578,19.8700008392334,18.510000228881836,18.510000228881836,14200
2024-02-01,18.540000915527344,18.639999389648438,17.1299991607666,18.469999313354492,30400
2024-02-02,18.100000381469727,18.5,18.0,18.0,14800
2024-02-05,17.829999923706055,17.969999313354492,17.5,17.600000381469727,24500
2024-02-06,17.610000610351562,17.790000915527344,17.290000915527344,17.290000915527344,24900
2024-02-07,17.209999084472656,17.420000076293945,17.0,17.389999389648438,17400
2024-02-08,17.260000228881836,17.459999084472656,17.100000381469727,17.200000762939453,13200
2024-02-09,17.219999313354492,17.219999313354492,16.8700008392334,16.940000534057617,18400
2024-02-12,16.889999389648438,17.229999542236328,16.889999389648438,17.030000686645508,88300
2024-02-13,16.719999313354492,16.719999313354492,15.649999618530273,15.680000305175781,47300
2024-02-14,15.970000267028809,16.809999465942383,15.850000381469727,16.809999465942383,18400
2024-02-15,16.940000534057617,17.530000686645508,16.940000534057617,17.299999237060547,30500
2024-02-16,17.200000762939453,17.43000030517578,16.860000610351562,17.040000915527344,12500
2024-02-20,16.780000686645508,17.18000030517578,16.600000381469727,16.68000030517578,19100
2024-02-21,16.729999542236328,16.770000457763672,16.510000228881836,16.549999237060547,14300
2024-02-22,16.5,16.719999313354492,16.290000915527344,16.649999618530273,28900
2024-02-23,16.40999984741211,16.709999084472656,16.399999618530273,16.5,12500
2024-02-26,16.5,16.700000762939453,16.239999771118164,16.520000457763672,19100
2024-02-27,16.649999618530273,16.920000076293945,16.5,16.6299991607666,29900
2024-02-28,16.549999237060547,17.1200008392334,16.549999237060547,16.790000915527344,16200
2024-02-29,17.110000610351562,17.389999389648438,16.899999618530273,17.25,16000
2024-03-01,17.200000762939453,17.200000762939453,16.93000030517578,16.950000762939453,9200
2024-03-04,17.309999465942383,17.450000762939453,15.720000267028809,15.880000114440918,48700
2024-03-05,16.0,16.469999313354492,16.0,16.34000015258789,15000
2024-03-06,16.399999618530273,16.559999465942383,16.110000610351562,16.549999237060547,14300
2024-03-07,16.559999465942383,16.75,16.360000610351562,16.59000015258789,11800
2024-03-08,16.670000076293945,17.09000015258789,16.610000610351562,17.06999969482422,29200
2024-03-11,17.06999969482422,17.18000030517578,16.93000030517578,16.93000030517578,9800
2024-03-12,16.3799991607666,16.93000030517578,16.3799991607666,16.670000076293945,12200
2024-03-13,16.780000686645508,16.889999389648438,16.729999542236328,16.729999542236328,14300
2024-03-14,16.579999923706055,16.75,16.40999984741211,16.639999389648438,27000
2024-03-15,16.479999542236328,16.81999969482422,16.479999542236328,16.739999771118164,38600
2024-03-18,16.68000030517578,16.68000030517578,16.510000228881836,16.510000228881836,11300
2024-03-19,16.510000228881836,16.6299991607666,16.489999771118164,16.520000457763672,9800
2024-03-20,16.489999771118164,17.139999389648438,16.43000030517578,17.0,30700
2024-03-21,16.8700008392334,17.270000457763672,16.8700008392334,17.270000457763672,25500
2024-03-22,17.1299991607666,17.18000030517578,16.84000015258789,16.84000015258789,10800
2024-03-25,17.010000228881836,17.219999313354492,16.8700008392334,17.100000381469727,9300
2024-03-26,17.170000076293945,17.170000076293945,16.700000762939453,16.799999237060547,16900
2024-03-27,16.979999542236328,17.100000381469727,16.959999084472656,17.100000381469727,14800
2024-03-28,17.25,17.350000381469727,17.110000610351562,17.229999542236328,10300
2024-04-01,17.209999084472656,17.690000534057617,16.950000762939453,16.950000762939453,11900
2024-04-02,16.860000610351562,16.889999389648438,16.739999771118164,16.739999771118164,17100
2024-04-03,16.68000030517578,17.239999771118164,16.68000030517578,16.850000381469727,18400
2024-04-04,17.010000228881836,17.010000228881836,16.690000534057617,16.739999771118164,13200
2024-04-05,16.799999237060547,17.0,16.65999984741211,16.65999984741211,18400
2024-04-08,16.670000076293945,16.90999984741211,16.5,16.5,12200
2024-04-09,16.610000610351562,16.719999313354492,16.389999389648438,16.389999389648438,10300
2024-04-10,16.18000030517578,16.350000381469727,16.0,16.170000076293945,158900
2024-04-11,16.100000381469727,16.40999984741211,16.0,16.280000686645508,23000
2024-04-12,16.15999984741211,16.31999969482422,16.049999237060547,16.1200008392334,11500
2024-04-15,16.149999618530273,16.190000534057617,15.890000343322754,16.1200008392334,18600
2024-04-16,16.1299991607666,16.420000076293945,16.0,16.100000381469727,11500
2024-04-17,16.229999542236328,16.25,16.010000228881836,16.18000030517578,20000
2024-04-18,16.25,16.350000381469727,16.15999984741211,16.25,24400
2024-04-19,16.18000030517578,16.549999237060547,16.18000030517578,16.549999237060547,14900
2024-04-22,16.459999084472656,16.760000228881836,16.329999923706055,16.360000610351562,10600
2024-04-23,16.549999237060547,16.649999618530273,16.350000381469727,16.5,10100
2024-04-24,16.34000015258789,16.700000762939453,16.299999237060547,16.600000381469727,15100
2024-04-25,16.469999313354492,16.59000015258789,16.280000686645508,16.469999313354492,21300
2024-04-26,16.5,16.559999465942383,16.420000076293945,16.459999084472656,7000
2024-04-29,16.549999237060547,16.610000610351562,16.260000228881836,16.329999923706055,15600
2024-04-30,16.299999237060547,16.540000915527344,16.290000915527344,16.459999084472656,28200
2024-05-01,16.399999618530273,16.65999984741211,16.399999618530273,16.610000610351562,12200
2024-05-02,16.610000610351562,16.719999313354492,16.579999923706055,16.709999084472656,15000
2024-05-03,16.719999313354492,16.84000015258789,16.600000381469727,16.84000015258789,15000
2024-05-06,16.84000015258789,16.93000030517578,16.459999084472656,16.649999618530273,15300
2024-05-07,17.100000381469727,17.100000381469727,16.549999237060547,16.549999237060547,12300
2024-05-08,16.739999771118164,16.899999618530273,16.639999389648438,16.84000015258789,12000
2024-05-09,16.950000762939453,16.989999771118164,16.860000610351562,16.989999771118164,10100
2024-05-10,16.989999771118164,17.049999237060547,16.920000076293945,16.979999542236328,8600
2024-05-13,16.989999771118164,17.09000015258789,16.799999237060547,17.030000686645508,25000
2024-05-14,17.059999465942383,17.190000534057617,17.0,17.010000228881836,14800
2024-05-15,17.09000015258789,17.110000610351562,17.010000228881836,17.06999969482422,15200
2024-05-16,17.09000015258789,17.1299991607666,16.860000610351562,17.1299991607666,12200
2024-05-17,17.219999313354492,17.219999313354492,16.799999237060547,17.0,147500
2024-05-20,16.989999771118164,17.09000015258789,16.889999389648438,16.950000762939453,71400
2024-05-21,16.84000015258789,16.989999771118164,16.75,16.950000762939453,77500
2024-05-22,16.8700008392334,16.979999542236328,16.799999237060547,16.8700008392334,47800
2024-05-23,16.739999771118164,16.81999969482422,16.229999542236328,16.450000762939453,23500
2024-05-24,16.479999542236328,16.5,16.440000534057617,16.5,31800
2024-05-28,16.5,16.5,16.31999969482422,16.399999618530273,26400
2024-05-29,16.229999542236328,16.25,15.649999618530273,15.670000076293945,44900
2024-05-30,15.84000015258789,16.079999923706055,15.800000190734863,16.010000228881836,22800
2024-05-31,15.9399995803833,16.229999542236328,15.9399995803833,16.229999542236328,30900
2024-06-03,16.34000015258789,16.34000015258789,15.8100004196167,15.8100004196167,13900
2024-06-04,15.779999732971191,15.800000190734863,15.5600004196167,15.649999618530273,15300
2024-06-05,15.539999961853027,15.699999809265137,15.5,15.699999809265137,76600
2024-06-06,15.680000305175781,15.819999694824219,15.5600004196167,15.770000457763672,28900
2024-06-07,15.619999885559082,15.779999732971191,15.600000381469727,15.770000457763672,32600
2024-06-10,15.609999656677246,15.710000038146973,15.609999656677246,15.680000305175781,8800
2024-06-11,15.670000076293945,15.670000076293945,15.489999771118164,15.569999694824219,15900
2024-06-12,15.930000305175781,16.15999984741211,15.739999771118164,15.8100004196167,15600
2024-06-13,15.670000076293945,15.670000076293945,15.529999732971191,15.609999656677246,13800
2024-06-14,15.539999961853027,15.579999923706055,15.319999694824219,15.479999542236328,16800
2024-06-17,15.460000038146973,15.609999656677246,15.350000381469727,15.479999542236328,11700
2024-06-18,15.510000228881836,15.630000114440918,15.239999771118164,15.3100004196167,19500
2024-06-20,15.300000190734863,15.649999618530273,15.300000190734863,15.5,23000
2024-06-21,15.539999961853027,15.649999618530273,15.420000076293945,15.649999618530273,56400
2024-06-24,15.739999771118164,15.890000343322754,15.579999923706055,15.59000015258789,13200
2024-06-25,15.520000457763672,15.569999694824219,15.489999771118164,15.489999771118164,17400
2024-06-26,15.430000305175781,16.260000228881836,15.430000305175781,16.040000915527344,22500
2024-06-27,16.229999542236328,16.75,16.229999542236328,16.75,15700
2024-06-28,16.920000076293945,17.489999771118164,16.860000610351562,17.399999618530273,157400
2024-07-01,17.290000915527344,17.290000915527344,16.299999237060547,16.350000381469727,23100
2024-07-02,16.469999313354492,16.469999313354492,16.170000076293945,16.18000030517578,14100
2024-07-03,16.190000534057617,16.190000534057617,15.890000343322754,15.890000343322754,6600
2024-07-05,15.649999618530273,15.699999809265137,15.4399995803833,15.510000228881836,40900
2024-07-08,15.609999656677246,16.0,15.609999656677246,16.0,18700
2024-07-09,15.899999618530273,16.0,15.84000015258789,15.90999984741211,8900
2024-07-10,15.899999618530273,16.209999084472656,15.890000343322754,16.190000534057617,7300
2024-07-11,16.25,17.6200008392334,16.200000762939453,17.350000381469727,55500
2024-07-12,17.489999771118164,17.899999618530273,17.299999237060547,17.479999542236328,25500
2024-07-15,17.68000030517578,18.110000610351562,17.5,17.950000762939453,35000
2024-07-16,18.190000534057617,18.959999084472656,18.190000534057617,18.940000534057617,33200
2024-07-17,18.75,19.239999771118164,18.31999969482422,19.049999237060547,26000
2024-07-18,18.979999542236328,19.420000076293945,18.459999084472656,18.780000686645508,20000
2024-07-19,18.81999969482422,18.950000762939453,18.15999984741211,18.15999984741211,11800
2024-07-22,17.8799991607666,19.100000381469727,17.8799991607666,18.93000030517578,25800
2024-07-23,18.670000076293945,19.559999465942383,18.670000076293945,19.399999618530273,22400
2024-07-24,19.25,20.049999237060547,19.020000457763672,19.139999389648438,20500
2024-07-25,19.25,19.93000030517578,19.020000457763672,19.75,23200
2024-07-26,19.799999237060547,20.09000015258789,19.459999084472656,20.059999465942383,22600
2024-07-29,19.610000610351562,19.850000381469727,19.1299991607666,19.1299991607666,13600
2024-07-30,19.270000457763672,19.770000457763672,19.229999542236328,19.600000381469727,11900
2024-07-31,19.65999984741211,19.81999969482422,19.3700008392334,19.559999465942383,27200
2024-08-01,18.84000015258789,18.84000015258789,18.170000076293945,18.520000457763672,29300
2024-08-02,17.850000381469727,18.3799991607666,17.270000457763672,18.020000457763672,19200
2024-08-05,17.260000228881836,17.989999771118164,17.049999237060547,17.8700008392334,28000
2024-08-06,17.84000015258789,17.989999771118164,17.59000015258789,17.979999542236328,24700
2024-08-07,18.219999313354492,18.43000030517578,17.829999923706055,18.010000228881836,13300
2024-08-08,18.100000381469727,18.540000915527344,18.100000381469727,18.459999084472656,11000
2024-08-09,18.049999237060547,18.6299991607666,18.0,18.399999618530273,14600
2024-08-12,18.510000228881836,18.549999237060547,18.200000762939453,18.309999465942383,14300
2024-08-13,18.329999923706055,18.639999389648438,18.329999923706055,18.610000610351562,6100
2024-08-14,18.479999542236328,18.59000015258789,18.479999542236328,18.479999542236328,6800
2024-08-15,18.850000381469727,19.299999237060547,18.299999237060547,19.149999618530273,12000
2024-08-16,19.149999618530273,19.360000610351562,19.049999237060547,19.139999389648438,7700
2024-08-19,19.350000381469727,19.700000762939453,19.18000030517578,19.549999237060547,10000
2024-08-20,19.219999313354492,19.360000610351562,19.0,19.030000686645508,6500
2024-08-21,19.149999618530273,19.520000457763672,19.030000686645508,19.239999771118164,18100
2024-08-22,19.059999465942383,19.540000915527344,19.040000915527344,19.469999313354492,13700
2024-08-23,19.670000076293945,20.739999771118164,19.670000076293945,20.729999542236328,39100
2024-08-26,20.790000915527344,20.93000030517578,20.670000076293945,20.670000076293945,20500
2024-08-27,20.920000076293945,20.93000030517578,20.709999084472656,20.709999084472656,11600
2024-08-28,20.399999618530273,21.100000381469727,20.399999618530273,20.549999237060547,18000
2024-08-29,20.549999237060547,20.850000381469727,20.469999313354492,20.65999984741211,12700
2024-08-30,20.649999618530273,20.649999618530273,20.1200008392334,20.5,17200
2024-09-03,19.940000534057617,20.280000686645508,19.940000534057617,20.170000076293945,12200
2024-09-04,19.510000228881836,20.15999984741211,19.510000228881836,20.010000228881836,10600
2024-09-05,20.0,20.049999237060547,19.829999923706055,19.829999923706055,6400
2024-09-06,19.68000030517578,20.219999313354492,19.68000030517578,19.899999618530273,20800
2024-09-09,19.93000030517578,20.15999984741211,19.93000030517578,19.93000030517578,15000
2024-09-10,20.0,20.389999389648438,19.760000228881836,20.25,10200
2024-09-11,20.239999771118164,20.579999923706055,19.799999237060547,20.549999237060547,20800
2024-09-12,20.690000534057617,20.790000915527344,20.459999084472656,20.6299991607666,13600
2024-09-13,20.649999618530273,20.93000030517578,20.610000610351562,20.790000915527344,22400
2024-09-16,20.739999771118164,21.270000457763672,20.350000381469727,21.270000457763672,19000
2024-09-17,21.549999237060547,21.600000381469727,21.200000762939453,21.40999984741211,20400
2024-09-18,21.579999923706055,21.989999771118164,21.239999771118164,21.440000534057617,33800
2024-09-19,21.979999542236328,22.0,21.450000762939453,21.68000030517578,28300
2024-09-20,21.31999969482422,21.729999542236328,21.020000457763672,21.040000915527344,104000
2024-09-23,21.139999389648438,21.40999984741211,20.989999771118164,21.209999084472656,25200
2024-09-24,21.329999923706055,21.34000015258789,20.989999771118164,21.0,18600
2024-09-25,21.0,21.0,20.84000015258789,20.969999313354492,10700
2024-09-26,21.229999542236328,21.229999542236328,20.8700008392334,20.979999542236328,14500
2024-09-27,21.18000030517578,21.18000030517578,20.690000534057617,20.780000686645508,42500
2024-09-30,20.75,21.0,20.600000381469727,20.899999618530273,21700
2024-10-01,21.030000686645508,21.030000686645508,20.440000534057617,20.84000015258789,20200
2024-10-02,20.850000381469727,20.899999618530273,20.5,20.5,6700
2024-10-03,20.389999389648438,20.579999923706055,20.190000534057617,20.239999771118164,12100
2024-10-04,20.3700008392334,20.440000534057617,20.239999771118164,20.260000228881836,8100
2024-10-07,20.200000762939453,20.469999313354492,20.139999389648438,20.399999618530273,9000
2024-10-08,20.399999618530273,20.399999618530273,19.90999984741211,19.959999084472656,16600
2024-10-09,19.950000762939453,20.389999389648438,19.549999237060547,20.389999389648438,44100
2024-10-10,20.190000534057617,20.399999618530273,20.020000457763672,20.079999923706055,17200
2024-10-11,20.450000762939453,20.81999969482422,20.450000762939453,20.760000228881836,14700
2024-10-14,20.690000534057617,20.790000915527344,20.479999542236328,20.649999618530273,14100
2024-10-15,20.6200008392334,21.25,20.6200008392334,21.010000228881836,20100
2024-10-16,21.030000686645508,21.420000076293945,20.8799991607666,21.389999389648438,26200
2024-10-17,21.239999771118164,21.700000762939453,21.239999771118164,21.6200008392334,15500
2024-10-18,21.729999542236328,21.729999542236328,21.209999084472656,21.25,9300
2024-10-21,21.549999237060547,21.549999237060547,20.790000915527344,20.850000381469727,13700
2024-10-22,20.790000915527344,20.989999771118164,20.790000915527344,20.850000381469727,5000
2024-10-23,20.790000915527344,20.989999771118164,20.65999984741211,20.979999542236328,13800
2024-10-24,20.969999313354492,21.100000381469727,20.84000015258789,21.030000686645508,15300
2024-10-25,20.899999618530273,20.940000534057617,20.690000534057617,20.739999771118164,14400
2024-10-28,20.84000015258789,21.469999313354492,20.84000015258789,21.309999465942383,11900
2024-10-29,21.31999969482422,21.5,21.299999237060547,21.389999389648438,11500
2024-10-30,21.389999389648438,21.600000381469727,21.280000686645508,21.280000686645508,17700
2024-10-31,21.399999618530273,21.43000030517578,21.0,21.1200008392334,16700
2024-11-01,21.3700008392334,21.440000534057617,21.100000381469727,21.229999542236328,15800
2024-11-04,20.8799991607666,21.459999084472656,20.8799991607666,21.40999984741211,15600
2024-11-05,21.399999618530273,21.649999618530273,21.399999618530273,21.639999389648438,27400
2024-11-06,22.0,23.440000534057617,21.989999771118164,23.25,75400
2024-11-07,23.209999084472656,23.209999084472656,22.719999313354492,22.719999313354492,22800
2024-11-08,22.8799991607666,23.1299991607666,22.860000610351562,22.860000610351562,17100
2024-11-11,23.0,23.25,22.989999771118164,23.149999618530273,28700
2024-11-12,23.25,23.25,22.899999618530273,23.040000915527344,19200
2024-11-13,23.239999771118164,23.25,22.829999923706055,22.829999923706055,21700
2024-11-14,21.809999465942383,23.020000457763672,21.559999465942383,22.899999618530273,23300
2024-11-15,23.0,23.100000381469727,22.920000076293945,22.940000534057617,15900
2024-11-18,22.8799991607666,23.049999237060547,22.739999771118164,22.950000762939453,33600
2024-11-19,22.510000228881836,23.030000686645508,22.25,22.93000030517578,39200
2024-11-20,23.0,23.0,22.600000381469727,22.84000015258789,26100
2024-11-21,22.84000015258789,23.18000030517578,22.719999313354492,23.030000686645508,24500
2024-11-22,23.229999542236328,23.549999237060547,23.18000030517578,23.549999237060547,33300
2024-11-25,23.780000686645508,24.290000915527344,23.600000381469727,23.610000610351562,20000
2024-11-26,23.520000457763672,23.850000381469727,23.479999542236328,23.719999313354492,14900
2024-11-27,23.760000228881836,23.8700008392334,23.360000610351562,23.559999465942383,9000
2024-11-29,23.170000076293945,23.65999984741211,22.780000686645508,23.610000610351562,15300
2024-12-02,23.5,23.690000534057617,23.31999969482422,23.31999969482422,14100
2024-12-03,23.260000228881836,23.260000228881836,23.030000686645508,23.1200008392334,8800
2024-12-04,23.229999542236328,23.299999237060547,23.09000015258789,23.299999237060547,14800
2024-12-05,23.31999969482422,23.34000015258789,23.010000228881836,23.049999237060547,13900
2024-12-06,23.170000076293945,23.18000030517578,22.809999465942383,23.030000686645508,22300
2024-12-09,23.049999237060547,23.200000762939453,22.5,22.600000381469727,67800
2024-12-10,22.739999771118164,22.739999771118164,22.360000610351562,22.469999313354492,42200
2024-12-11,22.3799991607666,22.6299991607666,22.299999237060547,22.309999465942383,60600
2024-12-12,22.299999237060547,22.75,22.18000030517578,22.670000076293945,47600
2024-12-13,22.549999237060547,22.6299991607666,21.899999618530273,22.34000015258789,50400
2024-12-16,22.459999084472656,22.530000686645508,22.239999771118164,22.350000381469727,30700
2024-12-17,22.209999084472656,22.479999542236328,22.010000228881836,22.139999389648438,42000
2024-12-18,22.280000686645508,22.399999618530273,21.010000228881836,21.209999084472656,46400
2024-12-19,21.68000030517578,21.68000030517578,20.729999542236328,20.84000015258789,28400
2024-12-20,20.520000457763672,21.229999542236328,20.520000457763672,21.190000534057617,86800
2024-12-23,21.100000381469727,21.229999542236328,20.6200008392334,20.860000610351562,47000
2024-12-24,20.270000457763672,20.969999313354492,20.270000457763672,20.969999313354492,9700
2024-12-26,20.850000381469727,20.920000076293945,20.719999313354492,20.729999542236328,13700
2024-12-27,20.75,20.760000228881836,20.399999618530273,20.68000030517578,22600
2024-12-30,20.6299991607666,20.709999084472656,20.469999313354492,20.68000030517578,22000
2024-12-31,20.969999313354492,20.969999313354492,20.34000015258789,20.510000228881836,28200
2025-01-02,20.5,20.510000228881836,19.729999542236328,19.860000610351562,33600
2025-01-03,19.850000381469727,19.850000381469727,19.489999771118164,19.81999969482422,16500
2025-01-06,19.899999618530273,19.899999618530273,19.540000915527344,19.610000610351562,28600
2025-01-07,19.59000015258789,19.799999237060547,19.079999923706055,19.450000762939453,34400
2025-01-08,19.200000762939453,19.59000015258789,19.010000228881836,19.489999771118164,28400
2025-01-10,19.18000030517578,19.18000030517578,18.030000686645508,18.889999389648438,34900
2025-01-13,18.75,19.399999618530273,18.479999542236328,19.219999313354492,20200
2025-01-14,19.280000686645508,19.719999313354492,19.110000610351562,19.59000015258789,15100
2025-01-15,20.0,20.0,19.59000015258789,19.81999969482422,18100
2025-01-16,19.829999923706055,19.8700008392334,19.5,19.6200008392334,18900
2025-01-17,19.690000534057617,19.969999313354492,19.59000015258789,19.959999084472656,18300
2025-01-21,20.030000686645508,20.139999389648438,19.770000457763672,20.0,20200
2025-01-22,19.850000381469727,20.010000228881836,19.59000015258789,19.649999618530273,14300
2025-01-23,19.93000030517578,19.93000030517578,19.540000915527344,19.780000686645508,17900
2025-01-24,19.639999389648438,20.059999465942383,19.639999389648438,20.0,19100
2025-01-27,20.0,20.309999465942383,19.959999084472656,20.1200008392334,31300
2025-01-28,19.90999984741211,20.1299991607666,19.799999237060547,20.100000381469727,12200
2025-01-29,20.100000381469727,20.739999771118164,20.09000015258789,20.440000534057617,27600
2025-01-30,20.3700008392334,20.549999237060547,20.190000534057617,20.239999771118164,15500
2025-01-31,20.110000610351562,20.350000381469727,20.110000610351562,20.239999771118164,18500
2025-02-03,19.3700008392334,20.239999771118164,19.3700008392334,19.709999084472656,18000
2025-02-04,19.729999542236328,20.309999465942383,19.729999542236328,20.1299991607666,26200
2025-02-05,20.360000610351562,20.360000610351562,20.010000228881836,20.100000381469727,25200
2025-02-06,20.049999237060547,20.31999969482422,19.90999984741211,20.1200008392334,25600
2025-02-07,19.850000381469727,20.059999465942383,19.850000381469727,19.940000534057617,133600
2025-02-10,19.940000534057617,20.040000915527344,19.479999542236328,19.479999542236328,37400
2025-02-11,19.299999237060547,20.06999969482422,19.299999237060547,19.959999084472656,26400
2025-02-12,19.670000076293945,19.989999771118164,19.579999923706055,19.649999618530273,11500
2025-02-13,19.639999389648438,19.809999465942383,19.520000457763672,19.790000915527344,12300
2025-02-14,19.899999618530273,20.030000686645508,19.65999984741211,19.65999984741211,16800
2025-02-18,19.65999984741211,20.079999923706055,19.6299991607666,20.030000686645508,12400
2025-02-19,20.0,20.18000030517578,19.790000915527344,20.0,11900
2025-02-20,20.079999923706055,20.079999923706055,19.690000534057617,19.790000915527344,8700
2025-02-21,19.989999771118164,19.989999771118164,19.489999771118164,19.540000915527344,14400
2025-02-24,19.639999389648438,19.700000762939453,19.3799991607666,19.3799991607666,17900
2025-02-25,19.600000381469727,19.850000381469727,19.530000686645508,19.6200008392334,12000
2025-02-26,19.690000534057617,19.84000015258789,19.59000015258789,19.84000015258789,21400
2025-02-27,19.75,19.899999618530273,19.34000015258789,19.75,15600
2025-02-28,19.75,20.149999618530273,19.75,19.969999313354492,15700
2025-03-03,19.969999313354492,19.969999313354492,19.639999389648438,19.65999984741211,22800
2025-03-04,19.200000762939453,19.610000610351562,19.0,19.209999084472656,21000
2025-03-05,19.1299991607666,19.229999542236328,18.979999542236328,19.030000686645508,17800
2025-03-06,18.950000762939453,18.979999542236328,18.75,18.809999465942383,38700
2025-03-07,18.829999923706055,19.059999465942383,18.420000076293945,18.850000381469727,18000
2025-03-10,18.5,18.799999237060547,18.5,18.700000762939453,29200
2025-03-11,18.799999237060547,18.799999237060547,18.40999984741211,18.40999984741211,13700
2025-03-12,18.229999542236328,18.760000228881836,18.139999389648438,18.760000228881836,16700
2025-03-13,18.760000228881836,18.760000228881836,18.43000030517578,18.43000030517578,11300
2025-03-14,18.530000686645508,18.6299991607666,18.40999984741211,18.520000457763672,9800
2025-03-17,18.520000457763672,18.6299991607666,18.440000534057617,18.600000381469727,16200
2025-03-18,18.40999984741211,18.510000228881836,18.40999984741211,18.450000762939453,25400
2025-03-19,18.700000762939453,18.700000762939453,18.440000534057617,18.540000915527344,71900
2025-03-20,18.65999984741211,18.84000015258789,18.520000457763672,18.780000686645508,20400
2025-03-21,18.549999237060547,18.700000762939453,18.389999389648438,18.5,77700
2025-03-24,18.75,18.920000076293945,18.709999084472656,18.81999969482422,14400
2025-03-25,18.790000915527344,18.8799991607666,18.729999542236328,18.75,29700
2025-03-26,18.799999237060547,19.010000228881836,18.6299991607666,18.770000457763672,26200
2025-03-27,18.700000762939453,19.020000457763672,18.700000762939453,18.950000762939453,25100
2025-03-28,18.979999542236328,19.100000381469727,18.81999969482422,18.93000030517578,21300
2025-03-31,18.479999542236328,19.239999771118164,18.479999542236328,18.84000015258789,51600
2025-04-01,18.8700008392334,19.020000457763672,18.6299991607666,18.809999465942383,13600
2025-04-02,18.850000381469727,19.110000610351562,18.770000457763672,19.079999923706055,26900
2025-04-03,18.489999771118164,18.5,18.110000610351562,18.110000610351562,52600
2025-04-04,17.530000686645508,18.06999969482422,17.3700008392334,17.959999084472656,32600
2025-04-07,17.31999969482422,18.110000610351562,17.290000915527344,17.809999465942383,34900
2025-04-08,18.200000762939453,18.200000762939453,17.6200008392334,17.700000762939453,32300
2025-04-09,17.510000228881836,18.809999465942383,17.299999237060547,18.420000076293945,29900
2025-04-10,18.110000610351562,18.270000457763672,17.190000534057617,17.489999771118164,29200
2025-04-11,17.110000610351562,17.610000610351562,17.110000610351562,17.489999771118164,9600
2025-04-14,17.389999389648438,17.540000915527344,16.940000534057617,17.31999969482422,29000
2025-04-15,17.049999237060547,17.739999771118164,17.049999237060547,17.450000762939453,34800
2025-04-16,17.450000762939453,17.700000762939453,17.030000686645508,17.149999618530273,22200
2025-04-17,17.15999984741211,17.959999084472656,17.15999984741211,17.540000915527344,20600
2025-04-21,17.709999084472656,18.06999969482422,17.520000457763672,17.850000381469727,39100
2025-04-22,18.229999542236328,19.170000076293945,17.969999313354492,18.959999084472656,37300
2025-04-23,19.3700008392334,19.399999618530273,18.829999923706055,18.899999618530273,23100
2025-04-24,19.059999465942383,19.34000015258789,18.81999969482422,19.06999969482422,18100
2025-04-25,18.920000076293945,19.079999923706055,18.690000534057617,18.75,14300
2025-04-28,18.90999984741211,18.90999984741211,18.6200008392334,18.780000686645508,10400
2025-04-29,18.6299991607666,18.90999984741211,18.600000381469727,18.860000610351562,22900
2025-04-30,18.770000457763672,18.940000534057617,18.520000457763672,18.850000381469727,41800
2025-05-01,18.729999542236328,19.09000015258789,18.56999969482422,18.950000762939453,18900
2025-05-02,19.139999389648438,19.600000381469727,18.989999771118164,19.389999389648438,36600
2025-05-05,19.010000228881836,19.5,18.969999313354492,19.299999237060547,15200
2025-05-06,19.209999084472656,19.3700008392334,19.110000610351562,19.3700008392334,15800
2025-05-07,19.229999542236328,19.479999542236328,19.1299991607666,19.149999618530273,24900
2025-05-08,19.479999542236328,19.940000534057617,19.389999389648438,19.65999984741211,21500
2025-05-09,19.530000686645508,19.690000534057617,19.350000381469727,19.6299991607666,13500
2025-05-12,20.010000228881836,20.209999084472656,19.93000030517578,20.040000915527344,19400
2025-05-13,20.209999084472656,20.25,20.049999237060547,20.170000076293945,9200
2025-05-14,20.110000610351562,20.270000457763672,20.09000015258789,20.1200008392334,12500
2025-05-15,20.239999771118164,20.350000381469727,20.239999771118164,20.350000381469727,14800
2025-05-16,20.350000381469727,20.3700008392334,20.020000457763672,20.18000030517578,22500
2025-05-19,20.010000228881836,20.18000030517578,19.899999618530273,20.010000228881836,18700
2025-05-20,20.110000610351562,20.239999771118164,19.950000762939453,20.139999389648438,9300
2025-05-21,19.950000762939453,20.1200008392334,19.530000686645508,19.700000762939453,20300
2025-05-22,19.700000762939453,19.920000076293945,19.489999771118164,19.489999771118164,15800
2025-05-23,19.0,19.850000381469727,19.0,19.329999923706055,13500
2025-05-27,19.520000457763672,19.809999465942383,19.290000915527344,19.729999542236328,15700
2025-05-28,19.700000762939453,19.799999237060547,19.360000610351562,19.530000686645508,13000
2025-05-29,19.549999237060547,19.6299991607666,19.399999618530273,19.59000015258789,10800
2025-05-30,19.510000228881836,19.670000076293945,19.389999389648438,19.389999389648438,12400
2025-06-02,19.31999969482422,19.399999618530273,19.09000015258789,19.170000076293945,11900
2025-06-03,18.940000534057617,19.440000534057617,18.93000030517578,19.139999389648438,25800
2025-06-04,18.84000015258789,19.149999618530273,18.84000015258789,18.940000534057617,26500
2025-06-05,19.200000762939453,19.200000762939453,18.790000915527344,19.1200008392334,19700
2025-06-06,19.399999618530273,19.40999984741211,19.149999618530273,19.3700008392334,17100
2025-06-09,19.350000381469727,19.549999237060547,19.18000030517578,19.360000610351562,15800
2025-06-10,19.31999969482422,19.809999465942383,19.260000228881836,19.6200008392334,23200
2025-06-11,19.790000915527344,19.790000915527344,19.389999389648438,19.6200008392334,24600
2025-06-12,19.520000457763672,19.739999771118164,19.200000762939453,19.670000076293945,14800
2025-06-13,19.43000030517578,19.59000015258789,19.110000610351562,19.200000762939453,24100
2025-06-16,19.360000610351562,19.360000610351562,18.780000686645508,18.959999084472656,25800
2025-06-17,18.81999969482422,19.06999969482422,18.81999969482422,18.940000534057617,14700
2025-06-18,18.950000762939453,19.209999084472656,18.899999618530273,19.049999237060547,16900
2025-06-20,19.209999084472656,19.700000762939453,18.969999313354492,19.450000762939453,78200
2025-06-23,19.399999618530273,19.829999923706055,19.31999969482422,19.829999923706055,21000
2025-06-24,19.950000762939453,20.440000534057617,19.950000762939453,20.260000228881836,25200
2025-06-25,20.399999618530273,20.399999618530273,20.040000915527344,20.040000915527344,9600
2025-06-26,20.15999984741211,20.75,20.15999984741211,20.68000030517578,12400
2025-06-27,20.829999923706055,20.920000076293945,20.450000762939453,20.649999618530273,77000
2025-06-30,20.799999237060547,20.799999237060547,20.3700008392334,20.3700008392334,18200
2025-07-01,20.479999542236328,21.3799991607666,20.479999542236328,21.059999465942383,22900
2025-07-02,21.200000762939453,21.399999618530273,20.850000381469727,21.329999923706055,27200
2025-07-03,21.399999618530273,21.59000015258789,21.399999618530273,21.479999542236328,13600
2025-07-07,21.31999969482422,21.75,21.049999237060547,21.1299991607666,21900
2025-07-08,21.389999389648438,21.600000381469727,21.100000381469727,21.3799991607666,27700
2025-07-09,21.420000076293945,21.649999618530273,20.989999771118164,21.270000457763672,16700
2025-07-10,20.81999969482422,21.5,20.81999969482422,21.239999771118164,12700
2025-07-11,21.010000228881836,21.18000030517578,20.850000381469727,21.010000228881836,10200
2025-07-14,20.979999542236328,21.1299991607666,20.940000534057617,21.059999465942383,10900
2025-07-15,21.020000457763672,21.229999542236328,20.40999984741211,20.489999771118164,23100
2025-07-16,20.860000610351562,21.690000534057617,20.610000610351562,21.450000762939453,32100
2025-07-17,21.600000381469727,22.200000762939453,21.600000381469727,21.899999618530273,34700
2025-07-18,22.100000381469727,22.149999618530273,21.510000228881836,21.770000457763672,23000
2025-07-21,21.790000915527344,22.09000015258789,21.790000915527344,22.030000686645508,14200
2025-07-22,22.290000915527344,22.399999618530273,21.969999313354492,21.969999313354492,15700
2025-07-23,22.049999237060547,22.190000534057617,21.899999618530273,22.190000534057617,8500
2025-07-24,22.049999237060547,22.049999237060547,21.649999618530273,21.649999618530273,9600
2025-07-25,21.610000610351562,21.68000030517578,21.329999923706055,21.649999618530273,11000
2025-07-28,21.770000457763672,21.81999969482422,21.56999969482422,21.600000381469727,63500
2025-07-29,21.790000915527344,21.790000915527344,21.059999465942383,21.309999465942383,8900
2025-07-30,21.200000762939453,21.610000610351562,20.670000076293945,20.799999237060547,24300
2025-07-31,20.649999618530273,20.940000534057617,20.010000228881836,20.649999618530273,32500
2025-08-01,20.489999771118164,20.489999771118164,20.100000381469727,20.309999465942383,30500
2025-08-04,20.700000762939453,20.729999542236328,20.299999237060547,20.360000610351562,62000
2025-08-05,20.350000381469727,20.84000015258789,20.030000686645508,20.68000030517578,24000
2025-08-06,20.600000381469727,20.950000762939453,20.600000381469727,20.700000762939453,8800
2025-08-07,20.729999542236328,20.799999237060547,20.360000610351562,20.549999237060547,19100
2025-08-08,20.709999084472656,21.670000076293945,20.709999084472656,20.790000915527344,8900
2025-08-11,21.270000457763672,21.489999771118164,20.989999771118164,21.18000030517578,63100
2025-08-12,21.420000076293945,22.0,21.420000076293945,21.860000610351562,33200
2025-08-13,22.010000228881836,22.239999771118164,21.950000762939453,22.010000228881836,16200
2025-08-14,21.850000381469727,22.010000228881836,21.68000030517578,21.709999084472656,13000
2025-08-15,21.899999618530273,21.899999618530273,21.309999465942383,21.399999618530273,15200
2025-08-18,21.40999984741211,21.690000534057617,21.25,21.34000015258789,18400
2025-08-19,21.350000381469727,21.56999969482422,21.200000762939453,21.229999542236328,67500
2025-08-20,21.540000915527344,21.549999237060547,21.399999618530273,21.450000762939453,17400
2025-08-21,21.450000762939453,21.459999084472656,21.229999542236328,21.25,9300
2025-08-22,21.309999465942383,22.280000686645508,21.309999465942383,22.25,60600
2025-08-25,22.209999084472656,22.299999237060547,21.920000076293945,21.950000762939453,75000
2025-08-26,22.020000457763672,22.760000228881836,21.959999084472656,22.65999984741211,44300
2025-08-27,22.729999542236328,22.93000030517578,22.600000381469727,22.719999313354492,28600
2025-08-28,22.700000762939453,22.700000762939453,22.399999618530273,22.56999969482422,18200
2025-08-29,22.5,22.81999969482422,22.469999313354492,22.549999237060547,41100
2025-09-02,22.290000915527344,22.459999084472656,22.0,22.260000228881836,34000
2025-09-03,22.139999389648438,22.260000228881836,22.059999465942383,22.170000076293945,90900
2025-09-04,22.299999237060547,22.440000534057617,22.290000915527344,22.440000534057617,30400
2025-09-05,22.530000686645508,22.729999542236328,22.270000457763672,22.469999313354492,41500
2025-09-08,22.610000610351562,22.719999313354492,22.399999618530273,22.700000762939453,31300
2025-09-09,22.690000534057617,22.770000457763672,22.6200008392334,22.709999084472656,24100
2025-09-10,22.739999771118164,22.850000381469727,22.520000457763672,22.549999237060547,15000
2025-09-11,22.510000228881836,22.760000228881836,22.40999984741211,22.610000610351562,27000
2025-09-12,22.579999923706055,22.610000610351562,22.110000610351562,22.459999084472656,21200
2025-09-15,22.600000381469727,22.600000381469727,22.219999313354492,22.270000457763672,26700
2025-09-16,22.360000610351562,22.360000610351562,22.010000228881836,22.219999313354492,23100
2025-09-17,22.40999984741211,22.579999923706055,22.1200008392334,22.200000762939453,37700
2025-09-18,22.469999313354492,22.700000762939453,22.15999984741211,22.530000686645508,45600
2025-09-19,22.530000686645508,22.530000686645508,21.81999969482422,22.059999465942383,106700
2025-09-22,22.25,22.290000915527344,22.079999923706055,22.1200008392334,28800
2025-09-23,22.25,22.350000381469727,21.920000076293945,22.100000381469727,30800
2025-09-24,22.170000076293945,22.5,21.860000610351562,21.93000030517578,17900
2025-09-25,21.799999237060547,22.1200008392334,21.799999237060547,22.06999969482422,18500
2025-09-26,22.209999084472656,22.209999084472656,22.010000228881836,22.09000015258789,15900
2025-09-29,22.200000762939453,22.200000762939453,21.670000076293945,21.739999771118164,25700
2025-09-30,21.670000076293945,21.989999771118164,21.420000076293945,21.549999237060547,20400
2025-10-01,21.40999984741211,21.40999984741211,21.149999618530273,21.260000228881836,16700
2025-10-02,21.25,21.59000015258789,21.010000228881836,21.110000610351562,22600
2025-10-03,21.100000381469727,21.299999237060547,21.079999923706055,21.139999389648438,19200
2025-10-06,21.190000534057617,21.3700008392334,21.010000228881836,21.1299991607666,17800
2025-10-07,21.290000915527344,21.290000915527344,20.719999313354492,20.760000228881836,16600
2025-10-08,20.739999771118164,20.899999618530273,20.600000381469727,20.649999618530273,14900
2025-10-09,20.600000381469727,20.8799991607666,20.260000228881836,20.56999969482422,24600
2025-10-10,20.520000457763672,20.90999984741211,20.15999984741211,20.15999984741211,22200
2025-10-13,20.329999923706055,20.479999542236328,20.059999465942383,20.43000030517578,18000
2025-10-14,20.270000457763672,20.920000076293945,20.25,20.799999237060547,20100
2025-10-15,20.809999465942383,21.06999969482422,20.670000076293945,20.8700008392334,17900
2025-10-16,20.8700008392334,20.8700008392334,19.709999084472656,19.8700008392334,23700
2025-10-17,20.030000686645508,20.940000534057617,19.8799991607666,20.200000762939453,17900
2025-10-20,20.200000762939453,20.739999771118164,20.200000762939453,20.739999771118164,14500
2025-10-21,20.600000381469727,20.979999542236328,20.600000381469727,20.799999237060547,14300
2025-10-22,20.760000228881836,21.139999389648438,20.760000228881836,20.959999084472656,14200
2025-10-23,21.389999389648438,21.81999969482422,21.25,21.670000076293945,33100
2025-10-24,21.6299991607666,22.209999084472656,21.6299991607666,22.059999465942383,31900
2025-10-27,22.229999542236328,22.229999542236328,21.780000686645508,21.84000015258789,19400
2025-10-28,21.760000228881836,21.920000076293945,21.639999389648438,21.68000030517578,13700
2025-10-29,21.6299991607666,21.920000076293945,21.260000228881836,21.600000381469727,22000
2025-10-30,21.479999542236328,21.799999237060547,21.479999542236328,21.610000610351562,30300
2025-10-31,21.520000457763672,21.950000762939453,21.260000228881836,21.610000610351562,17300
2025-11-03,21.670000076293945,21.969999313354492,21.25,21.649999618530273,17200
2025-11-04,21.5,21.799999237060547,21.420000076293945,21.489999771118164,12600
2025-11-05,21.760000228881836,21.889999389648438,21.600000381469727,21.81999969482422,12600
2025-11-06,21.75,21.8700008392334,21.520000457763672,21.649999618530273,13300
2025-11-07,21.6299991607666,21.790000915527344,21.510000228881836,21.709999084472656,9500
2025-11-10,21.889999389648438,21.950000762939453,21.709999084472656,21.8799991607666,12700
2025-11-11,21.920000076293945,21.950000762939453,21.709999084472656,21.8799991607666,19400
2025-11-12,21.860000610351562,22.059999465942383,21.799999237060547,21.850000381469727,20500
2025-11-13,22.0,22.020000457763672,21.739999771118164,21.950000762939453,16200
2025-11-14,21.770000457763672,22.020000457763672,21.610000610351562,21.93000030517578,52900
2025-11-17,21.81999969482422,22.0,21.309999465942383,21.309999465942383,19400
2025-11-18,21.479999542236328,21.479999542236328,21.110000610351562,21.18000030517578,17500
2025-11-19,21.110000610351562,21.309999465942383,21.100000381469727,21.219999313354492,18300
2025-11-20,21.489999771118164,21.68000030517578,21.290000915527344,21.43000030517578,15800
2025-11-21,21.450000762939453,22.299999237060547,21.25,22.219999313354492,23900
2025-11-24,22.200000762939453,22.280000686645508,22.09000015258789,22.280000686645508,12900
2025-11-25,22.260000228881836,22.899999618530273,22.25,22.84000015258789,16800
2025-11-26,22.75,22.979999542236328,22.670000076293945,22.920000076293945,22800
2025-11-28,22.850000381469727,23.020000457763672,22.770000457763672,22.889999389648438,8500
2025-12-01,22.75,23.420000076293945,22.75,23.420000076293945,16700
2025-12-02,23.360000610351562,23.649999618530273,23.0,23.200000762939453,42500
2025-12-03,23.290000915527344,23.989999771118164,23.25,23.829999923706055,41700
2025-12-04,24.020000457763672,24.110000610351562,23.690000534057617,23.84000015258789,23300
2025-12-05,23.799999237060547,24.100000381469727,23.440000534057617,23.760000228881836,36700
2025-12-08,23.850000381469727,23.979999542236328,23.770000457763672,23.860000610351562,22100
2025-12-09,23.719999313354492,24.229999542236328,23.719999313354492,24.020000457763672,34700
2025-12-10,24.020000457763672,24.969999313354492,24.020000457763672,24.829999923706055,78800
2025-12-11,24.770000457763672,25.209999084472656,24.770000457763672,25.139999389648438,47000
2025-12-12,25.139999389648438,25.229999542236328,25.020000457763672,25.229999542236328,47600
2025-12-15,25.350000381469727,25.549999237060547,25.149999618530273,25.399999618530273,54000
2025-12-16,25.389999389648438,25.549999237060547,25.190000534057617,25.420000076293945,47300
2025-12-17,25.450000762939453,25.770000457763672,25.200000762939453,25.389999389648438,57500
2025-12-18,25.5,25.56999969482422,25.350000381469727,25.540000915527344,48600
2025-12-19,25.5,25.700000762939453,25.0,25.079999923706055,83400
2025-12-22,25.15999984741211,25.5,24.729999542236328,24.75,30400
2025-12-23,24.649999618530273,24.950000762939453,24.6200008392334,24.799999237060547,24500
2025-12-24,24.860000610351562,24.950000762939453,24.559999465942383,24.75,26600
2025-12-26,24.709999084472656,24.950000762939453,24.649999618530273,24.809999465942383,20500
2025-12-29,24.809999465942383,25.059999465942383,24.690000534057617,25.0,37400
2025-12-30,24.84000015258789,25.600000381469727,24.84000015258789,25.079999923706055,51400
2025-12-31,25.030000686645508,25.15999984741211,25.0,25.040000915527344,25900
2026-01-02,25.040000915527344,25.170000076293945,24.170000076293945,24.260000228881836,27600
2026-01-05,24.260000228881836,25.0,24.260000228881836,24.799999237060547,52100
2026-01-06,24.639999389648438,25.1200008392334,24.43000030517578,24.889999389648438,122600
2026-01-07,24.93000030517578,25.299999237060547,24.690000534057617,24.799999237060547,202400
2026-01-08,24.799999237060547,25.34000015258789,24.799999237060547,25.31999969482422,117200
2026-01-09,25.399999618530273,25.719999313354492,24.959999084472656,25.010000228881836,50000
2026-01-12,24.84000015258789,25.139999389648438,24.75,24.760000228881836,31000
2026-01-13,24.889999389648438,25.079999923706055,24.59000015258789,24.780000686645508,49200
2026-01-14,24.8700008392334,24.989999771118164,24.700000762939453,24.829999923706055,66800
2026-01-15,25.049999237060547,25.850000381469727,24.979999542236328,25.709999084472656,59200
2026-01-16,25.6200008392334,25.959999084472656,25.389999389648438,25.450000762939453,74700
2026-01-20,25.170000076293945,25.469999313354492,25.149999618530273,25.43000030517578,62200
2026-01-21,25.639999389648438,26.760000228881836,25.639999389648438,26.360000610351562,87000
2026-01-22,26.5,26.979999542236328,26.0,26.43000030517578,57800
2026-01-23,26.600000381469727,28.219999313354492,26.579999923706055,27.059999465942383,79900
2026-01-26,27.06999969482422,27.489999771118164,26.649999618530273,27.34000015258789,124500
2026-01-27,27.34000015258789,27.780000686645508,27.06999969482422,27.549999237060547,149400
2026-01-28,27.59000015258789,27.59000015258789,27.0,27.0,150100
2026-01-29,27.219999313354492,27.6299991607666,26.899999618530273,27.139999389648438,125800
2026-01-30,27.219999313354492,27.479999542236328,26.549999237060547,27.309999465942383,127300
2026-02-02,27.459999084472656,28.610000610351562,27.34000015258789,28.260000228881836,80100
2026-02-03,28.1299991607666,28.860000610351562,28.030000686645508,28.540000915527344,120400
2026-02-04,28.75,29.5,28.559999465942383,28.6200008392334,101300
2026-02-05,28.350000381469727,29.079999923706055,28.1200008392334,28.489999771118164,76800
2026-02-06,28.75,29.239999771118164,28.5,28.709999084472656,123000
2026-02-09,28.809999465942383,29.219999313354492,28.600000381469727,28.729999542236328,74400
2026-02-10,28.75,29.059999465942383,28.5,28.65999984741211,126600
2026-02-11,28.799999237060547,29.079999923706055,28.40999984741211,28.510000228881836,81200
2026-02-12,28.75,28.899999618530273,28.110000610351562,28.459999084472656,75900
2026-02-13,28.549999237060547,28.65999984741211,28.09000015258789,28.5,117000
2026-02-17,28.59000015258789,29.0,28.559999465942383,28.610000610351562,103900
2026-02-18,28.639999389648438,29.010000228881836,28.139999389648438,28.329999923706055,95300
2026-02-19,28.280000686645508,28.43000030517578,28.0,28.209999084472656,68500
2026-02-20,28.200000762939453,28.610000610351562,28.0,28.5,69000
2026-02-23,28.5,28.81999969482422,27.700000762939453,27.790000915527344,80500
2026-02-24,27.809999465942383,28.360000610351562,27.5,28.100000381469727,84200
2026-02-25,28.299999237060547,28.790000915527344,28.049999237060547,28.639999389648438,168200
2026-02-26,28.75,29.329999923706055,28.440000534057617,28.75,85300
2026-02-27,28.5,28.690000534057617,27.549999237060547,27.860000610351562,95800
2026-03-02,27.530000686645508,28.3799991607666,27.440000534057617,28.030000686645508,135600
2026-03-03,27.549999237060547,28.010000228881836,27.25,27.860000610351562,99000
2026-03-04,28.0,28.479999542236328,27.829999923706055,28.0,66700
2026-03-05,27.799999237060547,28.079999923706055,27.309999465942383,27.510000228881836,76000
2026-03-06,27.079999923706055,28.010000228881836,26.56999969482422,27.260000228881836,79300
2026-03-09,27.0,27.34000015258789,26.40999984741211,27.219999313354492,69200
2026-03-10,27.09000015258789,28.149999618530273,27.06999969482422,27.610000610351562,90500
2026-03-11,27.43000030517578,27.989999771118164,27.209999084472656,27.290000915527344,46200
2026-03-12,26.959999084472656,27.559999465942383,26.6299991607666,27.25,63500
2026-03-13,27.389999389648438,27.6200008392334,27.040000915527344,27.139999389648438,46600
2026-03-16,27.350000381469727,27.690000534057617,27.139999389648438,27.3799991607666,88900
2026-03-17,27.549999237060547,28.06999969482422,27.219999313354492,27.290000915527344,76600
2026-03-18,27.149999618530273,27.479999542236328,26.90999984741211,27.049999237060547,62400
2026-03-19,26.860000610351562,27.780000686645508,26.850000381469727,27.520000457763672,66700
2026-03-20,27.690000534057617,28.0,27.209999084472656,27.40999984741211,127500
2026-03-23,28.049999237060547,28.420000076293945,27.959999084472656,27.979999542236328,112600
2026-03-24,27.75,28.360000610351562,27.75,28.309999465942383,72800
2026-03-25,28.56999969482422,29.010000228881836,28.1299991607666,28.40999984741211,54800
2026-03-26,28.219999313354492,28.56999969482422,28.219999313354492,28.350000381469727,63700
2026-03-27,28.209999084472656,28.399999618530273,28.06999969482422,28.239999771118164,54100
2026-03-30,28.399999618530273,28.399999618530273,28.0,28.280000686645508,69200
2026-03-31,28.520000457763672,29.0,28.200000762939453,28.399999618530273,69400
2026-04-01,28.559999465942383,28.889999389648438,28.510000228881836,28.520000457763672,93800
2026-04-02,28.170000076293945,28.479999542236328,27.940000534057617,28.290000915527344,162200
2026-04-06,28.270000457763672,28.6299991607666,28.25,28.510000228881836,136400
2026-04-07,28.469999313354492,28.610000610351562,28.31999969482422,28.520000457763672,137000
2026-04-08,29.1299991607666,29.56999969482422,29.020000457763672,29.149999618530273,194600
2026-04-09,29.149999618530273,29.920000076293945,29.149999618530273,29.799999237060547,212800
2026-04-10,29.93000030517578,29.989999771118164,29.389999389648438,29.700000762939453,162700
2026-04-13,29.84000015258789,29.84000015258789,29.469999313354492,29.68000030517578,80500
2026-04-14,29.6299991607666,29.68000030517578,29.25,29.600000381469727,85200
2026-04-15,29.600000381469727,29.780000686645508,29.360000610351562,29.510000228881836,93000
2026-04-16,29.5,29.65999984741211,29.25,29.329999923706055,98900
2026-04-17,29.950000762939453,31.450000762939453,29.950000762939453,30.43000030517578,193900
2026-04-20,30.260000228881836,30.610000610351562,30.040000915527344,30.3799991607666,99200
2026-04-21,30.549999237060547,30.780000686645508,29.780000686645508,29.90999984741211,81200
2026-04-22,29.940000534057617,30.360000610351562,29.799999237060547,29.84000015258789,65700
2026-04-23,29.829999923706055,30.149999618530273,29.520000457763672,29.8799991607666,55200
2026-04-24,30.190000534057617,30.299999237060547,29.520000457763672,30.020000457763672,60400
2026-04-27,29.940000534057617,30.489999771118164,29.940000534057617,30.139999389648438,56300
2026-04-28,30.25,30.639999389648438,30.25,30.309999465942383,98500
2026-04-29,30.309999465942383,30.479999542236328,29.739999771118164,30.049999237060547,74600
2026-04-30,29.920000076293945,30.40999984741211,29.799999237060547,30.110000610351562,64600
2026-05-01,30.170000076293945,30.559999465942383,30.0,30.360000610351562,86600
2026-05-04,30.25,30.559999465942383,30.100000381469727,30.280000686645508,59500
2026-05-05,30.440000534057617,30.959999084472656,30.440000534057617,30.84000015258789,134000
2026-05-06,31.030000686645508,31.260000228881836,30.649999618530273,30.719999313354492,104400
2026-05-07,30.649999618530273,31.040000915527344,30.5,30.860000610351562,100500
2026-05-08,30.940000534057617,30.950000762939453,30.489999771118164,30.65999984741211,75700
2026-05-11,30.649999618530273,30.90999984741211,30.260000228881836,30.600000381469727,98300
2026-05-12,30.56999969482422,30.68000030517578,30.030000686645508,30.270000457763672,56300
2026-05-13,30.079999923706055,30.43000030517578,29.860000610351562,30.049999237060547,79100
2026-05-14,30.049999237060547,30.5,30.049999237060547,30.270000457763672,39400
2026-05-15,30.200000762939453,30.239999771118164,29.829999923706055,30.100000381469727,90500
2026-05-18,30.139999389648438,30.790000915527344,30.139999389648438,30.479999542236328,56200
2026-05-19,30.43000030517578,30.6200008392334,30.219999313354492,30.350000381469727,103200
2026-05-20,30.639999389648438,31.0,30.299999237060547,30.68000030517578,138500
2026-05-21,30.5,31.219999313354492,30.3700008392334,31.15999984741211,157400
2026-05-22,31.559999465942383,32.04999923706055,31.3799991607666,31.489999771118164,178100
2026-05-26,31.639999389648438,32.09000015258789,31.219999313354492,31.479999542236328,68800
2026-05-27,31.530000686645508,31.799999237060547,31.270000457763672,31.399999618530273,138600
2026-05-28,31.299999237060547,31.59000015258789,30.969999313354492,31.190000534057617,75300
2026-05-29,31.020000457763672,31.31999969482422,30.59000015258789,30.729999542236328,58200
2026-06-01,30.579999923706055,32.43000030517578,30.06999969482422,30.709999084472656,110900
2026-06-02,30.540000915527344,31.25,30.239999771118164,31.110000610351562,88900
2026-06-03,30.950000762939453,31.209999084472656,30.209999084472656,30.299999237060547,49100
2026-06-04,30.56999969482422,31.079999923706055,30.3799991607666,30.850000381469727,59000
2026-06-05,30.670000076293945,31.43000030517578,30.600000381469727,31.190000534057617,50700
2026-06-08,31.34000015258789,31.950000762939453,30.899999618530273,31.3700008392334,43000
2026-06-09,31.540000915527344,32.209999084472656,31.540000915527344,31.850000381469727,56500
2026-06-10,31.90999984741211,32.06999969482422,31.610000610351562,31.93000030517578,79100
2026-06-11,32.060001373291016,32.060001373291016,31.420000076293945,31.950000762939453,68400
2026-06-12,32.130001068115234,32.25,31.690000534057617,32.13999938964844,40800
2026-06-15,32.310001373291016,32.439998626708984,31.68000030517578,31.75,40400
2026-06-16,31.860000610351562,32.0,31.530000686645508,31.790000915527344,40800
2026-06-17,31.649999618530273,32.04999923706055,31.010000228881836,31.40999984741211,64200
2026-06-18,31.559999465942383,31.950000762939453,31.350000381469727,31.860000610351562,132100
2026-06-22,31.860000610351562,32.02000045776367,31.520000457763672,31.889999389648438,45800
2026-06-23,31.93000030517578,32.66999816894531,31.489999771118164,32.619998931884766,85200
2026-06-24,32.65999984741211,32.9900016784668,32.439998626708984,32.7400016784668,64300
2026-06-25,32.619998931884766,32.81999969482422,32.459999084472656,32.560001373291016,44300
2026-06-26,32.650001525878906,32.9900016784668,32.189998626708984,32.88999938964844,305300
2026-06-29,32.86000061035156,33.2599983215332,32.540000915527344,33.189998626708984,70300
2026-06-30,32.959999084472656,33.25,32.900001525878906,33.15999984741211,34800
2026-07-01,32.88999938964844,34.0,32.88999938964844,33.86000061035156,55800
2026-07-02,33.72999954223633,33.84000015258789,32.81999969482422,32.93000030517578,50700
2026-07-06,32.86000061035156,33.16999816894531,32.58000183105469,33.099998474121094,40300
2026-07-07,32.880001068115234,33.349998474121094,32.689998626708984,32.86000061035156,39700
2026-07-08,32.349998474121094,32.880001068115234,32.099998474121094,32.2400016784668,47200
2026-07-09,32.209999084472656,32.90999984741211,32.11000061035156,32.529998779296875,42600
2026-07-10,32.630001068115234,32.970001220703125,32.310001373291016,32.75,42600
2026-07-13,32.68000030517578,33.47999954223633,32.040000915527344,32.959999084472656,44300
2026-07-14,33.13999938964844,33.4900016784668,32.68000030517578,32.709999084472656,73800
2026-07-15,32.810001373291016,33.4900016784668,32.720001220703125,33.2599983215332,44400
2026-07-16,33.220001220703125,34.470001220703125,33.189998626708984,34.439998626708984,62400
2026-07-17,34.22999954223633,34.400001525878906,33.08000183105469,33.08000183105469,45500
