Date,Open,High,Low,Close,Volume
2016-07-18,7.630000114440918,7.769999980926514,7.630000114440918,7.739999771118164,1900
2016-07-19,7.78000020980835,7.960000038146973,7.730000019073486,7.739999771118164,5100
2016-07-20,7.699999809265137,7.78000020980835,7.610000133514404,7.659999847412109,8600
2016-07-21,7.829999923706055,7.829999923706055,7.670000076293945,7.820000171661377,1900
2016-07-22,7.75,7.940000057220459,7.75,7.760000228881836,1700
2016-07-25,7.840000152587891,7.840000152587891,7.78000020980835,7.78000020980835,1600
2016-07-26,7.760000228881836,7.800000190734863,7.360000133514404,7.480000019073486,13800
2016-07-27,7.5,7.679999828338623,7.449999809265137,7.550000190734863,47200
2016-07-28,7.400000095367432,7.639999866485596,7.400000095367432,7.53000020980835,12000
2016-07-29,7.650000095367432,7.650000095367432,7.650000095367432,7.650000095367432,500
2016-08-01,7.5,7.849999904632568,7.5,7.75,4500
2016-08-02,7.670000076293945,7.789999961853027,7.610000133514404,7.610000133514404,1000
2016-08-03,7.690000057220459,7.789999961853027,7.599999904632568,7.789999961853027,7000
2016-08-04,7.679999828338623,7.769999980926514,7.679999828338623,7.760000228881836,300
2016-08-05,7.590000152587891,7.75,7.570000171661377,7.75,1300
2016-08-08,7.710000038146973,8.09000015258789,7.610000133514404,8.050000190734863,26600
2016-08-09,8.09000015258789,8.140000343322754,7.960000038146973,7.980000019073486,7800
2016-08-10,8.0,8.050000190734863,7.800000190734863,7.860000133514404,15100
2016-08-11,8.069999694824219,8.100000381469727,8.039999961853027,8.039999961853027,700
2016-08-12,8.039999961853027,8.039999961853027,8.039999961853027,8.039999961853027,0
2016-08-15,7.880000114440918,7.909999847412109,7.5,7.690000057220459,7000
2016-08-16,8.020000457763672,8.020000457763672,7.760000228881836,7.760000228881836,800
2016-08-17,7.949999809265137,7.949999809265137,7.809999942779541,7.889999866485596,2500
2016-08-18,7.699999809265137,7.889999866485596,7.5,7.630000114440918,10000
2016-08-19,7.650000095367432,7.949999809265137,7.650000095367432,7.699999809265137,3000
2016-08-22,7.630000114440918,7.630000114440918,7.320000171661377,7.5,4500
2016-08-23,7.53000020980835,7.610000133514404,7.449999809265137,7.449999809265137,4000
2016-08-24,7.519999980926514,7.519999980926514,7.389999866485596,7.440000057220459,5400
2016-08-25,7.5,7.5,7.420000076293945,7.420000076293945,4300
2016-08-26,7.400000095367432,7.590000152587891,7.400000095367432,7.539999961853027,5500
2016-08-29,7.590000152587891,7.590000152587891,7.579999923706055,7.579999923706055,600
2016-08-30,7.900000095367432,7.900000095367432,7.53000020980835,7.75,1500
2016-08-31,7.849999904632568,7.849999904632568,7.519999980926514,7.590000152587891,2000
2016-09-01,7.510000228881836,7.730000019073486,7.5,7.5,1800
2016-09-02,7.670000076293945,7.670000076293945,7.380000114440918,7.489999771118164,8600
2016-09-06,7.619999885559082,7.800000190734863,7.539999961853027,7.730000019073486,4200
2016-09-07,7.760000228881836,7.789999961853027,7.690000057220459,7.690000057220459,3800
2016-09-08,7.71999979019165,7.869999885559082,7.71999979019165,7.769999980926514,3900
2016-09-09,7.800000190734863,7.800000190734863,7.659999847412109,7.739999771118164,6400
2016-09-12,7.630000114440918,7.869999885559082,7.630000114440918,7.800000190734863,5300
2016-09-13,7.889999866485596,7.900000095367432,7.579999923706055,7.670000076293945,11500
2016-09-14,7.650000095367432,7.889999866485596,7.650000095367432,7.739999771118164,900
2016-09-15,7.880000114440918,7.880000114440918,7.5,7.739999771118164,6600
2016-09-16,7.820000171661377,7.840000152587891,7.570000171661377,7.599999904632568,16100
2016-09-19,7.630000114440918,7.75,7.5,7.75,5000
2016-09-20,7.699999809265137,7.710000038146973,7.630000114440918,7.630000114440918,2200
2016-09-21,7.630000114440918,7.75,7.630000114440918,7.690000057220459,4500
2016-09-22,7.710000038146973,7.739999771118164,7.599999904632568,7.599999904632568,2300
2016-09-23,7.690000057220459,7.690000057220459,7.679999828338623,7.690000057220459,400
2016-09-26,7.599999904632568,7.840000152587891,7.599999904632568,7.610000133514404,1400
2016-09-27,7.610000133514404,7.610000133514404,7.610000133514404,7.610000133514404,0
2016-09-28,7.579999923706055,7.800000190734863,7.550000190734863,7.610000133514404,1100
2016-09-29,7.510000228881836,7.699999809265137,7.139999866485596,7.699999809265137,2900
2016-09-30,7.650000095367432,7.659999847412109,7.519999980926514,7.659999847412109,1500
2016-10-03,7.690000057220459,7.690000057220459,7.590000152587891,7.590000152587891,600
2016-10-04,7.670000076293945,7.730000019073486,7.590000152587891,7.619999885559082,1000
2016-10-05,7.630000114440918,7.659999847412109,7.630000114440918,7.659999847412109,300
2016-10-06,7.570000171661377,7.570000171661377,7.320000171661377,7.550000190734863,3600
2016-10-07,7.789999961853027,7.789999961853027,7.699999809265137,7.71999979019165,900
2016-10-10,7.78000020980835,7.789999961853027,7.730000019073486,7.789999961853027,8700
2016-10-11,7.610000133514404,7.670000076293945,7.599999904632568,7.639999866485596,3500
2016-10-12,7.78000020980835,7.78000020980835,7.210000038146973,7.769999980926514,7500
2016-10-13,7.730000019073486,7.78000020980835,7.690000057220459,7.690000057220459,800
2016-10-14,7.78000020980835,8.100000381469727,7.78000020980835,7.909999847412109,28600
2016-10-17,7.949999809265137,8.350000381469727,7.949999809265137,8.0,37900
2016-10-18,8.25,8.25,7.900000095367432,7.900000095367432,8200
2016-10-19,8.350000381469727,8.350000381469727,7.900000095367432,7.900000095367432,33100
2016-10-20,8.199999809265137,8.199999809265137,7.809999942779541,8.0,36400
2016-10-21,8.149999618530273,8.149999618530273,8.0,8.100000381469727,20600
2016-10-24,8.130000114440918,8.149999618530273,8.100000381469727,8.100000381469727,6100
2016-10-25,8.100000381469727,8.100000381469727,8.100000381469727,8.100000381469727,1100
2016-10-26,8.010000228881836,8.149999618530273,8.0,8.149999618530273,15500
2016-10-27,8.100000381469727,8.149999618530273,8.0,8.050000190734863,20900
2016-10-28,8.050000190734863,8.09000015258789,7.949999809265137,8.050000190734863,12300
2016-10-31,8.0,8.050000190734863,8.0,8.0,12200
2016-11-01,8.0,8.100000381469727,7.900000095367432,7.900000095367432,5900
2016-11-02,7.949999809265137,7.989999771118164,7.900000095367432,7.900000095367432,3600
2016-11-03,7.920000076293945,8.050000190734863,7.920000076293945,7.929999828338623,1600
2016-11-04,7.900000095367432,8.100000381469727,7.699999809265137,7.900000095367432,4800
2016-11-07,8.0,8.0,7.900000095367432,7.949999809265137,2900
2016-11-08,6.349999904632568,8.149999618530273,6.349999904632568,8.039999961853027,8300
2016-11-09,8.100000381469727,8.119999885559082,8.0,8.0,2000
2016-11-10,8.050000190734863,8.5,8.050000190734863,8.300000190734863,36800
2016-11-11,8.550000190734863,8.899999618530273,8.350000381469727,8.449999809265137,16300
2016-11-14,8.399999618530273,8.460000038146973,8.300000190734863,8.350000381469727,10200
2016-11-15,8.300000190734863,8.5,8.210000038146973,8.5,25600
2016-11-16,8.300000190734863,8.5,8.300000190734863,8.449999809265137,4800
2016-11-17,8.5,8.649999618530273,8.5,8.550000190734863,9100
2016-11-18,8.649999618530273,8.75,8.479999542236328,8.75,29300
2016-11-21,8.899999618530273,8.899999618530273,8.550000190734863,8.550000190734863,11700
2016-11-22,8.649999618530273,8.6899995803833,8.350000381469727,8.399999618530273,3500
2016-11-23,8.449999809265137,8.5,8.350000381469727,8.5,4000
2016-11-25,8.25,8.350000381469727,8.25,8.350000381469727,500
2016-11-28,8.489999771118164,8.5,8.300000190734863,8.300000190734863,6900
2016-11-29,8.300000190734863,8.380000114440918,8.300000190734863,8.300000190734863,11200
2016-11-30,8.300000190734863,8.34000015258789,8.25,8.25,1900
2016-12-01,8.34000015258789,8.34000015258789,8.199999809265137,8.25,2300
2016-12-02,8.199999809265137,8.25,8.199999809265137,8.210000038146973,14400
2016-12-05,8.399999618530273,8.399999618530273,8.199999809265137,8.300000190734863,1600
2016-12-06,8.300000190734863,8.350000381469727,8.199999809265137,8.199999809265137,4800
2016-12-07,8.300000190734863,8.350000381469727,8.300000190734863,8.350000381469727,2200
2016-12-08,8.350000381469727,8.350000381469727,8.199999809265137,8.199999809265137,6900
2016-12-09,8.350000381469727,8.350000381469727,8.199999809265137,8.199999809265137,11500
2016-12-12,8.199999809265137,8.350000381469727,8.199999809265137,8.300000190734863,4500
2016-12-13,8.050000190734863,8.050000190734863,7.449999809265137,7.699999809265137,38800
2016-12-14,7.599999904632568,7.900000095367432,7.599999904632568,7.900000095367432,1800
2016-12-15,8.0,8.0,7.800000190734863,7.800000190734863,1800
2016-12-16,7.75,7.860000133514404,7.650000095367432,7.650000095367432,2500
2016-12-19,7.650000095367432,7.650000095367432,7.650000095367432,7.650000095367432,1100
2016-12-20,7.699999809265137,7.75,7.650000095367432,7.699999809265137,4600
2016-12-21,7.760000228881836,7.800000190734863,7.599999904632568,7.800000190734863,7100
2016-12-22,7.699999809265137,7.900000095367432,7.699999809265137,7.849999904632568,3200
2016-12-23,7.800000190734863,7.849999904632568,7.710000038146973,7.849999904632568,9800
2016-12-27,7.75,8.199999809265137,7.75,8.199999809265137,3300
2016-12-28,8.100000381469727,8.100000381469727,7.800000190734863,7.949999809265137,3900
2016-12-29,7.949999809265137,8.050000190734863,7.900000095367432,7.949999809265137,4200
2016-12-30,8.0,8.100000381469727,7.949999809265137,8.100000381469727,19200
2017-01-03,8.199999809265137,8.199999809265137,8.0,8.050000190734863,7700
2017-01-04,8.010000228881836,8.149999618530273,8.0,8.0,7700
2017-01-05,8.050000190734863,8.199999809265137,8.050000190734863,8.149999618530273,11200
2017-01-06,8.050000190734863,8.550000190734863,8.050000190734863,8.350000381469727,10900
2017-01-09,8.350000381469727,8.5,8.350000381469727,8.449999809265137,8800
2017-01-10,8.34000015258789,8.550000190734863,8.34000015258789,8.5,2500
2017-01-11,8.600000381469727,8.600000381469727,8.550000190734863,8.600000381469727,4300
2017-01-12,8.5,8.5,8.350000381469727,8.399999618530273,2000
2017-01-13,8.550000190734863,8.550000190734863,8.399999618530273,8.399999618530273,2800
2017-01-17,8.5,8.649999618530273,8.449999809265137,8.600000381469727,10800
2017-01-18,8.649999618530273,8.649999618530273,8.34000015258789,8.460000038146973,8300
2017-01-19,8.359999656677246,8.359999656677246,8.359999656677246,8.359999656677246,200
2017-01-20,8.5,8.699999809265137,8.489999771118164,8.600000381469727,3100
2017-01-23,8.569999694824219,8.569999694824219,8.449999809265137,8.449999809265137,4100
2017-01-24,8.399999618530273,9.25,8.399999618530273,8.899999618530273,30700
2017-01-25,8.880000114440918,9.300000190734863,8.880000114440918,9.100000381469727,46400
2017-01-26,8.609999656677246,9.199999809265137,8.609999656677246,9.050000190734863,16900
2017-01-27,9.050000190734863,9.25,9.050000190734863,9.229999542236328,22100
2017-01-30,9.25,9.300000190734863,9.0600004196167,9.199999809265137,6300
2017-01-31,8.960000038146973,9.09000015258789,8.699999809265137,8.75,10000
2017-02-01,9.050000190734863,9.050000190734863,8.699999809265137,8.739999771118164,4200
2017-02-02,8.729999542236328,8.729999542236328,8.5,8.699999809265137,3600
2017-02-03,8.75,8.75,8.5,8.75,800
2017-02-06,8.800000190734863,9.050000190734863,8.800000190734863,9.0,1800
2017-02-07,8.949999809265137,8.949999809265137,8.600000381469727,8.699999809265137,2300
2017-02-08,8.699999809265137,8.699999809265137,8.699999809265137,8.699999809265137,0
2017-02-09,8.890000343322754,8.890000343322754,8.649999618530273,8.65999984741211,7800
2017-02-10,8.600000381469727,8.699999809265137,8.600000381469727,8.600000381469727,5500
2017-02-13,8.75,8.800000190734863,8.699999809265137,8.699999809265137,800
2017-02-14,8.5,8.739999771118164,8.5,8.739999771118164,1900
2017-02-15,8.800000190734863,8.800000190734863,8.600000381469727,8.600000381469727,5400
2017-02-16,8.649999618530273,8.75,8.600000381469727,8.600000381469727,3700
2017-02-17,8.699999809265137,8.699999809265137,8.609999656677246,8.609999656677246,600
2017-02-21,8.699999809265137,8.699999809265137,8.670000076293945,8.670000076293945,500
2017-02-22,8.75,8.75,8.5,8.550000190734863,16800
2017-02-23,8.399999618530273,8.449999809265137,8.350000381469727,8.380000114440918,3600
2017-02-24,8.300000190734863,8.350000381469727,8.149999618530273,8.25,5800
2017-02-27,8.180000305175781,8.350000381469727,8.180000305175781,8.350000381469727,4300
2017-02-28,8.350000381469727,8.350000381469727,8.050000190734863,8.050000190734863,2800
2017-03-01,8.260000228881836,8.300000190734863,8.149999618530273,8.25,4200
2017-03-02,8.289999961853027,8.300000190734863,8.25,8.25,1100
2017-03-03,8.25,8.25,8.100000381469727,8.100000381469727,1000
2017-03-06,8.100000381469727,8.149999618530273,7.849999904632568,7.900000095367432,13300
2017-03-07,7.800000190734863,7.849999904632568,7.599999904632568,7.75,8100
2017-03-08,7.880000114440918,7.880000114440918,7.550000190734863,7.550000190734863,5500
2017-03-09,7.550000190734863,7.599999904632568,7.25,7.5,18400
2017-03-10,7.449999809265137,7.5,7.199999809265137,7.25,20200
2017-03-13,7.300000190734863,7.400000095367432,7.099999904632568,7.349999904632568,47800
2017-03-14,7.349999904632568,7.739999771118164,7.25,7.650000095367432,47900
2017-03-15,7.800000190734863,8.300000190734863,7.659999847412109,7.849999904632568,9800
2017-03-16,7.900000095367432,7.900000095367432,7.599999904632568,7.699999809265137,7300
2017-03-17,7.699999809265137,7.900000095367432,7.699999809265137,7.900000095367432,3000
2017-03-20,7.900000095367432,8.050000190734863,7.760000228881836,7.760000228881836,5000
2017-03-21,8.0,8.0,7.650000095367432,7.650000095367432,2000
2017-03-22,7.650000095367432,8.0,7.650000095367432,7.900000095367432,8000
2017-03-23,7.840000152587891,7.900000095367432,7.650000095367432,7.650000095367432,15000
2017-03-24,7.800000190734863,7.949999809265137,7.670000076293945,7.949999809265137,6000
2017-03-27,7.650000095367432,7.75,7.300000190734863,7.670000076293945,4200
2017-03-28,7.800000190734863,7.889999866485596,7.400000095367432,7.400000095367432,11200
2017-03-29,7.800000190734863,7.849999904632568,7.699999809265137,7.75,1000
2017-03-30,7.650000095367432,7.900000095367432,7.650000095367432,7.869999885559082,3400
2017-03-31,7.900000095367432,7.949999809265137,7.900000095367432,7.949999809265137,800
2017-04-03,7.880000114440918,8.100000381469727,7.880000114440918,7.949999809265137,3100
2017-04-04,8.0,8.050000190734863,7.550000190734863,7.75,7700
2017-04-05,7.800000190734863,7.900000095367432,7.349999904632568,7.849999904632568,8400
2017-04-06,8.010000228881836,8.600000381469727,7.900000095367432,8.199999809265137,9200
2017-04-07,8.050000190734863,8.149999618530273,8.0,8.100000381469727,5900
2017-04-10,8.25,8.25,8.0,8.050000190734863,1400
2017-04-11,8.100000381469727,8.100000381469727,8.0,8.050000190734863,1800
2017-04-12,8.0,8.149999618530273,8.0,8.050000190734863,1300
2017-04-13,8.0,8.0,8.0,8.0,3300
2017-04-17,7.949999809265137,7.949999809265137,7.900000095367432,7.900000095367432,1700
2017-04-18,7.829999923706055,7.900000095367432,7.829999923706055,7.829999923706055,6900
2017-04-19,7.800000190734863,8.050000190734863,7.75,8.050000190734863,13000
2017-04-20,7.949999809265137,8.050000190734863,7.949999809265137,7.949999809265137,14200
2017-04-21,8.050000190734863,8.050000190734863,8.050000190734863,8.050000190734863,600
2017-04-24,7.949999809265137,8.050000190734863,7.949999809265137,8.029999732971191,2100
2017-04-25,8.0,8.0,7.949999809265137,7.949999809265137,11000
2017-04-26,8.050000190734863,8.050000190734863,7.909999847412109,8.050000190734863,15100
2017-04-27,8.029999732971191,8.050000190734863,7.949999809265137,7.949999809265137,12000
2017-04-28,8.039999961853027,8.050000190734863,8.0,8.029999732971191,900
2017-05-01,7.900000095367432,8.0,7.900000095367432,7.949999809265137,600
2017-05-02,7.929999828338623,8.050000190734863,7.849999904632568,8.050000190734863,10000
2017-05-03,8.050000190734863,8.050000190734863,8.050000190734863,8.050000190734863,0
2017-05-04,8.050000190734863,8.100000381469727,7.900000095367432,7.900000095367432,5400
2017-05-05,7.849999904632568,7.949999809265137,7.849999904632568,7.900000095367432,1700
2017-05-08,7.880000114440918,7.880000114440918,7.800000190734863,7.800000190734863,4300
2017-05-09,8.0,8.0,7.929999828338623,7.929999828338623,700
2017-05-10,7.849999904632568,7.849999904632568,7.800000190734863,7.800000190734863,2600
2017-05-11,7.900000095367432,7.900000095367432,7.849999904632568,7.849999904632568,6200
2017-05-12,7.949999809265137,8.0,7.900000095367432,7.949999809265137,14900
2017-05-15,7.900000095367432,7.900000095367432,7.599999904632568,7.75,11300
2017-05-16,7.599999904632568,7.599999904632568,7.5,7.5,13100
2017-05-17,7.650000095367432,7.699999809265137,7.5,7.650000095367432,9900
2017-05-18,7.599999904632568,7.599999904632568,7.550000190734863,7.550000190734863,16700
2017-05-19,7.599999904632568,7.650000095367432,7.579999923706055,7.599999904632568,900
2017-05-22,7.550000190734863,7.599999904632568,7.550000190734863,7.550000190734863,11700
2017-05-23,7.550000190734863,7.550000190734863,7.550000190734863,7.550000190734863,0
2017-05-24,7.699999809265137,7.699999809265137,7.550000190734863,7.550000190734863,8400
2017-05-25,7.550000190734863,7.550000190734863,7.5,7.5,14200
2017-05-26,7.519999980926514,7.550000190734863,7.519999980926514,7.550000190734863,900
2017-05-30,7.599999904632568,7.599999904632568,7.5,7.5,13200
2017-05-31,7.599999904632568,7.769999980926514,7.550000190734863,7.75,10900
2017-06-01,8.0,8.0,7.730000019073486,7.75,1600
2017-06-02,8.0,8.0,7.699999809265137,8.0,14300
2017-06-05,8.0,8.0,7.849999904632568,7.900000095367432,1100
2017-06-06,7.800000190734863,8.0,7.599999904632568,7.800000190734863,25100
2017-06-07,7.900000095367432,8.0,7.800000190734863,7.900000095367432,31900
2017-06-08,7.599999904632568,7.949999809265137,7.599999904632568,7.800000190734863,10000
2017-06-09,7.800000190734863,8.0,7.75,8.0,4000
2017-06-12,7.75,7.75,7.75,7.75,400
2017-06-13,7.900000095367432,7.900000095367432,7.650000095367432,7.849999904632568,18900
2017-06-14,7.849999904632568,8.0,7.599999904632568,8.0,39900
2017-06-15,7.960000038146973,8.0,7.75,7.849999904632568,8600
2017-06-16,8.0,8.0,7.650000095367432,7.75,39900
2017-06-19,7.800000190734863,7.900000095367432,7.800000190734863,7.900000095367432,3400
2017-06-20,7.75,8.0,7.75,8.0,4500
2017-06-21,8.0,8.0,7.699999809265137,7.949999809265137,5000
2017-06-22,7.900000095367432,8.0,7.849999904632568,8.0,16100
2017-06-23,8.0,8.0,7.949999809265137,8.0,3300
2017-06-26,8.0,8.0,7.949999809265137,7.949999809265137,4000
2017-06-27,7.949999809265137,7.949999809265137,7.949999809265137,7.949999809265137,1500
2017-06-28,7.849999904632568,7.849999904632568,7.650000095367432,7.699999809265137,9000
2017-06-29,7.699999809265137,7.949999809265137,7.610000133514404,7.949999809265137,5200
2017-06-30,7.699999809265137,8.0,7.699999809265137,8.0,6200
2017-07-03,7.949999809265137,8.0,7.949999809265137,8.0,9400
2017-07-05,8.0,8.0,8.0,8.0,0
2017-07-06,7.699999809265137,7.800000190734863,7.699999809265137,7.800000190734863,600
2017-07-07,7.730000019073486,7.78000020980835,7.730000019073486,7.78000020980835,800
2017-07-10,7.739999771118164,7.800000190734863,7.739999771118164,7.800000190734863,600
2017-07-11,7.699999809265137,7.849999904632568,7.679999828338623,7.800000190734863,12400
2017-07-12,7.75,7.75,7.75,7.75,1800
2017-07-13,7.800000190734863,7.800000190734863,7.800000190734863,7.800000190734863,3000
2017-07-14,7.849999904632568,7.900000095367432,7.849999904632568,7.849999904632568,2500
2017-07-17,7.849999904632568,7.849999904632568,7.5,7.599999904632568,11300
2017-07-18,7.650000095367432,7.800000190734863,7.599999904632568,7.699999809265137,18400
2017-07-19,7.730000019073486,7.929999828338623,7.730000019073486,7.900000095367432,9200
2017-07-20,7.75,7.949999809265137,7.699999809265137,7.800000190734863,47400
2017-07-21,7.760000228881836,7.900000095367432,7.75,7.900000095367432,3600
2017-07-24,7.900000095367432,8.029999732971191,7.900000095367432,8.0,9000
2017-07-25,8.0,8.0,7.75,7.75,9600
2017-07-26,7.650000095367432,7.900000095367432,7.599999904632568,7.800000190734863,7900
2017-07-27,7.599999904632568,7.949999809265137,7.599999904632568,7.949999809265137,4300
2017-07-28,7.75,7.900000095367432,7.599999904632568,7.900000095367432,4300
2017-07-31,7.849999904632568,7.929999828338623,7.800000190734863,7.929999828338623,5200
2017-08-01,7.900000095367432,8.0,7.849999904632568,7.849999904632568,12200
2017-08-02,7.949999809265137,7.96999979019165,7.900000095367432,7.949999809265137,5700
2017-08-03,8.0,8.0,7.760000228881836,7.949999809265137,15800
2017-08-04,7.800000190734863,7.900000095367432,7.699999809265137,7.699999809265137,3700
2017-08-07,7.699999809265137,7.75,7.599999904632568,7.699999809265137,3900
2017-08-08,7.699999809265137,7.699999809265137,7.599999904632568,7.599999904632568,4900
2017-08-09,7.650000095367432,7.699999809265137,7.599999904632568,7.599999904632568,3000
2017-08-10,7.599999904632568,7.650000095367432,7.599999904632568,7.650000095367432,14000
2017-08-11,7.699999809265137,8.0,7.699999809265137,7.889999866485596,15200
2017-08-14,7.900000095367432,8.0,7.900000095367432,8.0,11300
2017-08-15,7.900000095367432,8.15999984741211,7.900000095367432,8.149999618530273,39500
2017-08-16,8.199999809265137,8.199999809265137,8.0,8.0,17200
2017-08-17,8.0,8.149999618530273,8.0,8.100000381469727,4700
2017-08-18,8.0,8.149999618530273,8.0,8.149999618530273,4300
2017-08-21,8.100000381469727,8.229999542236328,8.100000381469727,8.199999809265137,5300
2017-08-22,8.25,8.600000381469727,8.25,8.449999809265137,10100
2017-08-23,8.5,8.550000190734863,8.300000190734863,8.350000381469727,22000
2017-08-24,8.300000190734863,8.699999809265137,8.300000190734863,8.699999809265137,9600
2017-08-25,8.800000190734863,8.800000190734863,8.449999809265137,8.800000190734863,7000
2017-08-28,8.800000190734863,8.899999618530273,8.800000190734863,8.800000190734863,4600
2017-08-29,8.600000381469727,8.75,8.550000190734863,8.550000190734863,10900
2017-08-30,8.619999885559082,8.619999885559082,8.260000228881836,8.350000381469727,8100
2017-08-31,8.350000381469727,8.399999618530273,8.050000190734863,8.100000381469727,6200
2017-09-01,8.199999809265137,8.199999809265137,8.100000381469727,8.199999809265137,4500
2017-09-05,8.25,8.350000381469727,8.25,8.300000190734863,4300
2017-09-06,8.300000190734863,8.399999618530273,8.300000190734863,8.300000190734863,3800
2017-09-07,8.300000190734863,8.399999618530273,8.300000190734863,8.300000190734863,4300
2017-09-08,8.350000381469727,8.399999618530273,8.300000190734863,8.350000381469727,3900
2017-09-11,8.399999618530273,8.399999618530273,8.300000190734863,8.350000381469727,5000
2017-09-12,8.300000190734863,8.300000190734863,8.300000190734863,8.300000190734863,900
2017-09-13,8.300000190734863,8.350000381469727,8.300000190734863,8.350000381469727,3000
2017-09-14,8.350000381469727,8.600000381469727,8.350000381469727,8.399999618530273,1600
2017-09-15,8.399999618530273,8.649999618530273,8.300000190734863,8.649999618530273,26400
2017-09-18,8.649999618530273,8.899999618530273,8.649999618530273,8.899999618530273,17300
2017-09-19,8.800000190734863,8.819999694824219,8.649999618530273,8.649999618530273,11400
2017-09-20,8.800000190734863,8.800000190734863,8.600000381469727,8.600000381469727,4100
2017-09-21,8.699999809265137,8.949999809265137,8.649999618530273,8.649999618530273,9000
2017-09-22,8.949999809265137,8.949999809265137,8.949999809265137,8.949999809265137,300
2017-09-25,8.800000190734863,8.800000190734863,8.5,8.5,4700
2017-09-26,8.5600004196167,8.5600004196167,8.5,8.5,400
2017-09-27,8.5,8.5,8.5,8.5,0
2017-09-28,8.949999809265137,8.949999809265137,8.670000076293945,8.789999961853027,1200
2017-09-29,8.600000381469727,8.75,8.5,8.5,7300
2017-10-02,8.449999809265137,8.550000190734863,8.449999809265137,8.550000190734863,1600
2017-10-03,8.600000381469727,8.609999656677246,8.489999771118164,8.5,28800
2017-10-04,8.399999618530273,8.449999809265137,8.399999618530273,8.449999809265137,2000
2017-10-05,8.449999809265137,8.550000190734863,8.300000190734863,8.550000190734863,4500
2017-10-06,8.470000267028809,8.640000343322754,8.470000267028809,8.550000190734863,6900
2017-10-09,8.550000190734863,8.550000190734863,8.550000190734863,8.550000190734863,0
2017-10-10,8.75,8.75,8.649999618530273,8.649999618530273,1700
2017-10-11,8.600000381469727,8.699999809265137,8.5,8.550000190734863,3800
2017-10-12,8.520000457763672,8.520000457763672,8.399999618530273,8.399999618530273,5600
2017-10-13,8.5,8.5,8.399999618530273,8.449999809265137,1000
2017-10-16,8.449999809265137,8.449999809265137,8.25,8.25,7800
2017-10-17,8.220000267028809,8.449999809265137,8.199999809265137,8.25,6500
2017-10-18,8.25,8.25,8.199999809265137,8.25,3900
2017-10-19,8.300000190734863,8.5,8.199999809265137,8.5,7200
2017-10-20,8.25,8.34000015258789,8.199999809265137,8.300000190734863,4200
2017-10-23,8.300000190734863,8.350000381469727,8.100000381469727,8.100000381469727,5000
2017-10-24,8.050000190734863,8.25,8.050000190734863,8.149999618530273,1600
2017-10-25,8.149999618530273,8.199999809265137,8.0,8.0,5200
2017-10-26,8.180000305175781,8.180000305175781,8.09000015258789,8.100000381469727,1200
2017-10-27,8.25,8.300000190734863,8.100000381469727,8.300000190734863,1200
2017-10-30,8.09000015258789,8.09000015258789,8.0,8.050000190734863,2800
2017-10-31,8.050000190734863,8.350000381469727,8.0,8.350000381469727,21200
2017-11-01,8.399999618530273,8.40999984741211,8.260000228881836,8.350000381469727,15500
2017-11-02,8.359999656677246,8.449999809265137,8.359999656677246,8.399999618530273,4600
2017-11-03,8.300000190734863,8.350000381469727,8.25,8.270000457763672,3500
2017-11-06,8.289999961853027,8.350000381469727,8.25,8.25,1400
2017-11-07,8.25,8.300000190734863,8.25,8.25,14900
2017-11-08,8.350000381469727,8.399999618530273,8.300000190734863,8.350000381469727,3300
2017-11-09,8.3100004196167,8.5,8.3100004196167,8.5,11200
2017-11-10,8.550000190734863,8.600000381469727,8.449999809265137,8.449999809265137,4300
2017-11-13,8.350000381469727,8.5,8.350000381469727,8.5,12400
2017-11-14,8.550000190734863,8.600000381469727,8.449999809265137,8.600000381469727,18200
2017-11-15,8.600000381469727,8.649999618530273,8.5,8.649999618530273,8700
2017-11-16,8.649999618530273,8.699999809265137,8.649999618530273,8.699999809265137,2300
2017-11-17,8.75,8.949999809265137,8.75,8.949999809265137,11200
2017-11-20,8.890000343322754,8.930000305175781,8.600000381469727,8.800000190734863,7000
2017-11-21,8.8100004196167,8.850000381469727,8.6899995803833,8.699999809265137,4300
2017-11-22,8.600000381469727,8.850000381469727,8.600000381469727,8.850000381469727,6900
2017-11-24,8.930000305175781,8.949999809265137,8.899999618530273,8.949999809265137,3600
2017-11-27,8.9399995803833,8.949999809265137,8.819999694824219,8.819999694824219,4900
2017-11-28,8.949999809265137,9.0,8.899999618530273,9.0,6300
2017-11-29,9.0,9.319999694824219,9.0,9.25,18100
2017-11-30,9.289999961853027,9.300000190734863,9.100000381469727,9.100000381469727,6400
2017-12-01,9.149999618530273,9.25,9.050000190734863,9.25,18000
2017-12-04,9.199999809265137,9.300000190734863,9.100000381469727,9.300000190734863,10900
2017-12-05,9.300000190734863,9.300000190734863,9.199999809265137,9.25,5700
2017-12-06,9.220000267028809,9.300000190734863,9.199999809265137,9.300000190734863,14900
2017-12-07,9.199999809265137,9.300000190734863,9.149999618530273,9.25,11400
2017-12-08,9.300000190734863,9.350000381469727,9.199999809265137,9.199999809265137,3600
2017-12-11,8.899999618530273,9.100000381469727,8.899999618530273,9.100000381469727,14700
2017-12-12,9.119999885559082,9.25,9.100000381469727,9.199999809265137,23600
2017-12-13,9.210000038146973,9.25,9.149999618530273,9.199999809265137,6400
2017-12-14,9.25,9.25,9.229999542236328,9.25,2000
2017-12-15,9.109999656677246,9.199999809265137,9.0,9.0,4800
2017-12-18,9.25,9.25,8.649999618530273,8.699999809265137,8300
2017-12-19,8.850000381469727,8.850000381469727,8.550000190734863,8.800000190734863,8300
2017-12-20,8.75,9.149999618530273,8.449999809265137,8.899999618530273,33600
2017-12-21,8.949999809265137,9.0,8.5,8.800000190734863,23600
2017-12-22,8.800000190734863,8.899999618530273,8.649999618530273,8.899999618530273,3900
2017-12-26,8.75,8.949999809265137,8.649999618530273,8.649999618530273,10700
2017-12-27,8.859999656677246,8.899999618530273,8.760000228881836,8.850000381469727,1900
2017-12-28,8.899999618530273,8.899999618530273,8.850000381469727,8.899999618530273,3600
2017-12-29,8.949999809265137,9.350000381469727,8.930000305175781,9.0,3200
2018-01-02,9.0,9.010000228881836,8.899999618530273,8.899999618530273,5000
2018-01-03,8.949999809265137,9.020000457763672,8.899999618530273,8.899999618530273,10000
2018-01-04,8.75,9.050000190734863,8.75,9.050000190734863,33300
2018-01-05,9.079999923706055,9.199999809265137,9.0,9.0,6900
2018-01-08,9.0,9.100000381469727,9.0,9.050000190734863,6200
2018-01-09,9.0,9.050000190734863,8.949999809265137,8.949999809265137,5500
2018-01-10,8.949999809265137,9.050000190734863,8.869999885559082,9.0,5200
2018-01-11,9.100000381469727,9.100000381469727,8.9399995803833,9.029999732971191,39000
2018-01-12,8.899999618530273,9.100000381469727,8.899999618530273,9.050000190734863,12300
2018-01-16,9.050000190734863,9.100000381469727,9.0,9.050000190734863,7400
2018-01-17,9.050000190734863,9.050000190734863,9.0,9.029999732971191,1800
2018-01-18,9.0,9.100000381469727,9.0,9.100000381469727,800
2018-01-19,9.079999923706055,9.100000381469727,9.079999923706055,9.100000381469727,2400
2018-01-22,9.100000381469727,9.149999618530273,9.079999923706055,9.149999618530273,9700
2018-01-23,9.199999809265137,9.399999618530273,9.180000305175781,9.3100004196167,7700
2018-01-24,9.350000381469727,9.350000381469727,9.270000457763672,9.300000190734863,2400
2018-01-25,9.329999923706055,9.329999923706055,9.25,9.279999732971191,1400
2018-01-26,9.25,9.25,9.180000305175781,9.229999542236328,1500
2018-01-29,9.100000381469727,9.199999809265137,8.949999809265137,9.0,19900
2018-01-30,9.0,9.050000190734863,8.949999809265137,9.029999732971191,2700
2018-01-31,9.149999618530273,9.149999618530273,9.050000190734863,9.050000190734863,2000
2018-02-01,9.100000381469727,9.199999809265137,9.100000381469727,9.199999809265137,3600
2018-02-02,9.149999618530273,9.149999618530273,9.0,9.0,7400
2018-02-05,9.029999732971191,9.029999732971191,8.399999618530273,8.399999618530273,13900
2018-02-06,8.5,8.550000190734863,8.449999809265137,8.550000190734863,5600
2018-02-07,8.600000381469727,8.600000381469727,8.449999809265137,8.5,2600
2018-02-08,8.550000190734863,8.550000190734863,8.449999809265137,8.5,600
2018-02-09,8.369999885559082,8.550000190734863,8.300000190734863,8.550000190734863,14700
2018-02-12,8.600000381469727,9.300000190734863,8.449999809265137,8.5,7600
2018-02-13,8.600000381469727,8.600000381469727,8.600000381469727,8.600000381469727,600
2018-02-14,8.5,8.699999809265137,8.5,8.699999809265137,900
2018-02-15,8.729999542236328,8.729999542236328,8.670000076293945,8.729999542236328,600
2018-02-16,8.729999542236328,8.729999542236328,8.699999809265137,8.729999542236328,2000
2018-02-20,8.699999809265137,8.75,8.699999809265137,8.699999809265137,2600
2018-02-21,8.699999809265137,9.109999656677246,8.699999809265137,8.75,1200
2018-02-22,8.800000190734863,8.949999809265137,8.800000190734863,8.850000381469727,16600
2018-02-23,8.899999618530273,9.300000190734863,8.899999618530273,8.970000267028809,6000
2018-02-26,8.949999809265137,8.949999809265137,8.800000190734863,8.899999618530273,5200
2018-02-27,8.800000190734863,9.0,8.800000190734863,8.949999809265137,3000
2018-02-28,9.0,9.0,8.800000190734863,8.850000381469727,5400
2018-03-01,8.779999732971191,8.949999809265137,8.699999809265137,8.850000381469727,4400
2018-03-02,8.75,8.949999809265137,8.75,8.850000381469727,6700
2018-03-05,8.899999618530273,8.899999618530273,8.899999618530273,8.899999618530273,400
2018-03-06,8.949999809265137,8.949999809265137,8.800000190734863,8.800000190734863,5000
2018-03-07,8.850000381469727,8.850000381469727,8.699999809265137,8.699999809265137,2100
2018-03-08,8.75,8.800000190734863,8.449999809265137,8.800000190734863,4800
2018-03-09,8.800000190734863,8.850000381469727,8.5,8.5,3500
2018-03-12,8.600000381469727,8.800000190734863,8.600000381469727,8.699999809265137,5300
2018-03-13,8.800000190734863,8.800000190734863,8.75,8.75,3000
2018-03-14,8.800000190734863,8.850000381469727,8.800000190734863,8.850000381469727,3000
2018-03-15,8.899999618530273,8.899999618530273,8.729999542236328,8.75,4400
2018-03-16,8.75,8.800000190734863,8.699999809265137,8.699999809265137,2500
2018-03-19,8.649999618530273,9.149999618530273,8.649999618530273,9.0,37300
2018-03-20,8.899999618530273,9.149999618530273,8.710000038146973,9.100000381469727,43300
2018-03-21,9.0,9.100000381469727,9.0,9.029999732971191,1000
2018-03-22,9.0,9.050000190734863,8.930000305175781,9.0,7400
2018-03-23,9.020000457763672,9.100000381469727,9.020000457763672,9.100000381469727,19600
2018-03-26,9.199999809265137,9.199999809265137,9.0,9.149999618530273,5700
2018-03-27,9.199999809265137,9.199999809265137,9.199999809265137,9.199999809265137,100
2018-03-28,9.100000381469727,9.100000381469727,9.050000190734863,9.050000190734863,5600
2018-03-29,9.149999618530273,9.149999618530273,8.949999809265137,9.100000381469727,11100
2018-04-02,9.050000190734863,9.050000190734863,8.899999618530273,9.0,5000
2018-04-03,9.0,9.100000381469727,9.0,9.0,1400
2018-04-04,9.0,9.050000190734863,8.75,8.880000114440918,18800
2018-04-05,9.0,9.0,8.979999542236328,8.979999542236328,600
2018-04-06,9.0,9.010000228881836,8.899999618530273,9.0,9700
2018-04-09,9.0,9.100000381469727,9.0,9.050000190734863,5200
2018-04-10,8.949999809265137,9.100000381469727,8.949999809265137,9.100000381469727,3500
2018-04-11,9.100000381469727,9.100000381469727,8.920000076293945,9.100000381469727,3800
2018-04-12,9.100000381469727,9.100000381469727,8.930000305175781,9.050000190734863,3100
2018-04-13,9.100000381469727,9.100000381469727,9.0,9.0,2500
2018-04-16,9.199999809265137,9.199999809265137,9.050000190734863,9.050000190734863,1700
2018-04-17,9.0,9.050000190734863,8.899999618530273,8.949999809265137,19900
2018-04-18,8.949999809265137,8.970000267028809,8.899999618530273,8.899999618530273,14100
2018-04-19,8.920000076293945,9.0,8.899999618530273,8.949999809265137,10300
2018-04-20,8.899999618530273,9.050000190734863,8.899999618530273,9.0,10300
2018-04-23,9.0,9.050000190734863,8.949999809265137,9.0,28600
2018-04-24,8.899999618530273,9.050000190734863,8.899999618530273,9.050000190734863,9400
2018-04-25,9.050000190734863,9.149999618530273,9.020000457763672,9.149999618530273,10400
2018-04-26,9.149999618530273,9.149999618530273,9.0,9.0,2800
2018-04-27,9.079999923706055,9.100000381469727,9.050000190734863,9.050000190734863,6200
2018-04-30,9.050000190734863,9.100000381469727,9.0,9.100000381469727,2000
2018-05-01,9.100000381469727,9.149999618530273,9.0,9.149999618530273,4800
2018-05-02,9.15999984741211,9.180000305175781,9.050000190734863,9.100000381469727,3000
2018-05-03,9.149999618530273,9.149999618530273,9.100000381469727,9.100000381469727,700
2018-05-04,9.050000190734863,9.100000381469727,9.020000457763672,9.100000381469727,600
2018-05-07,9.100000381469727,9.100000381469727,9.100000381469727,9.100000381469727,0
2018-05-08,9.149999618530273,9.199999809265137,9.149999618530273,9.199999809265137,2400
2018-05-09,9.170000076293945,9.25,9.149999618530273,9.25,16800
2018-05-10,9.199999809265137,9.800000190734863,9.199999809265137,9.699999809265137,26900
2018-05-11,9.75,9.75,9.649999618530273,9.699999809265137,14900
2018-05-14,9.649999618530273,9.699999809265137,9.550000190734863,9.550000190734863,6500
2018-05-15,9.579999923706055,9.630000114440918,9.579999923706055,9.630000114440918,500
2018-05-16,9.600000381469727,9.649999618530273,9.600000381469727,9.649999618530273,900
2018-05-17,9.609999656677246,9.649999618530273,9.609999656677246,9.649999618530273,300
2018-05-18,9.630000114440918,9.649999618530273,9.550000190734863,9.649999618530273,3200
2018-05-21,9.609999656677246,9.609999656677246,9.609999656677246,9.609999656677246,600
2018-05-22,9.600000381469727,9.699999809265137,9.600000381469727,9.699999809265137,800
2018-05-23,9.699999809265137,9.699999809265137,9.699999809265137,9.699999809265137,0
2018-05-24,9.550000190734863,9.699999809265137,9.550000190734863,9.579999923706055,5600
2018-05-25,9.600000381469727,9.649999618530273,9.5,9.600000381469727,15800
2018-05-29,9.5,9.649999618530273,9.199999809265137,9.600000381469727,9600
2018-05-30,9.720000267028809,9.869999885559082,9.600000381469727,9.649999618530273,15500
2018-05-31,9.770000457763672,9.859999656677246,9.449999809265137,9.449999809265137,12100
2018-06-01,9.600000381469727,9.649999618530273,9.5,9.600000381469727,4300
2018-06-04,9.569999694824219,9.649999618530273,9.5,9.5,3000
2018-06-05,9.5,9.600000381469727,9.449999809265137,9.600000381469727,3500
2018-06-06,9.649999618530273,9.75,9.649999618530273,9.699999809265137,8700
2018-06-07,9.729999542236328,9.729999542236328,9.449999809265137,9.600000381469727,9500
2018-06-08,9.600000381469727,9.649999618530273,9.600000381469727,9.600000381469727,1100
2018-06-11,9.649999618530273,9.649999618530273,9.600000381469727,9.649999618530273,3000
2018-06-12,9.739999771118164,9.899999618530273,9.720000267028809,9.859999656677246,31300
2018-06-13,9.899999618530273,10.430000305175781,9.880000114440918,10.0,14600
2018-06-14,10.25,10.25,9.720000267028809,9.789999961853027,7700
2018-06-15,9.699999809265137,10.0,9.5,9.550000190734863,3500
2018-06-18,9.550000190734863,10.050000190734863,9.550000190734863,9.699999809265137,6200
2018-06-19,9.550000190734863,9.649999618530273,9.350000381469727,9.399999618530273,9800
2018-06-20,9.399999618530273,9.5,9.25,9.5,10000
2018-06-21,9.449999809265137,9.550000190734863,9.399999618530273,9.520000457763672,4900
2018-06-22,9.449999809265137,9.449999809265137,9.449999809265137,9.449999809265137,3300
2018-06-25,9.369999885559082,9.5,9.369999885559082,9.449999809265137,1400
2018-06-26,9.300000190734863,9.5,9.0,9.5,58500
2018-06-27,9.5,9.5,9.100000381469727,9.399999618530273,3100
2018-06-28,9.260000228881836,9.350000381469727,9.25,9.350000381469727,2100
2018-06-29,9.25,9.449999809265137,9.149999618530273,9.350000381469727,28700
2018-07-02,9.199999809265137,9.199999809265137,9.050000190734863,9.100000381469727,10900
2018-07-03,9.100000381469727,9.149999618530273,9.100000381469727,9.149999618530273,6200
2018-07-05,9.100000381469727,9.239999771118164,9.100000381469727,9.149999618530273,9600
2018-07-06,9.25,9.25,9.149999618530273,9.199999809265137,1400
2018-07-09,9.149999618530273,9.149999618530273,9.149999618530273,9.149999618530273,700
2018-07-10,9.199999809265137,9.25,9.149999618530273,9.149999618530273,14500
2018-07-11,9.149999618530273,9.149999618530273,9.100000381469727,9.149999618530273,1400
2018-07-12,9.170000076293945,9.300000190734863,9.149999618530273,9.25,18700
2018-07-13,9.25,9.270000457763672,9.180000305175781,9.199999809265137,19500
2018-07-16,9.199999809265137,9.25,9.199999809265137,9.199999809265137,1100
2018-07-17,9.229999542236328,9.300000190734863,9.229999542236328,9.300000190734863,4800
2018-07-18,9.199999809265137,9.319999694824219,9.199999809265137,9.199999809265137,4800
2018-07-19,9.199999809265137,9.25,9.149999618530273,9.149999618530273,900
2018-07-20,9.199999809265137,9.699999809265137,9.149999618530273,9.199999809265137,13200
2018-07-23,9.25,9.25,9.25,9.25,900
2018-07-24,9.300000190734863,9.350000381469727,9.300000190734863,9.300000190734863,15500
2018-07-25,9.300000190734863,9.300000190734863,9.300000190734863,9.300000190734863,0
2018-07-26,9.300000190734863,9.300000190734863,9.100000381469727,9.25,15900
2018-07-27,9.25,9.25,9.149999618530273,9.199999809265137,9400
2018-07-30,9.149999618530273,9.149999618530273,9.0,9.050000190734863,11600
2018-07-31,9.100000381469727,9.100000381469727,9.050000190734863,9.050000190734863,25300
2018-08-01,9.100000381469727,9.100000381469727,9.100000381469727,9.100000381469727,9500
2018-08-02,9.100000381469727,9.100000381469727,9.09000015258789,9.100000381469727,600
2018-08-03,9.100000381469727,9.100000381469727,9.050000190734863,9.100000381469727,1400
2018-08-06,9.079999923706055,9.100000381469727,9.069999694824219,9.079999923706055,1800
2018-08-07,9.0,9.0,8.960000038146973,9.0,15200
2018-08-08,9.050000190734863,9.25,9.050000190734863,9.25,900
2018-08-09,9.199999809265137,9.199999809265137,9.100000381469727,9.199999809265137,9600
2018-08-10,9.15999984741211,9.199999809265137,9.15999984741211,9.199999809265137,800
2018-08-13,9.149999618530273,9.25,9.119999885559082,9.25,5800
2018-08-14,9.25,9.25,9.199999809265137,9.199999809265137,11300
2018-08-15,9.149999618530273,9.300000190734863,9.149999618530273,9.300000190734863,1700
2018-08-16,9.25,9.350000381469727,9.25,9.279999732971191,5100
2018-08-17,9.25,9.300000190734863,9.199999809265137,9.25,2100
2018-08-20,9.149999618530273,9.319999694824219,9.149999618530273,9.300000190734863,1200
2018-08-21,9.319999694824219,9.319999694824219,9.25,9.25,8200
2018-08-22,9.300000190734863,9.300000190734863,9.25,9.25,1400
2018-08-23,9.199999809265137,9.199999809265137,9.149999618530273,9.199999809265137,2700
2018-08-24,9.300000190734863,9.300000190734863,9.210000038146973,9.210000038146973,3100
2018-08-27,9.25,9.25,9.199999809265137,9.199999809265137,2000
2018-08-28,9.199999809265137,9.199999809265137,9.199999809265137,9.199999809265137,0
2018-08-29,9.199999809265137,9.199999809265137,9.199999809265137,9.199999809265137,1300
2018-08-30,9.220000267028809,9.220000267028809,9.199999809265137,9.199999809265137,500
2018-08-31,9.199999809265137,9.25,9.149999618530273,9.25,2700
2018-09-04,9.25,9.25,9.25,9.25,1100
2018-09-05,9.25,9.25,9.25,9.25,0
2018-09-06,9.25,9.25,9.199999809265137,9.25,3200
2018-09-07,9.220000267028809,9.229999542236328,9.199999809265137,9.199999809265137,3300
2018-09-10,9.300000190734863,9.300000190734863,9.149999618530273,9.300000190734863,18600
2018-09-11,9.350000381469727,9.350000381469727,9.199999809265137,9.199999809265137,9100
2018-09-12,9.149999618530273,9.300000190734863,9.149999618530273,9.300000190734863,13500
2018-09-13,9.25,9.600000381469727,9.25,9.279999732971191,12300
2018-09-14,9.25,9.319999694824219,9.149999618530273,9.199999809265137,5200
2018-09-17,9.149999618530273,9.300000190734863,9.149999618530273,9.199999809265137,1500
2018-09-18,9.149999618530273,9.300000190734863,9.100000381469727,9.199999809265137,6200
2018-09-19,9.100000381469727,9.199999809265137,9.100000381469727,9.100000381469727,3000
2018-09-20,9.149999618530273,9.25,9.149999618530273,9.199999809265137,6100
2018-09-21,9.149999618530273,9.199999809265137,9.149999618530273,9.199999809265137,6300
2018-09-24,9.199999809265137,9.229999542236328,9.100000381469727,9.170000076293945,6000
2018-09-25,9.220000267028809,9.300000190734863,9.149999618530273,9.210000038146973,3000
2018-09-26,9.199999809265137,9.199999809265137,9.100000381469727,9.170000076293945,10500
2018-09-27,9.180000305175781,9.199999809265137,9.180000305175781,9.199999809265137,500
2018-09-28,9.149999618530273,9.25,9.100000381469727,9.100000381469727,5100
2018-10-01,9.1899995803833,9.1899995803833,9.119999885559082,9.119999885559082,1400
2018-10-02,9.100000381469727,9.25,8.880000114440918,9.199999809265137,26000
2018-10-03,9.149999618530273,9.239999771118164,9.149999618530273,9.239999771118164,2000
2018-10-04,9.239999771118164,9.470000267028809,9.210000038146973,9.300000190734863,7800
2018-10-05,9.390000343322754,9.390000343322754,9.100000381469727,9.149999618530273,4200
2018-10-08,9.149999618530273,9.5,9.100000381469727,9.119999885559082,9300
2018-10-09,9.170000076293945,9.199999809265137,9.109999656677246,9.170000076293945,12000
2018-10-10,9.199999809265137,9.420000076293945,9.100000381469727,9.100000381469727,10100
2018-10-11,9.15999984741211,9.430000305175781,9.109999656677246,9.199999809265137,13400
2018-10-12,9.25,9.25,9.010000228881836,9.15999984741211,10100
2018-10-15,9.119999885559082,9.270000457763672,9.119999885559082,9.270000457763672,2700
2018-10-16,9.270000457763672,9.270000457763672,9.180000305175781,9.180000305175781,1000
2018-10-17,9.1899995803833,9.239999771118164,9.109999656677246,9.239999771118164,5300
2018-10-18,9.1899995803833,9.1899995803833,9.100000381469727,9.109999656677246,2400
2018-10-19,9.149999618530273,9.149999618530273,9.0600004196167,9.149999618530273,7400
2018-10-22,9.1899995803833,9.279999732971191,9.140000343322754,9.149999618530273,3100
2018-10-23,9.149999618530273,9.149999618530273,9.140000343322754,9.140000343322754,2000
2018-10-24,9.119999885559082,9.149999618530273,9.039999961853027,9.130000114440918,6300
2018-10-25,9.109999656677246,9.119999885559082,9.0600004196167,9.119999885559082,3600
2018-10-26,9.119999885559082,9.119999885559082,8.930000305175781,8.949999809265137,13000
2018-10-29,9.09000015258789,9.09000015258789,8.9399995803833,8.9399995803833,7400
2018-10-30,8.949999809265137,9.079999923706055,8.930000305175781,9.079999923706055,12300
2018-10-31,9.149999618530273,9.199999809265137,9.069999694824219,9.140000343322754,17200
2018-11-01,9.100000381469727,9.100000381469727,9.09000015258789,9.09000015258789,2500
2018-11-02,9.109999656677246,9.109999656677246,8.979999542236328,8.979999542236328,1600
2018-11-05,8.949999809265137,8.949999809265137,8.930000305175781,8.930000305175781,4900
2018-11-06,8.920000076293945,8.949999809265137,8.890000343322754,8.899999618530273,6800
2018-11-07,8.850000381469727,9.0,8.850000381469727,8.890000343322754,13100
2018-11-08,8.949999809265137,8.949999809265137,8.890000343322754,8.890000343322754,7900
2018-11-09,8.930000305175781,9.0,8.819999694824219,9.0,11100
2018-11-12,8.930000305175781,8.949999809265137,8.859999656677246,8.859999656677246,9600
2018-11-13,8.829999923706055,8.930000305175781,8.829999923706055,8.930000305175781,300
2018-11-14,8.869999885559082,8.869999885559082,8.760000228881836,8.760000228881836,2300
2018-11-15,8.680000305175781,8.819999694824219,8.569999694824219,8.819999694824219,8000
2018-11-16,8.720000267028809,8.800000190734863,8.699999809265137,8.699999809265137,900
2018-11-19,8.829999923706055,9.100000381469727,8.829999923706055,8.850000381469727,19800
2018-11-20,8.850000381469727,9.229999542236328,8.680000305175781,9.109999656677246,18300
2018-11-21,9.119999885559082,9.119999885559082,8.600000381469727,8.899999618530273,7000
2018-11-23,8.979999542236328,8.979999542236328,8.949999809265137,8.949999809265137,1300
2018-11-26,9.0,9.0,8.75,8.789999961853027,7300
2018-11-27,8.75,8.800000190734863,8.699999809265137,8.739999771118164,7200
2018-11-28,8.84000015258789,8.84000015258789,8.710000038146973,8.739999771118164,8800
2018-11-29,8.890000343322754,8.989999771118164,8.710000038146973,8.739999771118164,8600
2018-11-30,8.789999961853027,8.979999542236328,8.680000305175781,8.680000305175781,10700
2018-12-03,8.6899995803833,8.84000015258789,8.680000305175781,8.800000190734863,11800
2018-12-04,9.0,9.0,8.800000190734863,8.8100004196167,11100
2018-12-06,8.8100004196167,8.920000076293945,8.800000190734863,8.800000190734863,12700
2018-12-07,9.0,9.0,8.819999694824219,8.890000343322754,3100
2018-12-10,8.8100004196167,8.8100004196167,8.569999694824219,8.569999694824219,5600
2018-12-11,9.039999961853027,9.3100004196167,8.899999618530273,9.020000457763672,98400
2018-12-12,9.09000015258789,9.5,9.09000015258789,9.25,16100
2018-12-13,9.220000267028809,9.4399995803833,8.319999694824219,9.149999618530273,17300
2018-12-14,9.050000190734863,9.050000190734863,9.0,9.0,10600
2018-12-17,9.0,9.039999961853027,9.0,9.010000228881836,8000
2018-12-18,9.039999961853027,9.079999923706055,8.899999618530273,8.899999618530273,4000
2018-12-19,9.010000228881836,9.079999923706055,8.970000267028809,8.989999771118164,5700
2018-12-20,9.069999694824219,9.069999694824219,8.930000305175781,8.960000038146973,4200
2018-12-21,8.989999771118164,8.989999771118164,8.75,8.75,18100
2018-12-24,8.920000076293945,8.920000076293945,8.779999732971191,8.8100004196167,4800
2018-12-26,8.75,8.850000381469727,8.75,8.800000190734863,2800
2018-12-27,8.789999961853027,8.899999618530273,8.710000038146973,8.859999656677246,5900
2018-12-28,8.930000305175781,8.930000305175781,8.729999542236328,8.90999984741211,4200
2018-12-31,8.949999809265137,8.949999809265137,8.75,8.75,2400
2019-01-02,8.75,8.8100004196167,8.680000305175781,8.789999961853027,4600
2019-01-03,8.84000015258789,8.84000015258789,8.670000076293945,8.739999771118164,1700
2019-01-04,8.710000038146973,8.710000038146973,8.369999885559082,8.710000038146973,16900
2019-01-07,8.670000076293945,8.670000076293945,8.5600004196167,8.649999618530273,3700
2019-01-08,8.649999618530273,8.649999618530273,8.579999923706055,8.59000015258789,7600
2019-01-09,8.550000190734863,8.699999809265137,8.520000457763672,8.670000076293945,15200
2019-01-10,8.670000076293945,8.6899995803833,8.5,8.640000343322754,10400
2019-01-11,8.630000114440918,8.699999809265137,8.5,8.6899995803833,8400
2019-01-14,8.600000381469727,8.640000343322754,8.600000381469727,8.600000381469727,2600
2019-01-15,8.59000015258789,8.59000015258789,8.59000015258789,8.59000015258789,500
2019-01-16,8.600000381469727,8.600000381469727,8.550000190734863,8.550000190734863,1800
2019-01-17,8.59000015258789,8.699999809265137,8.59000015258789,8.65999984741211,11600
2019-01-18,8.6899995803833,8.699999809265137,8.609999656677246,8.630000114440918,5300
2019-01-22,8.619999885559082,8.6899995803833,8.600000381469727,8.600000381469727,2400
2019-01-23,8.609999656677246,8.680000305175781,8.609999656677246,8.680000305175781,1400
2019-01-24,8.600000381469727,8.640000343322754,8.529999732971191,8.630000114440918,19200
2019-01-25,8.600000381469727,8.649999618530273,8.529999732971191,8.529999732971191,11100
2019-01-28,8.550000190734863,8.649999618530273,8.529999732971191,8.640000343322754,13300
2019-01-29,8.529999732971191,8.819999694824219,8.529999732971191,8.819999694824219,20100
2019-01-30,8.779999732971191,8.890000343322754,8.699999809265137,8.699999809265137,8700
2019-01-31,8.630000114440918,8.84000015258789,8.630000114440918,8.739999771118164,7800
2019-02-01,8.609999656677246,8.739999771118164,8.609999656677246,8.739999771118164,1900
2019-02-04,8.640000343322754,8.649999618530273,8.630000114440918,8.649999618530273,7900
2019-02-05,8.649999618530273,8.880000114440918,8.649999618530273,8.75,11600
2019-02-06,8.699999809265137,8.699999809265137,8.6899995803833,8.699999809265137,4400
2019-02-07,8.699999809265137,8.699999809265137,8.699999809265137,8.699999809265137,100
2019-02-08,8.640000343322754,8.699999809265137,8.640000343322754,8.6899995803833,2200
2019-02-11,8.699999809265137,8.699999809265137,8.649999618530273,8.680000305175781,4200
2019-02-12,8.699999809265137,8.699999809265137,8.680000305175781,8.699999809265137,7000
2019-02-13,8.699999809265137,8.699999809265137,8.699999809265137,8.699999809265137,0
2019-02-14,8.699999809265137,8.739999771118164,8.600000381469727,8.640000343322754,10700
2019-02-15,8.6899995803833,8.729999542236328,8.6899995803833,8.699999809265137,2500
2019-02-19,8.699999809265137,8.729999542236328,8.6899995803833,8.6899995803833,12600
2019-02-20,8.6899995803833,8.699999809265137,8.619999885559082,8.619999885559082,18300
2019-02-21,8.649999618530273,8.649999618530273,8.579999923706055,8.579999923706055,4100
2019-02-22,8.5600004196167,8.619999885559082,8.550000190734863,8.600000381469727,9200
2019-02-25,8.640000343322754,8.649999618530273,8.5600004196167,8.600000381469727,4000
2019-02-26,8.640000343322754,8.649999618530273,8.550000190734863,8.550000190734863,11800
2019-02-27,8.539999961853027,8.649999618530273,8.5,8.600000381469727,35800
2019-02-28,8.600000381469727,8.640000343322754,8.569999694824219,8.640000343322754,19800
2019-03-01,8.649999618530273,8.739999771118164,8.630000114440918,8.699999809265137,18900
2019-03-04,8.680000305175781,8.680000305175781,8.619999885559082,8.649999618530273,1400
2019-03-05,8.649999618530273,8.649999618530273,8.460000038146973,8.630000114440918,26200
2019-03-06,8.630000114440918,8.649999618530273,8.3100004196167,8.3100004196167,7500
2019-03-07,8.449999809265137,8.5600004196167,8.430000305175781,8.529999732971191,5100
2019-03-08,8.59000015258789,8.920000076293945,8.569999694824219,8.800000190734863,48300
2019-03-11,8.75,8.75,8.430000305175781,8.699999809265137,28500
2019-03-12,8.699999809265137,8.84000015258789,8.600000381469727,8.84000015258789,56800
2019-03-13,8.770000457763672,8.84000015258789,8.760000228881836,8.819999694824219,10100
2019-03-14,8.75,8.850000381469727,8.729999542236328,8.75,13000
2019-03-15,8.75,8.800000190734863,8.739999771118164,8.75,41600
2019-03-18,8.8100004196167,9.0,8.75,8.989999771118164,34300
2019-03-19,8.949999809265137,8.949999809265137,8.760000228881836,8.8100004196167,21800
2019-03-20,8.8100004196167,8.829999923706055,8.739999771118164,8.75,4700
2019-03-21,8.739999771118164,8.869999885559082,8.739999771118164,8.859999656677246,2600
2019-03-22,8.800000190734863,8.829999923706055,8.789999961853027,8.789999961853027,8300
2019-03-25,8.829999923706055,8.829999923706055,8.760000228881836,8.779999732971191,5100
2019-03-26,8.789999961853027,8.800000190734863,8.779999732971191,8.789999961853027,12600
2019-03-27,8.789999961853027,8.789999961853027,8.789999961853027,8.789999961853027,100
2019-03-28,8.800000190734863,8.800000190734863,8.739999771118164,8.789999961853027,10600
2019-03-29,8.789999961853027,8.789999961853027,8.779999732971191,8.789999961853027,3000
2019-04-01,8.779999732971191,8.779999732971191,8.779999732971191,8.779999732971191,1600
2019-04-02,8.800000190734863,8.899999618530273,8.789999961853027,8.899999618530273,19900
2019-04-03,8.890000343322754,8.899999618530273,8.859999656677246,8.869999885559082,6600
2019-04-04,8.8100004196167,8.869999885559082,8.8100004196167,8.869999885559082,3100
2019-04-05,8.890000343322754,8.899999618530273,8.850000381469727,8.899999618530273,9100
2019-04-08,8.899999618530273,8.899999618530273,8.899999618530273,8.899999618530273,1800
2019-04-09,8.899999618530273,9.09000015258789,8.890000343322754,8.989999771118164,41000
2019-04-10,9.0,9.0,8.880000114440918,8.880000114440918,5700
2019-04-11,8.9399995803833,8.9399995803833,8.90999984741211,8.930000305175781,3600
2019-04-12,8.90999984741211,8.90999984741211,8.880000114440918,8.899999618530273,800
2019-04-15,8.920000076293945,8.920000076293945,8.890000343322754,8.90999984741211,2700
2019-04-16,8.920000076293945,9.0,8.90999984741211,8.979999542236328,33500
2019-04-17,8.979999542236328,9.039999961853027,8.949999809265137,8.989999771118164,42200
2019-04-18,9.029999732971191,9.029999732971191,8.970000267028809,9.0,12800
2019-04-22,9.020000457763672,9.020000457763672,8.979999542236328,9.020000457763672,2900
2019-04-23,9.0,9.0,8.869999885559082,8.949999809265137,13200
2019-04-24,8.989999771118164,8.989999771118164,8.949999809265137,8.949999809265137,2200
2019-04-25,9.010000228881836,9.020000457763672,8.989999771118164,8.989999771118164,24700
2019-04-26,9.010000228881836,9.010000228881836,8.880000114440918,8.970000267028809,5800
2019-04-29,8.90999984741211,8.970000267028809,8.90999984741211,8.960000038146973,4500
2019-04-30,8.930000305175781,8.960000038146973,8.90999984741211,8.960000038146973,1900
2019-05-01,8.930000305175781,8.930000305175781,8.899999618530273,8.899999618530273,3700
2019-05-02,8.90999984741211,8.90999984741211,8.8100004196167,8.899999618530273,19400
2019-05-03,8.890000343322754,8.890000343322754,8.779999732971191,8.890000343322754,5300
2019-05-06,8.850000381469727,8.890000343322754,8.84000015258789,8.84000015258789,4300
2019-05-07,8.890000343322754,8.890000343322754,8.880000114440918,8.880000114440918,900
2019-05-08,8.859999656677246,8.890000343322754,8.850000381469727,8.850000381469727,8300
2019-05-09,8.859999656677246,9.020000457763672,8.850000381469727,8.949999809265137,25700
2019-05-10,8.979999542236328,9.020000457763672,8.960000038146973,8.960000038146973,47000
2019-05-13,9.0,9.010000228881836,8.989999771118164,9.0,3000
2019-05-14,8.9399995803833,8.979999542236328,8.770000457763672,8.970000267028809,16600
2019-05-15,9.0,9.0,8.90999984741211,8.90999984741211,11300
2019-05-16,8.90999984741211,9.0,8.90999984741211,8.949999809265137,59700
2019-05-17,8.970000267028809,8.970000267028809,8.960000038146973,8.970000267028809,4700
2019-05-20,8.970000267028809,8.970000267028809,8.949999809265137,8.949999809265137,12400
2019-05-21,8.970000267028809,9.020000457763672,8.960000038146973,8.989999771118164,17500
2019-05-22,9.020000457763672,9.020000457763672,8.989999771118164,9.0,4500
2019-05-23,9.0,9.130000114440918,8.9399995803833,9.069999694824219,119500
2019-05-24,9.050000190734863,9.100000381469727,8.949999809265137,9.029999732971191,46400
2019-05-28,9.0,9.0,8.989999771118164,9.0,8700
2019-05-29,9.029999732971191,9.029999732971191,8.979999542236328,8.979999542236328,40200
2019-05-30,9.0,9.140000343322754,8.989999771118164,9.0600004196167,34700
2019-05-31,9.0,9.039999961853027,9.0,9.0,13300
2019-06-03,9.039999961853027,9.489999771118164,8.989999771118164,9.460000038146973,37700
2019-06-04,9.390000343322754,9.399999618530273,9.270000457763672,9.34000015258789,8600
2019-06-05,9.319999694824219,9.350000381469727,9.220000267028809,9.300000190734863,15400
2019-06-06,9.329999923706055,9.34000015258789,9.289999961853027,9.289999961853027,2300
2019-06-07,9.319999694824219,9.329999923706055,9.289999961853027,9.319999694824219,12000
2019-06-10,9.390000343322754,9.399999618530273,9.329999923706055,9.399999618530273,4400
2019-06-11,9.399999618530273,9.399999618530273,9.279999732971191,9.319999694824219,13200
2019-06-12,9.390000343322754,9.390000343322754,9.34000015258789,9.34000015258789,1100
2019-06-13,9.289999961853027,9.289999961853027,9.130000114440918,9.25,11300
2019-06-14,9.220000267028809,9.220000267028809,9.069999694824219,9.180000305175781,9500
2019-06-17,9.15999984741211,9.15999984741211,8.979999542236328,9.119999885559082,24400
2019-06-18,9.079999923706055,9.15999984741211,9.029999732971191,9.119999885559082,4700
2019-06-19,9.15999984741211,9.15999984741211,9.039999961853027,9.039999961853027,5900
2019-06-20,9.069999694824219,9.15999984741211,9.039999961853027,9.09000015258789,4200
2019-06-21,9.09000015258789,9.180000305175781,9.09000015258789,9.109999656677246,11800
2019-06-24,9.020000457763672,9.149999618530273,8.989999771118164,9.079999923706055,19400
2019-06-25,9.069999694824219,9.100000381469727,9.029999732971191,9.029999732971191,15900
2019-06-26,9.029999732971191,9.079999923706055,9.029999732971191,9.079999923706055,11900
2019-06-27,9.050000190734863,9.079999923706055,9.039999961853027,9.069999694824219,1800
2019-06-28,9.050000190734863,9.119999885559082,9.020000457763672,9.100000381469727,15400
2019-07-01,9.100000381469727,9.180000305175781,9.0600004196167,9.180000305175781,7100
2019-07-02,9.180000305175781,9.180000305175781,9.0600004196167,9.100000381469727,7200
2019-07-03,9.109999656677246,9.119999885559082,9.050000190734863,9.119999885559082,5800
2019-07-05,9.029999732971191,9.029999732971191,8.949999809265137,8.979999542236328,10000
2019-07-08,8.970000267028809,8.970000267028809,8.960000038146973,8.970000267028809,1600
2019-07-09,8.960000038146973,9.020000457763672,8.949999809265137,8.970000267028809,16200
2019-07-10,8.960000038146973,9.010000228881836,8.960000038146973,9.0,28700
2019-07-11,8.989999771118164,9.039999961853027,8.989999771118164,9.0,14300
2019-07-12,8.979999542236328,9.010000228881836,8.949999809265137,8.949999809265137,26400
2019-07-15,9.0,9.0,8.789999961853027,8.9399995803833,39400
2019-07-16,8.90999984741211,8.979999542236328,8.710000038146973,8.779999732971191,48300
2019-07-17,8.880000114440918,8.880000114440918,8.770000457763672,8.770000457763672,15600
2019-07-18,8.880000114440918,8.880000114440918,8.760000228881836,8.84000015258789,7200
2019-07-19,8.880000114440918,8.899999618530273,8.8100004196167,8.890000343322754,11200
2019-07-22,8.90999984741211,8.90999984741211,8.760000228881836,8.829999923706055,11900
2019-07-23,8.829999923706055,8.899999618530273,8.800000190734863,8.800000190734863,6500
2019-07-24,8.850000381469727,8.880000114440918,8.84000015258789,8.880000114440918,2200
2019-07-25,8.850000381469727,8.850000381469727,8.710000038146973,8.779999732971191,8300
2019-07-26,8.75,8.819999694824219,8.739999771118164,8.760000228881836,3300
2019-07-29,8.770000457763672,8.850000381469727,8.619999885559082,8.619999885559082,23100
2019-07-30,8.75,8.890000343322754,8.6899995803833,8.859999656677246,27800
2019-07-31,8.880000114440918,8.890000343322754,8.850000381469727,8.850000381469727,28600
2019-08-01,8.8100004196167,8.8100004196167,8.670000076293945,8.75,8700
2019-08-02,8.6899995803833,8.75,8.649999618530273,8.710000038146973,2700
2019-08-05,8.649999618530273,8.670000076293945,8.449999809265137,8.479999542236328,16600
2019-08-06,8.5600004196167,8.609999656677246,8.3100004196167,8.5,17000
2019-08-07,8.399999618530273,8.489999771118164,8.380000114440918,8.399999618530273,19100
2019-08-08,8.449999809265137,8.5,8.399999618530273,8.4399995803833,8900
2019-08-09,8.359999656677246,8.489999771118164,8.329999923706055,8.449999809265137,3900
2019-08-12,8.40999984741211,8.470000267028809,8.390000343322754,8.430000305175781,3300
2019-08-13,8.4399995803833,8.489999771118164,8.4399995803833,8.489999771118164,2600
2019-08-14,8.4399995803833,8.470000267028809,8.260000228881836,8.289999961853027,4500
2019-08-15,8.329999923706055,8.4399995803833,8.25,8.4399995803833,24000
2019-08-16,8.449999809265137,8.449999809265137,8.430000305175781,8.4399995803833,600
2019-08-19,8.3100004196167,8.449999809265137,8.300000190734863,8.449999809265137,4700
2019-08-20,8.359999656677246,8.380000114440918,8.359999656677246,8.380000114440918,700
2019-08-21,8.359999656677246,8.369999885559082,8.25,8.369999885559082,2900
2019-08-22,8.420000076293945,8.420000076293945,8.350000381469727,8.350000381469727,400
2019-08-23,8.390000343322754,8.390000343322754,8.350000381469727,8.369999885559082,1900
2019-08-26,8.279999732971191,8.390000343322754,8.229999542236328,8.390000343322754,8700
2019-08-27,8.3100004196167,8.34000015258789,8.25,8.25,4600
2019-08-28,8.239999771118164,8.319999694824219,8.140000343322754,8.229999542236328,11100
2019-08-29,8.289999961853027,8.319999694824219,8.229999542236328,8.239999771118164,16700
2019-08-30,8.199999809265137,8.279999732971191,8.199999809265137,8.279999732971191,900
2019-09-03,8.289999961853027,8.289999961853027,8.119999885559082,8.170000076293945,8100
2019-09-04,8.140000343322754,8.229999542236328,7.940000057220459,8.020000457763672,36700
2019-09-05,8.020000457763672,8.100000381469727,7.96999979019165,8.079999923706055,17500
2019-09-06,8.100000381469727,8.199999809265137,7.869999885559082,8.199999809265137,24700
2019-09-09,8.199999809265137,8.449999809265137,8.0600004196167,8.399999618530273,49100
2019-09-10,9.020000457763672,9.479999542236328,8.899999618530273,9.229999542236328,165600
2019-09-11,9.220000267028809,9.220000267028809,8.609999656677246,8.710000038146973,27800
2019-09-12,8.8100004196167,8.989999771118164,8.8100004196167,8.859999656677246,20300
2019-09-13,8.960000038146973,8.989999771118164,8.640000343322754,8.649999618530273,44000
2019-09-16,9.0,9.0,8.59000015258789,8.970000267028809,117700
2019-09-17,8.979999542236328,9.020000457763672,8.930000305175781,9.0,43100
2019-09-18,9.069999694824219,9.149999618530273,8.989999771118164,9.020000457763672,21800
2019-09-19,9.119999885559082,9.260000228881836,9.119999885559082,9.170000076293945,16000
2019-09-20,9.229999542236328,9.34000015258789,9.119999885559082,9.34000015258789,37900
2019-09-23,9.390000343322754,9.399999618530273,9.270000457763672,9.399999618530273,17100
2019-09-24,9.319999694824219,9.390000343322754,9.15999984741211,9.199999809265137,8000
2019-09-25,9.289999961853027,9.369999885559082,9.260000228881836,9.350000381469727,18700
2019-09-26,9.350000381469727,9.6899995803833,9.319999694824219,9.600000381469727,45500
2019-09-27,9.649999618530273,9.75,9.510000228881836,9.59000015258789,23100
2019-09-30,9.640000343322754,9.670000076293945,9.460000038146973,9.630000114440918,15200
2019-10-01,9.619999885559082,9.670000076293945,9.550000190734863,9.65999984741211,2700
2019-10-02,9.550000190734863,9.65999984741211,9.329999923706055,9.609999656677246,7400
2019-10-03,9.630000114440918,9.649999618530273,9.5,9.569999694824219,9000
2019-10-04,9.5600004196167,9.649999618530273,9.550000190734863,9.600000381469727,16700
2019-10-07,9.5600004196167,9.65999984741211,9.550000190734863,9.630000114440918,30500
2019-10-08,9.5600004196167,9.65999984741211,9.390000343322754,9.65999984741211,16700
2019-10-09,9.630000114440918,9.670000076293945,9.59000015258789,9.619999885559082,2800
2019-10-10,9.619999885559082,9.65999984741211,9.569999694824219,9.569999694824219,800
2019-10-11,9.619999885559082,9.670000076293945,9.470000267028809,9.630000114440918,17500
2019-10-14,9.649999618530273,9.970000267028809,9.630000114440918,9.850000381469727,33100
2019-10-15,9.8100004196167,10.140000343322754,9.8100004196167,9.880000114440918,25400
2019-10-16,9.970000267028809,9.970000267028809,8.8100004196167,8.8100004196167,18700
2019-10-17,8.920000076293945,9.470000267028809,8.880000114440918,9.470000267028809,360700
2019-10-18,9.390000343322754,9.470000267028809,8.9399995803833,9.09000015258789,17900
2019-10-21,9.220000267028809,9.220000267028809,8.75,9.079999923706055,62800
2019-10-22,9.180000305175781,9.180000305175781,8.890000343322754,8.9399995803833,11600
2019-10-23,8.979999542236328,9.119999885559082,8.979999542236328,9.119999885559082,8500
2019-10-24,9.220000267028809,9.319999694824219,9.130000114440918,9.140000343322754,3600
2019-10-25,9.210000038146973,9.390000343322754,9.010000228881836,9.180000305175781,12100
2019-10-28,9.210000038146973,9.270000457763672,8.960000038146973,9.270000457763672,3800
2019-10-29,9.010000228881836,9.0600004196167,8.949999809265137,9.010000228881836,5700
2019-10-30,9.100000381469727,9.100000381469727,8.850000381469727,8.960000038146973,5300
2019-10-31,9.050000190734863,9.050000190734863,8.829999923706055,8.979999542236328,5500
2019-11-01,8.930000305175781,8.930000305175781,8.619999885559082,8.789999961853027,7600
2019-11-04,8.720000267028809,8.930000305175781,8.680000305175781,8.930000305175781,18600
2019-11-05,8.979999542236328,9.140000343322754,8.979999542236328,9.140000343322754,5700
2019-11-06,9.140000343322754,9.220000267028809,9.100000381469727,9.210000038146973,7500
2019-11-07,9.109999656677246,9.489999771118164,8.9399995803833,9.180000305175781,53300
2019-11-08,9.170000076293945,9.229999542236328,9.0,9.0600004196167,8300
2019-11-11,9.100000381469727,9.140000343322754,9.09000015258789,9.09000015258789,1200
2019-11-12,9.0600004196167,9.40999984741211,9.0600004196167,9.199999809265137,4100
2019-11-13,9.359999656677246,9.359999656677246,8.979999542236328,9.010000228881836,13600
2019-11-14,9.130000114440918,9.130000114440918,9.0,9.010000228881836,3200
2019-11-15,9.050000190734863,9.050000190734863,8.989999771118164,9.010000228881836,8100
2019-11-18,9.0,9.140000343322754,8.880000114440918,9.119999885559082,33700
2019-11-19,9.180000305175781,9.180000305175781,8.9399995803833,9.020000457763672,15000
2019-11-20,9.050000190734863,9.5,9.0,9.029999732971191,46400
2019-11-21,9.0,9.130000114440918,9.0,9.010000228881836,2200
2019-11-22,9.0,9.119999885559082,8.800000190734863,8.850000381469727,12200
2019-11-25,8.800000190734863,9.0,8.789999961853027,8.890000343322754,17400
2019-11-26,8.890000343322754,9.119999885559082,8.890000343322754,9.09000015258789,5400
2019-11-27,9.050000190734863,9.050000190734863,8.989999771118164,9.050000190734863,3600
2019-11-29,9.010000228881836,9.140000343322754,8.989999771118164,9.140000343322754,4700
2019-12-02,9.079999923706055,9.109999656677246,9.010000228881836,9.010000228881836,1600
2019-12-03,9.050000190734863,9.130000114440918,9.029999732971191,9.130000114440918,8300
2019-12-04,9.100000381469727,9.119999885559082,9.0,9.0,5200
2019-12-05,9.09000015258789,9.289999961853027,9.020000457763672,9.289999961853027,7800
2019-12-06,9.210000038146973,9.5,9.100000381469727,9.100000381469727,6800
2019-12-09,9.289999961853027,9.380000114440918,9.119999885559082,9.119999885559082,4900
2019-12-10,8.920000076293945,9.4399995803833,8.75,9.4399995803833,47100
2019-12-11,9.100000381469727,9.34000015258789,8.970000267028809,9.289999961853027,9800
2019-12-12,9.199999809265137,9.3100004196167,9.140000343322754,9.199999809265137,8000
2019-12-13,9.199999809265137,9.300000190734863,8.989999771118164,9.300000190734863,9300
2019-12-16,9.25,9.25,9.0,9.0,12600
2019-12-17,9.25,9.25,8.84000015258789,9.0,12900
2019-12-18,9.0600004196167,9.239999771118164,8.899999618530273,8.90999984741211,9300
2019-12-19,8.9399995803833,8.9399995803833,7.949999809265137,8.520000457763672,14300
2019-12-20,8.470000267028809,9.010000228881836,8.279999732971191,8.850000381469727,17800
2019-12-23,8.8100004196167,9.09000015258789,8.670000076293945,8.850000381469727,11200
2019-12-24,9.210000038146973,9.289999961853027,9.0,9.020000457763672,8500
2019-12-26,9.020000457763672,9.289999961853027,9.020000457763672,9.199999809265137,7700
2019-12-27,9.300000190734863,9.300000190734863,9.199999809265137,9.25,9700
2019-12-30,9.069999694824219,9.300000190734863,9.069999694824219,9.239999771118164,8800
2019-12-31,9.289999961853027,9.680000305175781,9.25,9.380000114440918,20100
2020-01-02,9.350000381469727,9.359999656677246,9.220000267028809,9.220000267028809,3700
2020-01-03,9.239999771118164,9.260000228881836,8.770000457763672,9.079999923706055,16500
2020-01-06,9.149999618530273,9.260000228881836,9.039999961853027,9.260000228881836,3600
2020-01-07,9.199999809265137,9.220000267028809,9.15999984741211,9.199999809265137,3400
2020-01-08,9.289999961853027,9.319999694824219,9.1899995803833,9.319999694824219,2700
2020-01-09,9.300000190734863,9.300000190734863,9.300000190734863,9.300000190734863,200
2020-01-10,9.149999618530273,9.329999923706055,9.149999618530273,9.329999923706055,3500
2020-01-13,9.25,9.25,9.229999542236328,9.25,2800
2020-01-14,9.289999961853027,9.329999923706055,9.1899995803833,9.1899995803833,5500
2020-01-15,9.149999618530273,9.199999809265137,9.149999618530273,9.199999809265137,2100
2020-01-16,9.25,9.329999923706055,9.149999618530273,9.170000076293945,60100
2020-01-17,9.239999771118164,9.25,9.239999771118164,9.239999771118164,2200
2020-01-21,9.239999771118164,9.239999771118164,9.100000381469727,9.149999618530273,11900
2020-01-22,9.210000038146973,9.239999771118164,9.180000305175781,9.1899995803833,6100
2020-01-23,9.239999771118164,9.239999771118164,9.170000076293945,9.170000076293945,400
2020-01-24,9.239999771118164,9.239999771118164,9.0600004196167,9.229999542236328,5000
2020-01-27,9.1899995803833,9.1899995803833,9.069999694824219,9.069999694824219,2200
2020-01-28,9.229999542236328,9.229999542236328,9.180000305175781,9.1899995803833,2000
2020-01-29,9.1899995803833,9.1899995803833,8.979999542236328,9.0,7500
2020-01-30,9.119999885559082,9.119999885559082,8.960000038146973,9.09000015258789,5400
2020-01-31,9.0,9.029999732971191,8.90999984741211,9.029999732971191,250100
2020-02-03,9.079999923706055,9.100000381469727,8.979999542236328,9.0,5500
2020-02-04,9.029999732971191,9.029999732971191,8.710000038146973,8.880000114440918,12700
2020-02-05,9.039999961853027,9.050000190734863,8.979999542236328,9.020000457763672,8000
2020-02-06,9.069999694824219,9.09000015258789,8.979999542236328,9.010000228881836,24900
2020-02-07,9.0,9.09000015258789,8.670000076293945,8.8100004196167,27500
2020-02-10,9.100000381469727,9.100000381469727,8.729999542236328,9.039999961853027,17600
2020-02-11,8.800000190734863,9.140000343322754,8.800000190734863,8.9399995803833,11600
2020-02-12,8.899999618530273,9.140000343322754,8.819999694824219,8.989999771118164,14400
2020-02-13,8.90999984741211,8.989999771118164,8.84000015258789,8.979999542236328,7800
2020-02-14,8.859999656677246,8.970000267028809,8.789999961853027,8.899999618530273,17700
2020-02-18,8.819999694824219,8.84000015258789,8.609999656677246,8.699999809265137,26600
2020-02-19,8.649999618530273,8.84000015258789,8.649999618530273,8.75,25300
2020-02-20,8.760000228881836,8.770000457763672,8.699999809265137,8.75,8100
2020-02-21,8.720000267028809,8.949999809265137,8.699999809265137,8.699999809265137,10300
2020-02-24,8.65999984741211,8.75,8.470000267028809,8.729999542236328,17200
2020-02-25,8.720000267028809,9.100000381469727,8.630000114440918,8.75,14800
2020-02-26,8.75,9.149999618530273,8.65999984741211,8.920000076293945,18300
2020-02-27,8.920000076293945,8.920000076293945,8.710000038146973,8.710000038146973,11600
2020-02-28,8.550000190734863,8.75,8.350000381469727,8.729999542236328,15600
2020-03-02,8.699999809265137,8.850000381469727,8.520000457763672,8.739999771118164,13800
2020-03-03,8.729999542236328,8.970000267028809,8.649999618530273,8.800000190734863,18100
2020-03-04,8.800000190734863,8.8100004196167,8.569999694824219,8.569999694824219,9200
2020-03-05,8.539999961853027,8.899999618530273,8.479999542236328,8.899999618530273,16200
2020-03-06,8.6899995803833,8.899999618530273,8.520000457763672,8.8100004196167,7300
2020-03-09,8.699999809265137,8.710000038146973,8.300000190734863,8.449999809265137,10600
2020-03-10,8.40999984741211,8.890000343322754,8.34000015258789,8.880000114440918,16600
2020-03-11,8.84000015258789,8.84000015258789,8.119999885559082,8.670000076293945,17700
2020-03-12,8.579999923706055,8.789999961853027,8.300000190734863,8.5,2600
2020-03-13,8.390000343322754,8.489999771118164,8.210000038146973,8.210000038146973,6800
2020-03-16,8.029999732971191,8.199999809265137,8.0,8.0,1600
2020-03-17,7.769999980926514,8.119999885559082,7.710000038146973,7.889999866485596,3000
2020-03-18,7.150000095367432,7.25,6.849999904632568,7.0,3000
2020-03-19,7.170000076293945,7.570000171661377,7.010000228881836,7.5,4200
2020-03-20,7.849999904632568,7.849999904632568,7.010000228881836,7.010000228881836,8800
2020-03-23,7.329999923706055,7.329999923706055,6.53000020980835,6.679999828338623,4400
2020-03-24,7.079999923706055,7.25,6.079999923706055,7.170000076293945,8900
2020-03-25,7.170000076293945,7.699999809265137,7.170000076293945,7.289999961853027,1600
2020-03-26,7.699999809265137,7.739999771118164,7.019999980926514,7.25,1300
2020-03-27,6.849999904632568,7.090000152587891,6.809999942779541,7.090000152587891,1600
2020-03-30,6.579999923706055,6.75,6.190000057220459,6.630000114440918,20300
2020-03-31,6.599999904632568,6.650000095367432,6.039999961853027,6.21999979019165,15700
2020-04-01,6.429999828338623,6.429999828338623,6.429999828338623,6.429999828338623,100
2020-04-02,6.03000020980835,6.400000095367432,6.03000020980835,6.03000020980835,2000
2020-04-03,5.900000095367432,6.099999904632568,5.690000057220459,6.010000228881836,9300
2020-04-06,6.0,6.070000171661377,5.900000095367432,5.96999979019165,2600
2020-04-07,6.0,6.070000171661377,6.0,6.070000171661377,4100
2020-04-08,6.0,6.0,6.0,6.0,200
2020-04-09,6.0,6.0,6.0,6.0,3000
2020-04-13,6.03000020980835,6.03000020980835,5.800000190734863,5.800000190734863,14100
2020-04-14,5.920000076293945,6.650000095367432,5.920000076293945,6.349999904632568,22500
2020-04-15,6.150000095367432,6.46999979019165,5.809999942779541,6.199999809265137,3900
2020-04-16,6.099999904632568,6.599999904632568,6.070000171661377,6.170000076293945,3200
2020-04-17,6.150000095367432,6.329999923706055,6.099999904632568,6.099999904632568,3900
2020-04-20,6.099999904632568,6.190000057220459,6.099999904632568,6.190000057220459,500
2020-04-21,6.099999904632568,6.179999828338623,6.050000190734863,6.179999828338623,4600
2020-04-22,6.150000095367432,6.269999980926514,6.0,6.03000020980835,5600
2020-04-23,5.760000228881836,5.789999961853027,5.739999771118164,5.789999961853027,800
2020-04-24,5.949999809265137,6.0,5.590000152587891,5.889999866485596,11800
2020-04-27,5.960000038146973,5.980000019073486,5.53000020980835,5.650000095367432,9800
2020-04-28,5.690000057220459,5.699999809265137,5.510000228881836,5.599999904632568,7100
2020-04-29,5.480000019073486,5.889999866485596,5.480000019073486,5.78000020980835,7700
2020-04-30,5.840000152587891,5.849999904632568,5.699999809265137,5.699999809265137,8000
2020-05-01,5.699999809265137,5.800000190734863,5.320000171661377,5.679999828338623,5900
2020-05-04,5.329999923706055,5.670000076293945,5.090000152587891,5.670000076293945,7400
2020-05-05,5.539999961853027,5.579999923706055,5.300000190734863,5.570000171661377,6100
2020-05-06,5.5,5.670000076293945,5.269999980926514,5.670000076293945,11600
2020-05-07,5.670000076293945,5.670000076293945,5.670000076293945,5.670000076293945,0
2020-05-08,5.670000076293945,5.75,5.670000076293945,5.75,3100
2020-05-11,5.420000076293945,5.75,5.420000076293945,5.5,7900
2020-05-12,5.699999809265137,5.699999809265137,5.369999885559082,5.650000095367432,4600
2020-05-13,5.389999866485596,5.639999866485596,5.360000133514404,5.639999866485596,2200
2020-05-14,5.300000190734863,5.630000114440918,5.0,5.440000057220459,6900
2020-05-15,5.389999866485596,5.75,5.349999904632568,5.590000152587891,7900
2020-05-18,5.289999961853027,5.550000190734863,5.289999961853027,5.53000020980835,1800
2020-05-19,5.449999809265137,5.449999809265137,5.449999809265137,5.449999809265137,1200
2020-05-20,5.449999809265137,5.71999979019165,4.510000228881836,5.550000190734863,28700
2020-05-21,5.550000190734863,5.800000190734863,5.480000019073486,5.650000095367432,10500
2020-05-22,5.650000095367432,5.75,5.559999942779541,5.739999771118164,4000
2020-05-26,5.610000133514404,6.099999904632568,5.539999961853027,5.949999809265137,9100
2020-05-27,5.900000095367432,5.900000095367432,5.199999809265137,5.199999809265137,13900
2020-05-28,5.480000019073486,5.650000095367432,5.210000038146973,5.210000038146973,8000
2020-05-29,5.489999771118164,5.630000114440918,5.210000038146973,5.449999809265137,10500
2020-06-01,5.440000057220459,5.78000020980835,5.429999828338623,5.5,14300
2020-06-02,5.650000095367432,5.699999809265137,5.610000133514404,5.630000114440918,2900
2020-06-03,5.619999885559082,5.71999979019165,5.550000190734863,5.630000114440918,6600
2020-06-04,5.550000190734863,6.099999904632568,5.550000190734863,6.059999942779541,12200
2020-06-05,5.869999885559082,6.400000095367432,5.869999885559082,6.289999961853027,21800
2020-06-08,6.039999961853027,6.25,5.940000057220459,6.059999942779541,18200
2020-06-09,6.150000095367432,6.150000095367432,6.059999942779541,6.090000152587891,3700
2020-06-10,6.090000152587891,6.099999904632568,6.050000190734863,6.090000152587891,6900
2020-06-11,6.099999904632568,6.099999904632568,5.880000114440918,5.880000114440918,2500
2020-06-12,5.760000228881836,5.949999809265137,5.760000228881836,5.800000190734863,4900
2020-06-15,5.75,5.800000190734863,5.75,5.75,1900
2020-06-16,5.699999809265137,5.760000228881836,5.300000190734863,5.300000190734863,7300
2020-06-17,5.349999904632568,5.599999904632568,5.059999942779541,5.300000190734863,14400
2020-06-18,5.039999961853027,5.489999771118164,5.039999961853027,5.369999885559082,4300
2020-06-19,5.369999885559082,5.760000228881836,5.349999904632568,5.670000076293945,4600
2020-06-22,5.510000228881836,5.510000228881836,5.510000228881836,5.510000228881836,1100
2020-06-23,5.78000020980835,5.78000020980835,5.360000133514404,5.699999809265137,6100
2020-06-24,5.670000076293945,5.75,5.400000095367432,5.75,3800
2020-06-25,5.78000020980835,5.78000020980835,5.760000228881836,5.769999980926514,1300
2020-06-26,5.78000020980835,6.0,5.380000114440918,6.0,11900
2020-06-29,5.610000133514404,5.989999771118164,5.53000020980835,5.989999771118164,3800
2020-06-30,5.980000019073486,5.980000019073486,5.53000020980835,5.610000133514404,3300
2020-07-01,5.769999980926514,5.980000019073486,5.769999980926514,5.960000038146973,5500
2020-07-02,5.800000190734863,5.980000019073486,5.800000190734863,5.980000019073486,3800
2020-07-06,5.860000133514404,5.980000019073486,5.860000133514404,5.980000019073486,2500
2020-07-07,5.869999885559082,5.869999885559082,5.75,5.789999961853027,7500
2020-07-08,5.940000057220459,5.940000057220459,5.690000057220459,5.690000057220459,2300
2020-07-09,5.679999828338623,5.880000114440918,5.679999828338623,5.699999809265137,4400
2020-07-10,5.940000057220459,6.0,5.710000038146973,6.0,6900
2020-07-13,5.929999828338623,5.940000057220459,5.909999847412109,5.920000076293945,1700
2020-07-14,5.739999771118164,5.78000020980835,5.650000095367432,5.650000095367432,3000
2020-07-15,5.78000020980835,5.78000020980835,5.650000095367432,5.679999828338623,800
2020-07-16,5.599999904632568,5.75,5.400000095367432,5.5,3400
2020-07-17,5.460000038146973,5.849999904632568,5.460000038146973,5.849999904632568,200
2020-07-20,5.739999771118164,6.0,5.5,6.0,9900
2020-07-21,6.019999980926514,6.019999980926514,5.699999809265137,5.829999923706055,6100
2020-07-22,5.869999885559082,5.949999809265137,5.820000171661377,5.909999847412109,4500
2020-07-23,5.829999923706055,5.980000019073486,5.610000133514404,5.78000020980835,29500
2020-07-24,5.980000019073486,5.980000019073486,5.78000020980835,5.789999961853027,59800
2020-07-27,5.880000114440918,6.0,5.75,5.909999847412109,9600
2020-07-28,5.989999771118164,6.0,5.800000190734863,5.920000076293945,7500
2020-07-29,5.909999847412109,6.079999923706055,5.869999885559082,6.079999923706055,4900
2020-07-30,6.099999904632568,6.239999771118164,6.079999923706055,6.239999771118164,3400
2020-07-31,6.230000019073486,6.230000019073486,5.869999885559082,5.909999847412109,12200
2020-08-03,5.900000095367432,5.989999771118164,5.849999904632568,5.989999771118164,4500
2020-08-04,5.929999828338623,6.059999942779541,5.920000076293945,5.920000076293945,12200
2020-08-05,6.010000228881836,6.019999980926514,5.46999979019165,5.829999923706055,13300
2020-08-06,5.849999904632568,5.869999885559082,5.519999980926514,5.829999923706055,12000
2020-08-07,5.949999809265137,6.0,5.949999809265137,5.949999809265137,6900
2020-08-10,6.119999885559082,6.159999847412109,6.010000228881836,6.159999847412109,9500
2020-08-11,6.079999923706055,6.119999885559082,5.960000038146973,5.96999979019165,3500
2020-08-12,5.960000038146973,5.960000038146973,5.699999809265137,5.849999904632568,14100
2020-08-13,5.860000133514404,5.860000133514404,5.800000190734863,5.840000152587891,3200
2020-08-14,5.849999904632568,5.960000038146973,5.519999980926514,5.960000038146973,26600
2020-08-17,6.03000020980835,6.090000152587891,6.0,6.0,6900
2020-08-18,6.090000152587891,6.159999847412109,6.03000020980835,6.099999904632568,5500
2020-08-19,6.170000076293945,6.170000076293945,5.989999771118164,6.170000076293945,15500
2020-08-20,6.099999904632568,6.099999904632568,5.610000133514404,5.75,27900
2020-08-21,5.739999771118164,5.920000076293945,5.739999771118164,5.909999847412109,6500
2020-08-24,5.75,5.889999866485596,5.71999979019165,5.889999866485596,1600
2020-08-25,5.75,5.75,5.699999809265137,5.699999809265137,6400
2020-08-26,5.739999771118164,5.75,5.670000076293945,5.699999809265137,8500
2020-08-27,5.769999980926514,5.769999980926514,5.670000076293945,5.679999828338623,5000
2020-08-28,5.679999828338623,5.78000020980835,5.670000076293945,5.670000076293945,2900
2020-08-31,5.699999809265137,5.699999809265137,5.329999923706055,5.489999771118164,14600
2020-09-01,5.429999828338623,5.539999961853027,5.400000095367432,5.460000038146973,5900
2020-09-02,5.409999847412109,5.519999980926514,5.360000133514404,5.519999980926514,23300
2020-09-03,5.559999942779541,5.579999923706055,5.420000076293945,5.429999828338623,9400
2020-09-04,5.510000228881836,5.519999980926514,5.449999809265137,5.449999809265137,3100
2020-09-08,5.489999771118164,5.489999771118164,5.420000076293945,5.46999979019165,2400
2020-09-09,5.460000038146973,5.460000038146973,5.349999904632568,5.380000114440918,4000
2020-09-10,5.400000095367432,5.409999847412109,5.21999979019165,5.260000228881836,3800
2020-09-11,5.389999866485596,5.940000057220459,5.389999866485596,5.690000057220459,7500
2020-09-14,5.679999828338623,5.679999828338623,5.46999979019165,5.679999828338623,2500
2020-09-15,5.619999885559082,5.710000038146973,5.619999885559082,5.670000076293945,2300
2020-09-16,5.840000152587891,5.840000152587891,5.78000020980835,5.800000190734863,2000
2020-09-17,5.659999847412109,5.820000171661377,5.630000114440918,5.800000190734863,4300
2020-09-18,5.820000171661377,5.820000171661377,5.389999866485596,5.389999866485596,11300
2020-09-21,5.699999809265137,5.699999809265137,5.46999979019165,5.639999866485596,6800
2020-09-22,5.650000095367432,5.659999847412109,5.559999942779541,5.570000171661377,3500
2020-09-23,5.46999979019165,5.46999979019165,5.179999828338623,5.25,17700
2020-09-24,5.25,5.380000114440918,5.230000019073486,5.349999904632568,4900
2020-09-25,5.380000114440918,5.53000020980835,5.349999904632568,5.389999866485596,6800
2020-09-28,5.630000114440918,5.789999961853027,5.429999828338623,5.789999961853027,8900
2020-09-29,5.730000019073486,5.840000152587891,5.699999809265137,5.800000190734863,5300
2020-09-30,5.579999923706055,5.75,5.559999942779541,5.650000095367432,4100
2020-10-01,5.800000190734863,5.849999904632568,5.559999942779541,5.809999942779541,7700
2020-10-02,5.730000019073486,5.869999885559082,5.639999866485596,5.849999904632568,2200
2020-10-05,5.849999904632568,5.940000057220459,5.75,5.849999904632568,21000
2020-10-06,5.900000095367432,5.96999979019165,5.800000190734863,5.800000190734863,2000
2020-10-07,5.789999961853027,5.849999904632568,5.789999961853027,5.849999904632568,7700
2020-10-08,5.800000190734863,5.880000114440918,5.730000019073486,5.880000114440918,8300
2020-10-09,5.900000095367432,5.900000095367432,5.900000095367432,5.900000095367432,1100
2020-10-12,5.900000095367432,5.900000095367432,5.900000095367432,5.900000095367432,0
2020-10-13,5.800000190734863,5.829999923706055,5.71999979019165,5.760000228881836,5200
2020-10-14,5.690000057220459,5.800000190734863,5.670000076293945,5.800000190734863,2300
2020-10-15,5.699999809265137,5.699999809265137,5.460000038146973,5.599999904632568,2700
2020-10-16,5.739999771118164,5.760000228881836,5.650000095367432,5.75,5400
2020-10-19,5.789999961853027,5.789999961853027,5.789999961853027,5.789999961853027,300
2020-10-20,5.679999828338623,5.78000020980835,5.639999866485596,5.710000038146973,11700
2020-10-21,5.579999923706055,5.579999923706055,5.5,5.5,1900
2020-10-22,5.570000171661377,5.690000057220459,5.570000171661377,5.679999828338623,4200
2020-10-23,5.650000095367432,5.699999809265137,5.650000095367432,5.659999847412109,3900
2020-10-26,5.659999847412109,5.659999847412109,5.659999847412109,5.659999847412109,0
2020-10-27,5.429999828338623,5.5,5.369999885559082,5.429999828338623,5100
2020-10-28,5.300000190734863,5.590000152587891,5.300000190734863,5.5,16400
2020-10-29,5.570000171661377,5.670000076293945,5.429999828338623,5.519999980926514,14700
2020-10-30,5.539999961853027,5.539999961853027,5.539999961853027,5.539999961853027,200
2020-11-02,5.510000228881836,5.510000228881836,5.130000114440918,5.369999885559082,25300
2020-11-03,5.360000133514404,5.480000019073486,5.360000133514404,5.449999809265137,5800
2020-11-04,5.449999809265137,5.449999809265137,5.429999828338623,5.429999828338623,700
2020-11-05,5.510000228881836,5.510000228881836,5.510000228881836,5.510000228881836,500
2020-11-06,5.519999980926514,5.519999980926514,5.519999980926514,5.519999980926514,300
2020-11-09,5.550000190734863,5.550000190734863,5.5,5.510000228881836,12200
2020-11-10,5.610000133514404,5.610000133514404,5.460000038146973,5.460000038146973,900
2020-11-11,5.53000020980835,5.53000020980835,5.53000020980835,5.53000020980835,300
2020-11-12,5.460000038146973,5.460000038146973,5.389999866485596,5.389999866485596,3200
2020-11-13,5.46999979019165,5.5,5.380000114440918,5.380000114440918,5600
2020-11-16,5.489999771118164,5.489999771118164,5.409999847412109,5.409999847412109,2700
2020-11-17,5.389999866485596,5.480000019073486,5.349999904632568,5.440000057220459,4200
2020-11-18,5.400000095367432,5.400000095367432,5.400000095367432,5.400000095367432,300
2020-11-19,5.389999866485596,5.400000095367432,5.25,5.369999885559082,5100
2020-11-20,5.400000095367432,5.400000095367432,5.239999771118164,5.400000095367432,6600
2020-11-23,5.380000114440918,5.440000057220459,5.329999923706055,5.400000095367432,22200
2020-11-24,5.400000095367432,5.570000171661377,5.369999885559082,5.380000114440918,20300
2020-11-25,5.440000057220459,5.449999809265137,5.369999885559082,5.369999885559082,7300
2020-11-27,5.449999809265137,5.449999809265137,5.429999828338623,5.429999828338623,1900
2020-11-30,5.449999809265137,5.78000020980835,5.449999809265137,5.78000020980835,24500
2020-12-01,5.75,5.78000020980835,5.699999809265137,5.769999980926514,6600
2020-12-02,5.659999847412109,5.730000019073486,5.659999847412109,5.710000038146973,3300
2020-12-03,5.639999866485596,5.639999866485596,5.599999904632568,5.610000133514404,1400
2020-12-04,5.679999828338623,5.679999828338623,5.610000133514404,5.670000076293945,1700
2020-12-07,5.78000020980835,6.960000038146973,5.769999980926514,6.199999809265137,267100
2020-12-08,6.099999904632568,6.230000019073486,5.670000076293945,5.820000171661377,23600
2020-12-09,5.769999980926514,6.139999866485596,5.710000038146973,6.0,52600
2020-12-10,6.019999980926514,6.050000190734863,5.909999847412109,5.96999979019165,17500
2020-12-11,6.119999885559082,6.119999885559082,6.0,6.050000190734863,9200
2020-12-14,6.019999980926514,6.079999923706055,5.989999771118164,5.989999771118164,6300
2020-12-15,6.010000228881836,6.050000190734863,5.989999771118164,6.050000190734863,3800
2020-12-16,6.0,6.039999961853027,5.820000171661377,5.820000171661377,9400
2020-12-17,5.820000171661377,6.070000171661377,5.820000171661377,6.03000020980835,15000
2020-12-18,6.070000171661377,6.099999904632568,5.909999847412109,5.909999847412109,24200
2020-12-21,5.929999828338623,6.039999961853027,5.929999828338623,6.0,18300
2020-12-22,6.010000228881836,6.159999847412109,6.0,6.159999847412109,3900
2020-12-23,6.019999980926514,6.159999847412109,6.019999980926514,6.090000152587891,2000
2020-12-24,6.110000133514404,6.170000076293945,6.099999904632568,6.099999904632568,3000
2020-12-28,6.099999904632568,6.139999866485596,6.099999904632568,6.110000133514404,3300
2020-12-29,6.079999923706055,6.099999904632568,6.079999923706055,6.090000152587891,4500
2020-12-30,6.090000152587891,6.159999847412109,6.090000152587891,6.150000095367432,5900
2020-12-31,6.150000095367432,6.150000095367432,6.010000228881836,6.090000152587891,7800
2021-01-04,6.050000190734863,6.150000095367432,6.050000190734863,6.150000095367432,1500
2021-01-05,6.150000095367432,6.199999809265137,6.099999904632568,6.130000114440918,9400
2021-01-06,6.199999809265137,6.199999809265137,6.099999904632568,6.099999904632568,12100
2021-01-07,6.150000095367432,6.170000076293945,6.059999942779541,6.119999885559082,4100
2021-01-08,6.159999847412109,6.159999847412109,6.099999904632568,6.159999847412109,5200
2021-01-11,6.150000095367432,6.179999828338623,6.130000114440918,6.170000076293945,4000
2021-01-12,6.139999866485596,6.269999980926514,6.119999885559082,6.119999885559082,24300
2021-01-13,6.239999771118164,6.510000228881836,6.139999866485596,6.139999866485596,8200
2021-01-14,6.210000038146973,6.420000076293945,6.199999809265137,6.199999809265137,25500
2021-01-15,6.5,6.820000171661377,6.25,6.269999980926514,129300
2021-01-19,6.210000038146973,6.400000095367432,6.050000190734863,6.059999942779541,18200
2021-01-20,6.050000190734863,6.099999904632568,6.050000190734863,6.050000190734863,14000
2021-01-21,6.050000190734863,6.170000076293945,6.050000190734863,6.170000076293945,10400
2021-01-22,6.159999847412109,6.380000114440918,6.130000114440918,6.199999809265137,64600
2021-01-25,6.25,6.389999866485596,6.21999979019165,6.25,10200
2021-01-26,6.25,6.369999885559082,6.210000038146973,6.210000038146973,27900
2021-01-27,6.110000133514404,6.349999904632568,6.070000171661377,6.139999866485596,4500
2021-01-28,6.130000114440918,6.25,6.070000171661377,6.190000057220459,7800
2021-01-29,6.090000152587891,6.289999961853027,6.059999942779541,6.090000152587891,4900
2021-02-01,6.190000057220459,6.289999961853027,6.050000190734863,6.139999866485596,26300
2021-02-02,6.21999979019165,6.320000171661377,6.119999885559082,6.130000114440918,17100
2021-02-03,6.099999904632568,6.239999771118164,6.059999942779541,6.199999809265137,25500
2021-02-04,6.199999809265137,6.210000038146973,6.070000171661377,6.070000171661377,15600
2021-02-05,6.289999961853027,6.289999961853027,6.079999923706055,6.150000095367432,34400
2021-02-08,6.199999809265137,6.199999809265137,6.099999904632568,6.179999828338623,17000
2021-02-09,6.25,6.25,6.130000114440918,6.130000114440918,5900
2021-02-10,6.179999828338623,6.199999809265137,6.079999923706055,6.130000114440918,37100
2021-02-11,6.139999866485596,6.139999866485596,6.079999923706055,6.110000133514404,19300
2021-02-12,6.099999904632568,6.179999828338623,6.070000171661377,6.110000133514404,68500
2021-02-16,6.199999809265137,6.300000190734863,6.159999847412109,6.190000057220459,19600
2021-02-17,6.130000114440918,6.449999809265137,6.130000114440918,6.329999923706055,38500
2021-02-18,6.329999923706055,8.1899995803833,6.25,7.110000133514404,709100
2021-02-19,7.150000095367432,7.5,7.150000095367432,7.320000171661377,34500
2021-02-22,7.329999923706055,7.349999904632568,7.110000133514404,7.170000076293945,9900
2021-02-23,7.21999979019165,7.21999979019165,6.590000152587891,7.0,16500
2021-02-24,6.980000019073486,7.769999980926514,6.550000190734863,7.039999961853027,121200
2021-02-25,7.050000190734863,7.269999980926514,6.710000038146973,6.800000190734863,6500
2021-02-26,7.010000228881836,7.010000228881836,6.610000133514404,6.610000133514404,13800
2021-03-01,6.710000038146973,7.300000190734863,6.710000038146973,7.230000019073486,24300
2021-03-02,6.989999771118164,7.0,6.900000095367432,6.960000038146973,6300
2021-03-03,6.980000019073486,7.079999923706055,6.980000019073486,7.079999923706055,6000
2021-03-04,6.980000019073486,6.989999771118164,6.71999979019165,6.989999771118164,16400
2021-03-05,6.960000038146973,7.0,6.769999980926514,6.940000057220459,7800
2021-03-08,6.949999809265137,7.25,6.889999866485596,7.239999771118164,19000
2021-03-09,7.25,7.25,6.949999809265137,6.96999979019165,5100
2021-03-10,7.0,7.0,6.929999828338623,7.0,4400
2021-03-11,6.940000057220459,7.039999961853027,6.849999904632568,6.849999904632568,14100
2021-03-12,6.920000076293945,7.0,6.849999904632568,6.920000076293945,2700
2021-03-15,6.96999979019165,6.96999979019165,6.75,6.800000190734863,3900
2021-03-16,6.71999979019165,6.769999980926514,6.420000076293945,6.519999980926514,6400
2021-03-17,6.610000133514404,6.800000190734863,6.550000190734863,6.550000190734863,6000
2021-03-18,6.5,6.78000020980835,6.400000095367432,6.610000133514404,28100
2021-03-19,6.610000133514404,6.690000057220459,6.5,6.510000228881836,16300
2021-03-22,6.610000133514404,6.679999828338623,6.570000171661377,6.650000095367432,4200
2021-03-23,6.480000019073486,6.599999904632568,6.480000019073486,6.5,9900
2021-03-24,6.429999828338623,6.630000114440918,6.400000095367432,6.559999942779541,16300
2021-03-25,6.440000057220459,6.789999961853027,6.300000190734863,6.789999961853027,12200
2021-03-26,6.860000133514404,6.860000133514404,6.309999942779541,6.369999885559082,22700
2021-03-29,6.449999809265137,6.449999809265137,6.230000019073486,6.349999904632568,16900
2021-03-30,6.159999847412109,6.300000190734863,6.0,6.03000020980835,16000
2021-03-31,6.190000057220459,6.300000190734863,6.0,6.079999923706055,104000
2021-04-01,6.210000038146973,6.389999866485596,6.190000057220459,6.349999904632568,7200
2021-04-05,6.420000076293945,6.519999980926514,6.25,6.25,10700
2021-04-06,6.389999866485596,6.510000228881836,6.260000228881836,6.320000171661377,4400
2021-04-07,6.380000114440918,6.380000114440918,6.130000114440918,6.150000095367432,9700
2021-04-08,6.519999980926514,6.519999980926514,6.070000171661377,6.150000095367432,7000
2021-04-09,6.389999866485596,6.480000019073486,6.260000228881836,6.329999923706055,4900
2021-04-12,6.119999885559082,6.510000228881836,6.059999942779541,6.150000095367432,6100
2021-04-13,6.400000095367432,6.440000057220459,6.050000190734863,6.079999923706055,6000
2021-04-14,6.050000190734863,6.429999828338623,6.050000190734863,6.210000038146973,3800
2021-04-15,6.21999979019165,6.449999809265137,6.099999904632568,6.099999904632568,3600
2021-04-16,6.269999980926514,6.329999923706055,6.099999904632568,6.199999809265137,8200
2021-04-19,6.380000114440918,6.75,6.239999771118164,6.369999885559082,59600
2021-04-20,6.480000019073486,6.5,6.28000020980835,6.320000171661377,31500
2021-04-21,6.409999847412109,6.679999828338623,6.400000095367432,6.53000020980835,12700
2021-04-22,6.5,6.75,6.5,6.699999809265137,4200
2021-04-23,6.699999809265137,6.699999809265137,6.579999923706055,6.610000133514404,10200
2021-04-26,6.619999885559082,6.690000057220459,6.409999847412109,6.670000076293945,8800
2021-04-27,6.650000095367432,6.650000095367432,6.480000019073486,6.480000019073486,2000
2021-04-28,6.420000076293945,6.639999866485596,6.420000076293945,6.570000171661377,14100
2021-04-29,6.650000095367432,6.690000057220459,6.449999809265137,6.449999809265137,8500
2021-04-30,6.550000190734863,6.579999923706055,6.389999866485596,6.480000019073486,5300
2021-05-03,6.5,6.590000152587891,6.21999979019165,6.389999866485596,21100
2021-05-04,6.46999979019165,6.46999979019165,6.389999866485596,6.389999866485596,500
2021-05-05,6.309999942779541,6.539999961853027,6.21999979019165,6.380000114440918,10600
2021-05-06,6.429999828338623,6.429999828338623,6.210000038146973,6.25,18700
2021-05-07,6.210000038146973,6.449999809265137,6.210000038146973,6.429999828338623,6200
2021-05-10,6.489999771118164,6.75,6.159999847412109,6.190000057220459,87100
2021-05-11,6.440000057220459,6.440000057220459,5.989999771118164,5.989999771118164,13700
2021-05-12,6.03000020980835,6.369999885559082,6.010000228881836,6.309999942779541,8000
2021-05-13,6.190000057220459,6.400000095367432,5.769999980926514,6.400000095367432,55000
2021-05-14,6.400000095367432,6.630000114440918,6.400000095367432,6.429999828338623,4500
2021-05-17,6.400000095367432,6.619999885559082,6.400000095367432,6.519999980926514,9400
2021-05-18,6.619999885559082,6.75,6.510000228881836,6.75,8100
2021-05-19,6.619999885559082,6.730000019073486,6.599999904632568,6.71999979019165,4300
2021-05-20,6.71999979019165,6.75,6.699999809265137,6.75,8700
2021-05-21,6.75,7.019999980926514,6.699999809265137,6.800000190734863,18200
2021-05-24,7.0,7.0,6.900000095367432,7.0,5300
2021-05-25,7.0,7.110000133514404,6.630000114440918,6.699999809265137,20400
2021-05-26,6.789999961853027,6.800000190734863,6.699999809265137,6.699999809265137,1300
2021-05-27,7.070000171661377,7.070000171661377,6.789999961853027,6.789999961853027,700
2021-05-28,6.900000095367432,6.980000019073486,6.519999980926514,6.670000076293945,5300
2021-06-01,6.940000057220459,6.940000057220459,6.650000095367432,6.710000038146973,3700
2021-06-02,6.710000038146973,6.75,6.5,6.75,3500
2021-06-03,6.699999809265137,7.0,6.699999809265137,7.0,4500
2021-06-04,6.550000190734863,7.0,6.519999980926514,6.980000019073486,17800
2021-06-07,6.980000019073486,7.070000171661377,6.949999809265137,7.0,14900
2021-06-08,7.0,7.090000152587891,6.889999866485596,6.889999866485596,8700
2021-06-09,6.960000038146973,7.619999885559082,6.900000095367432,7.199999809265137,49900
2021-06-10,7.099999904632568,7.25,7.03000020980835,7.230000019073486,4400
2021-06-11,7.139999866485596,7.28000020980835,7.050000190734863,7.170000076293945,3700
2021-06-14,7.070000171661377,7.300000190734863,7.059999942779541,7.139999866485596,8700
2021-06-15,7.070000171661377,7.300000190734863,7.070000171661377,7.139999866485596,11600
2021-06-16,7.139999866485596,7.150000095367432,7.050000190734863,7.050000190734863,24300
2021-06-17,7.150000095367432,7.150000095367432,6.860000133514404,7.03000020980835,46800
2021-06-18,6.880000114440918,7.090000152587891,6.389999866485596,6.940000057220459,109600
2021-06-21,6.820000171661377,6.949999809265137,6.550000190734863,6.699999809265137,38200
2021-06-22,6.789999961853027,6.920000076293945,6.599999904632568,6.820000171661377,18200
2021-06-23,6.559999942779541,7.039999961853027,6.539999961853027,7.0,7600
2021-06-24,7.059999942779541,7.059999942779541,6.989999771118164,6.989999771118164,800
2021-06-25,7.099999904632568,7.099999904632568,6.300000190734863,6.300000190734863,42400
2021-06-28,6.28000020980835,6.730000019073486,6.28000020980835,6.690000057220459,16200
2021-06-29,6.730000019073486,6.840000152587891,6.730000019073486,6.760000228881836,3000
2021-06-30,6.800000190734863,6.849999904632568,6.599999904632568,6.670000076293945,17700
2021-07-01,6.630000114440918,6.829999923706055,6.630000114440918,6.71999979019165,4800
2021-07-02,6.789999961853027,6.880000114440918,6.739999771118164,6.760000228881836,8600
2021-07-06,6.900000095367432,6.920000076293945,6.769999980926514,6.860000133514404,5900
2021-07-07,7.199999809265137,7.53000020980835,6.619999885559082,6.699999809265137,150700
2021-07-08,6.800000190734863,6.96999979019165,6.590000152587891,6.670000076293945,6900
2021-07-09,6.809999942779541,7.0,6.639999866485596,7.0,17300
2021-07-12,6.980000019073486,7.039999961853027,6.869999885559082,7.0,3800
2021-07-13,6.949999809265137,7.050000190734863,6.849999904632568,6.989999771118164,3100
2021-07-14,6.989999771118164,6.989999771118164,6.769999980926514,6.800000190734863,7300
2021-07-15,6.800000190734863,6.940000057220459,6.769999980926514,6.920000076293945,8100
2021-07-16,7.019999980926514,7.050000190734863,6.949999809265137,6.949999809265137,6200
2021-07-19,6.920000076293945,6.920000076293945,6.760000228881836,6.760000228881836,5900
2021-07-20,6.75,7.050000190734863,6.75,6.889999866485596,13700
2021-07-21,7.010000228881836,7.050000190734863,6.960000038146973,7.0,4600
2021-07-22,7.050000190734863,7.440000057220459,7.03000020980835,7.190000057220459,55500
2021-07-23,7.199999809265137,7.25,7.019999980926514,7.110000133514404,6100
2021-07-26,7.019999980926514,7.179999828338623,6.96999979019165,6.96999979019165,7100
2021-07-27,6.900000095367432,7.039999961853027,6.900000095367432,6.960000038146973,8200
2021-07-28,6.960000038146973,7.0,6.889999866485596,7.0,4700
2021-07-29,7.0,7.0,7.0,7.0,2000
2021-07-30,6.880000114440918,7.0,6.789999961853027,6.889999866485596,6900
2021-08-02,6.690000057220459,6.989999771118164,6.690000057220459,6.900000095367432,51900
2021-08-03,6.920000076293945,6.929999828338623,6.75,6.75,1300
2021-08-04,6.800000190734863,6.889999866485596,6.800000190734863,6.800000190734863,1600
2021-08-05,6.78000020980835,6.929999828338623,6.53000020980835,6.849999904632568,32100
2021-08-06,6.929999828338623,7.03000020980835,6.849999904632568,6.980000019073486,10500
2021-08-09,7.119999885559082,7.119999885559082,6.96999979019165,7.099999904632568,4500
2021-08-10,7.0,7.0,6.809999942779541,6.849999904632568,6800
2021-08-11,6.96999979019165,7.0,6.789999961853027,6.989999771118164,17000
2021-08-12,6.980000019073486,7.0,6.900000095367432,6.900000095367432,12800
2021-08-13,6.980000019073486,6.989999771118164,6.909999847412109,6.909999847412109,4900
2021-08-16,6.880000114440918,6.960000038146973,6.630000114440918,6.889999866485596,6500
2021-08-17,6.960000038146973,6.960000038146973,6.789999961853027,6.849999904632568,6000
2021-08-18,6.829999923706055,6.940000057220459,6.559999942779541,6.940000057220459,31100
2021-08-19,6.849999904632568,6.960000038146973,6.800000190734863,6.960000038146973,12200
2021-08-20,6.900000095367432,6.960000038146973,6.889999866485596,6.960000038146973,10600
2021-08-23,7.0,7.119999885559082,7.0,7.050000190734863,5900
2021-08-24,7.070000171661377,7.099999904632568,6.929999828338623,7.090000152587891,2600
2021-08-25,7.099999904632568,7.099999904632568,7.03000020980835,7.03000020980835,1800
2021-08-26,7.0,7.0,6.960000038146973,6.980000019073486,3000
2021-08-27,7.0,7.099999904632568,6.960000038146973,7.0,45000
2021-08-30,7.099999904632568,7.099999904632568,7.079999923706055,7.079999923706055,1300
2021-08-31,7.099999904632568,7.099999904632568,7.019999980926514,7.019999980926514,3400
2021-09-01,6.960000038146973,7.03000020980835,6.960000038146973,7.019999980926514,13500
2021-09-02,7.03000020980835,7.099999904632568,7.010000228881836,7.070000171661377,6100
2021-09-03,7.090000152587891,7.099999904632568,7.039999961853027,7.099999904632568,2300
2021-09-07,7.099999904632568,7.150000095367432,7.050000190734863,7.050000190734863,11300
2021-09-08,7.75,8.199999809265137,7.099999904632568,7.489999771118164,677900
2021-09-09,7.489999771118164,7.71999979019165,7.179999828338623,7.400000095367432,55400
2021-09-10,7.400000095367432,7.599999904632568,7.199999809265137,7.389999866485596,113800
2021-09-13,7.449999809265137,7.5,7.440000057220459,7.5,33500
2021-09-14,7.75,7.75,7.400000095367432,7.510000228881836,22500
2021-09-15,7.519999980926514,7.75,7.460000038146973,7.75,19100
2021-09-16,7.75,7.849999904632568,7.579999923706055,7.75,10900
2021-09-17,7.690000057220459,7.840000152587891,7.679999828338623,7.78000020980835,44200
2021-09-20,7.730000019073486,7.849999904632568,7.619999885559082,7.71999979019165,21800
2021-09-21,7.639999866485596,7.820000171661377,7.619999885559082,7.619999885559082,7300
2021-09-22,7.659999847412109,7.809999942779541,7.659999847412109,7.699999809265137,7000
2021-09-23,7.699999809265137,7.829999923706055,7.699999809265137,7.769999980926514,7500
2021-09-24,7.71999979019165,7.980000019073486,7.659999847412109,7.800000190734863,111800
2021-09-27,7.75,7.900000095367432,7.28000020980835,7.650000095367432,30300
2021-09-28,7.960000038146973,7.960000038146973,7.289999961853027,7.429999828338623,13400
2021-09-29,7.46999979019165,7.980000019073486,7.460000038146973,7.5,9000
2021-09-30,7.590000152587891,7.960000038146973,7.579999923706055,7.760000228881836,17800
2021-10-01,7.730000019073486,7.849999904632568,7.610000133514404,7.739999771118164,6800
2021-10-04,7.949999809265137,7.949999809265137,7.769999980926514,7.78000020980835,20700
2021-10-05,7.900000095367432,8.850000381469727,7.849999904632568,8.630000114440918,147500
2021-10-06,8.619999885559082,8.630000114440918,8.229999542236328,8.350000381469727,36700
2021-10-07,8.329999923706055,8.6899995803833,8.180000305175781,8.479999542236328,48500
2021-10-08,8.550000190734863,8.739999771118164,8.5,8.630000114440918,21000
2021-10-11,8.649999618530273,8.739999771118164,8.430000305175781,8.449999809265137,15600
2021-10-12,8.329999923706055,8.470000267028809,8.199999809265137,8.350000381469727,39000
2021-10-13,8.319999694824219,8.619999885559082,8.300000190734863,8.4399995803833,40400
2021-10-14,8.489999771118164,8.680000305175781,8.329999923706055,8.40999984741211,16300
2021-10-15,8.489999771118164,8.680000305175781,8.369999885559082,8.369999885559082,29200
2021-10-18,8.550000190734863,8.619999885559082,8.489999771118164,8.520000457763672,13700
2021-10-19,8.550000190734863,9.0,8.539999961853027,8.640000343322754,42500
2021-10-20,8.579999923706055,8.989999771118164,8.579999923706055,8.949999809265137,37100
2021-10-21,8.880000114440918,8.9399995803833,8.529999732971191,8.529999732971191,13700
2021-10-22,8.6899995803833,8.800000190734863,8.65999984741211,8.75,4100
2021-10-25,8.800000190734863,8.899999618530273,8.609999656677246,8.789999961853027,5500
2021-10-26,8.770000457763672,8.770000457763672,8.449999809265137,8.619999885559082,6500
2021-10-27,8.569999694824219,8.829999923706055,8.40999984741211,8.600000381469727,9900
2021-10-28,8.729999542236328,8.729999542236328,8.430000305175781,8.569999694824219,5100
2021-10-29,8.640000343322754,8.649999618530273,8.5,8.550000190734863,6100
2021-11-01,8.5,8.649999618530273,8.479999542236328,8.600000381469727,9900
2021-11-02,8.229999542236328,8.649999618530273,8.229999542236328,8.649999618530273,6300
2021-11-03,8.619999885559082,8.739999771118164,8.600000381469727,8.699999809265137,10000
2021-11-04,8.130000114440918,8.869999885559082,8.130000114440918,8.739999771118164,22800
2021-11-05,8.890000343322754,8.899999618530273,8.65999984741211,8.670000076293945,5900
2021-11-08,8.779999732971191,8.779999732971191,8.59000015258789,8.59000015258789,4100
2021-11-09,8.619999885559082,8.800000190734863,8.600000381469727,8.630000114440918,8000
2021-11-10,8.699999809265137,8.720000267028809,8.609999656677246,8.720000267028809,3700
2021-11-11,8.65999984741211,8.75,8.40999984741211,8.59000015258789,3300
2021-11-12,8.59000015258789,8.699999809265137,8.59000015258789,8.619999885559082,3100
2021-11-15,8.569999694824219,8.569999694824219,8.470000267028809,8.529999732971191,10700
2021-11-16,8.569999694824219,8.649999618530273,8.5,8.5,3900
2021-11-17,8.529999732971191,8.550000190734863,8.15999984741211,8.300000190734863,22000
2021-11-18,8.350000381469727,8.710000038146973,8.350000381469727,8.430000305175781,8300
2021-11-19,8.510000228881836,8.670000076293945,8.40999984741211,8.40999984741211,9300
2021-11-22,8.489999771118164,8.649999618530273,8.380000114440918,8.420000076293945,3300
2021-11-23,8.5,8.529999732971191,8.390000343322754,8.449999809265137,4200
2021-11-24,8.479999542236328,8.5,8.390000343322754,8.5,3900
2021-11-26,8.420000076293945,8.529999732971191,8.40999984741211,8.520000457763672,2500
2021-11-29,8.5,8.6899995803833,8.5,8.649999618530273,6700
2021-11-30,8.6899995803833,8.75,8.609999656677246,8.739999771118164,14600
2021-12-01,8.75,8.770000457763672,8.5,8.5,3400
2021-12-02,8.510000228881836,8.739999771118164,8.510000228881836,8.619999885559082,2200
2021-12-03,8.529999732971191,8.569999694824219,8.489999771118164,8.569999694824219,2000
2021-12-06,8.539999961853027,8.619999885559082,8.539999961853027,8.619999885559082,3200
2021-12-07,8.619999885559082,8.899999618530273,8.619999885559082,8.84000015258789,90400
2021-12-08,8.8100004196167,8.899999618530273,8.739999771118164,8.789999961853027,53100
2021-12-09,8.100000381469727,8.279999732971191,7.269999980926514,7.320000171661377,133600
2021-12-10,7.360000133514404,8.069999694824219,7.360000133514404,7.860000133514404,17000
2021-12-13,7.849999904632568,7.900000095367432,7.53000020980835,7.650000095367432,41000
2021-12-14,7.46999979019165,7.989999771118164,7.409999847412109,7.829999923706055,17000
2021-12-15,7.650000095367432,7.789999961853027,7.28000020980835,7.28000020980835,51800
2021-12-16,7.349999904632568,7.869999885559082,7.349999904632568,7.869999885559082,14700
2021-12-17,7.880000114440918,7.880000114440918,7.679999828338623,7.730000019073486,7400
2021-12-20,7.230000019073486,7.75,7.230000019073486,7.75,16300
2021-12-21,7.75,7.860000133514404,7.75,7.860000133514404,4600
2021-12-22,7.760000228881836,8.119999885559082,7.760000228881836,7.909999847412109,17700
2021-12-23,7.820000171661377,8.180000305175781,7.820000171661377,8.109999656677246,6200
2021-12-27,8.069999694824219,8.470000267028809,7.989999771118164,7.989999771118164,34800
2021-12-28,8.100000381469727,8.4399995803833,8.020000457763672,8.329999923706055,28700
2021-12-29,7.130000114440918,8.430000305175781,7.050000190734863,8.170000076293945,61500
2021-12-30,8.109999656677246,8.550000190734863,8.109999656677246,8.430000305175781,17700
2021-12-31,8.350000381469727,8.819999694824219,8.350000381469727,8.680000305175781,46400
2022-01-03,8.619999885559082,8.789999961853027,8.600000381469727,8.630000114440918,21300
2022-01-04,8.550000190734863,8.789999961853027,8.550000190734863,8.59000015258789,5300
2022-01-05,8.649999618530273,8.770000457763672,8.619999885559082,8.619999885559082,13000
2022-01-06,8.729999542236328,8.739999771118164,8.550000190734863,8.550000190734863,2200
2022-01-07,8.75,8.979999542236328,8.739999771118164,8.75,25400
2022-01-10,8.9399995803833,8.9399995803833,8.699999809265137,8.699999809265137,10600
2022-01-11,8.920000076293945,8.9399995803833,8.670000076293945,8.9399995803833,13900
2022-01-12,8.930000305175781,8.9399995803833,8.859999656677246,8.869999885559082,4900
2022-01-13,8.949999809265137,8.979999542236328,8.829999923706055,8.859999656677246,15800
2022-01-14,9.0,9.050000190734863,8.880000114440918,8.970000267028809,13200
2022-01-18,9.0,9.039999961853027,8.84000015258789,8.850000381469727,9400
2022-01-19,8.899999618530273,9.0,8.75,8.890000343322754,54100
2022-01-20,8.930000305175781,8.949999809265137,8.8100004196167,8.850000381469727,25000
2022-01-21,8.819999694824219,8.989999771118164,8.65999984741211,8.829999923706055,12700
2022-01-24,8.819999694824219,8.989999771118164,8.800000190734863,8.90999984741211,15900
2022-01-25,8.8100004196167,8.899999618530273,8.789999961853027,8.789999961853027,12200
2022-01-26,8.989999771118164,8.989999771118164,8.890000343322754,8.920000076293945,11500
2022-01-27,8.930000305175781,8.930000305175781,8.829999923706055,8.859999656677246,3000
2022-01-28,8.859999656677246,8.899999618530273,8.75,8.75,2200
2022-01-31,8.899999618530273,8.899999618530273,8.710000038146973,8.850000381469727,7700
2022-02-01,8.710000038146973,8.949999809265137,8.680000305175781,8.680000305175781,5600
2022-02-02,8.779999732971191,8.779999732971191,8.569999694824219,8.600000381469727,3300
2022-02-03,8.630000114440918,8.630000114440918,8.510000228881836,8.510000228881836,1500
2022-02-04,8.710000038146973,8.729999542236328,8.510000228881836,8.520000457763672,5900
2022-02-07,8.710000038146973,8.75,8.479999542236328,8.649999618530273,11500
2022-02-08,8.75,8.75,8.680000305175781,8.710000038146973,400
2022-02-09,8.75,8.930000305175781,8.739999771118164,8.899999618530273,5100
2022-02-10,8.890000343322754,8.899999618530273,8.800000190734863,8.869999885559082,6100
2022-02-11,8.949999809265137,8.949999809265137,8.850000381469727,8.859999656677246,3200
2022-02-14,8.850000381469727,8.859999656677246,8.800000190734863,8.800000190734863,4700
2022-02-15,8.899999618530273,8.899999618530273,8.819999694824219,8.829999923706055,6600
2022-02-16,8.8100004196167,8.829999923706055,8.800000190734863,8.800000190734863,1300
2022-02-17,8.789999961853027,8.930000305175781,8.770000457763672,8.930000305175781,4700
2022-02-18,8.899999618530273,8.899999618530273,8.8100004196167,8.8100004196167,800
2022-02-22,8.8100004196167,8.8100004196167,8.75,8.75,1200
2022-02-23,8.829999923706055,8.84000015258789,8.5600004196167,8.84000015258789,8500
2022-02-24,8.789999961853027,8.899999618530273,8.770000457763672,8.770000457763672,1400
2022-02-25,8.899999618530273,8.899999618530273,8.84000015258789,8.84000015258789,300
2022-02-28,8.850000381469727,8.890000343322754,8.850000381469727,8.850000381469727,1600
2022-03-01,8.899999618530273,8.899999618530273,8.869999885559082,8.890000343322754,3900
2022-03-02,8.890000343322754,8.890000343322754,8.890000343322754,8.890000343322754,1600
2022-03-03,8.850000381469727,8.899999618530273,8.850000381469727,8.890000343322754,7300
2022-03-04,8.890000343322754,8.899999618530273,8.880000114440918,8.899999618530273,8100
2022-03-07,8.890000343322754,8.949999809265137,8.84000015258789,8.84000015258789,6000
2022-03-08,8.770000457763672,8.859999656677246,8.430000305175781,8.640000343322754,13600
2022-03-09,8.710000038146973,8.859999656677246,8.6899995803833,8.859999656677246,3200
2022-03-10,8.770000457763672,8.960000038146973,8.770000457763672,8.949999809265137,9600
2022-03-11,8.729999542236328,9.479999542236328,8.729999542236328,9.350000381469727,23100
2022-03-14,9.3100004196167,9.329999923706055,9.109999656677246,9.15999984741211,5300
2022-03-15,9.170000076293945,9.170000076293945,8.989999771118164,9.010000228881836,4000
2022-03-16,9.039999961853027,9.319999694824219,9.010000228881836,9.239999771118164,7600
2022-03-17,9.350000381469727,9.579999923706055,9.350000381469727,9.539999961853027,9600
2022-03-18,9.619999885559082,9.75,9.619999885559082,9.65999984741211,6600
2022-03-21,9.470000267028809,9.630000114440918,9.460000038146973,9.5600004196167,8300
2022-03-22,9.510000228881836,9.84000015258789,9.430000305175781,9.699999809265137,11600
2022-03-23,9.670000076293945,9.9399995803833,9.630000114440918,9.720000267028809,107400
2022-03-24,9.760000228881836,9.920000076293945,9.640000343322754,9.819999694824219,23400
2022-03-25,9.699999809265137,9.75,9.65999984741211,9.699999809265137,4500
2022-03-28,9.5,9.6899995803833,9.470000267028809,9.579999923706055,18300
2022-03-29,9.59000015258789,9.600000381469727,9.550000190734863,9.550000190734863,8100
2022-03-30,9.579999923706055,9.600000381469727,9.569999694824219,9.569999694824219,3400
2022-03-31,9.479999542236328,9.479999542236328,9.40999984741211,9.430000305175781,2000
2022-04-01,9.420000076293945,9.600000381469727,9.420000076293945,9.520000457763672,9200
2022-04-04,9.600000381469727,9.600000381469727,9.359999656677246,9.529999732971191,8300
2022-04-05,9.600000381469727,9.600000381469727,9.5,9.600000381469727,3900
2022-04-06,9.550000190734863,9.600000381469727,9.399999618530273,9.600000381469727,3900
2022-04-07,9.600000381469727,9.670000076293945,9.600000381469727,9.600000381469727,8000
2022-04-08,9.600000381469727,9.649999618530273,9.520000457763672,9.529999732971191,4400
2022-04-11,9.739999771118164,9.739999771118164,9.5600004196167,9.609999656677246,1600
2022-04-12,9.630000114440918,9.630000114440918,9.510000228881836,9.510000228881836,1600
2022-04-13,9.510000228881836,9.699999809265137,9.510000228881836,9.550000190734863,5500
2022-04-14,9.640000343322754,9.640000343322754,9.550000190734863,9.550000190734863,1900
2022-04-18,9.600000381469727,9.670000076293945,9.550000190734863,9.550000190734863,3700
2022-04-19,9.59000015258789,9.739999771118164,9.59000015258789,9.649999618530273,6200
2022-04-20,10.0,10.829999923706055,10.0,10.640000343322754,33100
2022-04-21,10.600000381469727,11.210000038146973,10.600000381469727,11.050000190734863,87200
2022-04-22,11.050000190734863,11.09000015258789,10.59000015258789,10.880000114440918,26200
2022-04-25,10.829999923706055,10.829999923706055,10.220000267028809,10.640000343322754,25300
2022-04-26,10.880000114440918,11.829999923706055,10.579999923706055,11.380000114440918,54100
2022-04-27,11.819999694824219,12.430000305175781,11.0600004196167,11.899999618530273,84700
2022-04-28,12.300000190734863,12.869999885559082,11.800000190734863,12.34000015258789,101000
2022-04-29,12.300000190734863,12.850000381469727,11.649999618530273,12.15999984741211,14500
2022-05-02,12.260000228881836,12.989999771118164,11.65999984741211,12.960000038146973,28200
2022-05-03,12.9399995803833,13.319999694824219,12.65999984741211,13.199999809265137,28100
2022-05-04,13.25,14.920000076293945,12.029999732971191,14.100000381469727,51400
2022-05-05,14.050000190734863,14.25,13.770000457763672,14.100000381469727,15300
2022-05-06,14.140000343322754,14.239999771118164,13.819999694824219,14.180000305175781,16700
2022-05-09,14.180000305175781,14.180000305175781,13.59000015258789,13.6899995803833,17300
2022-05-10,13.579999923706055,14.149999618530273,12.770000457763672,13.989999771118164,14300
2022-05-11,13.859999656677246,14.220000267028809,13.029999732971191,13.869999885559082,14400
2022-05-12,13.869999885559082,13.869999885559082,13.600000381469727,13.65999984741211,10300
2022-05-13,13.640000343322754,13.880000114440918,13.0,13.260000228881836,10600
2022-05-16,13.149999618530273,13.149999618530273,12.300000190734863,12.6899995803833,23400
2022-05-17,12.859999656677246,12.899999618530273,12.079999923706055,12.079999923706055,13700
2022-05-18,14.770000457763672,14.770000457763672,12.859999656677246,13.729999542236328,56800
2022-05-19,13.699999809265137,14.0,12.770000457763672,13.9399995803833,32400
2022-05-20,13.920000076293945,14.170000076293945,13.569999694824219,13.59000015258789,10300
2022-05-23,13.579999923706055,14.239999771118164,13.579999923706055,13.720000267028809,11100
2022-05-24,13.579999923706055,14.449999809265137,13.579999923706055,14.0,56000
2022-05-25,13.850000381469727,15.0,13.800000190734863,15.0,55400
2022-05-26,15.0,15.699999809265137,14.770000457763672,14.920000076293945,24700
2022-05-27,14.850000381469727,14.880000114440918,14.350000381469727,14.880000114440918,13400
2022-05-31,14.75,14.880000114440918,11.350000381469727,11.729999542236328,80000
2022-06-01,12.050000190734863,13.979999542236328,12.050000190734863,13.050000190734863,58500
2022-06-02,13.050000190734863,13.180000305175781,12.380000114440918,12.550000190734863,15000
2022-06-03,12.550000190734863,12.90999984741211,12.390000343322754,12.390000343322754,3900
2022-06-06,12.399999618530273,12.430000305175781,11.149999618530273,11.260000228881836,16300
2022-06-07,11.1899995803833,11.600000381469727,11.1899995803833,11.260000228881836,12300
2022-06-08,11.050000190734863,11.449999809265137,11.050000190734863,11.109999656677246,6400
2022-06-09,11.029999732971191,11.529999732971191,10.390000343322754,10.59000015258789,13900
2022-06-10,10.479999542236328,10.539999961853027,9.550000190734863,9.850000381469727,12000
2022-06-13,9.479999542236328,9.479999542236328,8.5,8.5,43000
2022-06-14,8.5,8.680000305175781,8.5,8.510000228881836,8300
2022-06-15,8.510000228881836,9.079999923706055,8.270000457763672,8.289999961853027,47500
2022-06-16,8.119999885559082,8.3100004196167,8.0,8.020000457763672,36100
2022-06-17,8.069999694824219,8.079999923706055,7.619999885559082,7.929999828338623,116300
2022-06-21,7.909999847412109,7.96999979019165,7.860000133514404,7.900000095367432,36100
2022-06-22,7.710000038146973,8.079999923706055,7.5,7.5,34900
2022-06-23,7.510000228881836,7.909999847412109,7.510000228881836,7.769999980926514,27700
2022-06-24,7.760000228881836,7.940000057220459,7.690000057220459,7.75,35300
2022-06-27,7.940000057220459,8.079999923706055,7.75,7.849999904632568,24500
2022-06-28,7.989999771118164,9.3100004196167,7.989999771118164,8.779999732971191,35400
2022-06-29,8.699999809265137,9.640000343322754,8.350000381469727,8.510000228881836,21500
2022-06-30,8.260000228881836,9.119999885559082,8.260000228881836,9.0,14900
2022-07-01,9.300000190734863,9.300000190734863,8.640000343322754,9.199999809265137,9200
2022-07-05,9.739999771118164,9.739999771118164,8.569999694824219,8.789999961853027,21700
2022-07-06,8.699999809265137,9.260000228881836,8.050000190734863,8.869999885559082,35200
2022-07-07,9.100000381469727,10.0,9.100000381469727,9.5,20600
2022-07-08,9.430000305175781,9.680000305175781,8.649999618530273,9.010000228881836,26400
2022-07-11,8.890000343322754,9.050000190734863,8.670000076293945,8.75,12500
2022-07-12,8.850000381469727,9.539999961853027,8.850000381469727,9.149999618530273,14300
2022-07-13,9.5,9.649999618530273,8.949999809265137,9.270000457763672,90000
2022-07-14,9.319999694824219,9.399999618530273,8.989999771118164,9.279999732971191,27600
2022-07-15,9.279999732971191,9.289999961853027,8.949999809265137,9.100000381469727,8000
2022-07-18,9.050000190734863,9.109999656677246,8.770000457763672,8.84000015258789,11400
2022-07-19,9.119999885559082,9.270000457763672,8.699999809265137,8.729999542236328,3300
2022-07-20,8.829999923706055,9.0,8.449999809265137,9.0,6300
2022-07-21,8.949999809265137,9.270000457763672,8.949999809265137,9.199999809265137,6500
2022-07-22,8.9399995803833,8.9399995803833,8.760000228881836,8.770000457763672,900
2022-07-25,9.100000381469727,9.220000267028809,8.930000305175781,9.119999885559082,5100
2022-07-26,9.130000114440918,9.270000457763672,8.800000190734863,9.170000076293945,8600
2022-07-27,9.180000305175781,9.380000114440918,9.140000343322754,9.380000114440918,5600
2022-07-28,9.4399995803833,9.510000228881836,9.3100004196167,9.3100004196167,3500
2022-07-29,9.199999809265137,9.34000015258789,9.199999809265137,9.229999542236328,900
2022-08-01,8.970000267028809,9.3100004196167,8.970000267028809,9.039999961853027,5800
2022-08-02,9.010000228881836,9.069999694824219,8.84000015258789,8.869999885559082,7700
2022-08-03,8.960000038146973,9.199999809265137,8.960000038146973,8.979999542236328,2200
2022-08-04,8.770000457763672,9.460000038146973,8.670000076293945,9.149999618530273,5200
2022-08-05,9.039999961853027,9.430000305175781,8.789999961853027,9.149999618530273,2600
2022-08-08,8.8100004196167,9.399999618530273,8.8100004196167,9.050000190734863,6800
2022-08-09,9.1899995803833,9.479999542236328,8.960000038146973,9.050000190734863,8900
2022-08-10,9.130000114440918,9.130000114440918,9.020000457763672,9.020000457763672,1400
2022-08-11,9.029999732971191,9.380000114440918,8.880000114440918,9.300000190734863,9000
2022-08-12,9.359999656677246,9.5,9.15999984741211,9.449999809265137,1700
2022-08-15,9.149999618530273,9.239999771118164,8.869999885559082,8.920000076293945,3100
2022-08-16,9.109999656677246,9.199999809265137,9.0,9.100000381469727,2600
2022-08-17,9.100000381469727,9.149999618530273,8.989999771118164,9.149999618530273,11800
2022-08-18,9.399999618530273,9.510000228881836,9.199999809265137,9.510000228881836,5400
2022-08-19,9.520000457763672,9.529999732971191,9.449999809265137,9.529999732971191,1800
2022-08-22,9.5,9.869999885559082,9.5,9.59000015258789,10300
2022-08-23,9.520000457763672,9.970000267028809,9.520000457763672,9.6899995803833,4300
2022-08-24,9.579999923706055,9.600000381469727,9.34000015258789,9.380000114440918,4100
2022-08-25,9.1899995803833,9.270000457763672,9.130000114440918,9.140000343322754,4100
2022-08-26,9.380000114440918,9.699999809265137,9.3100004196167,9.699999809265137,13400
2022-08-29,9.699999809265137,9.920000076293945,9.359999656677246,9.359999656677246,15100
2022-08-30,9.569999694824219,9.569999694824219,9.399999618530273,9.460000038146973,2700
2022-08-31,9.449999809265137,9.600000381469727,9.399999618530273,9.399999618530273,15300
2022-09-01,9.399999618530273,9.680000305175781,9.399999618530273,9.680000305175781,3000
2022-09-02,9.529999732971191,9.699999809265137,9.489999771118164,9.680000305175781,6100
2022-09-06,9.59000015258789,9.699999809265137,9.470000267028809,9.699999809265137,3300
2022-09-07,9.520000457763672,9.520000457763672,9.25,9.25,5100
2022-09-08,9.130000114440918,9.329999923706055,8.880000114440918,9.220000267028809,9400
2022-09-09,9.229999542236328,9.229999542236328,9.109999656677246,9.149999618530273,900
2022-09-12,9.319999694824219,9.319999694824219,8.920000076293945,9.0,6600
2022-09-13,8.880000114440918,9.25,8.880000114440918,9.199999809265137,10300
2022-09-14,9.350000381469727,9.350000381469727,8.989999771118164,8.989999771118164,9300
2022-09-15,8.989999771118164,9.350000381469727,8.989999771118164,9.300000190734863,4000
2022-09-16,9.260000228881836,9.489999771118164,9.210000038146973,9.489999771118164,19200
2022-09-19,9.210000038146973,9.5,9.210000038146973,9.40999984741211,1600
2022-09-20,9.279999732971191,9.550000190734863,9.199999809265137,9.550000190734863,3100
2022-09-21,9.619999885559082,9.84000015258789,9.619999885559082,9.670000076293945,2000
2022-09-22,9.40999984741211,9.420000076293945,9.40999984741211,9.420000076293945,2900
2022-09-23,9.529999732971191,9.550000190734863,9.399999618530273,9.420000076293945,4600
2022-09-26,9.40999984741211,9.609999656677246,9.399999618530273,9.399999618530273,5700
2022-09-27,9.529999732971191,9.789999961853027,9.399999618530273,9.529999732971191,5400
2022-09-28,9.649999618530273,9.649999618530273,9.40999984741211,9.40999984741211,1800
2022-09-29,9.399999618530273,9.59000015258789,9.329999923706055,9.470000267028809,10600
2022-09-30,9.289999961853027,9.729999542236328,9.289999961853027,9.449999809265137,3200
2022-10-03,9.420000076293945,9.420000076293945,9.420000076293945,9.420000076293945,2900
2022-10-04,9.569999694824219,9.699999809265137,9.569999694824219,9.569999694824219,1800
2022-10-05,9.600000381469727,9.600000381469727,9.40999984741211,9.40999984741211,7300
2022-10-06,9.449999809265137,9.550000190734863,9.40999984741211,9.550000190734863,3500
2022-10-07,9.420000076293945,9.479999542236328,9.40999984741211,9.40999984741211,900
2022-10-10,9.399999618530273,9.4399995803833,9.399999618530273,9.399999618530273,1000
2022-10-11,9.539999961853027,9.539999961853027,9.399999618530273,9.399999618530273,4700
2022-10-12,9.399999618530273,9.40999984741211,9.399999618530273,9.399999618530273,800
2022-10-13,9.399999618530273,9.789999961853027,9.399999618530273,9.789999961853027,5600
2022-10-14,9.800000190734863,9.800000190734863,9.510000228881836,9.539999961853027,1400
2022-10-17,9.4399995803833,9.4399995803833,9.4399995803833,9.4399995803833,700
2022-10-18,9.600000381469727,9.600000381469727,9.399999618530273,9.539999961853027,3500
2022-10-19,9.399999618530273,9.59000015258789,9.399999618530273,9.399999618530273,2000
2022-10-20,9.399999618530273,9.600000381469727,9.399999618530273,9.600000381469727,2300
2022-10-21,9.4399995803833,9.800000190734863,9.420000076293945,9.460000038146973,4100
2022-10-24,9.489999771118164,9.800000190734863,9.489999771118164,9.670000076293945,5600
2022-10-25,9.779999732971191,10.0,9.600000381469727,9.960000038146973,5900
2022-10-26,9.979999542236328,10.0,9.779999732971191,9.829999923706055,2300
2022-10-27,9.819999694824219,9.960000038146973,9.800000190734863,9.880000114440918,2400
2022-10-28,9.9399995803833,9.960000038146973,9.640000343322754,9.850000381469727,3500
2022-10-31,9.9399995803833,9.9399995803833,9.710000038146973,9.779999732971191,7500
2022-11-01,9.630000114440918,9.630000114440918,9.630000114440918,9.630000114440918,400
2022-11-02,9.520000457763672,9.699999809265137,9.460000038146973,9.460000038146973,900
2022-11-03,9.449999809265137,9.600000381469727,9.399999618530273,9.600000381469727,4100
2022-11-04,9.550000190734863,9.550000190734863,9.550000190734863,9.550000190734863,700
2022-11-07,9.600000381469727,9.729999542236328,9.600000381469727,9.649999618530273,3600
2022-11-08,9.600000381469727,9.600000381469727,9.600000381469727,9.600000381469727,1000
2022-11-09,9.479999542236328,9.739999771118164,9.430000305175781,9.550000190734863,9300
2022-11-10,9.710000038146973,9.710000038146973,9.449999809265137,9.550000190734863,7200
2022-11-11,9.460000038146973,9.460000038146973,9.460000038146973,9.460000038146973,400
2022-11-14,9.460000038146973,9.5,9.399999618530273,9.399999618530273,2500
2022-11-15,9.5,9.649999618530273,9.5,9.550000190734863,2200
2022-11-16,9.399999618530273,9.479999542236328,9.210000038146973,9.3100004196167,19000
2022-11-17,9.229999542236328,9.430000305175781,9.220000267028809,9.430000305175781,1200
2022-11-18,9.239999771118164,9.550000190734863,9.239999771118164,9.25,15800
2022-11-21,9.449999809265137,9.449999809265137,9.3100004196167,9.399999618530273,2800
2022-11-22,9.300000190734863,9.489999771118164,9.300000190734863,9.300000190734863,1300
2022-11-23,9.399999618530273,9.5,9.399999618530273,9.479999542236328,4500
2022-11-25,9.40999984741211,9.550000190734863,9.40999984741211,9.550000190734863,2300
2022-11-28,9.59000015258789,9.75,9.550000190734863,9.739999771118164,1600
2022-11-29,9.729999542236328,9.75,9.720000267028809,9.75,3200
2022-11-30,9.520000457763672,9.84000015258789,9.520000457763672,9.800000190734863,5300
2022-12-01,9.729999542236328,9.979999542236328,9.529999732971191,9.65999984741211,5800
2022-12-02,9.5600004196167,9.859999656677246,9.5600004196167,9.75,5400
2022-12-05,9.65999984741211,9.710000038146973,9.510000228881836,9.520000457763672,2100
2022-12-06,9.670000076293945,9.949999809265137,9.670000076293945,9.710000038146973,5800
2022-12-07,9.640000343322754,9.880000114440918,9.5,9.5,7900
2022-12-08,9.869999885559082,9.869999885559082,9.40999984741211,9.670000076293945,3200
2022-12-09,9.5600004196167,9.5600004196167,9.420000076293945,9.460000038146973,600
2022-12-12,9.460000038146973,9.670000076293945,9.460000038146973,9.529999732971191,2200
2022-12-13,9.579999923706055,9.9399995803833,9.529999732971191,9.529999732971191,4200
2022-12-14,9.34000015258789,9.550000190734863,9.199999809265137,9.390000343322754,13200
2022-12-15,9.40999984741211,9.609999656677246,9.40999984741211,9.609999656677246,1000
2022-12-16,9.600000381469727,9.600000381469727,9.109999656677246,9.109999656677246,23200
2022-12-19,9.229999542236328,9.5,9.229999542236328,9.5,1800
2022-12-20,9.5,9.630000114440918,9.010000228881836,9.010000228881836,2800
2022-12-21,9.229999542236328,9.5,9.09000015258789,9.25,5700
2022-12-22,9.15999984741211,9.329999923706055,8.989999771118164,9.0,16200
2022-12-23,8.949999809265137,9.359999656677246,8.949999809265137,8.949999809265137,10700
2022-12-27,9.050000190734863,9.050000190734863,8.350000381469727,8.350000381469727,6800
2022-12-28,8.779999732971191,8.779999732971191,8.260000228881836,8.260000228881836,42600
2022-12-29,8.5,9.270000457763672,8.279999732971191,9.260000228881836,21800
2022-12-30,9.119999885559082,9.710000038146973,9.100000381469727,9.449999809265137,13400
2023-01-03,9.380000114440918,9.640000343322754,9.279999732971191,9.279999732971191,4900
2023-01-04,9.390000343322754,9.550000190734863,9.380000114440918,9.380000114440918,4600
2023-01-05,9.3100004196167,9.369999885559082,9.140000343322754,9.350000381469727,2400
2023-01-06,9.350000381469727,9.350000381469727,9.350000381469727,9.350000381469727,0
2023-01-09,9.5,10.109999656677246,9.5,10.0,46600
2023-01-10,10.0,10.260000228881836,9.970000267028809,10.199999809265137,32700
2023-01-11,10.220000267028809,10.25,10.119999885559082,10.170000076293945,5400
2023-01-12,10.109999656677246,10.25,10.050000190734863,10.199999809265137,5600
2023-01-13,10.25,10.25,10.239999771118164,10.25,4900
2023-01-17,10.729999542236328,11.039999961853027,10.319999694824219,10.460000038146973,73200
2023-01-18,10.949999809265137,10.949999809265137,10.739999771118164,10.770000457763672,5500
2023-01-19,10.819999694824219,10.819999694824219,10.770000457763672,10.800000190734863,1800
2023-01-20,10.800000190734863,11.039999961853027,10.789999961853027,10.789999961853027,9800
2023-01-23,11.039999961853027,11.039999961853027,10.899999618530273,10.920000076293945,7600
2023-01-24,10.9399995803833,11.010000228881836,10.770000457763672,10.859999656677246,3400
2023-01-25,10.729999542236328,10.970000267028809,10.729999542236328,10.970000267028809,1600
2023-01-26,10.569999694824219,10.850000381469727,10.569999694824219,10.760000228881836,4300
2023-01-27,10.850000381469727,11.039999961853027,10.850000381469727,11.0,4700
2023-01-30,11.020000457763672,11.020000457763672,10.329999923706055,10.329999923706055,5700
2023-01-31,10.34000015258789,10.5600004196167,9.75,10.149999618530273,42200
2023-02-01,10.100000381469727,11.050000190734863,10.100000381469727,10.770000457763672,16800
2023-02-02,10.869999885559082,10.890000343322754,10.800000190734863,10.800000190734863,3100
2023-02-03,10.930000305175781,10.960000038146973,10.789999961853027,10.789999961853027,2800
2023-02-06,10.970000267028809,10.970000267028809,10.850000381469727,10.850000381469727,2400
2023-02-07,11.039999961853027,11.050000190734863,10.920000076293945,10.920000076293945,11100
2023-02-08,10.989999771118164,11.039999961853027,10.989999771118164,11.039999961853027,3400
2023-02-09,11.050000190734863,11.489999771118164,11.029999732971191,11.210000038146973,29400
2023-02-10,11.010000228881836,11.199999809265137,11.010000228881836,11.199999809265137,1700
2023-02-13,11.119999885559082,11.119999885559082,10.3100004196167,10.489999771118164,7200
2023-02-14,10.75,10.800000190734863,10.75,10.800000190734863,1000
2023-02-15,10.739999771118164,10.869999885559082,10.550000190734863,10.869999885559082,800
2023-02-16,10.800000190734863,10.970000267028809,10.550000190734863,10.8100004196167,7100
2023-02-17,10.579999923706055,10.779999732971191,10.579999923706055,10.65999984741211,2700
2023-02-21,10.65999984741211,10.779999732971191,10.529999732971191,10.529999732971191,3100
2023-02-22,10.65999984741211,10.800000190734863,10.600000381469727,10.6899995803833,1900
2023-02-23,10.649999618530273,10.989999771118164,10.649999618530273,10.779999732971191,2500
2023-02-24,10.5,10.600000381469727,10.5,10.600000381469727,700
2023-02-27,10.40999984741211,10.609999656677246,10.140000343322754,10.15999984741211,7100
2023-02-28,10.270000457763672,10.4399995803833,10.09000015258789,10.25,18000
2023-03-01,10.09000015258789,10.140000343322754,9.460000038146973,9.800000190734863,16700
2023-03-02,9.699999809265137,9.970000267028809,9.699999809265137,9.850000381469727,4600
2023-03-03,9.9399995803833,10.029999732971191,9.649999618530273,9.739999771118164,4800
2023-03-06,9.800000190734863,9.800000190734863,9.699999809265137,9.699999809265137,3200
2023-03-07,9.729999542236328,9.949999809265137,9.699999809265137,9.949999809265137,2000
2023-03-08,10.279999732971191,10.479999542236328,9.899999618530273,10.0,12900
2023-03-09,10.010000228881836,10.65999984741211,9.970000267028809,10.460000038146973,26900
2023-03-10,10.739999771118164,10.739999771118164,9.979999542236328,10.289999961853027,5300
2023-03-13,10.0,10.270000457763672,10.0,10.229999542236328,1800
2023-03-14,10.100000381469727,10.25,10.09000015258789,10.09000015258789,6200
2023-03-15,10.050000190734863,10.119999885559082,10.0,10.0,3800
2023-03-16,10.0,10.130000114440918,9.970000267028809,10.130000114440918,4500
2023-03-17,10.0,10.09000015258789,9.899999618530273,10.09000015258789,6100
2023-03-20,10.010000228881836,10.050000190734863,10.010000228881836,10.050000190734863,4000
2023-03-21,10.140000343322754,10.289999961853027,10.119999885559082,10.220000267028809,7700
2023-03-22,10.09000015258789,10.25,10.039999961853027,10.109999656677246,3300
2023-03-23,10.380000114440918,10.380000114440918,9.899999618530273,9.90999984741211,5100
2023-03-24,9.930000305175781,10.399999618530273,9.930000305175781,10.399999618530273,3400
2023-03-27,10.449999809265137,10.739999771118164,10.399999618530273,10.739999771118164,1300
2023-03-28,10.75,10.75,10.300000190734863,10.380000114440918,12000
2023-03-29,10.449999809265137,10.75,10.359999656677246,10.449999809265137,8100
2023-03-30,10.470000267028809,10.539999961853027,10.270000457763672,10.300000190734863,3900
2023-03-31,10.289999961853027,10.6899995803833,10.220000267028809,10.6899995803833,11400
2023-04-03,10.5,11.0,10.5,10.819999694824219,6300
2023-04-04,10.930000305175781,10.930000305175781,10.710000038146973,10.770000457763672,2500
2023-04-05,10.779999732971191,10.970000267028809,10.65999984741211,10.800000190734863,6600
2023-04-06,10.6899995803833,10.84000015258789,10.6899995803833,10.84000015258789,1600
2023-04-10,10.779999732971191,11.109999656677246,10.779999732971191,11.0,23700
2023-04-11,10.859999656677246,10.920000076293945,10.850000381469727,10.890000343322754,12200
2023-04-12,10.890000343322754,10.890000343322754,10.770000457763672,10.880000114440918,5100
2023-04-13,10.890000343322754,11.09000015258789,10.819999694824219,10.850000381469727,2000
2023-04-14,10.75,11.09000015258789,10.75,10.9399995803833,1100
2023-04-17,10.84000015258789,10.84000015258789,10.729999542236328,10.729999542236328,2800
2023-04-18,10.859999656677246,10.989999771118164,10.760000228881836,10.760000228881836,5800
2023-04-19,10.770000457763672,11.029999732971191,10.770000457763672,10.9399995803833,18600
2023-04-20,10.979999542236328,11.170000076293945,10.829999923706055,11.140000343322754,2300
2023-04-21,10.880000114440918,11.1899995803833,10.880000114440918,11.180000305175781,1000
2023-04-24,11.069999694824219,11.1899995803833,10.989999771118164,10.989999771118164,3700
2023-04-25,11.029999732971191,11.050000190734863,10.850000381469727,10.859999656677246,4100
2023-04-26,10.770000457763672,10.8100004196167,10.699999809265137,10.8100004196167,35300
2023-04-27,10.850000381469727,10.890000343322754,10.829999923706055,10.829999923706055,3200
2023-04-28,11.0,11.0,10.930000305175781,10.930000305175781,1300
2023-05-01,10.880000114440918,11.029999732971191,10.680000305175781,10.890000343322754,18200
2023-05-02,11.039999961853027,11.039999961853027,10.739999771118164,10.75,1000
2023-05-03,10.770000457763672,10.779999732971191,10.6899995803833,10.6899995803833,8300
2023-05-04,10.649999618530273,10.989999771118164,10.649999618530273,10.989999771118164,11500
2023-05-05,10.9399995803833,11.0600004196167,10.869999885559082,10.949999809265137,2700
2023-05-08,10.829999923706055,10.829999923706055,10.630000114440918,10.630000114440918,1600
2023-05-09,10.649999618530273,10.789999961853027,10.399999618530273,10.789999961853027,5500
2023-05-10,10.710000038146973,10.989999771118164,10.699999809265137,10.989999771118164,2100
2023-05-11,10.949999809265137,10.949999809265137,10.75,10.75,6500
2023-05-12,10.729999542236328,10.729999542236328,10.380000114440918,10.5,4000
2023-05-15,10.789999961853027,10.890000343322754,10.289999961853027,10.649999618530273,5400
2023-05-16,10.670000076293945,10.670000076293945,10.350000381469727,10.579999923706055,2500
2023-05-17,10.350000381469727,10.420000076293945,10.34000015258789,10.420000076293945,1500
2023-05-18,10.319999694824219,10.569999694824219,10.260000228881836,10.260000228881836,4200
2023-05-19,10.359999656677246,10.5600004196167,10.260000228881836,10.300000190734863,6000
2023-05-22,10.3100004196167,10.579999923706055,10.300000190734863,10.460000038146973,2100
2023-05-23,10.399999618530273,10.779999732971191,10.220000267028809,10.649999618530273,10500
2023-05-24,10.539999961853027,10.539999961853027,10.539999961853027,10.539999961853027,700
2023-05-25,10.6899995803833,10.75,10.59000015258789,10.680000305175781,3600
2023-05-26,10.569999694824219,10.640000343322754,10.430000305175781,10.5,3200
2023-05-30,10.579999923706055,10.579999923706055,10.329999923706055,10.329999923706055,1000
2023-05-31,10.390000343322754,10.6899995803833,10.1899995803833,10.319999694824219,9300
2023-06-01,10.449999809265137,10.65999984741211,10.350000381469727,10.369999885559082,1500
2023-06-02,10.420000076293945,10.420000076293945,10.359999656677246,10.390000343322754,1200
2023-06-05,10.1899995803833,10.390000343322754,10.1899995803833,10.199999809265137,1900
2023-06-06,10.34000015258789,10.550000190734863,10.34000015258789,10.510000228881836,4100
2023-06-07,10.510000228881836,10.65999984741211,10.300000190734863,10.510000228881836,3300
2023-06-08,10.680000305175781,10.680000305175781,10.399999618530273,10.399999618530273,3200
2023-06-09,10.6899995803833,10.6899995803833,10.550000190734863,10.550000190734863,500
2023-06-12,10.720000267028809,10.729999542236328,10.550000190734863,10.619999885559082,5100
2023-06-13,10.729999542236328,10.729999542236328,10.449999809265137,10.449999809265137,2700
2023-06-14,10.270000457763672,10.270000457763672,9.600000381469727,9.800000190734863,46200
2023-06-15,9.800000190734863,9.899999618530273,9.699999809265137,9.729999542236328,12800
2023-06-16,9.680000305175781,9.8100004196167,9.680000305175781,9.8100004196167,6200
2023-06-20,9.760000228881836,9.949999809265137,9.739999771118164,9.739999771118164,5700
2023-06-21,9.949999809265137,9.960000038146973,9.600000381469727,9.859999656677246,6500
2023-06-22,9.699999809265137,9.890000343322754,9.699999809265137,9.699999809265137,7300
2023-06-23,10.140000343322754,10.279999732971191,9.979999542236328,10.140000343322754,6300
2023-06-26,10.140000343322754,10.140000343322754,10.010000228881836,10.130000114440918,1200
2023-06-27,10.079999923706055,10.100000381469727,9.600000381469727,9.960000038146973,4100
2023-06-28,9.270000457763672,9.90999984741211,9.210000038146973,9.260000228881836,6000
2023-06-29,9.260000228881836,10.199999809265137,8.8100004196167,9.90999984741211,33700
2023-06-30,9.989999771118164,10.010000228881836,9.510000228881836,9.510000228881836,6500
2023-07-03,9.329999923706055,9.640000343322754,9.220000267028809,9.640000343322754,3200
2023-07-05,9.850000381469727,9.850000381469727,9.15999984741211,9.15999984741211,5800
2023-07-06,9.229999542236328,9.229999542236328,8.670000076293945,8.710000038146973,2200
2023-07-07,8.90999984741211,9.359999656677246,8.210000038146973,8.670000076293945,126500
2023-07-10,8.5600004196167,8.899999618530273,8.5,8.510000228881836,8300
2023-07-11,8.649999618530273,8.770000457763672,8.0,8.770000457763672,29200
2023-07-12,8.6899995803833,8.970000267028809,8.680000305175781,8.970000267028809,3900
2023-07-13,8.869999885559082,8.920000076293945,8.869999885559082,8.869999885559082,4400
2023-07-14,8.520000457763672,8.760000228881836,8.510000228881836,8.609999656677246,8200
2023-07-17,8.600000381469727,8.65999984741211,8.399999618530273,8.399999618530273,24900
2023-07-18,8.470000267028809,8.6899995803833,8.399999618530273,8.489999771118164,69400
2023-07-19,8.430000305175781,8.789999961853027,8.3100004196167,8.729999542236328,51400
2023-07-20,8.850000381469727,8.850000381469727,8.300000190734863,8.329999923706055,9100
2023-07-21,8.369999885559082,8.8100004196167,8.369999885559082,8.609999656677246,6500
2023-07-24,8.420000076293945,8.649999618530273,8.3100004196167,8.3100004196167,8300
2023-07-25,8.359999656677246,8.399999618530273,7.869999885559082,8.279999732971191,12800
2023-07-26,8.289999961853027,8.5,7.769999980926514,8.170000076293945,26800
2023-07-27,8.020000457763672,8.5,7.840000152587891,8.0,14000
2023-07-28,8.09000015258789,8.109999656677246,7.860000133514404,7.960000038146973,12200
2023-07-31,8.199999809265137,8.390000343322754,7.980000019073486,8.149999618530273,36100
2023-08-01,8.050000190734863,8.239999771118164,7.820000171661377,7.900000095367432,12000
2023-08-02,8.199999809265137,8.859999656677246,7.960000038146973,8.569999694824219,63500
2023-08-03,8.600000381469727,9.239999771118164,8.5600004196167,9.050000190734863,19400
2023-08-04,8.850000381469727,9.539999961853027,8.850000381469727,9.0600004196167,35100
2023-08-07,8.869999885559082,8.869999885559082,8.75,8.800000190734863,5400
2023-08-08,9.0,9.470000267028809,9.0,9.119999885559082,7300
2023-08-09,9.390000343322754,9.390000343322754,8.760000228881836,8.760000228881836,8700
2023-08-10,8.729999542236328,9.539999961853027,8.520000457763672,9.180000305175781,28500
2023-08-11,9.039999961853027,9.619999885559082,9.029999732971191,9.260000228881836,14200
2023-08-14,9.270000457763672,9.289999961853027,8.9399995803833,8.9399995803833,1800
2023-08-15,8.9399995803833,9.09000015258789,8.8100004196167,9.029999732971191,6900
2023-08-16,9.029999732971191,9.260000228881836,9.029999732971191,9.260000228881836,1000
2023-08-17,8.890000343322754,9.229999542236328,8.890000343322754,9.1899995803833,3700
2023-08-18,8.899999618530273,9.300000190734863,8.899999618530273,8.920000076293945,24300
2023-08-21,8.800000190734863,9.279999732971191,8.5,8.880000114440918,21100
2023-08-22,8.970000267028809,9.020000457763672,8.75,8.829999923706055,11500
2023-08-23,8.770000457763672,8.770000457763672,8.699999809265137,8.729999542236328,5200
2023-08-24,8.569999694824219,8.770000457763672,8.430000305175781,8.739999771118164,7800
2023-08-25,8.760000228881836,9.050000190734863,8.75,8.75,18000
2023-08-28,8.65999984741211,8.979999542236328,8.5600004196167,8.6899995803833,1700
2023-08-29,8.699999809265137,8.829999923706055,8.699999809265137,8.829999923706055,1700
2023-08-30,8.75,9.100000381469727,8.6899995803833,8.720000267028809,18400
2023-08-31,8.970000267028809,9.029999732971191,8.6899995803833,8.6899995803833,14600
2023-09-01,8.630000114440918,8.979999542236328,8.510000228881836,8.550000190734863,11800
2023-09-05,8.630000114440918,8.800000190734863,8.390000343322754,8.5600004196167,6600
2023-09-06,8.890000343322754,8.979999542236328,8.300000190734863,8.300000190734863,19700
2023-09-07,8.300000190734863,8.760000228881836,7.940000057220459,8.210000038146973,23300
2023-09-08,8.40999984741211,8.40999984741211,8.289999961853027,8.350000381469727,2200
2023-09-11,8.229999542236328,8.609999656677246,8.140000343322754,8.5,9400
2023-09-12,8.770000457763672,8.770000457763672,8.460000038146973,8.5,1600
2023-09-13,8.59000015258789,8.729999542236328,8.470000267028809,8.470000267028809,3900
2023-09-14,8.649999618530273,8.65999984741211,8.449999809265137,8.5600004196167,2100
2023-09-15,8.59000015258789,8.630000114440918,8.149999618530273,8.460000038146973,11100
2023-09-18,8.369999885559082,8.609999656677246,8.220000267028809,8.449999809265137,5800
2023-09-19,8.399999618530273,8.640000343322754,8.25,8.569999694824219,1700
2023-09-20,8.239999771118164,8.5600004196167,8.050000190734863,8.220000267028809,13800
2023-09-21,8.25,8.359999656677246,8.0600004196167,8.279999732971191,11500
2023-09-22,8.34000015258789,8.34000015258789,8.199999809265137,8.199999809265137,3700
2023-09-25,8.199999809265137,8.300000190734863,8.050000190734863,8.050000190734863,4500
2023-09-26,7.900000095367432,8.279999732971191,7.800000190734863,8.279999732971191,6400
2023-09-27,8.25,8.260000228881836,7.940000057220459,7.940000057220459,3900
2023-09-28,7.860000133514404,7.860000133514404,7.860000133514404,7.860000133514404,200
2023-09-29,8.050000190734863,8.170000076293945,7.820000171661377,8.170000076293945,5200
2023-10-02,7.860000133514404,8.100000381469727,7.619999885559082,7.849999904632568,16800
2023-10-03,7.849999904632568,7.940000057220459,7.599999904632568,7.659999847412109,5700
2023-10-04,7.829999923706055,8.0,7.769999980926514,7.96999979019165,14500
2023-10-05,8.0,8.0,7.480000019073486,7.639999866485596,22300
2023-10-06,7.599999904632568,7.599999904632568,6.650000095367432,6.889999866485596,69100
2023-10-09,7.0,7.0,6.699999809265137,6.829999923706055,3900
2023-10-10,6.829999923706055,7.460000038146973,6.409999847412109,6.630000114440918,18400
2023-10-11,6.710000038146973,6.949999809265137,6.590000152587891,6.590000152587891,21300
2023-10-12,6.650000095367432,6.980000019073486,6.539999961853027,6.75,6300
2023-10-13,6.880000114440918,7.0,6.800000190734863,6.860000133514404,3300
2023-10-16,7.010000228881836,7.099999904632568,6.889999866485596,6.889999866485596,4200
2023-10-17,6.829999923706055,7.150000095367432,6.829999923706055,6.909999847412109,13600
2023-10-18,7.0,7.170000076293945,6.829999923706055,6.829999923706055,10000
2023-10-19,7.050000190734863,7.050000190734863,6.730000019073486,6.730000019073486,3300
2023-10-20,6.820000171661377,6.820000171661377,6.449999809265137,6.710000038146973,5100
2023-10-23,6.559999942779541,6.75,6.559999942779541,6.75,2800
2023-10-24,6.820000171661377,6.869999885559082,6.599999904632568,6.599999904632568,4100
2023-10-25,6.650000095367432,6.769999980926514,6.440000057220459,6.610000133514404,4600
2023-10-26,6.599999904632568,6.710000038146973,6.599999904632568,6.679999828338623,1300
2023-10-27,6.699999809265137,6.78000020980835,6.599999904632568,6.619999885559082,3400
2023-10-30,6.619999885559082,6.71999979019165,6.599999904632568,6.599999904632568,1400
2023-10-31,6.599999904632568,6.739999771118164,6.599999904632568,6.71999979019165,7900
2023-11-01,6.610000133514404,6.75,6.610000133514404,6.699999809265137,4000
2023-11-02,6.75,6.75,6.730000019073486,6.75,3200
2023-11-03,6.75,6.75,6.75,6.75,2200
2023-11-06,6.71999979019165,7.0,6.71999979019165,6.739999771118164,6400
2023-11-07,6.820000171661377,6.820000171661377,6.699999809265137,6.699999809265137,5200
2023-11-08,6.710000038146973,6.78000020980835,6.610000133514404,6.610000133514404,3800
2023-11-09,6.610000133514404,6.630000114440918,6.239999771118164,6.429999828338623,5800
2023-11-10,6.389999866485596,6.389999866485596,6.329999923706055,6.329999923706055,1400
2023-11-13,6.269999980926514,6.300000190734863,6.21999979019165,6.21999979019165,9600
2023-11-14,6.309999942779541,6.619999885559082,6.28000020980835,6.28000020980835,8800
2023-11-15,6.380000114440918,6.389999866485596,6.300000190734863,6.329999923706055,5300
2023-11-16,6.349999904632568,6.349999904632568,6.25,6.289999961853027,800
2023-11-17,6.170000076293945,6.349999904632568,6.170000076293945,6.349999904632568,9400
2023-11-20,6.309999942779541,6.480000019073486,6.25,6.460000038146973,9800
2023-11-21,6.449999809265137,6.53000020980835,6.449999809265137,6.53000020980835,4400
2023-11-22,6.579999923706055,6.75,6.579999923706055,6.75,1800
2023-11-24,7.019999980926514,7.099999904632568,6.900000095367432,7.099999904632568,800
2023-11-27,7.150000095367432,7.239999771118164,6.96999979019165,6.980000019073486,5000
2023-11-28,6.909999847412109,6.909999847412109,6.900000095367432,6.900000095367432,600
2023-11-29,6.800000190734863,6.880000114440918,6.579999923706055,6.579999923706055,1000
2023-11-30,6.909999847412109,6.909999847412109,6.329999923706055,6.349999904632568,9900
2023-12-01,6.650000095367432,6.800000190734863,6.489999771118164,6.489999771118164,11000
2023-12-04,6.53000020980835,6.889999866485596,6.400000095367432,6.760000228881836,6200
2023-12-05,6.769999980926514,6.869999885559082,6.489999771118164,6.489999771118164,11500
2023-12-06,6.5,6.699999809265137,6.420000076293945,6.590000152587891,9400
2023-12-07,6.599999904632568,6.960000038146973,6.599999904632568,6.960000038146973,9600
2023-12-08,7.300000190734863,8.1899995803833,7.300000190734863,7.929999828338623,55200
2023-12-11,7.929999828338623,8.399999618530273,7.929999828338623,8.180000305175781,42800
2023-12-12,8.180000305175781,8.34000015258789,8.010000228881836,8.09000015258789,27600
2023-12-13,8.100000381469727,8.289999961853027,7.78000020980835,8.069999694824219,17200
2023-12-14,8.149999618530273,8.34000015258789,8.0,8.0,7700
2023-12-15,8.050000190734863,8.1899995803833,7.820000171661377,7.849999904632568,16900
2023-12-18,7.789999961853027,8.239999771118164,7.789999961853027,7.949999809265137,19500
2023-12-19,7.960000038146973,8.149999618530273,7.960000038146973,8.149999618530273,20500
2023-12-20,8.15999984741211,8.15999984741211,7.769999980926514,8.050000190734863,13700
2023-12-21,8.0,8.0,8.0,8.0,1200
2023-12-22,8.149999618530273,8.329999923706055,7.920000076293945,8.100000381469727,12900
2023-12-26,7.920000076293945,8.149999618530273,7.650000095367432,7.650000095367432,2000
2023-12-27,7.809999942779541,7.949999809265137,7.519999980926514,7.949999809265137,20000
2023-12-28,7.960000038146973,8.0,7.619999885559082,7.929999828338623,14900
2023-12-29,7.829999923706055,8.180000305175781,7.619999885559082,7.940000057220459,9100
2024-01-02,7.900000095367432,8.170000076293945,7.900000095367432,8.119999885559082,8800
2024-01-03,8.149999618530273,8.199999809265137,7.78000020980835,8.180000305175781,14700
2024-01-04,8.180000305175781,8.699999809265137,8.180000305175781,8.699999809265137,24100
2024-01-05,8.25,8.6899995803833,8.25,8.59000015258789,28700
2024-01-08,8.420000076293945,8.600000381469727,8.420000076293945,8.5,6200
2024-01-09,8.59000015258789,8.59000015258789,8.40999984741211,8.420000076293945,6700
2024-01-10,8.430000305175781,8.470000267028809,8.300000190734863,8.449999809265137,4600
2024-01-11,8.479999542236328,8.479999542236328,8.350000381469727,8.359999656677246,8400
2024-01-12,7.960000038146973,8.420000076293945,7.960000038146973,8.350000381469727,5600
2024-01-16,8.350000381469727,8.350000381469727,8.350000381469727,8.350000381469727,0
2024-01-17,8.489999771118164,8.5,8.300000190734863,8.300000190734863,1400
2024-01-18,8.25,8.25,8.119999885559082,8.119999885559082,2500
2024-01-19,8.300000190734863,8.300000190734863,8.119999885559082,8.289999961853027,2100
2024-01-22,8.15999984741211,8.289999961853027,8.050000190734863,8.0600004196167,10400
2024-01-23,8.0600004196167,8.100000381469727,7.849999904632568,7.889999866485596,6100
2024-01-24,7.960000038146973,8.220000267028809,7.960000038146973,8.119999885559082,10200
2024-01-25,8.220000267028809,8.600000381469727,8.100000381469727,8.59000015258789,10700
2024-01-26,8.319999694824219,8.319999694824219,8.3100004196167,8.3100004196167,1200
2024-01-29,8.3100004196167,8.3100004196167,8.3100004196167,8.3100004196167,0
2024-01-30,8.3100004196167,8.399999618530273,8.010000228881836,8.010000228881836,2900
2024-01-31,8.479999542236328,8.479999542236328,8.029999732971191,8.029999732971191,4400
2024-02-01,8.229999542236328,8.260000228881836,8.010000228881836,8.1899995803833,3000
2024-02-02,8.029999732971191,8.399999618530273,8.029999732971191,8.399999618530273,900
2024-02-05,8.020000457763672,8.300000190734863,8.020000457763672,8.300000190734863,1500
2024-02-06,8.300000190734863,8.300000190734863,8.119999885559082,8.149999618530273,3000
2024-02-07,8.100000381469727,8.100000381469727,8.010000228881836,8.100000381469727,7300
2024-02-08,8.350000381469727,8.5,8.119999885559082,8.119999885559082,800
2024-02-09,8.100000381469727,8.319999694824219,8.100000381469727,8.199999809265137,2300
2024-02-12,8.199999809265137,8.199999809265137,8.149999618530273,8.15999984741211,3600
2024-02-13,8.050000190734863,8.050000190734863,8.050000190734863,8.050000190734863,1100
2024-02-14,8.079999923706055,8.25,8.079999923706055,8.25,1600
2024-02-15,8.25,8.25,8.25,8.25,0
2024-02-16,8.020000457763672,8.350000381469727,8.020000457763672,8.199999809265137,6600
2024-02-20,8.229999542236328,8.25,7.920000076293945,7.920000076293945,10600
2024-02-21,7.860000133514404,8.0600004196167,7.820000171661377,8.0600004196167,2600
2024-02-22,7.820000171661377,8.119999885559082,7.820000171661377,8.100000381469727,8800
2024-02-23,8.050000190734863,8.25,7.909999847412109,7.989999771118164,5400
2024-02-26,7.820000171661377,8.069999694824219,7.820000171661377,7.929999828338623,2500
2024-02-27,7.900000095367432,7.949999809265137,7.809999942779541,7.949999809265137,2700
2024-02-28,7.909999847412109,7.940000057220459,7.900000095367432,7.940000057220459,3000
2024-02-29,8.0,8.0,7.670000076293945,7.670000076293945,3000
2024-03-01,7.75,7.949999809265137,7.53000020980835,7.630000114440918,11500
2024-03-04,7.860000133514404,7.860000133514404,7.519999980926514,7.789999961853027,4800
2024-03-05,7.619999885559082,7.849999904632568,7.53000020980835,7.760000228881836,2100
2024-03-06,7.559999942779541,7.800000190734863,7.559999942779541,7.800000190734863,1300
2024-03-07,7.800000190734863,7.800000190734863,7.679999828338623,7.789999961853027,3100
2024-03-08,7.909999847412109,7.909999847412109,7.559999942779541,7.639999866485596,7400
2024-03-11,7.679999828338623,7.949999809265137,7.650000095367432,7.949999809265137,4800
2024-03-12,7.869999885559082,7.869999885559082,7.650000095367432,7.650000095367432,2100
2024-03-13,7.800000190734863,7.920000076293945,7.710000038146973,7.710000038146973,3700
2024-03-14,7.539999961853027,7.949999809265137,7.539999961853027,7.949999809265137,3500
2024-03-15,7.949999809265137,8.199999809265137,7.920000076293945,8.199999809265137,5500
2024-03-18,7.860000133514404,7.949999809265137,7.860000133514404,7.880000114440918,2400
2024-03-19,7.659999847412109,8.170000076293945,7.550000190734863,8.010000228881836,9000
2024-03-20,7.909999847412109,7.949999809265137,7.710000038146973,7.949999809265137,6400
2024-03-21,7.75,8.0600004196167,7.730000019073486,7.909999847412109,7700
2024-03-22,8.149999618530273,8.149999618530273,7.710000038146973,8.010000228881836,4000
2024-03-25,8.140000343322754,8.140000343322754,8.140000343322754,8.140000343322754,400
2024-03-26,7.820000171661377,8.020000457763672,7.769999980926514,7.860000133514404,2900
2024-03-27,8.029999732971191,8.199999809265137,7.860000133514404,8.050000190734863,6700
2024-03-28,8.029999732971191,8.100000381469727,7.900000095367432,7.900000095367432,2400
2024-04-01,7.949999809265137,8.199999809265137,7.920000076293945,7.929999828338623,13600
2024-04-02,8.09000015258789,8.09000015258789,8.050000190734863,8.050000190734863,2800
2024-04-03,8.050000190734863,8.199999809265137,7.909999847412109,7.909999847412109,4800
2024-04-04,8.0600004196167,8.0600004196167,7.949999809265137,8.039999961853027,3100
2024-04-05,8.039999961853027,8.09000015258789,7.900000095367432,8.079999923706055,3600
2024-04-08,8.0600004196167,8.079999923706055,7.78000020980835,7.800000190734863,9100
2024-04-09,7.849999904632568,7.849999904632568,7.699999809265137,7.820000171661377,3100
2024-04-10,7.699999809265137,7.699999809265137,7.329999923706055,7.699999809265137,7800
2024-04-11,7.5,7.5,7.420000076293945,7.420000076293945,600
2024-04-12,7.519999980926514,7.75,7.519999980926514,7.610000133514404,8500
2024-04-15,7.550000190734863,7.550000190734863,7.400000095367432,7.420000076293945,5300
2024-04-16,7.550000190734863,7.550000190734863,7.119999885559082,7.300000190734863,7900
2024-04-17,7.300000190734863,7.5,7.25,7.400000095367432,4300
2024-04-18,7.400000095367432,7.400000095367432,6.829999923706055,7.099999904632568,25400
2024-04-19,7.289999961853027,7.360000133514404,7.139999866485596,7.179999828338623,2700
2024-04-22,7.170000076293945,7.239999771118164,6.849999904632568,6.849999904632568,13900
2024-04-23,7.0,7.320000171661377,7.0,7.0,2000
2024-04-24,7.150000095367432,7.260000228881836,7.150000095367432,7.230000019073486,3300
2024-04-25,7.0,7.199999809265137,7.0,7.170000076293945,4100
2024-04-26,7.25,8.149999618530273,7.230000019073486,7.949999809265137,54100
2024-04-29,8.199999809265137,8.449999809265137,8.0,8.199999809265137,40200
2024-04-30,8.319999694824219,8.640000343322754,8.1899995803833,8.600000381469727,21800
2024-05-01,8.510000228881836,8.579999923706055,8.220000267028809,8.579999923706055,16600
2024-05-02,8.579999923706055,9.15999984741211,8.579999923706055,8.800000190734863,25800
2024-05-03,8.800000190734863,9.020000457763672,8.800000190734863,8.850000381469727,16100
2024-05-06,9.0600004196167,9.449999809265137,9.0,9.119999885559082,27100
2024-05-07,9.239999771118164,9.270000457763672,9.149999618530273,9.149999618530273,16500
2024-05-08,9.25,9.25,9.149999618530273,9.239999771118164,4600
2024-05-09,9.220000267028809,9.270000457763672,8.859999656677246,9.180000305175781,24900
2024-05-10,9.270000457763672,9.270000457763672,8.850000381469727,8.920000076293945,3900
2024-05-13,9.039999961853027,9.239999771118164,8.970000267028809,9.0600004196167,8800
2024-05-14,9.140000343322754,9.140000343322754,8.970000267028809,9.119999885559082,2200
2024-05-15,9.029999732971191,9.09000015258789,8.75,8.960000038146973,14600
2024-05-16,9.0,9.0,8.800000190734863,8.859999656677246,4200
2024-05-17,8.800000190734863,8.90999984741211,8.760000228881836,8.760000228881836,4100
2024-05-20,8.680000305175781,8.90999984741211,8.569999694824219,8.760000228881836,10100
2024-05-21,8.869999885559082,8.899999618530273,8.800000190734863,8.890000343322754,11500
2024-05-22,8.859999656677246,8.90999984741211,8.710000038146973,8.899999618530273,9100
2024-05-23,8.880000114440918,8.899999618530273,8.859999656677246,8.859999656677246,1500
2024-05-24,8.779999732971191,9.0,8.699999809265137,9.0,22300
2024-05-28,9.0,9.199999809265137,9.0,9.149999618530273,10000
2024-05-29,9.0,9.140000343322754,8.899999618530273,9.039999961853027,29000
2024-05-30,8.9399995803833,9.210000038146973,8.90999984741211,8.979999542236328,11400
2024-05-31,9.0,9.0,8.880000114440918,8.949999809265137,14200
2024-06-03,9.0,9.210000038146973,8.930000305175781,9.210000038146973,50500
2024-06-04,9.09000015258789,9.210000038146973,9.069999694824219,9.140000343322754,8400
2024-06-05,9.039999961853027,9.100000381469727,8.9399995803833,9.100000381469727,8600
2024-06-06,9.100000381469727,9.199999809265137,9.0,9.199999809265137,7700
2024-06-07,9.199999809265137,9.270000457763672,9.050000190734863,9.260000228881836,14500
2024-06-10,9.199999809265137,9.199999809265137,9.100000381469727,9.170000076293945,7100
2024-06-11,9.25,9.25,9.130000114440918,9.199999809265137,5700
2024-06-12,9.25,9.25,9.010000228881836,9.149999618530273,6000
2024-06-13,9.25,9.880000114440918,9.130000114440918,9.199999809265137,88000
2024-06-14,9.380000114440918,9.739999771118164,9.0,9.300000190734863,19900
2024-06-17,9.300000190734863,9.579999923706055,8.65999984741211,8.779999732971191,33400
2024-06-18,8.880000114440918,9.119999885559082,8.75,8.75,9200
2024-06-20,8.75,8.989999771118164,8.75,8.960000038146973,6200
2024-06-21,8.850000381469727,9.079999923706055,8.800000190734863,9.079999923706055,19400
2024-06-24,8.9399995803833,8.949999809265137,8.770000457763672,8.930000305175781,11300
2024-06-25,8.930000305175781,9.020000457763672,8.829999923706055,8.899999618530273,10000
2024-06-26,8.75,9.079999923706055,8.75,9.079999923706055,8100
2024-06-27,9.050000190734863,9.050000190734863,8.75,9.0,8900
2024-06-28,8.970000267028809,8.970000267028809,8.800000190734863,8.899999618530273,6300
2024-07-01,8.800000190734863,8.800000190734863,8.239999771118164,8.539999961853027,8100
2024-07-02,8.449999809265137,8.470000267028809,8.260000228881836,8.279999732971191,14500
2024-07-03,8.199999809265137,8.489999771118164,8.109999656677246,8.300000190734863,8300
2024-07-05,8.300000190734863,8.3100004196167,8.100000381469727,8.3100004196167,8600
2024-07-08,8.3100004196167,8.479999542236328,8.149999618530273,8.460000038146973,13700
2024-07-09,8.170000076293945,8.399999618530273,8.100000381469727,8.199999809265137,13500
2024-07-10,8.109999656677246,8.1899995803833,8.0,8.0600004196167,3100
2024-07-11,8.199999809265137,8.380000114440918,7.71999979019165,8.0600004196167,19300
2024-07-12,8.15999984741211,8.300000190734863,8.050000190734863,8.279999732971191,14300
2024-07-15,8.300000190734863,9.0,8.079999923706055,8.399999618530273,61800
2024-07-16,8.579999923706055,9.350000381469727,8.579999923706055,9.350000381469727,19000
2024-07-17,9.399999618530273,9.779999732971191,9.399999618530273,9.619999885559082,24600
2024-07-18,9.720000267028809,9.729999542236328,9.399999618530273,9.40999984741211,8300
2024-07-19,9.729999542236328,9.729999542236328,9.420000076293945,9.59000015258789,3700
2024-07-22,9.630000114440918,9.630000114440918,9.449999809265137,9.539999961853027,3400
2024-07-23,9.619999885559082,9.739999771118164,9.449999809265137,9.649999618530273,16900
2024-07-24,9.739999771118164,9.770000457763672,9.5,9.699999809265137,9300
2024-07-25,9.699999809265137,9.699999809265137,9.470000267028809,9.470000267028809,1500
2024-07-26,9.420000076293945,9.6899995803833,9.420000076293945,9.579999923706055,6300
2024-07-29,9.4399995803833,9.670000076293945,9.399999618530273,9.4399995803833,6400
2024-07-30,9.390000343322754,9.430000305175781,9.34000015258789,9.380000114440918,7000
2024-07-31,8.960000038146973,9.630000114440918,8.960000038146973,9.489999771118164,8300
2024-08-01,9.399999618530273,9.550000190734863,9.130000114440918,9.550000190734863,13200
2024-08-02,8.989999771118164,9.260000228881836,8.520000457763672,8.609999656677246,6100
2024-08-05,8.65999984741211,8.970000267028809,8.449999809265137,8.930000305175781,17200
2024-08-06,9.130000114440918,9.130000114440918,8.539999961853027,8.899999618530273,1900
2024-08-07,8.90999984741211,8.920000076293945,8.880000114440918,8.880000114440918,700
2024-08-08,8.609999656677246,8.850000381469727,8.4399995803833,8.4399995803833,9600
2024-08-09,8.34000015258789,9.270000457763672,8.34000015258789,8.899999618530273,12200
2024-08-12,8.520000457763672,8.649999618530273,8.420000076293945,8.420000076293945,4000
2024-08-13,8.529999732971191,8.5600004196167,8.260000228881836,8.260000228881836,5500
2024-08-14,8.529999732971191,8.529999732971191,8.399999618530273,8.529999732971191,4400
2024-08-15,8.420000076293945,8.680000305175781,8.420000076293945,8.479999542236328,3200
2024-08-16,8.479999542236328,8.539999961853027,8.350000381469727,8.520000457763672,6500
2024-08-19,8.5,8.539999961853027,8.229999542236328,8.380000114440918,8200
2024-08-20,8.479999542236328,8.520000457763672,8.229999542236328,8.449999809265137,6100
2024-08-21,8.520000457763672,8.880000114440918,8.4399995803833,8.880000114440918,6200
2024-08-22,8.880000114440918,9.270000457763672,8.880000114440918,9.0,8900
2024-08-23,8.65999984741211,12.430000305175781,8.65999984741211,11.5,202300
2024-08-26,11.449999809265137,11.449999809265137,10.390000343322754,10.800000190734863,50100
2024-08-27,10.979999542236328,10.979999542236328,9.699999809265137,10.489999771118164,22800
2024-08-28,9.979999542236328,10.5,9.880000114440918,10.5,13200
2024-08-29,10.5,10.5,10.119999885559082,10.300000190734863,38600
2024-08-30,10.329999923706055,10.399999618530273,10.0,10.220000267028809,6500
2024-09-03,10.319999694824219,10.319999694824219,9.899999618530273,10.25,17800
2024-09-04,10.109999656677246,10.199999809265137,9.880000114440918,10.149999618530273,15000
2024-09-05,10.09000015258789,10.149999618530273,10.010000228881836,10.069999694824219,2700
2024-09-06,9.899999618530273,10.399999618530273,9.899999618530273,10.399999618530273,2600
2024-09-09,10.039999961853027,10.479999542236328,9.8100004196167,10.1899995803833,17600
2024-09-10,9.75,10.079999923706055,9.75,10.0,7800
2024-09-11,10.779999732971191,12.300000190734863,10.779999732971191,11.569999694824219,162900
2024-09-12,11.5,12.0,10.529999732971191,11.949999809265137,65800
2024-09-13,11.989999771118164,12.380000114440918,11.289999961853027,12.210000038146973,96200
2024-09-16,12.25,13.4399995803833,11.75,13.069999694824219,77900
2024-09-17,13.010000228881836,13.180000305175781,12.760000228881836,12.789999961853027,31500
2024-09-18,12.800000190734863,13.25,12.449999809265137,12.859999656677246,28800
2024-09-19,13.050000190734863,13.09000015258789,12.710000038146973,12.949999809265137,36100
2024-09-20,12.84000015258789,13.100000381469727,12.739999771118164,13.0,48100
2024-09-23,12.819999694824219,13.25,12.630000114440918,13.100000381469727,41800
2024-09-24,13.109999656677246,13.25,12.890000343322754,13.130000114440918,18200
2024-09-25,13.130000114440918,13.130000114440918,12.09000015258789,12.109999656677246,28800
2024-09-26,12.489999771118164,12.789999961853027,11.75,12.1899995803833,67900
2024-09-27,12.010000228881836,12.100000381469727,11.640000343322754,11.649999618530273,22000
2024-09-30,11.739999771118164,13.149999618530273,11.649999618530273,12.979999542236328,61500
2024-10-01,13.020000457763672,13.229999542236328,12.739999771118164,12.779999732971191,22200
2024-10-02,12.75,13.229999542236328,12.75,13.1899995803833,20700
2024-10-03,13.220000267028809,13.5,13.199999809265137,13.470000267028809,103400
2024-10-04,13.5,14.479999542236328,13.5,14.300000190734863,47000
2024-10-07,14.34000015258789,14.34000015258789,13.3100004196167,13.3100004196167,28900
2024-10-08,13.350000381469727,13.350000381469727,12.819999694824219,12.829999923706055,32400
2024-10-09,12.829999923706055,13.470000267028809,12.489999771118164,13.329999923706055,27800
2024-10-10,13.420000076293945,13.420000076293945,13.100000381469727,13.369999885559082,9400
2024-10-11,13.369999885559082,13.770000457763672,12.819999694824219,13.4399995803833,19000
2024-10-14,13.4399995803833,13.6899995803833,13.149999618530273,13.399999618530273,48200
2024-10-15,13.329999923706055,13.520000457763672,13.0,13.0,16100
2024-10-16,13.180000305175781,13.180000305175781,12.609999656677246,13.020000457763672,11500
2024-10-17,13.109999656677246,13.399999618530273,12.800000190734863,13.229999542236328,18500
2024-10-18,13.34000015258789,13.34000015258789,13.039999961853027,13.15999984741211,14300
2024-10-21,13.010000228881836,13.180000305175781,12.710000038146973,12.979999542236328,13100
2024-10-22,12.90999984741211,13.199999809265137,12.720000267028809,13.199999809265137,19700
2024-10-23,13.0,13.0600004196167,12.720000267028809,13.0600004196167,11800
2024-10-24,13.010000228881836,13.039999961853027,12.550000190734863,12.75,22500
2024-10-25,12.720000267028809,13.289999961853027,12.600000381469727,13.1899995803833,34700
2024-10-28,13.390000343322754,13.8100004196167,12.90999984741211,12.989999771118164,58900
2024-10-29,12.350000381469727,13.09000015258789,12.350000381469727,12.979999542236328,9300
2024-10-30,12.979999542236328,13.260000228881836,12.970000267028809,13.180000305175781,23600
2024-10-31,13.180000305175781,13.180000305175781,12.569999694824219,12.989999771118164,9600
2024-11-01,13.0,13.09000015258789,12.710000038146973,12.779999732971191,11000
2024-11-04,12.84000015258789,13.489999771118164,12.779999732971191,13.199999809265137,99200
2024-11-05,13.390000343322754,14.5,13.260000228881836,14.449999809265137,88300
2024-11-06,14.850000381469727,15.420000076293945,14.15999984741211,14.710000038146973,82900
2024-11-07,14.899999618530273,15.270000457763672,14.329999923706055,14.359999656677246,66800
2024-11-08,14.640000343322754,14.850000381469727,14.300000190734863,14.3100004196167,49100
2024-11-11,14.399999618530273,15.380000114440918,14.399999618530273,14.630000114440918,56500
2024-11-12,14.699999809265137,14.8100004196167,14.170000076293945,14.4399995803833,68300
2024-11-13,14.569999694824219,14.779999732971191,14.449999809265137,14.729999542236328,33500
2024-11-14,14.649999618530273,14.649999618530273,14.130000114440918,14.529999732971191,37700
2024-11-15,14.399999618530273,14.399999618530273,14.079999923706055,14.140000343322754,30400
2024-11-18,14.100000381469727,14.100000381469727,13.5,13.84000015258789,51500
2024-11-19,13.84000015258789,14.380000114440918,13.779999732971191,14.359999656677246,55300
2024-11-20,14.40999984741211,15.90999984741211,14.300000190734863,15.770000457763672,74800
2024-11-21,15.510000228881836,16.31999969482422,15.039999961853027,15.399999618530273,58500
2024-11-22,15.0,15.649999618530273,14.829999923706055,15.350000381469727,46500
2024-11-25,15.3100004196167,15.359999656677246,14.779999732971191,15.270000457763672,63600
2024-11-26,15.270000457763672,15.619999885559082,14.640000343322754,15.520000457763672,55600
2024-11-27,15.5600004196167,15.699999809265137,15.449999809265137,15.489999771118164,44400
2024-11-29,15.329999923706055,15.800000190734863,14.569999694824219,15.34000015258789,35700
2024-12-02,15.640000343322754,15.789999961853027,15.199999809265137,15.789999961853027,89000
2024-12-03,15.84000015258789,17.030000686645508,15.550000190734863,16.959999084472656,92100
2024-12-04,17.100000381469727,17.280000686645508,16.639999389648438,16.84000015258789,65900
2024-12-05,16.799999237060547,17.579999923706055,16.5,16.639999389648438,74300
2024-12-06,16.81999969482422,17.0,15.829999923706055,16.56999969482422,70200
2024-12-09,16.760000228881836,17.440000534057617,16.600000381469727,16.920000076293945,58400
2024-12-10,16.760000228881836,17.079999923706055,16.56999969482422,16.860000610351562,37500
2024-12-11,16.8799991607666,17.1299991607666,16.65999984741211,17.020000457763672,23000
2024-12-12,17.09000015258789,17.09000015258789,16.709999084472656,16.75,15900
2024-12-13,16.799999237060547,16.799999237060547,15.850000381469727,16.3700008392334,28700
2024-12-16,16.280000686645508,16.350000381469727,15.569999694824219,15.710000038146973,46600
2024-12-17,15.479999542236328,16.25,15.34000015258789,16.079999923706055,47500
2024-12-18,15.979999542236328,16.239999771118164,13.8100004196167,13.8100004196167,93900
2024-12-19,14.119999885559082,14.279999732971191,13.279999732971191,14.25,52900
2024-12-20,14.0,14.010000228881836,13.0,13.479999542236328,77400
2024-12-23,13.3100004196167,14.5,13.0,14.5,103300
2024-12-24,14.75,17.5,14.65999984741211,16.389999389648438,109300
2024-12-26,16.100000381469727,16.899999618530273,15.579999923706055,16.229999542236328,43800
2024-12-27,16.020000457763672,16.420000076293945,15.760000228881836,15.899999618530273,36400
2024-12-30,16.1299991607666,16.200000762939453,14.9399995803833,15.220000267028809,49500
2024-12-31,15.170000076293945,15.170000076293945,14.680000305175781,14.949999809265137,20200
2025-01-02,15.0,15.0,14.34000015258789,14.489999771118164,29000
2025-01-03,14.5,14.75,14.270000457763672,14.350000381469727,22500
2025-01-06,14.25,14.350000381469727,13.630000114440918,13.630000114440918,41800
2025-01-07,13.800000190734863,13.800000190734863,13.399999618530273,13.529999732971191,31300
2025-01-08,13.430000305175781,13.859999656677246,13.329999923706055,13.390000343322754,25600
2025-01-10,13.649999618530273,15.270000457763672,13.649999618530273,14.6899995803833,81300
2025-01-13,14.630000114440918,14.880000114440918,14.029999732971191,14.640000343322754,36200
2025-01-14,14.489999771118164,14.930000305175781,14.140000343322754,14.829999923706055,29500
2025-01-15,15.0,15.0,14.109999656677246,14.4399995803833,30100
2025-01-16,14.5,14.550000190734863,14.329999923706055,14.5,10500
2025-01-17,14.40999984741211,14.680000305175781,14.199999809265137,14.680000305175781,28400
2025-01-21,14.75,15.25,14.529999732971191,15.25,26300
2025-01-22,15.279999732971191,17.079999923706055,15.039999961853027,16.56999969482422,78000
2025-01-23,16.3700008392334,16.65999984741211,15.65999984741211,16.239999771118164,26400
2025-01-24,16.030000686645508,16.5,15.819999694824219,16.06999969482422,14800
2025-01-27,15.899999618530273,16.8700008392334,15.619999885559082,16.0,35200
2025-01-28,15.949999809265137,15.989999771118164,15.390000343322754,15.390000343322754,16400
2025-01-29,15.569999694824219,15.8100004196167,15.260000228881836,15.319999694824219,29500
2025-01-30,15.260000228881836,15.920000076293945,15.25,15.25,18900
2025-01-31,15.25,15.430000305175781,14.9399995803833,15.1899995803833,14000
2025-02-03,14.930000305175781,15.260000228881836,14.75,14.899999618530273,18900
2025-02-04,15.100000381469727,15.100000381469727,14.850000381469727,14.850000381469727,12800
2025-02-05,15.0600004196167,15.199999809265137,14.800000190734863,15.130000114440918,7900
2025-02-06,14.920000076293945,15.109999656677246,14.75,14.850000381469727,18200
2025-02-07,14.850000381469727,15.09000015258789,14.75,14.949999809265137,12000
2025-02-10,14.880000114440918,14.979999542236328,14.75,14.850000381469727,10400
2025-02-11,14.850000381469727,14.880000114440918,14.319999694824219,14.5600004196167,16900
2025-02-12,14.329999923706055,14.630000114440918,14.319999694824219,14.529999732971191,11300
2025-02-13,14.369999885559082,14.850000381469727,14.319999694824219,14.470000267028809,7400
2025-02-14,14.75,15.149999618530273,14.460000038146973,15.079999923706055,45300
2025-02-18,15.0,15.279999732971191,14.760000228881836,15.0,17900
2025-02-19,14.850000381469727,15.149999618530273,14.850000381469727,15.130000114440918,8200
2025-02-20,14.720000267028809,14.899999618530273,14.270000457763672,14.350000381469727,23400
2025-02-21,14.350000381469727,14.350000381469727,14.050000190734863,14.09000015258789,14600
2025-02-24,14.479999542236328,14.479999542236328,13.489999771118164,13.489999771118164,55000
2025-02-25,13.359999656677246,13.869999885559082,13.359999656677246,13.569999694824219,20900
2025-02-26,13.350000381469727,14.119999885559082,13.0600004196167,13.149999618530273,36600
2025-02-27,13.100000381469727,13.449999809265137,13.100000381469727,13.329999923706055,10100
2025-02-28,13.34000015258789,13.569999694824219,13.199999809265137,13.40999984741211,17400
2025-03-03,13.369999885559082,13.489999771118164,13.329999923706055,13.369999885559082,20100
2025-03-04,13.489999771118164,13.489999771118164,13.0600004196167,13.0600004196167,18800
2025-03-05,13.199999809265137,13.75,13.0600004196167,13.729999542236328,55600
2025-03-06,13.460000038146973,14.520000457763672,13.239999771118164,14.520000457763672,20400
2025-03-07,14.5,14.680000305175781,13.739999771118164,13.930000305175781,48500
2025-03-10,13.920000076293945,14.529999732971191,12.890000343322754,13.010000228881836,26800
2025-03-11,13.0,13.319999694824219,12.989999771118164,13.039999961853027,11100
2025-03-12,13.180000305175781,13.800000190734863,12.779999732971191,13.479999542236328,25100
2025-03-13,13.050000190734863,13.079999923706055,12.630000114440918,12.869999885559082,15800
2025-03-14,12.670000076293945,13.420000076293945,12.670000076293945,13.130000114440918,18200
2025-03-17,12.720000267028809,13.770000457763672,12.720000267028809,13.680000305175781,9400
2025-03-18,13.59000015258789,13.75,13.59000015258789,13.649999618530273,4400
2025-03-19,13.670000076293945,14.119999885559082,13.670000076293945,14.119999885559082,21700
2025-03-20,14.119999885559082,14.199999809265137,13.789999961853027,14.0600004196167,17500
2025-03-21,14.0600004196167,14.069999694824219,13.75,13.760000228881836,13500
2025-03-24,13.899999618530273,14.09000015258789,13.680000305175781,13.989999771118164,20100
2025-03-25,14.050000190734863,14.050000190734863,13.8100004196167,13.829999923706055,10900
2025-03-26,13.989999771118164,13.989999771118164,13.680000305175781,13.6899995803833,5600
2025-03-27,13.84000015258789,13.920000076293945,13.550000190734863,13.880000114440918,18400
2025-03-28,13.800000190734863,13.800000190734863,13.260000228881836,13.470000267028809,7300
2025-03-31,13.34000015258789,13.600000381469727,12.350000381469727,12.430000305175781,45800
2025-04-01,12.010000228881836,12.460000038146973,11.5,11.609999656677246,55800
2025-04-02,11.289999961853027,12.0,11.279999732971191,11.59000015258789,36200
2025-04-03,11.279999732971191,11.770000457763672,11.140000343322754,11.579999923706055,37300
2025-04-04,11.220000267028809,11.449999809265137,10.850000381469727,11.279999732971191,32900
2025-04-07,10.489999771118164,11.210000038146973,10.260000228881836,10.84000015258789,44000
2025-04-08,10.670000076293945,10.850000381469727,8.8100004196167,9.229999542236328,108100
2025-04-09,9.34000015258789,11.350000381469727,8.819999694824219,11.319999694824219,223000
2025-04-10,10.760000228881836,11.369999885559082,10.319999694824219,10.529999732971191,35300
2025-04-11,10.529999732971191,11.199999809265137,10.319999694824219,10.75,40000
2025-04-14,11.289999961853027,11.390000343322754,10.899999618530273,11.170000076293945,33400
2025-04-15,11.119999885559082,11.859999656677246,11.119999885559082,11.600000381469727,28600
2025-04-16,11.600000381469727,12.170000076293945,11.5,12.149999618530273,19100
2025-04-17,12.279999732971191,12.5,11.829999923706055,11.960000038146973,34200
2025-04-21,11.859999656677246,12.359999656677246,11.850000381469727,11.850000381469727,24200
2025-04-22,11.9399995803833,12.220000267028809,11.850000381469727,11.850000381469727,8800
2025-04-23,12.300000190734863,12.300000190734863,11.850000381469727,11.850000381469727,11100
2025-04-24,12.100000381469727,13.09000015258789,12.100000381469727,13.09000015258789,41100
2025-04-25,13.210000038146973,13.210000038146973,12.300000190734863,12.649999618530273,11500
2025-04-28,12.6899995803833,12.850000381469727,12.520000457763672,12.710000038146973,8800
2025-04-29,12.630000114440918,12.869999885559082,12.1899995803833,12.3100004196167,10100
2025-04-30,12.25,12.25,11.920000076293945,12.0,8900
2025-05-01,12.09000015258789,12.3100004196167,11.220000267028809,11.229999542236328,95900
2025-05-02,12.460000038146973,15.3100004196167,12.079999923706055,13.5,97000
2025-05-05,13.329999923706055,14.09000015258789,13.109999656677246,13.369999885559082,36900
2025-05-06,13.369999885559082,13.510000228881836,12.960000038146973,12.979999542236328,27600
2025-05-07,12.979999542236328,13.010000228881836,12.720000267028809,12.800000190734863,8500
2025-05-08,13.0,13.329999923706055,13.0,13.25,9900
2025-05-09,13.229999542236328,13.819999694824219,13.039999961853027,13.550000190734863,25200
2025-05-12,13.920000076293945,13.920000076293945,13.359999656677246,13.529999732971191,25800
2025-05-13,13.600000381469727,14.130000114440918,13.600000381469727,14.100000381469727,25900
2025-05-14,14.149999618530273,15.010000228881836,13.710000038146973,14.029999732971191,39500
2025-05-15,14.029999732971191,14.130000114440918,13.930000305175781,14.100000381469727,10200
2025-05-16,14.100000381469727,14.199999809265137,13.59000015258789,13.59000015258789,21900
2025-05-19,13.40999984741211,13.75,13.369999885559082,13.489999771118164,7800
2025-05-20,13.5,13.550000190734863,12.9399995803833,12.9399995803833,10600
2025-05-21,12.770000457763672,13.5,12.5,12.710000038146973,8900
2025-05-22,12.710000038146973,13.619999885559082,12.699999809265137,13.619999885559082,16900
2025-05-23,13.210000038146973,13.3100004196167,12.789999961853027,13.020000457763672,27100
2025-05-27,13.289999961853027,13.710000038146973,12.8100004196167,13.420000076293945,28100
2025-05-28,13.100000381469727,13.539999961853027,13.100000381469727,13.34000015258789,8800
2025-05-29,13.34000015258789,13.510000228881836,13.34000015258789,13.510000228881836,4400
2025-05-30,13.529999732971191,13.529999732971191,13.210000038146973,13.289999961853027,4200
2025-06-02,13.199999809265137,13.630000114440918,13.199999809265137,13.529999732971191,11400
2025-06-03,13.5,14.350000381469727,13.199999809265137,14.229999542236328,21600
2025-06-04,14.180000305175781,14.90999984741211,14.180000305175781,14.600000381469727,19200
2025-06-05,14.5,14.850000381469727,14.399999618530273,14.399999618530273,18900
2025-06-06,14.550000190734863,14.84000015258789,14.539999961853027,14.539999961853027,6900
2025-06-09,14.720000267028809,14.890000343322754,14.220000267028809,14.600000381469727,14900
2025-06-10,14.720000267028809,14.720000267028809,14.329999923706055,14.350000381469727,19900
2025-06-11,14.779999732971191,14.779999732971191,14.260000228881836,14.5,6900
2025-06-12,14.640000343322754,14.640000343322754,14.270000457763672,14.569999694824219,14800
2025-06-13,17.0,19.139999389648438,16.5,17.329999923706055,214500
2025-06-16,18.389999389648438,22.700000762939453,17.989999771118164,22.09000015258789,414500
2025-06-17,22.219999313354492,22.790000915527344,21.110000610351562,22.5,96600
2025-06-18,22.739999771118164,23.170000076293945,20.239999771118164,21.200000762939453,120700
2025-06-20,21.420000076293945,22.239999771118164,20.209999084472656,20.700000762939453,43800
2025-06-23,20.829999923706055,24.469999313354492,20.829999923706055,23.510000228881836,122900
2025-06-24,23.559999465942383,23.989999771118164,21.93000030517578,22.0,48300
2025-06-25,22.649999618530273,22.809999465942383,21.5,22.25,53300
2025-06-26,22.43000030517578,24.5,22.1299991607666,23.8700008392334,63400
2025-06-27,24.100000381469727,24.100000381469727,22.5,22.979999542236328,38000
2025-06-30,23.030000686645508,23.219999313354492,22.100000381469727,22.8700008392334,93000
2025-07-01,22.68000030517578,22.84000015258789,22.239999771118164,22.5,47700
2025-07-02,22.709999084472656,24.489999771118164,22.260000228881836,24.06999969482422,103800
2025-07-03,24.25,24.25,23.209999084472656,23.979999542236328,21900
2025-07-07,23.889999389648438,23.899999618530273,22.709999084472656,23.139999389648438,45700
2025-07-08,23.329999923706055,23.989999771118164,22.809999465942383,23.260000228881836,29300
2025-07-09,23.469999313354492,24.389999389648438,23.469999313354492,24.239999771118164,30600
2025-07-10,24.350000381469727,24.360000610351562,23.389999389648438,23.81999969482422,19900
2025-07-11,23.729999542236328,24.06999969482422,23.709999084472656,23.799999237060547,17800
2025-07-14,23.709999084472656,23.979999542236328,23.200000762939453,23.709999084472656,15200
2025-07-15,24.049999237060547,24.239999771118164,23.549999237060547,24.06999969482422,29400
2025-07-16,23.770000457763672,23.770000457763672,22.239999771118164,22.549999237060547,33300
2025-07-17,22.600000381469727,23.1200008392334,22.280000686645508,22.6200008392334,20300
2025-07-18,22.959999084472656,22.959999084472656,22.440000534057617,22.829999923706055,12500
2025-07-21,22.860000610351562,23.709999084472656,22.600000381469727,22.780000686645508,55400
2025-07-22,22.670000076293945,25.25,22.670000076293945,25.110000610351562,209300
2025-07-23,25.200000762939453,25.649999618530273,24.020000457763672,24.65999984741211,45600
2025-07-24,24.770000457763672,24.770000457763672,22.84000015258789,23.360000610351562,37700
2025-07-25,23.829999923706055,24.700000762939453,23.170000076293945,24.020000457763672,28400
2025-07-28,23.899999618530273,24.31999969482422,23.469999313354492,24.25,24700
2025-07-29,24.239999771118164,24.25,23.360000610351562,23.760000228881836,39100
2025-07-30,23.739999771118164,24.010000228881836,22.860000610351562,23.280000686645508,19200
2025-07-31,22.979999542236328,23.0,21.81999969482422,22.15999984741211,57100
2025-08-01,22.079999923706055,22.079999923706055,20.920000076293945,21.100000381469727,49200
2025-08-04,21.549999237060547,25.40999984741211,21.549999237060547,24.739999771118164,182100
2025-08-05,25.0,26.049999237060547,23.729999542236328,25.1200008392334,170800
2025-08-06,25.920000076293945,26.049999237060547,24.649999618530273,25.350000381469727,104200
2025-08-07,25.43000030517578,26.0,24.280000686645508,24.559999465942383,89800
2025-08-08,25.549999237060547,26.920000076293945,25.540000915527344,26.270000457763672,155700
2025-08-11,26.690000534057617,26.799999237060547,25.0,25.1200008392334,105100
2025-08-12,25.399999618530273,26.600000381469727,25.299999237060547,26.5,125200
2025-08-13,27.0,27.6200008392334,26.149999618530273,27.200000762939453,127200
2025-08-14,27.25,28.09000015258789,26.719999313354492,27.040000915527344,95300
2025-08-15,27.040000915527344,27.3700008392334,26.139999389648438,27.270000457763672,41900
2025-08-18,27.030000686645508,27.690000534057617,26.670000076293945,27.170000076293945,106800
2025-08-19,27.530000686645508,28.25,26.979999542236328,27.690000534057617,98100
2025-08-20,27.5,27.5,26.25,27.100000381469727,79800
2025-08-21,26.8700008392334,27.709999084472656,26.65999984741211,27.399999618530273,39900
2025-08-22,27.5,30.719999313354492,27.239999771118164,30.3799991607666,211600
2025-08-25,30.5,31.559999465942383,29.1200008392334,30.350000381469727,124300
2025-08-26,30.350000381469727,32.900001525878906,30.170000076293945,31.969999313354492,138700
2025-08-27,32.43000030517578,32.75,30.299999237060547,30.5,213100
2025-08-28,30.75,31.860000610351562,30.079999923706055,31.0,108100
2025-08-29,30.850000381469727,30.8700008392334,28.809999465942383,29.790000915527344,123800
2025-09-02,29.65999984741211,29.969999313354492,28.260000228881836,29.940000534057617,137200
2025-09-03,29.90999984741211,32.04999923706055,29.5,32.0,154200
2025-09-04,32.0,32.439998626708984,29.59000015258789,31.43000030517578,215200
2025-09-05,31.170000076293945,31.6200008392334,29.760000228881836,30.510000228881836,115100
2025-09-08,30.559999465942383,32.08000183105469,30.18000030517578,31.760000228881836,98500
2025-09-09,32.5,32.88999938964844,30.5,30.90999984741211,102600
2025-09-10,31.0,33.09000015258789,31.0,32.720001220703125,114600
2025-09-11,32.790000915527344,32.790000915527344,30.690000534057617,31.799999237060547,100000
2025-09-12,31.59000015258789,31.790000915527344,30.850000381469727,31.0,68300
2025-09-15,26.760000228881836,28.09000015258789,24.049999237060547,26.190000534057617,944800
2025-09-16,26.010000228881836,26.010000228881836,22.360000610351562,22.729999542236328,627200
2025-09-17,22.43000030517578,23.729999542236328,22.239999771118164,23.010000228881836,322600
2025-09-18,23.479999542236328,23.920000076293945,22.59000015258789,22.829999923706055,162500
2025-09-19,22.799999237060547,24.239999771118164,22.600000381469727,23.84000015258789,239100
2025-09-22,23.469999313354492,23.8700008392334,22.959999084472656,23.350000381469727,133900
2025-09-23,23.200000762939453,23.40999984741211,22.229999542236328,22.43000030517578,224500
2025-09-24,22.440000534057617,25.0,22.100000381469727,23.719999313354492,500200
2025-09-25,23.229999542236328,25.0,21.959999084472656,22.920000076293945,688900
2025-09-26,22.90999984741211,23.979999542236328,22.809999465942383,22.959999084472656,149700
2025-09-29,23.079999923706055,23.93000030517578,22.959999084472656,23.100000381469727,62900
2025-09-30,23.06999969482422,23.989999771118164,22.600000381469727,23.43000030517578,97100
2025-10-01,23.149999618530273,23.459999084472656,22.889999389648438,23.229999542236328,104700
2025-10-02,23.459999084472656,23.459999084472656,22.299999237060547,22.450000762939453,140600
2025-10-03,22.799999237060547,23.709999084472656,22.290000915527344,22.440000534057617,136100
2025-10-06,22.389999389648438,23.15999984741211,22.1299991607666,23.030000686645508,131500
2025-10-07,23.350000381469727,23.950000762939453,23.049999237060547,23.899999618530273,116400
2025-10-08,24.100000381469727,24.3799991607666,23.399999618530273,23.959999084472656,129400
2025-10-09,24.5,27.049999237060547,24.290000915527344,26.920000076293945,256200
2025-10-10,26.93000030517578,27.75,25.0,25.1299991607666,310300
2025-10-13,26.479999542236328,27.469999313354492,25.549999237060547,25.8799991607666,144700
2025-10-14,25.219999313354492,26.229999542236328,24.040000915527344,25.479999542236328,124900
2025-10-15,25.959999084472656,26.579999923706055,25.600000381469727,26.5,72200
2025-10-16,26.5,26.8700008392334,25.139999389648438,25.149999618530273,98300
2025-10-17,25.0,25.43000030517578,24.329999923706055,24.700000762939453,78700
2025-10-20,24.729999542236328,26.309999465942383,24.729999542236328,26.209999084472656,105700
2025-10-21,26.200000762939453,27.75,25.450000762939453,27.170000076293945,103800
2025-10-22,27.020000457763672,27.940000534057617,26.200000762939453,27.239999771118164,97900
2025-10-23,27.329999923706055,29.09000015258789,27.200000762939453,28.520000457763672,144800
2025-10-24,29.079999923706055,29.940000534057617,28.75,28.770000457763672,74500
2025-10-27,29.09000015258789,29.889999389648438,27.68000030517578,28.440000534057617,60700
2025-10-28,28.440000534057617,29.549999237060547,27.639999389648438,28.0,38500
2025-10-29,28.079999923706055,29.1299991607666,27.6200008392334,28.209999084472656,71600
2025-10-30,28.170000076293945,28.81999969482422,26.270000457763672,27.270000457763672,50400
2025-10-31,27.049999237060547,28.209999084472656,27.040000915527344,27.719999313354492,70400
2025-11-03,27.670000076293945,28.200000762939453,26.770000457763672,27.920000076293945,74800
2025-11-04,27.520000457763672,28.520000457763672,26.34000015258789,27.610000610351562,61500
2025-11-05,27.8799991607666,28.889999389648438,26.950000762939453,28.200000762939453,70400
2025-11-06,28.09000015258789,28.530000686645508,27.09000015258789,27.8700008392334,96200
2025-11-07,27.579999923706055,28.530000686645508,27.1299991607666,27.799999237060547,73200
2025-11-10,28.579999923706055,28.940000534057617,27.549999237060547,27.950000762939453,88600
2025-11-11,27.809999465942383,27.829999923706055,26.68000030517578,27.450000762939453,61400
2025-11-12,27.360000610351562,27.75,26.790000915527344,27.360000610351562,72000
2025-11-13,27.3799991607666,27.799999237060547,26.09000015258789,26.25,131700
2025-11-14,25.170000076293945,25.600000381469727,24.100000381469727,24.239999771118164,123100
2025-11-17,24.0,24.549999237060547,23.469999313354492,23.600000381469727,66100
2025-11-18,23.520000457763672,23.93000030517578,23.079999923706055,23.420000076293945,51700
2025-11-19,23.479999542236328,24.0,23.200000762939453,23.309999465942383,49300
2025-11-20,24.149999618530273,25.219999313354492,23.010000228881836,23.020000457763672,85800
2025-11-21,24.0,24.229999542236328,23.170000076293945,24.030000686645508,141300
2025-11-24,24.25,24.799999237060547,23.639999389648438,24.479999542236328,61500
2025-11-25,24.719999313354492,25.40999984741211,24.5,25.020000457763672,35300
2025-11-26,25.360000610351562,25.899999618530273,25.049999237060547,25.530000686645508,57700
2025-11-28,25.8799991607666,25.8799991607666,25.360000610351562,25.700000762939453,24700
2025-12-01,25.219999313354492,25.360000610351562,24.709999084472656,24.889999389648438,35200
2025-12-02,25.1200008392334,26.100000381469727,25.1200008392334,25.59000015258789,47000
2025-12-03,26.75,29.799999237060547,26.75,29.3700008392334,171200
2025-12-04,29.149999618530273,29.420000076293945,28.1200008392334,28.479999542236328,68000
2025-12-05,28.920000076293945,28.920000076293945,27.850000381469727,27.8700008392334,47700
2025-12-08,27.989999771118164,28.3799991607666,27.530000686645508,27.760000228881836,45000
2025-12-09,27.469999313354492,28.899999618530273,27.450000762939453,28.510000228881836,57200
2025-12-10,28.1299991607666,28.8700008392334,27.989999771118164,28.56999969482422,70600
2025-12-11,28.559999465942383,29.6299991607666,27.6299991607666,29.290000915527344,52800
2025-12-12,33.0,36.47999954223633,31.290000915527344,32.59000015258789,286200
2025-12-15,32.95000076293945,33.650001525878906,31.459999084472656,32.380001068115234,92900
2025-12-16,31.889999389648438,32.810001373291016,31.3799991607666,32.33000183105469,106800
2025-12-17,32.560001373291016,33.45000076293945,31.90999984741211,32.189998626708984,100900
2025-12-18,32.45000076293945,33.63999938964844,32.040000915527344,32.25,139000
2025-12-19,32.31999969482422,33.47999954223633,31.950000762939453,32.2400016784668,97300
2025-12-22,31.989999771118164,33.209999084472656,31.81999969482422,32.400001525878906,108100
2025-12-23,32.15999984741211,32.91999816894531,31.860000610351562,32.04999923706055,69300
2025-12-24,32.189998626708984,33.369998931884766,31.809999465942383,32.63999938964844,96000
2025-12-26,32.68000030517578,33.77000045776367,32.08000183105469,32.97999954223633,142500
2025-12-29,32.540000915527344,32.970001220703125,31.959999084472656,32.22999954223633,81200
2025-12-30,32.099998474121094,32.43000030517578,30.81999969482422,30.989999771118164,78800
2025-12-31,31.110000610351562,31.110000610351562,30.139999389648438,30.360000610351562,171800
2026-01-02,30.549999237060547,31.739999771118164,29.860000610351562,30.56999969482422,74100
2026-01-05,31.649999618530273,34.25,31.549999237060547,32.16999816894531,186000
2026-01-06,32.34000015258789,32.900001525878906,29.65999984741211,31.610000610351562,142500
2026-01-07,31.729999542236328,32.16999816894531,31.100000381469727,31.350000381469727,66600
2026-01-08,31.399999618530273,32.22999954223633,30.829999923706055,32.209999084472656,80300
2026-01-09,32.45000076293945,32.70000076293945,31.479999542236328,32.31999969482422,79900
2026-01-12,32.27000045776367,33.0,31.690000534057617,32.13999938964844,134700
2026-01-13,32.61000061035156,33.459999084472656,32.0,32.540000915527344,138400
2026-01-14,32.5,32.5,31.149999618530273,31.43000030517578,78900
2026-01-15,31.770000457763672,32.25,31.43000030517578,31.81999969482422,94800
2026-01-16,31.68000030517578,32.720001220703125,31.68000030517578,32.5,162300
2026-01-20,31.510000228881836,31.959999084472656,29.829999923706055,30.170000076293945,150800
2026-01-21,30.649999618530273,31.3700008392334,29.549999237060547,30.290000915527344,111100
2026-01-22,30.649999618530273,31.209999084472656,30.5,30.5,99800
2026-01-23,30.600000381469727,31.079999923706055,29.739999771118164,29.809999465942383,80700
2026-01-26,29.780000686645508,31.030000686645508,29.780000686645508,30.329999923706055,107400
2026-01-27,30.239999771118164,30.399999618530273,29.75,30.100000381469727,68800
2026-01-28,29.979999542236328,30.239999771118164,28.709999084472656,28.8799991607666,79300
2026-01-29,29.049999237060547,30.0,28.610000610351562,29.43000030517578,74500
2026-01-30,28.969999313354492,29.959999084472656,28.649999618530273,28.8799991607666,86200
2026-02-02,29.149999618530273,30.75,28.889999389648438,29.739999771118164,69300
2026-02-03,29.68000030517578,31.059999465942383,29.68000030517578,31.059999465942383,99800
2026-02-04,30.979999542236328,31.649999618530273,29.34000015258789,30.059999465942383,90700
2026-02-05,29.719999313354492,29.829999923706055,28.81999969482422,29.309999465942383,75300
2026-02-06,29.969999313354492,31.6200008392334,29.969999313354492,31.459999084472656,80700
2026-02-09,31.1299991607666,32.529998779296875,30.889999389648438,32.2599983215332,69700
2026-02-10,32.33000183105469,33.66999816894531,32.040000915527344,32.540000915527344,98700
2026-02-11,32.59000015258789,33.599998474121094,32.0,33.400001525878906,147000
2026-02-12,33.63999938964844,33.63999938964844,30.799999237060547,31.850000381469727,91600
2026-02-13,31.8700008392334,32.93000030517578,31.440000534057617,32.22999954223633,58700
2026-02-17,32.040000915527344,32.93000030517578,31.229999542236328,32.20000076293945,83800
2026-02-18,32.58000183105469,33.91999816894531,32.0099983215332,32.439998626708984,92400
2026-02-19,32.31999969482422,33.0,32.09000015258789,32.5,67300
2026-02-20,32.630001068115234,33.95000076293945,32.290000915527344,33.81999969482422,89500
2026-02-23,33.81999969482422,34.04999923706055,32.310001373291016,33.540000915527344,111300
2026-02-24,33.599998474121094,35.25,32.38999938964844,33.83000183105469,147800
2026-02-25,34.34000015258789,35.0,33.0,33.04999923706055,94300
2026-02-26,33.43000030517578,33.43000030517578,32.0,32.40999984741211,95600
2026-02-27,32.2400016784668,32.4900016784668,31.549999237060547,32.369998931884766,116300
2026-03-02,31.8799991607666,32.36000061035156,31.040000915527344,32.27000045776367,138600
2026-03-03,31.610000610351562,31.649999618530273,29.299999237060547,31.6299991607666,107800
2026-03-04,31.899999618530273,32.689998626708984,31.399999618530273,31.549999237060547,50700
2026-03-05,31.010000228881836,32.25,29.520000457763672,31.0,77700
2026-03-06,30.65999984741211,31.0,28.530000686645508,28.59000015258789,99900
2026-03-09,27.690000534057617,29.510000228881836,27.31999969482422,29.5,90800
2026-03-10,29.389999389648438,30.3700008392334,29.239999771118164,29.610000610351562,58200
2026-03-11,29.420000076293945,29.8700008392334,28.920000076293945,29.34000015258789,52800
2026-03-12,29.110000610351562,29.110000610351562,27.81999969482422,28.020000457763672,125200
2026-03-13,28.270000457763672,28.8700008392334,27.84000015258789,28.110000610351562,62900
2026-03-16,28.110000610351562,28.940000534057617,27.799999237060547,28.5,54800
2026-03-17,28.510000228881836,29.209999084472656,28.040000915527344,28.899999618530273,64300
2026-03-18,28.459999084472656,29.459999084472656,28.219999313354492,28.299999237060547,49200
2026-03-19,28.3799991607666,30.0,27.649999618530273,29.600000381469727,120100
2026-03-20,29.899999618530273,29.899999618530273,28.110000610351562,28.6299991607666,67600
2026-03-23,29.040000915527344,29.709999084472656,28.549999237060547,28.850000381469727,86000
2026-03-24,28.700000762939453,30.459999084472656,27.8700008392334,30.239999771118164,93100
2026-03-25,30.43000030517578,31.43000030517578,30.43000030517578,31.170000076293945,65500
2026-03-26,30.5,31.920000076293945,29.639999389648438,29.850000381469727,95500
2026-03-27,29.68000030517578,30.540000915527344,28.950000762939453,29.34000015258789,44600
2026-03-30,29.530000686645508,29.530000686645508,28.09000015258789,28.209999084472656,61200
2026-03-31,28.790000915527344,30.1299991607666,28.530000686645508,29.809999465942383,72200
2026-04-01,30.059999465942383,31.260000228881836,30.030000686645508,30.610000610351562,52400
2026-04-02,30.020000457763672,31.270000457763672,29.639999389648438,30.790000915527344,34500
2026-04-06,30.790000915527344,31.489999771118164,29.809999465942383,30.5,36000
2026-04-07,30.3799991607666,30.770000457763672,29.889999389648438,30.209999084472656,40000
2026-04-08,31.010000228881836,32.4900016784668,31.010000228881836,31.6200008392334,85000
2026-04-09,31.43000030517578,33.599998474121094,31.309999465942383,33.060001373291016,73700
2026-04-10,33.189998626708984,33.83000183105469,30.93000030517578,33.54999923706055,65600
2026-04-13,33.54999923706055,35.540000915527344,33.54999923706055,34.849998474121094,105600
2026-04-14,35.220001220703125,35.5,34.31999969482422,35.290000915527344,61100
2026-04-15,35.0099983215332,35.0099983215332,33.38999938964844,34.2400016784668,44300
2026-04-16,35.939998626708984,36.720001220703125,31.799999237060547,32.34000015258789,259800
2026-04-17,32.619998931884766,33.77000045776367,30.040000915527344,30.309999465942383,141800
2026-04-20,30.309999465942383,32.88999938964844,29.540000915527344,31.770000457763672,206200
2026-04-21,32.0099983215332,32.59000015258789,29.81999969482422,30.010000228881836,158100
2026-04-22,30.559999465942383,32.0,29.729999542236328,29.8799991607666,144700
2026-04-23,30.219999313354492,31.969999313354492,30.219999313354492,31.25,106900
2026-04-24,31.18000030517578,32.20000076293945,30.59000015258789,32.099998474121094,118700
2026-04-27,32.25,32.68000030517578,31.3799991607666,32.52000045776367,60400
2026-04-28,32.119998931884766,32.7599983215332,31.5,32.560001373291016,63200
2026-04-29,32.5099983215332,33.0099983215332,31.360000610351562,31.510000228881836,80800
2026-04-30,31.639999389648438,32.9900016784668,31.639999389648438,32.72999954223633,73100
2026-05-01,32.65999984741211,33.25,32.099998474121094,33.09000015258789,68000
2026-05-04,33.20000076293945,33.34000015258789,32.189998626708984,32.290000915527344,56300
2026-05-05,32.540000915527344,33.70000076293945,32.5099983215332,33.619998931884766,74400
2026-05-06,33.790000915527344,34.0,32.61000061035156,33.5,56400
2026-05-07,33.63999938964844,34.0,32.40999984741211,32.810001373291016,70300
2026-05-08,33.09000015258789,34.189998626708984,32.709999084472656,33.779998779296875,63300
2026-05-11,33.779998779296875,34.599998474121094,33.279998779296875,33.7599983215332,46800
2026-05-12,33.2599983215332,33.2599983215332,31.770000457763672,32.709999084472656,56900
2026-05-13,32.939998626708984,33.22999954223633,32.220001220703125,32.61000061035156,89100
2026-05-14,32.65999984741211,33.88999938964844,32.0099983215332,33.5,171700
2026-05-15,33.290000915527344,33.290000915527344,31.690000534057617,31.989999771118164,86200
2026-05-18,32.97999954223633,34.119998931884766,31.200000762939453,31.200000762939453,164700
2026-05-19,31.0,31.010000228881836,29.06999969482422,30.1200008392334,135500
2026-05-20,31.25,31.709999084472656,30.770000457763672,31.420000076293945,95600
2026-05-21,31.059999465942383,31.510000228881836,30.5,31.350000381469727,87000
2026-05-22,31.610000610351562,32.13999938964844,31.149999618530273,31.239999771118164,68900
2026-05-26,32.099998474121094,32.95000076293945,32.0099983215332,32.77000045776367,92500
2026-05-27,33.0,33.08000183105469,32.08000183105469,32.189998626708984,108700
2026-05-28,32.20000076293945,32.25,31.260000228881836,31.8799991607666,70500
2026-05-29,31.760000228881836,31.889999389648438,30.6299991607666,30.690000534057617,81900
2026-06-01,30.459999084472656,31.420000076293945,30.049999237060547,31.06999969482422,77500
2026-06-02,31.190000534057617,32.70000076293945,31.190000534057617,32.619998931884766,73000
2026-06-03,32.70000076293945,33.349998474121094,31.0,32.2599983215332,88600
2026-06-04,32.099998474121094,33.33000183105469,31.440000534057617,32.650001525878906,62500
2026-06-05,32.650001525878906,32.77000045776367,30.989999771118164,31.149999618530273,56100
2026-06-08,31.549999237060547,32.0,30.559999465942383,31.270000457763672,76900
2026-06-09,28.969999313354492,28.969999313354492,24.299999237060547,25.270000457763672,730900
2026-06-10,24.899999618530273,26.040000915527344,24.829999923706055,25.649999618530273,255400
2026-06-11,25.6200008392334,27.110000610351562,25.420000076293945,26.90999984741211,291700
2026-06-12,27.219999313354492,27.479999542236328,25.290000915527344,25.360000610351562,203800
2026-06-15,26.799999237060547,27.6200008392334,26.329999923706055,26.729999542236328,155700
2026-06-16,26.969999313354492,27.5,26.020000457763672,26.719999313354492,102800
2026-06-17,26.6200008392334,27.950000762939453,26.530000686645508,27.309999465942383,116300
2026-06-18,27.649999618530273,29.270000457763672,27.649999618530273,29.049999237060547,136600
2026-06-22,29.030000686645508,29.030000686645508,27.90999984741211,28.049999237060547,135900
2026-06-23,27.65999984741211,27.799999237060547,26.920000076293945,27.09000015258789,62400
2026-06-24,27.280000686645508,27.690000534057617,26.65999984741211,27.420000076293945,102300
2026-06-25,27.469999313354492,28.219999313354492,27.020000457763672,27.299999237060547,97500
2026-06-26,27.06999969482422,28.1299991607666,26.850000381469727,27.670000076293945,1032900
2026-06-29,27.1299991607666,27.56999969482422,26.84000015258789,27.31999969482422,153900
2026-06-30,27.5,27.770000457763672,27.110000610351562,27.229999542236328,180400
2026-07-01,27.110000610351562,27.530000686645508,26.059999465942383,26.079999923706055,90000
2026-07-02,26.350000381469727,27.450000762939453,25.260000228881836,25.459999084472656,94500
2026-07-06,25.510000228881836,26.270000457763672,25.469999313354492,25.56999969482422,78300
2026-07-07,25.40999984741211,25.40999984741211,24.670000076293945,25.079999923706055,125400
2026-07-08,24.950000762939453,25.25,24.290000915527344,24.459999084472656,76600
2026-07-09,24.639999389648438,25.450000762939453,24.639999389648438,25.139999389648438,51400
2026-07-10,25.1200008392334,25.520000457763672,24.760000228881836,25.079999923706055,61400
2026-07-13,25.479999542236328,25.520000457763672,24.56999969482422,24.700000762939453,82100
2026-07-14,25.09000015258789,25.540000915527344,24.709999084472656,25.139999389648438,67200
2026-07-15,25.0,25.510000228881836,24.84000015258789,25.440000534057617,88000
2026-07-16,25.15999984741211,25.790000915527344,25.0,25.549999237060547,69100
2026-07-17,25.030000686645508,26.0,24.639999389648438,25.420000076293945,68000
