Date,Open,High,Low,Close,Volume
2016-07-18,18.239999771118164,18.239999771118164,17.329999923706055,18.1200008392334,211800
2016-07-19,18.110000610351562,18.1200008392334,17.860000610351562,18.0,154200
2016-07-20,18.1299991607666,18.329999923706055,17.8799991607666,18.309999465942383,169800
2016-07-21,18.209999084472656,18.469999313354492,17.90999984741211,18.020000457763672,166700
2016-07-22,17.969999313354492,18.200000762939453,17.84000015258789,18.149999618530273,104700
2016-07-25,18.149999618530273,18.260000228881836,18.020000457763672,18.229999542236328,194100
2016-07-26,18.209999084472656,18.6200008392334,18.200000762939453,18.299999237060547,244900
2016-07-27,18.639999389648438,18.639999389648438,18.15999984741211,18.170000076293945,343700
2016-07-28,18.18000030517578,18.440000534057617,17.950000762939453,18.190000534057617,579600
2016-07-29,14.699999809265137,14.699999809265137,12.380000114440918,12.760000228881836,5567400
2016-08-01,12.789999961853027,13.960000038146973,12.550000190734863,13.59000015258789,2127200
2016-08-02,13.569999694824219,13.8100004196167,13.210000038146973,13.420000076293945,724500
2016-08-03,13.369999885559082,13.670000076293945,13.039999961853027,13.630000114440918,631900
2016-08-04,13.670000076293945,14.359999656677246,13.510000228881836,13.829999923706055,788400
2016-08-05,13.930000305175781,14.270000457763672,13.8100004196167,14.0,582200
2016-08-08,13.569999694824219,14.0,13.529999732971191,13.640000343322754,770900
2016-08-09,13.600000381469727,13.600000381469727,13.170000076293945,13.180000305175781,579700
2016-08-10,13.149999618530273,13.239999771118164,12.770000457763672,12.779999732971191,464700
2016-08-11,12.800000190734863,13.289999961853027,12.75,13.220000267028809,550900
2016-08-12,13.210000038146973,13.970000267028809,13.130000114440918,13.739999771118164,551200
2016-08-15,13.770000457763672,13.970000267028809,13.729999542236328,13.779999732971191,384500
2016-08-16,13.770000457763672,13.920000076293945,13.229999542236328,13.239999771118164,434100
2016-08-17,13.199999809265137,13.460000038146973,12.859999656677246,13.100000381469727,451400
2016-08-18,13.050000190734863,13.239999771118164,12.970000267028809,13.130000114440918,348500
2016-08-19,13.119999885559082,13.239999771118164,12.90999984741211,13.180000305175781,355600
2016-08-22,13.09000015258789,13.180000305175781,12.859999656677246,13.010000228881836,286100
2016-08-23,13.079999923706055,13.369999885559082,12.8100004196167,13.029999732971191,446000
2016-08-24,13.029999732971191,13.029999732971191,12.779999732971191,12.800000190734863,236500
2016-08-25,12.739999771118164,12.899999618530273,12.529999732971191,12.5600004196167,507300
2016-08-26,12.59000015258789,12.699999809265137,12.199999809265137,12.289999961853027,466600
2016-08-29,12.289999961853027,12.800000190734863,12.119999885559082,12.430000305175781,486600
2016-08-30,12.380000114440918,12.710000038146973,12.380000114440918,12.479999542236328,444900
2016-08-31,12.489999771118164,12.65999984741211,12.25,12.34000015258789,305800
2016-09-01,12.390000343322754,12.5600004196167,12.079999923706055,12.239999771118164,357100
2016-09-02,12.359999656677246,12.600000381469727,12.1899995803833,12.489999771118164,587400
2016-09-06,12.5,12.569999694824219,12.149999618530273,12.210000038146973,498000
2016-09-07,12.239999771118164,12.539999961853027,12.239999771118164,12.449999809265137,401000
2016-09-08,12.390000343322754,12.569999694824219,12.350000381469727,12.479999542236328,474800
2016-09-09,12.390000343322754,12.619999885559082,12.140000343322754,12.140000343322754,687900
2016-09-12,12.020000457763672,12.25,11.90999984741211,12.229999542236328,271800
2016-09-13,12.130000114440918,12.3100004196167,11.84000015258789,12.020000457763672,457300
2016-09-14,12.0600004196167,12.399999618530273,11.800000190734863,11.850000381469727,584600
2016-09-15,11.819999694824219,12.15999984741211,11.8100004196167,11.920000076293945,594500
2016-09-16,11.9399995803833,12.09000015258789,11.520000457763672,11.65999984741211,618000
2016-09-19,11.6899995803833,11.789999961853027,11.640000343322754,11.75,438500
2016-09-20,11.800000190734863,11.829999923706055,11.329999923706055,11.430000305175781,434400
2016-09-21,11.489999771118164,11.59000015258789,11.100000381469727,11.260000228881836,891400
2016-09-22,11.359999656677246,11.779999732971191,11.149999618530273,11.640000343322754,714200
2016-09-23,11.649999618530273,11.800000190734863,11.5,11.5,424900
2016-09-26,11.359999656677246,11.5,10.920000076293945,10.979999542236328,285800
2016-09-27,10.9399995803833,11.210000038146973,10.619999885559082,10.800000190734863,1272000
2016-09-28,10.84000015258789,10.930000305175781,10.65999984741211,10.869999885559082,858600
2016-09-29,10.829999923706055,10.84000015258789,10.4399995803833,10.470000267028809,1987600
2016-09-30,10.5600004196167,10.829999923706055,10.420000076293945,10.720000267028809,734800
2016-10-03,10.649999618530273,10.829999923706055,10.319999694824219,10.630000114440918,474300
2016-10-04,10.670000076293945,10.829999923706055,10.5600004196167,10.630000114440918,332000
2016-10-05,10.630000114440918,11.100000381469727,10.619999885559082,11.039999961853027,568400
2016-10-06,10.970000267028809,11.079999923706055,10.850000381469727,11.0,344200
2016-10-07,10.869999885559082,10.890000343322754,10.399999618530273,10.5600004196167,1024000
2016-10-10,10.59000015258789,10.890000343322754,10.520000457763672,10.869999885559082,428700
2016-10-11,10.869999885559082,10.869999885559082,10.649999618530273,10.75,419800
2016-10-12,10.789999961853027,10.819999694824219,10.539999961853027,10.75,351200
2016-10-13,10.619999885559082,10.729999542236328,10.510000228881836,10.710000038146973,410200
2016-10-14,10.699999809265137,11.0,10.630000114440918,10.949999809265137,471000
2016-10-17,10.829999923706055,11.079999923706055,10.6899995803833,10.699999809265137,390200
2016-10-18,11.029999732971191,11.029999732971191,10.510000228881836,10.529999732971191,267300
2016-10-19,10.520000457763672,10.789999961853027,10.350000381469727,10.40999984741211,536200
2016-10-20,10.399999618530273,10.630000114440918,9.960000038146973,10.220000267028809,826700
2016-10-21,10.0600004196167,10.130000114440918,9.699999809265137,9.739999771118164,670200
2016-10-24,9.8100004196167,9.899999618530273,9.710000038146973,9.75,467400
2016-10-25,9.75,9.760000228881836,9.420000076293945,9.600000381469727,674400
2016-10-26,9.609999656677246,9.630000114440918,9.1899995803833,9.260000228881836,379200
2016-10-27,9.1899995803833,9.1899995803833,8.260000228881836,8.460000038146973,1563300
2016-10-28,8.4399995803833,8.720000267028809,8.289999961853027,8.430000305175781,1013100
2016-10-31,8.350000381469727,8.699999809265137,8.199999809265137,8.449999809265137,474000
2016-11-01,8.5,8.800000190734863,8.0,8.149999618530273,1154000
2016-11-02,8.399999618530273,8.5,8.149999618530273,8.350000381469727,642800
2016-11-03,8.399999618530273,8.529999732971191,8.100000381469727,8.399999618530273,638700
2016-11-04,3.9000000953674316,3.950000047683716,2.75,3.4000000953674316,22869900
2016-11-07,3.4000000953674316,3.4000000953674316,3.0999999046325684,3.1500000953674316,6794500
2016-11-08,3.049999952316284,3.549999952316284,3.049999952316284,3.549999952316284,5412500
2016-11-09,3.6500000953674316,4.150000095367432,3.299999952316284,3.950000047683716,5851200
2016-11-10,4.099999904632568,4.650000095367432,3.9000000953674316,4.400000095367432,2605100
2016-11-11,4.5,4.699999809265137,4.150000095367432,4.650000095367432,1812800
2016-11-14,4.800000190734863,5.099999904632568,4.650000095367432,5.050000190734863,1869700
2016-11-15,5.199999809265137,5.5,5.050000190734863,5.5,1692600
2016-11-16,5.550000190734863,5.75,5.300000190734863,5.75,1116900
2016-11-17,5.849999904632568,6.599999904632568,5.800000190734863,6.400000095367432,2089800
2016-11-18,6.599999904632568,6.849999904632568,6.400000095367432,6.550000190734863,1915500
2016-11-21,6.5,6.579999923706055,5.949999809265137,6.050000190734863,1430100
2016-11-22,6.099999904632568,6.099999904632568,5.699999809265137,5.800000190734863,1552500
2016-11-23,5.800000190734863,6.079999923706055,5.75,5.949999809265137,855400
2016-11-25,6.0,6.050000190734863,5.849999904632568,6.0,164600
2016-11-28,5.949999809265137,6.0,5.849999904632568,5.949999809265137,719300
2016-11-29,5.900000095367432,6.199999809265137,5.900000095367432,6.0,600400
2016-11-30,5.949999809265137,6.300000190734863,5.949999809265137,6.199999809265137,1067400
2016-12-01,6.150000095367432,6.449999809265137,6.050000190734863,6.449999809265137,1633800
2016-12-02,6.5,6.699999809265137,6.150000095367432,6.199999809265137,600800
2016-12-05,6.199999809265137,6.480000019073486,6.199999809265137,6.400000095367432,551300
2016-12-06,6.449999809265137,6.5,6.150000095367432,6.150000095367432,588400
2016-12-07,6.150000095367432,6.349999904632568,5.980000019073486,6.150000095367432,1195800
2016-12-08,6.150000095367432,6.25,6.130000114440918,6.199999809265137,807500
2016-12-09,6.099999904632568,6.849999904632568,6.099999904632568,6.699999809265137,386400
2016-12-12,6.699999809265137,7.150000095367432,6.150000095367432,6.300000190734863,785400
2016-12-13,6.25,6.599999904632568,6.25,6.400000095367432,425600
2016-12-14,6.300000190734863,6.699999809265137,6.130000114440918,6.199999809265137,781400
2016-12-15,6.25,6.349999904632568,6.150000095367432,6.300000190734863,884100
2016-12-16,6.25,6.650000095367432,6.199999809265137,6.550000190734863,698200
2016-12-19,6.599999904632568,6.849999904632568,6.25,6.300000190734863,481400
2016-12-20,6.349999904632568,6.349999904632568,6.099999904632568,6.199999809265137,756700
2016-12-21,6.199999809265137,6.25,6.099999904632568,6.150000095367432,408600
2016-12-22,6.099999904632568,6.449999809265137,6.099999904632568,6.349999904632568,1091000
2016-12-23,6.400000095367432,6.449999809265137,6.150000095367432,6.25,372200
2016-12-27,6.25,6.5,6.150000095367432,6.400000095367432,569300
2016-12-28,6.449999809265137,6.5,6.349999904632568,6.400000095367432,349000
2016-12-29,6.400000095367432,6.480000019073486,6.349999904632568,6.449999809265137,194500
2016-12-30,6.449999809265137,6.679999828338623,6.349999904632568,6.550000190734863,418000
2017-01-03,6.650000095367432,6.849999904632568,6.449999809265137,6.699999809265137,383200
2017-01-04,6.75,7.099999904632568,6.75,7.050000190734863,443300
2017-01-05,7.0,7.050000190734863,6.849999904632568,6.949999809265137,514600
2017-01-06,7.0,7.099999904632568,6.849999904632568,7.0,298900
2017-01-09,6.949999809265137,7.050000190734863,6.800000190734863,6.949999809265137,312300
2017-01-10,7.0,7.0,6.800000190734863,6.849999904632568,187600
2017-01-11,6.849999904632568,7.0,6.800000190734863,6.949999809265137,176700
2017-01-12,6.900000095367432,6.949999809265137,6.699999809265137,6.849999904632568,205500
2017-01-13,6.900000095367432,7.099999904632568,6.849999904632568,7.0,212600
2017-01-17,6.949999809265137,7.0,6.650000095367432,6.75,246900
2017-01-18,6.800000190734863,7.099999904632568,6.699999809265137,7.050000190734863,587600
2017-01-19,7.0,7.050000190734863,6.550000190734863,6.599999904632568,402600
2017-01-20,6.599999904632568,6.75,6.199999809265137,6.25,348400
2017-01-23,6.25,6.400000095367432,6.130000114440918,6.199999809265137,409300
2017-01-24,6.199999809265137,6.78000020980835,6.179999828338623,6.650000095367432,414900
2017-01-25,6.75,7.050000190734863,6.75,6.900000095367432,449700
2017-01-26,6.900000095367432,7.0,6.699999809265137,6.75,217600
2017-01-27,6.699999809265137,6.800000190734863,6.599999904632568,6.599999904632568,143400
2017-01-30,6.599999904632568,6.599999904632568,6.380000114440918,6.449999809265137,291300
2017-01-31,6.449999809265137,6.53000020980835,6.300000190734863,6.400000095367432,215500
2017-02-01,6.449999809265137,6.650000095367432,6.150000095367432,6.25,256200
2017-02-02,6.199999809265137,6.800000190734863,6.199999809265137,6.75,454600
2017-02-03,6.849999904632568,6.949999809265137,6.699999809265137,6.949999809265137,204000
2017-02-06,6.849999904632568,6.949999809265137,6.550000190734863,6.699999809265137,217500
2017-02-07,6.75,6.949999809265137,6.599999904632568,6.900000095367432,621000
2017-02-08,6.900000095367432,6.900000095367432,6.650000095367432,6.699999809265137,222700
2017-02-09,6.699999809265137,6.980000019073486,6.699999809265137,6.800000190734863,226200
2017-02-10,6.849999904632568,6.949999809265137,6.75,6.949999809265137,237200
2017-02-13,6.949999809265137,6.980000019073486,6.75,6.800000190734863,260900
2017-02-14,6.75,6.849999904632568,6.75,6.75,222000
2017-02-15,8.25,9.300000190734863,7.599999904632568,8.649999618530273,3017800
2017-02-16,9.399999618530273,9.949999809265137,8.75,8.850000381469727,1734800
2017-02-17,9.300000190734863,9.300000190734863,8.5600004196167,9.0,924800
2017-02-21,9.0,9.050000190734863,8.75,8.850000381469727,431100
2017-02-22,8.800000190734863,8.850000381469727,8.5,8.75,399800
2017-02-23,8.699999809265137,9.149999618530273,8.550000190734863,8.800000190734863,335100
2017-02-24,8.649999618530273,9.050000190734863,8.550000190734863,8.949999809265137,329100
2017-02-27,9.550000190734863,9.649999618530273,8.449999809265137,8.850000381469727,745500
2017-02-28,8.75,8.949999809265137,8.449999809265137,8.75,489000
2017-03-01,8.949999809265137,8.949999809265137,8.350000381469727,8.850000381469727,773100
2017-03-02,8.850000381469727,9.130000114440918,8.800000190734863,8.949999809265137,654900
2017-03-03,8.850000381469727,9.0,8.550000190734863,9.0,593000
2017-03-06,8.899999618530273,9.0,8.649999618530273,8.75,416900
2017-03-07,8.800000190734863,8.899999618530273,8.699999809265137,8.800000190734863,353800
2017-03-08,8.899999618530273,8.949999809265137,8.699999809265137,8.75,1119600
2017-03-09,8.800000190734863,8.850000381469727,8.649999618530273,8.75,287700
2017-03-10,8.800000190734863,8.850000381469727,8.449999809265137,8.649999618530273,291200
2017-03-13,8.649999618530273,8.75,8.449999809265137,8.600000381469727,170700
2017-03-14,8.5,8.75,8.350000381469727,8.699999809265137,492400
2017-03-15,8.699999809265137,8.850000381469727,8.649999618530273,8.800000190734863,366300
2017-03-16,8.850000381469727,9.100000381469727,8.649999618530273,8.850000381469727,560600
2017-03-17,8.800000190734863,8.949999809265137,8.739999771118164,8.899999618530273,475400
2017-03-20,8.949999809265137,9.0,8.800000190734863,8.800000190734863,350400
2017-03-21,8.850000381469727,9.149999618530273,8.850000381469727,8.899999618530273,748800
2017-03-22,8.850000381469727,9.050000190734863,8.699999809265137,8.949999809265137,369100
2017-03-23,8.899999618530273,9.399999618530273,8.869999885559082,9.199999809265137,494700
2017-03-24,9.25,9.649999618530273,9.130000114440918,9.399999618530273,654100
2017-03-27,9.350000381469727,9.449999809265137,9.069999694824219,9.25,656200
2017-03-28,9.199999809265137,9.430000305175781,9.100000381469727,9.25,596900
2017-03-29,9.25,9.550000190734863,9.210000038146973,9.350000381469727,413200
2017-03-30,9.350000381469727,9.569999694824219,9.350000381469727,9.5,495500
2017-03-31,9.5,9.630000114440918,9.399999618530273,9.399999618530273,744000
2017-04-03,9.5,9.600000381469727,9.199999809265137,9.300000190734863,388500
2017-04-04,9.25,9.350000381469727,9.0,9.300000190734863,502700
2017-04-05,9.350000381469727,9.550000190734863,8.880000114440918,9.0,361600
2017-04-06,8.949999809265137,9.199999809265137,8.899999618530273,9.100000381469727,292200
2017-04-07,9.050000190734863,9.199999809265137,8.899999618530273,9.050000190734863,238000
2017-04-10,9.0,9.100000381469727,8.779999732971191,8.850000381469727,221500
2017-04-11,8.800000190734863,8.899999618530273,8.550000190734863,8.75,312100
2017-04-12,8.800000190734863,8.949999809265137,8.550000190734863,8.600000381469727,341400
2017-04-13,8.600000381469727,8.649999618530273,8.380000114440918,8.399999618530273,320600
2017-04-17,8.449999809265137,9.050000190734863,8.449999809265137,9.0,301700
2017-04-18,8.850000381469727,8.850000381469727,8.050000190734863,8.25,500100
2017-04-19,8.350000381469727,8.550000190734863,8.149999618530273,8.350000381469727,309600
2017-04-20,8.399999618530273,8.550000190734863,8.350000381469727,8.350000381469727,201300
2017-04-21,8.350000381469727,8.5,8.350000381469727,8.399999618530273,284000
2017-04-24,8.649999618530273,8.699999809265137,8.300000190734863,8.600000381469727,403300
2017-04-25,8.699999809265137,8.699999809265137,8.399999618530273,8.550000190734863,310100
2017-04-26,8.550000190734863,8.949999809265137,8.529999732971191,8.75,361900
2017-04-27,8.800000190734863,8.800000190734863,8.449999809265137,8.5,334000
2017-04-28,7.400000095367432,9.399999618530273,6.800000190734863,8.949999809265137,1188900
2017-05-01,8.949999809265137,8.949999809265137,8.600000381469727,8.630000114440918,189800
2017-05-02,8.600000381469727,8.850000381469727,8.449999809265137,8.699999809265137,457900
2017-05-03,8.649999618530273,8.75,8.300000190734863,8.699999809265137,420900
2017-05-04,8.699999809265137,8.75,8.550000190734863,8.699999809265137,220400
2017-05-05,8.699999809265137,8.75,8.25,8.399999618530273,589400
2017-05-08,8.399999618530273,8.600000381469727,8.350000381469727,8.399999618530273,252000
2017-05-09,8.399999618530273,8.699999809265137,8.199999809265137,8.600000381469727,396000
2017-05-10,8.600000381469727,8.800000190734863,8.529999732971191,8.75,415700
2017-05-11,8.699999809265137,8.800000190734863,8.5,8.649999618530273,275200
2017-05-12,8.550000190734863,8.630000114440918,8.050000190734863,8.350000381469727,533200
2017-05-15,8.399999618530273,8.699999809265137,8.300000190734863,8.5,298000
2017-05-16,8.5,8.550000190734863,8.300000190734863,8.550000190734863,244800
2017-05-17,8.300000190734863,8.699999809265137,8.199999809265137,8.550000190734863,438500
2017-05-18,8.449999809265137,8.699999809265137,8.300000190734863,8.5,375300
2017-05-19,8.449999809265137,8.75,8.229999542236328,8.699999809265137,407000
2017-05-22,8.699999809265137,8.800000190734863,8.350000381469727,8.550000190734863,352900
2017-05-23,8.550000190734863,8.550000190734863,7.900000095367432,8.0,427900
2017-05-24,7.949999809265137,8.199999809265137,7.550000190734863,7.949999809265137,808500
2017-05-25,8.0,8.350000381469727,7.809999942779541,8.25,525600
2017-05-26,8.199999809265137,8.350000381469727,7.96999979019165,8.199999809265137,213400
2017-05-30,8.149999618530273,8.399999618530273,8.069999694824219,8.199999809265137,278100
2017-05-31,8.199999809265137,8.350000381469727,8.0,8.300000190734863,368600
2017-06-01,8.300000190734863,8.550000190734863,8.25,8.449999809265137,465600
2017-06-02,8.449999809265137,8.75,8.300000190734863,8.699999809265137,671800
2017-06-05,8.75,8.75,8.350000381469727,8.399999618530273,372200
2017-06-06,8.350000381469727,8.5,8.149999618530273,8.25,322600
2017-06-07,8.25,8.300000190734863,7.900000095367432,7.900000095367432,449000
2017-06-08,7.900000095367432,8.380000114440918,7.75,8.199999809265137,311400
2017-06-09,8.25,8.550000190734863,8.069999694824219,8.350000381469727,280300
2017-06-12,8.399999618530273,8.649999618530273,8.380000114440918,8.550000190734863,285300
2017-06-13,8.5,8.550000190734863,7.949999809265137,8.199999809265137,648900
2017-06-14,8.300000190734863,8.5,8.199999809265137,8.399999618530273,284600
2017-06-15,8.350000381469727,8.699999809265137,8.25,8.649999618530273,500700
2017-06-16,8.550000190734863,8.75,8.449999809265137,8.75,683000
2017-06-19,8.800000190734863,9.0,8.75,8.949999809265137,383800
2017-06-20,8.949999809265137,8.949999809265137,8.430000305175781,8.5,273100
2017-06-21,8.449999809265137,8.600000381469727,8.300000190734863,8.350000381469727,226400
2017-06-22,8.399999618530273,8.699999809265137,8.300000190734863,8.5,183500
2017-06-23,8.5,8.800000190734863,8.350000381469727,8.600000381469727,530000
2017-06-26,8.600000381469727,8.899999618530273,8.399999618530273,8.899999618530273,243100
2017-06-27,8.949999809265137,9.0,8.600000381469727,8.949999809265137,249600
2017-06-28,9.0,10.199999809265137,8.850000381469727,10.0,1023500
2017-06-29,10.100000381469727,10.100000381469727,9.770000457763672,9.949999809265137,448100
2017-06-30,9.949999809265137,10.0,9.3100004196167,9.899999618530273,286000
2017-07-03,10.0,10.050000190734863,9.699999809265137,9.949999809265137,177500
2017-07-05,9.800000190734863,9.949999809265137,9.550000190734863,9.850000381469727,316300
2017-07-06,9.850000381469727,9.899999618530273,9.5,9.550000190734863,272200
2017-07-07,9.600000381469727,9.800000190734863,9.25,9.649999618530273,228000
2017-07-10,9.699999809265137,10.0,9.5,9.850000381469727,455800
2017-07-11,9.75,10.0,9.729999542236328,9.850000381469727,307300
2017-07-12,9.899999618530273,10.050000190734863,9.850000381469727,9.949999809265137,188300
2017-07-13,9.899999618530273,10.0,9.75,10.0,315900
2017-07-14,9.949999809265137,10.479999542236328,9.380000114440918,10.300000190734863,502200
2017-07-17,10.399999618530273,10.449999809265137,10.050000190734863,10.350000381469727,503200
2017-07-18,10.399999618530273,10.399999618530273,10.100000381469727,10.199999809265137,279500
2017-07-19,10.199999809265137,10.5,10.199999809265137,10.350000381469727,406900
2017-07-20,10.300000190734863,10.5,10.0,10.399999618530273,524200
2017-07-21,10.350000381469727,10.550000190734863,10.199999809265137,10.449999809265137,871800
2017-07-24,10.5,10.550000190734863,10.100000381469727,10.25,349500
2017-07-25,10.25,10.350000381469727,10.100000381469727,10.100000381469727,227400
2017-07-26,10.149999618530273,10.300000190734863,9.850000381469727,10.199999809265137,335800
2017-07-27,10.25,10.5,9.949999809265137,10.199999809265137,360800
2017-07-28,10.149999618530273,10.149999618530273,9.449999809265137,9.949999809265137,518800
2017-07-31,9.899999618530273,10.050000190734863,9.649999618530273,9.899999618530273,345100
2017-08-01,9.949999809265137,10.149999618530273,9.699999809265137,9.850000381469727,221600
2017-08-02,9.899999618530273,9.899999618530273,9.5,9.600000381469727,218100
2017-08-03,9.550000190734863,9.949999809265137,9.300000190734863,9.75,208700
2017-08-04,9.75,9.850000381469727,9.449999809265137,9.649999618530273,234300
2017-08-07,9.550000190734863,9.649999618530273,9.199999809265137,9.350000381469727,367000
2017-08-08,10.600000381469727,11.0,10.199999809265137,10.850000381469727,1104100
2017-08-09,10.800000190734863,11.430000305175781,10.600000381469727,11.300000190734863,717100
2017-08-10,11.149999618530273,11.25,10.600000381469727,10.699999809265137,513500
2017-08-11,10.75,10.850000381469727,10.600000381469727,10.699999809265137,530500
2017-08-14,10.800000190734863,10.850000381469727,10.5,10.649999618530273,307000
2017-08-15,10.699999809265137,10.75,10.350000381469727,10.399999618530273,234300
2017-08-16,10.5,10.699999809265137,10.329999923706055,10.350000381469727,216500
2017-08-17,10.350000381469727,10.449999809265137,10.199999809265137,10.199999809265137,258100
2017-08-18,10.050000190734863,10.350000381469727,10.050000190734863,10.149999618530273,349200
2017-08-21,10.050000190734863,10.199999809265137,9.949999809265137,10.100000381469727,148200
2017-08-22,10.199999809265137,10.380000114440918,10.0,10.25,305400
2017-08-23,10.25,10.350000381469727,10.149999618530273,10.25,327300
2017-08-24,10.25,10.350000381469727,9.75,9.850000381469727,567400
2017-08-25,9.949999809265137,10.199999809265137,9.800000190734863,10.100000381469727,309500
2017-08-28,10.199999809265137,10.199999809265137,9.880000114440918,10.0,191800
2017-08-29,9.949999809265137,9.949999809265137,9.649999618530273,9.75,247300
2017-08-30,9.800000190734863,10.100000381469727,9.649999618530273,9.850000381469727,197000
2017-08-31,9.800000190734863,10.229999542236328,9.699999809265137,10.199999809265137,265900
2017-09-01,10.149999618530273,10.199999809265137,9.699999809265137,9.75,179200
2017-09-05,9.800000190734863,9.850000381469727,9.25,9.300000190734863,373500
2017-09-06,9.399999618530273,9.75,9.300000190734863,9.350000381469727,285400
2017-09-07,9.399999618530273,9.569999694824219,9.350000381469727,9.449999809265137,224700
2017-09-08,9.449999809265137,9.5,9.0,9.449999809265137,300700
2017-09-11,9.449999809265137,9.800000190734863,9.449999809265137,9.649999618530273,281800
2017-09-12,9.649999618530273,9.649999618530273,9.149999618530273,9.399999618530273,600500
2017-09-13,9.350000381469727,9.550000190734863,9.25,9.5,277000
2017-09-14,9.5,9.5,9.149999618530273,9.399999618530273,265500
2017-09-15,9.300000190734863,9.75,9.149999618530273,9.75,373600
2017-09-18,9.75,9.899999618530273,9.449999809265137,9.850000381469727,276300
2017-09-19,9.899999618530273,10.069999694824219,9.600000381469727,10.0,351700
2017-09-20,9.899999618530273,10.130000114440918,9.699999809265137,10.050000190734863,366900
2017-09-21,10.100000381469727,10.199999809265137,9.949999809265137,10.149999618530273,253900
2017-09-22,10.149999618530273,10.399999618530273,9.949999809265137,10.399999618530273,197000
2017-09-25,10.300000190734863,10.729999542236328,10.300000190734863,10.600000381469727,447400
2017-09-26,10.600000381469727,10.899999618530273,10.300000190734863,10.600000381469727,815000
2017-09-27,10.699999809265137,10.899999618530273,10.550000190734863,10.800000190734863,485600
2017-09-28,10.75,11.0,10.630000114440918,10.949999809265137,215800
2017-09-29,10.899999618530273,11.0,10.75,11.0,203200
2017-10-02,10.949999809265137,11.149999618530273,10.699999809265137,10.850000381469727,330800
2017-10-03,10.949999809265137,11.100000381469727,10.800000190734863,11.0,363900
2017-10-04,11.050000190734863,11.149999618530273,10.949999809265137,11.100000381469727,299300
2017-10-05,11.149999618530273,11.199999809265137,11.0,11.199999809265137,276900
2017-10-06,11.149999618530273,11.199999809265137,10.850000381469727,10.949999809265137,192100
2017-10-09,11.050000190734863,11.050000190734863,10.699999809265137,10.800000190734863,216700
2017-10-10,10.899999618530273,11.430000305175781,10.850000381469727,11.399999618530273,441100
2017-10-11,11.399999618530273,11.449999809265137,11.0,11.25,260600
2017-10-12,11.25,11.279999732971191,11.0,11.199999809265137,172900
2017-10-13,11.25,11.449999809265137,10.949999809265137,11.149999618530273,378400
2017-10-16,11.350000381469727,11.350000381469727,11.149999618530273,11.300000190734863,417100
2017-10-17,11.399999618530273,11.75,11.399999618530273,11.75,501200
2017-10-18,11.649999618530273,11.949999809265137,11.5,11.75,430600
2017-10-19,11.600000381469727,11.75,11.210000038146973,11.699999809265137,229700
2017-10-20,11.850000381469727,12.100000381469727,11.729999542236328,12.100000381469727,313700
2017-10-23,12.100000381469727,12.260000228881836,11.850000381469727,11.899999618530273,499000
2017-10-24,11.800000190734863,11.850000381469727,11.399999618530273,11.5,433600
2017-10-25,11.550000190734863,11.609999656677246,11.199999809265137,11.5,353200
2017-10-26,11.600000381469727,11.649999618530273,11.350000381469727,11.5,305900
2017-10-27,11.449999809265137,11.449999809265137,10.75,10.800000190734863,758300
2017-10-30,10.75,11.300000190734863,10.699999809265137,11.149999618530273,778800
2017-10-31,11.550000190734863,11.899999618530273,11.25,11.5,697100
2017-11-01,11.699999809265137,11.850000381469727,11.199999809265137,11.399999618530273,745100
2017-11-02,11.300000190734863,11.350000381469727,11.050000190734863,11.149999618530273,412700
2017-11-03,11.050000190734863,11.199999809265137,10.550000190734863,11.0,495000
2017-11-06,11.149999618530273,11.149999618530273,10.75,10.800000190734863,556200
2017-11-07,10.800000190734863,10.899999618530273,10.5,10.550000190734863,540400
2017-11-08,10.449999809265137,10.5,10.069999694824219,10.350000381469727,522500
2017-11-09,10.25,10.5,10.100000381469727,10.25,373300
2017-11-10,10.300000190734863,10.600000381469727,10.050000190734863,10.100000381469727,345300
2017-11-13,9.899999618530273,10.100000381469727,9.510000228881836,9.899999618530273,503700
2017-11-14,9.899999618530273,10.350000381469727,9.819999694824219,10.300000190734863,464900
2017-11-15,10.25,10.3100004196167,10.0,10.199999809265137,404500
2017-11-16,10.25,10.449999809265137,10.180000305175781,10.449999809265137,290500
2017-11-17,10.399999618530273,10.75,10.350000381469727,10.75,446800
2017-11-20,10.800000190734863,11.100000381469727,10.75,11.050000190734863,465000
2017-11-21,11.050000190734863,11.300000190734863,10.949999809265137,11.0,394700
2017-11-22,11.050000190734863,11.300000190734863,10.949999809265137,11.149999618530273,335000
2017-11-24,11.199999809265137,11.350000381469727,10.899999618530273,11.300000190734863,170900
2017-11-27,11.350000381469727,11.350000381469727,11.199999809265137,11.25,298600
2017-11-28,11.300000190734863,11.479999542236328,11.100000381469727,11.399999618530273,860300
2017-11-29,11.449999809265137,11.800000190734863,11.399999618530273,11.800000190734863,543600
2017-11-30,11.800000190734863,11.899999618530273,11.449999809265137,11.600000381469727,434700
2017-12-01,11.600000381469727,11.649999618530273,11.100000381469727,11.649999618530273,201100
2017-12-04,11.75,11.899999618530273,11.649999618530273,11.800000190734863,448000
2017-12-05,11.800000190734863,11.800000190734863,11.399999618530273,11.649999618530273,318500
2017-12-06,11.550000190734863,11.600000381469727,10.90999984741211,11.399999618530273,190400
2017-12-07,11.449999809265137,11.5,11.100000381469727,11.149999618530273,429600
2017-12-08,11.25,11.25,10.850000381469727,10.899999618530273,266000
2017-12-11,11.0,11.350000381469727,10.930000305175781,11.100000381469727,419000
2017-12-12,10.949999809265137,11.149999618530273,10.899999618530273,11.050000190734863,242400
2017-12-13,10.949999809265137,11.5,10.949999809265137,11.449999809265137,375800
2017-12-14,11.399999618530273,11.550000190734863,10.699999809265137,10.699999809265137,317900
2017-12-15,10.649999618530273,10.979999542236328,10.649999618530273,10.899999618530273,374200
2017-12-18,10.850000381469727,10.949999809265137,10.5,10.699999809265137,246700
2017-12-19,10.699999809265137,10.699999809265137,10.199999809265137,10.25,413800
2017-12-20,10.350000381469727,10.449999809265137,10.199999809265137,10.25,215400
2017-12-21,10.25,10.449999809265137,10.199999809265137,10.300000190734863,188600
2017-12-22,10.25,10.300000190734863,10.100000381469727,10.149999618530273,200900
2017-12-26,10.199999809265137,10.199999809265137,9.880000114440918,9.949999809265137,208600
2017-12-27,10.0,10.050000190734863,9.699999809265137,9.699999809265137,158600
2017-12-28,9.699999809265137,9.899999618530273,9.619999885559082,9.800000190734863,141100
2017-12-29,9.699999809265137,9.850000381469727,9.600000381469727,9.75,260100
2018-01-02,9.75,10.25,9.75,10.149999618530273,501400
2018-01-03,10.149999618530273,10.25,9.850000381469727,9.949999809265137,381100
2018-01-04,10.050000190734863,10.100000381469727,9.800000190734863,9.850000381469727,181800
2018-01-05,9.949999809265137,9.949999809265137,9.529999732971191,9.600000381469727,286400
2018-01-08,9.550000190734863,9.899999618530273,9.550000190734863,9.850000381469727,273100
2018-01-09,9.899999618530273,9.979999542236328,9.600000381469727,9.649999618530273,156300
2018-01-10,9.600000381469727,9.800000190734863,9.300000190734863,9.449999809265137,225900
2018-01-11,9.449999809265137,9.699999809265137,9.399999618530273,9.449999809265137,292200
2018-01-12,9.449999809265137,9.550000190734863,9.300000190734863,9.399999618530273,295600
2018-01-16,9.449999809265137,9.619999885559082,8.880000114440918,8.899999618530273,326000
2018-01-17,8.899999618530273,9.399999618530273,8.699999809265137,9.25,421200
2018-01-18,9.100000381469727,9.25,9.029999732971191,9.100000381469727,233700
2018-01-19,9.050000190734863,9.199999809265137,9.0,9.149999618530273,172800
2018-01-22,9.149999618530273,9.229999542236328,9.069999694824219,9.199999809265137,215500
2018-01-23,9.100000381469727,9.199999809265137,9.0,9.149999618530273,284900
2018-01-24,9.199999809265137,9.350000381469727,9.149999618530273,9.199999809265137,191200
2018-01-25,9.199999809265137,9.199999809265137,8.949999809265137,9.050000190734863,169400
2018-01-26,9.100000381469727,9.199999809265137,9.0,9.100000381469727,200600
2018-01-29,9.050000190734863,9.199999809265137,9.0,9.050000190734863,139900
2018-01-30,9.050000190734863,9.149999618530273,8.949999809265137,9.0,362200
2018-01-31,9.050000190734863,9.199999809265137,8.899999618530273,9.0,214100
2018-02-01,8.949999809265137,9.149999618530273,8.899999618530273,9.0,327100
2018-02-02,8.949999809265137,9.050000190734863,8.800000190734863,8.850000381469727,394100
2018-02-05,8.75,9.0,8.380000114440918,8.399999618530273,454500
2018-02-06,8.399999618530273,8.649999618530273,8.25,8.600000381469727,576200
2018-02-07,8.550000190734863,8.850000381469727,8.550000190734863,8.75,262100
2018-02-08,8.800000190734863,9.0,8.600000381469727,8.649999618530273,260800
2018-02-09,8.699999809265137,9.149999618530273,8.529999732971191,9.0,401800
2018-02-12,8.949999809265137,9.0,8.75,9.0,234900
2018-02-13,8.899999618530273,9.050000190734863,8.779999732971191,8.930000305175781,225800
2018-02-14,8.850000381469727,9.699999809265137,8.399999618530273,9.600000381469727,517400
2018-02-15,9.649999618530273,9.649999618530273,9.279999732971191,9.600000381469727,595200
2018-02-16,9.550000190734863,9.729999542236328,9.399999618530273,9.699999809265137,282200
2018-02-20,9.600000381469727,9.600000381469727,9.199999809265137,9.399999618530273,231700
2018-02-21,9.399999618530273,9.5,9.300000190734863,9.350000381469727,385300
2018-02-22,9.449999809265137,9.850000381469727,8.899999618530273,9.699999809265137,735800
2018-02-23,9.649999618530273,9.699999809265137,7.349999904632568,8.75,873600
2018-02-26,8.899999618530273,8.949999809265137,8.529999732971191,8.600000381469727,869400
2018-02-27,8.600000381469727,8.699999809265137,8.399999618530273,8.449999809265137,578300
2018-02-28,8.5,8.59000015258789,7.699999809265137,7.849999904632568,638600
2018-03-01,7.800000190734863,8.0,7.599999904632568,7.900000095367432,372000
2018-03-02,7.800000190734863,8.199999809265137,7.599999904632568,8.199999809265137,407700
2018-03-05,8.100000381469727,8.180000305175781,7.75,7.800000190734863,460500
2018-03-06,7.800000190734863,7.800000190734863,7.449999809265137,7.550000190734863,405400
2018-03-07,7.550000190734863,7.599999904632568,7.150000095367432,7.449999809265137,379900
2018-03-08,7.400000095367432,7.550000190734863,7.329999923706055,7.349999904632568,203700
2018-03-09,7.449999809265137,7.550000190734863,7.199999809265137,7.449999809265137,390500
2018-03-12,7.5,8.0,7.5,7.849999904632568,437500
2018-03-13,7.949999809265137,7.949999809265137,7.599999904632568,7.650000095367432,348600
2018-03-14,7.75,7.800000190734863,7.5,7.699999809265137,258000
2018-03-15,7.699999809265137,7.699999809265137,7.349999904632568,7.599999904632568,334200
2018-03-16,7.449999809265137,7.579999923706055,7.349999904632568,7.400000095367432,423500
2018-03-19,7.349999904632568,7.449999809265137,7.0,7.099999904632568,563100
2018-03-20,7.150000095367432,7.400000095367432,7.0,7.099999904632568,369300
2018-03-21,7.050000190734863,7.300000190734863,6.900000095367432,7.0,328900
2018-03-22,6.949999809265137,6.949999809265137,6.599999904632568,6.650000095367432,420700
2018-03-23,6.699999809265137,6.800000190734863,6.53000020980835,6.650000095367432,416000
2018-03-26,6.800000190734863,6.849999904632568,6.550000190734863,6.699999809265137,225700
2018-03-27,6.75,7.050000190734863,6.599999904632568,6.949999809265137,442900
2018-03-28,6.949999809265137,7.25,6.849999904632568,7.099999904632568,466500
2018-03-29,7.099999904632568,7.300000190734863,7.050000190734863,7.199999809265137,374000
2018-04-02,7.300000190734863,7.449999809265137,6.900000095367432,6.949999809265137,379000
2018-04-03,6.949999809265137,7.0,6.75,6.849999904632568,287600
2018-04-04,6.800000190734863,7.199999809265137,6.610000133514404,7.050000190734863,262300
2018-04-05,7.050000190734863,7.539999961853027,7.0,7.150000095367432,275700
2018-04-06,7.150000095367432,7.349999904632568,6.900000095367432,7.050000190734863,315100
2018-04-09,7.050000190734863,7.199999809265137,6.949999809265137,6.949999809265137,302200
2018-04-10,7.0,7.199999809265137,6.849999904632568,6.900000095367432,247000
2018-04-11,6.849999904632568,7.050000190734863,6.699999809265137,6.849999904632568,372500
2018-04-12,7.400000095367432,8.350000381469727,7.349999904632568,7.650000095367432,584600
2018-04-13,7.699999809265137,7.849999904632568,7.449999809265137,7.550000190734863,289700
2018-04-16,7.650000095367432,8.25,7.579999923706055,8.180000305175781,355400
2018-04-17,8.149999618530273,8.5,7.900000095367432,8.199999809265137,1353500
2018-04-18,8.300000190734863,8.649999618530273,8.100000381469727,8.199999809265137,538500
2018-04-19,8.300000190734863,8.399999618530273,7.880000114440918,7.949999809265137,407800
2018-04-20,7.949999809265137,8.149999618530273,7.849999904632568,7.949999809265137,269500
2018-04-23,8.0,8.079999923706055,7.75,7.800000190734863,162300
2018-04-24,7.800000190734863,7.949999809265137,7.650000095367432,7.75,272100
2018-04-25,7.800000190734863,7.800000190734863,7.400000095367432,7.599999904632568,333600
2018-04-26,7.550000190734863,7.78000020980835,7.260000228881836,7.599999904632568,240000
2018-04-27,7.599999904632568,7.78000020980835,7.400000095367432,7.449999809265137,124600
2018-04-30,7.400000095367432,7.650000095367432,7.400000095367432,7.550000190734863,187700
2018-05-01,7.550000190734863,7.550000190734863,7.199999809265137,7.300000190734863,392600
2018-05-02,7.300000190734863,7.449999809265137,7.050000190734863,7.150000095367432,472400
2018-05-03,7.099999904632568,7.150000095367432,6.800000190734863,7.050000190734863,269000
2018-05-04,7.0,7.380000114440918,7.0,7.25,234300
2018-05-07,7.300000190734863,7.449999809265137,7.260000228881836,7.349999904632568,261800
2018-05-08,7.300000190734863,7.349999904632568,7.0,7.050000190734863,249200
2018-05-09,7.050000190734863,7.150000095367432,6.599999904632568,6.849999904632568,666600
2018-05-10,4.550000190734863,5.099999904632568,3.799999952316284,4.849999904632568,5241500
2018-05-11,4.75,4.800000190734863,4.21999979019165,4.349999904632568,2231800
2018-05-14,4.300000190734863,4.5,4.099999904632568,4.099999904632568,959000
2018-05-15,4.199999809265137,4.400000095367432,4.150000095367432,4.150000095367432,986300
2018-05-16,4.199999809265137,4.400000095367432,4.199999809265137,4.300000190734863,756300
2018-05-17,4.349999904632568,4.599999904632568,4.300000190734863,4.599999904632568,1200700
2018-05-18,4.550000190734863,4.650000095367432,4.449999809265137,4.5,945600
2018-05-21,4.5,4.599999904632568,4.5,4.5,574800
2018-05-22,4.550000190734863,4.550000190734863,4.449999809265137,4.449999809265137,370400
2018-05-23,4.5,4.5,4.400000095367432,4.449999809265137,862900
2018-05-24,4.400000095367432,4.449999809265137,4.300000190734863,4.349999904632568,731100
2018-05-25,4.400000095367432,4.400000095367432,4.300000190734863,4.400000095367432,441700
2018-05-29,4.300000190734863,4.400000095367432,4.099999904632568,4.199999809265137,810700
2018-05-30,4.25,4.300000190734863,4.099999904632568,4.25,496200
2018-05-31,4.25,4.289999961853027,4.099999904632568,4.150000095367432,444700
2018-06-01,4.150000095367432,4.300000190734863,4.099999904632568,4.25,453600
2018-06-04,4.25,4.590000152587891,4.199999809265137,4.449999809265137,858600
2018-06-05,4.449999809265137,4.800000190734863,4.449999809265137,4.75,470400
2018-06-06,4.699999809265137,4.800000190734863,4.599999904632568,4.75,610900
2018-06-07,4.800000190734863,4.800000190734863,4.550000190734863,4.650000095367432,320600
2018-06-08,4.599999904632568,4.900000095367432,4.599999904632568,4.650000095367432,468400
2018-06-11,4.650000095367432,4.949999809265137,4.650000095367432,4.800000190734863,390900
2018-06-12,4.75,4.849999904632568,4.650000095367432,4.699999809265137,272100
2018-06-13,4.650000095367432,4.78000020980835,4.550000190734863,4.650000095367432,219200
2018-06-14,4.699999809265137,4.849999904632568,4.650000095367432,4.75,227700
2018-06-15,4.75,4.900000095367432,4.659999847412109,4.900000095367432,480900
2018-06-18,4.849999904632568,4.849999904632568,4.75,4.800000190734863,249600
2018-06-19,4.800000190734863,4.829999923706055,4.699999809265137,4.75,184600
2018-06-20,4.800000190734863,4.949999809265137,4.650000095367432,4.900000095367432,463100
2018-06-21,4.900000095367432,4.949999809265137,4.75,4.900000095367432,343600
2018-06-22,4.900000095367432,5.300000190734863,4.849999904632568,5.199999809265137,1906100
2018-06-25,5.199999809265137,5.199999809265137,5.050000190734863,5.050000190734863,311200
2018-06-26,5.050000190734863,5.150000095367432,4.800000190734863,5.099999904632568,247300
2018-06-27,5.050000190734863,5.099999904632568,4.849999904632568,4.849999904632568,266700
2018-06-28,4.900000095367432,4.900000095367432,4.550000190734863,4.650000095367432,455800
2018-06-29,4.75,4.75,4.599999904632568,4.599999904632568,276100
2018-07-02,4.550000190734863,4.71999979019165,4.449999809265137,4.699999809265137,225700
2018-07-03,4.75,5.300000190734863,4.599999904632568,5.199999809265137,684000
2018-07-05,5.199999809265137,5.429999828338623,5.099999904632568,5.300000190734863,638600
2018-07-06,5.349999904632568,5.550000190734863,5.159999847412109,5.449999809265137,413200
2018-07-09,5.5,5.579999923706055,5.349999904632568,5.5,207100
2018-07-10,5.5,6.0,5.449999809265137,5.5,716900
2018-07-11,5.5,5.650000095367432,5.300000190734863,5.550000190734863,373000
2018-07-12,5.5,5.699999809265137,5.349999904632568,5.650000095367432,439400
2018-07-13,5.650000095367432,5.650000095367432,5.300000190734863,5.449999809265137,278900
2018-07-16,5.349999904632568,5.5,5.25,5.400000095367432,555100
2018-07-17,5.400000095367432,5.400000095367432,5.150000095367432,5.349999904632568,407100
2018-07-18,5.300000190734863,5.550000190734863,5.199999809265137,5.5,526200
2018-07-19,5.5,5.619999885559082,5.349999904632568,5.449999809265137,631000
2018-07-20,5.400000095367432,5.519999980926514,5.099999904632568,5.099999904632568,254000
2018-07-23,5.099999904632568,5.199999809265137,4.909999847412109,5.050000190734863,249700
2018-07-24,5.050000190734863,5.349999904632568,4.949999809265137,5.099999904632568,296000
2018-07-25,5.150000095367432,5.300000190734863,4.949999809265137,4.949999809265137,308900
2018-07-26,4.949999809265137,5.28000020980835,4.900000095367432,5.25,241100
2018-07-27,5.300000190734863,5.300000190734863,5.150000095367432,5.25,189200
2018-07-30,5.199999809265137,5.429999828338623,4.920000076293945,5.199999809265137,301400
2018-07-31,5.150000095367432,5.230000019073486,5.050000190734863,5.099999904632568,233400
2018-08-01,5.099999904632568,5.150000095367432,4.800000190734863,4.949999809265137,724100
2018-08-02,4.900000095367432,4.900000095367432,4.550000190734863,4.550000190734863,655500
2018-08-03,4.900000095367432,5.449999809265137,4.260000228881836,5.400000095367432,845500
2018-08-06,5.300000190734863,5.349999904632568,4.949999809265137,5.25,541900
2018-08-07,5.150000095367432,5.449999809265137,5.150000095367432,5.300000190734863,447100
2018-08-08,5.349999904632568,5.380000114440918,5.199999809265137,5.300000190734863,266500
2018-08-09,5.25,5.449999809265137,5.25,5.300000190734863,392800
2018-08-10,5.199999809265137,5.300000190734863,5.099999904632568,5.150000095367432,299600
2018-08-13,5.199999809265137,5.349999904632568,4.949999809265137,5.0,239500
2018-08-14,5.0,5.0,4.849999904632568,4.900000095367432,131700
2018-08-15,4.949999809265137,5.050000190734863,4.650000095367432,4.699999809265137,723800
2018-08-16,4.699999809265137,4.96999979019165,4.699999809265137,4.900000095367432,158800
2018-08-17,4.900000095367432,4.900000095367432,4.800000190734863,4.800000190734863,161300
2018-08-20,4.800000190734863,4.900000095367432,4.550000190734863,4.599999904632568,428700
2018-08-21,4.550000190734863,4.75,4.550000190734863,4.679999828338623,299300
2018-08-22,4.650000095367432,4.75,4.449999809265137,4.650000095367432,426400
2018-08-23,4.599999904632568,4.849999904632568,4.599999904632568,4.699999809265137,223400
2018-08-24,4.650000095367432,4.900000095367432,4.599999904632568,4.800000190734863,340200
2018-08-27,4.800000190734863,4.949999809265137,4.800000190734863,4.800000190734863,214300
2018-08-28,4.800000190734863,4.949999809265137,4.800000190734863,4.949999809265137,271800
2018-08-29,4.949999809265137,4.949999809265137,4.849999904632568,4.900000095367432,127000
2018-08-30,4.849999904632568,4.900000095367432,4.75,4.75,130500
2018-08-31,4.75,4.849999904632568,4.650000095367432,4.849999904632568,117100
2018-09-04,4.800000190734863,4.800000190734863,4.650000095367432,4.75,228200
2018-09-05,4.800000190734863,4.800000190734863,4.630000114440918,4.75,139000
2018-09-06,4.75,4.75,4.550000190734863,4.550000190734863,82400
2018-09-07,4.550000190734863,4.599999904632568,4.449999809265137,4.46999979019165,185900
2018-09-10,4.5,4.550000190734863,4.400000095367432,4.400000095367432,114200
2018-09-11,4.400000095367432,4.449999809265137,4.03000020980835,4.079999923706055,375000
2018-09-12,4.0,4.550000190734863,4.0,4.300000190734863,317700
2018-09-13,4.349999904632568,4.449999809265137,4.150000095367432,4.179999828338623,269200
2018-09-14,4.199999809265137,4.360000133514404,4.150000095367432,4.349999904632568,239300
2018-09-17,4.300000190734863,4.400000095367432,4.199999809265137,4.300000190734863,173700
2018-09-18,4.300000190734863,4.400000095367432,4.25,4.25,172300
2018-09-19,4.25,4.449999809265137,4.25,4.300000190734863,314500
2018-09-20,4.349999904632568,4.849999904632568,4.25,4.599999904632568,1096900
2018-09-21,4.75,4.75,4.550000190734863,4.650000095367432,867300
2018-09-24,4.599999904632568,4.650000095367432,4.449999809265137,4.5,445100
2018-09-25,4.449999809265137,4.599999904632568,4.349999904632568,4.5,207300
2018-09-26,4.5,4.53000020980835,4.400000095367432,4.400000095367432,233300
2018-09-27,4.449999809265137,4.5,4.25,4.25,285900
2018-09-28,4.25,4.25,4.099999904632568,4.150000095367432,311100
2018-10-01,4.170000076293945,4.329999923706055,4.010000228881836,4.059999942779541,642300
2018-10-02,4.070000171661377,4.139999866485596,4.0,4.03000020980835,374900
2018-10-03,4.050000190734863,4.050000190734863,3.8299999237060547,3.859999895095825,618500
2018-10-04,3.8499999046325684,3.940000057220459,3.740000009536743,3.9200000762939453,610800
2018-10-05,3.9000000953674316,3.9700000286102295,3.7799999713897705,3.8299999237060547,408600
2018-10-08,3.859999895095825,3.950000047683716,3.6700000762939453,3.7200000286102295,351600
2018-10-09,3.700000047683716,3.7799999713897705,3.5899999141693115,3.5999999046325684,217400
2018-10-10,3.5799999237060547,3.619999885559082,3.299999952316284,3.3299999237060547,455800
2018-10-11,3.2899999618530273,3.390000104904175,3.119999885559082,3.180000066757202,460100
2018-10-12,3.2300000190734863,3.240000009536743,2.759999990463257,2.8399999141693115,1143600
2018-10-15,2.819999933242798,3.009999990463257,2.7899999618530273,2.8499999046325684,474600
2018-10-16,2.8399999141693115,2.990000009536743,2.8399999141693115,2.990000009536743,514100
2018-10-17,3.0,3.049999952316284,2.950000047683716,2.9800000190734863,390500
2018-10-18,2.9600000381469727,2.9700000286102295,2.680000066757202,2.7100000381469727,515300
2018-10-19,2.700000047683716,2.7899999618530273,2.5799999237060547,2.5899999141693115,514100
2018-10-22,2.619999885559082,2.740000009536743,2.5,2.509999990463257,1136300
2018-10-23,2.4700000286102295,2.5299999713897705,2.390000104904175,2.5,528000
2018-10-24,2.5,2.5399999618530273,2.4200000762939453,2.430000066757202,509600
2018-10-25,2.450000047683716,2.4700000286102295,2.359999895095825,2.380000114440918,369500
2018-10-26,2.3499999046325684,2.380000114440918,2.2799999713897705,2.3399999141693115,561100
2018-10-29,2.5,2.5999999046325684,2.380000114440918,2.4100000858306885,2385200
2018-10-30,2.4800000190734863,2.5199999809265137,2.380000114440918,2.5,1036000
2018-10-31,2.5,2.5999999046325684,2.4600000381469727,2.4700000286102295,1137500
2018-11-01,2.5,2.75,2.4800000190734863,2.7200000286102295,931900
2018-11-02,2.740000009536743,3.180000066757202,2.740000009536743,3.0399999618530273,671800
2018-11-05,3.0999999046325684,3.2100000381469727,2.940000057220459,3.0899999141693115,888200
2018-11-06,3.0999999046325684,3.359999895095825,3.0299999713897705,3.25,649000
2018-11-07,3.240000009536743,3.3299999237060547,3.0799999237060547,3.119999885559082,1168000
2018-11-08,3.0799999237060547,3.240000009536743,2.8299999237060547,2.8399999141693115,840800
2018-11-09,2.8399999141693115,2.9000000953674316,2.7200000286102295,2.740000009536743,408800
2018-11-12,2.740000009536743,2.8299999237060547,2.6700000762939453,2.7699999809265137,696000
2018-11-13,2.7799999713897705,3.109999895095825,2.6500000953674316,2.6500000953674316,403900
2018-11-14,2.6700000762939453,2.740000009536743,2.5799999237060547,2.6600000858306885,473900
2018-11-15,2.630000114440918,2.7300000190734863,2.5399999618530273,2.6600000858306885,695300
2018-11-16,2.619999885559082,2.7100000381469727,2.5,2.630000114440918,624200
2018-11-19,2.640000104904175,2.8499999046325684,2.5199999809265137,2.5299999713897705,483400
2018-11-20,2.4700000286102295,2.5199999809265137,2.309999942779541,2.3399999141693115,756900
2018-11-21,2.380000114440918,2.4200000762939453,2.3399999141693115,2.359999895095825,951600
2018-11-23,2.3499999046325684,2.490000009536743,2.25,2.2699999809265137,547100
2018-11-26,2.2899999618530273,2.4100000858306885,2.2899999618530273,2.380000114440918,441000
2018-11-27,2.3399999141693115,2.430000066757202,2.2799999713897705,2.2899999618530273,932700
2018-11-28,2.2799999713897705,2.4100000858306885,2.200000047683716,2.380000114440918,739900
2018-11-29,2.380000114440918,2.549999952316284,2.380000114440918,2.5,522500
2018-11-30,2.5,2.680000066757202,2.390000104904175,2.640000104904175,2027700
2018-12-03,2.6700000762939453,2.690000057220459,2.4800000190734863,2.6500000953674316,390600
2018-12-04,2.6500000953674316,2.809999942779541,2.4600000381469727,2.5,498700
2018-12-06,2.6700000762939453,3.2899999618530273,2.569999933242798,3.2799999713897705,2942100
2018-12-07,3.259999990463257,3.319999933242798,3.140000104904175,3.2100000381469727,828900
2018-12-10,3.240000009536743,3.3299999237060547,2.880000114440918,2.990000009536743,879800
2018-12-11,3.0799999237060547,3.0999999046325684,2.869999885559082,2.9200000762939453,357200
2018-12-12,3.009999990463257,3.0299999713897705,2.9100000858306885,2.9200000762939453,341400
2018-12-13,2.9800000190734863,3.069999933242798,2.9000000953674316,2.950000047683716,436900
2018-12-14,2.930000066757202,3.0299999713897705,2.869999885559082,2.9000000953674316,389100
2018-12-17,2.890000104904175,3.1500000953674316,2.890000104904175,2.990000009536743,410500
2018-12-18,3.049999952316284,3.059999942779541,2.7899999618530273,2.819999933242798,666900
2018-12-19,2.809999942779541,2.9700000286102295,2.75,2.799999952316284,330500
2018-12-20,2.809999942779541,2.9000000953674316,2.740000009536743,2.8299999237060547,459000
2018-12-21,2.859999895095825,2.859999895095825,2.5999999046325684,2.619999885559082,608500
2018-12-24,2.630000114440918,2.7100000381469727,2.549999952316284,2.569999933242798,114400
2018-12-26,2.5899999141693115,2.7100000381469727,2.5,2.640000104904175,317400
2018-12-27,2.5899999141693115,2.6500000953674316,2.5,2.5799999237060547,189500
2018-12-28,2.5799999237060547,2.759999990463257,2.549999952316284,2.640000104904175,276000
2018-12-31,2.6600000858306885,2.759999990463257,2.559999942779541,2.609999895095825,403200
2019-01-02,2.549999952316284,3.1700000762939453,2.5399999618530273,2.75,841600
2019-01-03,2.740000009536743,2.819999933242798,2.6500000953674316,2.700000047683716,254100
2019-01-04,2.75,2.9000000953674316,2.75,2.7799999713897705,204800
2019-01-07,2.7899999618530273,2.880000114440918,2.759999990463257,2.8299999237060547,175300
2019-01-08,2.880000114440918,2.930000066757202,2.7899999618530273,2.930000066757202,205300
2019-01-09,2.9600000381469727,3.009999990463257,2.940000057220459,2.9800000190734863,244400
2019-01-10,2.9600000381469727,2.9600000381469727,2.8499999046325684,2.880000114440918,144100
2019-01-11,2.869999885559082,2.9100000858306885,2.819999933242798,2.869999885559082,147300
2019-01-14,2.8499999046325684,2.9000000953674316,2.809999942779541,2.859999895095825,106800
2019-01-15,2.8499999046325684,2.9000000953674316,2.8399999141693115,2.890000104904175,236300
2019-01-16,2.890000104904175,3.0,2.880000114440918,2.9100000858306885,223200
2019-01-17,2.880000114440918,2.9700000286102295,2.859999895095825,2.9700000286102295,273600
2019-01-18,2.9700000286102295,3.0299999713897705,2.859999895095825,2.9200000762939453,201200
2019-01-22,2.9000000953674316,2.930000066757202,2.7100000381469727,2.7699999809265137,222400
2019-01-23,2.7799999713897705,2.859999895095825,2.7300000190734863,2.859999895095825,294200
2019-01-24,2.880000114440918,2.880000114440918,2.8299999237060547,2.859999895095825,116500
2019-01-25,2.869999885559082,2.930000066757202,2.8499999046325684,2.9200000762939453,134200
2019-01-28,2.8499999046325684,2.930000066757202,2.809999942779541,2.9100000858306885,194300
2019-01-29,2.890000104904175,2.940000057220459,2.869999885559082,2.930000066757202,172900
2019-01-30,2.930000066757202,3.009999990463257,2.880000114440918,3.0,424800
2019-01-31,2.990000009536743,3.0299999713897705,2.9200000762939453,2.9700000286102295,182400
2019-02-01,2.9800000190734863,2.990000009536743,2.890000104904175,2.9700000286102295,195700
2019-02-04,2.9700000286102295,2.9800000190734863,2.9100000858306885,2.950000047683716,170000
2019-02-05,2.9600000381469727,3.049999952316284,2.940000057220459,2.990000009536743,139500
2019-02-06,2.9800000190734863,3.0299999713897705,2.890000104904175,2.9800000190734863,191400
2019-02-07,2.930000066757202,2.9700000286102295,2.799999952316284,2.809999942779541,305600
2019-02-08,2.7799999713897705,2.8399999141693115,2.7300000190734863,2.75,137400
2019-02-11,2.759999990463257,2.8299999237060547,2.7300000190734863,2.809999942779541,121800
2019-02-12,2.8399999141693115,2.8399999141693115,2.700000047683716,2.740000009536743,148300
2019-02-13,2.740000009536743,2.890000104904175,2.740000009536743,2.880000114440918,202400
2019-02-14,2.8499999046325684,2.9700000286102295,2.819999933242798,2.950000047683716,212200
2019-02-15,2.950000047683716,3.009999990463257,2.9100000858306885,2.940000057220459,244700
2019-02-19,2.9200000762939453,3.130000114440918,2.9200000762939453,3.109999895095825,301700
2019-02-20,3.0999999046325684,3.2799999713897705,3.049999952316284,3.259999990463257,589200
2019-02-21,3.25,3.319999933242798,3.240000009536743,3.299999952316284,298700
2019-02-22,3.359999895095825,3.509999990463257,3.180000066757202,3.3499999046325684,391000
2019-02-25,3.3499999046325684,3.450000047683716,3.200000047683716,3.4200000762939453,244400
2019-02-26,3.4100000858306885,3.5299999713897705,3.369999885559082,3.5,208000
2019-02-27,3.4700000286102295,3.5299999713897705,3.359999895095825,3.359999895095825,209500
2019-02-28,3.3299999237060547,3.4100000858306885,3.25,3.319999933242798,175500
2019-03-01,3.3299999237060547,3.450000047683716,3.319999933242798,3.390000104904175,161300
2019-03-04,3.380000114440918,3.450000047683716,3.3399999141693115,3.369999885559082,236900
2019-03-05,3.359999895095825,3.359999895095825,3.1600000858306885,3.1700000762939453,90000
2019-03-06,3.1600000858306885,3.180000066757202,2.8399999141693115,2.8499999046325684,277700
2019-03-07,2.8399999141693115,2.859999895095825,2.609999895095825,2.640000104904175,272100
2019-03-08,2.9800000190734863,2.9800000190734863,2.4200000762939453,2.4700000286102295,530000
2019-03-11,2.450000047683716,2.5199999809265137,2.4000000953674316,2.4600000381469727,366400
2019-03-12,2.4000000953674316,2.430000066757202,2.059999942779541,2.0799999237060547,867800
2019-03-13,2.109999895095825,2.130000114440918,2.049999952316284,2.0899999141693115,2640100
2019-03-14,2.0899999141693115,2.180000066757202,2.009999990463257,2.0299999713897705,747800
2019-03-15,2.450000047683716,2.5399999618530273,2.069999933242798,2.2899999618530273,4711300
2019-03-18,2.299999952316284,2.3399999141693115,2.009999990463257,2.0899999141693115,1496700
2019-03-19,2.109999895095825,2.140000104904175,1.9900000095367432,1.9900000095367432,847700
2019-03-20,1.9800000190734863,1.9800000190734863,1.850000023841858,1.8600000143051147,1346100
2019-03-21,1.850000023841858,1.9600000381469727,1.6699999570846558,1.6799999475479126,1464100
2019-03-22,1.7100000381469727,1.899999976158142,1.7000000476837158,1.850000023841858,956600
2019-03-25,1.809999942779541,1.9199999570846558,1.7200000286102295,1.7599999904632568,1035800
2019-03-26,1.7400000095367432,1.7799999713897705,1.649999976158142,1.6799999475479126,1160300
2019-03-27,1.659999966621399,2.0299999713897705,1.659999966621399,2.009999990463257,1593000
2019-03-28,2.0299999713897705,2.240000009536743,1.9800000190734863,2.2200000286102295,2031100
2019-03-29,2.2200000286102295,2.2699999809265137,2.130000114440918,2.25,1209300
2019-04-01,2.259999990463257,2.2799999713897705,2.180000066757202,2.2300000190734863,440400
2019-04-02,2.2300000190734863,2.2300000190734863,2.119999885559082,2.1500000953674316,272800
2019-04-03,2.180000066757202,2.25,2.130000114440918,2.1500000953674316,303800
2019-04-04,2.140000104904175,2.2200000286102295,2.0299999713897705,2.2200000286102295,325700
2019-04-05,2.2300000190734863,2.259999990463257,2.190000057220459,2.259999990463257,354500
2019-04-08,2.25,2.299999952316284,2.1500000953674316,2.200000047683716,401300
2019-04-09,2.200000047683716,2.25,2.119999885559082,2.119999885559082,369700
2019-04-10,2.119999885559082,2.140000104904175,2.0199999809265137,2.130000114440918,303200
2019-04-11,2.130000114440918,2.130000114440918,2.049999952316284,2.0999999046325684,372300
2019-04-12,2.119999885559082,2.1700000762939453,2.059999942779541,2.119999885559082,221400
2019-04-15,2.109999895095825,2.119999885559082,2.059999942779541,2.069999933242798,282600
2019-04-16,2.069999933242798,2.130000114440918,2.0,2.0199999809265137,300100
2019-04-17,2.0399999618530273,2.200000047683716,2.0299999713897705,2.1600000858306885,356200
2019-04-18,2.1600000858306885,2.200000047683716,2.069999933242798,2.0899999141693115,156600
2019-04-22,2.069999933242798,2.0999999046325684,2.0199999809265137,2.0299999713897705,219300
2019-04-23,2.0799999237060547,2.140000104904175,1.9800000190734863,1.9900000095367432,476400
2019-04-24,1.9600000381469727,2.0199999809265137,1.7999999523162842,1.9700000286102295,1044400
2019-04-25,1.9900000095367432,2.0199999809265137,1.940000057220459,1.9600000381469727,315300
2019-04-26,1.9700000286102295,2.049999952316284,1.9199999570846558,2.0399999618530273,239200
2019-04-29,2.059999942779541,2.1500000953674316,2.0399999618530273,2.0799999237060547,245000
2019-04-30,2.0899999141693115,2.109999895095825,2.0,2.0999999046325684,228600
2019-05-01,2.0999999046325684,2.130000114440918,1.9900000095367432,2.049999952316284,157000
2019-05-02,2.049999952316284,2.109999895095825,1.9600000381469727,2.049999952316284,230100
2019-05-03,2.069999933242798,2.1700000762939453,2.059999942779541,2.0999999046325684,297200
2019-05-06,2.140000104904175,2.259999990463257,2.0799999237060547,2.1700000762939453,518900
2019-05-07,2.390000104904175,2.4800000190734863,2.1500000953674316,2.3499999046325684,1008000
2019-05-08,2.390000104904175,2.7799999713897705,2.380000114440918,2.759999990463257,1446300
2019-05-09,2.7300000190734863,2.9200000762939453,2.7100000381469727,2.9200000762939453,1087500
2019-05-10,2.930000066757202,3.0799999237060547,2.859999895095825,2.990000009536743,990700
2019-05-13,2.9000000953674316,3.180000066757202,2.8499999046325684,3.0799999237060547,850100
2019-05-14,3.190000057220459,3.190000057220459,2.9800000190734863,3.0299999713897705,614400
2019-05-15,3.0,3.200000047683716,2.950000047683716,3.130000114440918,780600
2019-05-16,3.1600000858306885,3.2799999713897705,3.140000104904175,3.2799999713897705,634200
2019-05-17,3.240000009536743,3.440000057220459,3.1700000762939453,3.25,584300
2019-05-20,3.2100000381469727,3.319999933242798,3.119999885559082,3.25,399900
2019-05-21,3.299999952316284,3.4200000762939453,3.259999990463257,3.299999952316284,626000
2019-05-22,3.259999990463257,3.2799999713897705,3.119999885559082,3.200000047683716,314900
2019-05-23,3.200000047683716,3.200000047683716,3.0399999618530273,3.0799999237060547,341300
2019-05-24,3.0999999046325684,3.1600000858306885,3.0399999618530273,3.119999885559082,222900
2019-05-28,3.109999895095825,3.1500000953674316,3.0199999809265137,3.0299999713897705,291900
2019-05-29,3.0199999809265137,3.049999952316284,2.940000057220459,2.990000009536743,264900
2019-05-30,3.0,3.049999952316284,2.7699999809265137,2.8299999237060547,357800
2019-05-31,2.809999942779541,2.890000104904175,2.759999990463257,2.799999952316284,221900
2019-06-03,2.819999933242798,2.9000000953674316,2.759999990463257,2.8299999237060547,264300
2019-06-04,2.859999895095825,2.9100000858306885,2.8299999237060547,2.9100000858306885,215200
2019-06-05,2.950000047683716,2.9800000190734863,2.8299999237060547,2.869999885559082,161100
2019-06-06,2.869999885559082,2.880000114440918,2.7899999618530273,2.8499999046325684,494800
2019-06-07,2.859999895095825,2.9600000381469727,2.8399999141693115,2.869999885559082,371600
2019-06-10,2.869999885559082,3.0,2.819999933242798,2.9700000286102295,351400
2019-06-11,3.0,3.0399999618530273,2.940000057220459,2.940000057220459,223500
2019-06-12,2.9800000190734863,3.009999990463257,2.8499999046325684,2.890000104904175,166300
2019-06-13,2.930000066757202,2.950000047683716,2.859999895095825,2.9200000762939453,177700
2019-06-14,2.9100000858306885,2.940000057220459,2.809999942779541,2.8499999046325684,281700
2019-06-17,2.8499999046325684,3.009999990463257,2.799999952316284,2.8499999046325684,239900
2019-06-18,2.8499999046325684,2.940000057220459,2.75,2.7899999618530273,277800
2019-06-19,2.7799999713897705,2.8399999141693115,2.759999990463257,2.7799999713897705,264100
2019-06-20,2.7799999713897705,2.809999942779541,2.690000057220459,2.700000047683716,235000
2019-06-21,2.7899999618530273,2.7899999618530273,2.549999952316284,2.5799999237060547,384800
2019-06-24,2.569999933242798,2.609999895095825,2.4800000190734863,2.5,278100
2019-06-25,2.4800000190734863,2.5899999141693115,2.4200000762939453,2.549999952316284,328200
2019-06-26,2.5399999618530273,2.619999885559082,2.4200000762939453,2.509999990463257,399400
2019-06-27,2.490000009536743,2.569999933242798,2.450000047683716,2.5,236200
2019-06-28,2.509999990463257,2.609999895095825,2.4800000190734863,2.5199999809265137,959100
2019-07-01,2.549999952316284,2.630000114440918,2.5399999618530273,2.569999933242798,305500
2019-07-02,2.559999942779541,2.630000114440918,2.5399999618530273,2.5799999237060547,157800
2019-07-03,2.5799999237060547,2.630000114440918,2.569999933242798,2.5999999046325684,62800
2019-07-05,2.559999942779541,2.630000114440918,2.559999942779541,2.5999999046325684,368900
2019-07-08,2.5799999237060547,2.609999895095825,2.549999952316284,2.569999933242798,115100
2019-07-09,2.569999933242798,2.630000114440918,2.5399999618530273,2.5899999141693115,149700
2019-07-10,2.5899999141693115,2.7200000286102295,2.5399999618530273,2.5899999141693115,523200
2019-07-11,2.5999999046325684,2.690000057220459,2.549999952316284,2.640000104904175,193200
2019-07-12,2.630000114440918,2.799999952316284,2.609999895095825,2.6500000953674316,272300
2019-07-15,2.640000104904175,2.690000057220459,2.569999933242798,2.6700000762939453,419800
2019-07-16,2.6600000858306885,2.7899999618530273,2.619999885559082,2.630000114440918,170600
2019-07-17,2.609999895095825,2.700000047683716,2.569999933242798,2.5999999046325684,113300
2019-07-18,2.5899999141693115,2.5899999141693115,2.5,2.509999990463257,146900
2019-07-19,2.4800000190734863,2.5199999809265137,2.4600000381469727,2.4600000381469727,153400
2019-07-22,2.4800000190734863,2.509999990463257,2.3299999237060547,2.4000000953674316,178900
2019-07-23,2.380000114440918,2.390000104904175,2.299999952316284,2.369999885559082,148000
2019-07-24,2.369999885559082,2.4800000190734863,2.3499999046325684,2.380000114440918,208200
2019-07-25,2.4000000953674316,2.4100000858306885,2.359999895095825,2.390000104904175,127700
2019-07-26,2.390000104904175,2.450000047683716,2.359999895095825,2.440000057220459,135000
2019-07-29,2.450000047683716,2.450000047683716,2.390000104904175,2.440000057220459,119200
2019-07-30,2.4200000762939453,2.5199999809265137,2.380000114440918,2.5,246400
2019-07-31,2.509999990463257,2.640000104904175,2.450000047683716,2.5,331000
2019-08-01,2.490000009536743,2.490000009536743,2.299999952316284,2.319999933242798,253500
2019-08-02,2.299999952316284,2.4000000953674316,2.299999952316284,2.3299999237060547,133100
2019-08-05,2.25,2.3399999141693115,2.2300000190734863,2.25,297200
2019-08-06,2.2699999809265137,2.2899999618530273,2.2200000286102295,2.2799999713897705,178000
2019-08-07,2.390000104904175,2.549999952316284,2.3399999141693115,2.430000066757202,484900
2019-08-08,2.450000047683716,2.619999885559082,2.299999952316284,2.509999990463257,322700
2019-08-09,2.5,2.5199999809265137,2.4100000858306885,2.4100000858306885,145700
2019-08-12,2.359999895095825,2.440000057220459,2.2100000381469727,2.240000009536743,316200
2019-08-13,2.2300000190734863,2.3399999141693115,2.130000114440918,2.2100000381469727,196700
2019-08-14,2.140000104904175,2.180000066757202,2.049999952316284,2.0899999141693115,313900
2019-08-15,2.0999999046325684,2.1600000858306885,2.059999942779541,2.140000104904175,155700
2019-08-16,2.1500000953674316,2.2799999713897705,2.119999885559082,2.2699999809265137,119000
2019-08-19,2.299999952316284,2.299999952316284,2.2200000286102295,2.2899999618530273,165900
2019-08-20,2.259999990463257,2.309999942779541,2.2100000381469727,2.299999952316284,82800
2019-08-21,2.319999933242798,2.4000000953674316,2.259999990463257,2.319999933242798,155700
2019-08-22,2.3399999141693115,2.390000104904175,2.299999952316284,2.359999895095825,155300
2019-08-23,2.3499999046325684,2.390000104904175,2.25,2.2899999618530273,157400
2019-08-26,2.319999933242798,2.3299999237060547,2.259999990463257,2.299999952316284,135300
2019-08-27,2.309999942779541,2.380000114440918,2.2100000381469727,2.2699999809265137,169800
2019-08-28,2.2699999809265137,2.390000104904175,2.259999990463257,2.369999885559082,87500
2019-08-29,2.369999885559082,2.5299999713897705,2.3299999237060547,2.359999895095825,121100
2019-08-30,2.369999885559082,2.4200000762939453,2.3399999141693115,2.3499999046325684,65200
2019-09-03,2.309999942779541,2.4000000953674316,2.259999990463257,2.369999885559082,92700
2019-09-04,2.369999885559082,2.4100000858306885,2.2799999713897705,2.3299999237060547,119900
2019-09-05,2.359999895095825,2.4200000762939453,2.3399999141693115,2.390000104904175,219300
2019-09-06,2.380000114440918,2.5,2.380000114440918,2.490000009536743,111800
2019-09-09,2.490000009536743,2.549999952316284,2.440000057220459,2.5199999809265137,500900
2019-09-10,2.509999990463257,2.6600000858306885,2.4600000381469727,2.5,450200
2019-09-11,2.5199999809265137,2.5999999046325684,2.4600000381469727,2.549999952316284,452900
2019-09-12,2.5999999046325684,2.6500000953674316,2.450000047683716,2.4800000190734863,584500
2019-09-13,2.5,2.6500000953674316,2.4200000762939453,2.619999885559082,1161900
2019-09-16,2.5899999141693115,2.7300000190734863,2.5399999618530273,2.680000066757202,570000
2019-09-17,2.6600000858306885,2.890000104904175,2.5999999046325684,2.880000114440918,380100
2019-09-18,2.9100000858306885,2.950000047683716,2.8499999046325684,2.880000114440918,484300
2019-09-19,2.9000000953674316,3.0799999237060547,2.859999895095825,2.9000000953674316,649000
2019-09-20,2.7899999618530273,2.990000009536743,2.7899999618530273,2.890000104904175,1592700
2019-09-23,2.869999885559082,2.930000066757202,2.8299999237060547,2.9000000953674316,341200
2019-09-24,2.890000104904175,3.009999990463257,2.890000104904175,3.0,361400
2019-09-25,2.9800000190734863,3.0899999141693115,2.950000047683716,3.059999942779541,233100
2019-09-26,3.059999942779541,3.069999933242798,2.9600000381469727,2.9700000286102295,154200
2019-09-27,2.9700000286102295,3.0299999713897705,2.950000047683716,2.9600000381469727,199800
2019-09-30,2.9700000286102295,3.0199999809265137,2.809999942779541,2.819999933242798,245700
2019-10-01,2.8399999141693115,3.049999952316284,2.819999933242798,2.8499999046325684,307800
2019-10-02,2.819999933242798,2.890000104904175,2.740000009536743,2.819999933242798,173600
2019-10-03,2.799999952316284,2.859999895095825,2.700000047683716,2.700000047683716,106900
2019-10-04,2.7100000381469727,2.7200000286102295,2.609999895095825,2.700000047683716,138100
2019-10-07,2.700000047683716,2.7699999809265137,2.690000057220459,2.7300000190734863,193000
2019-10-08,2.700000047683716,2.7100000381469727,2.6500000953674316,2.6700000762939453,140100
2019-10-09,2.690000057220459,2.7100000381469727,2.640000104904175,2.680000066757202,163700
2019-10-10,2.700000047683716,2.7200000286102295,2.619999885559082,2.6600000858306885,274800
2019-10-11,2.6700000762939453,2.740000009536743,2.6600000858306885,2.690000057220459,186600
2019-10-14,2.6700000762939453,2.8399999141693115,2.630000114440918,2.819999933242798,125500
2019-10-15,2.819999933242798,2.859999895095825,2.7799999713897705,2.8499999046325684,89500
2019-10-16,2.8499999046325684,2.9200000762939453,2.799999952316284,2.859999895095825,82900
2019-10-17,2.869999885559082,2.9000000953674316,2.8299999237060547,2.869999885559082,140100
2019-10-18,2.8299999237060547,2.890000104904175,2.8299999237060547,2.869999885559082,100300
2019-10-21,2.890000104904175,2.9600000381469727,2.890000104904175,2.930000066757202,182500
2019-10-22,2.9200000762939453,3.0199999809265137,2.9200000762939453,2.990000009536743,330700
2019-10-23,2.990000009536743,3.069999933242798,2.9100000858306885,2.930000066757202,91600
2019-10-24,2.9200000762939453,2.940000057220459,2.8299999237060547,2.8399999141693115,120400
2019-10-25,2.8299999237060547,2.940000057220459,2.8299999237060547,2.9200000762939453,95100
2019-10-28,2.9100000858306885,3.049999952316284,2.9100000858306885,3.0,307900
2019-10-29,2.9800000190734863,3.1500000953674316,2.869999885559082,3.0999999046325684,337300
2019-10-30,3.0999999046325684,3.180000066757202,3.0,3.109999895095825,109300
2019-10-31,3.0899999141693115,3.1600000858306885,3.059999942779541,3.130000114440918,145900
2019-11-01,3.1500000953674316,3.2899999618530273,3.119999885559082,3.25,297600
2019-11-04,3.2799999713897705,3.369999885559082,3.259999990463257,3.2899999618530273,201600
2019-11-05,3.299999952316284,3.430000066757202,3.130000114440918,3.1500000953674316,425100
2019-11-06,2.75,2.9100000858306885,2.619999885559082,2.859999895095825,1200100
2019-11-07,2.9100000858306885,2.9100000858306885,2.7899999618530273,2.869999885559082,251800
2019-11-08,2.8399999141693115,2.9000000953674316,2.7799999713897705,2.8499999046325684,149800
2019-11-11,2.859999895095825,2.9600000381469727,2.8499999046325684,2.8499999046325684,174900
2019-11-12,2.859999895095825,2.9700000286102295,2.8299999237060547,2.890000104904175,144800
2019-11-13,2.869999885559082,2.9000000953674316,2.7300000190734863,2.740000009536743,221500
2019-11-14,2.75,2.7699999809265137,2.6600000858306885,2.680000066757202,213600
2019-11-15,2.700000047683716,2.759999990463257,2.619999885559082,2.630000114440918,141800
2019-11-18,2.5999999046325684,2.609999895095825,2.440000057220459,2.4600000381469727,273100
2019-11-19,2.4700000286102295,2.569999933242798,2.440000057220459,2.549999952316284,200900
2019-11-20,2.5399999618530273,2.5799999237060547,2.450000047683716,2.4600000381469727,278600
2019-11-21,2.490000009536743,2.5,2.369999885559082,2.4000000953674316,285600
2019-11-22,2.4100000858306885,2.4100000858306885,2.3299999237060547,2.3299999237060547,210000
2019-11-25,2.3399999141693115,2.380000114440918,2.2799999713897705,2.2899999618530273,288700
2019-11-26,2.2699999809265137,2.4000000953674316,2.2100000381469727,2.299999952316284,763700
2019-11-27,2.2799999713897705,2.369999885559082,2.259999990463257,2.309999942779541,301100
2019-11-29,2.2799999713897705,2.3499999046325684,2.2799999713897705,2.3299999237060547,45500
2019-12-02,2.309999942779541,2.3499999046325684,2.140000104904175,2.200000047683716,390100
2019-12-03,2.1500000953674316,2.299999952316284,2.109999895095825,2.2799999713897705,1017600
2019-12-04,2.299999952316284,2.3399999141693115,2.259999990463257,2.309999942779541,184700
2019-12-05,2.299999952316284,2.390000104904175,2.299999952316284,2.359999895095825,95200
2019-12-06,2.3499999046325684,2.549999952316284,2.3499999046325684,2.5199999809265137,318600
2019-12-09,2.5199999809265137,2.6500000953674316,2.509999990463257,2.5799999237060547,202800
2019-12-10,2.5799999237060547,2.6700000762939453,2.559999942779541,2.5899999141693115,203100
2019-12-11,2.5899999141693115,2.700000047683716,2.5899999141693115,2.700000047683716,221700
2019-12-12,2.7300000190734863,2.7799999713897705,2.619999885559082,2.680000066757202,184100
2019-12-13,2.690000057220459,2.7300000190734863,2.569999933242798,2.5999999046325684,154700
2019-12-16,2.5999999046325684,2.6500000953674316,2.559999942779541,2.5899999141693115,190300
2019-12-17,2.5899999141693115,2.5899999141693115,2.4800000190734863,2.490000009536743,272800
2019-12-18,2.5,2.5299999713897705,2.440000057220459,2.450000047683716,148600
2019-12-19,2.430000066757202,2.509999990463257,2.4200000762939453,2.440000057220459,289200
2019-12-20,2.4100000858306885,2.4700000286102295,2.4000000953674316,2.440000057220459,339600
2019-12-23,2.450000047683716,2.5999999046325684,2.440000057220459,2.5299999713897705,1017900
2019-12-24,2.5299999713897705,2.609999895095825,2.5299999713897705,2.569999933242798,97600
2019-12-26,2.5899999141693115,2.6500000953674316,2.549999952316284,2.5899999141693115,180800
2019-12-27,2.619999885559082,2.7200000286102295,2.5999999046325684,2.700000047683716,235900
2019-12-30,2.700000047683716,2.8399999141693115,2.680000066757202,2.7899999618530273,241200
2019-12-31,2.75,2.819999933242798,2.7100000381469727,2.7799999713897705,115100
2020-01-02,2.7799999713897705,2.8499999046325684,2.700000047683716,2.8399999141693115,124100
2020-01-03,2.7899999618530273,2.8499999046325684,2.7799999713897705,2.799999952316284,103100
2020-01-06,2.740000009536743,2.799999952316284,2.7300000190734863,2.7699999809265137,94200
2020-01-07,2.75,2.819999933242798,2.619999885559082,2.630000114440918,140000
2020-01-08,2.700000047683716,2.700000047683716,2.609999895095825,2.619999885559082,108900
2020-01-09,2.619999885559082,2.7100000381469727,2.5799999237060547,2.5899999141693115,103100
2020-01-10,2.609999895095825,2.630000114440918,2.549999952316284,2.569999933242798,105000
2020-01-13,2.5899999141693115,2.609999895095825,2.5399999618530273,2.549999952316284,77500
2020-01-14,2.569999933242798,2.690000057220459,2.5299999713897705,2.5799999237060547,92400
2020-01-15,2.5999999046325684,2.7100000381469727,2.5799999237060547,2.5899999141693115,86600
2020-01-16,2.5999999046325684,2.6600000858306885,2.569999933242798,2.640000104904175,93400
2020-01-17,2.6500000953674316,2.6600000858306885,2.5399999618530273,2.5799999237060547,129400
2020-01-21,2.5999999046325684,2.630000114440918,2.5199999809265137,2.569999933242798,116700
2020-01-22,2.5799999237060547,2.619999885559082,2.5199999809265137,2.559999942779541,62000
2020-01-23,2.5399999618530273,2.619999885559082,2.4600000381469727,2.4600000381469727,265000
2020-01-24,2.4600000381469727,2.509999990463257,2.440000057220459,2.440000057220459,163000
2020-01-27,2.440000057220459,2.5,2.4100000858306885,2.4600000381469727,78100
2020-01-28,2.4600000381469727,2.4800000190734863,2.390000104904175,2.430000066757202,77000
2020-01-29,2.430000066757202,2.4700000286102295,2.359999895095825,2.369999885559082,87700
2020-01-30,2.359999895095825,2.4000000953674316,2.299999952316284,2.390000104904175,128400
2020-01-31,2.359999895095825,2.390000104904175,2.259999990463257,2.2699999809265137,133400
2020-02-03,2.2899999618530273,2.3399999141693115,2.1500000953674316,2.240000009536743,199900
2020-02-04,2.200000047683716,2.309999942779541,2.200000047683716,2.240000009536743,122800
2020-02-05,2.25,2.3499999046325684,2.200000047683716,2.3299999237060547,94400
2020-02-06,2.3399999141693115,2.359999895095825,2.2899999618530273,2.319999933242798,106000
2020-02-07,2.309999942779541,2.309999942779541,2.25,2.2899999618530273,78300
2020-02-10,2.299999952316284,2.3499999046325684,2.2300000190734863,2.309999942779541,105100
2020-02-11,2.319999933242798,2.319999933242798,2.259999990463257,2.2899999618530273,50100
2020-02-12,2.299999952316284,2.390000104904175,2.259999990463257,2.380000114440918,114900
2020-02-13,2.359999895095825,2.430000066757202,2.3399999141693115,2.4200000762939453,71800
2020-02-14,2.4100000858306885,2.4100000858306885,2.309999942779541,2.3499999046325684,145300
2020-02-18,2.369999885559082,2.369999885559082,2.309999942779541,2.3499999046325684,37200
2020-02-19,2.3399999141693115,2.380000114440918,2.25,2.359999895095825,51900
2020-02-20,2.3399999141693115,2.4000000953674316,2.2699999809265137,2.380000114440918,109100
2020-02-21,2.4200000762939453,2.450000047683716,2.3299999237060547,2.369999885559082,63500
2020-02-24,2.309999942779541,2.309999942779541,2.180000066757202,2.2100000381469727,77700
2020-02-25,2.2200000286102295,2.2200000286102295,2.0899999141693115,2.1500000953674316,152300
2020-02-26,2.1500000953674316,2.1500000953674316,2.049999952316284,2.0899999141693115,179300
2020-02-27,2.069999933242798,2.119999885559082,1.9299999475479126,2.0199999809265137,185500
2020-02-28,2.049999952316284,2.5299999713897705,2.0299999713897705,2.509999990463257,642400
2020-03-02,2.509999990463257,2.5299999713897705,2.430000066757202,2.509999990463257,303400
2020-03-03,2.5,2.609999895095825,2.2300000190734863,2.259999990463257,132500
2020-03-04,2.2699999809265137,2.5299999713897705,2.2699999809265137,2.5299999713897705,120300
2020-03-05,2.4000000953674316,2.4100000858306885,2.240000009536743,2.2799999713897705,71900
2020-03-06,2.2300000190734863,2.240000009536743,2.0299999713897705,2.109999895095825,188800
2020-03-09,1.9500000476837158,2.009999990463257,1.899999976158142,1.9600000381469727,152800
2020-03-10,1.9700000286102295,2.119999885559082,1.9700000286102295,2.0399999618530273,169900
2020-03-11,2.0,2.069999933242798,1.9700000286102295,2.049999952316284,162900
2020-03-12,1.9500000476837158,1.9600000381469727,1.75,1.7799999713897705,228500
2020-03-13,1.909999966621399,2.0399999618530273,1.7899999618530273,2.0399999618530273,124300
2020-03-16,1.690000057220459,1.9800000190734863,1.5,1.5099999904632568,209800
2020-03-17,1.5399999618530273,1.8799999952316284,1.5,1.7799999713897705,293500
2020-03-18,1.690000057220459,1.7000000476837158,1.25,1.340000033378601,412600
2020-03-19,1.3700000047683716,1.5199999809265137,1.350000023841858,1.4700000286102295,199200
2020-03-20,1.559999942779541,1.559999942779541,1.0199999809265137,1.0199999809265137,546000
2020-03-23,1.100000023841858,1.2400000095367432,1.0399999618530273,1.190000057220459,283500
2020-03-24,1.2100000381469727,1.309999942779541,1.1399999856948853,1.2100000381469727,334100
2020-03-25,1.2400000095367432,1.7200000286102295,1.2300000190734863,1.5,243400
2020-03-26,1.5199999809265137,1.75,1.5099999904632568,1.6699999570846558,211100
2020-03-27,1.6299999952316284,1.6299999952316284,1.3300000429153442,1.3600000143051147,97900
2020-03-30,1.3300000429153442,1.399999976158142,1.2699999809265137,1.3799999952316284,145300
2020-03-31,1.3799999952316284,1.4900000095367432,1.2899999618530273,1.4500000476837158,129200
2020-04-01,1.409999966621399,1.409999966621399,1.2100000381469727,1.2699999809265137,209300
2020-04-02,1.2699999809265137,1.340000033378601,1.090000033378601,1.1200000047683716,429200
2020-04-03,1.159999966621399,1.159999966621399,1.0099999904632568,1.0800000429153442,184500
2020-04-06,1.100000023841858,1.1399999856948853,1.0199999809265137,1.100000023841858,424200
2020-04-07,1.2100000381469727,1.2999999523162842,1.100000023841858,1.1699999570846558,185700
2020-04-08,1.190000057220459,1.190000057220459,1.100000023841858,1.1299999952316284,268800
2020-04-09,1.1399999856948853,1.2300000190734863,1.1200000047683716,1.1799999475479126,206600
2020-04-13,1.149999976158142,1.1699999570846558,1.1200000047683716,1.1399999856948853,132600
2020-04-14,1.1799999475479126,1.2200000286102295,1.149999976158142,1.159999966621399,138000
2020-04-15,1.1100000143051147,1.1399999856948853,1.0499999523162842,1.059999942779541,240600
2020-04-16,1.0700000524520874,1.0800000429153442,1.0199999809265137,1.0499999523162842,136400
2020-04-17,1.059999942779541,1.2100000381469727,1.059999942779541,1.159999966621399,226700
2020-04-20,1.1299999952316284,1.2300000190734863,1.100000023841858,1.190000057220459,151600
2020-04-21,1.1299999952316284,1.190000057220459,1.0499999523162842,1.1799999475479126,105800
2020-04-22,1.2100000381469727,1.2100000381469727,1.149999976158142,1.159999966621399,66900
2020-04-23,1.159999966621399,1.190000057220459,1.1100000143051147,1.1200000047683716,78200
2020-04-24,1.1100000143051147,1.159999966621399,1.059999942779541,1.1100000143051147,113600
2020-04-27,1.1200000047683716,1.190000057220459,1.1100000143051147,1.1299999952316284,108300
2020-04-28,1.159999966621399,1.159999966621399,1.059999942779541,1.059999942779541,120300
2020-04-29,1.25,1.5099999904632568,1.25,1.5,544700
2020-04-30,1.4500000476837158,1.4800000190734863,1.2699999809265137,1.4299999475479126,220700
2020-05-01,1.4199999570846558,1.4299999475479126,1.2300000190734863,1.2899999618530273,133500
2020-05-04,1.2999999523162842,1.2999999523162842,1.190000057220459,1.25,123700
2020-05-05,1.2400000095367432,1.25,1.1699999570846558,1.2000000476837158,167200
2020-05-06,1.2000000476837158,1.25,1.2000000476837158,1.2000000476837158,110900
2020-05-07,1.2000000476837158,1.2400000095367432,1.1699999570846558,1.2300000190734863,126600
2020-05-08,1.2400000095367432,1.350000023841858,1.2400000095367432,1.2899999618530273,118000
2020-05-11,1.2400000095367432,1.25,1.149999976158142,1.2100000381469727,108700
2020-05-12,1.2100000381469727,1.2100000381469727,1.190000057220459,1.2100000381469727,75200
2020-05-13,1.1799999475479126,1.1799999475479126,1.0800000429153442,1.1399999856948853,439400
2020-05-14,1.100000023841858,1.159999966621399,1.059999942779541,1.159999966621399,133400
2020-05-15,1.1699999570846558,1.2400000095367432,1.1299999952316284,1.2200000286102295,204600
2020-05-18,1.25,1.4600000381469727,1.2400000095367432,1.4600000381469727,307000
2020-05-19,1.4700000286102295,1.5,1.3700000047683716,1.4500000476837158,189500
2020-05-20,1.4600000381469727,1.5299999713897705,1.4600000381469727,1.5299999713897705,125400
2020-05-21,1.5199999809265137,1.5399999618530273,1.4700000286102295,1.5299999713897705,94900
2020-05-22,1.5199999809265137,1.5199999809265137,1.440000057220459,1.5,300000
2020-05-26,1.5499999523162842,1.5499999523162842,1.350000023841858,1.4299999475479126,258200
2020-05-27,1.409999966621399,1.5,1.409999966621399,1.4299999475479126,128600
2020-05-28,1.4600000381469727,1.4600000381469727,1.3600000143051147,1.3600000143051147,178900
2020-05-29,1.350000023841858,1.350000023841858,1.2899999618530273,1.3200000524520874,122000
2020-06-01,1.309999942779541,1.3600000143051147,1.2899999618530273,1.2999999523162842,259400
2020-06-02,1.2999999523162842,1.3799999952316284,1.2999999523162842,1.340000033378601,221600
2020-06-03,1.3600000143051147,1.5099999904632568,1.3600000143051147,1.4900000095367432,354400
2020-06-04,1.4500000476837158,1.5499999523162842,1.409999966621399,1.4600000381469727,405600
2020-06-05,1.5499999523162842,1.649999976158142,1.4800000190734863,1.6399999856948853,495900
2020-06-08,1.6399999856948853,1.7200000286102295,1.5,1.6200000047683716,451000
2020-06-09,1.6200000047683716,1.8600000143051147,1.600000023841858,1.7699999809265137,651600
2020-06-10,1.7999999523162842,1.7999999523162842,1.5499999523162842,1.600000023841858,204700
2020-06-11,1.559999942779541,1.559999942779541,1.3899999856948853,1.440000057220459,316000
2020-06-12,1.4900000095367432,1.5099999904632568,1.3600000143051147,1.409999966621399,179500
2020-06-15,1.3600000143051147,1.4500000476837158,1.3200000524520874,1.3799999952316284,311900
2020-06-16,1.4500000476837158,1.4900000095367432,1.3200000524520874,1.4299999475479126,285100
2020-06-17,1.4299999475479126,1.4800000190734863,1.3300000429153442,1.3600000143051147,504000
2020-06-18,1.3300000429153442,1.3600000143051147,1.2699999809265137,1.2899999618530273,263900
2020-06-19,1.3700000047683716,1.3700000047683716,1.2300000190734863,1.2699999809265137,587100
2020-06-22,1.2400000095367432,1.2599999904632568,1.190000057220459,1.2300000190734863,486700
2020-06-23,1.2300000190734863,1.3300000429153442,1.2000000476837158,1.2300000190734863,517500
2020-06-24,1.2100000381469727,1.25,1.100000023841858,1.1699999570846558,649600
2020-06-25,1.159999966621399,1.159999966621399,1.1100000143051147,1.149999976158142,1055000
2020-06-26,2.7699999809265137,2.880000114440918,1.9600000381469727,2.049999952316284,37254600
2020-06-29,1.8899999856948853,2.200000047683716,1.8600000143051147,2.1700000762939453,3194500
2020-06-30,2.059999942779541,2.2799999713897705,2.009999990463257,2.0799999237060547,1186900
2020-07-01,2.0399999618530273,2.200000047683716,2.009999990463257,2.049999952316284,583500
2020-07-02,2.140000104904175,2.140000104904175,2.009999990463257,2.0299999713897705,436900
2020-07-06,2.140000104904175,2.180000066757202,2.0199999809265137,2.109999895095825,471200
2020-07-07,2.059999942779541,2.0999999046325684,2.0299999713897705,2.0899999141693115,186500
2020-07-08,2.049999952316284,2.119999885559082,2.0399999618530273,2.0999999046325684,158500
2020-07-09,2.069999933242798,2.180000066757202,2.0399999618530273,2.1700000762939453,316100
2020-07-10,2.2100000381469727,2.240000009536743,2.109999895095825,2.130000114440918,339400
2020-07-13,2.1700000762939453,2.1700000762939453,2.059999942779541,2.0999999046325684,211400
2020-07-14,2.069999933242798,2.1500000953674316,2.049999952316284,2.119999885559082,174800
2020-07-15,2.069999933242798,2.1600000858306885,2.0399999618530273,2.119999885559082,137200
2020-07-16,2.109999895095825,2.119999885559082,2.069999933242798,2.119999885559082,50000
2020-07-17,2.0999999046325684,2.130000114440918,2.049999952316284,2.0999999046325684,124100
2020-07-20,2.0899999141693115,2.109999895095825,2.009999990463257,2.0299999713897705,149600
2020-07-21,2.009999990463257,2.0799999237060547,1.9299999475479126,1.9700000286102295,162300
2020-07-22,1.9500000476837158,2.059999942779541,1.940000057220459,2.059999942779541,245800
2020-07-23,2.0399999618530273,2.130000114440918,2.0299999713897705,2.059999942779541,134300
2020-07-24,2.0299999713897705,2.0999999046325684,2.0199999809265137,2.059999942779541,74800
2020-07-27,2.0399999618530273,2.119999885559082,2.0399999618530273,2.109999895095825,84200
2020-07-28,2.0899999141693115,2.180000066757202,2.0899999141693115,2.1500000953674316,174300
2020-07-29,2.1500000953674316,2.2899999618530273,2.130000114440918,2.240000009536743,141400
2020-07-30,2.2200000286102295,2.299999952316284,2.1700000762939453,2.299999952316284,175800
2020-07-31,2.299999952316284,2.299999952316284,2.140000104904175,2.2100000381469727,312200
2020-08-03,2.2300000190734863,2.2799999713897705,2.180000066757202,2.2799999713897705,169200
2020-08-04,2.2799999713897705,2.3299999237060547,2.2799999713897705,2.2899999618530273,97100
2020-08-05,2.299999952316284,2.319999933242798,2.259999990463257,2.319999933242798,140300
2020-08-06,2.2899999618530273,2.309999942779541,2.1700000762939453,2.2200000286102295,219100
2020-08-07,2.2699999809265137,2.2699999809265137,2.109999895095825,2.1500000953674316,84100
2020-08-10,2.140000104904175,2.2100000381469727,2.119999885559082,2.1600000858306885,95600
2020-08-11,2.1500000953674316,2.2799999713897705,2.140000104904175,2.1700000762939453,228300
2020-08-12,2.180000066757202,2.190000057220459,2.0999999046325684,2.119999885559082,76100
2020-08-13,2.109999895095825,2.140000104904175,2.0299999713897705,2.069999933242798,102700
2020-08-14,2.059999942779541,2.069999933242798,1.9199999570846558,1.9900000095367432,213800
2020-08-17,1.9900000095367432,2.0299999713897705,1.9299999475479126,2.0,86900
2020-08-18,2.009999990463257,2.009999990463257,1.9600000381469727,1.9800000190734863,37100
2020-08-19,2.0,2.049999952316284,1.9500000476837158,1.9900000095367432,168100
2020-08-20,1.9800000190734863,2.059999942779541,1.9500000476837158,2.059999942779541,70000
2020-08-21,2.0199999809265137,2.049999952316284,1.9500000476837158,2.049999952316284,101100
2020-08-24,2.0199999809265137,2.049999952316284,1.9800000190734863,2.0199999809265137,64000
2020-08-25,2.009999990463257,2.0999999046325684,1.9900000095367432,2.0999999046325684,73500
2020-08-26,2.0799999237060547,2.0799999237060547,2.009999990463257,2.069999933242798,55800
2020-08-27,2.049999952316284,2.069999933242798,2.0199999809265137,2.049999952316284,23200
2020-08-28,2.0799999237060547,2.140000104904175,2.059999942779541,2.140000104904175,93700
2020-08-31,2.0999999046325684,2.2200000286102295,2.069999933242798,2.190000057220459,76800
2020-09-01,2.190000057220459,2.2300000190734863,2.140000104904175,2.2100000381469727,53700
2020-09-02,2.2300000190734863,2.259999990463257,2.2100000381469727,2.259999990463257,74300
2020-09-03,2.2100000381469727,2.25,2.180000066757202,2.25,64200
2020-09-04,2.259999990463257,2.2799999713897705,2.1600000858306885,2.2200000286102295,213300
2020-09-08,2.190000057220459,2.190000057220459,2.0299999713897705,2.049999952316284,100200
2020-09-09,2.049999952316284,2.059999942779541,2.0,2.009999990463257,37400
2020-09-10,2.0,2.069999933242798,1.9500000476837158,2.0,85800
2020-09-11,1.9500000476837158,1.9700000286102295,1.909999966621399,1.9299999475479126,64400
2020-09-14,1.9299999475479126,2.049999952316284,1.9299999475479126,2.0399999618530273,71300
2020-09-15,2.049999952316284,2.049999952316284,1.9600000381469727,1.9900000095367432,39600
2020-09-16,1.9800000190734863,2.0799999237060547,1.9700000286102295,2.049999952316284,148500
2020-09-17,1.9800000190734863,2.0899999141693115,1.9800000190734863,2.0299999713897705,12600
2020-09-18,2.009999990463257,2.0199999809265137,1.9299999475479126,1.9900000095367432,63100
2020-09-21,1.9600000381469727,1.9700000286102295,1.7699999809265137,1.909999966621399,106200
2020-09-22,1.8799999952316284,1.899999976158142,1.8300000429153442,1.8300000429153442,88000
2020-09-23,1.8300000429153442,1.8300000429153442,1.7000000476837158,1.7300000190734863,63500
2020-09-24,1.7200000286102295,1.75,1.6799999475479126,1.7300000190734863,59500
2020-09-25,1.7000000476837158,1.7699999809265137,1.690000057220459,1.75,57000
2020-09-28,1.7799999713897705,1.7999999523162842,1.75,1.7799999713897705,57200
2020-09-29,1.75,1.7699999809265137,1.6699999570846558,1.6799999475479126,95700
2020-09-30,1.6799999475479126,1.809999942779541,1.600000023841858,1.6100000143051147,879600
2020-10-01,1.6100000143051147,1.75,1.600000023841858,1.7000000476837158,299900
2020-10-02,1.659999966621399,1.75,1.6399999856948853,1.75,44400
2020-10-05,1.75,1.850000023841858,1.75,1.7999999523162842,58200
2020-10-06,1.9500000476837158,2.1700000762939453,1.940000057220459,2.049999952316284,231800
2020-10-07,2.0899999141693115,2.140000104904175,2.0199999809265137,2.140000104904175,134800
2020-10-08,2.180000066757202,2.2300000190734863,2.049999952316284,2.0799999237060547,128600
2020-10-09,2.069999933242798,2.1700000762939453,2.049999952316284,2.140000104904175,76600
2020-10-12,2.1600000858306885,2.1600000858306885,2.059999942779541,2.0799999237060547,22500
2020-10-13,2.0899999141693115,2.190000057220459,2.049999952316284,2.119999885559082,123200
2020-10-14,2.109999895095825,2.1600000858306885,2.049999952316284,2.059999942779541,49700
2020-10-15,2.059999942779541,2.0899999141693115,2.0199999809265137,2.049999952316284,211200
2020-10-16,2.0399999618530273,2.119999885559082,2.009999990463257,2.049999952316284,68500
2020-10-19,2.0899999141693115,2.1500000953674316,2.0299999713897705,2.049999952316284,89500
2020-10-20,2.059999942779541,2.130000114440918,2.0199999809265137,2.049999952316284,131500
2020-10-21,2.0399999618530273,2.119999885559082,1.9900000095367432,2.059999942779541,184200
2020-10-22,2.059999942779541,2.0899999141693115,2.0,2.059999942779541,152400
2020-10-23,2.069999933242798,2.119999885559082,2.049999952316284,2.0899999141693115,67800
2020-10-26,2.0899999141693115,2.2200000286102295,2.069999933242798,2.190000057220459,202400
2020-10-27,2.200000047683716,2.200000047683716,2.0299999713897705,2.059999942779541,82900
2020-10-28,2.0199999809265137,2.1500000953674316,1.9700000286102295,2.119999885559082,138600
2020-10-29,2.1500000953674316,2.200000047683716,2.0999999046325684,2.1500000953674316,91700
2020-10-30,2.1600000858306885,2.3499999046325684,2.0,2.3399999141693115,322000
2020-11-02,2.3399999141693115,2.380000114440918,2.2200000286102295,2.3399999141693115,132400
2020-11-03,2.3399999141693115,2.369999885559082,2.2699999809265137,2.2899999618530273,82800
2020-11-04,2.299999952316284,2.299999952316284,2.049999952316284,2.0899999141693115,97300
2020-11-05,2.140000104904175,2.299999952316284,2.119999885559082,2.2200000286102295,294800
2020-11-06,2.2200000286102295,2.2899999618530273,2.119999885559082,2.119999885559082,50700
2020-11-09,2.200000047683716,2.319999933242798,2.1500000953674316,2.190000057220459,154900
2020-11-10,2.190000057220459,2.299999952316284,2.1500000953674316,2.2200000286102295,86400
2020-11-11,2.2300000190734863,2.3499999046325684,2.2300000190734863,2.25,70400
2020-11-12,2.2699999809265137,2.3399999141693115,2.2300000190734863,2.240000009536743,28500
2020-11-13,2.2799999713897705,2.3499999046325684,2.2300000190734863,2.3499999046325684,75000
2020-11-16,2.4000000953674316,2.450000047683716,2.3399999141693115,2.369999885559082,127100
2020-11-17,2.369999885559082,2.380000114440918,2.2899999618530273,2.3299999237060547,43600
2020-11-18,2.309999942779541,2.3499999046325684,2.2799999713897705,2.299999952316284,100400
2020-11-19,2.2799999713897705,2.359999895095825,2.140000104904175,2.2300000190734863,348900
2020-11-20,2.200000047683716,2.3499999046325684,2.200000047683716,2.2799999713897705,47000
2020-11-23,2.2799999713897705,2.369999885559082,2.2699999809265137,2.309999942779541,48500
2020-11-24,2.3299999237060547,2.3499999046325684,2.2799999713897705,2.319999933242798,88100
2020-11-25,2.299999952316284,2.359999895095825,2.2899999618530273,2.309999942779541,227400
2020-11-27,2.2899999618530273,2.369999885559082,2.2899999618530273,2.3499999046325684,47800
2020-11-30,2.3299999237060547,2.380000114440918,2.240000009536743,2.299999952316284,147100
2020-12-01,2.3399999141693115,2.3499999046325684,2.25,2.319999933242798,114200
2020-12-02,2.309999942779541,2.359999895095825,2.2699999809265137,2.3299999237060547,71700
2020-12-03,2.3299999237060547,2.3299999237060547,2.180000066757202,2.2699999809265137,205300
2020-12-04,2.259999990463257,2.3299999237060547,2.259999990463257,2.299999952316284,95100
2020-12-07,2.2899999618530273,2.299999952316284,2.2699999809265137,2.299999952316284,115000
2020-12-08,2.3299999237060547,2.3299999237060547,2.2699999809265137,2.309999942779541,109700
2020-12-09,2.299999952316284,2.3399999141693115,2.180000066757202,2.200000047683716,235000
2020-12-10,2.2100000381469727,2.3399999141693115,2.2100000381469727,2.319999933242798,28500
2020-12-11,2.299999952316284,2.359999895095825,2.25,2.3299999237060547,21600
2020-12-14,2.359999895095825,2.359999895095825,2.2799999713897705,2.299999952316284,36200
2020-12-15,2.319999933242798,2.319999933242798,2.25,2.2899999618530273,37400
2020-12-16,2.2899999618530273,2.2899999618530273,2.25,2.2699999809265137,15100
2020-12-17,2.2799999713897705,2.319999933242798,2.25,2.2899999618530273,63000
2020-12-18,2.2899999618530273,2.309999942779541,2.1500000953674316,2.1500000953674316,105000
2020-12-21,2.1600000858306885,2.240000009536743,2.1500000953674316,2.2300000190734863,46800
2020-12-22,2.5999999046325684,2.700000047683716,2.450000047683716,2.569999933242798,961100
2020-12-23,2.5399999618530273,2.6500000953674316,2.5,2.549999952316284,240700
2020-12-24,2.609999895095825,2.75,2.569999933242798,2.6600000858306885,180200
2020-12-28,2.680000066757202,2.7100000381469727,2.559999942779541,2.619999885559082,156400
2020-12-29,2.640000104904175,2.6500000953674316,2.4000000953674316,2.5399999618530273,159600
2020-12-30,2.5299999713897705,2.5799999237060547,2.5199999809265137,2.559999942779541,76300
2020-12-31,2.5399999618530273,2.640000104904175,2.4600000381469727,2.509999990463257,137100
2021-01-04,2.4600000381469727,2.609999895095825,2.3499999046325684,2.380000114440918,151700
2021-01-05,2.4000000953674316,2.6500000953674316,2.390000104904175,2.509999990463257,149300
2021-01-06,2.5,2.630000114440918,2.5,2.559999942779541,218400
2021-01-07,2.549999952316284,2.690000057220459,2.5199999809265137,2.5899999141693115,87400
2021-01-08,2.559999942779541,2.6500000953674316,2.5299999713897705,2.5899999141693115,133900
2021-01-11,2.609999895095825,2.609999895095825,2.490000009536743,2.5199999809265137,68000
2021-01-12,2.5299999713897705,2.5799999237060547,2.490000009536743,2.509999990463257,145000
2021-01-13,2.5299999713897705,2.5899999141693115,2.4700000286102295,2.5,101900
2021-01-14,2.509999990463257,2.640000104904175,2.5,2.549999952316284,280500
2021-01-15,2.549999952316284,2.5999999046325684,2.4700000286102295,2.5299999713897705,135500
2021-01-19,2.569999933242798,2.75,2.490000009536743,2.690000057220459,202600
2021-01-20,2.7200000286102295,2.75,2.569999933242798,2.5999999046325684,154600
2021-01-21,2.5899999141693115,2.6700000762939453,2.559999942779541,2.630000114440918,68900
2021-01-22,2.630000114440918,2.7100000381469727,2.559999942779541,2.640000104904175,169800
2021-01-25,2.7200000286102295,2.75,2.609999895095825,2.700000047683716,259900
2021-01-26,2.7699999809265137,2.9000000953674316,2.680000066757202,2.799999952316284,415000
2021-01-27,2.7899999618530273,2.8499999046325684,2.5999999046325684,2.819999933242798,571800
2021-01-28,2.819999933242798,2.8499999046325684,2.7100000381469727,2.7699999809265137,155500
2021-01-29,2.75,2.7699999809265137,2.680000066757202,2.75,134100
2021-02-01,2.7699999809265137,2.8399999141693115,2.7100000381469727,2.8299999237060547,150300
2021-02-02,2.8499999046325684,2.9000000953674316,2.799999952316284,2.869999885559082,216700
2021-02-03,2.880000114440918,2.9000000953674316,2.819999933242798,2.859999895095825,185700
2021-02-04,2.8499999046325684,3.0999999046325684,2.8399999141693115,3.0399999618530273,295400
2021-02-05,3.059999942779541,3.240000009536743,3.009999990463257,3.240000009536743,330900
2021-02-08,3.319999933242798,3.359999895095825,3.1500000953674316,3.25,131700
2021-02-09,3.25,3.2899999618530273,3.109999895095825,3.200000047683716,147400
2021-02-10,3.069999933242798,3.1600000858306885,3.0199999809265137,3.130000114440918,171300
2021-02-11,3.130000114440918,3.1500000953674316,3.049999952316284,3.059999942779541,85700
2021-02-12,3.0799999237060547,3.0799999237060547,2.950000047683716,3.069999933242798,178600
2021-02-16,3.0899999141693115,3.25,2.930000066757202,3.2300000190734863,496700
2021-02-17,3.25,3.25,3.0,3.069999933242798,149500
2021-02-18,3.059999942779541,3.1500000953674316,3.0,3.1500000953674316,104900
2021-02-19,3.180000066757202,3.2100000381469727,3.0199999809265137,3.0799999237060547,150100
2021-02-22,3.0999999046325684,3.180000066757202,3.0399999618530273,3.109999895095825,44700
2021-02-23,3.049999952316284,3.1700000762939453,3.009999990463257,3.1500000953674316,101000
2021-02-24,3.1500000953674316,3.369999885559082,3.140000104904175,3.3299999237060547,121100
2021-02-25,3.309999942779541,3.5299999713897705,3.1700000762939453,3.2300000190734863,154000
2021-02-26,3.180000066757202,3.2799999713897705,3.0999999046325684,3.1600000858306885,91100
2021-03-01,3.1700000762939453,3.319999933242798,3.0899999141693115,3.25,251500
2021-03-02,3.299999952316284,3.299999952316284,3.109999895095825,3.25,188600
2021-03-03,3.359999895095825,3.490000009536743,3.2300000190734863,3.319999933242798,219000
2021-03-04,3.319999933242798,3.3399999141693115,2.7899999618530273,3.069999933242798,331000
2021-03-05,3.0799999237060547,3.0999999046325684,2.869999885559082,3.059999942779541,171500
2021-03-08,3.049999952316284,3.059999942779541,2.819999933242798,2.890000104904175,96700
2021-03-09,3.0999999046325684,3.180000066757202,3.0199999809265137,3.180000066757202,125500
2021-03-10,3.299999952316284,3.4000000953674316,3.190000057220459,3.25,56500
2021-03-11,3.299999952316284,3.4000000953674316,3.200000047683716,3.3299999237060547,121200
2021-03-12,3.3299999237060547,3.4200000762939453,3.309999942779541,3.4200000762939453,79700
2021-03-15,3.4000000953674316,3.930000066757202,3.4000000953674316,3.890000104904175,309100
2021-03-16,4.0,4.090000152587891,3.609999895095825,3.8399999141693115,263500
2021-03-17,3.8399999141693115,4.019999980926514,3.619999885559082,3.869999885559082,274300
2021-03-18,3.869999885559082,3.869999885559082,3.6600000858306885,3.7799999713897705,246600
2021-03-19,3.7300000190734863,3.950000047683716,3.490000009536743,3.609999895095825,674500
2021-03-22,3.6600000858306885,3.6600000858306885,3.369999885559082,3.369999885559082,164600
2021-03-23,3.359999895095825,3.5,3.2100000381469727,3.25,100500
2021-03-24,3.380000114440918,3.4600000381469727,3.2100000381469727,3.2200000286102295,503500
2021-03-25,3.1600000858306885,3.4200000762939453,3.1600000858306885,3.3499999046325684,123400
2021-03-26,3.4100000858306885,3.4100000858306885,3.2100000381469727,3.319999933242798,73500
2021-03-29,3.299999952316284,3.299999952316284,3.109999895095825,3.1500000953674316,82000
2021-03-30,3.119999885559082,3.259999990463257,3.069999933242798,3.200000047683716,39600
2021-03-31,3.140000104904175,3.2300000190734863,3.119999885559082,3.119999885559082,58800
2021-04-01,3.1600000858306885,3.5,3.1600000858306885,3.440000057220459,103800
2021-04-05,3.4600000381469727,3.5999999046325684,3.390000104904175,3.5,141100
2021-04-06,3.4800000190734863,3.6500000953674316,3.440000057220459,3.5799999237060547,74900
2021-04-07,3.640000104904175,3.700000047683716,3.5999999046325684,3.6500000953674316,62900
2021-04-08,3.640000104904175,3.7300000190734863,3.490000009536743,3.700000047683716,91900
2021-04-09,3.690000057220459,3.690000057220459,3.509999990463257,3.680000066757202,44400
2021-04-12,3.7300000190734863,3.799999952316284,3.5899999141693115,3.75,75600
2021-04-13,3.7100000381469727,3.740000009536743,3.549999952316284,3.549999952316284,51000
2021-04-14,3.559999942779541,3.75,3.559999942779541,3.7100000381469727,145700
2021-04-15,3.700000047683716,3.799999952316284,3.569999933242798,3.799999952316284,111900
2021-04-16,3.799999952316284,3.799999952316284,3.559999942779541,3.759999990463257,104700
2021-04-19,3.809999942779541,3.890000104904175,3.549999952316284,3.569999933242798,111900
2021-04-20,3.559999942779541,3.6600000858306885,3.2799999713897705,3.309999942779541,121300
2021-04-21,3.2699999809265137,3.7100000381469727,3.2699999809265137,3.640000104904175,79200
2021-04-22,3.640000104904175,4.130000114440918,3.5399999618530273,3.9000000953674316,178400
2021-04-23,4.119999885559082,4.139999866485596,3.890000104904175,4.03000020980835,280500
2021-04-26,4.150000095367432,4.25,4.050000190734863,4.110000133514404,115300
2021-04-27,4.150000095367432,4.5,4.119999885559082,4.199999809265137,663900
2021-04-28,4.199999809265137,4.940000057220459,4.199999809265137,4.460000038146973,443400
2021-04-29,4.460000038146973,4.550000190734863,4.260000228881836,4.420000076293945,229400
2021-04-30,4.369999885559082,4.550000190734863,4.320000171661377,4.460000038146973,176200
2021-05-03,4.539999961853027,4.539999961853027,4.25,4.440000057220459,137800
2021-05-04,4.360000133514404,4.550000190734863,4.289999961853027,4.519999980926514,222700
2021-05-05,4.539999961853027,5.0,4.460000038146973,4.920000076293945,1002700
2021-05-06,4.880000114440918,4.940000057220459,4.739999771118164,4.940000057220459,182800
2021-05-07,4.920000076293945,4.960000038146973,4.820000171661377,4.900000095367432,177100
2021-05-10,4.949999809265137,4.949999809265137,4.78000020980835,4.809999942779541,119300
2021-05-11,4.739999771118164,4.989999771118164,4.670000076293945,4.96999979019165,137500
2021-05-12,4.900000095367432,4.989999771118164,4.800000190734863,4.860000133514404,241000
2021-05-13,4.889999866485596,5.119999885559082,4.71999979019165,4.929999828338623,505400
2021-05-14,5.0,5.349999904632568,4.880000114440918,5.329999923706055,418700
2021-05-17,5.389999866485596,5.389999866485596,5.119999885559082,5.199999809265137,144000
2021-05-18,5.25,5.429999828338623,5.199999809265137,5.389999866485596,398300
2021-05-19,5.340000152587891,5.409999847412109,5.199999809265137,5.320000171661377,265400
2021-05-20,5.360000133514404,5.5,5.260000228881836,5.460000038146973,531800
2021-05-21,5.5,5.5,5.159999847412109,5.21999979019165,350400
2021-05-24,5.210000038146973,5.320000171661377,5.059999942779541,5.110000133514404,211500
2021-05-25,5.110000133514404,5.130000114440918,4.659999847412109,4.670000076293945,202900
2021-05-26,4.710000038146973,4.78000020980835,4.679999828338623,4.690000057220459,60500
2021-05-27,4.730000019073486,4.800000190734863,4.5,4.510000228881836,142500
2021-05-28,4.559999942779541,4.739999771118164,4.510000228881836,4.659999847412109,93800
2021-06-01,4.659999847412109,4.690000057220459,4.440000057220459,4.659999847412109,194800
2021-06-02,4.699999809265137,5.0,4.610000133514404,4.940000057220459,302700
2021-06-03,4.869999885559082,4.929999828338623,4.679999828338623,4.789999961853027,219900
2021-06-04,4.869999885559082,5.0,4.800000190734863,5.0,259100
2021-06-07,5.090000152587891,5.25,5.0,5.150000095367432,640700
2021-06-08,5.150000095367432,5.300000190734863,5.090000152587891,5.28000020980835,428600
2021-06-09,5.309999942779541,5.429999828338623,5.179999828338623,5.25,256300
2021-06-10,5.25,5.369999885559082,5.210000038146973,5.320000171661377,211200
2021-06-11,5.400000095367432,5.650000095367432,5.349999904632568,5.579999923706055,281000
2021-06-14,5.670000076293945,5.760000228881836,5.539999961853027,5.619999885559082,313200
2021-06-15,5.579999923706055,5.650000095367432,5.150000095367432,5.25,359600
2021-06-16,5.190000057220459,5.309999942779541,5.099999904632568,5.21999979019165,230800
2021-06-17,5.199999809265137,5.300000190734863,4.820000171661377,5.050000190734863,287500
2021-06-18,4.989999771118164,5.21999979019165,4.920000076293945,5.119999885559082,396200
2021-06-21,5.130000114440918,5.21999979019165,4.949999809265137,4.96999979019165,336700
2021-06-22,5.0,5.03000020980835,4.739999771118164,4.739999771118164,604200
2021-06-23,4.800000190734863,5.260000228881836,4.659999847412109,5.150000095367432,488600
2021-06-24,5.150000095367432,5.619999885559082,5.150000095367432,5.579999923706055,532300
2021-06-25,5.570000171661377,5.699999809265137,5.070000171661377,5.409999847412109,6277100
2021-06-28,5.349999904632568,5.829999923706055,5.349999904632568,5.619999885559082,691600
2021-06-29,5.550000190734863,5.690000057220459,5.550000190734863,5.639999866485596,421700
2021-06-30,5.590000152587891,5.960000038146973,5.5,5.849999904632568,485300
2021-07-01,5.880000114440918,6.369999885559082,5.800000190734863,5.989999771118164,760500
2021-07-02,5.909999847412109,6.130000114440918,5.809999942779541,6.03000020980835,218200
2021-07-06,6.099999904632568,6.150000095367432,5.889999866485596,5.96999979019165,198400
2021-07-07,5.889999866485596,6.010000228881836,5.769999980926514,5.809999942779541,190400
2021-07-08,5.670000076293945,5.78000020980835,5.159999847412109,5.190000057220459,233800
2021-07-09,5.210000038146973,5.409999847412109,5.150000095367432,5.25,198000
2021-07-12,5.289999961853027,5.289999961853027,4.949999809265137,5.199999809265137,188000
2021-07-13,5.190000057220459,5.260000228881836,5.03000020980835,5.110000133514404,150000
2021-07-14,5.059999942779541,5.25,4.980000019073486,5.230000019073486,219200
2021-07-15,5.210000038146973,5.340000152587891,5.179999828338623,5.320000171661377,281300
2021-07-16,5.329999923706055,5.559999942779541,5.329999923706055,5.440000057220459,301200
2021-07-19,5.380000114440918,5.420000076293945,4.809999942779541,4.860000133514404,223200
2021-07-20,4.900000095367432,5.650000095367432,4.900000095367432,5.590000152587891,415600
2021-07-21,5.639999866485596,6.139999866485596,5.639999866485596,5.739999771118164,328000
2021-07-22,5.760000228881836,5.760000228881836,5.46999979019165,5.480000019073486,175300
2021-07-23,5.539999961853027,5.670000076293945,5.449999809265137,5.650000095367432,194800
2021-07-26,5.699999809265137,6.300000190734863,5.650000095367432,6.159999847412109,302000
2021-07-27,6.110000133514404,6.170000076293945,5.690000057220459,5.860000133514404,230500
2021-07-28,5.949999809265137,5.949999809265137,5.670000076293945,5.71999979019165,126100
2021-07-29,5.739999771118164,5.820000171661377,5.539999961853027,5.710000038146973,233600
2021-07-30,5.650000095367432,5.670000076293945,5.539999961853027,5.610000133514404,138000
2021-08-02,5.619999885559082,5.800000190734863,5.360000133514404,5.420000076293945,154300
2021-08-03,6.53000020980835,6.53000020980835,5.400000095367432,5.550000190734863,46800
2021-08-04,5.550000190734863,5.860000133514404,5.510000228881836,5.71999979019165,93300
2021-08-05,5.71999979019165,5.920000076293945,5.619999885559082,5.769999980926514,80200
2021-08-06,5.849999904632568,6.239999771118164,5.71999979019165,6.0,237700
2021-08-09,5.960000038146973,6.199999809265137,5.610000133514404,6.079999923706055,229600
2021-08-10,6.0,6.510000228881836,5.889999866485596,6.400000095367432,324200
2021-08-11,6.269999980926514,6.829999923706055,6.119999885559082,6.599999904632568,232000
2021-08-12,6.690000057220459,6.900000095367432,6.460000038146973,6.599999904632568,345300
2021-08-13,6.570000171661377,6.96999979019165,6.440000057220459,6.800000190734863,242100
2021-08-16,6.829999923706055,6.849999904632568,6.5,6.590000152587891,166400
2021-08-17,6.53000020980835,6.71999979019165,6.329999923706055,6.650000095367432,145900
2021-08-18,6.650000095367432,6.869999885559082,6.289999961853027,6.650000095367432,160100
2021-08-19,6.650000095367432,6.920000076293945,6.480000019073486,6.659999847412109,290000
2021-08-20,6.579999923706055,6.949999809265137,6.579999923706055,6.889999866485596,529900
2021-08-23,6.949999809265137,6.960000038146973,6.599999904632568,6.739999771118164,273300
2021-08-24,6.789999961853027,6.809999942779541,6.53000020980835,6.650000095367432,247800
2021-08-25,6.659999847412109,6.769999980926514,6.389999866485596,6.659999847412109,251400
2021-08-26,6.650000095367432,6.690000057220459,6.429999828338623,6.519999980926514,109500
2021-08-27,6.539999961853027,6.980000019073486,6.5,6.96999979019165,174900
2021-08-30,6.980000019073486,6.980000019073486,6.739999771118164,6.809999942779541,188300
2021-08-31,6.840000152587891,7.050000190734863,6.730000019073486,6.980000019073486,196900
2021-09-01,7.03000020980835,7.489999771118164,6.889999866485596,7.309999942779541,316800
2021-09-02,7.300000190734863,7.300000190734863,7.079999923706055,7.25,351300
2021-09-03,7.210000038146973,8.4399995803833,7.159999847412109,8.119999885559082,512900
2021-09-07,8.119999885559082,8.699999809265137,7.929999828338623,8.489999771118164,1138500
2021-09-08,8.609999656677246,8.699999809265137,8.359999656677246,8.65999984741211,816800
2021-09-09,8.8100004196167,9.199999809265137,8.430000305175781,8.479999542236328,645500
2021-09-10,8.579999923706055,8.770000457763672,8.229999542236328,8.25,463400
2021-09-13,8.25,8.550000190734863,8.220000267028809,8.390000343322754,410700
2021-09-14,8.399999618530273,8.739999771118164,8.289999961853027,8.380000114440918,454300
2021-09-15,8.449999809265137,8.460000038146973,8.119999885559082,8.199999809265137,1622000
2021-09-16,8.170000076293945,8.5,8.069999694824219,8.229999542236328,1382300
2021-09-17,8.199999809265137,8.729999542236328,8.15999984741211,8.289999961853027,1816700
2021-09-20,8.0,8.449999809265137,7.889999866485596,8.170000076293945,1549400
2021-09-21,8.119999885559082,8.380000114440918,7.949999809265137,8.140000343322754,2875200
2021-09-22,8.15999984741211,8.260000228881836,7.989999771118164,8.050000190734863,985000
2021-09-23,8.109999656677246,8.109999656677246,7.449999809265137,7.519999980926514,844400
2021-09-24,7.449999809265137,7.570000171661377,7.349999904632568,7.489999771118164,268500
2021-09-27,7.409999847412109,8.100000381469727,7.25,7.960000038146973,231200
2021-09-28,7.849999904632568,7.880000114440918,7.619999885559082,7.659999847412109,185600
2021-09-29,7.679999828338623,7.679999828338623,7.400000095367432,7.559999942779541,105600
2021-09-30,7.659999847412109,7.840000152587891,7.380000114440918,7.670000076293945,147600
2021-10-01,7.699999809265137,7.880000114440918,7.570000171661377,7.869999885559082,169900
2021-10-04,7.800000190734863,7.989999771118164,7.579999923706055,7.789999961853027,102000
2021-10-05,7.78000020980835,8.050000190734863,7.559999942779541,8.0,176300
2021-10-06,7.920000076293945,8.029999732971191,7.760000228881836,7.809999942779541,232100
2021-10-07,7.769999980926514,8.119999885559082,7.769999980926514,7.920000076293945,248900
2021-10-08,7.929999828338623,8.579999923706055,7.900000095367432,8.390000343322754,953700
2021-10-11,8.550000190734863,8.869999885559082,8.15999984741211,8.180000305175781,356400
2021-10-12,8.130000114440918,8.180000305175781,7.929999828338623,7.960000038146973,254000
2021-10-13,7.820000171661377,8.09000015258789,7.639999866485596,8.0600004196167,334000
2021-10-14,8.279999732971191,8.369999885559082,8.1899995803833,8.3100004196167,176700
2021-10-15,8.520000457763672,8.880000114440918,8.300000190734863,8.670000076293945,510500
2021-10-18,8.75,8.75,8.279999732971191,8.300000190734863,153200
2021-10-19,8.350000381469727,8.350000381469727,8.109999656677246,8.199999809265137,320100
2021-10-20,8.170000076293945,8.390000343322754,8.020000457763672,8.350000381469727,121500
2021-10-21,8.369999885559082,8.489999771118164,8.020000457763672,8.470000267028809,149500
2021-10-22,8.510000228881836,9.539999961853027,8.369999885559082,9.0,1183500
2021-10-25,9.020000457763672,9.239999771118164,8.479999542236328,8.520000457763672,336400
2021-10-26,8.600000381469727,8.6899995803833,8.289999961853027,8.329999923706055,315500
2021-10-27,8.300000190734863,8.890000343322754,8.289999961853027,8.4399995803833,289800
2021-10-28,8.59000015258789,8.859999656677246,8.4399995803833,8.65999984741211,189500
2021-10-29,8.649999618530273,8.8100004196167,8.319999694824219,8.680000305175781,538900
2021-11-01,8.75,9.09000015258789,8.670000076293945,8.819999694824219,731600
2021-11-02,8.779999732971191,8.869999885559082,8.630000114440918,8.699999809265137,305400
2021-11-03,8.600000381469727,10.359999656677246,8.5,10.010000228881836,830700
2021-11-04,10.020000457763672,10.579999923706055,9.770000457763672,9.819999694824219,688100
2021-11-05,10.25,11.039999961853027,10.220000267028809,10.609999656677246,1223100
2021-11-08,10.600000381469727,10.850000381469727,10.09000015258789,10.09000015258789,572000
2021-11-09,10.029999732971191,10.399999618530273,9.800000190734863,10.1899995803833,509200
2021-11-10,10.1899995803833,10.319999694824219,9.600000381469727,10.039999961853027,482400
2021-11-11,9.399999618530273,10.180000305175781,9.229999542236328,10.010000228881836,704200
2021-11-12,10.010000228881836,10.239999771118164,9.609999656677246,9.800000190734863,1051500
2021-11-15,9.6899995803833,10.010000228881836,9.680000305175781,9.8100004196167,574500
2021-11-16,9.739999771118164,9.9399995803833,9.050000190734863,9.260000228881836,1998600
2021-11-17,9.289999961853027,9.319999694824219,9.020000457763672,9.100000381469727,737400
2021-11-18,9.0600004196167,9.270000457763672,8.760000228881836,8.90999984741211,508100
2021-11-19,8.779999732971191,8.9399995803833,8.109999656677246,8.220000267028809,820800
2021-11-22,8.199999809265137,8.329999923706055,7.570000171661377,7.739999771118164,932100
2021-11-23,7.690000057220459,7.880000114440918,7.519999980926514,7.800000190734863,460200
2021-11-24,7.699999809265137,8.010000228881836,7.699999809265137,7.860000133514404,464400
2021-11-26,7.550000190734863,7.659999847412109,7.380000114440918,7.630000114440918,252200
2021-11-29,7.710000038146973,7.920000076293945,7.519999980926514,7.619999885559082,670800
2021-11-30,7.510000228881836,7.739999771118164,7.389999866485596,7.71999979019165,1444800
2021-12-01,7.929999828338623,8.069999694824219,7.46999979019165,7.53000020980835,853200
2021-12-02,7.559999942779541,7.849999904632568,7.380000114440918,7.78000020980835,499700
2021-12-03,8.220000267028809,8.460000038146973,7.829999923706055,8.0,3363700
2021-12-06,8.029999732971191,8.399999618530273,7.559999942779541,8.300000190734863,1503400
2021-12-07,8.350000381469727,8.739999771118164,8.09000015258789,8.460000038146973,880100
2021-12-08,8.789999961853027,9.609999656677246,8.75,9.329999923706055,969200
2021-12-09,9.3100004196167,9.550000190734863,8.899999618530273,9.039999961853027,858300
2021-12-10,9.100000381469727,9.270000457763672,8.260000228881836,8.390000343322754,627400
2021-12-13,8.350000381469727,8.5,8.119999885559082,8.270000457763672,692200
2021-12-14,8.140000343322754,8.3100004196167,7.989999771118164,8.25,669600
2021-12-15,8.220000267028809,8.5,7.980000019073486,8.399999618530273,1960800
2021-12-16,8.470000267028809,8.619999885559082,8.1899995803833,8.289999961853027,1820200
2021-12-17,8.380000114440918,8.5,8.09000015258789,8.1899995803833,2002200
2021-12-20,7.980000019073486,8.119999885559082,7.78000020980835,8.100000381469727,1660000
2021-12-21,8.289999961853027,8.550000190734863,7.96999979019165,8.510000228881836,1428100
2021-12-22,8.550000190734863,8.859999656677246,8.40999984741211,8.84000015258789,349500
2021-12-23,8.770000457763672,9.109999656677246,8.640000343322754,8.979999542236328,246100
2021-12-27,8.979999542236328,9.270000457763672,8.729999542236328,9.210000038146973,254500
2021-12-28,9.1899995803833,9.270000457763672,8.899999618530273,8.9399995803833,255400
2021-12-29,8.920000076293945,9.020000457763672,8.569999694824219,8.6899995803833,355800
2021-12-30,8.699999809265137,8.829999923706055,8.5600004196167,8.600000381469727,252200
2021-12-31,8.569999694824219,8.739999771118164,8.430000305175781,8.670000076293945,295700
2022-01-03,8.710000038146973,8.920000076293945,8.359999656677246,8.359999656677246,550600
2022-01-04,8.470000267028809,8.489999771118164,8.119999885559082,8.220000267028809,517700
2022-01-05,8.109999656677246,8.260000228881836,7.769999980926514,7.840000152587891,210700
2022-01-06,7.840000152587891,7.880000114440918,7.550000190734863,7.710000038146973,353300
2022-01-07,7.670000076293945,7.940000057220459,7.650000095367432,7.75,255000
2022-01-10,7.650000095367432,7.699999809265137,7.440000057220459,7.550000190734863,314300
2022-01-11,7.489999771118164,7.579999923706055,7.119999885559082,7.539999961853027,662500
2022-01-12,7.639999866485596,7.940000057220459,7.269999980926514,7.300000190734863,349300
2022-01-13,7.25,7.599999904632568,7.25,7.400000095367432,249000
2022-01-14,7.309999942779541,7.360000133514404,7.110000133514404,7.159999847412109,230900
2022-01-18,7.0,7.010000228881836,6.739999771118164,6.860000133514404,420300
2022-01-19,6.929999828338623,6.989999771118164,6.699999809265137,6.75,283500
2022-01-20,6.71999979019165,7.159999847412109,6.710000038146973,6.980000019073486,359200
2022-01-21,6.880000114440918,7.210000038146973,6.570000171661377,6.960000038146973,377700
2022-01-24,6.809999942779541,7.309999942779541,6.809999942779541,7.289999961853027,325400
2022-01-25,7.170000076293945,7.340000152587891,7.070000171661377,7.300000190734863,304300
2022-01-26,7.5,7.639999866485596,7.039999961853027,7.159999847412109,230200
2022-01-27,7.139999866485596,7.309999942779541,6.889999866485596,6.960000038146973,365800
2022-01-28,6.949999809265137,7.099999904632568,6.75,7.070000171661377,486200
2022-01-31,7.0,7.480000019073486,7.0,7.46999979019165,310700
2022-02-01,7.46999979019165,7.670000076293945,7.300000190734863,7.449999809265137,301300
2022-02-02,7.5,7.539999961853027,7.329999923706055,7.46999979019165,169100
2022-02-03,7.329999923706055,7.489999771118164,6.96999979019165,7.260000228881836,270200
2022-02-04,7.190000057220459,7.909999847412109,7.099999904632568,7.28000020980835,248200
2022-02-07,7.25,7.449999809265137,7.230000019073486,7.380000114440918,153600
2022-02-08,7.360000133514404,7.639999866485596,7.329999923706055,7.53000020980835,162100
2022-02-09,7.639999866485596,8.0,7.639999866485596,7.980000019073486,232200
2022-02-10,7.920000076293945,8.140000343322754,7.570000171661377,7.880000114440918,159300
2022-02-11,7.880000114440918,8.050000190734863,7.760000228881836,7.840000152587891,123500
2022-02-14,7.869999885559082,7.909999847412109,7.710000038146973,7.78000020980835,97200
2022-02-15,7.920000076293945,8.109999656677246,7.630000114440918,7.989999771118164,115700
2022-02-16,7.980000019073486,8.15999984741211,7.820000171661377,8.149999618530273,153500
2022-02-17,8.100000381469727,8.100000381469727,7.53000020980835,7.539999961853027,224700
2022-02-18,7.46999979019165,7.619999885559082,7.159999847412109,7.320000171661377,250000
2022-02-22,7.320000171661377,7.46999979019165,7.179999828338623,7.349999904632568,241000
2022-02-23,7.420000076293945,7.420000076293945,7.179999828338623,7.199999809265137,205700
2022-02-24,6.920000076293945,7.349999904632568,6.510000228881836,7.320000171661377,229600
2022-02-25,7.369999885559082,7.510000228881836,7.260000228881836,7.480000019073486,356000
2022-02-28,7.400000095367432,7.670000076293945,7.380000114440918,7.579999923706055,525100
2022-03-01,7.519999980926514,7.659999847412109,7.389999866485596,7.420000076293945,250300
2022-03-02,7.480000019073486,7.630000114440918,7.449999809265137,7.610000133514404,135300
2022-03-03,7.619999885559082,7.869999885559082,7.550000190734863,7.829999923706055,231500
2022-03-04,7.75,7.829999923706055,7.5,7.630000114440918,437000
2022-03-07,7.679999828338623,7.760000228881836,7.309999942779541,7.400000095367432,363000
2022-03-08,7.489999771118164,7.670000076293945,7.25,7.349999904632568,427000
2022-03-09,7.5,7.849999904632568,7.480000019073486,7.809999942779541,619900
2022-03-10,7.71999979019165,8.020000457763672,7.550000190734863,7.800000190734863,399300
2022-03-11,7.900000095367432,8.0,7.260000228881836,7.820000171661377,371400
2022-03-14,7.820000171661377,7.849999904632568,7.619999885559082,7.679999828338623,478800
2022-03-15,7.75,7.869999885559082,7.619999885559082,7.699999809265137,360300
2022-03-16,7.760000228881836,7.949999809265137,7.670000076293945,7.829999923706055,268100
2022-03-17,7.820000171661377,7.929999828338623,7.340000152587891,7.789999961853027,1228600
2022-03-18,7.75,7.869999885559082,7.570000171661377,7.75,1334400
2022-03-21,7.760000228881836,7.760000228881836,7.28000020980835,7.380000114440918,302400
2022-03-22,7.360000133514404,7.409999847412109,7.289999961853027,7.309999942779541,678400
2022-03-23,7.25,7.25,7.010000228881836,7.03000020980835,364400
2022-03-24,7.21999979019165,7.679999828338623,7.190000057220459,7.550000190734863,563300
2022-03-25,7.519999980926514,7.650000095367432,7.480000019073486,7.579999923706055,676000
2022-03-28,7.539999961853027,7.78000020980835,7.329999923706055,7.53000020980835,251900
2022-03-29,7.610000133514404,7.829999923706055,7.420000076293945,7.5,464200
2022-03-30,7.46999979019165,7.579999923706055,7.380000114440918,7.400000095367432,245700
2022-03-31,7.380000114440918,7.5,7.21999979019165,7.239999771118164,246300
2022-04-01,7.329999923706055,7.449999809265137,7.179999828338623,7.429999828338623,302600
2022-04-04,7.429999828338623,7.510000228881836,7.269999980926514,7.46999979019165,587000
2022-04-05,7.5,7.559999942779541,7.070000171661377,7.190000057220459,378300
2022-04-06,7.079999923706055,7.150000095367432,6.829999923706055,6.849999904632568,566200
2022-04-07,6.849999904632568,6.849999904632568,6.590000152587891,6.829999923706055,469000
2022-04-08,6.800000190734863,6.989999771118164,6.639999866485596,6.789999961853027,284800
2022-04-11,6.71999979019165,6.889999866485596,6.699999809265137,6.860000133514404,324200
2022-04-12,6.940000057220459,7.179999828338623,6.840000152587891,6.929999828338623,392700
2022-04-13,6.960000038146973,7.190000057220459,6.960000038146973,7.099999904632568,155700
2022-04-14,7.139999866485596,7.25,7.099999904632568,7.190000057220459,164000
2022-04-18,7.179999828338623,7.289999961853027,7.130000114440918,7.139999866485596,149600
2022-04-19,7.110000133514404,7.389999866485596,7.110000133514404,7.369999885559082,393400
2022-04-20,7.440000057220459,7.519999980926514,7.309999942779541,7.400000095367432,464100
2022-04-21,7.53000020980835,7.539999961853027,7.019999980926514,7.050000190734863,155400
2022-04-22,6.96999979019165,7.199999809265137,6.639999866485596,6.840000152587891,192400
2022-04-25,6.769999980926514,6.909999847412109,6.619999885559082,6.880000114440918,162200
2022-04-26,6.820000171661377,7.090000152587891,6.590000152587891,6.690000057220459,205600
2022-04-27,6.679999828338623,6.980000019073486,6.679999828338623,6.880000114440918,211800
2022-04-28,6.960000038146973,7.179999828338623,6.800000190734863,7.050000190734863,238500
2022-04-29,7.0,7.150000095367432,6.75,6.78000020980835,189600
2022-05-02,6.829999923706055,6.940000057220459,6.739999771118164,6.920000076293945,161000
2022-05-03,6.909999847412109,6.949999809265137,6.739999771118164,6.809999942779541,297600
2022-05-04,6.820000171661377,6.860000133514404,6.440000057220459,6.769999980926514,117300
2022-05-05,6.679999828338623,6.699999809265137,6.199999809265137,6.449999809265137,207100
2022-05-06,6.409999847412109,7.269999980926514,6.409999847412109,6.840000152587891,446300
2022-05-09,6.699999809265137,6.800000190734863,6.420000076293945,6.460000038146973,300100
2022-05-10,6.630000114440918,7.0,6.460000038146973,6.800000190734863,326700
2022-05-11,6.760000228881836,7.210000038146973,6.630000114440918,6.800000190734863,1137600
2022-05-12,6.75,7.210000038146973,6.670000076293945,6.929999828338623,468600
2022-05-13,7.199999809265137,7.590000152587891,7.139999866485596,7.25,812900
2022-05-16,7.199999809265137,7.559999942779541,7.190000057220459,7.309999942779541,523000
2022-05-17,7.480000019073486,7.690000057220459,7.420000076293945,7.53000020980835,644700
2022-05-18,7.440000057220459,7.630000114440918,7.300000190734863,7.360000133514404,402900
2022-05-19,7.340000152587891,7.579999923706055,7.300000190734863,7.420000076293945,406900
2022-05-20,7.519999980926514,7.53000020980835,7.190000057220459,7.340000152587891,294900
2022-05-23,7.480000019073486,8.069999694824219,7.440000057220459,7.900000095367432,1030400
2022-05-24,7.78000020980835,7.869999885559082,7.210000038146973,7.760000228881836,772200
2022-05-25,7.699999809265137,8.199999809265137,7.670000076293945,8.100000381469727,663600
2022-05-26,8.1899995803833,8.289999961853027,8.069999694824219,8.100000381469727,767700
2022-05-27,8.119999885559082,8.25,8.020000457763672,8.039999961853027,805800
2022-05-31,8.010000228881836,8.109999656677246,7.840000152587891,7.909999847412109,648900
2022-06-01,7.96999979019165,8.050000190734863,7.789999961853027,7.980000019073486,974400
2022-06-02,7.980000019073486,8.0600004196167,7.909999847412109,7.989999771118164,567200
2022-06-03,7.869999885559082,7.949999809265137,7.579999923706055,7.71999979019165,549000
2022-06-06,7.800000190734863,7.900000095367432,7.480000019073486,7.510000228881836,703500
2022-06-07,7.409999847412109,7.630000114440918,7.340000152587891,7.590000152587891,411600
2022-06-08,7.489999771118164,7.730000019073486,7.349999904632568,7.559999942779541,374000
2022-06-09,7.53000020980835,7.679999828338623,7.409999847412109,7.559999942779541,399400
2022-06-10,7.440000057220459,7.679999828338623,7.360000133514404,7.570000171661377,477500
2022-06-13,7.380000114440918,7.480000019073486,7.090000152587891,7.139999866485596,494500
2022-06-14,7.150000095367432,7.269999980926514,7.039999961853027,7.21999979019165,443800
2022-06-15,7.309999942779541,7.71999979019165,7.309999942779541,7.5,1219300
2022-06-16,7.329999923706055,7.369999885559082,6.849999904632568,6.940000057220459,705500
2022-06-17,6.75,7.010000228881836,6.650000095367432,6.710000038146973,787000
2022-06-21,6.769999980926514,6.960000038146973,6.619999885559082,6.650000095367432,570900
2022-06-22,6.5,6.840000152587891,6.460000038146973,6.510000228881836,561200
2022-06-23,6.510000228881836,6.78000020980835,6.099999904632568,6.210000038146973,470000
2022-06-24,6.300000190734863,6.46999979019165,6.03000020980835,6.059999942779541,2868900
2022-06-27,6.119999885559082,6.340000152587891,6.099999904632568,6.230000019073486,472900
2022-06-28,6.239999771118164,6.619999885559082,5.840000152587891,5.880000114440918,517800
2022-06-29,5.860000133514404,5.929999828338623,5.510000228881836,5.659999847412109,468300
2022-06-30,5.550000190734863,5.760000228881836,5.389999866485596,5.429999828338623,1468600
2022-07-01,5.400000095367432,5.480000019073486,5.28000020980835,5.400000095367432,351100
2022-07-05,5.269999980926514,5.28000020980835,5.03000020980835,5.28000020980835,404200
2022-07-06,5.289999961853027,5.289999961853027,5.079999923706055,5.190000057220459,476500
2022-07-07,5.28000020980835,5.349999904632568,5.230000019073486,5.28000020980835,478700
2022-07-08,5.300000190734863,5.340000152587891,5.170000076293945,5.300000190734863,372100
2022-07-11,5.230000019073486,5.260000228881836,5.079999923706055,5.179999828338623,399700
2022-07-12,5.139999866485596,5.329999923706055,4.880000114440918,5.210000038146973,463700
2022-07-13,5.190000057220459,5.289999961853027,5.090000152587891,5.210000038146973,458800
2022-07-14,5.119999885559082,5.159999847412109,4.800000190734863,4.889999866485596,329700
2022-07-15,5.010000228881836,5.090000152587891,4.889999866485596,5.019999980926514,296900
2022-07-18,5.039999961853027,5.230000019073486,5.039999961853027,5.170000076293945,319800
2022-07-19,5.21999979019165,5.670000076293945,5.21999979019165,5.650000095367432,409300
2022-07-20,5.630000114440918,5.789999961853027,5.619999885559082,5.760000228881836,268200
2022-07-21,5.71999979019165,5.78000020980835,5.659999847412109,5.769999980926514,254700
2022-07-22,5.769999980926514,5.829999923706055,5.690000057220459,5.809999942779541,248700
2022-07-25,5.860000133514404,6.070000171661377,5.78000020980835,6.039999961853027,307200
2022-07-26,6.0,6.079999923706055,5.909999847412109,6.03000020980835,221700
2022-07-27,6.090000152587891,6.289999961853027,6.050000190734863,6.260000228881836,330700
2022-07-28,6.269999980926514,6.420000076293945,6.260000228881836,6.400000095367432,244400
2022-07-29,6.429999828338623,6.670000076293945,6.320000171661377,6.610000133514404,538700
2022-08-01,6.519999980926514,6.690000057220459,6.429999828338623,6.650000095367432,258500
2022-08-02,6.760000228881836,6.980000019073486,6.630000114440918,6.860000133514404,372400
2022-08-03,6.860000133514404,7.050000190734863,6.78000020980835,6.989999771118164,631600
2022-08-04,7.0,7.010000228881836,6.070000171661377,6.309999942779541,532600
2022-08-05,6.230000019073486,6.760000228881836,6.179999828338623,6.449999809265137,339000
2022-08-08,6.489999771118164,6.550000190734863,6.019999980926514,6.090000152587891,419400
2022-08-09,6.059999942779541,6.130000114440918,5.960000038146973,6.050000190734863,420500
2022-08-10,6.110000133514404,6.309999942779541,6.110000133514404,6.210000038146973,428100
2022-08-11,6.25,6.5,6.25,6.480000019073486,343800
2022-08-12,6.539999961853027,6.730000019073486,6.46999979019165,6.599999904632568,342800
2022-08-15,6.519999980926514,7.070000171661377,6.519999980926514,7.010000228881836,336400
2022-08-16,7.0,7.21999979019165,6.960000038146973,7.139999866485596,353700
2022-08-17,7.079999923706055,7.139999866485596,6.960000038146973,7.039999961853027,283100
2022-08-18,7.019999980926514,7.329999923706055,7.010000228881836,7.139999866485596,414500
2022-08-19,7.099999904632568,7.099999904632568,6.940000057220459,7.019999980926514,331100
2022-08-22,6.920000076293945,7.0,6.78000020980835,6.829999923706055,293300
2022-08-23,6.860000133514404,6.96999979019165,6.760000228881836,6.840000152587891,340300
2022-08-24,6.900000095367432,7.050000190734863,6.829999923706055,7.019999980926514,224300
2022-08-25,7.079999923706055,7.199999809265137,7.079999923706055,7.170000076293945,286200
2022-08-26,7.190000057220459,7.239999771118164,6.860000133514404,6.880000114440918,299300
2022-08-29,6.789999961853027,6.909999847412109,6.769999980926514,6.860000133514404,178400
2022-08-30,6.920000076293945,6.920000076293945,6.710000038146973,6.78000020980835,387000
2022-08-31,6.800000190734863,6.829999923706055,6.730000019073486,6.78000020980835,421700
2022-09-01,6.730000019073486,6.739999771118164,6.360000133514404,6.440000057220459,439800
2022-09-02,6.559999942779541,6.559999942779541,6.289999961853027,6.329999923706055,215400
2022-09-06,6.489999771118164,6.670000076293945,6.380000114440918,6.400000095367432,413100
2022-09-07,6.309999942779541,6.920000076293945,6.309999942779541,6.809999942779541,467000
2022-09-08,6.730000019073486,6.980000019073486,6.599999904632568,6.800000190734863,438400
2022-09-09,6.869999885559082,7.210000038146973,6.860000133514404,7.150000095367432,506800
2022-09-12,7.210000038146973,7.510000228881836,7.210000038146973,7.409999847412109,413600
2022-09-13,7.210000038146973,7.369999885559082,7.119999885559082,7.170000076293945,360800
2022-09-14,7.179999828338623,7.340000152587891,7.099999904632568,7.340000152587891,349800
2022-09-15,7.260000228881836,7.519999980926514,7.25,7.360000133514404,401600
2022-09-16,7.210000038146973,7.320000171661377,7.090000152587891,7.28000020980835,1631800
2022-09-19,7.150000095367432,7.510000228881836,6.980000019073486,7.420000076293945,533500
2022-09-20,7.28000020980835,7.449999809265137,7.210000038146973,7.329999923706055,320100
2022-09-21,7.409999847412109,7.519999980926514,7.099999904632568,7.110000133514404,413400
2022-09-22,7.059999942779541,7.110000133514404,6.769999980926514,6.849999904632568,345300
2022-09-23,6.71999979019165,6.760000228881836,6.510000228881836,6.619999885559082,256700
2022-09-26,6.570000171661377,6.769999980926514,6.570000171661377,6.679999828338623,397900
2022-09-27,6.760000228881836,6.940000057220459,6.619999885559082,6.840000152587891,339000
2022-09-28,6.889999866485596,7.25,6.860000133514404,7.150000095367432,326000
2022-09-29,7.050000190734863,7.079999923706055,6.909999847412109,7.039999961853027,295600
2022-09-30,7.010000228881836,7.340000152587891,6.929999828338623,6.949999809265137,1165900
2022-10-03,7.099999904632568,7.130000114440918,6.679999828338623,6.730000019073486,673800
2022-10-04,6.809999942779541,7.210000038146973,6.809999942779541,7.199999809265137,485100
2022-10-05,7.130000114440918,7.380000114440918,7.110000133514404,7.28000020980835,400500
2022-10-06,7.239999771118164,7.449999809265137,7.190000057220459,7.300000190734863,338800
2022-10-07,7.230000019073486,7.309999942779541,7.099999904632568,7.159999847412109,246000
2022-10-10,7.170000076293945,7.340000152587891,7.110000133514404,7.25,250000
2022-10-11,7.210000038146973,7.349999904632568,7.159999847412109,7.25,336000
2022-10-12,7.309999942779541,7.380000114440918,7.190000057220459,7.269999980926514,322000
2022-10-13,7.079999923706055,7.429999828338623,6.980000019073486,7.409999847412109,410400
2022-10-14,7.420000076293945,7.53000020980835,7.079999923706055,7.090000152587891,277900
2022-10-17,7.170000076293945,7.440000057220459,7.150000095367432,7.320000171661377,556500
2022-10-18,7.53000020980835,7.869999885559082,7.510000228881836,7.699999809265137,680700
2022-10-19,7.71999979019165,8.0,7.329999923706055,7.5,476900
2022-10-20,7.5,7.659999847412109,7.380000114440918,7.380000114440918,236900
2022-10-21,7.460000038146973,7.619999885559082,7.329999923706055,7.539999961853027,356400
2022-10-24,7.619999885559082,7.619999885559082,7.440000057220459,7.510000228881836,287500
2022-10-25,7.5,7.800000190734863,7.5,7.550000190734863,386900
2022-10-26,7.619999885559082,7.920000076293945,7.460000038146973,7.46999979019165,258100
2022-10-27,7.53000020980835,7.699999809265137,7.349999904632568,7.380000114440918,293100
2022-10-28,7.369999885559082,7.820000171661377,7.300000190734863,7.619999885559082,461200
2022-10-31,7.570000171661377,7.690000057220459,7.449999809265137,7.590000152587891,310800
2022-11-01,7.710000038146973,7.760000228881836,7.590000152587891,7.670000076293945,270900
2022-11-02,7.639999866485596,7.690000057220459,7.349999904632568,7.389999866485596,408800
2022-11-03,7.659999847412109,7.800000190734863,6.929999828338623,7.019999980926514,469800
2022-11-04,7.110000133514404,7.110000133514404,6.159999847412109,6.630000114440918,550400
2022-11-07,6.699999809265137,7.369999885559082,6.699999809265137,7.309999942779541,486900
2022-11-08,7.320000171661377,7.449999809265137,7.139999866485596,7.230000019073486,362300
2022-11-09,7.179999828338623,7.380000114440918,6.840000152587891,6.889999866485596,650900
2022-11-10,7.21999979019165,7.590000152587891,7.21999979019165,7.420000076293945,645300
2022-11-11,7.489999771118164,7.699999809265137,7.400000095367432,7.639999866485596,465000
2022-11-14,7.769999980926514,8.039999961853027,7.760000228881836,7.789999961853027,540700
2022-11-15,8.050000190734863,8.050000190734863,7.869999885559082,8.0,380200
2022-11-16,7.960000038146973,8.029999732971191,7.849999904632568,7.900000095367432,275700
2022-11-17,7.75,7.980000019073486,7.679999828338623,7.960000038146973,368600
2022-11-18,8.100000381469727,8.100000381469727,7.920000076293945,7.960000038146973,319300
2022-11-21,7.869999885559082,7.920000076293945,7.389999866485596,7.440000057220459,481300
2022-11-22,7.46999979019165,7.71999979019165,7.309999942779541,7.639999866485596,532000
2022-11-23,7.630000114440918,7.739999771118164,7.510000228881836,7.630000114440918,508100
2022-11-25,7.619999885559082,7.809999942779541,7.579999923706055,7.75,208000
2022-11-28,7.659999847412109,7.800000190734863,7.579999923706055,7.690000057220459,260300
2022-11-29,7.630000114440918,7.630000114440918,7.099999904632568,7.179999828338623,487500
2022-11-30,7.130000114440918,7.46999979019165,7.090000152587891,7.460000038146973,558600
2022-12-01,7.480000019073486,7.699999809265137,7.420000076293945,7.46999979019165,406200
2022-12-02,7.349999904632568,7.570000171661377,7.289999961853027,7.489999771118164,237900
2022-12-05,7.429999828338623,7.599999904632568,7.400000095367432,7.489999771118164,224400
2022-12-06,7.460000038146973,7.539999961853027,7.059999942779541,7.320000171661377,458500
2022-12-07,7.340000152587891,7.409999847412109,6.940000057220459,7.0,430700
2022-12-08,6.949999809265137,7.159999847412109,6.550000190734863,6.570000171661377,1022200
2022-12-09,6.630000114440918,6.960000038146973,6.53000020980835,6.900000095367432,493500
2022-12-12,6.809999942779541,7.239999771118164,6.809999942779541,7.199999809265137,492000
2022-12-13,7.690000057220459,7.760000228881836,7.0,7.090000152587891,488000
2022-12-14,7.079999923706055,7.28000020980835,6.670000076293945,7.03000020980835,333100
2022-12-15,6.960000038146973,7.0,6.539999961853027,6.599999904632568,350700
2022-12-16,6.889999866485596,6.889999866485596,6.619999885559082,6.760000228881836,842800
2022-12-19,6.75,6.860000133514404,6.559999942779541,6.639999866485596,293900
2022-12-20,6.599999904632568,6.789999961853027,6.570000171661377,6.619999885559082,227300
2022-12-21,6.679999828338623,6.760000228881836,6.619999885559082,6.630000114440918,305100
2022-12-22,6.539999961853027,6.599999904632568,6.199999809265137,6.369999885559082,552700
2022-12-23,6.349999904632568,6.349999904632568,6.090000152587891,6.269999980926514,375700
2022-12-27,6.179999828338623,6.329999923706055,6.070000171661377,6.119999885559082,242900
2022-12-28,6.090000152587891,6.199999809265137,5.940000057220459,6.03000020980835,349600
2022-12-29,6.070000171661377,6.309999942779541,5.949999809265137,6.199999809265137,282200
2022-12-30,6.139999866485596,6.329999923706055,6.079999923706055,6.210000038146973,309900
2023-01-03,6.300000190734863,6.480000019073486,6.179999828338623,6.28000020980835,364600
2023-01-04,6.300000190734863,6.409999847412109,6.179999828338623,6.320000171661377,421200
2023-01-05,6.300000190734863,6.539999961853027,6.090000152587891,6.429999828338623,346000
2023-01-06,6.489999771118164,6.610000133514404,6.440000057220459,6.510000228881836,282500
2023-01-09,6.619999885559082,6.809999942779541,6.559999942779541,6.650000095367432,210900
2023-01-10,6.610000133514404,6.829999923706055,6.570000171661377,6.760000228881836,297100
2023-01-11,6.760000228881836,7.119999885559082,6.679999828338623,7.019999980926514,458500
2023-01-12,7.090000152587891,7.21999979019165,6.949999809265137,7.059999942779541,305100
2023-01-13,7.019999980926514,7.179999828338623,6.989999771118164,7.110000133514404,320300
2023-01-17,7.059999942779541,7.059999942779541,6.619999885559082,6.690000057220459,310300
2023-01-18,6.730000019073486,6.989999771118164,6.53000020980835,6.670000076293945,239100
2023-01-19,6.590000152587891,6.71999979019165,6.53000020980835,6.679999828338623,259400
2023-01-20,6.800000190734863,6.989999771118164,6.71999979019165,6.909999847412109,296800
2023-01-23,6.909999847412109,7.039999961853027,6.800000190734863,6.889999866485596,263100
2023-01-24,6.840000152587891,7.019999980926514,6.840000152587891,6.860000133514404,245500
2023-01-25,6.809999942779541,6.96999979019165,6.730000019073486,6.880000114440918,301500
2023-01-26,6.940000057220459,7.03000020980835,6.769999980926514,6.889999866485596,332900
2023-01-27,6.880000114440918,6.929999828338623,6.71999979019165,6.78000020980835,381100
2023-01-30,6.739999771118164,6.980000019073486,6.739999771118164,6.889999866485596,234500
2023-01-31,6.900000095367432,7.019999980926514,6.789999961853027,7.019999980926514,398600
2023-02-01,7.010000228881836,7.039999961853027,6.800000190734863,6.960000038146973,403700
2023-02-02,7.019999980926514,7.409999847412109,7.0,7.329999923706055,633300
2023-02-03,7.289999961853027,7.570000171661377,7.289999961853027,7.349999904632568,552300
2023-02-06,7.269999980926514,7.449999809265137,6.929999828338623,7.099999904632568,381700
2023-02-07,7.090000152587891,7.150000095367432,6.829999923706055,7.039999961853027,423700
2023-02-08,6.960000038146973,7.059999942779541,6.900000095367432,6.909999847412109,396200
2023-02-09,7.03000020980835,7.03000020980835,6.75,6.809999942779541,297000
2023-02-10,6.739999771118164,7.03000020980835,6.690000057220459,6.760000228881836,259200
2023-02-13,6.769999980926514,6.989999771118164,6.710000038146973,6.960000038146973,283300
2023-02-14,6.929999828338623,7.0,6.800000190734863,6.940000057220459,274300
2023-02-15,6.889999866485596,7.210000038146973,6.889999866485596,7.150000095367432,307400
2023-02-16,7.039999961853027,7.28000020980835,6.96999979019165,7.119999885559082,402300
2023-02-17,7.170000076293945,7.21999979019165,6.980000019073486,7.119999885559082,320300
2023-02-21,7.039999961853027,7.150000095367432,6.739999771118164,6.769999980926514,309700
2023-02-22,6.760000228881836,7.019999980926514,6.699999809265137,6.880000114440918,290500
2023-02-23,6.889999866485596,6.949999809265137,6.820000171661377,6.920000076293945,328500
2023-02-24,6.789999961853027,6.889999866485596,6.730000019073486,6.860000133514404,241000
2023-02-27,6.869999885559082,7.010000228881836,6.78000020980835,6.869999885559082,264600
2023-02-28,6.929999828338623,6.96999979019165,6.829999923706055,6.860000133514404,480500
2023-03-01,6.829999923706055,6.920000076293945,6.739999771118164,6.789999961853027,365100
2023-03-02,7.449999809265137,8.050000190734863,7.239999771118164,7.579999923706055,3156200
2023-03-03,7.78000020980835,8.329999923706055,7.699999809265137,7.989999771118164,2769800
2023-03-06,8.050000190734863,9.229999542236328,8.050000190734863,9.210000038146973,2964200
2023-03-07,9.210000038146973,9.210000038146973,8.649999618530273,9.0,1126600
2023-03-08,9.029999732971191,9.050000190734863,8.649999618530273,8.789999961853027,640700
2023-03-09,8.25,8.260000228881836,6.599999904632568,6.809999942779541,3996800
2023-03-10,6.599999904632568,6.730000019073486,6.130000114440918,6.599999904632568,8153600
2023-03-13,6.429999828338623,6.460000038146973,6.079999923706055,6.300000190734863,2711100
2023-03-14,6.429999828338623,6.610000133514404,6.28000020980835,6.570000171661377,1524900
2023-03-15,6.489999771118164,6.550000190734863,6.320000171661377,6.53000020980835,1021000
2023-03-16,6.380000114440918,6.619999885559082,6.239999771118164,6.5,975700
2023-03-17,6.300000190734863,6.559999942779541,6.25,6.5,1228900
2023-03-20,6.659999847412109,6.96999979019165,6.579999923706055,6.880000114440918,962200
2023-03-21,6.949999809265137,7.139999866485596,6.650000095367432,7.070000171661377,1842500
2023-03-22,7.150000095367432,7.199999809265137,6.869999885559082,6.880000114440918,846200
2023-03-23,6.960000038146973,7.159999847412109,6.78000020980835,6.880000114440918,891700
2023-03-24,6.800000190734863,6.960000038146973,6.699999809265137,6.889999866485596,462500
2023-03-27,6.889999866485596,7.019999980926514,6.809999942779541,6.929999828338623,448400
2023-03-28,6.880000114440918,7.170000076293945,6.880000114440918,7.03000020980835,454300
2023-03-29,7.130000114440918,7.199999809265137,7.059999942779541,7.090000152587891,338900
2023-03-30,7.179999828338623,7.25,7.090000152587891,7.150000095367432,611400
2023-03-31,7.199999809265137,7.5,7.199999809265137,7.420000076293945,991500
2023-04-03,7.440000057220459,7.489999771118164,7.170000076293945,7.239999771118164,693200
2023-04-04,7.28000020980835,7.320000171661377,7.079999923706055,7.150000095367432,899200
2023-04-05,7.059999942779541,7.099999904632568,6.869999885559082,6.989999771118164,698800
2023-04-06,6.949999809265137,7.050000190734863,6.869999885559082,6.940000057220459,653000
2023-04-10,6.869999885559082,7.019999980926514,6.78000020980835,6.809999942779541,675000
2023-04-11,6.75,6.75,6.46999979019165,6.480000019073486,743600
2023-04-12,6.5,6.539999961853027,6.059999942779541,6.099999904632568,946200
2023-04-13,6.070000171661377,6.349999904632568,5.739999771118164,6.119999885559082,1046300
2023-04-14,6.159999847412109,6.380000114440918,6.159999847412109,6.329999923706055,836700
2023-04-17,6.349999904632568,6.789999961853027,6.309999942779541,6.699999809265137,866400
2023-04-18,6.769999980926514,6.929999828338623,6.639999866485596,6.690000057220459,520500
2023-04-19,6.650000095367432,6.699999809265137,6.489999771118164,6.5,550500
2023-04-20,6.409999847412109,6.610000133514404,6.309999942779541,6.46999979019165,736700
2023-04-21,6.449999809265137,6.579999923706055,6.360000133514404,6.449999809265137,429700
2023-04-24,6.449999809265137,6.590000152587891,6.369999885559082,6.480000019073486,332700
2023-04-25,6.389999866485596,6.460000038146973,6.110000133514404,6.150000095367432,433800
2023-04-26,6.119999885559082,6.260000228881836,6.019999980926514,6.059999942779541,443500
2023-04-27,6.139999866485596,6.190000057220459,6.0,6.059999942779541,590400
2023-04-28,6.039999961853027,6.269999980926514,6.039999961853027,6.21999979019165,430700
2023-05-01,6.199999809265137,6.369999885559082,6.119999885559082,6.300000190734863,401800
2023-05-02,6.480000019073486,6.480000019073486,6.099999904632568,6.159999847412109,579900
2023-05-03,6.179999828338623,6.320000171661377,6.019999980926514,6.039999961853027,616900
2023-05-04,5.820000171661377,5.860000133514404,5.570000171661377,5.710000038146973,816800
2023-05-05,5.710000038146973,5.869999885559082,5.659999847412109,5.710000038146973,920900
2023-05-08,5.949999809265137,6.119999885559082,5.829999923706055,5.840000152587891,657300
2023-05-09,5.519999980926514,5.659999847412109,5.159999847412109,5.53000020980835,1206400
2023-05-10,5.610000133514404,5.96999979019165,5.519999980926514,5.760000228881836,1024200
2023-05-11,5.699999809265137,5.760000228881836,5.349999904632568,5.550000190734863,820300
2023-05-12,5.570000171661377,5.690000057220459,5.480000019073486,5.579999923706055,577300
2023-05-15,5.570000171661377,5.599999904632568,5.5,5.579999923706055,701100
2023-05-16,5.570000171661377,5.75,5.519999980926514,5.619999885559082,794600
2023-05-17,5.659999847412109,5.769999980926514,5.610000133514404,5.71999979019165,581600
2023-05-18,5.75,5.849999904632568,5.71999979019165,5.809999942779541,637500
2023-05-19,5.880000114440918,5.929999828338623,5.75,5.820000171661377,584100
2023-05-22,5.860000133514404,6.309999942779541,5.860000133514404,6.230000019073486,942700
2023-05-23,6.199999809265137,6.489999771118164,6.139999866485596,6.230000019073486,963000
2023-05-24,6.170000076293945,6.289999961853027,5.920000076293945,5.929999828338623,546100
2023-05-25,5.929999828338623,6.070000171661377,5.809999942779541,5.929999828338623,738500
2023-05-26,5.960000038146973,6.260000228881836,5.960000038146973,6.199999809265137,968100
2023-05-30,6.25,6.360000133514404,6.210000038146973,6.21999979019165,667400
2023-05-31,6.199999809265137,6.300000190734863,6.059999942779541,6.199999809265137,1109400
2023-06-01,6.190000057220459,6.400000095367432,6.159999847412109,6.340000152587891,725700
2023-06-02,6.400000095367432,6.820000171661377,6.400000095367432,6.769999980926514,752300
2023-06-05,6.739999771118164,6.840000152587891,6.639999866485596,6.699999809265137,433200
2023-06-06,6.659999847412109,7.190000057220459,6.639999866485596,7.159999847412109,711700
2023-06-07,7.150000095367432,7.78000020980835,7.150000095367432,7.75,1858000
2023-06-08,7.760000228881836,7.840000152587891,7.53000020980835,7.760000228881836,1146800
2023-06-09,7.739999771118164,7.96999979019165,7.739999771118164,7.860000133514404,1056800
2023-06-12,7.860000133514404,7.960000038146973,7.75,7.840000152587891,805600
2023-06-13,7.849999904632568,8.109999656677246,7.639999866485596,7.920000076293945,1312500
2023-06-14,7.929999828338623,7.980000019073486,7.639999866485596,7.809999942779541,697300
2023-06-15,7.71999979019165,7.860000133514404,7.599999904632568,7.760000228881836,493500
2023-06-16,7.610000133514404,7.699999809265137,7.409999847412109,7.590000152587891,836100
2023-06-20,7.559999942779541,7.579999923706055,7.429999828338623,7.550000190734863,609900
2023-06-21,7.53000020980835,7.559999942779541,7.340000152587891,7.53000020980835,474200
2023-06-22,7.519999980926514,7.570000171661377,7.289999961853027,7.349999904632568,745100
2023-06-23,7.199999809265137,7.340000152587891,7.070000171661377,7.210000038146973,4773700
2023-06-26,7.170000076293945,7.440000057220459,7.130000114440918,7.369999885559082,494000
2023-06-27,7.349999904632568,7.579999923706055,7.320000171661377,7.53000020980835,441300
2023-06-28,7.449999809265137,7.480000019073486,7.340000152587891,7.460000038146973,481600
2023-06-29,7.440000057220459,7.579999923706055,7.380000114440918,7.440000057220459,548300
2023-06-30,7.519999980926514,7.519999980926514,7.159999847412109,7.210000038146973,359800
2023-07-03,7.190000057220459,7.300000190734863,7.090000152587891,7.269999980926514,282900
2023-07-05,7.199999809265137,7.199999809265137,6.900000095367432,7.130000114440918,547100
2023-07-06,7.039999961853027,7.050000190734863,6.860000133514404,6.96999979019165,409200
2023-07-07,6.960000038146973,7.159999847412109,6.960000038146973,7.090000152587891,660400
2023-07-10,7.039999961853027,7.420000076293945,6.980000019073486,7.409999847412109,492600
2023-07-11,7.449999809265137,7.650000095367432,7.369999885559082,7.510000228881836,887300
2023-07-12,7.690000057220459,7.699999809265137,7.46999979019165,7.480000019073486,359200
2023-07-13,7.510000228881836,7.590000152587891,7.420000076293945,7.449999809265137,308300
2023-07-14,7.5,7.53000020980835,7.340000152587891,7.389999866485596,347800
2023-07-17,8.079999923706055,8.59000015258789,8.0,8.1899995803833,2996900
2023-07-18,8.130000114440918,8.279999732971191,7.860000133514404,8.039999961853027,2482000
2023-07-19,8.029999732971191,8.029999732971191,7.230000019073486,7.46999979019165,863300
2023-07-20,7.420000076293945,7.659999847412109,7.409999847412109,7.53000020980835,460900
2023-07-21,7.539999961853027,7.550000190734863,6.920000076293945,6.960000038146973,958800
2023-07-24,6.670000076293945,7.150000095367432,6.25,6.820000171661377,1902600
2023-07-25,6.739999771118164,6.869999885559082,6.349999904632568,6.369999885559082,848800
2023-07-26,6.340000152587891,6.53000020980835,6.300000190734863,6.440000057220459,556100
2023-07-27,6.449999809265137,6.559999942779541,6.380000114440918,6.489999771118164,599600
2023-07-28,6.5,6.659999847412109,6.389999866485596,6.650000095367432,625100
2023-07-31,6.650000095367432,6.789999961853027,6.599999904632568,6.710000038146973,603400
2023-08-01,6.75,6.840000152587891,6.619999885559082,6.809999942779541,676800
2023-08-02,6.71999979019165,6.800000190734863,6.389999866485596,6.389999866485596,769600
2023-08-03,6.460000038146973,6.559999942779541,6.269999980926514,6.349999904632568,802800
2023-08-04,6.349999904632568,6.539999961853027,6.309999942779541,6.400000095367432,637400
2023-08-07,6.46999979019165,6.46999979019165,6.289999961853027,6.369999885559082,474300
2023-08-08,6.079999923706055,6.46999979019165,5.929999828338623,6.449999809265137,1275200
2023-08-09,6.159999847412109,6.289999961853027,5.670000076293945,5.71999979019165,956800
2023-08-10,5.739999771118164,5.75,5.389999866485596,5.510000228881836,747500
2023-08-11,5.429999828338623,5.699999809265137,5.320000171661377,5.679999828338623,817400
2023-08-14,5.630000114440918,5.710000038146973,5.539999961853027,5.659999847412109,425900
2023-08-15,5.610000133514404,5.610000133514404,5.380000114440918,5.420000076293945,618800
2023-08-16,5.46999979019165,5.5,5.170000076293945,5.199999809265137,622700
2023-08-17,5.210000038146973,5.230000019073486,5.039999961853027,5.070000171661377,463300
2023-08-18,5.019999980926514,5.21999979019165,5.019999980926514,5.139999866485596,538600
2023-08-21,5.150000095367432,5.159999847412109,4.670000076293945,4.96999979019165,1811300
2023-08-22,5.019999980926514,5.139999866485596,4.840000152587891,4.869999885559082,1135200
2023-08-23,4.880000114440918,5.050000190734863,4.849999904632568,4.989999771118164,605300
2023-08-24,4.989999771118164,5.010000228881836,4.840000152587891,4.949999809265137,569300
2023-08-25,4.96999979019165,5.090000152587891,4.929999828338623,4.980000019073486,486100
2023-08-28,5.0,5.090000152587891,4.960000038146973,5.079999923706055,459700
2023-08-29,5.070000171661377,5.329999923706055,5.059999942779541,5.309999942779541,565900
2023-08-30,5.309999942779541,5.510000228881836,5.28000020980835,5.480000019073486,749600
2023-08-31,5.480000019073486,5.510000228881836,5.360000133514404,5.449999809265137,552300
2023-09-01,5.510000228881836,5.659999847412109,5.449999809265137,5.510000228881836,589300
2023-09-05,5.46999979019165,5.710000038146973,5.28000020980835,5.579999923706055,907500
2023-09-06,5.590000152587891,5.800000190734863,5.5,5.670000076293945,1024700
2023-09-07,5.639999866485596,5.699999809265137,5.360000133514404,5.460000038146973,1080800
2023-09-08,5.46999979019165,5.510000228881836,5.25,5.309999942779541,667600
2023-09-11,5.389999866485596,5.550000190734863,5.349999904632568,5.420000076293945,518200
2023-09-12,5.420000076293945,5.5,5.329999923706055,5.460000038146973,632100
2023-09-13,5.480000019073486,5.480000019073486,5.289999961853027,5.380000114440918,620100
2023-09-14,5.449999809265137,5.550000190734863,5.340000152587891,5.510000228881836,712300
2023-09-15,5.539999961853027,5.579999923706055,5.409999847412109,5.440000057220459,4144100
2023-09-18,5.449999809265137,5.449999809265137,4.679999828338623,4.679999828338623,1284200
2023-09-19,4.760000228881836,4.849999904632568,4.46999979019165,4.789999961853027,1544200
2023-09-20,4.730000019073486,4.940000057220459,4.630000114440918,4.639999866485596,929000
2023-09-21,4.610000133514404,4.760000228881836,4.599999904632568,4.670000076293945,756000
2023-09-22,4.679999828338623,4.760000228881836,4.619999885559082,4.690000057220459,638700
2023-09-25,4.659999847412109,4.679999828338623,4.539999961853027,4.590000152587891,368000
2023-09-26,4.53000020980835,4.599999904632568,4.420000076293945,4.460000038146973,1388000
2023-09-27,4.510000228881836,4.650000095367432,4.46999979019165,4.550000190734863,521700
2023-09-28,4.53000020980835,4.630000114440918,4.46999979019165,4.619999885559082,588100
2023-09-29,4.659999847412109,4.760000228881836,4.639999866485596,4.690000057220459,473300
2023-10-02,4.659999847412109,4.71999979019165,4.570000171661377,4.599999904632568,500300
2023-10-03,4.570000171661377,4.570000171661377,4.329999923706055,4.340000152587891,860500
2023-10-04,4.329999923706055,4.369999885559082,4.110000133514404,4.130000114440918,997400
2023-10-05,4.150000095367432,4.260000228881836,4.090000152587891,4.110000133514404,759600
2023-10-06,4.159999847412109,4.639999866485596,4.150000095367432,4.539999961853027,1109300
2023-10-09,4.489999771118164,4.559999942779541,4.420000076293945,4.489999771118164,622300
2023-10-10,4.510000228881836,4.619999885559082,4.46999979019165,4.590000152587891,358100
2023-10-11,4.590000152587891,4.679999828338623,4.480000019073486,4.5,377200
2023-10-12,4.539999961853027,4.570000171661377,4.300000190734863,4.340000152587891,640000
2023-10-13,4.340000152587891,4.380000114440918,4.0,4.019999980926514,414800
2023-10-16,4.019999980926514,4.239999771118164,3.9700000286102295,4.21999979019165,395500
2023-10-17,4.159999847412109,4.429999828338623,4.159999847412109,4.349999904632568,417800
2023-10-18,4.230000019073486,4.320000171661377,4.119999885559082,4.260000228881836,376700
2023-10-19,4.179999828338623,4.25,4.070000171661377,4.150000095367432,705200
2023-10-20,4.170000076293945,4.349999904632568,4.079999923706055,4.190000057220459,578500
2023-10-23,4.150000095367432,4.239999771118164,4.059999942779541,4.079999923706055,559800
2023-10-24,4.119999885559082,4.239999771118164,3.990000009536743,4.03000020980835,330900
2023-10-25,3.990000009536743,4.980000019073486,3.9200000762939453,4.820000171661377,4054600
2023-10-26,4.619999885559082,4.860000133514404,4.440000057220459,4.460000038146973,1148600
2023-10-27,4.460000038146973,4.480000019073486,4.21999979019165,4.239999771118164,680300
2023-10-30,4.28000020980835,4.380000114440918,4.150000095367432,4.329999923706055,857700
2023-10-31,4.329999923706055,4.360000133514404,4.090000152587891,4.119999885559082,865300
2023-11-01,4.130000114440918,4.170000076293945,4.019999980926514,4.119999885559082,864800
2023-11-02,4.260000228881836,4.429999828338623,3.8299999237060547,4.349999904632568,1085000
2023-11-03,4.650000095367432,4.809999942779541,4.46999979019165,4.739999771118164,944900
2023-11-06,4.690000057220459,4.699999809265137,4.480000019073486,4.659999847412109,985000
2023-11-07,4.619999885559082,4.800000190734863,4.570000171661377,4.599999904632568,555300
2023-11-08,4.590000152587891,4.71999979019165,4.539999961853027,4.610000133514404,706300
2023-11-09,4.630000114440918,4.909999847412109,4.570000171661377,4.639999866485596,1291000
2023-11-10,4.730000019073486,4.730000019073486,4.25,4.349999904632568,2882700
2023-11-13,4.300000190734863,4.619999885559082,4.289999961853027,4.610000133514404,1077300
2023-11-14,4.889999866485596,4.960000038146973,4.769999980926514,4.900000095367432,1075400
2023-11-15,4.889999866485596,5.039999961853027,4.690000057220459,4.71999979019165,1040500
2023-11-16,4.659999847412109,4.710000038146973,4.489999771118164,4.539999961853027,669200
2023-11-17,4.639999866485596,5.079999923706055,4.570000171661377,5.050000190734863,3120400
2023-11-20,5.050000190734863,5.159999847412109,4.949999809265137,4.989999771118164,911600
2023-11-21,4.960000038146973,4.96999979019165,4.840000152587891,4.920000076293945,506800
2023-11-22,4.980000019073486,5.199999809265137,4.949999809265137,5.130000114440918,503100
2023-11-24,5.130000114440918,5.300000190734863,5.059999942779541,5.230000019073486,374600
2023-11-27,5.190000057220459,5.289999961853027,5.110000133514404,5.139999866485596,599500
2023-11-28,5.150000095367432,5.199999809265137,5.079999923706055,5.130000114440918,414300
2023-11-29,5.159999847412109,5.28000020980835,5.079999923706055,5.110000133514404,696700
2023-11-30,5.150000095367432,5.230000019073486,4.989999771118164,5.019999980926514,547200
2023-12-01,5.039999961853027,5.28000020980835,4.929999828338623,5.210000038146973,1215900
2023-12-04,5.179999828338623,5.360000133514404,5.170000076293945,5.260000228881836,606200
2023-12-05,5.170000076293945,5.190000057220459,5.03000020980835,5.130000114440918,592000
2023-12-06,5.190000057220459,5.369999885559082,5.150000095367432,5.199999809265137,531700
2023-12-07,5.190000057220459,5.309999942779541,5.150000095367432,5.239999771118164,483200
2023-12-08,5.230000019073486,5.46999979019165,5.150000095367432,5.409999847412109,617300
2023-12-11,5.440000057220459,5.510000228881836,5.340000152587891,5.510000228881836,527200
2023-12-12,5.489999771118164,5.539999961853027,5.369999885559082,5.489999771118164,492700
2023-12-13,5.480000019073486,5.929999828338623,5.409999847412109,5.820000171661377,1023900
2023-12-14,5.920000076293945,6.099999904632568,5.889999866485596,6.079999923706055,930600
2023-12-15,6.010000228881836,6.130000114440918,5.980000019073486,6.079999923706055,1755700
2023-12-18,6.099999904632568,6.210000038146973,6.039999961853027,6.079999923706055,677800
2023-12-19,6.139999866485596,6.360000133514404,6.099999904632568,6.199999809265137,656800
2023-12-20,6.260000228881836,6.46999979019165,6.170000076293945,6.170000076293945,523300
2023-12-21,6.25,6.429999828338623,6.090000152587891,6.309999942779541,552000
2023-12-22,6.349999904632568,6.440000057220459,6.300000190734863,6.420000076293945,474100
2023-12-26,6.480000019073486,6.769999980926514,6.340000152587891,6.71999979019165,509500
2023-12-27,6.71999979019165,6.96999979019165,6.650000095367432,6.820000171661377,366300
2023-12-28,6.769999980926514,6.900000095367432,6.559999942779541,6.78000020980835,369500
2023-12-29,6.78000020980835,6.840000152587891,6.360000133514404,6.630000114440918,436400
2024-01-02,6.630000114440918,6.75,6.409999847412109,6.650000095367432,337200
2024-01-03,6.610000133514404,6.610000133514404,6.179999828338623,6.239999771118164,478800
2024-01-04,6.309999942779541,6.400000095367432,6.21999979019165,6.340000152587891,371300
2024-01-05,6.420000076293945,6.429999828338623,6.210000038146973,6.269999980926514,684000
2024-01-08,6.300000190734863,6.570000171661377,6.28000020980835,6.539999961853027,342100
2024-01-09,6.369999885559082,6.429999828338623,6.309999942779541,6.400000095367432,340600
2024-01-10,6.400000095367432,6.510000228881836,6.340000152587891,6.440000057220459,306200
2024-01-11,6.369999885559082,6.610000133514404,6.320000171661377,6.510000228881836,532000
2024-01-12,6.579999923706055,6.679999828338623,6.429999828338623,6.5,571200
2024-01-16,6.46999979019165,6.519999980926514,6.28000020980835,6.360000133514404,768000
2024-01-17,6.260000228881836,6.400000095367432,6.190000057220459,6.360000133514404,339100
2024-01-18,6.409999847412109,6.53000020980835,6.380000114440918,6.519999980926514,300100
2024-01-19,6.539999961853027,6.670000076293945,6.400000095367432,6.630000114440918,372400
2024-01-22,6.690000057220459,6.900000095367432,6.670000076293945,6.880000114440918,530700
2024-01-23,6.960000038146973,7.099999904632568,6.889999866485596,7.0,585800
2024-01-24,7.119999885559082,7.119999885559082,6.650000095367432,6.659999847412109,494300
2024-01-25,6.829999923706055,6.860000133514404,6.730000019073486,6.809999942779541,525200
2024-01-26,6.849999904632568,6.900000095367432,6.650000095367432,6.650000095367432,404900
2024-01-29,6.659999847412109,6.820000171661377,6.590000152587891,6.800000190734863,467900
2024-01-30,6.730000019073486,6.75,6.639999866485596,6.699999809265137,466700
2024-01-31,6.659999847412109,6.800000190734863,6.519999980926514,6.519999980926514,407100
2024-02-01,6.550000190734863,6.849999904632568,6.53000020980835,6.550000190734863,298400
2024-02-02,6.409999847412109,6.5,6.329999923706055,6.449999809265137,396000
2024-02-05,6.349999904632568,6.489999771118164,6.25,6.409999847412109,329600
2024-02-06,6.380000114440918,6.449999809265137,6.320000171661377,6.369999885559082,379700
2024-02-07,6.409999847412109,6.409999847412109,6.199999809265137,6.349999904632568,396600
2024-02-08,6.349999904632568,6.519999980926514,6.309999942779541,6.460000038146973,467800
2024-02-09,6.510000228881836,6.619999885559082,6.489999771118164,6.590000152587891,295100
2024-02-12,6.610000133514404,6.880000114440918,6.610000133514404,6.840000152587891,385900
2024-02-13,6.539999961853027,6.570000171661377,6.329999923706055,6.409999847412109,567800
2024-02-14,6.559999942779541,6.690000057220459,6.489999771118164,6.679999828338623,352200
2024-02-15,6.739999771118164,6.960000038146973,6.739999771118164,6.900000095367432,409400
2024-02-16,6.820000171661377,6.869999885559082,6.650000095367432,6.760000228881836,431100
2024-02-20,6.610000133514404,6.900000095367432,6.610000133514404,6.900000095367432,258800
2024-02-21,6.869999885559082,6.880000114440918,6.78000020980835,6.809999942779541,241100
2024-02-22,6.840000152587891,6.980000019073486,6.840000152587891,6.900000095367432,306500
2024-02-23,6.900000095367432,6.980000019073486,6.659999847412109,6.920000076293945,338600
2024-02-26,6.900000095367432,7.059999942779541,6.860000133514404,7.019999980926514,560100
2024-02-27,5.21999979019165,6.150000095367432,5.130000114440918,5.269999980926514,2075600
2024-02-28,5.260000228881836,5.289999961853027,4.880000114440918,5.199999809265137,1304000
2024-02-29,5.199999809265137,5.480000019073486,5.139999866485596,5.340000152587891,1106500
2024-03-01,5.300000190734863,5.650000095367432,5.28000020980835,5.449999809265137,775100
2024-03-04,5.46999979019165,5.650000095367432,5.389999866485596,5.619999885559082,654100
2024-03-05,5.610000133514404,5.690000057220459,5.239999771118164,5.239999771118164,889700
2024-03-06,5.300000190734863,5.449999809265137,5.28000020980835,5.349999904632568,429000
2024-03-07,5.360000133514404,5.670000076293945,5.360000133514404,5.559999942779541,446300
2024-03-08,5.630000114440918,5.769999980926514,5.539999961853027,5.550000190734863,363500
2024-03-11,5.510000228881836,5.769999980926514,5.449999809265137,5.659999847412109,381100
2024-03-12,5.690000057220459,5.869999885559082,5.679999828338623,5.829999923706055,503900
2024-03-13,5.789999961853027,5.989999771118164,5.789999961853027,5.880000114440918,539400
2024-03-14,5.880000114440918,5.880000114440918,5.730000019073486,5.809999942779541,515000
2024-03-15,5.78000020980835,5.960000038146973,5.71999979019165,5.75,846500
2024-03-18,5.75,5.920000076293945,5.710000038146973,5.78000020980835,591300
2024-03-19,5.710000038146973,5.920000076293945,5.710000038146973,5.869999885559082,397400
2024-03-20,5.820000171661377,6.150000095367432,5.820000171661377,6.119999885559082,456800
2024-03-21,6.179999828338623,6.21999979019165,5.949999809265137,5.949999809265137,481200
2024-03-22,5.989999771118164,6.039999961853027,5.829999923706055,5.849999904632568,391500
2024-03-25,5.860000133514404,5.989999771118164,5.659999847412109,5.670000076293945,425900
2024-03-26,5.829999923706055,5.860000133514404,5.710000038146973,5.710000038146973,493900
2024-03-27,5.789999961853027,6.03000020980835,5.789999961853027,6.010000228881836,475600
2024-03-28,6.019999980926514,6.239999771118164,5.96999979019165,6.21999979019165,967400
2024-04-01,6.21999979019165,6.21999979019165,5.929999828338623,5.949999809265137,450500
2024-04-02,5.800000190734863,5.96999979019165,5.78000020980835,5.929999828338623,472900
2024-04-03,5.880000114440918,6.019999980926514,5.610000133514404,5.710000038146973,1004600
2024-04-04,5.820000171661377,5.989999771118164,5.760000228881836,5.800000190734863,489300
2024-04-05,5.75,5.829999923706055,5.659999847412109,5.769999980926514,531700
2024-04-08,5.849999904632568,5.949999809265137,5.659999847412109,5.659999847412109,441000
2024-04-09,5.699999809265137,5.849999904632568,5.659999847412109,5.820000171661377,621000
2024-04-10,5.599999904632568,5.71999979019165,5.550000190734863,5.570000171661377,393900
2024-04-11,5.579999923706055,5.690000057220459,5.550000190734863,5.579999923706055,433500
2024-04-12,5.510000228881836,5.659999847412109,5.510000228881836,5.590000152587891,655000
2024-04-15,5.659999847412109,5.769999980926514,5.539999961853027,5.570000171661377,562600
2024-04-16,5.489999771118164,5.53000020980835,5.380000114440918,5.409999847412109,681400
2024-04-17,5.449999809265137,5.579999923706055,5.289999961853027,5.309999942779541,600500
2024-04-18,5.340000152587891,5.599999904632568,5.340000152587891,5.539999961853027,431800
2024-04-19,5.539999961853027,5.639999866485596,5.53000020980835,5.590000152587891,478900
2024-04-22,5.630000114440918,5.769999980926514,5.610000133514404,5.639999866485596,398200
2024-04-23,5.690000057220459,6.099999904632568,5.690000057220459,6.010000228881836,642900
2024-04-24,5.960000038146973,6.099999904632568,5.940000057220459,6.079999923706055,406200
2024-04-25,5.920000076293945,6.070000171661377,5.920000076293945,6.050000190734863,389200
2024-04-26,6.050000190734863,6.199999809265137,5.96999979019165,6.119999885559082,326900
2024-04-29,6.139999866485596,6.21999979019165,6.059999942779541,6.119999885559082,392500
2024-04-30,6.050000190734863,6.150000095367432,5.949999809265137,5.949999809265137,507700
2024-05-01,6.449999809265137,7.119999885559082,6.400000095367432,6.739999771118164,2341500
2024-05-02,7.119999885559082,7.25,6.900000095367432,7.130000114440918,1561400
2024-05-03,7.210000038146973,7.210000038146973,6.820000171661377,6.900000095367432,692400
2024-05-06,6.940000057220459,7.039999961853027,6.829999923706055,6.900000095367432,559200
2024-05-07,6.900000095367432,7.079999923706055,6.869999885559082,6.949999809265137,428000
2024-05-08,6.869999885559082,7.010000228881836,6.820000171661377,6.96999979019165,395200
2024-05-09,6.940000057220459,6.96999979019165,6.869999885559082,6.909999847412109,309800
2024-05-10,6.900000095367432,6.980000019073486,6.869999885559082,6.900000095367432,271500
2024-05-13,6.960000038146973,7.039999961853027,6.920000076293945,6.980000019073486,407200
2024-05-14,7.0,7.099999904632568,6.900000095367432,6.909999847412109,843200
2024-05-15,7.019999980926514,7.019999980926514,6.71999979019165,6.840000152587891,1076300
2024-05-16,6.840000152587891,6.96999979019165,6.829999923706055,6.889999866485596,433900
2024-05-17,6.920000076293945,7.010000228881836,6.880000114440918,6.929999828338623,334300
2024-05-20,6.909999847412109,7.050000190734863,6.909999847412109,7.03000020980835,448900
2024-05-21,6.989999771118164,7.03000020980835,6.889999866485596,7.019999980926514,452900
2024-05-22,7.010000228881836,7.059999942779541,6.96999979019165,7.050000190734863,397300
2024-05-23,7.070000171661377,7.150000095367432,6.900000095367432,7.019999980926514,340100
2024-05-24,7.070000171661377,7.139999866485596,6.960000038146973,7.070000171661377,309100
2024-05-28,7.110000133514404,7.199999809265137,7.019999980926514,7.059999942779541,476600
2024-05-29,7.050000190734863,7.050000190734863,6.869999885559082,6.920000076293945,415700
2024-05-30,6.980000019073486,7.0,6.889999866485596,6.980000019073486,353600
2024-05-31,7.0,7.070000171661377,6.869999885559082,6.929999828338623,598700
2024-06-03,7.050000190734863,7.059999942779541,6.739999771118164,6.820000171661377,538900
2024-06-04,6.789999961853027,6.920000076293945,6.730000019073486,6.800000190734863,486900
2024-06-05,6.849999904632568,6.920000076293945,6.71999979019165,6.78000020980835,697200
2024-06-06,6.760000228881836,6.96999979019165,6.690000057220459,6.829999923706055,1357500
2024-06-07,6.730000019073486,6.980000019073486,6.690000057220459,6.71999979019165,455300
2024-06-10,6.650000095367432,6.78000020980835,6.25,6.679999828338623,518700
2024-06-11,6.619999885559082,6.679999828338623,6.510000228881836,6.590000152587891,421700
2024-06-12,6.820000171661377,6.949999809265137,6.639999866485596,6.670000076293945,641900
2024-06-13,6.639999866485596,6.639999866485596,6.369999885559082,6.539999961853027,566300
2024-06-14,6.429999828338623,6.5,6.300000190734863,6.400000095367432,491000
2024-06-17,6.409999847412109,6.650000095367432,6.369999885559082,6.610000133514404,304500
2024-06-18,6.590000152587891,6.679999828338623,6.46999979019165,6.480000019073486,391400
2024-06-20,6.449999809265137,6.590000152587891,6.360000133514404,6.440000057220459,329100
2024-06-21,6.630000114440918,6.639999866485596,6.480000019073486,6.489999771118164,706200
2024-06-24,6.510000228881836,6.679999828338623,6.409999847412109,6.670000076293945,411800
2024-06-25,6.579999923706055,6.659999847412109,6.519999980926514,6.599999904632568,324800
2024-06-26,6.559999942779541,6.679999828338623,6.46999979019165,6.599999904632568,381300
2024-06-27,6.650000095367432,6.760000228881836,6.539999961853027,6.75,332700
2024-06-28,6.820000171661377,7.0,6.739999771118164,6.820000171661377,1919100
2024-07-01,6.809999942779541,6.900000095367432,6.659999847412109,6.679999828338623,380000
2024-07-02,6.690000057220459,6.829999923706055,6.670000076293945,6.820000171661377,270600
2024-07-03,6.840000152587891,7.010000228881836,6.840000152587891,6.900000095367432,240900
2024-07-05,6.849999904632568,6.880000114440918,6.760000228881836,6.840000152587891,425400
2024-07-08,6.949999809265137,7.010000228881836,6.849999904632568,6.96999979019165,354700
2024-07-09,6.989999771118164,7.059999942779541,6.940000057220459,7.050000190734863,284000
2024-07-10,7.079999923706055,7.159999847412109,6.960000038146973,6.989999771118164,346200
2024-07-11,7.150000095367432,7.25,7.059999942779541,7.119999885559082,610700
2024-07-12,7.21999979019165,7.239999771118164,7.090000152587891,7.110000133514404,379700
2024-07-15,7.139999866485596,7.199999809265137,7.070000171661377,7.139999866485596,501000
2024-07-16,7.199999809265137,7.210000038146973,7.090000152587891,7.179999828338623,558300
2024-07-17,7.150000095367432,7.179999828338623,6.980000019073486,6.989999771118164,413400
2024-07-18,6.940000057220459,7.130000114440918,6.75,6.75,676300
2024-07-19,6.769999980926514,6.800000190734863,6.659999847412109,6.710000038146973,373200
2024-07-22,6.739999771118164,7.070000171661377,6.679999828338623,7.050000190734863,437200
2024-07-23,7.03000020980835,7.230000019073486,6.989999771118164,7.170000076293945,443500
2024-07-24,7.159999847412109,7.179999828338623,6.769999980926514,6.789999961853027,481800
2024-07-25,6.869999885559082,6.869999885559082,6.690000057220459,6.71999979019165,490000
2024-07-26,6.860000133514404,6.949999809265137,6.710000038146973,6.929999828338623,593200
2024-07-29,6.960000038146973,6.96999979019165,6.630000114440918,6.699999809265137,547900
2024-07-30,6.710000038146973,6.840000152587891,6.650000095367432,6.710000038146973,819000
2024-07-31,6.769999980926514,6.849999904632568,6.579999923706055,6.679999828338623,1096700
2024-08-01,6.699999809265137,6.940000057220459,6.170000076293945,6.309999942779541,1060800
2024-08-02,6.03000020980835,6.179999828338623,5.710000038146973,6.150000095367432,1012500
2024-08-05,5.760000228881836,6.170000076293945,5.710000038146973,6.019999980926514,819700
2024-08-06,6.010000228881836,6.199999809265137,6.0,6.059999942779541,701300
2024-08-07,6.170000076293945,6.260000228881836,5.980000019073486,6.079999923706055,632700
2024-08-08,6.079999923706055,6.260000228881836,6.050000190734863,6.260000228881836,359000
2024-08-09,6.230000019073486,6.320000171661377,6.170000076293945,6.269999980926514,334400
2024-08-12,6.309999942779541,6.329999923706055,6.170000076293945,6.239999771118164,326400
2024-08-13,6.320000171661377,6.489999771118164,6.320000171661377,6.460000038146973,311300
2024-08-14,6.489999771118164,6.679999828338623,6.360000133514404,6.449999809265137,561800
2024-08-15,6.619999885559082,6.670000076293945,6.329999923706055,6.440000057220459,754500
2024-08-16,6.429999828338623,6.480000019073486,6.210000038146973,6.380000114440918,870200
2024-08-19,6.400000095367432,6.699999809265137,6.389999866485596,6.639999866485596,871100
2024-08-20,6.610000133514404,6.699999809265137,6.53000020980835,6.690000057220459,398400
2024-08-21,6.739999771118164,6.940000057220459,6.650000095367432,6.920000076293945,408700
2024-08-22,6.949999809265137,6.989999771118164,6.900000095367432,6.920000076293945,302400
2024-08-23,6.989999771118164,7.230000019073486,6.980000019073486,7.179999828338623,496400
2024-08-26,7.230000019073486,7.320000171661377,7.139999866485596,7.210000038146973,539500
2024-08-27,7.199999809265137,7.239999771118164,7.119999885559082,7.210000038146973,378400
2024-08-28,7.190000057220459,7.289999961853027,7.059999942779541,7.139999866485596,369700
2024-08-29,7.230000019073486,7.239999771118164,7.010000228881836,7.010000228881836,323500
2024-08-30,7.070000171661377,7.210000038146973,7.070000171661377,7.190000057220459,417500
2024-09-03,7.070000171661377,7.159999847412109,6.929999828338623,6.940000057220459,407100
2024-09-04,6.949999809265137,7.050000190734863,6.869999885559082,6.949999809265137,324100
2024-09-05,6.949999809265137,7.079999923706055,6.920000076293945,7.039999961853027,583500
2024-09-06,7.050000190734863,7.079999923706055,6.690000057220459,6.710000038146973,283900
2024-09-09,6.710000038146973,6.769999980926514,6.610000133514404,6.659999847412109,299400
2024-09-10,6.659999847412109,6.829999923706055,6.630000114440918,6.820000171661377,322500
2024-09-11,6.829999923706055,6.940000057220459,6.75,6.900000095367432,312100
2024-09-12,6.980000019073486,7.090000152587891,6.920000076293945,7.050000190734863,515700
2024-09-13,7.070000171661377,7.300000190734863,7.050000190734863,7.25,547700
2024-09-16,7.300000190734863,7.329999923706055,7.170000076293945,7.25,527300
2024-09-17,7.320000171661377,7.389999866485596,7.25,7.369999885559082,672600
2024-09-18,7.389999866485596,7.480000019073486,6.650000095367432,7.329999923706055,651400
2024-09-19,7.389999866485596,7.5,7.21999979019165,7.320000171661377,672700
2024-09-20,7.25,7.369999885559082,7.210000038146973,7.21999979019165,1871600
2024-09-23,7.269999980926514,7.28000020980835,7.010000228881836,7.019999980926514,350700
2024-09-24,7.03000020980835,7.159999847412109,6.940000057220459,7.159999847412109,401400
2024-09-25,7.170000076293945,7.199999809265137,7.039999961853027,7.050000190734863,521300
2024-09-26,7.150000095367432,7.150000095367432,7.019999980926514,7.099999904632568,238500
2024-09-27,7.150000095367432,7.210000038146973,7.090000152587891,7.130000114440918,228300
2024-09-30,7.079999923706055,7.119999885559082,6.949999809265137,7.019999980926514,339700
2024-10-01,7.019999980926514,7.119999885559082,6.940000057220459,7.110000133514404,362700
2024-10-02,7.079999923706055,7.269999980926514,7.079999923706055,7.139999866485596,368100
2024-10-03,7.139999866485596,7.210000038146973,7.059999942779541,7.119999885559082,378900
2024-10-04,7.199999809265137,7.300000190734863,7.159999847412109,7.210000038146973,472300
2024-10-07,7.190000057220459,7.190000057220459,6.78000020980835,6.840000152587891,474400
2024-10-08,6.840000152587891,7.019999980926514,6.809999942779541,6.989999771118164,437900
2024-10-09,6.989999771118164,7.159999847412109,6.989999771118164,7.150000095367432,340300
2024-10-10,7.059999942779541,7.139999866485596,6.900000095367432,6.989999771118164,304200
2024-10-11,6.989999771118164,7.059999942779541,6.880000114440918,6.889999866485596,321100
2024-10-14,6.880000114440918,6.889999866485596,6.690000057220459,6.789999961853027,345400
2024-10-15,6.789999961853027,6.829999923706055,6.670000076293945,6.679999828338623,427700
2024-10-16,6.710000038146973,6.849999904632568,6.690000057220459,6.849999904632568,421100
2024-10-17,6.860000133514404,7.03000020980835,6.690000057220459,7.019999980926514,386200
2024-10-18,7.039999961853027,7.099999904632568,6.849999904632568,6.860000133514404,384300
2024-10-21,6.78000020980835,6.889999866485596,6.599999904632568,6.599999904632568,352600
2024-10-22,6.579999923706055,6.659999847412109,6.409999847412109,6.429999828338623,448400
2024-10-23,6.369999885559082,6.380000114440918,6.150000095367432,6.25,361800
2024-10-24,6.260000228881836,6.260000228881836,6.099999904632568,6.179999828338623,452800
2024-10-25,6.25,6.360000133514404,6.130000114440918,6.150000095367432,313900
2024-10-28,6.199999809265137,6.460000038146973,6.199999809265137,6.269999980926514,397500
2024-10-29,6.260000228881836,6.369999885559082,6.230000019073486,6.349999904632568,453800
2024-10-30,6.340000152587891,6.46999979019165,6.320000171661377,6.449999809265137,537500
2024-10-31,6.480000019073486,6.610000133514404,6.199999809265137,6.210000038146973,379900
2024-11-01,6.289999961853027,6.510000228881836,6.269999980926514,6.5,391100
2024-11-04,6.5,6.710000038146973,6.480000019073486,6.590000152587891,465300
2024-11-05,6.579999923706055,6.800000190734863,6.579999923706055,6.760000228881836,463700
2024-11-06,6.820000171661377,7.159999847412109,6.820000171661377,7.119999885559082,1161600
2024-11-07,7.199999809265137,7.329999923706055,6.710000038146973,7.329999923706055,1160100
2024-11-08,7.349999904632568,7.920000076293945,7.21999979019165,7.849999904632568,1609400
2024-11-11,7.900000095367432,7.989999771118164,7.670000076293945,7.820000171661377,1067800
2024-11-12,7.849999904632568,7.900000095367432,7.579999923706055,7.670000076293945,535900
2024-11-13,7.739999771118164,7.800000190734863,7.630000114440918,7.670000076293945,565800
2024-11-14,7.699999809265137,7.829999923706055,7.389999866485596,7.460000038146973,537900
2024-11-15,7.389999866485596,7.510000228881836,7.269999980926514,7.300000190734863,463600
2024-11-18,7.329999923706055,7.639999866485596,7.300000190734863,7.429999828338623,514500
2024-11-19,7.380000114440918,7.510000228881836,7.260000228881836,7.460000038146973,371800
2024-11-20,7.460000038146973,7.599999904632568,7.429999828338623,7.599999904632568,477900
2024-11-21,7.630000114440918,7.900000095367432,7.610000133514404,7.860000133514404,583400
2024-11-22,7.900000095367432,7.900000095367432,7.789999961853027,7.820000171661377,377400
2024-11-25,7.920000076293945,8.039999961853027,7.869999885559082,7.920000076293945,560600
2024-11-26,7.900000095367432,8.15999984741211,7.690000057220459,8.09000015258789,546500
2024-11-27,8.0,8.050000190734863,7.869999885559082,7.909999847412109,302000
2024-11-29,7.989999771118164,8.0,7.849999904632568,7.860000133514404,275300
2024-12-02,7.849999904632568,8.180000305175781,7.71999979019165,8.100000381469727,535800
2024-12-03,8.09000015258789,8.109999656677246,7.989999771118164,8.039999961853027,511500
2024-12-04,8.039999961853027,8.039999961853027,7.880000114440918,7.940000057220459,270000
2024-12-05,7.920000076293945,7.960000038146973,7.849999904632568,7.880000114440918,565900
2024-12-06,7.920000076293945,7.929999828338623,7.550000190734863,7.619999885559082,396900
2024-12-09,7.699999809265137,7.699999809265137,7.420000076293945,7.460000038146973,311900
2024-12-10,7.429999828338623,7.570000171661377,7.349999904632568,7.5,554000
2024-12-11,7.590000152587891,7.659999847412109,7.320000171661377,7.53000020980835,491700
2024-12-12,7.53000020980835,7.599999904632568,7.329999923706055,7.340000152587891,305300
2024-12-13,7.340000152587891,7.400000095367432,7.190000057220459,7.289999961853027,591600
2024-12-16,7.309999942779541,7.380000114440918,7.110000133514404,7.199999809265137,332400
2024-12-17,7.170000076293945,7.28000020980835,7.010000228881836,7.150000095367432,323800
2024-12-18,7.210000038146973,7.400000095367432,6.880000114440918,6.940000057220459,507400
2024-12-19,7.039999961853027,7.239999771118164,6.840000152587891,6.880000114440918,308700
2024-12-20,6.789999961853027,6.949999809265137,6.730000019073486,6.820000171661377,621500
2024-12-23,6.800000190734863,6.829999923706055,6.650000095367432,6.670000076293945,257700
2024-12-24,6.679999828338623,6.699999809265137,6.619999885559082,6.679999828338623,84100
2024-12-26,6.639999866485596,6.829999923706055,6.610000133514404,6.78000020980835,195400
2024-12-27,6.730000019073486,6.760000228881836,6.539999961853027,6.639999866485596,309100
2024-12-30,6.650000095367432,6.699999809265137,6.53000020980835,6.599999904632568,264200
2024-12-31,6.610000133514404,6.690000057220459,6.539999961853027,6.579999923706055,285700
2025-01-02,6.639999866485596,6.679999828338623,6.389999866485596,6.46999979019165,273600
2025-01-03,6.480000019073486,6.550000190734863,6.420000076293945,6.5,214500
2025-01-06,6.5,6.570000171661377,6.389999866485596,6.409999847412109,350600
2025-01-07,6.400000095367432,6.449999809265137,6.090000152587891,6.179999828338623,610000
2025-01-08,6.190000057220459,6.300000190734863,6.099999904632568,6.210000038146973,300700
2025-01-10,6.079999923706055,6.150000095367432,5.809999942779541,5.940000057220459,377400
2025-01-13,5.840000152587891,6.050000190734863,5.840000152587891,6.010000228881836,352000
2025-01-14,6.090000152587891,6.21999979019165,5.96999979019165,6.110000133514404,364200
2025-01-15,6.309999942779541,6.5,6.179999828338623,6.400000095367432,553800
2025-01-16,6.449999809265137,6.550000190734863,6.269999980926514,6.320000171661377,328100
2025-01-17,6.409999847412109,6.610000133514404,6.400000095367432,6.53000020980835,350600
2025-01-21,6.590000152587891,6.690000057220459,6.519999980926514,6.630000114440918,281800
2025-01-22,6.670000076293945,6.690000057220459,6.579999923706055,6.610000133514404,352800
2025-01-23,6.570000171661377,6.619999885559082,6.489999771118164,6.519999980926514,217700
2025-01-24,6.480000019073486,6.599999904632568,6.480000019073486,6.510000228881836,167800
2025-01-27,6.460000038146973,6.690000057220459,6.380000114440918,6.630000114440918,263400
2025-01-28,6.630000114440918,6.630000114440918,6.349999904632568,6.400000095367432,274200
2025-01-29,6.349999904632568,6.579999923706055,6.329999923706055,6.53000020980835,299200
2025-01-30,6.579999923706055,6.630000114440918,6.380000114440918,6.400000095367432,207000
2025-01-31,6.400000095367432,6.5,6.230000019073486,6.239999771118164,302000
2025-02-03,6.099999904632568,6.289999961853027,6.039999961853027,6.239999771118164,276200
2025-02-04,6.239999771118164,6.380000114440918,6.21999979019165,6.360000133514404,249300
2025-02-05,6.389999866485596,6.449999809265137,6.239999771118164,6.300000190734863,241100
2025-02-06,6.349999904632568,6.460000038146973,6.260000228881836,6.369999885559082,186300
2025-02-07,6.349999904632568,6.409999847412109,6.239999771118164,6.329999923706055,223600
2025-02-10,6.380000114440918,6.449999809265137,6.28000020980835,6.289999961853027,200900
2025-02-11,6.230000019073486,6.389999866485596,6.230000019073486,6.389999866485596,243400
2025-02-12,6.269999980926514,6.289999961853027,6.119999885559082,6.239999771118164,197600
2025-02-13,6.340000152587891,6.820000171661377,6.300000190734863,6.75,680300
2025-02-14,6.71999979019165,6.760000228881836,6.489999771118164,6.5,315100
2025-02-18,6.570000171661377,6.579999923706055,6.409999847412109,6.440000057220459,417000
2025-02-19,6.340000152587891,6.340000152587891,6.130000114440918,6.210000038146973,317800
2025-02-20,6.170000076293945,6.199999809265137,6.039999961853027,6.150000095367432,431300
2025-02-21,6.599999904632568,6.710000038146973,6.289999961853027,6.300000190734863,656000
2025-02-24,6.349999904632568,6.75,6.309999942779541,6.659999847412109,495700
2025-02-25,6.670000076293945,6.78000020980835,6.570000171661377,6.730000019073486,388800
2025-02-26,6.75,6.800000190734863,6.670000076293945,6.710000038146973,367800
2025-02-27,6.980000019073486,7.480000019073486,6.309999942779541,6.360000133514404,678300
2025-02-28,6.449999809265137,6.570000171661377,6.340000152587891,6.489999771118164,599800
2025-03-03,6.53000020980835,6.550000190734863,6.170000076293945,6.190000057220459,683300
2025-03-04,6.150000095367432,6.309999942779541,5.869999885559082,6.03000020980835,1110100
2025-03-05,6.03000020980835,6.28000020980835,6.019999980926514,6.230000019073486,730300
2025-03-06,6.170000076293945,6.21999979019165,6.059999942779541,6.179999828338623,605000
2025-03-07,6.170000076293945,6.260000228881836,6.039999961853027,6.230000019073486,441300
2025-03-10,6.21999979019165,6.400000095367432,6.070000171661377,6.110000133514404,525200
2025-03-11,6.110000133514404,6.170000076293945,5.960000038146973,5.96999979019165,589600
2025-03-12,5.96999979019165,6.03000020980835,5.909999847412109,5.960000038146973,885300
2025-03-13,5.96999979019165,6.179999828338623,5.940000057220459,5.940000057220459,436700
2025-03-14,5.989999771118164,6.110000133514404,5.940000057220459,5.989999771118164,655300
2025-03-17,6.0,6.090000152587891,5.949999809265137,6.019999980926514,716100
2025-03-18,6.0,6.090000152587891,5.960000038146973,6.090000152587891,548400
2025-03-19,6.070000171661377,6.21999979019165,6.010000228881836,6.119999885559082,463500
2025-03-20,6.070000171661377,6.170000076293945,6.050000190734863,6.099999904632568,534100
2025-03-21,6.050000190734863,6.25,6.039999961853027,6.099999904632568,889300
2025-03-24,6.150000095367432,6.380000114440918,6.150000095367432,6.300000190734863,1040600
2025-03-25,6.28000020980835,6.309999942779541,6.170000076293945,6.210000038146973,503500
2025-03-26,6.199999809265137,6.389999866485596,6.110000133514404,6.179999828338623,423400
2025-03-27,6.190000057220459,6.309999942779541,5.980000019073486,6.050000190734863,476600
2025-03-28,6.070000171661377,6.099999904632568,5.880000114440918,5.929999828338623,490800
2025-03-31,5.880000114440918,6.110000133514404,5.860000133514404,6.050000190734863,564900
2025-04-01,5.989999771118164,6.059999942779541,5.940000057220459,5.989999771118164,516600
2025-04-02,5.889999866485596,6.130000114440918,5.860000133514404,6.019999980926514,940200
2025-04-03,5.800000190734863,5.840000152587891,5.409999847412109,5.630000114440918,577400
2025-04-04,5.369999885559082,5.480000019073486,5.260000228881836,5.329999923706055,1030000
2025-04-07,5.119999885559082,5.440000057220459,4.960000038146973,5.070000171661377,1083300
2025-04-08,5.239999771118164,5.329999923706055,4.789999961853027,4.840000152587891,921000
2025-04-09,4.75,5.510000228881836,4.75,5.349999904632568,1253900
2025-04-10,5.210000038146973,5.340000152587891,5.03000020980835,5.119999885559082,848700
2025-04-11,5.079999923706055,5.190000057220459,4.989999771118164,5.179999828338623,862400
2025-04-14,5.28000020980835,5.429999828338623,5.21999979019165,5.28000020980835,740400
2025-04-15,5.28000020980835,5.460000038146973,5.21999979019165,5.420000076293945,687700
2025-04-16,5.400000095367432,5.5,5.179999828338623,5.260000228881836,642800
2025-04-17,5.28000020980835,5.510000228881836,5.260000228881836,5.429999828338623,734300
2025-04-21,5.349999904632568,5.360000133514404,5.159999847412109,5.21999979019165,615900
2025-04-22,5.309999942779541,5.510000228881836,5.309999942779541,5.489999771118164,643700
2025-04-23,5.630000114440918,5.730000019073486,5.389999866485596,5.460000038146973,782100
2025-04-24,5.460000038146973,5.599999904632568,5.429999828338623,5.590000152587891,591600
2025-04-25,5.53000020980835,5.619999885559082,5.460000038146973,5.579999923706055,503200
2025-04-28,5.570000171661377,5.699999809265137,5.539999961853027,5.599999904632568,616300
2025-04-29,5.559999942779541,5.690000057220459,5.53000020980835,5.659999847412109,582100
2025-04-30,5.550000190734863,5.630000114440918,5.460000038146973,5.579999923706055,592400
2025-05-01,5.579999923706055,5.670000076293945,5.489999771118164,5.5,593600
2025-05-02,5.559999942779541,5.71999979019165,5.559999942779541,5.619999885559082,655400
2025-05-05,5.519999980926514,5.78000020980835,5.440000057220459,5.730000019073486,1029900
2025-05-06,5.630000114440918,5.900000095367432,5.590000152587891,5.869999885559082,1150900
2025-05-07,5.880000114440918,5.960000038146973,5.710000038146973,5.809999942779541,1056200
2025-05-08,5.449999809265137,5.630000114440918,4.769999980926514,5.0,1698200
2025-05-09,4.960000038146973,4.960000038146973,4.690000057220459,4.869999885559082,2638100
2025-05-12,5.079999923706055,5.369999885559082,5.079999923706055,5.21999979019165,1705600
2025-05-13,5.239999771118164,5.440000057220459,5.199999809265137,5.409999847412109,1323700
2025-05-14,5.539999961853027,5.659999847412109,5.340000152587891,5.349999904632568,1292200
2025-05-15,5.340000152587891,5.409999847412109,5.25,5.269999980926514,999900
2025-05-16,5.269999980926514,5.409999847412109,5.230000019073486,5.300000190734863,1297600
2025-05-19,5.489999771118164,5.489999771118164,5.170000076293945,5.190000057220459,973700
2025-05-20,5.190000057220459,5.199999809265137,5.010000228881836,5.019999980926514,1058300
2025-05-21,4.96999979019165,4.989999771118164,4.679999828338623,4.730000019073486,1497200
2025-05-22,4.75,4.860000133514404,4.71999979019165,4.760000228881836,944600
2025-05-23,4.75,4.789999961853027,4.659999847412109,4.710000038146973,1148000
2025-05-27,4.78000020980835,5.079999923706055,4.78000020980835,4.960000038146973,1836300
2025-05-28,4.929999828338623,4.980000019073486,4.829999923706055,4.860000133514404,1436400
2025-05-29,4.869999885559082,4.889999866485596,4.71999979019165,4.840000152587891,1523400
2025-05-30,4.789999961853027,4.869999885559082,4.449999809265137,4.460000038146973,2102800
2025-06-02,4.409999847412109,4.460000038146973,4.070000171661377,4.159999847412109,2655300
2025-06-03,4.150000095367432,4.260000228881836,4.03000020980835,4.190000057220459,1783700
2025-06-04,4.239999771118164,4.360000133514404,4.150000095367432,4.269999980926514,6849300
2025-06-05,4.429999828338623,4.510000228881836,4.239999771118164,4.289999961853027,2707400
2025-06-06,4.349999904632568,4.539999961853027,4.349999904632568,4.489999771118164,1853700
2025-06-09,4.619999885559082,4.679999828338623,4.53000020980835,4.550000190734863,1562800
2025-06-10,4.53000020980835,4.829999923706055,4.53000020980835,4.789999961853027,2654500
2025-06-11,4.829999923706055,5.050000190734863,4.820000171661377,5.0,2125100
2025-06-12,4.909999847412109,5.03000020980835,4.800000190734863,4.829999923706055,1660000
2025-06-13,4.739999771118164,4.809999942779541,4.349999904632568,4.380000114440918,1561800
2025-06-16,4.5,4.630000114440918,4.449999809265137,4.5,1149400
2025-06-17,4.400000095367432,4.510000228881836,4.329999923706055,4.369999885559082,1064400
2025-06-18,4.349999904632568,4.389999866485596,4.28000020980835,4.300000190734863,1168600
2025-06-20,4.409999847412109,4.510000228881836,4.360000133514404,4.449999809265137,2045200
2025-06-23,4.449999809265137,4.570000171661377,4.300000190734863,4.429999828338623,1173300
2025-06-24,4.489999771118164,4.510000228881836,4.329999923706055,4.489999771118164,998400
2025-06-25,4.46999979019165,4.46999979019165,4.289999961853027,4.289999961853027,1023700
2025-06-26,4.309999942779541,4.480000019073486,4.289999961853027,4.480000019073486,1045100
2025-06-27,4.480000019073486,4.550000190734863,4.409999847412109,4.46999979019165,5636700
2025-06-30,4.480000019073486,4.590000152587891,4.460000038146973,4.5,1077700
2025-07-01,4.460000038146973,4.670000076293945,4.460000038146973,4.570000171661377,1181900
2025-07-02,4.559999942779541,4.639999866485596,4.5,4.559999942779541,1351700
2025-07-03,4.590000152587891,4.670000076293945,4.480000019073486,4.559999942779541,1488200
2025-07-07,4.539999961853027,4.599999904632568,4.510000228881836,4.53000020980835,1092100
2025-07-08,4.519999980926514,4.639999866485596,4.519999980926514,4.570000171661377,1042200
2025-07-09,4.559999942779541,4.71999979019165,4.539999961853027,4.610000133514404,2129600
2025-07-10,4.590000152587891,4.71999979019165,4.559999942779541,4.670000076293945,880200
2025-07-11,4.619999885559082,4.679999828338623,4.610000133514404,4.650000095367432,1253600
2025-07-14,4.650000095367432,4.75,4.510000228881836,4.679999828338623,1607100
2025-07-15,4.710000038146973,4.789999961853027,4.659999847412109,4.679999828338623,1677100
2025-07-16,4.710000038146973,4.909999847412109,4.710000038146973,4.900000095367432,2809400
2025-07-17,4.929999828338623,5.139999866485596,4.929999828338623,5.079999923706055,1155200
2025-07-18,5.099999904632568,5.110000133514404,4.920000076293945,4.929999828338623,1805800
2025-07-21,4.940000057220459,5.059999942779541,4.840000152587891,4.849999904632568,1259700
2025-07-22,4.900000095367432,5.059999942779541,4.900000095367432,5.050000190734863,1527100
2025-07-23,5.099999904632568,5.25,5.039999961853027,5.239999771118164,1364000
2025-07-24,5.230000019073486,5.320000171661377,5.190000057220459,5.210000038146973,1025500
2025-07-25,5.210000038146973,5.400000095367432,5.150000095367432,5.400000095367432,773900
2025-07-28,5.340000152587891,5.489999771118164,5.340000152587891,5.46999979019165,965000
2025-07-29,5.510000228881836,5.559999942779541,5.190000057220459,5.289999961853027,1579500
2025-07-30,5.269999980926514,5.369999885559082,5.119999885559082,5.159999847412109,2323400
2025-07-31,5.579999923706055,6.050000190734863,5.260000228881836,5.730000019073486,2615400
2025-08-01,5.670000076293945,5.670000076293945,5.320000171661377,5.579999923706055,2910600
2025-08-04,5.599999904632568,5.820000171661377,5.53000020980835,5.619999885559082,1857700
2025-08-05,5.659999847412109,5.710000038146973,5.570000171661377,5.650000095367432,1666000
2025-08-06,5.670000076293945,5.769999980926514,5.610000133514404,5.659999847412109,707800
2025-08-07,5.690000057220459,5.78000020980835,5.599999904632568,5.630000114440918,1140400
2025-08-08,5.610000133514404,5.650000095367432,5.329999923706055,5.389999866485596,1258000
2025-08-11,5.429999828338623,5.559999942779541,5.389999866485596,5.449999809265137,1180400
2025-08-12,5.5,5.690000057220459,5.5,5.539999961853027,928500
2025-08-13,5.579999923706055,5.730000019073486,5.579999923706055,5.679999828338623,1329400
2025-08-14,5.610000133514404,5.679999828338623,5.5,5.53000020980835,816700
2025-08-15,5.579999923706055,5.710000038146973,5.53000020980835,5.559999942779541,887300
2025-08-18,5.579999923706055,5.800000190734863,5.570000171661377,5.760000228881836,761600
2025-08-19,5.760000228881836,5.869999885559082,5.650000095367432,5.730000019073486,1320400
2025-08-20,5.739999771118164,5.75,5.46999979019165,5.46999979019165,789800
2025-08-21,5.409999847412109,5.659999847412109,5.400000095367432,5.53000020980835,1581600
2025-08-22,5.539999961853027,5.789999961853027,5.539999961853027,5.75,1644500
2025-08-25,5.710000038146973,5.78000020980835,5.590000152587891,5.610000133514404,1446300
2025-08-26,5.579999923706055,5.690000057220459,5.570000171661377,5.599999904632568,993200
2025-08-27,5.559999942779541,5.619999885559082,5.449999809265137,5.579999923706055,787700
2025-08-28,5.610000133514404,5.699999809265137,5.5,5.539999961853027,516500
2025-08-29,5.579999923706055,5.639999866485596,5.510000228881836,5.639999866485596,653900
2025-09-02,5.639999866485596,5.650000095367432,5.429999828338623,5.590000152587891,828500
2025-09-03,5.579999923706055,5.690000057220459,5.550000190734863,5.670000076293945,603400
2025-09-04,5.71999979019165,5.739999771118164,5.519999980926514,5.519999980926514,767100
2025-09-05,5.550000190734863,5.659999847412109,5.480000019073486,5.570000171661377,864100
2025-09-08,5.579999923706055,5.590000152587891,5.440000057220459,5.53000020980835,739900
2025-09-09,5.53000020980835,5.539999961853027,5.429999828338623,5.46999979019165,667900
2025-09-10,5.429999828338623,5.489999771118164,5.329999923706055,5.389999866485596,762500
2025-09-11,5.389999866485596,5.619999885559082,5.369999885559082,5.570000171661377,857700
2025-09-12,5.53000020980835,5.550000190734863,5.199999809265137,5.230000019073486,2438900
2025-09-15,5.230000019073486,5.329999923706055,5.119999885559082,5.309999942779541,1479400
2025-09-16,5.300000190734863,5.309999942779541,5.130000114440918,5.25,1533200
2025-09-17,5.25,5.449999809265137,5.210000038146973,5.210000038146973,1029600
2025-09-18,5.349999904632568,5.369999885559082,5.210000038146973,5.300000190734863,985800
2025-09-19,5.300000190734863,5.360000133514404,5.070000171661377,5.090000152587891,2888000
2025-09-22,5.110000133514404,5.389999866485596,5.090000152587891,5.380000114440918,1874500
2025-09-23,5.389999866485596,5.519999980926514,5.369999885559082,5.389999866485596,1022700
2025-09-24,5.400000095367432,5.480000019073486,5.400000095367432,5.420000076293945,952700
2025-09-25,5.320000171661377,5.409999847412109,5.300000190734863,5.320000171661377,706400
2025-09-26,5.300000190734863,5.510000228881836,5.300000190734863,5.409999847412109,1058800
2025-09-29,5.409999847412109,5.550000190734863,5.320000171661377,5.46999979019165,846500
2025-09-30,5.460000038146973,5.639999866485596,5.449999809265137,5.630000114440918,921500
2025-10-01,5.579999923706055,5.619999885559082,5.440000057220459,5.46999979019165,976900
2025-10-02,5.440000057220459,5.5,5.260000228881836,5.28000020980835,953100
2025-10-03,5.309999942779541,5.550000190734863,5.269999980926514,5.460000038146973,910800
2025-10-06,5.449999809265137,5.590000152587891,5.389999866485596,5.480000019073486,758500
2025-10-07,5.53000020980835,5.590000152587891,5.420000076293945,5.429999828338623,972200
2025-10-08,5.429999828338623,5.510000228881836,5.380000114440918,5.5,566100
2025-10-09,5.519999980926514,5.550000190734863,5.170000076293945,5.199999809265137,1982700
2025-10-10,5.190000057220459,5.28000020980835,4.96999979019165,5.019999980926514,1485800
2025-10-13,5.099999904632568,5.150000095367432,4.96999979019165,5.050000190734863,1057600
2025-10-14,4.929999828338623,5.210000038146973,4.929999828338623,5.190000057220459,1148100
2025-10-15,5.230000019073486,5.300000190734863,5.150000095367432,5.190000057220459,1109100
2025-10-16,5.190000057220459,5.309999942779541,5.090000152587891,5.130000114440918,1504800
2025-10-17,5.079999923706055,5.199999809265137,5.039999961853027,5.130000114440918,868500
2025-10-20,5.199999809265137,5.289999961853027,5.199999809265137,5.239999771118164,612500
2025-10-21,5.239999771118164,5.46999979019165,5.21999979019165,5.420000076293945,1273900
2025-10-22,5.389999866485596,5.489999771118164,5.300000190734863,5.349999904632568,834200
2025-10-23,5.329999923706055,5.389999866485596,4.900000095367432,4.909999847412109,2123500
2025-10-24,4.949999809265137,5.150000095367432,4.949999809265137,5.110000133514404,1369200
2025-10-27,5.150000095367432,5.199999809265137,4.909999847412109,4.929999828338623,1356300
2025-10-28,4.909999847412109,4.920000076293945,4.800000190734863,4.809999942779541,854700
2025-10-29,4.78000020980835,4.860000133514404,4.679999828338623,4.75,1037000
2025-10-30,4.75,4.820000171661377,4.630000114440918,4.670000076293945,1035600
2025-10-31,4.650000095367432,4.760000228881836,4.639999866485596,4.75,878200
2025-11-03,4.739999771118164,4.800000190734863,4.630000114440918,4.75,1029700
2025-11-04,4.650000095367432,4.800000190734863,4.650000095367432,4.71999979019165,1093800
2025-11-05,4.71999979019165,4.889999866485596,4.71999979019165,4.809999942779541,1402700
2025-11-06,6.690000057220459,6.889999866485596,5.570000171661377,5.619999885559082,72476200
2025-11-07,5.300000190734863,5.360000133514404,4.75,4.820000171661377,4803200
2025-11-10,4.889999866485596,5.059999942779541,4.659999847412109,4.769999980926514,2339900
2025-11-11,4.739999771118164,5.039999961853027,4.71999979019165,5.019999980926514,1982000
2025-11-12,5.019999980926514,5.199999809265137,4.989999771118164,5.159999847412109,2025700
2025-11-13,5.139999866485596,5.199999809265137,4.820000171661377,4.840000152587891,1479400
2025-11-14,4.710000038146973,4.869999885559082,4.699999809265137,4.789999961853027,1632300
2025-11-17,4.889999866485596,5.079999923706055,4.840000152587891,5.03000020980835,1566000
2025-11-18,4.96999979019165,5.150000095367432,4.900000095367432,5.079999923706055,1607700
2025-11-19,5.079999923706055,5.28000020980835,5.010000228881836,5.170000076293945,1301400
2025-11-20,5.190000057220459,5.340000152587891,5.110000133514404,5.159999847412109,1275400
2025-11-21,5.199999809265137,5.46999979019165,5.190000057220459,5.340000152587891,2759600
2025-11-24,5.309999942779541,5.579999923706055,5.25,5.489999771118164,2383000
2025-11-25,5.550000190734863,5.559999942779541,5.409999847412109,5.429999828338623,1319300
2025-11-26,5.389999866485596,5.460000038146973,5.349999904632568,5.369999885559082,939700
2025-11-28,5.380000114440918,5.400000095367432,5.300000190734863,5.360000133514404,452700
2025-12-01,5.289999961853027,5.440000057220459,5.260000228881836,5.300000190734863,1008300
2025-12-02,5.309999942779541,5.380000114440918,5.190000057220459,5.349999904632568,1289100
2025-12-03,5.309999942779541,5.349999904632568,5.260000228881836,5.329999923706055,789300
2025-12-04,5.320000171661377,5.619999885559082,5.309999942779541,5.619999885559082,1896800
2025-12-05,5.610000133514404,5.769999980926514,5.559999942779541,5.739999771118164,1871900
2025-12-08,5.730000019073486,5.789999961853027,5.579999923706055,5.610000133514404,1675400
2025-12-09,5.559999942779541,5.739999771118164,5.510000228881836,5.71999979019165,1075600
2025-12-10,5.71999979019165,5.849999904632568,5.699999809265137,5.829999923706055,1545800
2025-12-11,5.829999923706055,6.0,5.789999961853027,5.949999809265137,2189600
2025-12-12,5.889999866485596,5.920000076293945,5.590000152587891,5.619999885559082,1436100
2025-12-15,5.659999847412109,5.670000076293945,5.519999980926514,5.559999942779541,1538500
2025-12-16,5.559999942779541,5.610000133514404,5.480000019073486,5.519999980926514,1561500
2025-12-17,5.519999980926514,5.519999980926514,5.309999942779541,5.309999942779541,1468300
2025-12-18,5.340000152587891,5.420000076293945,5.300000190734863,5.300000190734863,980900
2025-12-19,5.269999980926514,5.300000190734863,5.110000133514404,5.179999828338623,2370800
2025-12-22,5.190000057220459,5.210000038146973,5.070000171661377,5.099999904632568,1304500
2025-12-23,5.079999923706055,5.099999904632568,4.949999809265137,5.0,947900
2025-12-24,5.0,5.019999980926514,4.920000076293945,5.0,397000
2025-12-26,5.0,5.010000228881836,4.960000038146973,4.980000019073486,599100
2025-12-29,4.940000057220459,5.050000190734863,4.929999828338623,4.989999771118164,813600
2025-12-30,4.949999809265137,5.039999961853027,4.940000057220459,4.96999979019165,1202400
2025-12-31,4.96999979019165,4.980000019073486,4.880000114440918,4.889999866485596,828800
2026-01-02,4.900000095367432,4.920000076293945,4.670000076293945,4.730000019073486,1133900
2026-01-05,4.739999771118164,4.989999771118164,4.730000019073486,4.909999847412109,1909400
2026-01-06,4.860000133514404,5.010000228881836,4.809999942779541,4.980000019073486,1356800
2026-01-07,4.980000019073486,5.050000190734863,4.829999923706055,4.840000152587891,804200
2026-01-08,4.800000190734863,4.989999771118164,4.800000190734863,4.900000095367432,1837300
2026-01-09,4.900000095367432,5.590000152587891,4.900000095367432,5.25,4554700
2026-01-12,5.150000095367432,5.710000038146973,5.070000171661377,5.559999942779541,2895900
2026-01-13,5.510000228881836,5.550000190734863,5.360000133514404,5.460000038146973,1098000
2026-01-14,5.460000038146973,5.659999847412109,5.389999866485596,5.590000152587891,1352700
2026-01-15,5.5,6.260000228881836,5.5,6.21999979019165,4701400
2026-01-16,6.170000076293945,6.639999866485596,6.099999904632568,6.559999942779541,3310700
2026-01-20,6.360000133514404,7.0,6.340000152587891,6.650000095367432,4403300
2026-01-21,6.710000038146973,7.0,6.639999866485596,6.789999961853027,2243500
2026-01-22,6.840000152587891,7.170000076293945,6.710000038146973,6.960000038146973,3249000
2026-01-23,6.949999809265137,6.96999979019165,6.610000133514404,6.639999866485596,1276800
2026-01-26,6.659999847412109,6.659999847412109,6.409999847412109,6.429999828338623,2157500
2026-01-27,6.420000076293945,6.420000076293945,6.070000171661377,6.179999828338623,1464200
2026-01-28,6.210000038146973,6.369999885559082,6.110000133514404,6.289999961853027,1473700
2026-01-29,6.309999942779541,6.309999942779541,5.940000057220459,6.070000171661377,1389300
2026-01-30,6.010000228881836,6.059999942779541,5.860000133514404,6.010000228881836,2111500
2026-02-02,6.0,6.230000019073486,6.0,6.070000171661377,1673500
2026-02-03,6.0,6.079999923706055,5.159999847412109,5.429999828338623,3430300
2026-02-04,5.360000133514404,5.400000095367432,5.090000152587891,5.159999847412109,1474500
2026-02-05,5.139999866485596,5.139999866485596,4.820000171661377,4.840000152587891,2051100
2026-02-06,4.860000133514404,5.429999828338623,4.699999809265137,5.179999828338623,3167700
2026-02-09,5.090000152587891,5.360000133514404,5.010000228881836,5.329999923706055,1805000
2026-02-10,5.360000133514404,5.590000152587891,5.340000152587891,5.440000057220459,1712900
2026-02-11,5.5,5.539999961853027,5.230000019073486,5.320000171661377,1702200
2026-02-12,5.380000114440918,5.409999847412109,4.880000114440918,4.949999809265137,1240000
2026-02-13,4.960000038146973,4.980000019073486,4.789999961853027,4.929999828338623,1638800
2026-02-17,4.929999828338623,4.960000038146973,4.699999809265137,4.739999771118164,932400
2026-02-18,4.739999771118164,4.929999828338623,4.639999866485596,4.789999961853027,1954500
2026-02-19,4.710000038146973,4.769999980926514,4.619999885559082,4.739999771118164,1320700
2026-02-20,4.699999809265137,4.820000171661377,4.599999904632568,4.630000114440918,927200
2026-02-23,4.599999904632568,4.639999866485596,4.309999942779541,4.400000095367432,1371900
2026-02-24,4.380000114440918,4.550000190734863,4.289999961853027,4.510000228881836,1008800
2026-02-25,4.5,4.550000190734863,4.349999904632568,4.539999961853027,783700
2026-02-26,4.539999961853027,4.860000133514404,4.53000020980835,4.849999904632568,1214000
2026-02-27,4.789999961853027,4.889999866485596,4.730000019073486,4.820000171661377,1291700
2026-03-02,4.809999942779541,4.849999904632568,4.570000171661377,4.820000171661377,2316100
2026-03-03,4.630000114440918,5.010000228881836,4.579999923706055,4.949999809265137,1814100
2026-03-04,4.96999979019165,5.289999961853027,4.900000095367432,5.179999828338623,2241800
2026-03-05,5.130000114440918,5.320000171661377,5.070000171661377,5.230000019073486,2380700
2026-03-06,5.039999961853027,5.320000171661377,4.96999979019165,5.239999771118164,2222500
2026-03-09,5.190000057220459,5.360000133514404,5.110000133514404,5.239999771118164,1907700
2026-03-10,6.460000038146973,6.559999942779541,5.75,6.159999847412109,6504900
2026-03-11,6.0,6.460000038146973,5.699999809265137,6.230000019073486,4176600
2026-03-12,6.079999923706055,6.380000114440918,6.079999923706055,6.269999980926514,2825700
2026-03-13,6.269999980926514,6.369999885559082,6.070000171661377,6.179999828338623,1976600
2026-03-16,6.179999828338623,6.179999828338623,5.869999885559082,5.980000019073486,2496600
2026-03-17,5.909999847412109,6.159999847412109,5.909999847412109,6.070000171661377,1963900
2026-03-18,6.0,6.25,6.0,6.150000095367432,1909700
2026-03-19,6.0,6.269999980926514,6.0,6.210000038146973,1352100
2026-03-20,6.21999979019165,6.239999771118164,6.019999980926514,6.079999923706055,2120800
2026-03-23,6.199999809265137,6.340000152587891,6.119999885559082,6.21999979019165,1371000
2026-03-24,6.210000038146973,6.260000228881836,6.079999923706055,6.170000076293945,1181400
2026-03-25,6.25,6.260000228881836,6.019999980926514,6.159999847412109,1580600
2026-03-26,6.110000133514404,6.340000152587891,6.110000133514404,6.25,1068700
2026-03-27,6.159999847412109,6.230000019073486,6.050000190734863,6.079999923706055,1075800
2026-03-30,6.119999885559082,6.289999961853027,6.070000171661377,6.21999979019165,1186000
2026-03-31,6.199999809265137,6.380000114440918,6.119999885559082,6.289999961853027,1260900
2026-04-01,6.340000152587891,6.369999885559082,6.210000038146973,6.21999979019165,938300
2026-04-02,6.139999866485596,6.309999942779541,6.079999923706055,6.28000020980835,1304800
2026-04-06,6.289999961853027,6.46999979019165,6.190000057220459,6.389999866485596,1016000
2026-04-07,6.380000114440918,6.400000095367432,6.230000019073486,6.269999980926514,1129300
2026-04-08,6.46999979019165,6.559999942779541,6.349999904632568,6.53000020980835,2121500
2026-04-09,6.429999828338623,6.5,6.199999809265137,6.489999771118164,875400
2026-04-10,6.510000228881836,6.53000020980835,6.150000095367432,6.269999980926514,983200
2026-04-13,6.25,6.440000057220459,6.199999809265137,6.429999828338623,1239700
2026-04-14,6.449999809265137,6.570000171661377,6.389999866485596,6.559999942779541,1003800
2026-04-15,6.590000152587891,6.739999771118164,6.53000020980835,6.659999847412109,1441000
2026-04-16,6.679999828338623,7.239999771118164,6.639999866485596,7.21999979019165,2660000
2026-04-17,7.25,7.519999980926514,7.239999771118164,7.28000020980835,1878400
2026-04-20,7.210000038146973,7.239999771118164,7.050000190734863,7.190000057220459,952500
2026-04-21,7.199999809265137,7.239999771118164,6.989999771118164,7.019999980926514,1039300
2026-04-22,7.119999885559082,7.119999885559082,6.960000038146973,7.03000020980835,1071400
2026-04-23,6.960000038146973,7.019999980926514,6.329999923706055,6.510000228881836,1648300
2026-04-24,6.53000020980835,6.849999904632568,6.489999771118164,6.849999904632568,1245100
2026-04-27,6.829999923706055,6.96999979019165,6.760000228881836,6.800000190734863,778400
2026-04-28,6.809999942779541,6.880000114440918,6.690000057220459,6.71999979019165,620100
2026-04-29,6.71999979019165,6.789999961853027,6.559999942779541,6.690000057220459,1399900
2026-04-30,6.090000152587891,6.5,5.860000133514404,6.269999980926514,2701200
2026-05-01,6.320000171661377,6.460000038146973,6.179999828338623,6.360000133514404,1670100
2026-05-04,6.380000114440918,6.570000171661377,6.25,6.320000171661377,2312300
2026-05-05,6.389999866485596,6.71999979019165,6.389999866485596,6.639999866485596,1225600
2026-05-06,6.639999866485596,6.739999771118164,6.400000095367432,6.400000095367432,1594000
2026-05-07,6.489999771118164,6.53000020980835,6.389999866485596,6.460000038146973,1285100
2026-05-08,6.460000038146973,6.53000020980835,6.400000095367432,6.46999979019165,1312400
2026-05-11,6.429999828338623,6.480000019073486,6.21999979019165,6.25,1314600
2026-05-12,6.25,6.25,6.0,6.059999942779541,1259600
2026-05-13,6.03000020980835,6.099999904632568,5.769999980926514,5.96999979019165,1385100
2026-05-14,6.070000171661377,6.190000057220459,6.059999942779541,6.119999885559082,1384400
2026-05-15,6.039999961853027,6.179999828338623,5.96999979019165,6.050000190734863,1429100
2026-05-18,6.050000190734863,6.519999980926514,6.039999961853027,6.420000076293945,2317600
2026-05-19,6.420000076293945,6.559999942779541,6.25,6.289999961853027,1427900
2026-05-20,6.289999961853027,6.300000190734863,6.119999885559082,6.21999979019165,1255500
2026-05-21,6.159999847412109,6.349999904632568,6.070000171661377,6.289999961853027,1300000
2026-05-22,6.309999942779541,6.519999980926514,6.269999980926514,6.510000228881836,1317200
2026-05-26,6.510000228881836,6.860000133514404,6.46999979019165,6.610000133514404,1987000
2026-05-27,6.619999885559082,7.159999847412109,6.559999942779541,6.989999771118164,2534600
2026-05-28,6.880000114440918,7.179999828338623,6.880000114440918,7.010000228881836,1386600
2026-05-29,6.960000038146973,7.179999828338623,6.889999866485596,7.010000228881836,2236700
2026-06-01,7.110000133514404,7.480000019073486,6.909999847412109,7.389999866485596,2695100
2026-06-02,7.260000228881836,7.340000152587891,7.139999866485596,7.199999809265137,1301700
2026-06-03,7.150000095367432,7.239999771118164,6.550000190734863,6.590000152587891,1726200
2026-06-04,6.659999847412109,6.849999904632568,6.610000133514404,6.690000057220459,964700
2026-06-05,6.650000095367432,6.71999979019165,6.420000076293945,6.440000057220459,699900
2026-06-08,6.449999809265137,6.480000019073486,6.369999885559082,6.440000057220459,1016900
2026-06-09,6.46999979019165,6.46999979019165,6.210000038146973,6.389999866485596,1591100
2026-06-10,6.420000076293945,6.630000114440918,6.400000095367432,6.53000020980835,1137700
2026-06-11,6.539999961853027,6.570000171661377,6.400000095367432,6.559999942779541,1075700
2026-06-12,6.599999904632568,6.849999904632568,6.550000190734863,6.630000114440918,1450900
2026-06-15,6.699999809265137,6.75,6.579999923706055,6.590000152587891,988100
2026-06-16,6.610000133514404,7.03000020980835,6.53000020980835,6.860000133514404,1530800
2026-06-17,6.809999942779541,7.050000190734863,6.630000114440918,6.659999847412109,1696700
2026-06-18,6.760000228881836,6.809999942779541,6.570000171661377,6.710000038146973,1433800
2026-06-22,6.699999809265137,6.869999885559082,6.630000114440918,6.659999847412109,1178100
2026-06-23,6.619999885559082,7.099999904632568,6.619999885559082,7.039999961853027,1565200
2026-06-24,7.039999961853027,7.190000057220459,6.980000019073486,7.070000171661377,1324900
2026-06-25,7.070000171661377,7.21999979019165,6.78000020980835,6.789999961853027,1388900
2026-06-26,6.760000228881836,7.079999923706055,6.739999771118164,7.039999961853027,3754900
2026-06-29,7.150000095367432,7.210000038146973,6.940000057220459,6.960000038146973,1457400
2026-06-30,6.940000057220459,7.46999979019165,6.880000114440918,7.429999828338623,1593200
2026-07-01,7.5,7.730000019073486,7.440000057220459,7.579999923706055,3709600
2026-07-02,7.610000133514404,7.679999828338623,7.349999904632568,7.400000095367432,939900
2026-07-06,7.380000114440918,7.659999847412109,7.329999923706055,7.579999923706055,954700
2026-07-07,7.650000095367432,8.079999923706055,7.650000095367432,7.699999809265137,1795300
2026-07-08,7.630000114440918,7.869999885559082,7.489999771118164,7.670000076293945,1465500
2026-07-09,7.670000076293945,7.880000114440918,7.510000228881836,7.75,1303900
2026-07-10,7.78000020980835,7.889999866485596,7.650000095367432,7.809999942779541,972200
2026-07-13,7.849999904632568,8.0,7.849999904632568,7.869999885559082,1437700
2026-07-14,7.78000020980835,7.820000171661377,7.570000171661377,7.590000152587891,728400
2026-07-15,7.639999866485596,7.829999923706055,7.579999923706055,7.590000152587891,741400
2026-07-16,7.599999904632568,7.75,7.539999961853027,7.650000095367432,850800
2026-07-17,7.550000190734863,7.670000076293945,7.409999847412109,7.510000228881836,632700
