Date,Open,High,Low,Close,Volume
2016-07-18,7.389999866485596,7.53000020980835,7.389999866485596,7.46999979019165,17200
2016-07-19,7.429999828338623,7.46999979019165,7.320000171661377,7.380000114440918,4300
2016-07-20,7.320000171661377,7.320000171661377,7.320000171661377,7.320000171661377,100
2016-07-21,7.21999979019165,7.360000133514404,7.039999961853027,7.230000019073486,10000
2016-07-22,7.170000076293945,7.300000190734863,7.170000076293945,7.199999809265137,600
2016-07-25,7.159999847412109,7.159999847412109,7.159999847412109,7.159999847412109,100
2016-07-26,7.130000114440918,7.199999809265137,7.130000114440918,7.170000076293945,1500
2016-07-27,7.170000076293945,7.170000076293945,7.170000076293945,7.170000076293945,0
2016-07-28,7.170000076293945,7.230000019073486,7.139999866485596,7.159999847412109,13000
2016-07-29,7.230000019073486,7.230000019073486,7.139999866485596,7.139999866485596,1000
2016-08-01,7.159999847412109,7.179999828338623,7.159999847412109,7.170000076293945,1200
2016-08-02,7.139999866485596,7.150000095367432,7.019999980926514,7.059999942779541,32500
2016-08-03,7.099999904632568,7.150000095367432,6.960000038146973,6.960000038146973,13100
2016-08-04,6.960000038146973,7.119999885559082,6.960000038146973,7.110000133514404,17100
2016-08-05,7.039999961853027,7.050000190734863,6.960000038146973,6.960000038146973,11500
2016-08-08,6.960000038146973,7.090000152587891,6.960000038146973,6.96999979019165,3700
2016-08-09,7.03000020980835,7.099999904632568,6.980000019073486,7.099999904632568,3700
2016-08-10,7.199999809265137,7.400000095367432,7.199999809265137,7.400000095367432,6900
2016-08-11,7.400000095367432,7.400000095367432,7.090000152587891,7.360000133514404,5100
2016-08-12,7.25,7.289999961853027,7.139999866485596,7.289999961853027,1100
2016-08-15,7.21999979019165,7.360000133514404,7.139999866485596,7.349999904632568,22000
2016-08-16,7.260000228881836,7.260000228881836,7.150000095367432,7.210000038146973,5500
2016-08-17,7.130000114440918,7.260000228881836,7.130000114440918,7.25,2300
2016-08-18,7.25,7.25,7.25,7.25,200
2016-08-19,7.139999866485596,7.320000171661377,7.119999885559082,7.150000095367432,7300
2016-08-22,7.239999771118164,7.239999771118164,7.130000114440918,7.150000095367432,8300
2016-08-23,7.150000095367432,7.190000057220459,7.150000095367432,7.190000057220459,1200
2016-08-24,7.190000057220459,7.190000057220459,7.190000057220459,7.190000057220459,0
2016-08-25,7.150000095367432,7.440000057220459,7.130000114440918,7.429999828338623,40200
2016-08-26,7.409999847412109,7.739999771118164,7.400000095367432,7.539999961853027,63200
2016-08-29,7.53000020980835,7.599999904632568,7.420000076293945,7.420000076293945,4200
2016-08-30,7.579999923706055,7.579999923706055,7.579999923706055,7.579999923706055,4700
2016-08-31,7.519999980926514,7.579999923706055,7.400000095367432,7.460000038146973,2300
2016-09-01,7.079999923706055,7.539999961853027,7.079999923706055,7.539999961853027,800
2016-09-02,7.579999923706055,7.579999923706055,7.300000190734863,7.300000190734863,1500
2016-09-06,7.429999828338623,7.550000190734863,7.239999771118164,7.480000019073486,4900
2016-09-07,7.579999923706055,7.579999923706055,7.429999828338623,7.429999828338623,2500
2016-09-08,7.400000095367432,7.400000095367432,7.349999904632568,7.349999904632568,1200
2016-09-09,7.300000190734863,7.400000095367432,7.25,7.25,11600
2016-09-12,7.230000019073486,7.389999866485596,7.199999809265137,7.210000038146973,6900
2016-09-13,7.210000038146973,7.300000190734863,7.199999809265137,7.199999809265137,600
2016-09-14,7.360000133514404,7.539999961853027,7.25,7.25,1200
2016-09-15,7.230000019073486,7.230000019073486,7.199999809265137,7.199999809265137,400
2016-09-16,7.550000190734863,7.550000190734863,7.210000038146973,7.550000190734863,13700
2016-09-19,7.420000076293945,7.579999923706055,7.369999885559082,7.570000171661377,21300
2016-09-20,7.5,7.5,7.409999847412109,7.5,2800
2016-09-21,7.489999771118164,7.690000057220459,7.489999771118164,7.5,2500
2016-09-22,7.550000190734863,7.630000114440918,7.510000228881836,7.510000228881836,18900
2016-09-23,7.579999923706055,7.599999904632568,7.46999979019165,7.579999923706055,28200
2016-09-26,7.550000190734863,7.699999809265137,7.550000190734863,7.690000057220459,1300
2016-09-27,7.690000057220459,7.980000019073486,7.610000133514404,7.900000095367432,15100
2016-09-28,7.849999904632568,7.880000114440918,7.699999809265137,7.699999809265137,2300
2016-09-29,7.699999809265137,7.699999809265137,7.699999809265137,7.699999809265137,0
2016-09-30,7.699999809265137,7.699999809265137,7.699999809265137,7.699999809265137,0
2016-10-03,7.590000152587891,7.880000114440918,7.5,7.880000114440918,700
2016-10-04,7.590000152587891,7.800000190734863,7.5,7.619999885559082,9100
2016-10-05,7.849999904632568,7.849999904632568,7.849999904632568,7.849999904632568,200
2016-10-06,7.510000228881836,7.679999828338623,7.510000228881836,7.679999828338623,2600
2016-10-07,7.619999885559082,7.739999771118164,7.619999885559082,7.739999771118164,300
2016-10-10,7.739999771118164,7.739999771118164,7.739999771118164,7.739999771118164,0
2016-10-11,7.739999771118164,7.739999771118164,7.739999771118164,7.739999771118164,0
2016-10-12,7.590000152587891,7.590000152587891,7.590000152587891,7.590000152587891,100
2016-10-13,7.519999980926514,7.610000133514404,7.510000228881836,7.510000228881836,600
2016-10-14,7.5,7.570000171661377,7.5,7.550000190734863,28200
2016-10-17,7.5,7.550000190734863,7.5,7.550000190734863,1300
2016-10-18,7.550000190734863,7.550000190734863,7.5,7.5,1500
2016-10-19,7.5,7.599999904632568,7.5,7.550000190734863,5700
2016-10-20,7.550000190734863,7.550000190734863,7.550000190734863,7.550000190734863,0
2016-10-21,7.5,7.5,7.5,7.5,13500
2016-10-24,7.5,7.5,7.449999809265137,7.449999809265137,7500
2016-10-25,7.449999809265137,7.449999809265137,7.400000095367432,7.400000095367432,7300
2016-10-26,7.400000095367432,7.409999847412109,7.400000095367432,7.400000095367432,5300
2016-10-27,7.349999904632568,7.449999809265137,7.349999904632568,7.400000095367432,2200
2016-10-28,7.349999904632568,7.400000095367432,7.349999904632568,7.349999904632568,5600
2016-10-31,7.449999809265137,7.449999809265137,7.300000190734863,7.400000095367432,3100
2016-11-01,7.380000114440918,7.380000114440918,7.150000095367432,7.25,10100
2016-11-02,7.150000095367432,7.25,7.150000095367432,7.25,800
2016-11-03,7.25,7.25,7.25,7.25,0
2016-11-04,7.210000038146973,7.25,7.199999809265137,7.199999809265137,600
2016-11-07,7.199999809265137,7.269999980926514,7.199999809265137,7.269999980926514,8500
2016-11-08,7.199999809265137,7.239999771118164,7.199999809265137,7.239999771118164,2000
2016-11-09,7.150000095367432,7.199999809265137,7.0,7.099999904632568,9500
2016-11-10,7.099999904632568,7.099999904632568,7.099999904632568,7.099999904632568,3400
2016-11-11,7.099999904632568,7.099999904632568,6.949999809265137,6.949999809265137,17800
2016-11-14,7.0,7.150000095367432,6.849999904632568,7.0,52200
2016-11-15,7.130000114440918,7.130000114440918,7.050000190734863,7.099999904632568,49000
2016-11-16,7.150000095367432,7.199999809265137,6.849999904632568,6.849999904632568,34900
2016-11-17,6.900000095367432,7.099999904632568,6.900000095367432,7.039999961853027,26800
2016-11-18,7.0,7.199999809265137,7.0,7.050000190734863,4400
2016-11-21,7.050000190734863,7.150000095367432,7.050000190734863,7.099999904632568,19900
2016-11-22,7.099999904632568,7.199999809265137,7.079999923706055,7.099999904632568,6000
2016-11-23,7.099999904632568,7.150000095367432,7.0,7.050000190734863,8600
2016-11-25,7.050000190734863,7.199999809265137,7.050000190734863,7.199999809265137,13100
2016-11-28,7.25,7.579999923706055,7.199999809265137,7.449999809265137,36800
2016-11-29,7.400000095367432,7.550000190734863,7.400000095367432,7.5,12000
2016-11-30,7.650000095367432,7.650000095367432,7.5,7.550000190734863,14500
2016-12-01,7.650000095367432,7.650000095367432,7.300000190734863,7.300000190734863,21000
2016-12-02,7.300000190734863,7.599999904632568,7.300000190734863,7.599999904632568,3400
2016-12-05,7.5,7.599999904632568,7.5,7.550000190734863,5300
2016-12-06,7.349999904632568,7.599999904632568,7.199999809265137,7.449999809265137,3400
2016-12-07,7.400000095367432,7.5,7.400000095367432,7.5,2900
2016-12-08,7.550000190734863,7.650000095367432,7.550000190734863,7.550000190734863,113800
2016-12-09,7.400000095367432,7.900000095367432,7.400000095367432,7.800000190734863,9500
2016-12-12,7.650000095367432,7.699999809265137,7.650000095367432,7.699999809265137,3400
2016-12-13,7.800000190734863,7.800000190734863,7.510000228881836,7.699999809265137,11600
2016-12-14,7.650000095367432,7.849999904632568,7.650000095367432,7.849999904632568,1800
2016-12-15,7.849999904632568,7.849999904632568,7.75,7.849999904632568,4900
2016-12-16,7.840000152587891,7.849999904632568,7.650000095367432,7.650000095367432,5000
2016-12-19,7.71999979019165,7.900000095367432,7.599999904632568,7.849999904632568,3000
2016-12-20,7.849999904632568,7.949999809265137,7.849999904632568,7.949999809265137,4700
2016-12-21,7.900000095367432,7.949999809265137,7.900000095367432,7.900000095367432,500
2016-12-22,7.900000095367432,7.900000095367432,7.900000095367432,7.900000095367432,500
2016-12-23,7.849999904632568,8.25,7.849999904632568,8.25,6300
2016-12-27,8.149999618530273,8.25,8.100000381469727,8.199999809265137,6400
2016-12-28,8.100000381469727,8.149999618530273,8.050000190734863,8.050000190734863,1600
2016-12-29,8.050000190734863,8.100000381469727,8.050000190734863,8.050000190734863,1600
2016-12-30,8.050000190734863,8.100000381469727,8.050000190734863,8.100000381469727,1400
2017-01-03,8.050000190734863,8.050000190734863,8.050000190734863,8.050000190734863,1500
2017-01-04,7.849999904632568,8.149999618530273,7.849999904632568,8.100000381469727,9600
2017-01-05,8.149999618530273,8.25,8.149999618530273,8.199999809265137,9600
2017-01-06,8.25,8.260000228881836,8.199999809265137,8.199999809265137,5600
2017-01-09,8.199999809265137,8.199999809265137,8.199999809265137,8.199999809265137,500
2017-01-10,8.100000381469727,8.100000381469727,7.050000190734863,7.949999809265137,14100
2017-01-11,7.949999809265137,7.989999771118164,7.849999904632568,7.849999904632568,2900
2017-01-12,7.900000095367432,7.900000095367432,7.510000228881836,7.75,1300
2017-01-13,7.75,8.050000190734863,7.75,8.050000190734863,3600
2017-01-17,8.050000190734863,8.050000190734863,7.550000190734863,7.550000190734863,7900
2017-01-18,7.650000095367432,7.699999809265137,7.650000095367432,7.650000095367432,4700
2017-01-19,7.699999809265137,7.699999809265137,7.650000095367432,7.650000095367432,1800
2017-01-20,7.75,7.75,7.400000095367432,7.75,63500
2017-01-23,7.699999809265137,7.75,7.5,7.75,24200
2017-01-24,7.75,8.149999618530273,7.699999809265137,7.699999809265137,43400
2017-01-25,7.75,7.800000190734863,7.650000095367432,7.75,9600
2017-01-26,8.079999923706055,8.079999923706055,7.699999809265137,7.699999809265137,8500
2017-01-27,8.0,8.0,7.650000095367432,7.849999904632568,2700
2017-01-30,7.699999809265137,7.699999809265137,7.449999809265137,7.650000095367432,53300
2017-01-31,7.550000190734863,8.199999809265137,7.550000190734863,7.800000190734863,94100
2017-02-01,8.199999809265137,8.199999809265137,7.699999809265137,7.900000095367432,22500
2017-02-02,7.849999904632568,8.0,7.75,7.949999809265137,6900
2017-02-03,8.0,8.050000190734863,7.699999809265137,7.949999809265137,22600
2017-02-06,7.949999809265137,8.100000381469727,7.929999828338623,8.100000381469727,4400
2017-02-07,8.130000114440918,8.149999618530273,8.050000190734863,8.149999618530273,1600
2017-02-08,7.760000228881836,8.199999809265137,7.599999904632568,7.949999809265137,7300
2017-02-09,8.100000381469727,8.229999542236328,8.0,8.199999809265137,12300
2017-02-10,8.100000381469727,8.25,7.900000095367432,8.050000190734863,5300
2017-02-13,8.100000381469727,8.199999809265137,7.949999809265137,7.949999809265137,8300
2017-02-14,7.949999809265137,7.949999809265137,7.949999809265137,7.949999809265137,100
2017-02-15,7.900000095367432,7.949999809265137,7.650000095367432,7.800000190734863,37600
2017-02-16,7.849999904632568,8.050000190734863,7.849999904632568,7.849999904632568,2300
2017-02-17,7.849999904632568,7.849999904632568,7.849999904632568,7.849999904632568,0
2017-02-21,7.900000095367432,8.0,7.900000095367432,8.0,2800
2017-02-22,7.849999904632568,8.050000190734863,7.650000095367432,8.0,13500
2017-02-23,8.0,8.050000190734863,7.980000019073486,8.050000190734863,1600
2017-02-24,8.0,8.0,8.0,8.0,200
2017-02-27,8.0,8.0,7.949999809265137,7.949999809265137,900
2017-02-28,7.949999809265137,8.0,7.800000190734863,8.0,5200
2017-03-01,8.0,8.0,7.75,7.900000095367432,15300
2017-03-02,7.75,7.849999904632568,7.75,7.849999904632568,3500
2017-03-03,7.760000228881836,7.949999809265137,7.760000228881836,7.849999904632568,14600
2017-03-06,7.849999904632568,7.849999904632568,7.699999809265137,7.699999809265137,8100
2017-03-07,7.650000095367432,7.800000190734863,7.650000095367432,7.699999809265137,11400
2017-03-08,7.699999809265137,7.75,7.690000057220459,7.75,2800
2017-03-09,7.849999904632568,7.900000095367432,7.699999809265137,7.75,4000
2017-03-10,7.699999809265137,7.699999809265137,7.269999980926514,7.349999904632568,80600
2017-03-13,7.300000190734863,7.5,7.150000095367432,7.150000095367432,547400
2017-03-14,7.25,7.349999904632568,7.199999809265137,7.199999809265137,54100
2017-03-15,7.199999809265137,7.449999809265137,7.199999809265137,7.349999904632568,26600
2017-03-16,7.400000095367432,7.449999809265137,7.400000095367432,7.400000095367432,22300
2017-03-17,7.400000095367432,7.800000190734863,7.400000095367432,7.75,16800
2017-03-20,7.849999904632568,8.0,7.550000190734863,7.900000095367432,107000
2017-03-21,7.900000095367432,7.900000095367432,7.75,7.900000095367432,29900
2017-03-22,7.900000095367432,7.949999809265137,7.800000190734863,7.900000095367432,32800
2017-03-23,7.809999942779541,8.050000190734863,7.75,8.0,63000
2017-03-24,8.069999694824219,8.069999694824219,7.949999809265137,8.0,5100
2017-03-27,8.100000381469727,8.100000381469727,8.0,8.0,30800
2017-03-28,8.050000190734863,8.199999809265137,8.0,8.050000190734863,48700
2017-03-29,8.149999618530273,8.25,8.020000457763672,8.100000381469727,31100
2017-03-30,8.100000381469727,8.25,8.100000381469727,8.199999809265137,14200
2017-03-31,8.25,8.300000190734863,8.149999618530273,8.199999809265137,13800
2017-04-03,8.100000381469727,8.300000190734863,8.100000381469727,8.149999618530273,14700
2017-04-04,8.149999618530273,8.25,8.100000381469727,8.199999809265137,5700
2017-04-05,8.199999809265137,8.25,8.199999809265137,8.199999809265137,3600
2017-04-06,8.199999809265137,8.300000190734863,8.199999809265137,8.199999809265137,2700
2017-04-07,8.300000190734863,8.300000190734863,8.199999809265137,8.199999809265137,9800
2017-04-10,8.100000381469727,8.199999809265137,8.100000381469727,8.170000076293945,17600
2017-04-11,8.199999809265137,8.199999809265137,8.050000190734863,8.050000190734863,5200
2017-04-12,8.100000381469727,8.100000381469727,7.949999809265137,8.050000190734863,4500
2017-04-13,8.0,8.100000381469727,7.869999885559082,8.0,14900
2017-04-17,8.100000381469727,8.149999618530273,8.0,8.100000381469727,10900
2017-04-18,8.100000381469727,8.149999618530273,7.849999904632568,7.849999904632568,8300
2017-04-19,7.989999771118164,8.100000381469727,7.900000095367432,7.949999809265137,19100
2017-04-20,7.949999809265137,8.399999618530273,7.949999809265137,8.380000114440918,17400
2017-04-21,8.25,8.350000381469727,8.199999809265137,8.300000190734863,18900
2017-04-24,8.449999809265137,8.75,8.350000381469727,8.449999809265137,32100
2017-04-25,8.699999809265137,8.699999809265137,8.550000190734863,8.649999618530273,22400
2017-04-26,8.649999618530273,8.800000190734863,8.630000114440918,8.800000190734863,18300
2017-04-27,8.899999618530273,8.899999618530273,8.850000381469727,8.850000381469727,2700
2017-04-28,8.899999618530273,8.899999618530273,8.699999809265137,8.699999809265137,2300
2017-05-01,8.770000457763672,8.859999656677246,8.75,8.75,6400
2017-05-02,8.630000114440918,8.850000381469727,8.550000190734863,8.850000381469727,19300
2017-05-03,8.850000381469727,8.850000381469727,7.71999979019165,8.850000381469727,6700
2017-05-04,8.850000381469727,8.850000381469727,8.25,8.600000381469727,2900
2017-05-05,8.529999732971191,8.75,8.5,8.5,1200
2017-05-08,8.300000190734863,8.350000381469727,7.849999904632568,7.849999904632568,4500
2017-05-09,7.800000190734863,8.300000190734863,7.800000190734863,8.300000190734863,14400
2017-05-10,8.149999618530273,8.75,8.149999618530273,8.600000381469727,17300
2017-05-11,8.449999809265137,8.699999809265137,8.449999809265137,8.699999809265137,4600
2017-05-12,8.479999542236328,8.649999618530273,8.369999885559082,8.649999618530273,10000
2017-05-15,8.649999618530273,8.800000190734863,8.600000381469727,8.800000190734863,15600
2017-05-16,8.800000190734863,8.800000190734863,8.699999809265137,8.800000190734863,1500
2017-05-17,8.75,8.75,8.75,8.75,1700
2017-05-18,8.75,8.75,8.699999809265137,8.75,18100
2017-05-19,8.5,8.75,8.399999618530273,8.75,1600
2017-05-22,8.40999984741211,8.75,8.350000381469727,8.350000381469727,2700
2017-05-23,8.5,8.59000015258789,8.149999618530273,8.199999809265137,3600
2017-05-24,8.300000190734863,8.489999771118164,8.149999618530273,8.350000381469727,1000
2017-05-25,8.300000190734863,8.5,8.100000381469727,8.100000381469727,2200
2017-05-26,8.210000038146973,8.210000038146973,8.050000190734863,8.050000190734863,4400
2017-05-30,8.350000381469727,8.350000381469727,8.25,8.300000190734863,1700
2017-05-31,8.300000190734863,8.5,8.300000190734863,8.5,10700
2017-06-01,8.449999809265137,8.5,8.449999809265137,8.5,6500
2017-06-02,8.5,8.5,8.5,8.5,1100
2017-06-05,8.5,8.550000190734863,8.5,8.550000190734863,700
2017-06-06,8.5,8.649999618530273,8.5,8.550000190734863,4900
2017-06-07,8.550000190734863,8.5600004196167,8.399999618530273,8.399999618530273,9300
2017-06-08,8.489999771118164,8.5,8.300000190734863,8.300000190734863,11100
2017-06-09,8.3100004196167,8.3100004196167,8.149999618530273,8.300000190734863,16900
2017-06-12,8.25,8.399999618530273,8.25,8.399999618530273,900
2017-06-13,8.329999923706055,8.399999618530273,8.300000190734863,8.300000190734863,3600
2017-06-14,8.149999618530273,8.300000190734863,8.149999618530273,8.300000190734863,9800
2017-06-15,8.199999809265137,8.430000305175781,8.199999809265137,8.34000015258789,9900
2017-06-16,8.199999809265137,8.300000190734863,8.180000305175781,8.25,11500
2017-06-19,8.25,8.350000381469727,8.199999809265137,8.25,6500
2017-06-20,8.449999809265137,8.550000190734863,8.199999809265137,8.550000190734863,12400
2017-06-21,8.550000190734863,8.800000190734863,8.550000190734863,8.800000190734863,6600
2017-06-22,8.789999961853027,8.850000381469727,8.75,8.800000190734863,12300
2017-06-23,8.75,8.899999618530273,8.75,8.899999618530273,2600
2017-06-26,8.850000381469727,8.850000381469727,8.800000190734863,8.800000190734863,1700
2017-06-27,8.779999732971191,8.84000015258789,8.779999732971191,8.84000015258789,700
2017-06-28,8.899999618530273,8.899999618530273,8.649999618530273,8.649999618530273,3000
2017-06-29,8.649999618530273,9.0,8.649999618530273,8.989999771118164,25800
2017-06-30,8.949999809265137,8.949999809265137,8.649999618530273,8.899999618530273,5700
2017-07-03,8.899999618530273,8.899999618530273,8.899999618530273,8.899999618530273,0
2017-07-05,8.930000305175781,9.0,8.680000305175781,8.899999618530273,7700
2017-07-06,8.850000381469727,8.949999809265137,8.850000381469727,8.949999809265137,16200
2017-07-07,8.899999618530273,9.050000190734863,8.850000381469727,8.899999618530273,6700
2017-07-10,8.800000190734863,8.850000381469727,8.800000190734863,8.850000381469727,5600
2017-07-11,8.800000190734863,8.850000381469727,8.75,8.75,10900
2017-07-12,8.800000190734863,8.850000381469727,8.800000190734863,8.800000190734863,2800
2017-07-13,8.75,8.850000381469727,8.5,8.800000190734863,15200
2017-07-14,9.0,9.0,9.0,9.0,400
2017-07-17,8.899999618530273,8.899999618530273,8.899999618530273,8.899999618530273,300
2017-07-18,8.75,8.75,8.550000190734863,8.649999618530273,2600
2017-07-19,8.649999618530273,8.649999618530273,8.649999618530273,8.649999618530273,400
2017-07-20,8.649999618530273,8.649999618530273,8.649999618530273,8.649999618530273,0
2017-07-21,8.619999885559082,8.649999618530273,8.550000190734863,8.600000381469727,7900
2017-07-24,8.649999618530273,8.649999618530273,8.550000190734863,8.649999618530273,1800
2017-07-25,8.600000381469727,8.649999618530273,8.449999809265137,8.449999809265137,4000
2017-07-26,8.550000190734863,8.600000381469727,8.550000190734863,8.600000381469727,600
2017-07-27,8.649999618530273,8.899999618530273,8.649999618530273,8.899999618530273,29500
2017-07-28,8.850000381469727,8.850000381469727,8.850000381469727,8.850000381469727,200
2017-07-31,8.850000381469727,8.850000381469727,8.699999809265137,8.850000381469727,1400
2017-08-01,8.760000228881836,8.760000228881836,8.75,8.75,1400
2017-08-02,8.699999809265137,8.800000190734863,8.699999809265137,8.800000190734863,800
2017-08-03,8.699999809265137,8.699999809265137,8.449999809265137,8.449999809265137,5200
2017-08-04,8.350000381469727,8.449999809265137,8.350000381469727,8.350000381469727,8300
2017-08-07,8.449999809265137,8.5,8.050000190734863,8.399999618530273,33900
2017-08-08,8.449999809265137,8.5,8.399999618530273,8.5,13200
2017-08-09,8.550000190734863,8.550000190734863,8.350000381469727,8.399999618530273,1600
2017-08-10,8.350000381469727,8.399999618530273,8.199999809265137,8.399999618530273,12100
2017-08-11,8.399999618530273,8.399999618530273,8.300000190734863,8.399999618530273,3000
2017-08-14,8.350000381469727,8.649999618530273,8.350000381469727,8.5,5500
2017-08-15,8.430000305175781,8.550000190734863,8.430000305175781,8.550000190734863,3700
2017-08-16,8.550000190734863,8.600000381469727,8.529999732971191,8.550000190734863,1700
2017-08-17,8.5,8.5,8.350000381469727,8.350000381469727,2100
2017-08-18,8.399999618530273,8.399999618530273,8.25,8.300000190734863,5900
2017-08-21,8.050000190734863,8.100000381469727,8.050000190734863,8.100000381469727,400
2017-08-22,8.050000190734863,8.149999618530273,7.980000019073486,8.149999618530273,2000
2017-08-23,8.350000381469727,8.350000381469727,8.350000381469727,8.350000381469727,500
2017-08-24,8.260000228881836,8.260000228881836,8.25,8.25,2100
2017-08-25,8.350000381469727,8.350000381469727,8.350000381469727,8.350000381469727,200
2017-08-28,8.300000190734863,8.350000381469727,8.25,8.25,2700
2017-08-29,8.350000381469727,8.550000190734863,8.0,8.300000190734863,27100
2017-08-30,8.300000190734863,8.350000381469727,8.149999618530273,8.25,8600
2017-08-31,8.25,8.350000381469727,8.199999809265137,8.25,15500
2017-09-01,8.199999809265137,8.350000381469727,8.199999809265137,8.300000190734863,6800
2017-09-05,8.199999809265137,8.260000228881836,8.199999809265137,8.25,900
2017-09-06,8.149999618530273,8.289999961853027,8.149999618530273,8.199999809265137,2700
2017-09-07,8.149999618530273,8.149999618530273,8.100000381469727,8.100000381469727,800
2017-09-08,8.100000381469727,8.140000343322754,8.100000381469727,8.100000381469727,8800
2017-09-11,8.1899995803833,8.1899995803833,8.1899995803833,8.1899995803833,1100
2017-09-12,8.100000381469727,8.100000381469727,8.100000381469727,8.100000381469727,200
2017-09-13,8.199999809265137,8.300000190734863,8.199999809265137,8.300000190734863,3300
2017-09-14,8.25,8.300000190734863,8.25,8.300000190734863,4600
2017-09-15,8.350000381469727,8.75,8.149999618530273,8.399999618530273,12400
2017-09-18,8.399999618530273,8.399999618530273,8.399999618530273,8.399999618530273,0
2017-09-19,8.149999618530273,8.399999618530273,8.100000381469727,8.100000381469727,4200
2017-09-20,8.149999618530273,8.220000267028809,8.050000190734863,8.050000190734863,1400
2017-09-21,8.140000343322754,8.140000343322754,8.050000190734863,8.050000190734863,1700
2017-09-22,8.149999618530273,8.149999618530273,8.140000343322754,8.149999618530273,1000
2017-09-25,8.0,8.050000190734863,8.0,8.0,1600
2017-09-26,8.0,8.020000457763672,8.0,8.0,3000
2017-09-27,7.800000190734863,7.849999904632568,7.800000190734863,7.849999904632568,1100
2017-09-28,7.849999904632568,7.920000076293945,7.849999904632568,7.849999904632568,5400
2017-09-29,7.800000190734863,7.849999904632568,7.550000190734863,7.849999904632568,19100
2017-10-02,7.75,8.0,7.75,8.0,11800
2017-10-03,8.0,8.149999618530273,7.949999809265137,7.949999809265137,8200
2017-10-04,8.0,8.449999809265137,8.0,8.449999809265137,5800
2017-10-05,8.449999809265137,8.449999809265137,8.449999809265137,8.449999809265137,0
2017-10-06,8.140000343322754,8.399999618530273,8.050000190734863,8.399999618530273,1800
2017-10-09,8.050000190734863,8.100000381469727,8.039999961853027,8.100000381469727,2000
2017-10-10,8.100000381469727,8.130000114440918,7.900000095367432,7.900000095367432,1200
2017-10-11,8.100000381469727,8.100000381469727,8.050000190734863,8.100000381469727,6800
2017-10-12,7.949999809265137,8.180000305175781,7.949999809265137,8.100000381469727,3300
2017-10-13,7.96999979019165,8.100000381469727,7.900000095367432,8.0,9000
2017-10-16,8.09000015258789,8.100000381469727,8.050000190734863,8.050000190734863,3100
2017-10-17,7.900000095367432,7.980000019073486,7.900000095367432,7.949999809265137,4300
2017-10-18,8.050000190734863,8.050000190734863,7.849999904632568,7.849999904632568,3000
2017-10-19,7.650000095367432,8.050000190734863,7.0,7.949999809265137,25000
2017-10-20,7.949999809265137,8.050000190734863,7.849999904632568,7.849999904632568,7700
2017-10-23,7.900000095367432,7.900000095367432,7.849999904632568,7.900000095367432,1800
2017-10-24,7.900000095367432,7.949999809265137,7.849999904632568,7.949999809265137,3600
2017-10-25,7.849999904632568,7.949999809265137,7.849999904632568,7.949999809265137,1900
2017-10-26,7.900000095367432,7.949999809265137,7.900000095367432,7.949999809265137,300
2017-10-27,7.949999809265137,7.949999809265137,7.949999809265137,7.949999809265137,5000
2017-10-30,7.949999809265137,7.949999809265137,7.949999809265137,7.949999809265137,0
2017-10-31,7.800000190734863,7.849999904632568,7.800000190734863,7.849999904632568,1100
2017-11-01,7.840000152587891,7.849999904632568,7.650000095367432,7.849999904632568,14000
2017-11-02,7.539999961853027,7.599999904632568,7.050000190734863,7.5,28900
2017-11-03,7.480000019073486,7.599999904632568,7.400000095367432,7.550000190734863,6000
2017-11-06,7.400000095367432,7.449999809265137,7.300000190734863,7.449999809265137,13300
2017-11-07,7.429999828338623,7.449999809265137,7.320000171661377,7.400000095367432,7500
2017-11-08,7.349999904632568,7.400000095367432,7.349999904632568,7.349999904632568,5000
2017-11-09,7.440000057220459,7.5,7.199999809265137,7.25,22500
2017-11-10,7.300000190734863,7.650000095367432,7.289999961853027,7.550000190734863,11400
2017-11-13,7.550000190734863,7.550000190734863,7.400000095367432,7.449999809265137,11900
2017-11-14,7.400000095367432,7.5,7.400000095367432,7.400000095367432,20600
2017-11-15,7.349999904632568,7.489999771118164,7.300000190734863,7.300000190734863,18800
2017-11-16,7.300000190734863,7.53000020980835,7.269999980926514,7.5,6900
2017-11-17,7.400000095367432,7.679999828338623,7.400000095367432,7.400000095367432,18400
2017-11-20,7.550000190734863,7.599999904632568,7.550000190734863,7.599999904632568,2900
2017-11-21,7.699999809265137,7.75,7.5,7.5,1200
2017-11-22,7.5,7.53000020980835,7.5,7.5,1700
2017-11-24,7.550000190734863,7.599999904632568,7.550000190734863,7.599999904632568,500
2017-11-27,7.5,7.599999904632568,7.449999809265137,7.449999809265137,2300
2017-11-28,7.449999809265137,7.699999809265137,7.449999809265137,7.550000190734863,900
2017-11-29,7.599999904632568,7.599999904632568,7.349999904632568,7.5,8500
2017-11-30,7.449999809265137,7.599999904632568,7.400000095367432,7.400000095367432,1400
2017-12-01,7.449999809265137,7.5,7.449999809265137,7.5,600
2017-12-04,7.550000190734863,7.550000190734863,7.400000095367432,7.5,2900
2017-12-05,7.550000190734863,7.550000190734863,7.449999809265137,7.5,3400
2017-12-06,7.5,7.5,7.449999809265137,7.449999809265137,2600
2017-12-07,7.400000095367432,7.449999809265137,7.400000095367432,7.449999809265137,15800
2017-12-08,7.420000076293945,7.650000095367432,7.420000076293945,7.550000190734863,3200
2017-12-11,7.400000095367432,7.400000095367432,7.300000190734863,7.300000190734863,8400
2017-12-12,7.449999809265137,7.599999904632568,7.400000095367432,7.550000190734863,7600
2017-12-13,7.650000095367432,7.699999809265137,7.650000095367432,7.699999809265137,1500
2017-12-14,7.650000095367432,7.800000190734863,7.650000095367432,7.800000190734863,2300
2017-12-15,7.739999771118164,7.739999771118164,7.590000152587891,7.670000076293945,2600
2017-12-18,7.599999904632568,7.599999904632568,7.599999904632568,7.599999904632568,600
2017-12-19,7.400000095367432,7.599999904632568,7.400000095367432,7.5,700
2017-12-20,7.599999904632568,7.75,7.559999942779541,7.559999942779541,4200
2017-12-21,7.550000190734863,7.550000190734863,7.329999923706055,7.440000057220459,3600
2017-12-22,7.5,7.75,7.5,7.75,1200
2017-12-26,7.599999904632568,7.619999885559082,7.599999904632568,7.599999904632568,1400
2017-12-27,7.699999809265137,7.75,7.599999904632568,7.699999809265137,2500
2017-12-28,7.800000190734863,7.800000190734863,7.449999809265137,7.650000095367432,10000
2017-12-29,7.650000095367432,7.800000190734863,7.599999904632568,7.75,14200
2018-01-02,7.650000095367432,7.800000190734863,7.599999904632568,7.599999904632568,700
2018-01-03,7.599999904632568,7.800000190734863,7.53000020980835,7.800000190734863,800
2018-01-04,7.449999809265137,7.449999809265137,7.349999904632568,7.449999809265137,6600
2018-01-05,7.400000095367432,7.550000190734863,7.400000095367432,7.449999809265137,3300
2018-01-08,7.550000190734863,7.599999904632568,7.550000190734863,7.550000190734863,1900
2018-01-09,7.550000190734863,7.550000190734863,7.400000095367432,7.400000095367432,900
2018-01-10,7.349999904632568,7.449999809265137,7.150000095367432,7.349999904632568,23800
2018-01-11,7.25,7.300000190734863,7.0,7.25,13200
2018-01-12,7.150000095367432,7.400000095367432,7.150000095367432,7.25,20500
2018-01-16,7.349999904632568,7.449999809265137,7.349999904632568,7.400000095367432,7700
2018-01-17,7.349999904632568,7.550000190734863,7.349999904632568,7.449999809265137,9600
2018-01-18,7.550000190734863,7.630000114440918,7.300000190734863,7.400000095367432,3300
2018-01-19,7.400000095367432,7.539999961853027,7.400000095367432,7.539999961853027,600
2018-01-22,7.449999809265137,7.75,7.369999885559082,7.400000095367432,5300
2018-01-23,7.369999885559082,7.449999809265137,7.369999885559082,7.449999809265137,700
2018-01-24,7.400000095367432,7.420000076293945,7.369999885559082,7.369999885559082,1900
2018-01-25,7.400000095367432,7.400000095367432,7.199999809265137,7.349999904632568,21600
2018-01-26,7.199999809265137,7.349999904632568,7.179999828338623,7.349999904632568,12400
2018-01-29,7.300000190734863,7.400000095367432,7.300000190734863,7.349999904632568,10900
2018-01-30,7.300000190734863,7.369999885559082,7.300000190734863,7.349999904632568,800
2018-01-31,7.400000095367432,7.449999809265137,7.400000095367432,7.449999809265137,7900
2018-02-01,7.21999979019165,7.21999979019165,7.21999979019165,7.21999979019165,1700
2018-02-02,7.449999809265137,7.449999809265137,7.300000190734863,7.349999904632568,500
2018-02-05,7.300000190734863,7.449999809265137,7.300000190734863,7.349999904632568,6400
2018-02-06,7.300000190734863,7.320000171661377,7.300000190734863,7.309999942779541,800
2018-02-07,7.400000095367432,7.400000095367432,7.340000152587891,7.349999904632568,1400
2018-02-08,7.099999904632568,7.400000095367432,6.789999961853027,7.400000095367432,1700
2018-02-09,7.28000020980835,7.400000095367432,7.28000020980835,7.349999904632568,1100
2018-02-12,7.349999904632568,7.349999904632568,7.349999904632568,7.349999904632568,500
2018-02-13,7.449999809265137,7.75,7.349999904632568,7.650000095367432,21600
2018-02-14,7.800000190734863,8.399999618530273,7.25,7.5,15900
2018-02-15,7.550000190734863,7.599999904632568,7.550000190734863,7.550000190734863,700
2018-02-16,7.5,7.550000190734863,7.5,7.53000020980835,6400
2018-02-20,7.5,7.550000190734863,7.300000190734863,7.300000190734863,5400
2018-02-21,7.260000228881836,7.349999904632568,7.050000190734863,7.099999904632568,14700
2018-02-22,7.050000190734863,7.300000190734863,7.050000190734863,7.25,14900
2018-02-23,7.25,7.25,7.25,7.25,0
2018-02-26,7.199999809265137,7.199999809265137,7.199999809265137,7.199999809265137,300
2018-02-27,7.150000095367432,7.300000190734863,7.150000095367432,7.300000190734863,1400
2018-02-28,7.329999923706055,7.349999904632568,7.300000190734863,7.300000190734863,5200
2018-03-01,7.300000190734863,7.300000190734863,7.300000190734863,7.300000190734863,0
2018-03-02,7.340000152587891,7.400000095367432,7.099999904632568,7.300000190734863,3600
2018-03-05,7.150000095367432,7.400000095367432,7.150000095367432,7.349999904632568,1400
2018-03-06,7.25,7.25,7.050000190734863,7.25,7300
2018-03-07,7.449999809265137,7.449999809265137,7.25,7.25,1100
2018-03-08,7.300000190734863,7.599999904632568,7.25,7.550000190734863,37700
2018-03-09,7.650000095367432,7.650000095367432,7.150000095367432,7.199999809265137,14600
2018-03-12,7.300000190734863,7.300000190734863,7.25,7.300000190734863,3200
2018-03-13,7.300000190734863,7.510000228881836,7.25,7.510000228881836,3000
2018-03-14,7.440000057220459,7.5,7.440000057220459,7.5,63800
2018-03-15,7.619999885559082,7.699999809265137,7.599999904632568,7.599999904632568,6400
2018-03-16,7.599999904632568,7.599999904632568,7.449999809265137,7.480000019073486,5300
2018-03-19,7.510000228881836,7.550000190734863,7.380000114440918,7.449999809265137,3200
2018-03-20,7.449999809265137,7.5,7.400000095367432,7.400000095367432,5200
2018-03-21,7.400000095367432,7.400000095367432,7.400000095367432,7.400000095367432,1600
2018-03-22,7.300000190734863,7.300000190734863,7.300000190734863,7.300000190734863,300
2018-03-23,7.400000095367432,7.400000095367432,7.300000190734863,7.400000095367432,11200
2018-03-26,7.599999904632568,7.599999904632568,7.349999904632568,7.449999809265137,4500
2018-03-27,7.400000095367432,7.400000095367432,7.25,7.25,2200
2018-03-28,7.349999904632568,7.349999904632568,7.079999923706055,7.25,35800
2018-03-29,7.150000095367432,7.150000095367432,7.0,7.099999904632568,24200
2018-04-02,7.0,7.150000095367432,6.949999809265137,6.96999979019165,5800
2018-04-03,7.099999904632568,7.400000095367432,7.0,7.300000190734863,15800
2018-04-04,7.199999809265137,7.289999961853027,7.199999809265137,7.199999809265137,1600
2018-04-05,7.25,7.25,7.099999904632568,7.099999904632568,4700
2018-04-06,7.150000095367432,7.199999809265137,7.139999866485596,7.179999828338623,5700
2018-04-09,7.150000095367432,7.179999828338623,7.050000190734863,7.159999847412109,3500
2018-04-10,7.099999904632568,7.349999904632568,7.099999904632568,7.329999923706055,6600
2018-04-11,7.199999809265137,7.349999904632568,7.199999809265137,7.349999904632568,3100
2018-04-12,7.25,7.349999904632568,7.25,7.300000190734863,15200
2018-04-13,7.25,7.300000190734863,7.150000095367432,7.25,17300
2018-04-16,7.199999809265137,7.5,7.199999809265137,7.400000095367432,17900
2018-04-17,7.349999904632568,7.650000095367432,7.349999904632568,7.599999904632568,4800
2018-04-18,7.550000190734863,7.650000095367432,7.5,7.5,19400
2018-04-19,7.550000190734863,7.650000095367432,7.550000190734863,7.650000095367432,400
2018-04-20,7.519999980926514,7.599999904632568,7.5,7.5,1100
2018-04-23,7.449999809265137,7.630000114440918,7.449999809265137,7.619999885559082,600
2018-04-24,7.5,7.5,7.400000095367432,7.400000095367432,1300
2018-04-25,7.349999904632568,7.400000095367432,7.349999904632568,7.400000095367432,900
2018-04-26,7.5,7.5,7.21999979019165,7.449999809265137,16900
2018-04-27,7.349999904632568,7.550000190734863,7.300000190734863,7.320000171661377,19800
2018-04-30,7.25,7.550000190734863,7.230000019073486,7.300000190734863,20300
2018-05-01,7.349999904632568,7.400000095367432,7.099999904632568,7.400000095367432,15800
2018-05-02,7.400000095367432,7.630000114440918,7.400000095367432,7.5,13000
2018-05-03,7.400000095367432,7.449999809265137,7.400000095367432,7.409999847412109,2400
2018-05-04,7.449999809265137,7.449999809265137,7.25,7.25,8900
2018-05-07,7.400000095367432,7.449999809265137,7.309999942779541,7.449999809265137,47800
2018-05-08,7.400000095367432,7.449999809265137,7.349999904632568,7.400000095367432,12500
2018-05-09,7.5,7.599999904632568,7.300000190734863,7.449999809265137,21200
2018-05-10,7.400000095367432,7.849999904632568,7.400000095367432,7.849999904632568,10600
2018-05-11,8.0,8.0,7.900000095367432,7.900000095367432,19500
2018-05-14,7.900000095367432,7.96999979019165,7.5,7.900000095367432,23600
2018-05-15,7.860000133514404,7.860000133514404,7.800000190734863,7.849999904632568,5000
2018-05-16,7.849999904632568,7.900000095367432,7.800000190734863,7.800000190734863,1400
2018-05-17,7.800000190734863,7.849999904632568,7.699999809265137,7.820000171661377,23300
2018-05-18,7.849999904632568,7.860000133514404,7.75,7.800000190734863,5900
2018-05-21,7.900000095367432,7.900000095367432,7.849999904632568,7.849999904632568,1800
2018-05-22,7.75,7.840000152587891,7.75,7.75,4300
2018-05-23,7.699999809265137,7.699999809265137,7.300000190734863,7.449999809265137,16000
2018-05-24,7.550000190734863,7.599999904632568,7.550000190734863,7.599999904632568,1500
2018-05-25,7.599999904632568,7.699999809265137,7.599999904632568,7.699999809265137,500
2018-05-29,7.650000095367432,7.650000095367432,7.369999885559082,7.599999904632568,3200
2018-05-30,7.639999866485596,7.699999809265137,7.5,7.550000190734863,3400
2018-05-31,7.550000190734863,7.619999885559082,7.300000190734863,7.300000190734863,5000
2018-06-01,7.440000057220459,7.449999809265137,7.349999904632568,7.349999904632568,1300
2018-06-04,7.5,7.550000190734863,7.460000038146973,7.550000190734863,2500
2018-06-05,7.599999904632568,7.949999809265137,7.550000190734863,7.699999809265137,4900
2018-06-06,7.599999904632568,7.730000019073486,7.420000076293945,7.449999809265137,7700
2018-06-07,7.449999809265137,7.550000190734863,7.400000095367432,7.5,28600
2018-06-08,7.5,7.599999904632568,7.349999904632568,7.349999904632568,7000
2018-06-11,7.300000190734863,7.550000190734863,7.300000190734863,7.550000190734863,2200
2018-06-12,7.550000190734863,7.75,7.349999904632568,7.75,17600
2018-06-13,7.75,7.75,7.550000190734863,7.650000095367432,11200
2018-06-14,7.599999904632568,7.699999809265137,7.539999961853027,7.679999828338623,7300
2018-06-15,7.789999961853027,7.789999961853027,7.699999809265137,7.699999809265137,8900
2018-06-18,7.829999923706055,7.829999923706055,7.630000114440918,7.699999809265137,10300
2018-06-19,7.949999809265137,7.949999809265137,7.599999904632568,7.599999904632568,9400
2018-06-20,7.699999809265137,7.699999809265137,7.679999828338623,7.699999809265137,700
2018-06-21,7.650000095367432,7.699999809265137,7.650000095367432,7.699999809265137,5600
2018-06-22,7.900000095367432,7.900000095367432,7.559999942779541,7.699999809265137,5900
2018-06-25,7.699999809265137,7.699999809265137,7.699999809265137,7.699999809265137,0
2018-06-26,7.900000095367432,7.900000095367432,7.730000019073486,7.730000019073486,1000
2018-06-27,7.679999828338623,7.75,7.5,7.650000095367432,13000
2018-06-28,7.650000095367432,7.800000190734863,7.610000133514404,7.800000190734863,7100
2018-06-29,7.699999809265137,7.829999923706055,7.699999809265137,7.800000190734863,900
2018-07-02,7.510000228881836,7.599999904632568,7.510000228881836,7.599999904632568,1600
2018-07-03,7.599999904632568,7.599999904632568,7.599999904632568,7.599999904632568,0
2018-07-05,7.539999961853027,7.599999904632568,7.519999980926514,7.599999904632568,1000
2018-07-06,7.570000171661377,7.570000171661377,7.570000171661377,7.570000171661377,200
2018-07-09,7.800000190734863,7.800000190734863,7.800000190734863,7.800000190734863,2800
2018-07-10,7.739999771118164,7.800000190734863,7.550000190734863,7.550000190734863,1000
2018-07-11,7.400000095367432,7.739999771118164,7.400000095367432,7.599999904632568,7900
2018-07-12,7.590000152587891,7.599999904632568,7.590000152587891,7.599999904632568,800
2018-07-13,7.690000057220459,7.78000020980835,7.670000076293945,7.78000020980835,2000
2018-07-16,7.5,7.920000076293945,7.5,7.920000076293945,500
2018-07-17,7.849999904632568,7.849999904632568,7.75,7.75,5800
2018-07-18,7.769999980926514,7.800000190734863,7.699999809265137,7.800000190734863,2000
2018-07-19,7.75,8.050000190734863,7.75,7.900000095367432,2100
2018-07-20,7.75,7.889999866485596,7.75,7.840000152587891,1700
2018-07-23,7.840000152587891,7.840000152587891,7.840000152587891,7.840000152587891,0
2018-07-24,7.800000190734863,7.800000190734863,7.550000190734863,7.599999904632568,2500
2018-07-25,7.75,7.75,7.739999771118164,7.75,600
2018-07-26,7.800000190734863,7.800000190734863,7.5,7.599999904632568,7600
2018-07-27,7.800000190734863,7.800000190734863,7.78000020980835,7.800000190734863,2600
2018-07-30,7.650000095367432,7.849999904632568,7.650000095367432,7.75,3900
2018-07-31,8.010000228881836,8.010000228881836,7.75,7.800000190734863,3800
2018-08-01,7.989999771118164,7.989999771118164,7.800000190734863,7.800000190734863,2700
2018-08-02,7.800000190734863,7.800000190734863,7.75,7.800000190734863,2700
2018-08-03,7.800000190734863,7.849999904632568,7.5,7.710000038146973,6500
2018-08-06,7.769999980926514,7.989999771118164,7.699999809265137,7.849999904632568,4000
2018-08-07,7.849999904632568,7.849999904632568,7.849999904632568,7.849999904632568,1200
2018-08-08,7.800000190734863,7.800000190734863,7.800000190734863,7.800000190734863,600
2018-08-09,7.550000190734863,7.699999809265137,7.550000190734863,7.699999809265137,700
2018-08-10,7.75,7.75,7.75,7.75,200
2018-08-13,7.75,7.75,7.75,7.75,0
2018-08-14,7.75,7.75,7.699999809265137,7.699999809265137,900
2018-08-15,7.75,7.75,7.639999866485596,7.679999828338623,1700
2018-08-16,7.619999885559082,7.619999885559082,7.619999885559082,7.619999885559082,1100
2018-08-17,7.579999923706055,7.75,7.579999923706055,7.599999904632568,1500
2018-08-20,7.679999828338623,7.679999828338623,7.679999828338623,7.679999828338623,300
2018-08-21,7.699999809265137,7.699999809265137,7.599999904632568,7.599999904632568,500
2018-08-22,7.800000190734863,7.800000190734863,7.619999885559082,7.619999885559082,600
2018-08-23,7.650000095367432,7.650000095367432,7.650000095367432,7.650000095367432,300
2018-08-24,7.650000095367432,7.650000095367432,7.619999885559082,7.650000095367432,600
2018-08-27,7.699999809265137,7.800000190734863,7.699999809265137,7.699999809265137,8400
2018-08-28,7.699999809265137,7.699999809265137,7.650000095367432,7.650000095367432,2700
2018-08-29,7.550000190734863,7.800000190734863,7.550000190734863,7.800000190734863,800
2018-08-30,7.670000076293945,7.699999809265137,7.599999904632568,7.599999904632568,25900
2018-08-31,7.400000095367432,7.599999904632568,7.400000095367432,7.599999904632568,1200
2018-09-04,7.550000190734863,7.699999809265137,7.550000190734863,7.599999904632568,7000
2018-09-05,7.599999904632568,7.699999809265137,7.599999904632568,7.699999809265137,5000
2018-09-06,7.519999980926514,7.630000114440918,7.5,7.5,3200
2018-09-07,7.699999809265137,7.699999809265137,7.449999809265137,7.550000190734863,600
2018-09-10,7.449999809265137,7.5,7.449999809265137,7.5,700
2018-09-11,7.800000190734863,7.800000190734863,7.449999809265137,7.449999809265137,1500
2018-09-12,7.449999809265137,7.699999809265137,7.449999809265137,7.690000057220459,1400
2018-09-13,7.5,7.650000095367432,7.5,7.550000190734863,700
2018-09-14,7.5,7.650000095367432,7.5,7.5,1200
2018-09-17,7.650000095367432,7.650000095367432,7.449999809265137,7.449999809265137,2000
2018-09-18,7.449999809265137,7.5,7.449999809265137,7.5,1300
2018-09-19,7.449999809265137,7.449999809265137,7.449999809265137,7.449999809265137,400
2018-09-20,7.449999809265137,7.699999809265137,7.449999809265137,7.510000228881836,1400
2018-09-21,7.550000190734863,7.550000190734863,7.449999809265137,7.5,9900
2018-09-24,7.400000095367432,7.610000133514404,7.400000095367432,7.570000171661377,8700
2018-09-25,7.599999904632568,7.599999904632568,7.349999904632568,7.349999904632568,21600
2018-09-26,7.449999809265137,7.449999809265137,7.349999904632568,7.349999904632568,5000
2018-09-27,7.659999847412109,7.659999847412109,7.449999809265137,7.449999809265137,2800
2018-09-28,7.400000095367432,7.75,7.349999904632568,7.349999904632568,2200
2018-10-01,7.559999942779541,7.699999809265137,7.559999942779541,7.690000057220459,500
2018-10-02,7.400000095367432,7.400000095367432,7.099999904632568,7.389999866485596,30600
2018-10-03,7.190000057220459,7.349999904632568,7.190000057220459,7.340000152587891,7500
2018-10-04,7.260000228881836,7.289999961853027,7.170000076293945,7.239999771118164,3000
2018-10-05,7.300000190734863,7.340000152587891,7.300000190734863,7.300000190734863,3800
2018-10-08,7.349999904632568,7.349999904632568,7.010000228881836,7.010000228881836,1900
2018-10-09,7.260000228881836,7.320000171661377,7.199999809265137,7.199999809265137,5600
2018-10-10,7.300000190734863,7.380000114440918,7.199999809265137,7.199999809265137,16000
2018-10-11,7.28000020980835,7.320000171661377,7.170000076293945,7.239999771118164,13000
2018-10-12,7.269999980926514,7.320000171661377,7.199999809265137,7.28000020980835,7200
2018-10-15,7.21999979019165,7.239999771118164,6.849999904632568,7.070000171661377,11000
2018-10-16,7.190000057220459,7.269999980926514,6.789999961853027,7.269999980926514,41300
2018-10-17,8.0,8.010000228881836,7.510000228881836,7.730000019073486,36400
2018-10-18,7.829999923706055,7.829999923706055,7.449999809265137,7.789999961853027,13700
2018-10-19,7.800000190734863,7.800000190734863,7.510000228881836,7.539999961853027,3000
2018-10-22,7.599999904632568,7.75,7.559999942779541,7.639999866485596,2200
2018-10-23,7.559999942779541,7.559999942779541,7.300000190734863,7.320000171661377,4300
2018-10-24,7.309999942779541,7.449999809265137,7.309999942779541,7.369999885559082,5600
2018-10-25,7.769999980926514,7.789999961853027,7.289999961853027,7.300000190734863,11700
2018-10-26,7.570000171661377,7.570000171661377,7.260000228881836,7.260000228881836,4100
2018-10-29,7.510000228881836,7.510000228881836,7.260000228881836,7.28000020980835,3600
2018-10-30,7.329999923706055,7.360000133514404,7.25,7.269999980926514,7100
2018-10-31,7.5,7.5,7.099999904632568,7.099999904632568,3700
2018-11-01,7.239999771118164,7.239999771118164,7.239999771118164,7.239999771118164,600
2018-11-02,7.230000019073486,7.269999980926514,7.150000095367432,7.159999847412109,3200
2018-11-05,7.099999904632568,7.309999942779541,7.099999904632568,7.150000095367432,1000
2018-11-06,7.150000095367432,7.150000095367432,7.150000095367432,7.150000095367432,100
2018-11-07,7.150000095367432,7.150000095367432,7.150000095367432,7.150000095367432,2600
2018-11-08,7.179999828338623,7.199999809265137,7.150000095367432,7.199999809265137,4700
2018-11-09,7.190000057220459,7.21999979019165,7.190000057220459,7.199999809265137,8700
2018-11-12,7.099999904632568,7.119999885559082,7.019999980926514,7.019999980926514,15400
2018-11-13,7.010000228881836,7.079999923706055,6.860000133514404,6.96999979019165,9700
2018-11-14,6.929999828338623,6.929999828338623,6.699999809265137,6.820000171661377,16100
2018-11-15,6.730000019073486,6.840000152587891,6.710000038146973,6.710000038146973,9600
2018-11-16,6.650000095367432,6.820000171661377,6.550000190734863,6.699999809265137,22500
2018-11-19,6.769999980926514,6.769999980926514,6.409999847412109,6.679999828338623,14400
2018-11-20,6.5,6.579999923706055,6.25,6.269999980926514,33900
2018-11-21,6.300000190734863,6.5,6.300000190734863,6.5,11500
2018-11-23,6.369999885559082,6.369999885559082,6.369999885559082,6.369999885559082,1000
2018-11-26,6.5,6.5,5.730000019073486,6.099999904632568,149000
2018-11-27,6.139999866485596,6.239999771118164,6.139999866485596,6.230000019073486,10900
2018-11-28,6.340000152587891,6.400000095367432,6.230000019073486,6.400000095367432,9100
2018-11-29,6.380000114440918,6.5,6.320000171661377,6.340000152587891,4400
2018-11-30,6.489999771118164,6.800000190734863,6.420000076293945,6.590000152587891,2200
2018-12-03,6.650000095367432,6.650000095367432,6.260000228881836,6.260000228881836,1100
2018-12-04,6.239999771118164,6.860000133514404,6.239999771118164,6.300000190734863,3800
2018-12-06,6.199999809265137,6.210000038146973,6.150000095367432,6.199999809265137,9500
2018-12-07,6.300000190734863,6.329999923706055,6.050000190734863,6.159999847412109,8500
2018-12-10,6.059999942779541,6.25,6.059999942779541,6.150000095367432,6700
2018-12-11,6.199999809265137,6.21999979019165,6.050000190734863,6.199999809265137,10800
2018-12-12,6.190000057220459,6.190000057220459,6.110000133514404,6.139999866485596,2500
2018-12-13,6.130000114440918,6.150000095367432,6.010000228881836,6.050000190734863,9300
2018-12-14,6.210000038146973,6.300000190734863,5.960000038146973,6.050000190734863,101200
2018-12-17,5.989999771118164,6.059999942779541,5.960000038146973,5.989999771118164,3500
2018-12-18,5.989999771118164,5.989999771118164,5.949999809265137,5.949999809265137,4400
2018-12-19,5.980000019073486,6.170000076293945,5.949999809265137,6.170000076293945,4100
2018-12-20,6.170000076293945,6.230000019073486,5.949999809265137,5.949999809265137,4400
2018-12-21,5.949999809265137,6.079999923706055,5.949999809265137,5.949999809265137,17100
2018-12-24,5.949999809265137,5.989999771118164,5.820000171661377,5.829999923706055,17000
2018-12-26,5.869999885559082,5.989999771118164,5.849999904632568,5.909999847412109,14900
2018-12-27,5.78000020980835,6.0,5.400000095367432,5.400000095367432,11300
2018-12-28,5.389999866485596,5.739999771118164,5.380000114440918,5.739999771118164,12500
2018-12-31,5.570000171661377,5.75,5.570000171661377,5.679999828338623,4400
2019-01-02,5.650000095367432,5.989999771118164,5.599999904632568,5.989999771118164,4600
2019-01-03,5.809999942779541,5.809999942779541,5.510000228881836,5.510000228881836,600
2019-01-04,5.550000190734863,5.989999771118164,5.550000190734863,5.989999771118164,58900
2019-01-07,5.900000095367432,5.900000095367432,5.760000228881836,5.760000228881836,2900
2019-01-08,5.760000228881836,5.829999923706055,5.75,5.789999961853027,4400
2019-01-09,5.760000228881836,5.760000228881836,5.760000228881836,5.760000228881836,200
2019-01-10,5.960000038146973,5.980000019073486,5.550000190734863,5.550000190734863,5000
2019-01-11,5.579999923706055,5.900000095367432,5.579999923706055,5.849999904632568,14400
2019-01-14,5.71999979019165,5.900000095367432,5.599999904632568,5.599999904632568,18100
2019-01-15,5.639999866485596,5.809999942779541,5.639999866485596,5.699999809265137,20300
2019-01-16,5.78000020980835,5.800000190734863,5.699999809265137,5.699999809265137,15100
2019-01-17,5.699999809265137,5.78000020980835,5.699999809265137,5.710000038146973,7600
2019-01-18,5.75,5.829999923706055,5.75,5.800000190734863,32200
2019-01-22,5.800000190734863,6.360000133514404,5.800000190734863,5.849999904632568,19800
2019-01-23,5.820000171661377,5.900000095367432,5.820000171661377,5.900000095367432,8200
2019-01-24,5.829999923706055,6.190000057220459,5.71999979019165,5.800000190734863,18800
2019-01-25,5.789999961853027,5.920000076293945,5.769999980926514,5.769999980926514,32900
2019-01-28,5.769999980926514,6.059999942779541,5.769999980926514,5.789999961853027,16900
2019-01-29,5.769999980926514,5.800000190734863,5.550000190734863,5.760000228881836,21000
2019-01-30,5.75,5.800000190734863,5.710000038146973,5.75,3600
2019-01-31,5.809999942779541,5.809999942779541,5.809999942779541,5.809999942779541,600
2019-02-01,5.75,5.75,5.630000114440918,5.75,2100
2019-02-04,5.739999771118164,6.0,5.699999809265137,5.71999979019165,22400
2019-02-05,5.739999771118164,5.739999771118164,5.650000095367432,5.650000095367432,12100
2019-02-06,5.650000095367432,5.690000057220459,5.650000095367432,5.650000095367432,2400
2019-02-07,5.650000095367432,5.650000095367432,5.650000095367432,5.650000095367432,200
2019-02-08,5.670000076293945,5.690000057220459,5.650000095367432,5.650000095367432,900
2019-02-11,5.659999847412109,5.659999847412109,5.650000095367432,5.650000095367432,1100
2019-02-12,5.699999809265137,5.75,5.670000076293945,5.670000076293945,3100
2019-02-13,5.619999885559082,5.639999866485596,5.610000133514404,5.630000114440918,15500
2019-02-14,5.630000114440918,5.650000095367432,5.599999904632568,5.599999904632568,6800
2019-02-15,5.670000076293945,5.670000076293945,5.599999904632568,5.599999904632568,11300
2019-02-19,5.630000114440918,5.989999771118164,5.599999904632568,5.989999771118164,24700
2019-02-20,5.710000038146973,5.710000038146973,5.599999904632568,5.599999904632568,36700
2019-02-21,5.599999904632568,5.630000114440918,5.599999904632568,5.599999904632568,2300
2019-02-22,5.619999885559082,5.619999885559082,5.570000171661377,5.599999904632568,17900
2019-02-25,5.579999923706055,5.650000095367432,5.579999923706055,5.639999866485596,12800
2019-02-26,5.639999866485596,5.650000095367432,5.599999904632568,5.599999904632568,2200
2019-02-27,5.599999904632568,5.71999979019165,5.599999904632568,5.71999979019165,1600
2019-02-28,5.630000114440918,5.650000095367432,5.630000114440918,5.650000095367432,400
2019-03-01,5.699999809265137,5.760000228881836,5.579999923706055,5.639999866485596,2200
2019-03-04,5.639999866485596,5.639999866485596,5.639999866485596,5.639999866485596,100
2019-03-05,5.599999904632568,5.599999904632568,5.579999923706055,5.579999923706055,8400
2019-03-06,5.71999979019165,5.71999979019165,5.5,5.53000020980835,9200
2019-03-07,5.840000152587891,5.840000152587891,5.5,5.519999980926514,76300
2019-03-08,5.519999980926514,5.679999828338623,5.269999980926514,5.5,16800
2019-03-11,5.5,5.53000020980835,5.480000019073486,5.510000228881836,9900
2019-03-12,5.519999980926514,5.679999828338623,5.510000228881836,5.650000095367432,10800
2019-03-13,5.690000057220459,6.289999961853027,5.679999828338623,6.099999904632568,26400
2019-03-14,6.150000095367432,6.599999904632568,6.150000095367432,6.210000038146973,20700
2019-03-15,6.210000038146973,6.210000038146973,6.210000038146973,6.210000038146973,100
2019-03-18,6.360000133514404,6.489999771118164,6.349999904632568,6.349999904632568,2600
2019-03-19,6.349999904632568,6.349999904632568,6.349999904632568,6.349999904632568,100
2019-03-20,6.699999809265137,6.949999809265137,6.289999961853027,6.289999961853027,4100
2019-03-21,6.139999866485596,6.150000095367432,6.139999866485596,6.150000095367432,1500
2019-03-22,6.159999847412109,6.25,6.150000095367432,6.25,1400
2019-03-25,6.159999847412109,6.159999847412109,6.159999847412109,6.159999847412109,200
2019-03-26,6.28000020980835,6.28000020980835,6.119999885559082,6.150000095367432,3200
2019-03-27,6.119999885559082,6.119999885559082,5.940000057220459,5.949999809265137,4100
2019-03-28,6.03000020980835,6.03000020980835,5.75,5.75,700
2019-03-29,5.840000152587891,6.010000228881836,5.840000152587891,6.0,3000
2019-04-01,6.039999961853027,6.039999961853027,5.929999828338623,5.989999771118164,2000
2019-04-02,5.940000057220459,6.0,5.900000095367432,5.909999847412109,2500
2019-04-03,5.940000057220459,6.0,5.900000095367432,5.900000095367432,1800
2019-04-04,5.929999828338623,5.929999828338623,5.150000095367432,5.590000152587891,27100
2019-04-05,5.519999980926514,6.0,5.519999980926514,6.0,5500
2019-04-08,5.900000095367432,5.900000095367432,5.75,5.75,1200
2019-04-09,6.010000228881836,6.03000020980835,5.820000171661377,5.820000171661377,1500
2019-04-10,5.849999904632568,5.849999904632568,5.809999942779541,5.820000171661377,1700
2019-04-11,5.849999904632568,5.849999904632568,5.849999904632568,5.849999904632568,1400
2019-04-12,5.78000020980835,5.820000171661377,5.78000020980835,5.789999961853027,2200
2019-04-15,5.699999809265137,5.699999809265137,5.610000133514404,5.619999885559082,6200
2019-04-16,5.699999809265137,5.760000228881836,5.53000020980835,5.559999942779541,51900
2019-04-17,5.53000020980835,5.789999961853027,5.53000020980835,5.610000133514404,22300
2019-04-18,5.909999847412109,5.909999847412109,5.909999847412109,5.909999847412109,500
2019-04-22,5.809999942779541,5.809999942779541,5.800000190734863,5.800000190734863,1600
2019-04-23,5.650000095367432,5.909999847412109,5.610000133514404,5.659999847412109,30200
2019-04-24,5.630000114440918,5.769999980926514,5.610000133514404,5.610000133514404,34000
2019-04-25,5.639999866485596,5.75,5.639999866485596,5.679999828338623,15300
2019-04-26,5.679999828338623,5.71999979019165,5.5,5.570000171661377,16400
2019-04-29,5.510000228881836,5.690000057220459,5.510000228881836,5.690000057220459,1600
2019-04-30,5.659999847412109,6.099999904632568,5.650000095367432,6.050000190734863,10800
2019-05-01,5.960000038146973,5.989999771118164,5.849999904632568,5.849999904632568,1700
2019-05-02,5.989999771118164,5.989999771118164,5.71999979019165,5.989999771118164,13400
2019-05-03,5.989999771118164,5.989999771118164,5.989999771118164,5.989999771118164,100
2019-05-06,5.989999771118164,5.989999771118164,5.639999866485596,5.989999771118164,800
2019-05-07,5.730000019073486,5.989999771118164,5.730000019073486,5.989999771118164,1600
2019-05-08,5.690000057220459,5.809999942779541,5.670000076293945,5.730000019073486,9800
2019-05-09,5.75,5.800000190734863,5.739999771118164,5.800000190734863,5200
2019-05-10,5.849999904632568,5.860000133514404,5.690000057220459,5.800000190734863,900
2019-05-13,5.679999828338623,5.96999979019165,5.679999828338623,5.849999904632568,5500
2019-05-14,5.869999885559082,5.869999885559082,5.849999904632568,5.860000133514404,900
2019-05-15,5.800000190734863,5.849999904632568,5.769999980926514,5.809999942779541,34300
2019-05-16,5.809999942779541,5.809999942779541,5.809999942779541,5.809999942779541,100
2019-05-17,5.789999961853027,5.860000133514404,5.789999961853027,5.860000133514404,700
2019-05-20,5.860000133514404,5.860000133514404,5.860000133514404,5.860000133514404,300
2019-05-21,5.789999961853027,5.860000133514404,5.75,5.860000133514404,2200
2019-05-22,5.860000133514404,5.860000133514404,5.75,5.789999961853027,3600
2019-05-23,5.75,5.789999961853027,5.75,5.769999980926514,7100
2019-05-24,5.849999904632568,5.849999904632568,5.75,5.75,1900
2019-05-28,5.769999980926514,5.769999980926514,5.570000171661377,5.760000228881836,15600
2019-05-29,5.75,5.75,5.75,5.75,600
2019-05-30,5.75,5.760000228881836,5.5,5.5,38500
2019-05-31,5.71999979019165,5.71999979019165,5.010000228881836,5.179999828338623,54400
2019-06-03,5.190000057220459,5.489999771118164,5.190000057220459,5.380000114440918,18300
2019-06-04,5.519999980926514,6.0,5.510000228881836,5.539999961853027,8500
2019-06-05,5.800000190734863,5.800000190734863,4.920000076293945,4.929999828338623,88100
2019-06-06,5.0,5.139999866485596,4.900000095367432,5.139999866485596,37100
2019-06-07,5.090000152587891,5.329999923706055,5.090000152587891,5.099999904632568,12000
2019-06-10,5.679999828338623,5.679999828338623,5.019999980926514,5.210000038146973,14200
2019-06-11,5.079999923706055,6.159999847412109,5.079999923706055,5.510000228881836,50800
2019-06-12,5.599999904632568,6.139999866485596,5.489999771118164,5.489999771118164,15200
2019-06-13,5.929999828338623,5.960000038146973,5.630000114440918,5.800000190734863,8600
2019-06-14,5.809999942779541,5.960000038146973,5.800000190734863,5.800000190734863,6900
2019-06-17,5.960000038146973,5.960000038146973,5.630000114440918,5.809999942779541,7200
2019-06-18,5.800000190734863,5.96999979019165,5.739999771118164,5.820000171661377,6000
2019-06-19,5.920000076293945,5.920000076293945,5.75,5.820000171661377,700
2019-06-20,5.849999904632568,5.929999828338623,5.730000019073486,5.820000171661377,10900
2019-06-21,5.800000190734863,5.989999771118164,5.800000190734863,5.989999771118164,2700
2019-06-24,5.989999771118164,5.989999771118164,5.869999885559082,5.880000114440918,4000
2019-06-25,5.860000133514404,5.860000133514404,5.860000133514404,5.860000133514404,1100
2019-06-26,5.360000133514404,5.699999809265137,5.360000133514404,5.619999885559082,5900
2019-06-27,5.519999980926514,5.519999980926514,5.309999942779541,5.449999809265137,6100
2019-06-28,5.449999809265137,5.5,5.449999809265137,5.5,4400
2019-07-01,5.920000076293945,5.980000019073486,5.869999885559082,5.960000038146973,11900
2019-07-02,5.849999904632568,5.929999828338623,5.550000190734863,5.929999828338623,9700
2019-07-03,5.869999885559082,5.869999885559082,5.550000190734863,5.559999942779541,3300
2019-07-05,5.559999942779541,5.710000038146973,5.559999942779541,5.690000057220459,700
2019-07-08,5.679999828338623,5.769999980926514,5.550000190734863,5.690000057220459,6500
2019-07-09,5.690000057220459,5.900000095367432,5.690000057220459,5.900000095367432,2700
2019-07-10,5.800000190734863,5.980000019073486,5.75,5.980000019073486,16300
2019-07-11,5.78000020980835,5.989999771118164,5.78000020980835,5.989999771118164,10900
2019-07-12,5.820000171661377,5.989999771118164,5.75,5.989999771118164,8500
2019-07-15,5.789999961853027,5.789999961853027,5.789999961853027,5.789999961853027,100
2019-07-16,5.769999980926514,5.900000095367432,5.769999980926514,5.900000095367432,2700
2019-07-17,5.829999923706055,5.829999923706055,5.829999923706055,5.829999923706055,300
2019-07-18,5.769999980926514,5.769999980926514,5.5,5.75,3600
2019-07-19,5.75,5.75,5.75,5.75,200
2019-07-22,5.849999904632568,5.989999771118164,5.800000190734863,5.980000019073486,6500
2019-07-23,5.980000019073486,6.0,5.880000114440918,5.96999979019165,6200
2019-07-24,5.909999847412109,6.0,5.849999904632568,6.0,6800
2019-07-25,5.920000076293945,5.960000038146973,5.860000133514404,5.860000133514404,2200
2019-07-26,6.019999980926514,6.019999980926514,5.869999885559082,5.869999885559082,2100
2019-07-29,5.840000152587891,5.940000057220459,5.809999942779541,5.849999904632568,3300
2019-07-30,5.940000057220459,5.940000057220459,5.849999904632568,5.940000057220459,2500
2019-07-31,6.0,6.0,5.929999828338623,5.929999828338623,6700
2019-08-01,5.889999866485596,6.050000190734863,5.760000228881836,5.760000228881836,6300
2019-08-02,5.949999809265137,5.949999809265137,5.5,5.900000095367432,10500
2019-08-05,5.800000190734863,6.050000190734863,5.630000114440918,5.869999885559082,13300
2019-08-06,5.929999828338623,5.929999828338623,5.800000190734863,5.800000190734863,2000
2019-08-07,5.760000228881836,5.760000228881836,5.590000152587891,5.75,4400
2019-08-08,5.840000152587891,5.840000152587891,5.5,5.510000228881836,4200
2019-08-09,5.769999980926514,5.769999980926514,5.199999809265137,5.53000020980835,25800
2019-08-12,5.420000076293945,5.610000133514404,5.260000228881836,5.480000019073486,3900
2019-08-13,5.519999980926514,5.550000190734863,5.449999809265137,5.449999809265137,1900
2019-08-14,5.199999809265137,5.260000228881836,5.059999942779541,5.199999809265137,4800
2019-08-15,5.179999828338623,5.300000190734863,4.900000095367432,4.900000095367432,21000
2019-08-16,4.940000057220459,4.940000057220459,4.5,4.5,50900
2019-08-19,4.519999980926514,4.75,4.480000019073486,4.679999828338623,13100
2019-08-20,4.610000133514404,4.889999866485596,4.519999980926514,4.570000171661377,18800
2019-08-21,4.739999771118164,4.739999771118164,4.639999866485596,4.71999979019165,5100
2019-08-22,4.679999828338623,4.71999979019165,4.619999885559082,4.679999828338623,2000
2019-08-23,4.630000114440918,4.639999866485596,4.179999828338623,4.599999904632568,11100
2019-08-26,4.630000114440918,4.96999979019165,4.630000114440918,4.960000038146973,86400
2019-08-27,4.920000076293945,4.920000076293945,4.650000095367432,4.650000095367432,3100
2019-08-28,4.619999885559082,4.619999885559082,4.369999885559082,4.46999979019165,7400
2019-08-29,4.440000057220459,4.849999904632568,4.440000057220459,4.789999961853027,20100
2019-08-30,4.760000228881836,4.760000228881836,4.550000190734863,4.550000190734863,13700
2019-09-03,4.5,4.550000190734863,4.389999866485596,4.400000095367432,10700
2019-09-04,4.559999942779541,4.619999885559082,4.400000095367432,4.400000095367432,5700
2019-09-05,4.360000133514404,4.539999961853027,4.360000133514404,4.369999885559082,20500
2019-09-06,4.340000152587891,4.429999828338623,4.190000057220459,4.28000020980835,19800
2019-09-09,4.210000038146973,4.679999828338623,4.210000038146973,4.5,29200
2019-09-10,4.380000114440918,4.739999771118164,4.300000190734863,4.300000190734863,16900
2019-09-11,4.349999904632568,4.460000038146973,4.269999980926514,4.449999809265137,21000
2019-09-12,4.420000076293945,4.420000076293945,4.380000114440918,4.380000114440918,5900
2019-09-13,4.369999885559082,4.369999885559082,4.300000190734863,4.300000190734863,7400
2019-09-16,4.349999904632568,4.420000076293945,4.340000152587891,4.369999885559082,23600
2019-09-17,4.360000133514404,4.429999828338623,3.9100000858306885,4.039999961853027,63400
2019-09-18,4.039999961853027,4.329999923706055,4.039999961853027,4.28000020980835,38800
2019-09-19,4.28000020980835,4.349999904632568,3.9600000381469727,4.050000190734863,29700
2019-09-20,4.170000076293945,4.369999885559082,4.159999847412109,4.369999885559082,10000
2019-09-23,4.110000133514404,4.610000133514404,4.110000133514404,4.369999885559082,8900
2019-09-24,4.53000020980835,4.860000133514404,4.449999809265137,4.449999809265137,31300
2019-09-25,4.53000020980835,4.650000095367432,4.53000020980835,4.650000095367432,2000
2019-09-26,4.519999980926514,4.690000057220459,4.449999809265137,4.5,13700
2019-09-27,4.679999828338623,5.0,4.539999961853027,4.550000190734863,6100
2019-09-30,4.739999771118164,4.860000133514404,4.630000114440918,4.650000095367432,30200
2019-10-01,4.599999904632568,4.75,4.570000171661377,4.610000133514404,28900
2019-10-02,4.599999904632568,4.670000076293945,4.5,4.5,18500
2019-10-03,4.53000020980835,4.619999885559082,4.5,4.510000228881836,8200
2019-10-04,4.510000228881836,4.679999828338623,4.5,4.5,13900
2019-10-07,4.53000020980835,4.53000020980835,4.5,4.510000228881836,8700
2019-10-08,4.510000228881836,4.559999942779541,4.510000228881836,4.53000020980835,12900
2019-10-09,4.449999809265137,4.539999961853027,4.409999847412109,4.449999809265137,9400
2019-10-10,4.449999809265137,4.460000038146973,4.400000095367432,4.420000076293945,8200
2019-10-11,4.5,4.699999809265137,4.5,4.699999809265137,13800
2019-10-14,4.679999828338623,4.730000019073486,4.550000190734863,4.599999904632568,7300
2019-10-15,4.699999809265137,4.869999885559082,4.650000095367432,4.760000228881836,21100
2019-10-16,4.710000038146973,4.710000038146973,4.599999904632568,4.599999904632568,25300
2019-10-17,4.590000152587891,4.699999809265137,4.579999923706055,4.599999904632568,9400
2019-10-18,4.519999980926514,4.53000020980835,4.519999980926514,4.53000020980835,4200
2019-10-21,4.349999904632568,4.96999979019165,4.349999904632568,4.829999923706055,49700
2019-10-22,4.809999942779541,5.050000190734863,4.78000020980835,5.019999980926514,11200
2019-10-23,4.989999771118164,5.03000020980835,4.989999771118164,5.03000020980835,10400
2019-10-24,5.03000020980835,5.039999961853027,5.019999980926514,5.019999980926514,1700
2019-10-25,5.019999980926514,5.110000133514404,5.019999980926514,5.110000133514404,12300
2019-10-28,5.059999942779541,5.119999885559082,5.059999942779541,5.119999885559082,5300
2019-10-29,5.059999942779541,5.110000133514404,5.059999942779541,5.070000171661377,3400
2019-10-30,5.139999866485596,5.139999866485596,5.079999923706055,5.079999923706055,12600
2019-10-31,5.090000152587891,5.130000114440918,5.019999980926514,5.079999923706055,4800
2019-11-01,5.079999923706055,5.079999923706055,5.079999923706055,5.079999923706055,1000
2019-11-04,5.099999904632568,5.099999904632568,5.059999942779541,5.099999904632568,2100
2019-11-05,5.059999942779541,5.059999942779541,4.880000114440918,4.96999979019165,10200
2019-11-06,4.900000095367432,5.099999904632568,4.900000095367432,5.039999961853027,9400
2019-11-07,5.150000095367432,5.179999828338623,5.03000020980835,5.119999885559082,2000
2019-11-08,5.110000133514404,5.110000133514404,5.039999961853027,5.070000171661377,10100
2019-11-11,5.03000020980835,5.059999942779541,5.03000020980835,5.059999942779541,300
2019-11-12,5.070000171661377,5.090000152587891,5.070000171661377,5.090000152587891,2100
2019-11-13,5.03000020980835,5.050000190734863,5.03000020980835,5.050000190734863,5800
2019-11-14,5.099999904632568,5.150000095367432,5.059999942779541,5.059999942779541,3400
2019-11-15,5.099999904632568,5.199999809265137,5.059999942779541,5.130000114440918,13100
2019-11-18,5.139999866485596,5.159999847412109,5.130000114440918,5.130000114440918,3400
2019-11-19,5.179999828338623,5.260000228881836,5.170000076293945,5.170000076293945,19800
2019-11-20,5.210000038146973,5.269999980926514,5.119999885559082,5.119999885559082,4200
2019-11-21,5.070000171661377,5.179999828338623,5.070000171661377,5.139999866485596,4200
2019-11-22,5.110000133514404,5.199999809265137,5.110000133514404,5.150000095367432,1100
2019-11-25,5.199999809265137,5.300000190734863,5.199999809265137,5.28000020980835,1700
2019-11-26,5.199999809265137,5.420000076293945,5.099999904632568,5.239999771118164,15800
2019-11-27,5.190000057220459,5.300000190734863,5.190000057220459,5.300000190734863,400
2019-11-29,5.21999979019165,5.21999979019165,5.21999979019165,5.21999979019165,300
2019-12-02,5.110000133514404,5.210000038146973,5.099999904632568,5.099999904632568,22700
2019-12-03,5.099999904632568,5.360000133514404,5.099999904632568,5.150000095367432,13500
2019-12-04,5.130000114440918,5.28000020980835,5.099999904632568,5.150000095367432,3300
2019-12-05,5.150000095367432,5.150000095367432,5.150000095367432,5.150000095367432,0
2019-12-06,5.110000133514404,5.190000057220459,5.110000133514404,5.150000095367432,2100
2019-12-09,5.210000038146973,5.289999961853027,5.099999904632568,5.130000114440918,2700
2019-12-10,5.360000133514404,5.360000133514404,5.110000133514404,5.150000095367432,23000
2019-12-11,5.190000057220459,5.190000057220459,5.099999904632568,5.150000095367432,11100
2019-12-12,5.150000095367432,5.210000038146973,5.130000114440918,5.170000076293945,4300
2019-12-13,5.099999904632568,5.199999809265137,5.099999904632568,5.199999809265137,15800
2019-12-16,5.139999866485596,5.230000019073486,5.099999904632568,5.099999904632568,18400
2019-12-17,5.130000114440918,5.139999866485596,4.820000171661377,4.820000171661377,17600
2019-12-18,4.980000019073486,5.380000114440918,4.96999979019165,5.010000228881836,47800
2019-12-19,5.090000152587891,5.179999828338623,5.079999923706055,5.139999866485596,10300
2019-12-20,5.199999809265137,5.25,5.0,5.21999979019165,107100
2019-12-23,5.21999979019165,5.340000152587891,5.21999979019165,5.300000190734863,3700
2019-12-24,5.360000133514404,5.550000190734863,5.360000133514404,5.550000190734863,1500
2019-12-26,5.550000190734863,5.550000190734863,5.289999961853027,5.289999961853027,12900
2019-12-27,5.300000190734863,5.389999866485596,5.300000190734863,5.389999866485596,18200
2019-12-30,5.369999885559082,5.690000057220459,5.369999885559082,5.690000057220459,61100
2019-12-31,5.690000057220459,5.809999942779541,5.690000057220459,5.710000038146973,3000
2020-01-02,5.809999942779541,5.820000171661377,5.739999771118164,5.739999771118164,3100
2020-01-03,5.800000190734863,5.809999942779541,5.730000019073486,5.730000019073486,5400
2020-01-06,5.550000190734863,5.800000190734863,5.550000190734863,5.710000038146973,7300
2020-01-07,5.590000152587891,5.690000057220459,5.590000152587891,5.599999904632568,1300
2020-01-08,5.650000095367432,5.789999961853027,5.650000095367432,5.730000019073486,17800
2020-01-09,5.75,5.75,5.75,5.75,500
2020-01-10,5.75,5.760000228881836,5.75,5.760000228881836,1000
2020-01-13,5.789999961853027,5.789999961853027,5.300000190734863,5.320000171661377,19300
2020-01-14,5.409999847412109,5.46999979019165,5.309999942779541,5.320000171661377,4200
2020-01-15,5.320000171661377,5.320000171661377,5.320000171661377,5.320000171661377,0
2020-01-16,5.400000095367432,5.400000095367432,5.239999771118164,5.239999771118164,10100
2020-01-17,5.239999771118164,5.239999771118164,5.239999771118164,5.239999771118164,0
2020-01-21,5.210000038146973,5.289999961853027,5.199999809265137,5.289999961853027,3300
2020-01-22,5.309999942779541,5.309999942779541,5.309999942779541,5.309999942779541,400
2020-01-23,5.360000133514404,5.409999847412109,5.199999809265137,5.349999904632568,10400
2020-01-24,5.400000095367432,5.449999809265137,5.400000095367432,5.429999828338623,1100
2020-01-27,5.369999885559082,5.679999828338623,5.349999904632568,5.559999942779541,26800
2020-01-28,5.619999885559082,5.650000095367432,5.550000190734863,5.650000095367432,12500
2020-01-29,5.690000057220459,5.699999809265137,5.659999847412109,5.679999828338623,8800
2020-01-30,5.710000038146973,5.730000019073486,5.650000095367432,5.679999828338623,7900
2020-01-31,5.599999904632568,5.739999771118164,5.420000076293945,5.650000095367432,35200
2020-02-03,5.650000095367432,5.739999771118164,5.409999847412109,5.420000076293945,41800
2020-02-04,5.53000020980835,5.590000152587891,5.400000095367432,5.46999979019165,30700
2020-02-05,5.519999980926514,5.599999904632568,5.309999942779541,5.5,28900
2020-02-06,5.510000228881836,5.599999904632568,5.429999828338623,5.480000019073486,39400
2020-02-07,5.480000019073486,5.510000228881836,5.320000171661377,5.380000114440918,30600
2020-02-10,5.400000095367432,5.449999809265137,5.25,5.25,11200
2020-02-11,5.400000095367432,5.400000095367432,5.070000171661377,5.139999866485596,61200
2020-02-12,5.260000228881836,5.269999980926514,5.179999828338623,5.230000019073486,14300
2020-02-13,5.340000152587891,5.340000152587891,5.139999866485596,5.159999847412109,42200
2020-02-14,5.139999866485596,5.519999980926514,5.130000114440918,5.190000057220459,29500
2020-02-18,5.199999809265137,5.739999771118164,5.099999904632568,5.739999771118164,4000
2020-02-19,5.179999828338623,5.650000095367432,5.079999923706055,5.130000114440918,35900
2020-02-20,5.21999979019165,5.300000190734863,5.110000133514404,5.150000095367432,15700
2020-02-21,5.159999847412109,5.179999828338623,5.019999980926514,5.019999980926514,17700
2020-02-24,4.980000019073486,4.980000019073486,4.699999809265137,4.96999979019165,64300
2020-02-25,4.820000171661377,4.960000038146973,4.75,4.789999961853027,99600
2020-02-26,4.710000038146973,5.659999847412109,4.599999904632568,5.460000038146973,202200
2020-02-27,5.360000133514404,5.360000133514404,4.920000076293945,4.920000076293945,15300
2020-02-28,5.389999866485596,5.619999885559082,5.079999923706055,5.079999923706055,5100
2020-03-02,4.920000076293945,5.079999923706055,4.800000190734863,4.800000190734863,61900
2020-03-03,4.800000190734863,5.0,4.75,4.900000095367432,43300
2020-03-04,4.909999847412109,4.96999979019165,4.699999809265137,4.929999828338623,30500
2020-03-05,4.940000057220459,4.940000057220459,4.730000019073486,4.730000019073486,5200
2020-03-06,4.699999809265137,4.710000038146973,4.599999904632568,4.599999904632568,27500
2020-03-09,4.480000019073486,4.480000019073486,4.150000095367432,4.25,27100
2020-03-10,4.349999904632568,4.460000038146973,4.289999961853027,4.289999961853027,39800
2020-03-11,4.289999961853027,4.309999942779541,3.7200000286102295,4.190000057220459,91600
2020-03-12,4.019999980926514,4.019999980926514,3.799999952316284,3.990000009536743,79100
2020-03-13,4.110000133514404,4.25,3.859999895095825,4.059999942779541,20500
2020-03-16,3.5799999237060547,3.9200000762939453,3.5,3.6600000858306885,19700
2020-03-17,3.640000104904175,3.75,3.299999952316284,3.6700000762939453,41200
2020-03-18,3.7699999809265137,3.7699999809265137,3.25,3.25,9400
2020-03-19,3.430000066757202,3.430000066757202,3.2899999618530273,3.4000000953674316,3900
2020-03-20,3.8399999141693115,3.8399999141693115,3.25,3.25,16500
2020-03-23,3.130000114440918,3.2200000286102295,2.9200000762939453,2.9700000286102295,32800
2020-03-24,3.0799999237060547,3.700000047683716,2.9600000381469727,3.569999933242798,43900
2020-03-25,3.6600000858306885,4.070000171661377,3.6600000858306885,3.759999990463257,19200
2020-03-26,3.9600000381469727,3.990000009536743,3.9200000762939453,3.9600000381469727,4700
2020-03-27,3.6500000953674316,3.6500000953674316,3.6500000953674316,3.6500000953674316,300
2020-03-30,3.759999990463257,3.759999990463257,3.5199999809265137,3.5299999713897705,8300
2020-03-31,3.5799999237060547,3.5999999046325684,3.5799999237060547,3.5999999046325684,700
2020-04-01,3.5299999713897705,3.5999999046325684,3.1500000953674316,3.1600000858306885,13100
2020-04-02,3.3499999046325684,3.380000114440918,3.0999999046325684,3.0999999046325684,2000
2020-04-03,3.4000000953674316,3.4000000953674316,3.0999999046325684,3.0999999046325684,2700
2020-04-06,3.3399999141693115,3.4600000381469727,3.299999952316284,3.3299999237060547,17700
2020-04-07,3.440000057220459,3.5899999141693115,3.359999895095825,3.359999895095825,8200
2020-04-08,3.359999895095825,3.690000057220459,3.359999895095825,3.619999885559082,2100
2020-04-09,3.740000009536743,3.869999885559082,3.630000114440918,3.630000114440918,11100
2020-04-13,3.700000047683716,3.809999942779541,3.690000057220459,3.75,6500
2020-04-14,3.799999952316284,4.0,3.799999952316284,4.0,2000
2020-04-15,3.809999942779541,3.990000009536743,3.7799999713897705,3.990000009536743,1600
2020-04-16,4.21999979019165,4.21999979019165,3.880000114440918,4.079999923706055,4600
2020-04-17,4.079999923706055,4.079999923706055,4.079999923706055,4.079999923706055,0
2020-04-20,3.799999952316284,3.799999952316284,3.7799999713897705,3.7799999713897705,700
2020-04-21,3.7799999713897705,3.880000114440918,3.75,3.880000114440918,1400
2020-04-22,3.7799999713897705,3.950000047683716,3.7200000286102295,3.799999952316284,8900
2020-04-23,3.799999952316284,3.8399999141693115,3.1600000858306885,3.4600000381469727,27800
2020-04-24,3.4600000381469727,3.7200000286102295,3.450000047683716,3.6500000953674316,5000
2020-04-27,3.690000057220459,3.8499999046325684,3.690000057220459,3.7899999618530273,4400
2020-04-28,3.8499999046325684,3.890000104904175,3.640000104904175,3.819999933242798,10800
2020-04-29,3.759999990463257,3.990000009536743,3.759999990463257,3.9700000286102295,18200
2020-04-30,4.019999980926514,4.019999980926514,3.9600000381469727,3.9700000286102295,2800
2020-05-01,3.9000000953674316,3.930000066757202,3.7799999713897705,3.7899999618530273,6500
2020-05-04,3.7799999713897705,3.880000114440918,3.7799999713897705,3.880000114440918,700
2020-05-05,3.890000104904175,3.890000104904175,3.880000114440918,3.880000114440918,700
2020-05-06,3.7799999713897705,3.9000000953674316,3.4700000286102295,3.700000047683716,12900
2020-05-07,3.700000047683716,3.700000047683716,3.700000047683716,3.700000047683716,0
2020-05-08,3.799999952316284,3.990000009536743,3.799999952316284,3.9800000190734863,1800
2020-05-11,3.509999990463257,3.990000009536743,3.509999990463257,3.799999952316284,19600
2020-05-12,3.7200000286102295,3.75,3.640000104904175,3.640000104904175,3800
2020-05-13,3.5899999141693115,3.5899999141693115,3.490000009536743,3.509999990463257,5800
2020-05-14,3.4600000381469727,3.490000009536743,3.1700000762939453,3.3499999046325684,11000
2020-05-15,3.490000009536743,3.5899999141693115,3.4700000286102295,3.4800000190734863,3100
2020-05-18,3.4700000286102295,3.5899999141693115,3.309999942779541,3.3499999046325684,14400
2020-05-19,3.4000000953674316,3.4000000953674316,3.390000104904175,3.390000104904175,3600
2020-05-20,3.4000000953674316,3.509999990463257,3.1600000858306885,3.3399999141693115,15500
2020-05-21,3.25,3.4000000953674316,3.25,3.259999990463257,7900
2020-05-22,3.2200000286102295,3.25,3.200000047683716,3.200000047683716,11000
2020-05-26,3.4000000953674316,3.5299999713897705,3.309999942779541,3.4800000190734863,9200
2020-05-27,3.430000066757202,3.5899999141693115,3.430000066757202,3.5199999809265137,16600
2020-05-28,3.549999952316284,3.549999952316284,3.4000000953674316,3.4000000953674316,5300
2020-05-29,3.4100000858306885,3.5799999237060547,3.4100000858306885,3.490000009536743,3100
2020-06-01,3.490000009536743,3.549999952316284,3.3499999046325684,3.450000047683716,9300
2020-06-02,3.4000000953674316,3.559999942779541,3.4000000953674316,3.5,10800
2020-06-03,3.5999999046325684,3.7100000381469727,3.3499999046325684,3.7100000381469727,12200
2020-06-04,3.7200000286102295,3.7200000286102295,3.369999885559082,3.4700000286102295,8700
2020-06-05,3.549999952316284,3.549999952316284,3.119999885559082,3.299999952316284,26800
2020-06-08,3.430000066757202,3.859999895095825,3.4000000953674316,3.8399999141693115,20800
2020-06-09,3.9000000953674316,3.9700000286102295,3.6600000858306885,3.690000057220459,7900
2020-06-10,3.75,3.8299999237060547,3.640000104904175,3.7300000190734863,25800
2020-06-11,3.6700000762939453,3.880000114440918,3.5999999046325684,3.640000104904175,4600
2020-06-12,3.5999999046325684,3.869999885559082,3.4600000381469727,3.6500000953674316,4700
2020-06-15,3.6600000858306885,3.7899999618530273,3.6600000858306885,3.7200000286102295,1300
2020-06-16,3.6500000953674316,3.759999990463257,3.450000047683716,3.450000047683716,9700
2020-06-17,3.5799999237060547,3.5799999237060547,3.450000047683716,3.4600000381469727,6000
2020-06-18,3.2200000286102295,3.490000009536743,3.2200000286102295,3.4000000953674316,7500
2020-06-19,3.450000047683716,3.5299999713897705,3.240000009536743,3.5199999809265137,4300
2020-06-22,3.5199999809265137,3.5199999809265137,3.430000066757202,3.430000066757202,4300
2020-06-23,3.4800000190734863,3.4800000190734863,3.2899999618530273,3.4000000953674316,13000
2020-06-24,3.4800000190734863,3.4800000190734863,3.299999952316284,3.3499999046325684,4900
2020-06-25,3.309999942779541,3.4800000190734863,3.309999942779541,3.4200000762939453,1800
2020-06-26,3.3499999046325684,3.390000104904175,3.299999952316284,3.390000104904175,5300
2020-06-29,3.4200000762939453,3.4600000381469727,3.25,3.3499999046325684,8400
2020-06-30,3.490000009536743,3.490000009536743,3.1500000953674316,3.4000000953674316,10700
2020-07-01,3.299999952316284,3.390000104904175,3.200000047683716,3.309999942779541,10000
2020-07-02,3.309999942779541,3.5,3.2799999713897705,3.299999952316284,13300
2020-07-06,3.450000047683716,3.450000047683716,3.25,3.309999942779541,3800
2020-07-07,3.4100000858306885,3.4100000858306885,3.1500000953674316,3.2799999713897705,15500
2020-07-08,3.299999952316284,3.299999952316284,3.1600000858306885,3.180000066757202,5800
2020-07-09,3.240000009536743,3.240000009536743,3.0999999046325684,3.200000047683716,9400
2020-07-10,3.1700000762939453,3.1700000762939453,3.0999999046325684,3.109999895095825,3900
2020-07-13,3.1600000858306885,3.180000066757202,3.109999895095825,3.119999885559082,6900
2020-07-14,3.109999895095825,3.1600000858306885,3.109999895095825,3.1600000858306885,2300
2020-07-15,3.109999895095825,3.2799999713897705,3.009999990463257,3.2699999809265137,3000
2020-07-16,3.3299999237060547,3.3299999237060547,3.200000047683716,3.299999952316284,24200
2020-07-17,3.2100000381469727,3.2300000190734863,3.2100000381469727,3.2200000286102295,1200
2020-07-20,3.1500000953674316,3.2799999713897705,3.1500000953674316,3.200000047683716,10700
2020-07-21,3.299999952316284,3.299999952316284,3.0999999046325684,3.0999999046325684,3200
2020-07-22,3.259999990463257,3.299999952316284,3.0899999141693115,3.109999895095825,8200
2020-07-23,3.119999885559082,3.180000066757202,3.0199999809265137,3.049999952316284,18500
2020-07-24,3.1500000953674316,3.1500000953674316,3.049999952316284,3.130000114440918,4900
2020-07-27,3.130000114440918,3.130000114440918,3.059999942779541,3.059999942779541,6400
2020-07-28,3.0999999046325684,3.130000114440918,3.059999942779541,3.130000114440918,3000
2020-07-29,3.119999885559082,3.2300000190734863,3.119999885559082,3.2300000190734863,900
2020-07-30,3.1700000762939453,3.490000009536743,3.130000114440918,3.380000114440918,19900
2020-07-31,3.319999933242798,3.319999933242798,3.0999999046325684,3.140000104904175,2200
2020-08-03,3.390000104904175,3.390000104904175,3.1500000953674316,3.200000047683716,14200
2020-08-04,3.2300000190734863,3.3499999046325684,3.2300000190734863,3.309999942779541,20700
2020-08-05,3.4000000953674316,3.440000057220459,3.3299999237060547,3.3299999237060547,6200
2020-08-06,3.359999895095825,3.4000000953674316,3.25,3.3499999046325684,13800
2020-08-07,3.2699999809265137,3.3299999237060547,3.190000057220459,3.25,17400
2020-08-10,3.25,3.319999933242798,3.240000009536743,3.2799999713897705,28600
2020-08-11,3.1500000953674316,3.1700000762939453,2.9800000190734863,3.049999952316284,83000
2020-08-12,3.049999952316284,3.2300000190734863,3.0,3.0,47400
2020-08-13,2.9200000762939453,3.1500000953674316,2.5999999046325684,2.6500000953674316,229600
2020-08-14,2.8499999046325684,3.049999952316284,2.8499999046325684,3.049999952316284,170500
2020-08-17,3.009999990463257,3.1500000953674316,2.950000047683716,3.0999999046325684,32600
2020-08-18,3.0999999046325684,3.109999895095825,3.049999952316284,3.049999952316284,45400
2020-08-19,3.049999952316284,3.119999885559082,3.0,3.0,7300
2020-08-20,3.0,3.049999952316284,2.9800000190734863,3.0199999809265137,25600
2020-08-21,3.0399999618530273,3.049999952316284,2.9000000953674316,3.0,31800
2020-08-24,3.0,3.0,2.9000000953674316,2.9000000953674316,13000
2020-08-25,2.9700000286102295,3.1500000953674316,2.8499999046325684,2.930000066757202,3000
2020-08-26,2.880000114440918,3.0999999046325684,2.880000114440918,3.009999990463257,2100
2020-08-27,3.0399999618530273,3.130000114440918,2.930000066757202,2.950000047683716,21000
2020-08-28,2.940000057220459,3.0,2.9000000953674316,2.9000000953674316,5100
2020-08-31,2.9200000762939453,2.940000057220459,2.9000000953674316,2.9000000953674316,20200
2020-09-01,2.9200000762939453,3.140000104904175,2.8499999046325684,2.8499999046325684,26100
2020-09-02,2.9000000953674316,3.299999952316284,2.9000000953674316,3.299999952316284,4800
2020-09-03,3.140000104904175,3.1500000953674316,3.140000104904175,3.1500000953674316,2900
2020-09-04,3.049999952316284,3.049999952316284,3.049999952316284,3.049999952316284,300
2020-09-08,3.049999952316284,3.069999933242798,3.009999990463257,3.0399999618530273,31300
2020-09-09,2.9600000381469727,3.190000057220459,2.9600000381469727,3.190000057220459,2700
2020-09-10,3.0299999713897705,3.180000066757202,3.0299999713897705,3.180000066757202,200
2020-09-11,3.009999990463257,3.200000047683716,3.009999990463257,3.200000047683716,2000
2020-09-14,3.180000066757202,3.190000057220459,2.9600000381469727,3.049999952316284,10900
2020-09-15,3.0999999046325684,3.1700000762939453,3.049999952316284,3.049999952316284,5100
2020-09-16,3.1500000953674316,3.200000047683716,3.049999952316284,3.200000047683716,14300
2020-09-17,3.0999999046325684,3.200000047683716,3.0999999046325684,3.200000047683716,5700
2020-09-18,3.200000047683716,3.2300000190734863,3.0,3.2300000190734863,17400
2020-09-21,3.200000047683716,3.2300000190734863,3.200000047683716,3.2300000190734863,900
2020-09-22,3.25,3.25,3.200000047683716,3.200000047683716,400
2020-09-23,3.200000047683716,3.25,2.859999895095825,3.049999952316284,16700
2020-09-24,3.0,3.130000114440918,3.0,3.0,4100
2020-09-25,3.200000047683716,3.200000047683716,3.200000047683716,3.200000047683716,1700
2020-09-28,3.109999895095825,3.190000057220459,3.009999990463257,3.190000057220459,3100
2020-09-29,3.190000057220459,3.190000057220459,3.190000057220459,3.190000057220459,0
2020-09-30,3.190000057220459,3.190000057220459,3.049999952316284,3.190000057220459,2200
2020-10-01,3.190000057220459,3.190000057220459,3.190000057220459,3.190000057220459,0
2020-10-02,3.0199999809265137,3.200000047683716,3.0199999809265137,3.200000047683716,1000
2020-10-05,3.190000057220459,3.190000057220459,3.0899999141693115,3.1600000858306885,4000
2020-10-06,3.1500000953674316,3.190000057220459,3.1500000953674316,3.190000057220459,2700
2020-10-07,3.190000057220459,3.2100000381469727,3.1500000953674316,3.1500000953674316,2800
2020-10-08,3.1600000858306885,3.190000057220459,3.109999895095825,3.190000057220459,2600
2020-10-09,3.069999933242798,3.25,3.059999942779541,3.0999999046325684,10900
2020-10-12,3.1600000858306885,3.1600000858306885,3.059999942779541,3.059999942779541,600
2020-10-13,3.0899999141693115,3.109999895095825,3.0899999141693115,3.109999895095825,200
2020-10-14,3.0999999046325684,3.2100000381469727,3.049999952316284,3.049999952316284,10900
2020-10-15,3.049999952316284,3.049999952316284,3.0199999809265137,3.0199999809265137,14400
2020-10-16,3.009999990463257,3.4000000953674316,3.0,3.0,9000
2020-10-19,2.9600000381469727,2.9600000381469727,2.9600000381469727,2.9600000381469727,800
2020-10-20,3.009999990463257,3.0299999713897705,3.0,3.0299999713897705,6200
2020-10-21,3.0399999618530273,3.0399999618530273,3.0299999713897705,3.0299999713897705,3300
2020-10-22,3.0399999618530273,3.0399999618530273,3.0399999618530273,3.0399999618530273,1000
2020-10-23,3.0399999618530273,3.0399999618530273,3.0399999618530273,3.0399999618530273,800
2020-10-26,3.0399999618530273,3.0399999618530273,3.0399999618530273,3.0399999618530273,600
2020-10-27,3.0399999618530273,3.049999952316284,2.930000066757202,2.930000066757202,6900
2020-10-28,3.0,3.0299999713897705,2.8399999141693115,2.9200000762939453,7900
2020-10-29,2.950000047683716,2.9700000286102295,2.950000047683716,2.950000047683716,900
2020-10-30,2.990000009536743,3.049999952316284,2.9800000190734863,2.990000009536743,5600
2020-11-02,3.0399999618530273,3.0999999046325684,3.0399999618530273,3.0399999618530273,1400
2020-11-03,3.0,3.069999933242798,2.9800000190734863,3.0,16200
2020-11-04,3.0,3.0,2.950000047683716,2.950000047683716,2600
2020-11-05,2.950000047683716,2.950000047683716,2.950000047683716,2.950000047683716,0
2020-11-06,2.950000047683716,3.009999990463257,2.950000047683716,3.0,1100
2020-11-09,3.049999952316284,3.1500000953674316,3.049999952316284,3.1500000953674316,2000
2020-11-10,3.140000104904175,3.1500000953674316,3.140000104904175,3.1500000953674316,1400
2020-11-11,3.0999999046325684,3.0999999046325684,3.0,3.0,2200
2020-11-12,3.049999952316284,3.069999933242798,3.0,3.069999933242798,700
2020-11-13,3.0399999618530273,3.049999952316284,3.0199999809265137,3.049999952316284,3400
2020-11-16,3.049999952316284,3.4000000953674316,3.049999952316284,3.200000047683716,75300
2020-11-17,3.2200000286102295,3.2699999809265137,3.1600000858306885,3.1700000762939453,10800
2020-11-18,3.180000066757202,3.25,3.140000104904175,3.1500000953674316,53100
2020-11-19,3.1500000953674316,3.1700000762939453,3.1500000953674316,3.1700000762939453,21100
2020-11-20,3.1600000858306885,3.1700000762939453,3.1500000953674316,3.1500000953674316,9200
2020-11-23,3.2799999713897705,3.3499999046325684,3.25,3.259999990463257,14600
2020-11-24,3.200000047683716,3.299999952316284,3.200000047683716,3.200000047683716,3900
2020-11-25,3.259999990463257,3.4000000953674316,3.200000047683716,3.200000047683716,11100
2020-11-27,3.299999952316284,3.5,3.25,3.450000047683716,4100
2020-11-30,3.259999990463257,3.299999952316284,3.200000047683716,3.25,12500
2020-12-01,3.299999952316284,3.4700000286102295,3.0999999046325684,3.200000047683716,7500
2020-12-02,3.299999952316284,3.299999952316284,3.1500000953674316,3.1500000953674316,1200
2020-12-03,3.1500000953674316,3.2899999618530273,3.119999885559082,3.2899999618530273,12300
2020-12-04,3.299999952316284,3.299999952316284,3.200000047683716,3.259999990463257,1800
2020-12-07,3.2100000381469727,3.25,3.119999885559082,3.2100000381469727,2900
2020-12-08,3.190000057220459,3.200000047683716,3.0999999046325684,3.1700000762939453,15700
2020-12-09,3.109999895095825,3.200000047683716,3.109999895095825,3.1500000953674316,12000
2020-12-10,3.130000114440918,3.200000047683716,3.130000114440918,3.1700000762939453,3800
2020-12-11,3.200000047683716,3.200000047683716,3.1500000953674316,3.190000057220459,8100
2020-12-14,3.200000047683716,3.3299999237060547,3.190000057220459,3.299999952316284,4900
2020-12-15,3.200000047683716,3.25,3.119999885559082,3.25,17100
2020-12-16,3.2300000190734863,3.25,3.200000047683716,3.200000047683716,11000
2020-12-17,3.2100000381469727,3.299999952316284,3.140000104904175,3.180000066757202,37000
2020-12-18,3.1500000953674316,3.6500000953674316,3.0899999141693115,3.1500000953674316,30300
2020-12-21,3.1500000953674316,3.190000057220459,3.1500000953674316,3.1700000762939453,25500
2020-12-22,3.2100000381469727,3.2100000381469727,3.0999999046325684,3.1500000953674316,24100
2020-12-23,3.299999952316284,3.299999952316284,3.1500000953674316,3.190000057220459,10300
2020-12-24,3.190000057220459,3.200000047683716,3.1700000762939453,3.200000047683716,13100
2020-12-28,3.2100000381469727,3.319999933242798,3.180000066757202,3.2799999713897705,19700
2020-12-29,3.2100000381469727,3.2100000381469727,3.200000047683716,3.2100000381469727,2100
2020-12-30,3.2799999713897705,3.2799999713897705,3.200000047683716,3.2799999713897705,20300
2020-12-31,3.200000047683716,3.299999952316284,3.1500000953674316,3.200000047683716,67900
2021-01-04,3.200000047683716,3.7799999713897705,3.200000047683716,3.259999990463257,8500
2021-01-05,3.259999990463257,3.259999990463257,3.259999990463257,3.259999990463257,0
2021-01-06,3.3399999141693115,3.380000114440918,3.3299999237060547,3.380000114440918,3000
2021-01-07,3.299999952316284,3.299999952316284,3.25,3.299999952316284,10300
2021-01-08,3.3299999237060547,3.3299999237060547,3.1500000953674316,3.309999942779541,8100
2021-01-11,3.3499999046325684,3.359999895095825,3.200000047683716,3.259999990463257,8400
2021-01-12,3.259999990463257,3.259999990463257,3.190000057220459,3.190000057220459,9800
2021-01-13,3.5,3.5,3.200000047683716,3.25,9800
2021-01-14,3.2699999809265137,3.2699999809265137,3.2699999809265137,3.2699999809265137,300
2021-01-15,3.2100000381469727,3.3499999046325684,3.1500000953674316,3.3499999046325684,10700
2021-01-19,3.3499999046325684,3.3499999046325684,3.299999952316284,3.299999952316284,1000
2021-01-20,3.3299999237060547,3.3399999141693115,3.25,3.3399999141693115,16800
2021-01-21,3.3499999046325684,3.440000057220459,3.3499999046325684,3.440000057220459,5400
2021-01-22,3.390000104904175,3.390000104904175,3.3499999046325684,3.3499999046325684,7100
2021-01-25,3.3499999046325684,3.3499999046325684,3.3499999046325684,3.3499999046325684,5400
2021-01-26,3.4700000286102295,3.4700000286102295,3.309999942779541,3.319999933242798,9700
2021-01-27,3.3499999046325684,3.3499999046325684,3.25,3.3499999046325684,30400
2021-01-28,3.3499999046325684,3.3499999046325684,3.3299999237060547,3.3499999046325684,4300
2021-01-29,3.380000114440918,3.380000114440918,3.299999952316284,3.299999952316284,4300
2021-02-01,3.299999952316284,3.369999885559082,3.25,3.369999885559082,5600
2021-02-02,3.3299999237060547,3.4000000953674316,3.25,3.4000000953674316,13300
2021-02-03,3.5,3.950000047683716,3.5,3.9000000953674316,13900
2021-02-04,4.0,4.199999809265137,3.9000000953674316,3.930000066757202,5300
2021-02-05,3.9200000762939453,4.010000228881836,3.75,3.799999952316284,18000
2021-02-08,3.700000047683716,3.700000047683716,3.700000047683716,3.700000047683716,3500
2021-02-09,3.75,3.799999952316284,3.5,3.5,15400
2021-02-10,3.7300000190734863,3.7300000190734863,3.5999999046325684,3.5999999046325684,2900
2021-02-11,3.5999999046325684,3.5999999046325684,3.5799999237060547,3.5799999237060547,2300
2021-02-12,3.799999952316284,3.990000009536743,3.799999952316284,3.819999933242798,12900
2021-02-16,3.700000047683716,4.0,3.700000047683716,3.8499999046325684,10200
2021-02-17,3.8499999046325684,3.869999885559082,3.8499999046325684,3.8499999046325684,3600
2021-02-18,3.819999933242798,3.819999933242798,3.75,3.75,2400
2021-02-19,3.7799999713897705,3.9600000381469727,3.700000047683716,3.700000047683716,6900
2021-02-22,3.809999942779541,3.9000000953674316,3.809999942779541,3.8499999046325684,4200
2021-02-23,3.8499999046325684,3.8499999046325684,3.8399999141693115,3.8499999046325684,700
2021-02-24,3.8299999237060547,3.8499999046325684,3.8299999237060547,3.8499999046325684,4800
2021-02-25,3.880000114440918,3.9200000762939453,3.759999990463257,3.8499999046325684,7000
2021-02-26,3.809999942779541,3.809999942779541,3.799999952316284,3.799999952316284,3600
2021-03-01,3.8299999237060547,3.8499999046325684,3.759999990463257,3.8499999046325684,6800
2021-03-02,3.799999952316284,3.8499999046325684,3.799999952316284,3.819999933242798,2800
2021-03-03,3.890000104904175,3.940000057220459,3.890000104904175,3.930000066757202,5500
2021-03-04,3.9100000858306885,4.0,3.9100000858306885,4.0,9500
2021-03-05,3.9700000286102295,3.9800000190734863,3.809999942779541,3.9600000381469727,1700
2021-03-08,3.8499999046325684,3.9000000953674316,3.8499999046325684,3.8499999046325684,10800
2021-03-09,3.930000066757202,4.0,3.859999895095825,3.9200000762939453,19100
2021-03-10,3.990000009536743,3.990000009536743,3.740000009536743,3.75,23200
2021-03-11,3.990000009536743,3.990000009536743,3.700000047683716,3.700000047683716,3300
2021-03-12,3.7200000286102295,3.799999952316284,3.700000047683716,3.7699999809265137,4000
2021-03-15,3.7899999618530273,3.950000047683716,3.7699999809265137,3.890000104904175,3000
2021-03-16,3.799999952316284,3.799999952316284,3.700000047683716,3.75,4100
2021-03-17,3.7799999713897705,3.7799999713897705,3.7799999713897705,3.7799999713897705,2100
2021-03-18,3.799999952316284,3.9100000858306885,3.799999952316284,3.9100000858306885,5900
2021-03-19,3.8399999141693115,4.0,3.759999990463257,4.0,2600
2021-03-22,3.799999952316284,4.0,3.75,4.0,3600
2021-03-23,3.9000000953674316,3.9000000953674316,3.880000114440918,3.880000114440918,10200
2021-03-24,3.799999952316284,3.880000114440918,3.7799999713897705,3.8499999046325684,4800
2021-03-25,3.759999990463257,3.859999895095825,3.759999990463257,3.859999895095825,3900
2021-03-26,3.7799999713897705,3.880000114440918,3.7699999809265137,3.819999933242798,4000
2021-03-29,3.9000000953674316,3.9000000953674316,3.8299999237060547,3.8299999237060547,11400
2021-03-30,3.809999942779541,3.8499999046325684,3.809999942779541,3.8499999046325684,5300
2021-03-31,3.8499999046325684,3.8499999046325684,3.819999933242798,3.8399999141693115,7300
2021-04-01,3.819999933242798,3.8499999046325684,3.819999933242798,3.8499999046325684,1500
2021-04-05,3.9000000953674316,4.0,3.9000000953674316,4.0,12200
2021-04-06,3.950000047683716,3.950000047683716,3.950000047683716,3.950000047683716,1000
2021-04-07,3.9100000858306885,3.950000047683716,3.869999885559082,3.9100000858306885,1600
2021-04-08,3.8499999046325684,3.8499999046325684,3.8499999046325684,3.8499999046325684,1000
2021-04-09,3.9000000953674316,3.9000000953674316,3.809999942779541,3.859999895095825,4300
2021-04-12,3.8299999237060547,3.950000047683716,3.809999942779541,3.880000114440918,5200
2021-04-13,3.880000114440918,3.9000000953674316,3.7899999618530273,3.7899999618530273,10200
2021-04-14,3.799999952316284,3.9000000953674316,3.7899999618530273,3.799999952316284,10300
2021-04-15,3.799999952316284,3.799999952316284,3.7899999618530273,3.7899999618530273,5200
2021-04-16,3.8399999141693115,3.8499999046325684,3.7100000381469727,3.7100000381469727,2400
2021-04-19,3.75,3.75,3.75,3.75,3300
2021-04-20,3.75,3.75,3.75,3.75,0
2021-04-21,3.799999952316284,3.799999952316284,3.75,3.799999952316284,2300
2021-04-22,3.9000000953674316,4.449999809265137,3.890000104904175,4.320000171661377,27700
2021-04-23,4.369999885559082,4.369999885559082,4.25,4.25,22000
2021-04-26,4.340000152587891,4.449999809265137,4.340000152587891,4.349999904632568,5100
2021-04-27,4.349999904632568,4.349999904632568,3.990000009536743,4.150000095367432,13000
2021-04-28,4.019999980926514,4.139999866485596,4.019999980926514,4.139999866485596,1900
2021-04-29,4.110000133514404,4.199999809265137,4.110000133514404,4.130000114440918,3200
2021-04-30,4.130000114440918,4.349999904632568,4.130000114440918,4.130000114440918,16500
2021-05-03,4.150000095367432,4.21999979019165,4.150000095367432,4.199999809265137,8300
2021-05-04,4.199999809265137,4.239999771118164,4.099999904632568,4.199999809265137,11900
2021-05-05,4.199999809265137,4.199999809265137,4.190000057220459,4.190000057220459,6200
2021-05-06,4.21999979019165,4.28000020980835,4.21999979019165,4.28000020980835,4100
2021-05-07,4.300000190734863,4.300000190734863,4.099999904632568,4.099999904632568,6200
2021-05-10,4.25,4.25,4.059999942779541,4.099999904632568,11700
2021-05-11,4.010000228881836,4.130000114440918,4.010000228881836,4.079999923706055,10000
2021-05-12,4.119999885559082,4.139999866485596,4.050000190734863,4.090000152587891,18500
2021-05-13,4.079999923706055,4.110000133514404,4.050000190734863,4.090000152587891,10000
2021-05-14,4.119999885559082,4.150000095367432,4.050000190734863,4.139999866485596,23100
2021-05-17,4.150000095367432,4.199999809265137,4.150000095367432,4.179999828338623,6000
2021-05-18,4.199999809265137,4.199999809265137,4.119999885559082,4.119999885559082,11300
2021-05-19,4.119999885559082,4.119999885559082,4.099999904632568,4.099999904632568,11100
2021-05-20,4.150000095367432,4.150000095367432,4.150000095367432,4.150000095367432,600
2021-05-21,4.199999809265137,4.199999809265137,4.199999809265137,4.199999809265137,5100
2021-05-24,4.199999809265137,4.380000114440918,4.199999809265137,4.349999904632568,27800
2021-05-25,4.349999904632568,4.349999904632568,4.130000114440918,4.199999809265137,19000
2021-05-26,4.199999809265137,4.199999809265137,4.159999847412109,4.199999809265137,4500
2021-05-27,4.159999847412109,4.28000020980835,4.110000133514404,4.159999847412109,39300
2021-05-28,4.210000038146973,4.25,4.199999809265137,4.25,24100
2021-06-01,4.300000190734863,4.349999904632568,4.199999809265137,4.199999809265137,18000
2021-06-02,4.300000190734863,4.349999904632568,4.199999809265137,4.349999904632568,22600
2021-06-03,4.349999904632568,4.349999904632568,4.349999904632568,4.349999904632568,2200
2021-06-04,4.349999904632568,4.400000095367432,4.340000152587891,4.349999904632568,2300
2021-06-07,4.349999904632568,4.400000095367432,4.25,4.400000095367432,4200
2021-06-08,4.349999904632568,4.420000076293945,4.199999809265137,4.380000114440918,8900
2021-06-09,4.349999904632568,4.400000095367432,4.130000114440918,4.400000095367432,10000
2021-06-10,4.400000095367432,4.400000095367432,4.400000095367432,4.400000095367432,100
2021-06-11,4.400000095367432,4.400000095367432,4.400000095367432,4.400000095367432,1300
2021-06-14,4.400000095367432,4.400000095367432,4.400000095367432,4.400000095367432,0
2021-06-15,4.400000095367432,4.400000095367432,4.400000095367432,4.400000095367432,0
2021-06-16,4.300000190734863,4.400000095367432,4.179999828338623,4.400000095367432,28300
2021-06-17,4.380000114440918,4.400000095367432,4.300000190734863,4.300000190734863,6200
2021-06-18,4.300000190734863,4.449999809265137,4.150000095367432,4.449999809265137,6900
2021-06-21,4.400000095367432,4.449999809265137,4.400000095367432,4.449999809265137,6600
2021-06-22,4.449999809265137,5.0,4.449999809265137,5.0,12900
2021-06-23,5.0,5.25,5.0,5.090000152587891,6500
2021-06-24,5.079999923706055,5.099999904632568,4.150000095367432,4.150000095367432,5900
2021-06-25,5.099999904632568,5.150000095367432,4.860000133514404,4.949999809265137,6600
2021-06-28,5.0,5.0,4.889999866485596,5.0,5600
2021-06-29,5.010000228881836,5.010000228881836,4.929999828338623,5.0,1400
2021-06-30,4.929999828338623,5.0,4.929999828338623,5.0,2500
2021-07-01,5.010000228881836,5.010000228881836,5.0,5.0,2500
2021-07-02,4.989999771118164,5.0,4.900000095367432,5.0,6300
2021-07-06,5.0,5.0,4.929999828338623,4.980000019073486,7400
2021-07-07,4.980000019073486,5.0,4.909999847412109,5.0,4000
2021-07-08,4.989999771118164,5.010000228881836,4.989999771118164,5.010000228881836,4500
2021-07-09,5.099999904632568,5.099999904632568,4.849999904632568,5.099999904632568,2300
2021-07-12,5.099999904632568,5.099999904632568,5.099999904632568,5.099999904632568,200
2021-07-13,4.900000095367432,5.099999904632568,4.849999904632568,5.099999904632568,2900
2021-07-14,4.849999904632568,5.0,4.25,4.900000095367432,8400
2021-07-15,4.639999866485596,5.090000152587891,4.639999866485596,5.090000152587891,1500
2021-07-16,5.050000190734863,5.070000171661377,5.050000190734863,5.050000190734863,4300
2021-07-19,4.639999866485596,5.090000152587891,4.639999866485596,5.0,5900
2021-07-20,4.78000020980835,4.78000020980835,4.78000020980835,4.78000020980835,300
2021-07-21,4.800000190734863,4.800000190734863,4.679999828338623,4.71999979019165,6500
2021-07-22,4.800000190734863,4.989999771118164,4.800000190734863,4.849999904632568,4200
2021-07-23,4.769999980926514,4.78000020980835,4.769999980926514,4.78000020980835,1300
2021-07-26,4.78000020980835,4.800000190734863,4.78000020980835,4.800000190734863,1400
2021-07-27,4.760000228881836,4.789999961853027,4.760000228881836,4.760000228881836,3900
2021-07-28,4.650000095367432,4.800000190734863,4.599999904632568,4.800000190734863,1600
2021-07-29,4.800000190734863,4.800000190734863,4.75,4.75,2300
2021-07-30,4.789999961853027,4.789999961853027,4.789999961853027,4.789999961853027,300
2021-08-02,4.599999904632568,4.789999961853027,4.599999904632568,4.789999961853027,1000
2021-08-03,4.75,4.849999904632568,4.75,4.829999923706055,8200
2021-08-04,4.480000019073486,4.869999885559082,4.480000019073486,4.849999904632568,1000
2021-08-05,4.699999809265137,4.75,4.699999809265137,4.75,700
2021-08-06,4.75,4.860000133514404,4.449999809265137,4.710000038146973,3200
2021-08-09,4.599999904632568,4.699999809265137,4.599999904632568,4.699999809265137,400
2021-08-10,4.599999904632568,4.599999904632568,4.599999904632568,4.599999904632568,300
2021-08-11,4.739999771118164,4.739999771118164,4.699999809265137,4.699999809265137,900
2021-08-12,4.519999980926514,4.659999847412109,4.519999980926514,4.599999904632568,1500
2021-08-13,4.650000095367432,4.650000095367432,4.650000095367432,4.650000095367432,5500
2021-08-16,4.599999904632568,4.599999904632568,4.5,4.590000152587891,1200
2021-08-17,4.519999980926514,4.599999904632568,4.5,4.559999942779541,3200
2021-08-18,4.5,4.510000228881836,4.5,4.5,3500
2021-08-19,4.5,4.5,4.260000228881836,4.260000228881836,3600
2021-08-20,4.349999904632568,4.460000038146973,4.349999904632568,4.460000038146973,5000
2021-08-23,4.460000038146973,4.460000038146973,4.460000038146973,4.460000038146973,0
2021-08-24,4.449999809265137,4.449999809265137,4.449999809265137,4.449999809265137,1200
2021-08-25,4.449999809265137,4.449999809265137,4.400000095367432,4.449999809265137,1700
2021-08-26,4.449999809265137,4.449999809265137,4.400000095367432,4.449999809265137,5200
2021-08-27,4.449999809265137,4.5,4.349999904632568,4.400000095367432,3100
2021-08-30,4.449999809265137,4.449999809265137,4.260000228881836,4.349999904632568,2900
2021-08-31,4.349999904632568,4.349999904632568,4.349999904632568,4.349999904632568,2100
2021-09-01,4.300000190734863,4.309999942779541,4.150000095367432,4.300000190734863,12400
2021-09-02,4.289999961853027,4.449999809265137,4.25,4.449999809265137,3300
2021-09-03,4.420000076293945,4.420000076293945,4.25,4.25,800
2021-09-07,4.25,4.449999809265137,4.25,4.449999809265137,1000
2021-09-08,4.349999904632568,4.360000133514404,4.329999923706055,4.349999904632568,6900
2021-09-09,4.349999904632568,4.349999904632568,4.349999904632568,4.349999904632568,1000
2021-09-10,4.360000133514404,4.360000133514404,4.300000190734863,4.349999904632568,3200
2021-09-13,4.300000190734863,4.349999904632568,4.300000190734863,4.349999904632568,800
2021-09-14,4.449999809265137,4.75,4.449999809265137,4.75,2800
2021-09-15,4.75,4.849999904632568,4.75,4.849999904632568,2900
2021-09-16,4.460000038146973,4.460000038146973,4.460000038146973,4.460000038146973,200
2021-09-17,4.449999809265137,4.5,4.25,4.5,5900
2021-09-20,4.429999828338623,4.429999828338623,4.349999904632568,4.349999904632568,2100
2021-09-21,4.349999904632568,4.699999809265137,4.349999904632568,4.550000190734863,1600
2021-09-22,4.699999809265137,5.0,4.699999809265137,5.0,6500
2021-09-23,5.0,5.050000190734863,4.900000095367432,4.900000095367432,4200
2021-09-24,5.0,5.0,5.0,5.0,400
2021-09-27,4.510000228881836,4.989999771118164,4.510000228881836,4.989999771118164,1700
2021-09-28,4.989999771118164,4.989999771118164,4.650000095367432,4.989999771118164,700
2021-09-29,4.989999771118164,5.050000190734863,4.849999904632568,5.0,14200
2021-09-30,5.0,5.050000190734863,5.0,5.050000190734863,400
2021-10-01,5.050000190734863,5.050000190734863,4.920000076293945,5.050000190734863,5800
2021-10-04,5.239999771118164,5.239999771118164,5.0,5.03000020980835,2100
2021-10-05,5.0,5.0,4.96999979019165,5.0,5800
2021-10-06,5.0,5.0,5.0,5.0,1000
2021-10-07,5.010000228881836,5.010000228881836,5.010000228881836,5.010000228881836,500
2021-10-08,5.099999904632568,5.099999904632568,5.099999904632568,5.099999904632568,6000
2021-10-11,5.0,5.0,5.0,5.0,200
2021-10-12,5.190000057220459,5.190000057220459,5.190000057220459,5.190000057220459,700
2021-10-13,5.300000190734863,5.300000190734863,5.300000190734863,5.300000190734863,1900
2021-10-14,5.199999809265137,5.199999809265137,5.199999809265137,5.199999809265137,300
2021-10-15,5.300000190734863,5.300000190734863,5.300000190734863,5.300000190734863,4800
2021-10-18,5.300000190734863,5.300000190734863,5.300000190734863,5.300000190734863,0
2021-10-19,5.300000190734863,5.300000190734863,5.300000190734863,5.300000190734863,0
2021-10-20,5.300000190734863,5.300000190734863,5.300000190734863,5.300000190734863,500
2021-10-21,5.300000190734863,5.300000190734863,5.300000190734863,5.300000190734863,800
2021-10-22,5.300000190734863,5.300000190734863,5.300000190734863,5.300000190734863,100
2021-10-25,5.300000190734863,5.300000190734863,5.300000190734863,5.300000190734863,0
2021-10-26,5.300000190734863,5.300000190734863,5.300000190734863,5.300000190734863,0
2021-10-27,5.300000190734863,5.300000190734863,5.300000190734863,5.300000190734863,0
2021-10-28,5.300000190734863,5.300000190734863,5.300000190734863,5.300000190734863,0
2021-10-29,5.300000190734863,5.300000190734863,5.300000190734863,5.300000190734863,0
2021-11-01,5.300000190734863,5.300000190734863,5.300000190734863,5.300000190734863,0
2021-11-02,5.300000190734863,5.300000190734863,5.300000190734863,5.300000190734863,0
2021-11-03,5.300000190734863,5.300000190734863,5.300000190734863,5.300000190734863,0
2021-11-04,5.300000190734863,5.300000190734863,5.300000190734863,5.300000190734863,0
2021-11-05,5.300000190734863,5.300000190734863,5.300000190734863,5.300000190734863,0
2021-11-08,5.300000190734863,5.300000190734863,5.300000190734863,5.300000190734863,0
2021-11-09,5.300000190734863,5.300000190734863,5.300000190734863,5.300000190734863,0
2021-11-10,5.300000190734863,5.300000190734863,5.300000190734863,5.300000190734863,0
2021-11-11,4.599999904632568,5.0,4.599999904632568,5.0,4500
2021-11-12,5.0,5.0,5.0,5.0,0
2021-11-15,5.0,5.0,5.0,5.0,0
2021-11-16,5.0,5.0,5.0,5.0,0
2021-11-17,5.0,5.0,5.0,5.0,0
2021-11-18,5.0,5.0,5.0,5.0,0
2021-11-19,5.0,5.0,5.0,5.0,0
2021-11-22,5.0,5.0,5.0,5.0,0
2021-11-23,5.0,5.0,5.0,5.0,0
2021-11-24,4.599999904632568,4.599999904632568,4.599999904632568,4.599999904632568,300
2021-11-26,5.0,5.0,5.0,5.0,500
2021-11-29,5.0,5.0,5.0,5.0,0
2021-11-30,4.599999904632568,5.0,4.599999904632568,5.0,2900
2021-12-01,5.0,5.0,5.0,5.0,0
2021-12-02,5.0,5.0,5.0,5.0,0
2021-12-03,5.0,5.0,5.0,5.0,0
2021-12-06,4.800000190734863,5.0,4.800000190734863,5.0,2000
2021-12-07,5.0,5.0,5.0,5.0,0
2021-12-08,5.0,5.0,5.0,5.0,0
2021-12-09,5.0,5.03000020980835,5.0,5.0,5400
2021-12-10,5.0,5.0,5.0,5.0,0
2021-12-13,5.0,5.0,5.0,5.0,0
2021-12-14,5.0,5.0,5.0,5.0,2100
2021-12-15,5.0,5.0,5.0,5.0,0
2021-12-16,5.0,5.0,5.0,5.0,0
2021-12-17,5.0,5.0,5.0,5.0,0
2021-12-20,5.0,5.099999904632568,5.0,5.0,4700
2021-12-21,5.0,5.0,5.0,5.0,8500
2021-12-22,5.0,5.0,5.0,5.0,2400
2021-12-23,5.0,5.070000171661377,5.0,5.050000190734863,8000
2021-12-27,5.050000190734863,5.050000190734863,5.050000190734863,5.050000190734863,400
2021-12-28,5.039999961853027,5.039999961853027,5.039999961853027,5.039999961853027,1100
2021-12-29,5.070000171661377,5.070000171661377,5.070000171661377,5.070000171661377,900
2021-12-30,5.070000171661377,5.070000171661377,5.070000171661377,5.070000171661377,0
2021-12-31,5.150000095367432,5.150000095367432,5.150000095367432,5.150000095367432,500
2022-01-03,5.150000095367432,5.150000095367432,5.150000095367432,5.150000095367432,3200
2022-01-04,5.150000095367432,5.199999809265137,5.150000095367432,5.199999809265137,4000
2022-01-05,5.199999809265137,5.199999809265137,5.079999923706055,5.079999923706055,700
2022-01-06,4.75,5.070000171661377,4.75,5.070000171661377,800
2022-01-07,5.070000171661377,5.070000171661377,5.070000171661377,5.070000171661377,0
2022-01-10,5.070000171661377,5.070000171661377,5.070000171661377,5.070000171661377,15600
2022-01-11,5.099999904632568,5.099999904632568,5.099999904632568,5.099999904632568,300
2022-01-12,5.099999904632568,5.099999904632568,5.0,5.0,7200
2022-01-13,5.0,5.0,5.0,5.0,0
2022-01-14,5.0,5.0,5.0,5.0,0
2022-01-18,5.0,5.0,4.809999942779541,4.809999942779541,700
2022-01-19,4.989999771118164,5.25,4.800000190734863,4.800000190734863,7000
2022-01-20,5.0,5.199999809265137,4.800000190734863,4.800000190734863,17700
2022-01-21,4.800000190734863,4.800000190734863,4.800000190734863,4.800000190734863,0
2022-01-24,4.800000190734863,4.869999885559082,4.550000190734863,4.75,10200
2022-01-25,4.849999904632568,4.849999904632568,4.75,4.849999904632568,7100
2022-01-26,5.0,5.0,4.75,4.75,2400
2022-01-27,5.099999904632568,5.099999904632568,5.099999904632568,5.099999904632568,100
2022-01-28,5.099999904632568,5.099999904632568,5.010000228881836,5.010000228881836,300
2022-01-31,4.949999809265137,5.0,4.599999904632568,5.0,17800
2022-02-01,4.650000095367432,5.019999980926514,4.550000190734863,5.0,3700
2022-02-02,4.949999809265137,4.949999809265137,4.900000095367432,4.949999809265137,2000
2022-02-03,4.949999809265137,4.949999809265137,4.949999809265137,4.949999809265137,0
2022-02-04,4.949999809265137,5.0,4.949999809265137,5.0,23600
2022-02-07,5.099999904632568,5.099999904632568,4.800000190734863,5.099999904632568,11100
2022-02-08,5.0,5.099999904632568,5.0,5.099999904632568,147700
2022-02-09,5.150000095367432,5.150000095367432,4.900000095367432,5.0,2700
2022-02-10,5.010000228881836,5.010000228881836,5.0,5.0,3700
2022-02-11,5.010000228881836,5.010000228881836,5.010000228881836,5.010000228881836,1200
2022-02-14,5.0,5.010000228881836,5.0,5.010000228881836,1700
2022-02-15,5.199999809265137,5.199999809265137,5.010000228881836,5.010000228881836,2800
2022-02-16,5.099999904632568,5.099999904632568,5.099999904632568,5.099999904632568,2000
2022-02-17,5.199999809265137,5.199999809265137,5.0,5.0,600
2022-02-18,5.199999809265137,5.199999809265137,5.010000228881836,5.010000228881836,800
2022-02-22,5.0,5.0,5.0,5.0,1000
2022-02-23,4.599999904632568,5.099999904632568,4.599999904632568,5.099999904632568,1100
2022-02-24,4.650000095367432,4.650000095367432,4.650000095367432,4.650000095367432,600
2022-02-25,4.75,5.050000190734863,4.75,5.0,2800
2022-02-28,5.010000228881836,5.010000228881836,5.010000228881836,5.010000228881836,7000
2022-03-01,4.989999771118164,4.989999771118164,4.989999771118164,4.989999771118164,300
2022-03-02,5.0,5.0,4.599999904632568,5.0,3100
2022-03-03,5.0,5.0,5.0,5.0,0
2022-03-04,5.0,5.0,5.0,5.0,400
2022-03-07,4.699999809265137,4.75,4.699999809265137,4.75,2200
2022-03-08,4.75,5.0,4.75,5.0,17300
2022-03-09,5.0,5.0,5.0,5.0,5900
2022-03-10,5.099999904632568,5.099999904632568,4.75,5.0,5400
2022-03-11,5.0,5.0,5.0,5.0,174100
2022-03-14,5.099999904632568,5.099999904632568,5.099999904632568,5.099999904632568,3800
2022-03-15,4.949999809265137,5.0,4.659999847412109,4.659999847412109,13900
2022-03-16,4.550000190734863,4.900000095367432,4.550000190734863,4.900000095367432,1400
2022-03-17,5.0,5.0,4.599999904632568,4.599999904632568,4200
2022-03-18,5.0,5.0,5.0,5.0,4400
2022-03-21,5.0,5.0,5.0,5.0,600
2022-03-22,5.0,5.0,5.0,5.0,7200
2022-03-23,5.0,5.0,4.769999980926514,5.0,5200
2022-03-24,4.949999809265137,4.949999809265137,4.949999809265137,4.949999809265137,1500
2022-03-25,4.949999809265137,4.949999809265137,4.949999809265137,4.949999809265137,100
2022-03-28,4.900000095367432,5.0,4.900000095367432,5.0,600
2022-03-29,5.0,5.0,4.989999771118164,4.989999771118164,1200
2022-03-30,5.0,5.0,5.0,5.0,75000
2022-03-31,5.0,5.0,5.0,5.0,300
2022-04-01,4.869999885559082,4.869999885559082,4.800000190734863,4.800000190734863,13900
2022-04-04,5.0,5.0,4.800000190734863,4.800000190734863,3400
2022-04-05,4.75,5.0,4.599999904632568,5.0,9600
2022-04-06,5.0,5.0,5.0,5.0,0
2022-04-07,4.949999809265137,5.0,4.5,4.900000095367432,10000
2022-04-08,4.699999809265137,4.699999809265137,4.550000190734863,4.550000190734863,800
2022-04-11,4.699999809265137,5.099999904632568,4.5,5.0,34800
2022-04-12,4.949999809265137,4.980000019073486,4.849999904632568,4.940000057220459,2700
2022-04-13,4.900000095367432,4.900000095367432,4.900000095367432,4.900000095367432,2000
2022-04-14,4.900000095367432,4.900000095367432,4.900000095367432,4.900000095367432,0
2022-04-18,4.25,4.5,4.199999809265137,4.5,4700
2022-04-19,4.5,4.5,4.5,4.5,0
2022-04-20,4.5,4.630000114440918,4.480000019073486,4.489999771118164,15300
2022-04-21,4.489999771118164,4.489999771118164,4.489999771118164,4.489999771118164,0
2022-04-22,4.5,4.5,4.349999904632568,4.349999904632568,25100
2022-04-25,4.300000190734863,4.300000190734863,4.300000190734863,4.300000190734863,600
2022-04-26,4.900000095367432,4.900000095367432,4.559999942779541,4.559999942779541,700
2022-04-27,4.900000095367432,4.900000095367432,4.889999866485596,4.900000095367432,3200
2022-04-28,4.849999904632568,4.849999904632568,4.849999904632568,4.849999904632568,100
2022-04-29,4.699999809265137,5.0,4.699999809265137,5.0,1400
2022-05-02,5.0,5.0,4.400000095367432,4.400000095367432,3700
2022-05-03,4.400000095367432,4.400000095367432,4.400000095367432,4.400000095367432,0
2022-05-04,4.400000095367432,4.400000095367432,4.400000095367432,4.400000095367432,0
2022-05-05,4.599999904632568,4.599999904632568,4.400000095367432,4.400000095367432,10600
2022-05-06,4.429999828338623,4.429999828338623,4.429999828338623,4.429999828338623,100
2022-05-09,4.349999904632568,4.349999904632568,4.349999904632568,4.349999904632568,600
2022-05-10,4.400000095367432,4.889999866485596,4.389999866485596,4.389999866485596,13300
2022-05-11,4.699999809265137,4.840000152587891,4.340000152587891,4.840000152587891,2900
2022-05-12,4.800000190734863,4.800000190734863,4.800000190734863,4.800000190734863,200
2022-05-13,4.800000190734863,4.800000190734863,4.800000190734863,4.800000190734863,0
2022-05-16,4.800000190734863,4.800000190734863,4.800000190734863,4.800000190734863,700
2022-05-17,4.949999809265137,5.0,4.889999866485596,4.949999809265137,16500
2022-05-18,4.949999809265137,4.949999809265137,4.949999809265137,4.949999809265137,0
2022-05-19,4.699999809265137,4.699999809265137,4.699999809265137,4.699999809265137,2000
2022-05-20,4.800000190734863,4.949999809265137,4.800000190734863,4.949999809265137,9200
2022-05-23,4.949999809265137,4.949999809265137,4.949999809265137,4.949999809265137,0
2022-05-24,4.949999809265137,4.949999809265137,4.949999809265137,4.949999809265137,0
2022-05-25,4.849999904632568,5.0,4.650000095367432,5.0,1700
2022-05-26,4.659999847412109,4.900000095367432,4.300000190734863,4.900000095367432,9800
2022-05-27,4.949999809265137,4.949999809265137,4.710000038146973,4.949999809265137,3600
2022-05-31,4.75,4.989999771118164,4.75,4.989999771118164,1500
2022-06-01,4.559999942779541,5.0,4.559999942779541,5.0,12600
2022-06-02,4.900000095367432,5.099999904632568,4.900000095367432,5.0,6600
2022-06-03,5.0,5.050000190734863,5.0,5.050000190734863,1400
2022-06-06,5.0,5.099999904632568,5.0,5.0,9300
2022-06-07,5.0,5.099999904632568,5.0,5.0,6600
2022-06-08,5.010000228881836,5.010000228881836,4.699999809265137,5.0,13300
2022-06-09,5.0,5.150000095367432,5.0,5.0,4300
2022-06-10,5.010000228881836,5.010000228881836,5.0,5.0,3400
2022-06-13,4.849999904632568,4.900000095367432,4.849999904632568,4.900000095367432,2600
2022-06-14,4.900000095367432,5.099999904632568,4.900000095367432,5.0,11000
2022-06-15,5.0,5.039999961853027,4.929999828338623,5.039999961853027,1800
2022-06-16,5.0,5.0,4.909999847412109,4.909999847412109,6900
2022-06-17,5.0,5.0,4.909999847412109,4.929999828338623,2700
2022-06-21,4.929999828338623,4.989999771118164,4.659999847412109,4.989999771118164,4800
2022-06-22,5.0,5.0,5.0,5.0,400
2022-06-23,5.0,5.0,5.0,5.0,200
2022-06-24,5.0,5.099999904632568,5.0,5.099999904632568,11300
2022-06-27,5.079999923706055,5.079999923706055,4.800000190734863,4.800000190734863,600
2022-06-28,4.949999809265137,4.949999809265137,4.75,4.75,18300
2022-06-29,4.75,4.75,4.75,4.75,0
2022-06-30,4.769999980926514,4.769999980926514,4.769999980926514,4.769999980926514,200
2022-07-01,4.769999980926514,4.769999980926514,4.769999980926514,4.769999980926514,0
2022-07-05,4.769999980926514,4.769999980926514,4.769999980926514,4.769999980926514,100
2022-07-06,4.769999980926514,4.769999980926514,4.769999980926514,4.769999980926514,0
2022-07-07,4.949999809265137,4.949999809265137,4.949999809265137,4.949999809265137,400
2022-07-08,4.949999809265137,4.949999809265137,4.949999809265137,4.949999809265137,0
2022-07-11,4.949999809265137,4.949999809265137,4.949999809265137,4.949999809265137,0
2022-07-12,4.949999809265137,4.949999809265137,4.949999809265137,4.949999809265137,0
2022-07-13,4.989999771118164,4.989999771118164,4.989999771118164,4.989999771118164,100
2022-07-14,4.989999771118164,4.989999771118164,4.989999771118164,4.989999771118164,200
2022-07-15,4.769999980926514,4.769999980926514,4.699999809265137,4.699999809265137,9700
2022-07-18,4.699999809265137,4.699999809265137,4.699999809265137,4.699999809265137,0
2022-07-19,4.989999771118164,5.0,4.989999771118164,5.0,200
2022-07-20,5.0,5.0,5.0,5.0,0
2022-07-21,5.0,5.0,5.0,5.0,0
2022-07-22,4.980000019073486,5.0,4.659999847412109,4.659999847412109,4200
2022-07-25,4.699999809265137,4.699999809265137,4.699999809265137,4.699999809265137,400
2022-07-26,5.0,5.0,5.0,5.0,200
2022-07-27,5.0,5.0,5.0,5.0,0
2022-07-28,5.0,5.0,5.0,5.0,0
2022-07-29,4.989999771118164,5.0,4.940000057220459,5.0,17500
2022-08-01,5.0,5.03000020980835,5.0,5.03000020980835,3500
2022-08-02,5.099999904632568,5.099999904632568,5.050000190734863,5.050000190734863,3000
2022-08-03,5.0,5.0,4.75,5.0,3100
2022-08-04,5.0,5.0,5.0,5.0,0
2022-08-05,5.0,5.0,5.0,5.0,0
2022-08-08,4.769999980926514,4.769999980926514,4.769999980926514,4.769999980926514,27000
2022-08-09,4.769999980926514,4.849999904632568,4.769999980926514,4.849999904632568,1800
2022-08-10,4.989999771118164,4.989999771118164,4.989999771118164,4.989999771118164,500
2022-08-11,4.989999771118164,4.989999771118164,4.989999771118164,4.989999771118164,100
2022-08-12,4.989999771118164,4.989999771118164,4.989999771118164,4.989999771118164,5000
2022-08-15,4.989999771118164,4.989999771118164,4.989999771118164,4.989999771118164,0
2022-08-16,4.909999847412109,4.909999847412109,4.599999904632568,4.699999809265137,3400
2022-08-17,4.699999809265137,4.980000019073486,4.699999809265137,4.699999809265137,4900
2022-08-18,4.5,4.900000095367432,4.5,4.900000095367432,300
2022-08-19,4.550000190734863,4.699999809265137,4.5,4.699999809265137,1400
2022-08-22,4.5,4.5,4.28000020980835,4.28000020980835,2700
2022-08-23,4.28000020980835,4.28000020980835,4.28000020980835,4.28000020980835,0
2022-08-24,4.539999961853027,4.539999961853027,4.539999961853027,4.539999961853027,2500
2022-08-25,4.539999961853027,4.539999961853027,4.539999961853027,4.539999961853027,0
2022-08-26,4.639999866485596,4.639999866485596,4.639999866485596,4.639999866485596,500
2022-08-29,4.690000057220459,4.690000057220459,4.539999961853027,4.539999961853027,2200
2022-08-30,4.550000190734863,4.590000152587891,4.550000190734863,4.550000190734863,1600
2022-08-31,4.550000190734863,4.550000190734863,4.550000190734863,4.550000190734863,0
2022-09-01,4.550000190734863,4.550000190734863,4.550000190734863,4.550000190734863,0
2022-09-02,4.800000190734863,5.159999847412109,4.800000190734863,5.099999904632568,33900
2022-09-06,5.070000171661377,5.480000019073486,4.900000095367432,5.480000019073486,35200
2022-09-07,7.96999979019165,8.65999984741211,4.619999885559082,6.150000095367432,2260200
2022-09-08,5.789999961853027,5.789999961853027,4.989999771118164,5.239999771118164,301300
2022-09-09,5.050000190734863,5.050000190734863,4.659999847412109,4.690000057220459,169800
2022-09-12,4.690000057220459,4.75,4.489999771118164,4.690000057220459,76600
2022-09-13,4.440000057220459,4.679999828338623,4.440000057220459,4.550000190734863,22000
2022-09-14,4.429999828338623,4.550000190734863,4.260000228881836,4.389999866485596,107400
2022-09-15,4.5,4.5,4.269999980926514,4.269999980926514,18000
2022-09-16,4.25,4.380000114440918,4.170000076293945,4.300000190734863,42400
2022-09-19,4.150000095367432,4.21999979019165,4.130000114440918,4.159999847412109,26200
2022-09-20,4.130000114440918,4.309999942779541,4.03000020980835,4.119999885559082,9100
2022-09-21,4.130000114440918,4.199999809265137,4.099999904632568,4.099999904632568,7700
2022-09-22,4.099999904632568,4.300000190734863,3.9700000286102295,4.0,29000
2022-09-23,4.050000190734863,4.179999828338623,3.950000047683716,4.010000228881836,12800
2022-09-26,4.019999980926514,4.099999904632568,3.9000000953674316,3.950000047683716,6500
2022-09-27,4.099999904632568,4.099999904632568,3.75,3.75,40900
2022-09-28,3.799999952316284,3.880000114440918,3.7300000190734863,3.7300000190734863,17100
2022-09-29,3.7300000190734863,3.8499999046325684,3.5,3.5,9300
2022-09-30,3.549999952316284,3.9100000858306885,3.549999952316284,3.630000114440918,12800
2022-10-03,3.6700000762939453,3.6700000762939453,3.450000047683716,3.5199999809265137,39600
2022-10-04,3.690000057220459,3.690000057220459,3.569999933242798,3.6600000858306885,1900
2022-10-05,3.5899999141693115,3.680000066757202,3.5399999618530273,3.549999952316284,1500
2022-10-06,3.619999885559082,3.880000114440918,3.5199999809265137,3.5199999809265137,10300
2022-10-07,3.609999895095825,3.700000047683716,3.609999895095825,3.690000057220459,4300
2022-10-10,3.690000057220459,3.740000009536743,3.5999999046325684,3.740000009536743,10000
2022-10-11,3.700000047683716,3.799999952316284,3.6500000953674316,3.7799999713897705,3400
2022-10-12,3.680000066757202,3.8299999237060547,3.6500000953674316,3.6500000953674316,6400
2022-10-13,3.7300000190734863,3.7300000190734863,3.7300000190734863,3.7300000190734863,500
2022-10-14,3.619999885559082,3.75,3.619999885559082,3.75,6000
2022-10-17,3.7200000286102295,3.799999952316284,3.6600000858306885,3.75,19700
2022-10-18,3.7799999713897705,3.799999952316284,3.7100000381469727,3.75,6100
2022-10-19,3.799999952316284,4.139999866485596,3.7799999713897705,3.859999895095825,3100
2022-10-20,4.059999942779541,4.059999942779541,3.8499999046325684,3.8499999046325684,3400
2022-10-21,4.090000152587891,4.090000152587891,3.9000000953674316,3.9000000953674316,2400
2022-10-24,3.930000066757202,4.0,3.930000066757202,3.950000047683716,7800
2022-10-25,3.9000000953674316,4.099999904632568,3.9000000953674316,4.099999904632568,10700
2022-10-26,4.070000171661377,4.099999904632568,4.039999961853027,4.099999904632568,1100
2022-10-27,3.9600000381469727,4.099999904632568,3.9600000381469727,4.099999904632568,8100
2022-10-28,4.099999904632568,4.099999904632568,4.099999904632568,4.099999904632568,400
2022-10-31,4.010000228881836,4.099999904632568,3.950000047683716,4.079999923706055,11700
2022-11-01,4.059999942779541,4.059999942779541,4.010000228881836,4.059999942779541,6800
2022-11-02,4.059999942779541,4.099999904632568,4.010000228881836,4.099999904632568,4000
2022-11-03,4.099999904632568,4.099999904632568,4.019999980926514,4.019999980926514,800
2022-11-04,4.019999980926514,4.019999980926514,4.019999980926514,4.019999980926514,400
2022-11-07,4.0,4.050000190734863,3.9600000381469727,3.9600000381469727,9300
2022-11-08,3.9000000953674316,4.070000171661377,3.75,4.070000171661377,11800
2022-11-09,3.9700000286102295,3.9700000286102295,3.890000104904175,3.9700000286102295,4900
2022-11-10,4.019999980926514,4.019999980926514,4.019999980926514,4.019999980926514,2500
2022-11-11,4.010000228881836,4.019999980926514,3.7899999618530273,3.7899999618530273,3500
2022-11-14,4.050000190734863,4.070000171661377,4.0,4.070000171661377,12200
2022-11-15,4.010000228881836,4.090000152587891,4.0,4.090000152587891,26100
2022-11-16,4.019999980926514,4.099999904632568,4.0,4.099999904632568,7700
2022-11-17,4.059999942779541,4.559999942779541,4.050000190734863,4.210000038146973,6700
2022-11-18,4.389999866485596,4.559999942779541,4.300000190734863,4.300000190734863,10600
2022-11-21,4.579999923706055,4.579999923706055,4.230000019073486,4.480000019073486,4500
2022-11-22,4.699999809265137,4.71999979019165,4.460000038146973,4.650000095367432,4000
2022-11-23,4.460000038146973,4.5,4.409999847412109,4.5,5500
2022-11-25,4.340000152587891,4.340000152587891,4.340000152587891,4.340000152587891,400
2022-11-28,4.320000171661377,4.639999866485596,4.309999942779541,4.5,5300
2022-11-29,4.5,4.809999942779541,4.480000019073486,4.550000190734863,6000
2022-11-30,4.550000190734863,4.550000190734863,4.550000190734863,4.550000190734863,0
2022-12-01,4.579999923706055,4.840000152587891,4.400000095367432,4.840000152587891,15600
2022-12-02,4.880000114440918,4.949999809265137,4.550000190734863,4.78000020980835,3000
2022-12-05,4.840000152587891,5.050000190734863,4.710000038146973,5.050000190734863,15900
2022-12-06,4.550000190734863,5.050000190734863,4.550000190734863,5.050000190734863,14100
2022-12-07,4.929999828338623,5.0,4.75,5.0,6100
2022-12-08,5.0,5.0,4.769999980926514,5.0,6400
2022-12-09,4.960000038146973,5.0,4.849999904632568,4.929999828338623,9600
2022-12-12,5.0,5.0,4.820000171661377,4.989999771118164,8000
2022-12-13,4.880000114440918,4.989999771118164,4.820000171661377,4.929999828338623,6000
2022-12-14,4.989999771118164,4.989999771118164,4.670000076293945,4.679999828338623,5100
2022-12-15,4.929999828338623,5.0,4.659999847412109,4.659999847412109,13100
2022-12-16,4.809999942779541,4.96999979019165,4.099999904632568,4.099999904632568,51100
2022-12-19,4.5,4.5,4.329999923706055,4.329999923706055,3500
2022-12-20,4.53000020980835,4.53000020980835,4.289999961853027,4.289999961853027,5200
2022-12-21,4.25,4.300000190734863,4.25,4.289999961853027,4300
2022-12-22,4.260000228881836,4.5,4.260000228881836,4.400000095367432,3100
2022-12-23,4.25,4.519999980926514,4.25,4.519999980926514,2500
2022-12-27,4.320000171661377,4.46999979019165,4.320000171661377,4.46999979019165,1900
2022-12-28,4.300000190734863,4.46999979019165,4.300000190734863,4.440000057220459,1100
2022-12-29,4.309999942779541,4.400000095367432,4.289999961853027,4.380000114440918,10000
2022-12-30,4.309999942779541,4.309999942779541,4.170000076293945,4.25,7200
2023-01-03,4.199999809265137,4.550000190734863,4.199999809265137,4.550000190734863,3000
2023-01-04,4.21999979019165,4.619999885559082,4.21999979019165,4.269999980926514,1200
2023-01-05,4.320000171661377,4.320000171661377,4.300000190734863,4.300000190734863,1200
2023-01-06,4.210000038146973,4.460000038146973,4.199999809265137,4.25,8400
2023-01-09,4.349999904632568,4.400000095367432,4.349999904632568,4.380000114440918,1000
2023-01-10,4.210000038146973,4.400000095367432,4.210000038146973,4.300000190734863,600
2023-01-11,4.300000190734863,4.5,4.300000190734863,4.460000038146973,11700
2023-01-12,4.349999904632568,4.5,4.21999979019165,4.5,6400
2023-01-13,4.329999923706055,4.5,4.329999923706055,4.5,1300
2023-01-17,4.489999771118164,4.579999923706055,4.429999828338623,4.579999923706055,1700
2023-01-18,4.739999771118164,4.739999771118164,4.579999923706055,4.710000038146973,3200
2023-01-19,4.420000076293945,4.710000038146973,4.420000076293945,4.699999809265137,2000
2023-01-20,4.5,4.679999828338623,4.5,4.679999828338623,2600
2023-01-23,4.710000038146973,4.739999771118164,4.53000020980835,4.679999828338623,9800
2023-01-24,4.230000019073486,4.639999866485596,4.21999979019165,4.320000171661377,14400
2023-01-25,4.400000095367432,4.579999923706055,4.389999866485596,4.389999866485596,9700
2023-01-26,4.420000076293945,4.420000076293945,4.420000076293945,4.420000076293945,500
2023-01-27,4.5,4.5,4.380000114440918,4.46999979019165,1500
2023-01-30,4.449999809265137,4.449999809265137,4.449999809265137,4.449999809265137,300
2023-01-31,4.449999809265137,4.449999809265137,4.449999809265137,4.449999809265137,400
2023-02-01,4.300000190734863,4.440000057220459,4.300000190734863,4.440000057220459,900
2023-02-02,4.659999847412109,4.670000076293945,4.400000095367432,4.650000095367432,3500
2023-02-03,4.449999809265137,4.579999923706055,4.449999809265137,4.460000038146973,3600
2023-02-06,4.449999809265137,4.460000038146973,4.400000095367432,4.460000038146973,1900
2023-02-07,4.460000038146973,4.590000152587891,4.460000038146973,4.590000152587891,1800
2023-02-08,4.510000228881836,4.590000152587891,4.510000228881836,4.590000152587891,500
2023-02-09,4.590000152587891,4.590000152587891,4.409999847412109,4.409999847412109,6900
2023-02-10,4.449999809265137,4.519999980926514,4.409999847412109,4.519999980926514,900
2023-02-13,4.519999980926514,4.519999980926514,4.519999980926514,4.519999980926514,500
2023-02-14,4.519999980926514,4.519999980926514,4.519999980926514,4.519999980926514,400
2023-02-15,4.519999980926514,4.519999980926514,4.5,4.5,2400
2023-02-16,4.590000152587891,4.590000152587891,4.590000152587891,4.590000152587891,100
2023-02-17,4.550000190734863,4.690000057220459,4.539999961853027,4.690000057220459,6100
2023-02-21,4.619999885559082,4.619999885559082,4.550000190734863,4.550000190734863,800
2023-02-22,4.550000190734863,4.550000190734863,4.550000190734863,4.550000190734863,1100
2023-02-23,4.550000190734863,4.550000190734863,4.510000228881836,4.550000190734863,6000
2023-02-24,4.510000228881836,4.510000228881836,4.510000228881836,4.510000228881836,800
2023-02-27,4.510000228881836,4.510000228881836,4.510000228881836,4.510000228881836,0
2023-02-28,4.449999809265137,4.449999809265137,4.449999809265137,4.449999809265137,300
2023-03-01,4.449999809265137,4.53000020980835,4.449999809265137,4.480000019073486,2000
2023-03-02,4.539999961853027,4.599999904632568,4.480000019073486,4.599999904632568,2000
2023-03-03,4.630000114440918,4.630000114440918,4.480000019073486,4.610000133514404,1500
2023-03-06,4.570000171661377,4.570000171661377,4.460000038146973,4.480000019073486,3700
2023-03-07,4.5,4.510000228881836,4.449999809265137,4.449999809265137,1800
2023-03-08,4.5,4.5,4.449999809265137,4.449999809265137,800
2023-03-09,4.400000095367432,4.400000095367432,4.400000095367432,4.400000095367432,2700
2023-03-10,4.400000095367432,4.400000095367432,4.150000095367432,4.300000190734863,2500
2023-03-13,4.230000019073486,4.400000095367432,4.230000019073486,4.389999866485596,4500
2023-03-14,4.349999904632568,4.389999866485596,4.300000190734863,4.300000190734863,3600
2023-03-15,4.320000171661377,4.320000171661377,4.320000171661377,4.320000171661377,1700
2023-03-16,4.309999942779541,4.369999885559082,4.309999942779541,4.369999885559082,1600
2023-03-17,4.360000133514404,4.360000133514404,4.360000133514404,4.360000133514404,1600
2023-03-20,4.300000190734863,4.369999885559082,4.300000190734863,4.369999885559082,2200
2023-03-21,4.309999942779541,4.369999885559082,4.300000190734863,4.300000190734863,2700
2023-03-22,4.300000190734863,4.300000190734863,4.300000190734863,4.300000190734863,100
2023-03-23,4.300000190734863,4.300000190734863,4.300000190734863,4.300000190734863,0
2023-03-24,4.340000152587891,4.369999885559082,4.340000152587891,4.369999885559082,900
2023-03-27,4.300000190734863,4.300000190734863,4.300000190734863,4.300000190734863,1300
2023-03-28,4.369999885559082,4.53000020980835,4.349999904632568,4.489999771118164,7600
2023-03-29,4.570000171661377,4.590000152587891,4.559999942779541,4.590000152587891,3600
2023-03-30,4.53000020980835,4.690000057220459,4.53000020980835,4.670000076293945,5700
2023-03-31,4.369999885559082,4.699999809265137,4.369999885559082,4.699999809265137,1800
2023-04-03,4.380000114440918,4.460000038146973,4.349999904632568,4.460000038146973,5000
2023-04-04,4.480000019073486,4.480000019073486,4.460000038146973,4.460000038146973,1400
2023-04-05,4.349999904632568,4.349999904632568,4.349999904632568,4.349999904632568,1000
2023-04-06,4.349999904632568,4.670000076293945,4.349999904632568,4.409999847412109,5900
2023-04-10,4.349999904632568,4.53000020980835,4.349999904632568,4.449999809265137,2600
2023-04-11,4.409999847412109,4.420000076293945,3.75,4.159999847412109,20400
2023-04-12,4.139999866485596,4.239999771118164,4.139999866485596,4.210000038146973,3000
2023-04-13,4.210000038146973,4.210000038146973,4.210000038146973,4.210000038146973,0
2023-04-14,4.210000038146973,4.210000038146973,4.210000038146973,4.210000038146973,0
2023-04-17,4.21999979019165,4.300000190734863,4.21999979019165,4.269999980926514,3700
2023-04-18,4.630000114440918,4.630000114440918,4.210000038146973,4.300000190734863,3600
2023-04-19,4.300000190734863,4.300000190734863,4.300000190734863,4.300000190734863,0
2023-04-20,4.300000190734863,4.300000190734863,4.300000190734863,4.300000190734863,0
2023-04-21,4.210000038146973,4.429999828338623,4.210000038146973,4.420000076293945,3700
2023-04-24,4.25,4.420000076293945,4.230000019073486,4.420000076293945,900
2023-04-25,4.420000076293945,4.420000076293945,4.420000076293945,4.420000076293945,2900
2023-04-26,4.25,4.440000057220459,4.239999771118164,4.25,4900
2023-04-27,4.25,4.25,4.210000038146973,4.210000038146973,9800
2023-04-28,4.210000038146973,4.210000038146973,4.210000038146973,4.210000038146973,500
2023-05-01,4.300000190734863,4.550000190734863,4.300000190734863,4.420000076293945,1900
2023-05-02,4.400000095367432,4.489999771118164,4.389999866485596,4.389999866485596,2800
2023-05-03,4.309999942779541,4.400000095367432,4.300000190734863,4.300000190734863,6400
2023-05-04,4.320000171661377,4.320000171661377,4.300000190734863,4.300000190734863,500
2023-05-05,4.349999904632568,4.389999866485596,4.349999904632568,4.389999866485596,1300
2023-05-08,4.300000190734863,4.300000190734863,4.289999961853027,4.289999961853027,1500
2023-05-09,4.289999961853027,4.289999961853027,4.289999961853027,4.289999961853027,300
2023-05-10,4.289999961853027,4.289999961853027,4.28000020980835,4.289999961853027,1800
2023-05-11,4.099999904632568,4.199999809265137,4.099999904632568,4.199999809265137,3100
2023-05-12,4.239999771118164,4.25,4.239999771118164,4.25,2300
2023-05-15,4.25,4.25,4.190000057220459,4.190000057220459,2000
2023-05-16,4.210000038146973,4.260000228881836,4.170000076293945,4.170000076293945,2300
2023-05-17,4.21999979019165,4.21999979019165,4.159999847412109,4.170000076293945,2800
2023-05-18,4.170000076293945,4.170000076293945,4.170000076293945,4.170000076293945,0
2023-05-19,4.159999847412109,4.159999847412109,4.159999847412109,4.159999847412109,500
2023-05-22,4.199999809265137,4.289999961853027,4.199999809265137,4.289999961853027,2200
2023-05-23,4.199999809265137,4.210000038146973,4.190000057220459,4.199999809265137,9400
2023-05-24,4.199999809265137,4.210000038146973,4.159999847412109,4.199999809265137,2900
2023-05-25,4.199999809265137,4.199999809265137,4.159999847412109,4.159999847412109,7400
2023-05-26,4.190000057220459,4.260000228881836,4.179999828338623,4.260000228881836,3200
2023-05-30,4.25,4.260000228881836,4.239999771118164,4.260000228881836,1500
2023-05-31,4.210000038146973,4.210000038146973,4.199999809265137,4.210000038146973,1500
2023-06-01,4.25,4.289999961853027,4.199999809265137,4.289999961853027,2500
2023-06-02,4.28000020980835,4.289999961853027,4.28000020980835,4.289999961853027,800
2023-06-05,4.25,4.25,4.25,4.25,400
2023-06-06,4.210000038146973,4.349999904632568,4.210000038146973,4.309999942779541,3700
2023-06-07,4.309999942779541,4.429999828338623,4.309999942779541,4.309999942779541,11500
2023-06-08,4.440000057220459,4.440000057220459,4.400000095367432,4.409999847412109,4900
2023-06-09,4.329999923706055,4.409999847412109,4.230000019073486,4.409999847412109,1000
2023-06-12,4.380000114440918,4.380000114440918,4.309999942779541,4.309999942779541,3800
2023-06-13,4.429999828338623,4.429999828338623,4.230000019073486,4.300000190734863,4700
2023-06-14,4.300000190734863,4.409999847412109,4.300000190734863,4.409999847412109,2400
2023-06-15,4.429999828338623,4.429999828338623,4.199999809265137,4.21999979019165,9800
2023-06-16,4.239999771118164,4.380000114440918,4.199999809265137,4.380000114440918,6200
2023-06-20,4.199999809265137,4.349999904632568,4.150000095367432,4.230000019073486,7100
2023-06-21,4.320000171661377,4.320000171661377,4.320000171661377,4.320000171661377,200
2023-06-22,4.190000057220459,4.190000057220459,4.190000057220459,4.190000057220459,300
2023-06-23,4.239999771118164,4.320000171661377,4.190000057220459,4.320000171661377,4500
2023-06-26,4.320000171661377,4.320000171661377,4.320000171661377,4.320000171661377,0
2023-06-27,4.21999979019165,4.300000190734863,4.21999979019165,4.300000190734863,4200
2023-06-28,4.230000019073486,4.230000019073486,4.230000019073486,4.230000019073486,400
2023-06-29,4.21999979019165,4.21999979019165,4.21999979019165,4.21999979019165,300
2023-06-30,4.21999979019165,4.21999979019165,4.21999979019165,4.21999979019165,400
2023-07-03,4.300000190734863,4.300000190734863,4.300000190734863,4.300000190734863,100
2023-07-05,4.269999980926514,4.269999980926514,4.269999980926514,4.269999980926514,1100
2023-07-06,4.269999980926514,4.269999980926514,4.269999980926514,4.269999980926514,0
2023-07-07,4.289999961853027,4.300000190734863,4.289999961853027,4.300000190734863,1500
2023-07-10,4.239999771118164,4.239999771118164,4.239999771118164,4.239999771118164,300
2023-07-11,4.239999771118164,4.239999771118164,4.239999771118164,4.239999771118164,100
2023-07-12,4.309999942779541,4.320000171661377,4.300000190734863,4.320000171661377,3500
2023-07-13,4.320000171661377,4.320000171661377,4.320000171661377,4.320000171661377,100
2023-07-14,4.340000152587891,4.340000152587891,4.329999923706055,4.340000152587891,1400
2023-07-17,4.309999942779541,4.309999942779541,4.260000228881836,4.260000228881836,1600
2023-07-18,4.25,4.289999961853027,4.150000095367432,4.289999961853027,15000
2023-07-19,4.230000019073486,4.320000171661377,4.199999809265137,4.28000020980835,4500
2023-07-20,4.28000020980835,4.28000020980835,4.28000020980835,4.28000020980835,0
2023-07-21,4.239999771118164,4.389999866485596,4.199999809265137,4.230000019073486,10300
2023-07-24,4.230000019073486,4.230000019073486,4.230000019073486,4.230000019073486,0
2023-07-25,4.28000020980835,4.28000020980835,4.260000228881836,4.269999980926514,1600
2023-07-26,4.21999979019165,4.289999961853027,4.199999809265137,4.199999809265137,6400
2023-07-27,4.190000057220459,4.190000057220459,4.190000057220459,4.190000057220459,400
2023-07-28,4.25,4.289999961853027,4.199999809265137,4.289999961853027,2100
2023-07-31,4.190000057220459,4.25,4.179999828338623,4.190000057220459,5200
2023-08-01,4.210000038146973,4.300000190734863,4.199999809265137,4.199999809265137,8300
2023-08-02,4.199999809265137,4.199999809265137,4.199999809265137,4.199999809265137,200
2023-08-03,4.150000095367432,4.440000057220459,4.150000095367432,4.349999904632568,25200
2023-08-04,4.349999904632568,4.440000057220459,4.199999809265137,4.199999809265137,8300
2023-08-07,4.210000038146973,4.300000190734863,4.179999828338623,4.210000038146973,10700
2023-08-08,4.230000019073486,4.300000190734863,4.199999809265137,4.199999809265137,3600
2023-08-09,4.210000038146973,4.210000038146973,4.210000038146973,4.210000038146973,300
2023-08-10,4.25,4.28000020980835,4.25,4.28000020980835,600
2023-08-11,4.199999809265137,4.25,4.170000076293945,4.170000076293945,3100
2023-08-14,4.199999809265137,4.320000171661377,4.170000076293945,4.170000076293945,3800
2023-08-15,4.199999809265137,4.25,4.130000114440918,4.130000114440918,38400
2023-08-16,4.199999809265137,4.25,4.150000095367432,4.21999979019165,8400
2023-08-17,4.210000038146973,4.210000038146973,4.199999809265137,4.199999809265137,1200
2023-08-18,4.210000038146973,4.210000038146973,4.159999847412109,4.159999847412109,1000
2023-08-21,4.150000095367432,4.25,4.150000095367432,4.21999979019165,24700
2023-08-22,4.190000057220459,4.190000057220459,4.190000057220459,4.190000057220459,5300
2023-08-23,4.239999771118164,4.269999980926514,4.239999771118164,4.269999980926514,4700
2023-08-24,4.269999980926514,4.400000095367432,4.25,4.400000095367432,14600
2023-08-25,4.309999942779541,4.309999942779541,4.309999942779541,4.309999942779541,2000
2023-08-28,4.360000133514404,4.389999866485596,4.309999942779541,4.309999942779541,1200
2023-08-29,4.400000095367432,4.400000095367432,4.360000133514404,4.360000133514404,2700
2023-08-30,4.360000133514404,4.389999866485596,4.300000190734863,4.300000190734863,7700
2023-08-31,4.300000190734863,4.340000152587891,4.300000190734863,4.300000190734863,1700
2023-09-01,4.389999866485596,4.389999866485596,4.349999904632568,4.349999904632568,900
2023-09-05,4.300000190734863,4.300000190734863,4.300000190734863,4.300000190734863,2300
2023-09-06,4.300000190734863,4.320000171661377,4.289999961853027,4.289999961853027,9000
2023-09-07,4.309999942779541,4.320000171661377,4.260000228881836,4.320000171661377,3700
2023-09-08,4.320000171661377,4.329999923706055,4.269999980926514,4.269999980926514,2200
2023-09-11,4.210000038146973,4.210000038146973,4.210000038146973,4.210000038146973,500
2023-09-12,4.21999979019165,4.269999980926514,4.210000038146973,4.260000228881836,1100
2023-09-13,4.21999979019165,4.309999942779541,4.21999979019165,4.309999942779541,2200
2023-09-14,4.309999942779541,4.400000095367432,4.269999980926514,4.400000095367432,11400
2023-09-15,4.300000190734863,4.400000095367432,4.260000228881836,4.400000095367432,10400
2023-09-18,4.349999904632568,4.349999904632568,4.239999771118164,4.349999904632568,8800
2023-09-19,4.309999942779541,4.329999923706055,4.25,4.329999923706055,3000
2023-09-20,4.28000020980835,4.360000133514404,4.239999771118164,4.25,9000
2023-09-21,4.25,4.25,4.239999771118164,4.239999771118164,3100
2023-09-22,4.28000020980835,4.349999904632568,4.28000020980835,4.349999904632568,1600
2023-09-25,4.25,4.28000020980835,4.239999771118164,4.25,8300
2023-09-26,4.260000228881836,4.260000228881836,4.260000228881836,4.260000228881836,1700
2023-09-27,4.25,4.25,4.210000038146973,4.210000038146973,4400
2023-09-28,4.21999979019165,4.21999979019165,4.210000038146973,4.210000038146973,600
2023-09-29,4.260000228881836,4.260000228881836,4.210000038146973,4.210000038146973,800
2023-10-02,4.260000228881836,4.260000228881836,4.210000038146973,4.25,900
2023-10-03,4.28000020980835,4.28000020980835,4.28000020980835,4.28000020980835,500
2023-10-04,4.289999961853027,4.449999809265137,4.25,4.449999809265137,30600
2023-10-05,4.449999809265137,4.449999809265137,4.369999885559082,4.369999885559082,7300
2023-10-06,4.360000133514404,4.360000133514404,4.329999923706055,4.329999923706055,500
2023-10-09,4.329999923706055,4.329999923706055,4.329999923706055,4.329999923706055,200
2023-10-10,4.429999828338623,4.429999828338623,4.349999904632568,4.349999904632568,600
2023-10-11,4.289999961853027,4.289999961853027,4.289999961853027,4.289999961853027,800
2023-10-12,4.28000020980835,4.449999809265137,4.28000020980835,4.300000190734863,11400
2023-10-13,4.28000020980835,4.380000114440918,4.28000020980835,4.380000114440918,800
2023-10-16,4.5,4.5,4.320000171661377,4.320000171661377,2700
2023-10-17,4.300000190734863,4.389999866485596,4.28000020980835,4.329999923706055,4600
2023-10-18,4.389999866485596,4.389999866485596,4.289999961853027,4.289999961853027,1300
2023-10-19,4.340000152587891,4.340000152587891,4.28000020980835,4.28000020980835,1500
2023-10-20,4.269999980926514,4.300000190734863,4.269999980926514,4.300000190734863,600
2023-10-23,4.269999980926514,4.380000114440918,4.269999980926514,4.28000020980835,3500
2023-10-24,4.309999942779541,4.309999942779541,4.309999942779541,4.309999942779541,500
2023-10-25,4.269999980926514,4.349999904632568,4.260000228881836,4.349999904632568,4600
2023-10-26,4.349999904632568,4.349999904632568,4.349999904632568,4.349999904632568,0
2023-10-27,4.300000190734863,4.349999904632568,4.210000038146973,4.21999979019165,3000
2023-10-30,4.349999904632568,4.349999904632568,4.210000038146973,4.260000228881836,2200
2023-10-31,4.210000038146973,4.21999979019165,4.199999809265137,4.199999809265137,600
2023-11-01,4.199999809265137,4.199999809265137,4.199999809265137,4.199999809265137,0
2023-11-02,4.199999809265137,4.199999809265137,4.199999809265137,4.199999809265137,200
2023-11-03,4.25,4.300000190734863,4.25,4.25,1000
2023-11-06,4.25,4.25,4.25,4.25,500
2023-11-07,4.230000019073486,4.239999771118164,4.150000095367432,4.179999828338623,2100
2023-11-08,4.199999809265137,4.239999771118164,3.9000000953674316,4.03000020980835,29900
2023-11-09,4.03000020980835,4.110000133514404,4.03000020980835,4.110000133514404,800
2023-11-10,4.25,4.25,4.25,4.25,400
2023-11-13,4.050000190734863,4.050000190734863,4.050000190734863,4.050000190734863,500
2023-11-14,4.050000190734863,4.050000190734863,4.050000190734863,4.050000190734863,0
2023-11-15,4.050000190734863,4.159999847412109,4.050000190734863,4.159999847412109,4000
2023-11-16,4.25,4.25,4.25,4.25,1000
2023-11-17,4.230000019073486,4.230000019073486,4.230000019073486,4.230000019073486,500
2023-11-20,4.150000095367432,4.210000038146973,4.099999904632568,4.210000038146973,4200
2023-11-21,4.070000171661377,4.159999847412109,4.070000171661377,4.070000171661377,1500
2023-11-22,4.050000190734863,4.150000095367432,4.050000190734863,4.150000095367432,2400
2023-11-24,4.150000095367432,4.150000095367432,4.150000095367432,4.150000095367432,300
2023-11-27,4.159999847412109,4.199999809265137,4.150000095367432,4.150000095367432,2700
2023-11-28,4.110000133514404,4.110000133514404,4.110000133514404,4.110000133514404,400
2023-11-29,4.119999885559082,4.119999885559082,4.119999885559082,4.119999885559082,400
2023-11-30,4.119999885559082,4.119999885559082,4.119999885559082,4.119999885559082,200
2023-12-01,4.150000095367432,4.159999847412109,4.090000152587891,4.090000152587891,9300
2023-12-04,4.079999923706055,4.239999771118164,4.0,4.010000228881836,16000
2023-12-05,4.050000190734863,4.050000190734863,4.03000020980835,4.03000020980835,1300
2023-12-06,4.050000190734863,4.210000038146973,4.03000020980835,4.059999942779541,5400
2023-12-07,4.039999961853027,4.059999942779541,4.03000020980835,4.050000190734863,2500
2023-12-08,4.110000133514404,4.349999904632568,4.110000133514404,4.329999923706055,21800
2023-12-11,4.300000190734863,4.300000190734863,4.28000020980835,4.289999961853027,2200
2023-12-12,4.239999771118164,4.239999771118164,4.239999771118164,4.239999771118164,1000
2023-12-13,4.239999771118164,4.300000190734863,4.239999771118164,4.300000190734863,8600
2023-12-14,4.340000152587891,4.340000152587891,4.300000190734863,4.300000190734863,3100
2023-12-15,4.320000171661377,4.510000228881836,4.300000190734863,4.510000228881836,54000
2023-12-18,4.449999809265137,4.449999809265137,4.309999942779541,4.309999942779541,2300
2023-12-19,4.420000076293945,4.449999809265137,4.329999923706055,4.329999923706055,2500
2023-12-20,4.329999923706055,4.400000095367432,4.329999923706055,4.400000095367432,900
2023-12-21,4.360000133514404,4.400000095367432,4.360000133514404,4.389999866485596,2000
2023-12-22,4.380000114440918,4.389999866485596,4.369999885559082,4.389999866485596,2600
2023-12-26,4.400000095367432,4.400000095367432,4.400000095367432,4.400000095367432,700
2023-12-27,4.400000095367432,4.400000095367432,4.400000095367432,4.400000095367432,0
2023-12-28,4.380000114440918,4.400000095367432,4.28000020980835,4.389999866485596,1900
2023-12-29,4.300000190734863,4.380000114440918,4.260000228881836,4.260000228881836,2100
2024-01-02,4.400000095367432,4.980000019073486,4.400000095367432,4.690000057220459,20700
2024-01-03,4.599999904632568,4.900000095367432,4.599999904632568,4.849999904632568,12000
2024-01-04,4.900000095367432,4.900000095367432,4.789999961853027,4.829999923706055,13800
2024-01-05,4.849999904632568,4.889999866485596,4.829999923706055,4.889999866485596,7500
2024-01-08,4.900000095367432,4.900000095367432,4.840000152587891,4.849999904632568,7500
2024-01-09,4.809999942779541,4.809999942779541,4.590000152587891,4.650000095367432,9500
2024-01-10,4.829999923706055,4.829999923706055,4.659999847412109,4.820000171661377,1700
2024-01-11,4.829999923706055,4.829999923706055,4.820000171661377,4.820000171661377,1700
2024-01-12,4.820000171661377,4.820000171661377,4.75,4.800000190734863,1100
2024-01-16,4.519999980926514,4.800000190734863,4.519999980926514,4.800000190734863,1500
2024-01-17,4.800000190734863,4.820000171661377,4.800000190734863,4.820000171661377,1900
2024-01-18,4.710000038146973,4.760000228881836,4.630000114440918,4.760000228881836,8100
2024-01-19,4.659999847412109,4.679999828338623,4.639999866485596,4.659999847412109,2900
2024-01-22,4.630000114440918,4.670000076293945,4.619999885559082,4.619999885559082,2400
2024-01-23,4.619999885559082,4.630000114440918,4.340000152587891,4.519999980926514,8300
2024-01-24,4.329999923706055,4.329999923706055,4.329999923706055,4.329999923706055,1500
2024-01-25,4.460000038146973,4.460000038146973,4.460000038146973,4.460000038146973,900
2024-01-26,4.389999866485596,4.389999866485596,4.389999866485596,4.389999866485596,600
2024-01-29,4.440000057220459,4.440000057220459,4.440000057220459,4.440000057220459,200
2024-01-30,4.389999866485596,4.420000076293945,4.320000171661377,4.420000076293945,3700
2024-01-31,4.409999847412109,4.420000076293945,4.349999904632568,4.349999904632568,1100
2024-02-01,4.349999904632568,4.349999904632568,4.349999904632568,4.349999904632568,0
2024-02-02,4.360000133514404,4.449999809265137,4.360000133514404,4.449999809265137,800
2024-02-05,4.449999809265137,4.449999809265137,4.449999809265137,4.449999809265137,800
2024-02-06,4.380000114440918,4.699999809265137,4.380000114440918,4.5,3300
2024-02-07,4.369999885559082,4.5,4.369999885559082,4.480000019073486,9300
2024-02-08,4.449999809265137,4.480000019073486,4.440000057220459,4.480000019073486,1100
2024-02-09,4.420000076293945,4.460000038146973,4.400000095367432,4.460000038146973,1000
2024-02-12,4.480000019073486,4.480000019073486,4.360000133514404,4.360000133514404,1500
2024-02-13,4.380000114440918,4.380000114440918,4.360000133514404,4.360000133514404,600
2024-02-14,4.449999809265137,4.449999809265137,4.449999809265137,4.449999809265137,300
2024-02-15,4.369999885559082,4.369999885559082,4.369999885559082,4.369999885559082,200
2024-02-16,4.429999828338623,4.440000057220459,4.429999828338623,4.440000057220459,500
2024-02-20,4.400000095367432,4.519999980926514,4.389999866485596,4.400000095367432,2400
2024-02-21,4.400000095367432,4.53000020980835,4.400000095367432,4.53000020980835,3000
2024-02-22,4.519999980926514,4.53000020980835,4.420000076293945,4.53000020980835,2500
2024-02-23,4.53000020980835,4.53000020980835,4.53000020980835,4.53000020980835,100
2024-02-26,4.5,4.5,4.5,4.5,400
2024-02-27,4.480000019073486,4.610000133514404,4.389999866485596,4.610000133514404,8300
2024-02-28,4.610000133514404,4.610000133514404,4.610000133514404,4.610000133514404,0
2024-02-29,4.550000190734863,4.550000190734863,4.550000190734863,4.550000190734863,500
2024-03-01,4.550000190734863,4.550000190734863,4.550000190734863,4.550000190734863,300
2024-03-04,4.46999979019165,4.46999979019165,4.420000076293945,4.429999828338623,1400
2024-03-05,4.420000076293945,4.480000019073486,4.420000076293945,4.480000019073486,600
2024-03-06,4.480000019073486,4.480000019073486,4.480000019073486,4.480000019073486,400
2024-03-07,4.429999828338623,4.46999979019165,4.429999828338623,4.46999979019165,300
2024-03-08,4.46999979019165,4.46999979019165,4.46999979019165,4.46999979019165,300
2024-03-11,4.46999979019165,4.46999979019165,4.46999979019165,4.46999979019165,0
2024-03-12,4.590000152587891,4.590000152587891,4.400000095367432,4.400000095367432,600
2024-03-13,4.400000095367432,4.400000095367432,4.400000095367432,4.400000095367432,600
2024-03-14,4.440000057220459,4.440000057220459,4.440000057220459,4.440000057220459,1100
2024-03-15,4.510000228881836,4.550000190734863,4.510000228881836,4.550000190734863,4600
2024-03-18,4.739999771118164,4.739999771118164,4.409999847412109,4.409999847412109,3400
2024-03-19,4.409999847412109,4.630000114440918,4.409999847412109,4.440000057220459,2200
2024-03-20,4.389999866485596,4.409999847412109,4.389999866485596,4.409999847412109,900
2024-03-21,4.420000076293945,4.5,4.400000095367432,4.480000019073486,5000
2024-03-22,4.429999828338623,4.559999942779541,4.429999828338623,4.559999942779541,4300
2024-03-25,4.809999942779541,4.820000171661377,4.429999828338623,4.659999847412109,15100
2024-03-26,4.630000114440918,4.679999828338623,4.630000114440918,4.650000095367432,4700
2024-03-27,4.650000095367432,4.760000228881836,4.550000190734863,4.639999866485596,24100
2024-03-28,4.679999828338623,4.699999809265137,4.650000095367432,4.650000095367432,1700
2024-04-01,4.800000190734863,4.800000190734863,4.610000133514404,4.650000095367432,5900
2024-04-02,4.550000190734863,4.730000019073486,4.550000190734863,4.730000019073486,1200
2024-04-03,4.690000057220459,4.789999961853027,4.679999828338623,4.679999828338623,1800
2024-04-04,4.679999828338623,4.679999828338623,4.679999828338623,4.679999828338623,400
2024-04-05,4.579999923706055,4.699999809265137,4.579999923706055,4.690000057220459,2400
2024-04-08,4.699999809265137,4.699999809265137,4.579999923706055,4.679999828338623,2100
2024-04-09,4.650000095367432,4.650000095367432,4.630000114440918,4.650000095367432,2100
2024-04-10,4.630000114440918,4.630000114440918,4.630000114440918,4.630000114440918,3100
2024-04-11,4.480000019073486,4.480000019073486,4.460000038146973,4.460000038146973,4700
2024-04-12,4.5,4.670000076293945,4.5,4.670000076293945,2500
2024-04-15,4.639999866485596,4.650000095367432,4.559999942779541,4.559999942779541,3500
2024-04-16,4.550000190734863,4.559999942779541,4.550000190734863,4.559999942779541,3100
2024-04-17,4.599999904632568,4.800000190734863,4.599999904632568,4.639999866485596,6100
2024-04-18,4.650000095367432,4.800000190734863,4.610000133514404,4.610000133514404,13300
2024-04-19,4.599999904632568,4.800000190734863,4.599999904632568,4.650000095367432,11500
2024-04-22,4.570000171661377,4.739999771118164,4.570000171661377,4.710000038146973,4800
2024-04-23,4.75,4.75,4.590000152587891,4.699999809265137,4700
2024-04-24,4.570000171661377,4.820000171661377,4.570000171661377,4.659999847412109,4900
2024-04-25,4.679999828338623,4.889999866485596,4.679999828338623,4.889999866485596,2800
2024-04-26,4.820000171661377,4.96999979019165,4.75,4.949999809265137,4400
2024-04-29,4.730000019073486,4.980000019073486,4.699999809265137,4.96999979019165,5600
2024-04-30,4.78000020980835,4.78000020980835,4.75,4.75,4400
2024-05-01,4.670000076293945,4.670000076293945,4.659999847412109,4.659999847412109,400
2024-05-02,4.619999885559082,4.710000038146973,4.619999885559082,4.710000038146973,2900
2024-05-03,4.679999828338623,4.800000190734863,4.53000020980835,4.71999979019165,21600
2024-05-06,4.800000190734863,4.929999828338623,4.71999979019165,4.75,7900
2024-05-07,4.739999771118164,4.769999980926514,4.71999979019165,4.71999979019165,2900
2024-05-08,4.71999979019165,4.75,4.71999979019165,4.730000019073486,900
2024-05-09,4.71999979019165,4.769999980926514,4.599999904632568,4.75,20500
2024-05-10,4.769999980926514,5.010000228881836,4.769999980926514,4.949999809265137,14100
2024-05-13,4.610000133514404,4.820000171661377,4.46999979019165,4.46999979019165,24400
2024-05-14,4.5,4.699999809265137,4.5,4.650000095367432,2700
2024-05-15,4.739999771118164,4.75,4.659999847412109,4.710000038146973,2500
2024-05-16,4.650000095367432,4.710000038146973,4.639999866485596,4.710000038146973,900
2024-05-17,4.699999809265137,4.699999809265137,4.650000095367432,4.690000057220459,1000
2024-05-20,4.639999866485596,4.710000038146973,4.639999866485596,4.710000038146973,2800
2024-05-21,4.679999828338623,4.800000190734863,4.679999828338623,4.800000190734863,3900
2024-05-22,4.739999771118164,4.75,4.690000057220459,4.699999809265137,2900
2024-05-23,4.679999828338623,4.699999809265137,4.679999828338623,4.679999828338623,4700
2024-05-24,4.679999828338623,4.800000190734863,4.679999828338623,4.739999771118164,7200
2024-05-28,4.739999771118164,5.0,4.739999771118164,4.739999771118164,14600
2024-05-29,4.739999771118164,4.78000020980835,4.710000038146973,4.730000019073486,7500
2024-05-30,4.75,4.889999866485596,4.730000019073486,4.730000019073486,3400
2024-05-31,4.949999809265137,4.949999809265137,4.739999771118164,4.739999771118164,1600
2024-06-03,4.739999771118164,5.0,4.480000019073486,4.590000152587891,13100
2024-06-04,4.599999904632568,4.659999847412109,4.380000114440918,4.46999979019165,9200
2024-06-05,4.449999809265137,4.46999979019165,4.380000114440918,4.440000057220459,4900
2024-06-06,4.46999979019165,4.53000020980835,4.460000038146973,4.460000038146973,3000
2024-06-07,4.460000038146973,4.460000038146973,4.460000038146973,4.460000038146973,0
2024-06-10,4.46999979019165,4.599999904632568,4.46999979019165,4.539999961853027,6600
2024-06-11,4.489999771118164,4.5,4.489999771118164,4.489999771118164,3100
2024-06-12,4.429999828338623,4.449999809265137,4.400000095367432,4.449999809265137,6600
2024-06-13,4.449999809265137,4.449999809265137,4.420000076293945,4.420000076293945,300
2024-06-14,4.460000038146973,4.480000019073486,4.460000038146973,4.480000019073486,1000
2024-06-17,4.5,4.5,4.400000095367432,4.449999809265137,4600
2024-06-18,4.400000095367432,4.400000095367432,4.400000095367432,4.400000095367432,3200
2024-06-20,4.449999809265137,4.449999809265137,4.320000171661377,4.400000095367432,3300
2024-06-21,4.139999866485596,4.380000114440918,4.139999866485596,4.340000152587891,4700
2024-06-24,4.329999923706055,4.329999923706055,4.25,4.260000228881836,5200
2024-06-25,4.260000228881836,4.260000228881836,4.260000228881836,4.260000228881836,0
2024-06-26,4.320000171661377,4.449999809265137,4.320000171661377,4.440000057220459,2800
2024-06-27,4.260000228881836,4.420000076293945,4.260000228881836,4.420000076293945,400
2024-06-28,4.449999809265137,4.5,4.440000057220459,4.5,4600
2024-07-01,4.5,4.5,4.489999771118164,4.489999771118164,1100
2024-07-02,4.449999809265137,4.449999809265137,4.400000095367432,4.400000095367432,2000
2024-07-03,4.400000095367432,4.449999809265137,4.400000095367432,4.449999809265137,1100
2024-07-05,4.449999809265137,4.480000019073486,4.409999847412109,4.409999847412109,2100
2024-07-08,4.420000076293945,4.420000076293945,4.400000095367432,4.400000095367432,1600
2024-07-09,4.400000095367432,4.400000095367432,4.300000190734863,4.349999904632568,2300
2024-07-10,4.309999942779541,4.309999942779541,4.309999942779541,4.309999942779541,500
2024-07-11,4.289999961853027,4.369999885559082,4.289999961853027,4.360000133514404,7000
2024-07-12,4.360000133514404,4.440000057220459,4.300000190734863,4.400000095367432,2100
2024-07-15,4.409999847412109,4.409999847412109,4.329999923706055,4.329999923706055,900
2024-07-16,4.269999980926514,4.389999866485596,4.269999980926514,4.369999885559082,4400
2024-07-17,4.389999866485596,4.389999866485596,4.380000114440918,4.380000114440918,1900
2024-07-18,4.340000152587891,4.340000152587891,4.340000152587891,4.340000152587891,200
2024-07-19,4.260000228881836,4.300000190734863,4.260000228881836,4.269999980926514,2900
2024-07-22,4.309999942779541,4.380000114440918,4.309999942779541,4.380000114440918,1300
2024-07-23,4.380000114440918,4.380000114440918,4.380000114440918,4.380000114440918,300
2024-07-24,4.340000152587891,4.340000152587891,4.210000038146973,4.210000038146973,5500
2024-07-25,4.300000190734863,4.300000190734863,4.199999809265137,4.210000038146973,6100
2024-07-26,4.25,4.309999942779541,4.25,4.289999961853027,4000
2024-07-29,4.389999866485596,4.389999866485596,4.389999866485596,4.389999866485596,700
2024-07-30,4.349999904632568,4.369999885559082,4.349999904632568,4.349999904632568,2200
2024-07-31,4.349999904632568,4.429999828338623,4.349999904632568,4.429999828338623,900
2024-08-01,4.429999828338623,4.429999828338623,4.429999828338623,4.429999828338623,300
2024-08-02,4.46999979019165,4.46999979019165,4.130000114440918,4.21999979019165,13400
2024-08-05,4.210000038146973,4.230000019073486,4.059999942779541,4.199999809265137,17600
2024-08-06,4.199999809265137,4.25,4.179999828338623,4.25,3600
2024-08-07,4.25,4.25,4.25,4.25,300
2024-08-08,4.050000190734863,4.269999980926514,4.050000190734863,4.269999980926514,7200
2024-08-09,4.260000228881836,4.260000228881836,4.260000228881836,4.260000228881836,300
2024-08-12,4.21999979019165,4.21999979019165,4.150000095367432,4.210000038146973,1400
2024-08-13,4.300000190734863,4.300000190734863,4.150000095367432,4.199999809265137,5100
2024-08-14,4.179999828338623,4.199999809265137,4.090000152587891,4.150000095367432,5600
2024-08-15,4.099999904632568,4.159999847412109,3.9200000762939453,4.099999904632568,6300
2024-08-16,4.079999923706055,4.079999923706055,4.039999961853027,4.039999961853027,4100
2024-08-19,4.039999961853027,4.21999979019165,4.03000020980835,4.03000020980835,2800
2024-08-20,4.050000190734863,4.289999961853027,4.03000020980835,4.289999961853027,7900
2024-08-21,4.0,4.440000057220459,4.0,4.139999866485596,5900
2024-08-22,4.199999809265137,4.389999866485596,4.139999866485596,4.260000228881836,5400
2024-08-23,4.199999809265137,4.199999809265137,4.199999809265137,4.199999809265137,300
2024-08-26,4.150000095367432,4.25,4.050000190734863,4.25,4900
2024-08-27,4.070000171661377,4.070000171661377,4.070000171661377,4.070000171661377,200
2024-08-28,4.130000114440918,4.190000057220459,4.130000114440918,4.139999866485596,900
2024-08-29,4.159999847412109,4.179999828338623,4.079999923706055,4.099999904632568,1800
2024-08-30,4.110000133514404,4.139999866485596,4.110000133514404,4.119999885559082,900
2024-09-03,4.139999866485596,4.230000019073486,4.099999904632568,4.119999885559082,4200
2024-09-04,4.110000133514404,4.150000095367432,4.099999904632568,4.099999904632568,2000
2024-09-05,4.099999904632568,4.239999771118164,4.099999904632568,4.179999828338623,6000
2024-09-06,4.110000133514404,4.400000095367432,4.099999904632568,4.119999885559082,13200
2024-09-09,4.119999885559082,4.210000038146973,3.990000009536743,4.130000114440918,11200
2024-09-10,4.130000114440918,4.130000114440918,4.130000114440918,4.130000114440918,600
2024-09-11,4.079999923706055,4.239999771118164,4.079999923706055,4.150000095367432,2300
2024-09-12,4.150000095367432,4.150000095367432,3.950000047683716,4.070000171661377,8800
2024-09-13,4.25,4.289999961853027,4.039999961853027,4.070000171661377,8200
2024-09-16,4.070000171661377,4.210000038146973,3.9600000381469727,3.9600000381469727,23500
2024-09-17,4.239999771118164,4.239999771118164,3.9600000381469727,4.010000228881836,11600
2024-09-18,4.010000228881836,4.199999809265137,4.010000228881836,4.010000228881836,5500
2024-09-19,4.110000133514404,4.159999847412109,4.099999904632568,4.099999904632568,4000
2024-09-20,4.039999961853027,4.340000152587891,4.039999961853027,4.230000019073486,20800
2024-09-23,4.110000133514404,4.119999885559082,4.079999923706055,4.090000152587891,4800
2024-09-24,4.119999885559082,4.210000038146973,4.099999904632568,4.150000095367432,8700
2024-09-25,4.179999828338623,4.239999771118164,4.090000152587891,4.159999847412109,18800
2024-09-26,4.110000133514404,4.179999828338623,4.050000190734863,4.179999828338623,3100
2024-09-27,4.179999828338623,4.190000057220459,4.059999942779541,4.190000057220459,8600
2024-09-30,4.190000057220459,4.190000057220459,4.170000076293945,4.190000057220459,3700
2024-10-01,4.199999809265137,4.28000020980835,4.130000114440918,4.130000114440918,13200
2024-10-02,4.199999809265137,4.329999923706055,4.070000171661377,4.110000133514404,23600
2024-10-03,4.170000076293945,4.300000190734863,4.170000076293945,4.300000190734863,3800
2024-10-04,4.349999904632568,4.349999904632568,4.230000019073486,4.289999961853027,5700
2024-10-07,4.179999828338623,4.289999961853027,4.170000076293945,4.289999961853027,10300
2024-10-08,4.300000190734863,4.449999809265137,4.300000190734863,4.340000152587891,32600
2024-10-09,4.309999942779541,4.349999904632568,4.260000228881836,4.349999904632568,5600
2024-10-10,4.349999904632568,4.349999904632568,4.349999904632568,4.349999904632568,1200
2024-10-11,4.300000190734863,4.349999904632568,4.300000190734863,4.349999904632568,3300
2024-10-14,4.300000190734863,4.329999923706055,4.25,4.25,1500
2024-10-15,4.260000228881836,4.340000152587891,4.199999809265137,4.199999809265137,1700
2024-10-16,4.269999980926514,4.269999980926514,4.210000038146973,4.269999980926514,2000
2024-10-17,4.210000038146973,4.289999961853027,4.210000038146973,4.289999961853027,7900
2024-10-18,4.5,4.5,4.329999923706055,4.329999923706055,13100
2024-10-21,4.329999923706055,4.489999771118164,4.239999771118164,4.289999961853027,8200
2024-10-22,4.400000095367432,4.449999809265137,4.25,4.329999923706055,9900
2024-10-23,4.329999923706055,4.329999923706055,4.329999923706055,4.329999923706055,0
2024-10-24,4.309999942779541,4.449999809265137,4.300000190734863,4.300000190734863,8500
2024-10-25,4.300000190734863,4.429999828338623,4.300000190734863,4.429999828338623,4800
2024-10-28,4.340000152587891,4.349999904632568,4.230000019073486,4.329999923706055,8300
2024-10-29,4.329999923706055,4.340000152587891,4.329999923706055,4.340000152587891,3500
2024-10-30,4.340000152587891,4.340000152587891,4.210000038146973,4.320000171661377,2500
2024-10-31,4.239999771118164,4.369999885559082,4.199999809265137,4.369999885559082,2500
2024-11-01,4.349999904632568,4.349999904632568,4.150000095367432,4.199999809265137,7400
2024-11-04,4.320000171661377,4.329999923706055,4.300000190734863,4.300000190734863,1000
2024-11-05,4.150000095367432,4.239999771118164,4.150000095367432,4.239999771118164,900
2024-11-06,4.25,4.25,4.210000038146973,4.210000038146973,3100
2024-11-07,4.210000038146973,4.210000038146973,4.210000038146973,4.210000038146973,300
2024-11-08,4.199999809265137,4.210000038146973,4.199999809265137,4.199999809265137,4600
2024-11-11,4.199999809265137,4.199999809265137,4.199999809265137,4.199999809265137,300
2024-11-12,4.159999847412109,4.25,4.150000095367432,4.25,1000
2024-11-13,4.199999809265137,4.199999809265137,4.199999809265137,4.199999809265137,300
2024-11-14,4.179999828338623,4.199999809265137,4.159999847412109,4.199999809265137,2400
2024-11-15,4.199999809265137,4.199999809265137,4.199999809265137,4.199999809265137,0
2024-11-18,4.159999847412109,4.21999979019165,3.9700000286102295,4.050000190734863,89500
2024-11-19,4.150000095367432,4.199999809265137,4.010000228881836,4.150000095367432,12700
2024-11-20,4.099999904632568,4.199999809265137,4.03000020980835,4.03000020980835,4700
2024-11-21,4.190000057220459,4.199999809265137,4.059999942779541,4.199999809265137,9000
2024-11-22,4.210000038146973,4.210000038146973,4.210000038146973,4.210000038146973,700
2024-11-25,4.199999809265137,4.21999979019165,4.070000171661377,4.110000133514404,7700
2024-11-26,4.210000038146973,4.210000038146973,4.070000171661377,4.070000171661377,5500
2024-11-27,4.199999809265137,4.21999979019165,4.070000171661377,4.170000076293945,12700
2024-11-29,4.150000095367432,4.150000095367432,4.079999923706055,4.090000152587891,1700
2024-12-02,4.070000171661377,4.190000057220459,4.059999942779541,4.070000171661377,16200
2024-12-03,4.070000171661377,4.099999904632568,4.0,4.050000190734863,13500
2024-12-04,4.059999942779541,4.099999904632568,4.0,4.090000152587891,3900
2024-12-05,4.050000190734863,4.090000152587891,4.0,4.0,4500
2024-12-06,4.070000171661377,4.070000171661377,4.010000228881836,4.010000228881836,38600
2024-12-09,4.699999809265137,5.300000190734863,4.699999809265137,4.860000133514404,186100
2024-12-10,4.860000133514404,4.860000133514404,4.699999809265137,4.75,40800
2024-12-11,4.800000190734863,4.900000095367432,4.75,4.809999942779541,11800
2024-12-12,4.829999923706055,5.0,4.809999942779541,4.849999904632568,4500
2024-12-13,4.909999847412109,4.909999847412109,4.699999809265137,4.739999771118164,12500
2024-12-16,4.739999771118164,4.769999980926514,4.5,4.739999771118164,21000
2024-12-17,4.789999961853027,4.789999961853027,4.710000038146973,4.739999771118164,2700
2024-12-18,4.75,4.789999961853027,4.659999847412109,4.659999847412109,16100
2024-12-19,4.630000114440918,4.730000019073486,4.630000114440918,4.650000095367432,6100
2024-12-20,4.670000076293945,4.789999961853027,4.670000076293945,4.789999961853027,3300
2024-12-23,4.739999771118164,4.75,4.699999809265137,4.730000019073486,2500
2024-12-24,4.730000019073486,4.730000019073486,4.730000019073486,4.730000019073486,0
2024-12-26,4.75,4.900000095367432,4.730000019073486,4.800000190734863,11100
2024-12-27,4.889999866485596,4.909999847412109,4.71999979019165,4.840000152587891,4500
2024-12-30,4.880000114440918,4.889999866485596,4.679999828338623,4.769999980926514,20300
2024-12-31,4.840000152587891,4.900000095367432,4.789999961853027,4.789999961853027,10300
2025-01-02,4.789999961853027,4.809999942779541,4.760000228881836,4.769999980926514,8900
2025-01-03,4.800000190734863,4.800000190734863,4.71999979019165,4.75,2500
2025-01-06,4.809999942779541,4.849999904632568,4.650000095367432,4.679999828338623,25700
2025-01-07,4.699999809265137,4.710000038146973,4.650000095367432,4.650000095367432,22300
2025-01-08,4.650000095367432,4.71999979019165,4.599999904632568,4.650000095367432,11000
2025-01-10,4.599999904632568,4.599999904632568,4.550000190734863,4.559999942779541,14600
2025-01-13,4.610000133514404,4.610000133514404,4.389999866485596,4.409999847412109,39600
2025-01-14,4.480000019073486,4.489999771118164,4.269999980926514,4.349999904632568,43200
2025-01-15,4.53000020980835,4.53000020980835,4.369999885559082,4.409999847412109,15300
2025-01-16,4.409999847412109,4.510000228881836,4.380000114440918,4.460000038146973,15100
2025-01-17,4.5,4.5,4.420000076293945,4.429999828338623,5300
2025-01-21,4.449999809265137,4.559999942779541,4.400000095367432,4.400000095367432,18000
2025-01-22,4.480000019073486,4.5,4.400000095367432,4.420000076293945,7700
2025-01-23,4.400000095367432,4.480000019073486,4.389999866485596,4.480000019073486,6700
2025-01-24,4.480000019073486,4.5,4.429999828338623,4.460000038146973,20400
2025-01-27,4.449999809265137,4.449999809265137,4.389999866485596,4.420000076293945,14800
2025-01-28,4.460000038146973,4.460000038146973,4.349999904632568,4.389999866485596,10900
2025-01-29,4.800000190734863,5.179999828338623,4.579999923706055,5.010000228881836,215900
2025-01-30,5.019999980926514,5.21999979019165,4.710000038146973,4.800000190734863,117400
2025-01-31,4.940000057220459,4.949999809265137,4.75,4.869999885559082,89200
2025-02-03,4.710000038146973,4.96999979019165,4.710000038146973,4.909999847412109,72800
2025-02-04,4.809999942779541,5.070000171661377,4.809999942779541,5.070000171661377,41700
2025-02-05,5.090000152587891,5.090000152587891,5.0,5.050000190734863,11800
2025-02-06,5.010000228881836,5.079999923706055,5.010000228881836,5.010000228881836,16000
2025-02-07,5.010000228881836,5.099999904632568,5.010000228881836,5.090000152587891,13800
2025-02-10,5.139999866485596,5.199999809265137,5.079999923706055,5.099999904632568,18000
2025-02-11,5.190000057220459,5.199999809265137,5.110000133514404,5.130000114440918,32300
2025-02-12,5.090000152587891,5.150000095367432,5.079999923706055,5.079999923706055,3800
2025-02-13,5.130000114440918,5.329999923706055,5.090000152587891,5.199999809265137,90500
2025-02-14,5.28000020980835,5.289999961853027,5.199999809265137,5.269999980926514,44400
2025-02-18,5.25,5.480000019073486,5.199999809265137,5.420000076293945,129700
2025-02-19,3.7899999618530273,4.070000171661377,3.5299999713897705,3.9600000381469727,171300
2025-02-20,4.130000114440918,4.199999809265137,3.869999885559082,3.9800000190734863,53400
2025-02-21,4.03000020980835,4.070000171661377,3.809999942779541,3.859999895095825,29000
2025-02-24,3.869999885559082,3.880000114440918,3.549999952316284,3.759999990463257,72800
2025-02-25,3.759999990463257,3.759999990463257,3.3399999141693115,3.390000104904175,146900
2025-02-26,3.369999885559082,3.4700000286102295,3.119999885559082,3.240000009536743,184000
2025-02-27,3.240000009536743,3.2899999618530273,3.130000114440918,3.2699999809265137,18400
2025-02-28,3.25,3.319999933242798,3.2100000381469727,3.299999952316284,106800
2025-03-03,3.369999885559082,3.4600000381469727,3.190000057220459,3.190000057220459,16200
2025-03-04,3.1700000762939453,3.1700000762939453,3.069999933242798,3.069999933242798,15600
2025-03-05,3.0199999809265137,3.069999933242798,2.9600000381469727,3.0399999618530273,34400
2025-03-06,3.0299999713897705,3.0799999237060547,3.0199999809265137,3.0799999237060547,4600
2025-03-07,3.0299999713897705,3.0799999237060547,3.0299999713897705,3.0799999237060547,900
2025-03-10,3.049999952316284,3.049999952316284,3.0,3.0,3600
2025-03-11,3.009999990463257,3.0199999809265137,2.9600000381469727,2.9600000381469727,3800
2025-03-12,2.9600000381469727,3.3399999141693115,2.9600000381469727,2.9800000190734863,53200
2025-03-13,3.119999885559082,3.119999885559082,2.9800000190734863,2.9800000190734863,37300
2025-03-14,3.0199999809265137,3.0999999046325684,2.9200000762939453,2.9800000190734863,32600
2025-03-17,3.0,3.119999885559082,2.9800000190734863,3.0,23600
2025-03-18,3.0,3.0899999141693115,2.9600000381469727,3.009999990463257,8500
2025-03-19,3.0399999618530273,3.0399999618530273,3.0,3.0,5800
2025-03-20,3.130000114440918,3.130000114440918,2.9100000858306885,3.0,19800
2025-03-21,3.009999990463257,3.049999952316284,2.950000047683716,2.9600000381469727,6600
2025-03-24,3.059999942779541,3.059999942779541,2.9700000286102295,3.0,21900
2025-03-25,2.9000000953674316,3.059999942779541,2.9000000953674316,3.009999990463257,9500
2025-03-26,2.990000009536743,3.049999952316284,2.9800000190734863,3.049999952316284,18300
2025-03-27,3.0,3.0399999618530273,3.0,3.0,6300
2025-03-28,3.059999942779541,3.059999942779541,2.9700000286102295,3.0,3200
2025-03-31,2.990000009536743,2.990000009536743,2.9000000953674316,2.9000000953674316,19600
2025-04-01,2.9000000953674316,2.9600000381469727,2.8299999237060547,2.8299999237060547,14300
2025-04-02,2.890000104904175,2.9600000381469727,2.8299999237060547,2.950000047683716,26400
2025-04-03,2.940000057220459,2.940000057220459,2.8399999141693115,2.9100000858306885,28500
2025-04-04,2.9000000953674316,2.9600000381469727,2.819999933242798,2.9200000762939453,105600
2025-04-07,2.799999952316284,2.890000104904175,2.690000057220459,2.8499999046325684,10600
2025-04-08,2.7699999809265137,2.799999952316284,2.740000009536743,2.7899999618530273,6900
2025-04-09,2.7799999713897705,2.869999885559082,2.7300000190734863,2.7799999713897705,3300
2025-04-10,2.7699999809265137,2.7699999809265137,2.700000047683716,2.740000009536743,9200
2025-04-11,2.75,2.859999895095825,2.7300000190734863,2.859999895095825,59200
2025-04-14,2.930000066757202,2.930000066757202,2.75,2.819999933242798,3500
2025-04-15,2.799999952316284,2.950000047683716,2.799999952316284,2.8399999141693115,12600
2025-04-16,2.8499999046325684,2.8499999046325684,2.8299999237060547,2.8299999237060547,1400
2025-04-17,2.880000114440918,2.880000114440918,2.799999952316284,2.809999942779541,2500
2025-04-21,2.859999895095825,2.859999895095825,2.7799999713897705,2.799999952316284,4600
2025-04-22,2.890000104904175,2.9000000953674316,2.8299999237060547,2.8399999141693115,3000
2025-04-23,2.8399999141693115,2.8399999141693115,2.8399999141693115,2.8399999141693115,0
2025-04-24,2.7699999809265137,2.950000047683716,2.7699999809265137,2.950000047683716,1700
2025-04-25,2.940000057220459,2.950000047683716,2.799999952316284,2.950000047683716,32500
2025-04-28,2.930000066757202,2.930000066757202,2.8499999046325684,2.8499999046325684,4300
2025-04-29,2.8499999046325684,2.8499999046325684,2.7300000190734863,2.759999990463257,5200
2025-04-30,2.869999885559082,2.869999885559082,2.7799999713897705,2.7799999713897705,1000
2025-05-01,2.7799999713897705,2.940000057220459,2.759999990463257,2.9200000762939453,29900
2025-05-02,2.8299999237060547,2.9200000762939453,2.8299999237060547,2.8499999046325684,5000
2025-05-05,2.890000104904175,2.890000104904175,2.7699999809265137,2.7699999809265137,1400
2025-05-06,2.7699999809265137,2.8399999141693115,2.7699999809265137,2.7799999713897705,1500
2025-05-07,2.8299999237060547,2.8299999237060547,2.8299999237060547,2.8299999237060547,600
2025-05-08,2.8399999141693115,2.859999895095825,2.8399999141693115,2.859999895095825,500
2025-05-09,2.859999895095825,2.930000066757202,2.859999895095825,2.869999885559082,9900
2025-05-12,2.859999895095825,2.859999895095825,2.8499999046325684,2.8499999046325684,2200
2025-05-13,2.799999952316284,2.869999885559082,2.799999952316284,2.8499999046325684,39500
2025-05-14,2.890000104904175,2.990000009536743,2.799999952316284,2.819999933242798,31200
2025-05-15,2.809999942779541,2.990000009536743,2.809999942779541,2.880000114440918,24100
2025-05-16,2.859999895095825,2.9100000858306885,2.8299999237060547,2.859999895095825,11300
2025-05-19,2.880000114440918,3.049999952316284,2.859999895095825,2.9000000953674316,27800
2025-05-20,2.9100000858306885,2.9100000858306885,2.9100000858306885,2.9100000858306885,1100
2025-05-21,2.9100000858306885,3.0,2.859999895095825,2.9600000381469727,115800
2025-05-22,2.930000066757202,2.9600000381469727,2.9200000762939453,2.940000057220459,12600
2025-05-23,2.940000057220459,2.950000047683716,2.890000104904175,2.940000057220459,9800
2025-05-27,2.990000009536743,3.200000047683716,2.990000009536743,3.059999942779541,69400
2025-05-28,3.0799999237060547,3.2899999618530273,3.049999952316284,3.190000057220459,63200
2025-05-29,3.2200000286102295,3.4700000286102295,3.069999933242798,3.0899999141693115,53900
2025-05-30,3.1700000762939453,3.1700000762939453,3.109999895095825,3.109999895095825,5900
2025-06-02,3.2300000190734863,3.2300000190734863,3.0,3.059999942779541,9600
2025-06-03,3.059999942779541,3.1600000858306885,3.059999942779541,3.109999895095825,15800
2025-06-04,3.1600000858306885,3.2200000286102295,3.109999895095825,3.130000114440918,9600
2025-06-05,3.1700000762939453,3.180000066757202,3.049999952316284,3.049999952316284,5300
2025-06-06,3.069999933242798,3.240000009536743,3.069999933242798,3.240000009536743,15100
2025-06-09,3.180000066757202,3.4200000762939453,3.109999895095825,3.109999895095825,32200
2025-06-10,3.2100000381469727,3.2300000190734863,3.119999885559082,3.2300000190734863,3300
2025-06-11,3.2300000190734863,3.2300000190734863,3.0999999046325684,3.190000057220459,12800
2025-06-12,3.130000114440918,3.200000047683716,3.059999942779541,3.0799999237060547,17400
2025-06-13,3.109999895095825,3.140000104904175,3.049999952316284,3.049999952316284,12100
2025-06-16,3.119999885559082,3.140000104904175,2.990000009536743,3.0899999141693115,12500
2025-06-17,3.0999999046325684,3.180000066757202,3.009999990463257,3.0299999713897705,9100
2025-06-18,3.009999990463257,3.0999999046325684,3.009999990463257,3.009999990463257,6000
2025-06-20,3.059999942779541,3.180000066757202,3.0,3.009999990463257,8100
2025-06-23,3.049999952316284,3.180000066757202,3.049999952316284,3.049999952316284,12800
2025-06-24,3.0999999046325684,3.0999999046325684,3.0199999809265137,3.0199999809265137,5400
2025-06-25,3.069999933242798,3.109999895095825,3.0399999618530273,3.0799999237060547,5300
2025-06-26,3.109999895095825,3.119999885559082,3.059999942779541,3.059999942779541,7200
2025-06-27,3.109999895095825,3.109999895095825,3.049999952316284,3.0799999237060547,15000
2025-06-30,3.109999895095825,3.119999885559082,3.049999952316284,3.0899999141693115,10400
2025-07-01,3.0899999141693115,3.1500000953674316,3.0899999141693115,3.1500000953674316,9800
2025-07-02,3.1500000953674316,3.190000057220459,3.1500000953674316,3.190000057220459,4200
2025-07-03,3.1500000953674316,3.1500000953674316,3.1500000953674316,3.1500000953674316,900
2025-07-07,3.200000047683716,3.200000047683716,3.1500000953674316,3.1500000953674316,4800
2025-07-08,3.190000057220459,3.4200000762939453,3.0999999046325684,3.319999933242798,56900
2025-07-09,3.299999952316284,3.319999933242798,3.190000057220459,3.200000047683716,2800
2025-07-10,3.2300000190734863,3.3499999046325684,3.2100000381469727,3.2899999618530273,7600
2025-07-11,3.3499999046325684,3.3499999046325684,3.200000047683716,3.299999952316284,16600
2025-07-14,3.3399999141693115,3.390000104904175,3.240000009536743,3.3299999237060547,28500
2025-07-15,3.3399999141693115,3.359999895095825,3.2200000286102295,3.2899999618530273,6500
2025-07-16,3.3299999237060547,3.3299999237060547,3.2100000381469727,3.2100000381469727,5700
2025-07-17,3.25,3.3399999141693115,3.25,3.3399999141693115,19700
2025-07-18,3.309999942779541,3.390000104904175,3.259999990463257,3.299999952316284,6900
2025-07-21,3.390000104904175,3.4000000953674316,3.309999942779541,3.359999895095825,15200
2025-07-22,3.309999942779541,3.4700000286102295,3.2899999618530273,3.440000057220459,24400
2025-07-23,3.4800000190734863,3.5899999141693115,3.369999885559082,3.440000057220459,39400
2025-07-24,3.4800000190734863,3.490000009536743,3.450000047683716,3.4700000286102295,6000
2025-07-25,3.509999990463257,3.509999990463257,3.450000047683716,3.4600000381469727,6900
2025-07-28,3.509999990463257,3.7799999713897705,3.4800000190734863,3.5799999237060547,44400
2025-07-29,3.5899999141693115,3.640000104904175,3.4000000953674316,3.549999952316284,17000
2025-07-30,3.4700000286102295,3.549999952316284,3.4100000858306885,3.450000047683716,15800
2025-07-31,3.450000047683716,3.5999999046325684,3.450000047683716,3.490000009536743,14100
2025-08-01,3.4600000381469727,3.559999942779541,3.450000047683716,3.5199999809265137,16200
2025-08-04,3.5799999237060547,3.5899999141693115,3.430000066757202,3.4800000190734863,8900
2025-08-05,3.549999952316284,3.569999933242798,3.490000009536743,3.569999933242798,19600
2025-08-06,3.5299999713897705,3.549999952316284,3.4800000190734863,3.5199999809265137,2200
2025-08-07,3.5199999809265137,3.5199999809265137,3.2300000190734863,3.4700000286102295,27700
2025-08-08,3.430000066757202,3.549999952316284,3.4200000762939453,3.4800000190734863,3600
2025-08-11,3.4100000858306885,3.5899999141693115,3.4100000858306885,3.450000047683716,6100
2025-08-12,3.5199999809265137,3.5199999809265137,3.299999952316284,3.390000104904175,13600
2025-08-13,3.369999885559082,3.5,3.3399999141693115,3.430000066757202,5600
2025-08-14,3.309999942779541,3.4800000190734863,3.25,3.440000057220459,5500
2025-08-15,3.450000047683716,3.4700000286102295,3.2699999809265137,3.369999885559082,1900
2025-08-18,3.319999933242798,3.440000057220459,3.2699999809265137,3.309999942779541,13000
2025-08-19,3.309999942779541,3.309999942779541,3.2799999713897705,3.299999952316284,3000
2025-08-20,3.299999952316284,3.3399999141693115,3.25,3.309999942779541,5200
2025-08-21,3.309999942779541,3.309999942779541,3.2799999713897705,3.299999952316284,900
2025-08-22,3.3399999141693115,3.3399999141693115,3.200000047683716,3.200000047683716,10100
2025-08-25,3.180000066757202,3.2200000286102295,3.1700000762939453,3.1700000762939453,6400
2025-08-26,3.1700000762939453,3.25,3.1500000953674316,3.1600000858306885,6300
2025-08-27,3.2200000286102295,3.25,3.130000114440918,3.130000114440918,11800
2025-08-28,3.130000114440918,3.130000114440918,3.0999999046325684,3.0999999046325684,8900
2025-08-29,3.130000114440918,3.140000104904175,3.0,3.0799999237060547,38300
2025-09-02,3.0,3.059999942779541,3.0,3.0199999809265137,14000
2025-09-03,3.0,3.049999952316284,2.9800000190734863,3.0399999618530273,79300
2025-09-04,3.049999952316284,3.240000009536743,3.0399999618530273,3.049999952316284,63600
2025-09-05,3.069999933242798,3.069999933242798,3.0199999809265137,3.069999933242798,9700
2025-09-08,3.0199999809265137,3.059999942779541,3.009999990463257,3.0199999809265137,15500
2025-09-09,3.0399999618530273,3.0399999618530273,2.990000009536743,3.0,12900
2025-09-10,2.9800000190734863,3.0299999713897705,2.9800000190734863,3.009999990463257,20200
2025-09-11,2.9800000190734863,3.059999942779541,2.9800000190734863,3.059999942779541,24100
2025-09-12,3.0999999046325684,3.109999895095825,3.0,3.0799999237060547,9400
2025-09-15,3.0999999046325684,3.200000047683716,3.0299999713897705,3.0799999237060547,5600
2025-09-16,3.049999952316284,3.069999933242798,3.0399999618530273,3.0399999618530273,1200
2025-09-17,3.0399999618530273,3.109999895095825,3.0199999809265137,3.0899999141693115,8100
2025-09-18,3.119999885559082,3.130000114440918,3.049999952316284,3.0999999046325684,19500
2025-09-19,3.0999999046325684,3.0999999046325684,3.049999952316284,3.0899999141693115,8700
2025-09-22,3.069999933242798,3.0999999046325684,3.0299999713897705,3.0399999618530273,34400
2025-09-23,3.0399999618530273,3.069999933242798,3.009999990463257,3.0299999713897705,32100
2025-09-24,3.0299999713897705,3.0299999713897705,3.0,3.0,12000
2025-09-25,2.990000009536743,3.0299999713897705,2.9700000286102295,3.0299999713897705,3800
2025-09-26,3.0199999809265137,3.049999952316284,3.0,3.049999952316284,6900
2025-09-29,3.0,3.049999952316284,3.0,3.0299999713897705,5900
2025-09-30,2.990000009536743,3.0199999809265137,2.990000009536743,3.0,1500
2025-10-01,3.0,3.0299999713897705,2.950000047683716,3.0,37900
2025-10-02,2.9800000190734863,3.0,2.9800000190734863,3.0,17000
2025-10-03,2.990000009536743,3.0299999713897705,2.990000009536743,3.0199999809265137,2000
2025-10-06,3.0199999809265137,3.0299999713897705,3.0199999809265137,3.0299999713897705,6600
2025-10-07,3.0299999713897705,3.069999933242798,2.990000009536743,2.990000009536743,3500
2025-10-08,3.0399999618530273,3.0399999618530273,2.990000009536743,3.0,7100
2025-10-09,3.059999942779541,3.059999942779541,2.990000009536743,3.009999990463257,1700
2025-10-10,3.0,3.0299999713897705,2.990000009536743,2.990000009536743,12000
2025-10-13,3.0199999809265137,3.0199999809265137,2.9800000190734863,3.0,21700
2025-10-14,3.0,3.049999952316284,3.0,3.0199999809265137,15500
2025-10-15,3.0199999809265137,3.069999933242798,3.009999990463257,3.0399999618530273,6000
2025-10-16,3.0999999046325684,3.130000114440918,3.049999952316284,3.049999952316284,18400
2025-10-17,3.009999990463257,3.049999952316284,3.009999990463257,3.0299999713897705,5300
2025-10-20,3.0199999809265137,3.0799999237060547,3.0199999809265137,3.049999952316284,1900
2025-10-21,3.0799999237060547,3.0999999046325684,3.0299999713897705,3.0299999713897705,10200
2025-10-22,3.0299999713897705,3.0899999141693115,3.0299999713897705,3.0799999237060547,11400
2025-10-23,3.0299999713897705,3.0999999046325684,3.0299999713897705,3.0799999237060547,5700
2025-10-24,3.059999942779541,3.0999999046325684,3.0299999713897705,3.049999952316284,27300
2025-10-27,3.059999942779541,3.069999933242798,2.9700000286102295,3.0199999809265137,32300
2025-10-28,3.0399999618530273,3.069999933242798,3.009999990463257,3.0399999618530273,6900
2025-10-29,3.0399999618530273,3.069999933242798,2.950000047683716,2.9600000381469727,29800
2025-10-30,2.9600000381469727,3.0199999809265137,2.9600000381469727,3.0,29100
2025-10-31,2.9800000190734863,3.049999952316284,2.9800000190734863,3.0199999809265137,6700
2025-11-03,3.0199999809265137,3.0799999237060547,3.0,3.059999942779541,11100
2025-11-04,3.0399999618530273,3.0399999618530273,3.009999990463257,3.009999990463257,2900
2025-11-05,3.009999990463257,3.0399999618530273,2.9800000190734863,2.990000009536743,4000
2025-11-06,3.049999952316284,3.049999952316284,2.9100000858306885,2.9100000858306885,22900
2025-11-07,2.990000009536743,3.0,2.950000047683716,2.950000047683716,2000
2025-11-10,2.950000047683716,2.9600000381469727,2.930000066757202,2.9600000381469727,5900
2025-11-11,2.950000047683716,2.950000047683716,2.950000047683716,2.950000047683716,1100
2025-11-12,2.950000047683716,3.0299999713897705,2.9200000762939453,2.940000057220459,24000
2025-11-13,2.9600000381469727,2.9600000381469727,2.880000114440918,2.890000104904175,30400
2025-11-14,2.890000104904175,2.9000000953674316,2.799999952316284,2.819999933242798,27900
2025-11-17,2.819999933242798,2.859999895095825,2.609999895095825,2.609999895095825,30500
2025-11-18,2.7200000286102295,2.869999885559082,2.609999895095825,2.680000066757202,60000
2025-11-19,2.759999990463257,2.7799999713897705,2.559999942779541,2.5899999141693115,28300
2025-11-20,2.630000114440918,2.7100000381469727,2.5799999237060547,2.5899999141693115,72700
2025-11-21,2.799999952316284,2.9200000762939453,2.5999999046325684,2.6700000762939453,11700
2025-11-24,2.680000066757202,2.680000066757202,2.609999895095825,2.640000104904175,4700
2025-11-25,2.7100000381469727,2.740000009536743,2.6700000762939453,2.740000009536743,4400
2025-11-26,2.7100000381469727,2.809999942779541,2.6600000858306885,2.690000057220459,10100
2025-11-28,2.700000047683716,2.740000009536743,2.700000047683716,2.7300000190734863,8300
2025-12-01,2.7300000190734863,2.7699999809265137,2.700000047683716,2.7699999809265137,5600
2025-12-02,2.75,2.759999990463257,2.680000066757202,2.7300000190734863,6500
2025-12-03,2.75,2.7799999713897705,2.690000057220459,2.690000057220459,26500
2025-12-04,2.7899999618530273,2.7899999618530273,2.6500000953674316,2.6700000762939453,17600
2025-12-05,2.6500000953674316,2.7200000286102295,2.6500000953674316,2.6700000762939453,7800
2025-12-08,2.6600000858306885,2.75,2.6500000953674316,2.6700000762939453,36700
2025-12-09,2.7100000381469727,2.75,2.680000066757202,2.700000047683716,13000
2025-12-10,2.7200000286102295,2.75,2.700000047683716,2.7100000381469727,7000
2025-12-11,2.7200000286102295,2.75,2.7100000381469727,2.7100000381469727,4000
2025-12-12,2.740000009536743,2.75,2.6500000953674316,2.6600000858306885,32900
2025-12-15,2.6500000953674316,2.690000057220459,2.5999999046325684,2.5999999046325684,37300
2025-12-16,2.630000114440918,2.6600000858306885,2.619999885559082,2.619999885559082,14700
2025-12-17,2.700000047683716,2.700000047683716,2.630000114440918,2.630000114440918,3400
2025-12-18,2.740000009536743,2.740000009536743,2.640000104904175,2.640000104904175,4400
2025-12-19,2.640000104904175,2.7200000286102295,2.5999999046325684,2.6700000762939453,22100
2025-12-22,2.640000104904175,2.700000047683716,2.640000104904175,2.6500000953674316,13700
2025-12-23,2.700000047683716,2.740000009536743,2.640000104904175,2.6500000953674316,10800
2025-12-24,2.6600000858306885,2.6600000858306885,2.6500000953674316,2.6500000953674316,2300
2025-12-26,2.6500000953674316,2.7100000381469727,2.5999999046325684,2.690000057220459,8300
2025-12-29,2.690000057220459,2.8499999046325684,2.6600000858306885,2.7200000286102295,9900
2025-12-30,2.680000066757202,2.690000057220459,2.680000066757202,2.690000057220459,1600
2025-12-31,2.680000066757202,2.740000009536743,2.6500000953674316,2.740000009536743,25200
2026-01-02,2.75,2.75,2.680000066757202,2.7100000381469727,8300
2026-01-05,2.740000009536743,2.819999933242798,2.6700000762939453,2.799999952316284,14600
2026-01-06,2.7699999809265137,2.7699999809265137,2.7699999809265137,2.7699999809265137,400
2026-01-07,2.7699999809265137,2.950000047683716,2.7699999809265137,2.799999952316284,5300
2026-01-08,2.7799999713897705,2.890000104904175,2.7799999713897705,2.8399999141693115,9500
2026-01-09,2.7799999713897705,2.8499999046325684,2.759999990463257,2.7799999713897705,7900
2026-01-12,2.7200000286102295,2.869999885559082,2.7200000286102295,2.759999990463257,13800
2026-01-13,2.819999933242798,2.8299999237060547,2.7699999809265137,2.7799999713897705,2000
2026-01-14,2.8499999046325684,2.8499999046325684,2.819999933242798,2.8499999046325684,3300
2026-01-15,2.8299999237060547,2.8499999046325684,2.7799999713897705,2.8399999141693115,2400
2026-01-16,2.7899999618530273,2.880000114440918,2.7899999618530273,2.880000114440918,3400
2026-01-20,2.8499999046325684,2.940000057220459,2.799999952316284,2.869999885559082,9800
2026-01-21,2.869999885559082,2.869999885559082,2.799999952316284,2.799999952316284,7300
2026-01-22,2.799999952316284,2.859999895095825,2.799999952316284,2.8499999046325684,4200
2026-01-23,2.8399999141693115,2.8399999141693115,2.799999952316284,2.809999942779541,4900
2026-01-26,2.7799999713897705,2.8299999237060547,2.75,2.8299999237060547,31100
2026-01-27,2.809999942779541,2.869999885559082,2.7699999809265137,2.869999885559082,36800
2026-01-28,2.799999952316284,2.869999885559082,2.799999952316284,2.869999885559082,10500
2026-01-29,2.8499999046325684,2.859999895095825,2.819999933242798,2.8399999141693115,3600
2026-01-30,2.8499999046325684,2.8499999046325684,2.8299999237060547,2.8499999046325684,6400
2026-02-02,2.819999933242798,2.880000114440918,2.799999952316284,2.819999933242798,27200
2026-02-03,2.799999952316284,2.880000114440918,2.799999952316284,2.880000114440918,505200
2026-02-04,3.259999990463257,3.359999895095825,3.180000066757202,3.200000047683716,327200
2026-02-05,3.180000066757202,3.259999990463257,3.0999999046325684,3.1700000762939453,180100
2026-02-06,3.140000104904175,3.200000047683716,3.049999952316284,3.180000066757202,190100
2026-02-09,3.1700000762939453,3.200000047683716,3.0999999046325684,3.1500000953674316,123000
2026-02-10,3.109999895095825,3.1600000858306885,3.059999942779541,3.130000114440918,92000
2026-02-11,3.140000104904175,3.140000104904175,3.059999942779541,3.109999895095825,40200
2026-02-12,3.0899999141693115,3.109999895095825,3.049999952316284,3.0799999237060547,17500
2026-02-13,3.069999933242798,3.0999999046325684,3.0399999618530273,3.0899999141693115,10400
2026-02-17,3.0999999046325684,3.109999895095825,3.059999942779541,3.0999999046325684,37700
2026-02-18,3.0899999141693115,3.119999885559082,3.0899999141693115,3.0999999046325684,17100
2026-02-19,3.059999942779541,3.119999885559082,3.059999942779541,3.0899999141693115,11100
2026-02-20,3.0899999141693115,3.130000114440918,3.059999942779541,3.0999999046325684,54800
2026-02-23,3.0899999141693115,3.130000114440918,3.0,3.059999942779541,64700
2026-02-24,3.0799999237060547,3.0899999141693115,3.049999952316284,3.069999933242798,95100
2026-02-25,2.2799999713897705,2.450000047683716,2.2799999713897705,2.3499999046325684,240900
2026-02-26,2.3499999046325684,2.390000104904175,2.2899999618530273,2.369999885559082,69300
2026-02-27,2.359999895095825,2.4000000953674316,2.3499999046325684,2.369999885559082,41600
2026-03-02,2.390000104904175,2.390000104904175,2.319999933242798,2.380000114440918,54900
2026-03-03,2.369999885559082,2.4700000286102295,2.319999933242798,2.440000057220459,155400
2026-03-04,2.4700000286102295,2.4800000190734863,2.369999885559082,2.430000066757202,42000
2026-03-05,2.369999885559082,2.430000066757202,2.3399999141693115,2.380000114440918,85600
2026-03-06,2.380000114440918,2.4600000381469727,2.369999885559082,2.4200000762939453,195600
2026-03-09,2.440000057220459,2.440000057220459,2.319999933242798,2.430000066757202,39600
2026-03-10,2.390000104904175,2.4200000762939453,2.380000114440918,2.380000114440918,17800
2026-03-11,2.380000114440918,2.440000057220459,2.3299999237060547,2.359999895095825,19800
2026-03-12,2.380000114440918,2.390000104904175,2.319999933242798,2.3299999237060547,7500
2026-03-13,2.319999933242798,2.3499999046325684,2.2699999809265137,2.319999933242798,8900
2026-03-16,2.319999933242798,2.359999895095825,2.299999952316284,2.299999952316284,15700
2026-03-17,2.3399999141693115,2.390000104904175,2.2899999618530273,2.309999942779541,14400
2026-03-18,2.2899999618530273,2.3399999141693115,2.2899999618530273,2.299999952316284,40500
2026-03-19,2.319999933242798,2.3499999046325684,2.2799999713897705,2.299999952316284,16600
2026-03-20,2.299999952316284,2.3399999141693115,2.259999990463257,2.259999990463257,59000
2026-03-23,2.319999933242798,2.390000104904175,2.2899999618530273,2.3399999141693115,18000
2026-03-24,2.369999885559082,2.4100000858306885,2.309999942779541,2.309999942779541,27800
2026-03-25,2.4000000953674316,2.440000057220459,2.299999952316284,2.3299999237060547,9600
2026-03-26,2.369999885559082,2.4000000953674316,2.2100000381469727,2.2699999809265137,48100
2026-03-27,2.2300000190734863,2.380000114440918,2.2300000190734863,2.2699999809265137,9100
2026-03-30,2.2300000190734863,2.2699999809265137,2.2100000381469727,2.259999990463257,4800
2026-03-31,2.309999942779541,2.369999885559082,2.25,2.309999942779541,28900
2026-04-01,2.3499999046325684,2.4800000190734863,2.3499999046325684,2.4100000858306885,96200
2026-04-02,2.4200000762939453,2.4200000762939453,2.3499999046325684,2.380000114440918,3600
2026-04-06,2.359999895095825,2.4200000762939453,2.3399999141693115,2.359999895095825,6300
2026-04-07,2.4100000858306885,2.450000047683716,2.3399999141693115,2.3499999046325684,8100
2026-04-08,2.390000104904175,2.390000104904175,2.240000009536743,2.299999952316284,67500
2026-04-09,2.299999952316284,2.3399999141693115,2.2799999713897705,2.2799999713897705,8200
2026-04-10,2.309999942779541,2.3299999237060547,2.299999952316284,2.299999952316284,1400
2026-04-13,2.3299999237060547,2.3399999141693115,2.2899999618530273,2.309999942779541,74800
2026-04-14,2.319999933242798,2.359999895095825,2.2799999713897705,2.319999933242798,45500
2026-04-15,2.299999952316284,2.369999885559082,2.2799999713897705,2.359999895095825,63200
2026-04-16,2.369999885559082,2.390000104904175,2.3299999237060547,2.3299999237060547,9400
2026-04-17,2.4000000953674316,2.4000000953674316,2.359999895095825,2.380000114440918,3600
2026-04-20,2.4000000953674316,2.4000000953674316,2.380000114440918,2.4000000953674316,2000
2026-04-21,2.4100000858306885,2.4100000858306885,2.390000104904175,2.390000104904175,5300
2026-04-22,2.380000114440918,2.4000000953674316,2.3299999237060547,2.4000000953674316,5800
2026-04-23,2.3399999141693115,2.3499999046325684,2.3299999237060547,2.3499999046325684,5200
2026-04-24,2.380000114440918,2.380000114440918,2.3299999237060547,2.3499999046325684,4300
2026-04-27,2.3499999046325684,2.380000114440918,2.3399999141693115,2.3399999141693115,5200
2026-04-28,2.359999895095825,2.369999885559082,2.3299999237060547,2.3399999141693115,5400
2026-04-29,2.3299999237060547,2.359999895095825,2.3299999237060547,2.3399999141693115,4800
2026-04-30,2.3299999237060547,2.4000000953674316,2.3299999237060547,2.3399999141693115,2100
2026-05-01,2.3299999237060547,2.369999885559082,2.3299999237060547,2.3399999141693115,3800
2026-05-04,2.3499999046325684,2.369999885559082,2.309999942779541,2.309999942779541,18300
2026-05-05,2.309999942779541,2.359999895095825,2.309999942779541,2.359999895095825,5300
2026-05-06,2.3299999237060547,2.430000066757202,2.3299999237060547,2.430000066757202,22500
2026-05-07,2.450000047683716,2.450000047683716,2.450000047683716,2.450000047683716,4400
2026-05-08,2.3399999141693115,2.450000047683716,2.3399999141693115,2.430000066757202,13900
2026-05-11,2.390000104904175,2.450000047683716,2.359999895095825,2.390000104904175,19000
2026-05-12,2.440000057220459,2.440000057220459,2.359999895095825,2.380000114440918,5000
2026-05-13,2.3499999046325684,2.3499999046325684,2.200000047683716,2.319999933242798,20000
2026-05-14,2.299999952316284,2.319999933242798,2.299999952316284,2.319999933242798,22800
2026-05-15,2.319999933242798,2.369999885559082,2.319999933242798,2.3499999046325684,2100
2026-05-18,2.319999933242798,2.4800000190734863,2.240000009536743,2.390000104904175,400600
2026-05-19,2.4100000858306885,2.549999952316284,2.390000104904175,2.490000009536743,193600
2026-05-20,2.4100000858306885,2.430000066757202,2.359999895095825,2.390000104904175,68100
2026-05-21,2.359999895095825,2.4000000953674316,2.2799999713897705,2.369999885559082,32400
2026-05-22,2.359999895095825,2.4100000858306885,2.3299999237060547,2.359999895095825,37400
2026-05-26,2.380000114440918,2.4000000953674316,2.3499999046325684,2.369999885559082,26100
2026-05-27,2.369999885559082,2.390000104904175,2.299999952316284,2.3299999237060547,48700
2026-05-28,2.319999933242798,2.380000114440918,2.309999942779541,2.3399999141693115,23100
2026-05-29,2.359999895095825,2.4000000953674316,2.319999933242798,2.3499999046325684,10500
2026-06-01,2.319999933242798,2.369999885559082,2.319999933242798,2.359999895095825,16600
2026-06-02,2.380000114440918,2.4000000953674316,2.3299999237060547,2.359999895095825,143500
2026-06-03,2.3399999141693115,2.440000057220459,2.3399999141693115,2.359999895095825,37100
2026-06-04,2.4000000953674316,2.4000000953674316,2.3399999141693115,2.390000104904175,21800
2026-06-05,2.359999895095825,2.4000000953674316,2.319999933242798,2.319999933242798,25700
2026-06-08,2.3299999237060547,2.3499999046325684,2.2899999618530273,2.2899999618530273,12200
2026-06-09,2.2699999809265137,2.380000114440918,2.2699999809265137,2.319999933242798,8000
2026-06-10,2.2899999618530273,2.3299999237060547,2.2899999618530273,2.309999942779541,11900
2026-06-11,2.3299999237060547,2.3299999237060547,2.299999952316284,2.299999952316284,4800
2026-06-12,2.299999952316284,2.3399999141693115,2.2899999618530273,2.309999942779541,33100
2026-06-15,2.3299999237060547,2.390000104904175,2.2899999618530273,2.309999942779541,108600
2026-06-16,2.309999942779541,2.390000104904175,2.2899999618530273,2.2899999618530273,129800
2026-06-17,2.2899999618530273,2.3399999141693115,2.2899999618530273,2.299999952316284,34500
2026-06-18,2.3299999237060547,2.3499999046325684,2.2699999809265137,2.3499999046325684,36400
2026-06-22,2.3299999237060547,2.390000104904175,2.299999952316284,2.359999895095825,55500
2026-06-23,2.359999895095825,2.4000000953674316,2.359999895095825,2.359999895095825,33200
2026-06-24,2.390000104904175,2.390000104904175,2.309999942779541,2.309999942779541,6500
2026-06-25,2.309999942779541,2.380000114440918,2.309999942779541,2.3399999141693115,11200
2026-06-26,2.3399999141693115,2.390000104904175,2.3399999141693115,2.359999895095825,29200
2026-06-29,2.369999885559082,2.4100000858306885,2.359999895095825,2.359999895095825,13700
2026-06-30,2.359999895095825,2.369999885559082,2.2899999618530273,2.3299999237060547,34400
2026-07-01,2.359999895095825,2.4000000953674316,2.299999952316284,2.369999885559082,10700
2026-07-02,2.380000114440918,2.4000000953674316,2.3399999141693115,2.390000104904175,72900
2026-07-06,2.390000104904175,2.4000000953674316,2.309999942779541,2.309999942779541,4500
2026-07-07,2.3499999046325684,2.359999895095825,2.309999942779541,2.309999942779541,10900
2026-07-08,2.390000104904175,2.4000000953674316,2.3299999237060547,2.369999885559082,135600
2026-07-09,2.380000114440918,2.4200000762939453,2.359999895095825,2.390000104904175,18800
2026-07-10,2.4200000762939453,2.4200000762939453,2.380000114440918,2.390000104904175,1900
2026-07-13,2.4100000858306885,2.440000057220459,2.4000000953674316,2.4100000858306885,18900
2026-07-14,2.3399999141693115,2.4200000762939453,2.3399999141693115,2.390000104904175,4600
2026-07-15,2.4000000953674316,2.440000057220459,2.4000000953674316,2.4100000858306885,2000
2026-07-16,2.390000104904175,2.450000047683716,2.3399999141693115,2.3399999141693115,13800
2026-07-17,2.3399999141693115,2.4000000953674316,2.3399999141693115,2.4000000953674316,5500
